close,MACD,MACDandSIG,RSI,Bollinger,Fibonacci,Percent
1778.0,5.006134605284387,-1.2248975834797644,17.880583094083647,0.0,-1,0.003588301462317256
1784.38,3.591728786742806,-0.8797678006737817,19.930061994097827,0.0,-1,-0.003855680964816921
1777.5,2.0118818119101434,-0.8198715918354815,14.963344856268748,0.0,-1,0.006469760900140731
1789.0,2.012634840167948,-0.27303952119255914,19.046386105443915,0.0,-1,0.002291783119060975
1793.1,2.1869584509495326,-0.03290530347032483,20.412277511407154,0.0,-1,0.00337404495008653
1799.15,2.596040385427841,0.12539221033599457,22.408500803490654,0.0,-1,-0.002023177611650051
1795.51,2.280911320548057,-0.06324561818126329,19.283632416862304,0.0,-1,0.0002756876876208736
1796.005,1.9745208447291134,-0.1232120313334022,19.482631266479615,0.0,-1,-0.009651977583581384
1778.67,0.21219886975882218,-0.6285113354345645,5.49328856357112,0.0,-1,-0.008124047743538698
1764.22,-1.8908120235396382,-0.910507409577675,-3.22847103322308,0.0,-1,0.005753250728367076
1774.37,-1.9389164682270348,-0.31953728475502396,2.5873801941276966,0.0,-1,-0.004435377063408352
1766.5,-2.45722565155188,-0.279282156026623,-1.936878701175715,0.0,-1,0.006108123407868593
1777.29,-1.6124447722515924,0.188499574424555,4.081234100814392,0.0,-1,-0.0027738860849946256
1772.36,-1.4665172682471166,0.11147569280967695,1.0766141713493909,0.0,-1,0.011081270170845814
1792.0,0.3653229227754764,0.6477719612774233,10.733144862825142,0.0,-1,-0.005468750000000022
1782.2,0.43413277472222944,0.23886060440805887,4.742527913309658,0.0,-1,-0.0029177421164853223
1777.0,-0.0009733638644320308,-0.06541517805953422,1.7339832880555193,0.0,-1,0.004724254361283098
1785.395,0.4811380138307868,0.1388987332118949,6.065247171639854,0.0,-1,0.0003080550802483373
1785.945,0.7279322015260732,0.1285643069690604,6.350383854929063,0.0,-1,-0.002320900139701987
1781.8,0.445251611913136,-0.051372094214625574,3.4458386608114395,0.0,-1,-0.0027780895723426013
1776.85,-0.14569298388619245,-0.21410556333798467,0.024454977606424677,0.0,-1,-0.004181557250189871
1769.42,-1.0481908664619368,-0.37220114863790965,-4.801196244758195,0.0,-1,-0.00010455403465547963
1769.235,-1.427507235544681,-0.25050583924021796,-4.921501171878923,0.0,-1,0.001721082840888899
1772.28,-1.2444564837906,-0.022485029162045755,-2.372148475687993,0.0,-1,0.007685015911707005
1785.9,0.08577359906894344,0.435915017899166,7.445001110409201,0.0,-1,0.0007251245870427692
1787.195,0.8516575072428623,0.40059964202436166,8.271361299871586,0.0,-1,-0.004809212201242752
1778.6,0.4473780023929521,-0.0012266209418494989,0.9720114680249594,0.0,-1,0.0007871359496234298
1780.0,0.3246234164350881,-0.04132706896657118,2.058879560942785,0.0,-1,0.00853651685393264
1795.195,1.5024441720868253,0.3788312288950555,12.171836909798841,0.0,-1,0.0066510880433601205
1807.135,2.9611508689054062,0.6125126419045457,18.055264414858158,-6.596453865623062,-1,-0.0012312306496193859
1804.91,3.258324978239216,0.30322891707945177,15.932044988478623,-0.37488936436238873,-1,-0.005490578477597263
1795.0,2.309551618052865,-0.21518148103563295,7.113919968422863,0.0,-1,-0.0027855153203342198
1790.0,1.226035636455208,-0.4328991542110967,3.130317804516899,0.0,-1,0.0012849162011172588
1792.3,0.7737746759516995,-0.2950533715715351,4.74366806777725,0.0,-1,-0.0015427104837358874
1789.535,0.25274630603735204,-0.2720272471619609,2.3372432964403203,0.0,-1,0.002008901753807635
1793.13,0.27075326224371565,-0.08467343031853247,5.183275178193512,0.0,-1,0.0006636440191172266
1794.32,0.35636063515994465,0.0003113141992321933,6.14637577419456,0.0,-1,0.014303468723527502
1819.985,2.508217602021432,0.7173894270202399,21.053171996033456,-5.8698393927252255,-1,-0.005601694519460243
1809.79,2.525544618617232,0.24490548120534683,11.783677874762013,0.0,-1,0.00177368644980902
1813.0,2.5912460753636424,0.10353564598391918,13.45174859463004,0.0,-1,0.005460562603419872
1822.9,3.2331596307899417,0.2484830671367395,18.207107158193296,0.0,-1,-0.0022875637720116693
1818.73,2.93718643927059,-0.015830041460870525,14.292099425964395,0.0,-1,0.003978050617738704
1825.965,3.147350973571747,0.06477816428009531,17.849632205096597,0.0,-1,-0.0028587623530571538
1820.745,2.5551539929247156,-0.17580627212231192,12.831399624446348,0.0,-1,0.0001400525609023262
1821.0,2.0673760031907022,-0.2211947539521084,12.980016005825924,0.0,-1,-0.002086765513454103
1817.2,1.3345390080578454,-0.31801058302832175,9.069325951726249,0.0,-1,0.002520360994937132
1821.78,1.2385755931532003,-0.13799133264432228,12.211629707685631,0.0,-1,-0.0004254081173357127
1821.005,1.0227959196047323,-0.11792366873093019,11.326431195769423,0.0,-1,-0.0026770931436211898
1816.13,0.4234230895301607,-0.23909883293516732,5.779252052751879,0.0,-1,0.010373706728042498
1834.97,1.6584514170322109,0.331976498188961,18.150035831365244,0.0,-1,-0.0035858896875697877
1828.39,1.5894279626970729,0.087651014617941,11.47612911556589,0.0,-1,0.0033800228616431838
1834.57,1.9374639053046394,0.14522898574183585,15.04807757229726,0.0,-1,-0.002109486146617434
1830.7,1.6275265511665111,-0.05490278946543081,11.105881177115663,0.0,-1,0.0022395804883377224
1834.8,1.6785973281669158,-0.001277337488342134,13.69582723021312,0.0,-1,0.0017931109657727262
1838.09,1.8384162726531486,0.052847202332630294,15.730453601810083,0.0,-1,-0.0016810928735806474
1835.0,1.5076243888418048,-0.09264822715957122,12.098586796816925,0.0,-1,-0.0020136239782015952
1831.305,0.9086764145326924,-0.23053206715622787,7.8514979526685735,0.0,-1,0.0009255694709509044
1833.0,0.6747293928337967,-0.15482636295170782,9.271284614377443,0.0,-1,-0.0005455537370431252
1832.0,0.41819509924812337,-0.13712021884579373,7.990761139747974,0.0,-1,0.005603165938864674
1842.265,1.1104950275180272,0.1850599031413701,16.295830730491787,0.0,-1,-3.528265477559245e-05
1842.2,1.358687072693101,0.14441731610548136,16.203744878012216,0.0,-1,-0.014330691564433895
1815.8,-0.830440827443681,-0.6815701946771001,-9.305242596817699,0.0,-1,-0.00015970921907693114
1815.51,-1.8799680418919706,-0.5770324697084632,-9.495728591564891,0.0,-1,0.008705542795137466
1831.315,-0.9309843122916845,0.12398375329727429,3.643956122525097,0.0,-1,-0.009998279924535058
1813.005,-1.90474375480062,-0.28325856307055375,-8.230415722756497,0.0,-1,-0.0007087680398013552
1811.72,-2.3399781631551377,-0.23949765714169047,-8.939160616838052,0.0,-1,-0.0037726580266266296
1804.885,-2.932180520402653,-0.27723333812973516,-12.681528830697033,0.5667926341043312,-1,0.003501608135698442
1811.205,-2.457266655659623,0.06589350887109813,-7.314665853485629,0.0,-1,0.00043893430064523287
1812.0,-1.9487875019829062,0.1914575541826049,-6.636887265923555,0.0,-1,-0.003617549668874176
1805.445,-2.078398966646091,0.020615363173139833,-10.87558981508451,0.0,-1,-0.008554677655647214
1790.0,-3.2570881184237805,-0.3860245962015165,-18.847729561281177,3.9244421124476503,-1,-0.00705307262569832
1777.375,-4.627092017777386,-0.5853428318517073,-23.7126417726234,7.780053283053121,-1,-0.007665799282649988
1763.75,-6.061919632639274,-0.6733901489045317,-27.858825740868337,10.313270268733504,-1,-0.006987951807228887
1751.425,-7.301256804017157,-0.6375757734274714,-30.88855039949137,10.322031836303495,-1,-0.01464236264755836
1725.78,-9.44957065603785,-0.9286298751493884,-35.48154697302646,18.67700456232501,-1,0.0018629257495161866
1728.995,-9.468346694045067,-0.31580197105220265,-32.71262905524045,2.585968337888062,-1,-0.002310590834559867
1725.0,-9.021622488545063,0.043640744815933274,-33.45267519439797,0.0,-1,-0.039478260869565185
1656.9,-13.72145851174946,-1.5520650927961555,-40.861907530886754,33.9565055784235,-1,0.0009535880258313423
1658.48,-14.796254980705953,-0.8756205205842154,-39.82507060768877,10.22703370866816,-1,-0.0006481838792147254
1657.405,-14.190215300125374,-0.08986028000121138,-39.912094494768134,0.0,-1,0.0027663727332789545
1661.99,-12.322594184824538,0.5925869450998746,-36.40975521479554,0.0,-1,-0.011678770630388913
1642.58,-11.97940077843873,0.31192678382856087,-38.514230716717705,0.0,-1,-0.006745485760206504
1631.5,-11.732854010376059,0.18615785063041024,-39.541442729775156,0.0,-1,0.003980999080600567
1637.995,-10.09059279214648,0.6094730229533294,-34.61273977328931,0.0,-1,-0.037973253886611213
1575.795,-13.611912783686194,-0.9706156561954611,-40.2962519017464,0.0,-1,0.005647942784435811
1584.695,-13.496580047482212,-0.28509430666382585,-35.28784346656461,0.0,-1,-0.007695487144213864
1572.5,-13.33044867542344,-0.03965431153501875,-36.43348220919856,0.0,-1,0.0005691573926867033
1573.395,-12.061928933108675,0.4096218102599156,-35.88809737345985,0.0,-1,-0.016817137463891796
1546.935,-12.627508317525553,-0.05198585805232092,-38.31093873088641,0.0,-1,0.018158487589976513
1575.025,-9.517172316606775,1.0194500476221524,-23.43848842639065,0.0,-1,-0.005730067776702041
1566.0,-7.920989956430276,0.8718774692662166,-24.944813243694835,0.0,-1,-0.007768199233716411
1553.835,-7.476566279972758,0.4387670485745785,-26.90628492106959,0.0,-1,-0.0019403604629836257
1550.82,-6.882557251746448,0.3442586922669628,-27.393642454057208,0.0,-1,-0.001492758669606964
1548.505,-6.204922966654294,0.34063099245303885,-27.79345466139461,0.0,-1,-0.001504677091775708
1546.175,-5.543195576887001,0.33411946074011034,-28.2241430167346,0.0,-1,0.0037059194463757716
1551.905,-4.272898917262864,0.5348053734547493,-24.287258703712478,0.0,-1,0.0018332307712134455
1554.75,-3.044592344345574,0.5877039821240131,-22.28039672053027,0.0,-1,-0.004084257919279577
1548.4,-2.7058896958581045,0.3088022102038277,-24.020905161664093,0.0,-1,-0.01847390855076214
1519.795,-4.694797563626253,-0.5600352191881068,-30.233190744330656,0.0,-1,-0.005326376254692233
1511.7,-5.972601700541418,-0.6126131187010904,-31.615518932630234,0.0,-1,6.6150691273580975e-06
1511.71,-6.112953627287197,-0.2509883484822897,-31.607685604994952,0.0,-1,0.010511275310740809
1527.6,-4.349550121719403,0.5041383856951684,-19.78265154134022,0.0,-1,0.005829405603561266
1536.505,-2.3633025254589484,0.8301286606518747,-14.007422713271254,0.0,-1,0.0005499493981468984
1537.35,-1.102820183540416,0.6968703341901357,-13.453742192439158,0.0,-1,9.757049468239742e-05
1537.5,-0.3681773306195737,0.477171062370326,-13.345664058356924,0.0,-1,0.020852032520325192
1569.56,2.7014922067257885,1.1822801999052295,4.897823000339571,0.0,-1,-0.0030645531231682233
1564.75,3.6103692915046395,0.6970524282280266,2.3829284352183464,0.0,-1,-0.000952228790541576
1563.26,3.639777059602011,0.24215339877513253,1.5698006621955756,0.0,-1,-0.004772078860842077
1555.8,2.7294995220172495,-0.22270804626987628,-2.5294400856621735,0.0,-1,-0.014989073145648457
1532.48,0.10356912639008442,-0.9495461472990139,-12.800074148866784,0.0,-1,-0.007752140321570344
1520.6,-2.2080268319562038,-1.0870473685484343,-16.858773346086444,0.0,-1,-0.0010522162304352767
1519.0,-3.313155908466115,-0.7307254816861151,-17.391176903484208,0.0,-1,0.01946346280447675
1548.565,-1.1258741210156131,0.48551876858812903,-0.6766045521178583,0.0,-1,-0.0023247328978764914
1544.965,-0.23841038387240587,0.45766083524377876,-2.27797996205571,0.0,-1,0.0145602003928893
1567.46,2.0997723500217944,0.9319478563793264,7.338521088373774,0.0,-1,-0.00047848110956583145
1566.71,3.0313826878004875,0.6211860647193399,6.950434988845508,0.0,-1,-0.00404988798182182
1560.365,2.7158226327064767,0.10187533654177638,3.5438513209495,0.0,-1,0.00572622431290104
1569.3,3.0763073857672225,0.1541200298675074,7.5197013702858015,0.0,-1,0.0008283948257183926
1570.6,3.1085241468169897,0.06211226363909139,8.09941454544257,0.0,-1,0.014134725582579888
1592.8,4.715588848440348,0.5563923217541502,16.717466376724147,-0.023180067355269784,-1,-0.0022319186338524144
1589.245,4.829905461882163,0.2235696450653215,14.362074539197394,0.0,-1,0.00110115180478787
1590.995,4.630404980112644,0.008023054431934185,15.0372019423733,0.0,-1,-0.021144001081084385
1557.355,1.3414543242186028,-1.0936425338207023,-3.6976966280733734,0.0,-1,0.02059581790921139
1589.43,2.2581078025866645,-0.0589963518175467,8.858049888712202,0.0,-1,0.0009814839282007437
1590.99,2.658258891555306,0.1137182457170316,9.371423933552649,0.0,-1,0.00033312591531053926
1591.52,2.6809795284098072,0.04547962752384427,9.561903546637517,0.0,-1,0.03391726148587515
1645.5,6.967258219469613,1.4439194395278836,23.579476358673233,-18.553447873092864,-1,0.01488909146156181
1670.0,10.571459380043734,1.6827068667006682,27.510861798181224,-22.262187233448003,-1,-0.0019760479041915913
1666.7,11.217605011993783,0.7762841662169055,25.822339764919704,-3.158245854619963,-1,0.0017999640007200224
1669.7,10.85587741030281,0.13818552150864427,26.342899399146802,0.0,-1,0.0010750434209736426
1671.495,9.919940491932039,-0.2659171322873757,26.676745310614564,0.0,-1,-0.0005952754869142929
1670.5,8.542393658419087,-0.5478213219334425,26.01604285414706,0.0,-1,-0.0008979347500748247
1669.0,7.016754103460926,-0.6911536256305348,24.93448526596798,0.0,-1,-0.0006680647094068348
1667.885,5.576288150693472,-0.710539859465996,24.064136231415546,0.0,-1,-0.002407240307335412
1663.87,4.056781161752042,-0.7433489494691417,20.77515984697962,0.0,-1,-0.004152968681447433
1656.96,2.3831292371353356,-0.805666958028616,15.235456755231027,0.0,-1,0.003503403823870155
1662.765,1.8314591717323765,-0.45244567447719186,17.602462430636322,0.0,-1,-0.0045135662586114345
1655.26,0.7775858747197617,-0.5021063238299357,11.579566465228595,0.0,-1,-0.011031499583147086
1637.0,-1.3358162633464872,-0.8718361539653949,-0.37316121234083965,0.0,-1,-0.0030543677458766405
1632.0,-2.6978659771007187,-0.7446286225732088,-3.140454511584231,0.0,-1,-0.0020465686274508954
1628.66,-3.4324020025528625,-0.49305488267511777,-5.002790824902661,0.0,-1,0.0019279653211841108
1631.8,-3.25196984839954,-0.10420757617393184,-2.810389372576367,0.0,-1,-0.002408383380316237
1627.87,-3.218256283956407,-0.023498003910266352,-5.288793572532988,0.0,-1,-0.004244810703557311
1620.96,-3.5090448114049195,-0.10476217711959279,-9.449481491335945,0.0,-1,0.0038495706248149464
1627.2,-2.8420186741786893,0.18742132003554568,-4.372644251837428,0.0,-1,-0.0022584808259586975
1623.525,-2.577920716050585,0.1505064260545499,-6.787466365041297,0.0,-1,-0.004634976363160459
1616.0,-2.858128343982571,-0.043233733959145315,-11.431537097934125,0.0,-1,0.006129331683168315
1625.905,-1.9346381292832575,0.2934188269133893,-3.0873238541277743,0.0,-1,-0.022944144953118473
1588.6,-4.420423177826706,-0.7307887405433533,-20.08908139007797,6.6162883349481945,-1,-0.005520584162155395
1579.83,-6.025780437279536,-0.7787153333320616,-22.675756024597227,5.093267402996162,-1,0.002408486989106562
1583.635,-6.009227363899299,-0.25405408665060847,-19.76720982679928,0.0,-1,-0.009806552646285271
1568.105,-6.794348546884294,-0.34639175654520127,-24.411374869686277,0.2270024973006457,-1,0.0016612407970129084
1570.71,-6.403630092803041,0.014775565845350336,-22.34026437497125,0.0,-1,0.0015852703554444236
1573.2,-5.467135024695381,0.31709021131767035,-20.263241721302894,0.0,-1,0.013923849478769457
1595.105,-2.7178762385838127,1.022116332476413,-4.86536563117118,0.0,-1,-0.0032944539701148523
1589.85,-1.5546738256459776,0.7284395818047495,-7.356366034647927,0.0,-1,0.007642230399094396
1602.0,0.16898353296005553,0.8173656468035942,-0.23402313454844403,0.0,-1,-0.009884519350811471
1586.165,-0.30285308215025,0.11517634389776293,-7.8190465163552645,0.0,-1,-0.0038898853524066412
1579.995,-1.0277002995262592,-0.20322362449274878,-10.430089635750228,0.0,-1,0.01307599074680632
1600.655,0.4171844500795032,0.41388704170433793,0.8819604537687624,0.0,-1,-0.0017836448204016087
1597.8,0.8669447873758145,0.2878824596668831,-0.5396434577048197,0.0,-1,0.019526849417949688
1629.0,3.619579557076122,1.0135057431223973,12.262746132568125,0.0,-1,-0.003075506445672227
1623.99,4.2767653121698,0.5568971660720252,9.570405271439519,0.0,-1,0.0027771106964944448
1628.5,4.6247944137026025,0.30164208920160895,11.24653865472147,0.0,-1,-0.0007552962849247669
1627.27,4.310909429993671,-0.004080964835774026,10.486641671301712,0.0,-1,0.0038254254057408232
1633.495,4.313474485639745,-0.0005053030632335975,13.063666975712266,0.0,-1,-0.005387221877018233
1624.695,3.221967472992901,-0.36400410523669224,7.203644936753605,0.0,-1,0.0013110152982560574
1626.825,2.5852166772533565,-0.33358496699207896,8.247070337761784,0.0,-1,-0.0002643185345688748
1626.395,2.0155732229459318,-0.3010761404331679,7.930254849685923,0.0,-1,0.014424540163982424
1649.855,3.5177870605466524,0.4003792323891844,18.362025543673,0.0,-1,-0.002342630109918753
1645.99,3.6536617243014007,0.17875129871464424,15.393755486982585,0.0,-1,-0.0028858012503113484
1641.24,3.0212939124869536,-0.15120550436660096,11.733503258095901,0.0,-1,0.0021690916624015344
1644.8,2.7500021805392407,-0.14083241210477127,13.437708963395714,0.0,-1,-0.004134241245136172
1638.0,1.818522799520224,-0.357437264374596,7.959433715445606,0.0,-1,0.0008547008547008517
1639.4,1.3179062090507614,-0.28601795161468613,8.77384871728598,0.0,-1,-0.01769549835305595
1610.39,-1.4597276036047333,-1.0212172547567273,-9.354748690307503,0.0,-1,0.0025521768018925695
1614.5,-2.3844005429652952,-0.648630064705763,-6.606246933672786,0.0,-1,-0.001310003096934076
1612.385,-2.8242869673986206,-0.3628388297130294,-7.725542119301153,0.0,-1,0.0011876816020988112
1614.3,-2.6492895989988483,-0.06261382043775221,-6.265466845613069,0.0,-1,-0.002353961469367505
1610.5,-2.6576834482154936,-0.023669223218132363,-8.575593695186171,0.0,-1,0.0009220738900961312
1611.985,-2.3166567521393517,0.10578582428600303,-7.262244987604902,0.0,-1,6.2035316705788546e-06
1611.995,-1.952255341423097,0.15672907833408578,-7.252640152630633,0.0,-1,-0.027416338140006546
1567.8,-5.290283357613134,-1.0604329792853173,-26.559680215620656,18.98556033170098,-1,0.006719607092741553
1578.335,-5.640523752573699,-0.4702244580819608,-18.379696117933225,0.8088554328701321,-1,-0.0019229124362065697
1575.3,-5.59851697067279,-0.1427392253936839,-19.42536754158925,0.0,-1,0.0061067733130197865
1584.92,-4.3093038321660515,0.38215797103768523,-12.18308697225266,0.0,-1,-0.003981273502763671
1578.61,-3.8314219435656014,0.2866799532127118,-14.855058125273573,0.0,-1,-0.007041004427946085
1567.495,-4.199445837301482,-0.027114646841056356,-19.124726132186005,0.0,-1,-0.0015917116163048917
1565.0,-4.241420631060919,-0.023029813533497645,-20.03274894069888,0.0,-1,0.006198083067092686
1574.7,-3.1006229753525076,0.37258928072497133,-12.138587707787025,0.0,-1,0.0026449482441099903
1578.865,-1.9247555662186642,0.5161522299529384,-8.96743041605253,0.0,-1,0.003920537854724682
1585.055,-0.660592231133478,0.5934385216793749,-4.384291563911013,0.0,-1,0.00614489718022404
1594.795,0.8382054556702769,0.6974120694943765,2.121724213837318,0.0,-1,0.022767816553224574
1631.105,4.543587177766312,1.4675979305301374,17.985660704572865,0.0,-1,0.003503759721170674
1636.82,6.493895774000521,1.1393021755881154,19.73914214106776,0.0,-1,0.0014998594836330703
1639.275,7.132475424284166,0.592627275290587,20.51008623200501,0.0,-1,-0.0023028472952982826
1635.5,6.542808964069081,0.0009869383585003888,17.568971887054587,0.0,-1,-0.004524610210944746
1628.1,5.086074986955509,-0.48524901291835754,11.941484534037237,0.0,-1,0.002149745101652334
1631.6,4.225535082819306,-0.44859630568485365,13.53739571080964,0.0,-1,0.007409904388330668
1643.69,4.450637207182808,-0.07449806044045015,18.59225805674896,0.0,-1,-0.004289129945427628
1636.64,3.6048018354326814,-0.30677781073019217,12.938964360314088,0.0,-1,-0.006195620295239124
1626.5,2.0364839966048294,-0.6250318831860149,5.613830198907046,0.0,-1,-0.0006148170919151319
1625.5,0.9992847441405956,-0.5540770452167496,4.913513060424421,0.0,-1,-0.0026607197785296632
1621.175,0.03699472256334957,-0.505455688931332,1.7800946520223206,0.0,-1,-0.0013447036871405693
1618.995,-0.6288998484387776,-0.39045008664448644,0.17659732152333163,0.0,-1,0.003962334658229372
1625.41,-0.37485547990331725,-0.04546857270300869,4.757486482863882,0.0,-1,0.002839283626900224
1630.025,0.16798799435628098,0.16579163385219653,7.854878966390984,0.0,-1,-0.003785218018128589
1623.855,-0.08875593471020693,-0.03031743173809713,2.5141916787101977,0.0,-1,-0.004421577049675052
1616.675,-0.8080649046842154,-0.24987546723736864,-3.0854643816918426,0.0,-1,0.000739171447569742
1617.87,-1.0007973142810442,-0.14753595894473248,-2.0589129462074425,0.0,-1,-0.00032450073244438826
1617.345,-1.0575137428893413,-0.06808412918434315,-2.5072261378493934,0.0,-1,0.006031489880019336
1627.1,-0.18482914528613037,0.2682001561396226,5.989562048804018,0.0,-1,-0.004640157335136119
1619.55,-0.36225108437724884,0.030259405682834695,-0.8501121604833344,0.0,-1,0.0011793399401067717
1621.46,-0.26160779689143965,0.04363423105621461,0.8380018621291043,0.0,-1,-0.0032439899843350606
1616.2,-0.6278188367407438,-0.10752560293102986,-3.850035860524244,0.0,-1,-0.003836158891226349
1610.0,-1.2752727869369664,-0.2516598510424175,-8.823055535632562,0.0,-1,-0.001118012422360204
1608.2,-1.6427270297904215,-0.2063713646319576,-10.206307683995526,0.0,-1,-0.014115159805994315
1585.5,-3.581226898734485,-0.7149570778586738,-22.94262239794586,11.891979176244377,-1,0.005398927783033747
1594.06,-3.5387079249787803,-0.22414603470098982,-14.317520476588435,0.0,-1,0.01732682584093448
1621.68,-0.9208894443527242,0.7978908153083555,4.830861135253997,0.0,-1,-0.005636130432637776
1612.54,-0.2969060836769586,0.47395805866137375,-0.5790921124334147,0.0,-1,-0.005854118347451864
1603.1,-0.7468388963659436,0.008008415324129547,-5.605740949532752,0.0,-1,-0.001871374212463306
1600.1,-1.1595687280134825,-0.1349071387744698,-7.144878072002321,0.0,-1,-0.0008124492219235835
1598.8,-1.3776362498358594,-0.11765822019894889,-7.84850598817566,0.0,-1,-0.01426069552164122
1576.0,-3.271866989927503,-0.6706296534301974,-18.06596864600057,6.475375225518292,-1,0.005460025380710665
1584.605,-3.2292434441458227,-0.20933536921617257,-11.785524694321673,0.0,-1,0.00461313702783972
1591.915,-2.3296613842430816,0.23008223022885632,-6.835535362857911,0.0,-1,-0.0024593021612334676
1588.0,-2.011981905604671,0.18258723628908902,-8.799751347067378,0.0,-1,0.006608942065491119
1598.495,-0.8108936741518846,0.4612251559139584,-1.7812615038128996,0.0,-1,0.012148927585009739
1617.915,1.475558247753952,0.9158923592732651,8.422321395502088,0.0,-1,0.0013505035802250376
1620.1,2.6779043547273886,0.7060794887489008,9.421932646558787,0.0,-1,0.0020955496574286414
1623.495,3.3388353786535845,0.45567017089169903,11.039066896334134,0.0,-1,0.0006190348599781625
1624.5,3.4748146090621503,0.19721646710008844,11.543161523360482,0.0,-1,0.0030440135426283987
1629.445,3.6653196735112488,0.12924051051639562,14.083734186494553,0.0,-1,-0.0021970670995338226
1625.865,3.1567955662765144,-0.12642786557277974,10.850081105554125,0.0,-1,-0.0020696675308220502
1622.5,2.35905054880277,-0.3080576276821745,7.803856234636527,0.0,-1,-0.005673343605546943
1613.295,0.9965071609990446,-0.5568670051619669,0.1700436746674825,0.0,-1,-0.005212933778385276
1604.885,-0.4686401296528402,-0.674004765271284,-5.760862150581396,0.0,-1,-0.02543795972920182
1564.06,-4.564243764174307,-1.5898694665975839,-22.985768137999933,5.4732040827295805,-1,0.001010191424881457
1565.64,-6.100025267753836,-1.0418836567257044,-21.783876000279605,0.0,-1,0.0020151503538488047
1568.795,-6.096663913897601,-0.3461741009564898,-19.253591364971722,0.0,-1,-0.00943080517212258
1554.0,-6.819844577477852,-0.3564515881789134,-24.024299412968116,0.0,-1,-0.004060489060489059
1547.69,-7.138947861144743,-0.2251849572819351,-25.80345406336409,0.0,-1,-0.01239912385555253
1528.5,-8.302753847882968,-0.4629969813400532,-30.351109644075432,3.416006977248344,-1,-0.0022898266274125056
1525.0,-8.484427353928368,-0.2148901624618169,-31.072032401247288,0.0,-1,0.03852459016393439
1583.75,-2.9723951607904837,1.7657140102253557,1.8661046538351442,0.0,-1,0.005834254143646467
1592.99,0.8013205325109993,1.8464765678422799,5.056993556677078,0.0,-1,-0.00677970357629365
1582.19,1.7214016681193698,0.9221859011502169,0.69268688549883,0.0,-1,-0.00473394472218891
1574.7,1.4138254302467885,0.2048698877592119,-2.225508671046036,0.0,-1,-0.0004413539086809415
1574.005,1.0843018587900133,-0.04155122789918786,-2.507383086681827,0.0,-1,0.0023093954593536026
1577.64,1.1320982514957905,0.00208172160219644,-0.7667158393645224,0.0,-1,-0.0010395273953500705
1576.0,0.9249882602239268,-0.06834275655655575,-1.571525345270814,0.0,-1,-0.018343908629441685
1547.09,-1.664815757097358,-0.8860489246259471,-13.316801258744505,0.0,-1,0.013557711574633702
1568.065,-1.0730664526663531,-0.09809987339831405,-2.9620715847911185,0.0,-1,0.002187409322955247
1571.495,-0.4019362627288956,0.19101010551304787,-1.4337401471300169,0.0,-1,0.006811984766098567
1582.2,0.8592068541340723,0.48405107412533854,3.245017241578118,0.0,-1,0.0005467071166729287
1583.065,1.4902611747211267,0.3717017982374644,3.623777770554767,0.0,-1,0.014266628344382637
1605.65,3.5636832371210403,0.8150412868791261,12.448903711468361,0.0,-1,-0.0035188241522126074
1600.0,3.832587331894274,0.3613151272174533,9.311637986717926,0.0,-1,-0.016562500000000036
1573.5,1.4393237682897961,-0.6773161454623415,-2.994686367082302,0.0,-1,0.002453129965046097
1577.36,0.44441500579659987,-0.5574083026518459,-1.2729154277604664,0.0,-1,-0.0035914439316325764
1571.695,-0.5621572925995224,-0.5213268670159894,-3.7245932152354015,0.0,-1,0.004374258364377326
1578.57,-0.44568033408086194,-0.1349499694991097,-0.31118823271260254,0.0,-1,0.008507700006968433
1592.0,0.7688648396851931,0.3598650680889818,5.786070166963796,0.0,-1,0.00860552763819089
1605.7,2.453732023261182,0.6815774172216571,11.125954067456021,0.0,-1,0.0008096157439123619
1607.0,3.2000212797772747,0.47595555791258315,11.614738623207778,0.0,-1,-0.003282514001244574
1601.725,2.866914134720446,0.04761613761858463,8.309277930385925,0.0,-1,-0.007985141019837938
1588.935,1.395617717632149,-0.4745600931565708,0.9461206484372227,0.0,-1,0.0067560976377258886
1599.67,1.4382513659520555,-0.1439754816122214,6.114309179762003,0.0,-1,-0.015715741371657987
1574.53,-0.755286090384061,-0.7791709793161127,-5.959361180571598,0.0,-1,-0.00040647050230857573
1573.89,-1.8424476443535696,-0.6221108444285404,-6.225774757291617,0.0,-1,-0.0002541473673509653
1573.49,-2.265824450975515,-0.34849588368349527,-6.408895744916272,0.0,-1,-0.003489059352140833
1568.0,-2.746194150038491,-0.27628852758215716,-9.023038210809872,0.0,-1,-0.019607780612244774
1537.255,-5.3196128204001525,-0.9499023993146061,-20.158564276344315,11.690533195707076,-1,-0.008297257123899504
1524.5,-7.225937753880999,-0.952075777598484,-23.48055809765234,13.374809022026966,-1,0.009455559199737618
1538.915,-6.375688741131171,-0.03394225494955183,-14.468602618786626,0.0,-1,0.009409226630450629
1553.395,-4.212590172995533,0.709718771062029,-6.706319837178015,0.0,-1,0.0005568448462882625
1554.26,-2.707908374511362,0.7381335231820669,-6.256725647011592,0.0,-1,-0.013678535122823687
1533.0,-3.5015751107266624,-0.01851107101107763,-14.042228069369806,0.0,-1,-0.0012393998695369168
1531.1,-3.7649438862736133,-0.09395994885267633,-14.666692180518112,0.0,-1,-0.04820064006269997
1457.3,-9.73288295019097,-2.020633004256678,-29.803834272347935,33.68309234948515,-1,-0.0030638852672750794
1452.835,-12.277862236300507,-1.5218707634554054,-30.369188236076695,17.148836084491904,-1,-0.0011288274305066848
1451.195,-12.663863359663537,-0.6359572956061452,-30.590924254979132,1.1038242040040132,-1,-0.000823459287001338
1450.0,-11.90112530803981,0.042260252005860366,-30.76681008594142,0.0,-1,-0.009903448275861981
1435.64,-11.724662506557934,0.07290768449591134,-32.84276247465201,0.0,-1,0.0001218968543645893
1435.815,-10.644792563603687,0.3842592091500521,-32.72186214904328,0.0,-1,0.00166107750650335
1438.2,-9.019041545159553,0.6700034091980616,-30.933284138738006,0.0,-1,0.00393895146711154
1443.865,-6.982495907174325,0.902183015727763,-26.564276641836983,0.0,-1,-0.013176439625588343
1424.84,-6.96776509591723,0.30563794232828645,-30.493579093049973,0.0,-1,-0.007621908424805479
1413.98,-7.284752598962314,-0.0037831869055988676,-32.36852363316928,0.0,-1,3.536117908264913e-06
1413.985,-6.835766967237987,0.1484008149395759,-32.36447369463308,0.0,-1,0.007224263340841697
1424.2,-5.19037690410596,0.5979302926905339,-24.094588200660194,0.0,-1,0.017202640078640696
1448.7,-1.8934837971976322,1.2982744665329542,-8.453831627781362,0.0,-1,-0.0035549112997860233
1443.55,-0.5164135939771768,0.89178155658447,-10.405922934854011,0.0,-1,0.003837761075127233
1449.09,0.6768226404644793,0.695005930342042,-7.19389824233383,0.0,-1,0.003981809273406078
1454.86,1.697872204313171,0.5720184980635781,-3.8784807024184786,0.0,-1,0.0064301719753103725
1464.215,2.8464909692115725,0.5735457543206599,1.2159095831477345,0.0,-1,0.017743295895753075
1490.195,5.3485927708932195,1.0252158520007688,12.234478738736762,0.0,-1,0.014699418532474029
1512.1,7.97934427415953,1.2186557850890267,18.82995323101369,-0.8529912649614744,-1,-0.0078037166854043605
1500.3,7.646441336279395,0.29525094906963023,12.31597644615023,0.0,-1,0.0016663333999866747
1502.8,7.051119755982654,-0.10002354374237044,13.137220618910682,0.0,-1,0.04734828320468454
1573.955,12.095448986169231,1.6481018954814015,28.17722400562353,-36.66315013050121,-1,0.002865393229158464
1578.465,13.985492852415064,1.1793819205757448,28.786754699945533,-18.445408827285746,-1,-0.0016946843927486688
1575.79,13.54214038116993,0.2453431497768701,27.362715236837857,0.0,-1,-0.003801267935448216
1569.8,11.692785780449867,-0.5346704836477301,24.033384476978554,0.0,-1,-0.015951076570263734
1544.76,7.707042998385532,-1.5068044219040218,11.700162696608615,0.0,-1,0.0024049043217069244
1548.475,5.381501357488105,-1.277448687600483,12.723837738682377,0.0,-1,-0.002227998514667484
1545.025,3.482772090581875,-1.0587259848355712,11.04038768158847,0.0,-1,0.014070969725408888
1566.765,4.054843116246957,-0.16221831972349676,17.203415966346967,0.0,-1,-0.0022753890979183566
1563.2,3.705891702725694,-0.17038991108158674,15.320687174551324,0.0,-1,0.0009499744114636055
1564.685,3.3463416874046743,-0.17664664213420211,15.764598525703065,0.0,-1,-0.0067010292806538585
1554.2,2.0139548724605447,-0.503011152359444,9.763116928498086,0.0,-1,0.0009651267533135055
1555.7,1.3049318922833208,-0.4040113775122227,10.338446035616144,0.0,-1,-0.00013820145272236406
1555.485,0.8237594111710678,-0.2950612862081585,10.20135691609022,0.0,-1,-0.00031179985663631893
1555.0,0.4741098863505613,-0.21490360367622174,9.860470448609426,0.0,-1,0.003218649517684913
1560.005,0.6768593000779219,-0.004051396649620398,12.307706589341059,0.0,-1,0.0008301255444693734
1561.3,0.8297457319351906,0.04961167840254943,12.956988147108106,0.0,-1,-0.005876513162108465
1552.125,0.07246013686926744,-0.23589130555445792,5.439182152123209,0.0,-1,0.005035032616574009
1559.94,0.339028994597129,0.010225850724467855,9.963786114789364,0.0,-1,-0.0014359526648460852
1557.7,0.2573943405780028,-0.02380293443155279,8.085458402112131,0.0,-1,0.005360467355716603
1566.05,0.8909608185201705,0.20325451450353837,12.898991696526267,0.0,-1,0.0009258963634621864
1567.5,1.2543306559480243,0.18887478397713076,13.703268956984672,0.0,-1,0.00948325358851676
1582.365,2.5702380199995787,0.501594049342895,20.891132030818767,-2.7651620441779414,-1,0.0029196803518782843
1586.985,3.3990052003587152,0.44345374323401066,22.754351381222037,-4.432766207369696,-1,0.0029269337769419757
1591.63,3.9172216905083133,0.32055674446120275,24.572555425011217,-4.221738133406234,-1,-0.015726016724992742
1566.6,1.76406146137424,-0.6108678282242903,3.2829941725457488,0.0,-1,-0.0022979701263883268
1563.0,0.24047622502598642,-0.7114843548575147,0.9581160487197025,0.0,-1,0.004798464491362786
1570.5,0.08364392143312216,-0.28943888615012636,5.457023481331966,0.0,-1,-0.0012957656797198958
1568.465,-0.17132589048287628,-0.18146956602204162,3.964541674813603,0.0,-1,0.0267363313813187
1610.4,3.2100496944328825,1.066635339631239,21.516249652007346,-13.305837546488874,-1,-0.0015772478887233765
1607.86,4.421566679021225,0.7593841080731942,19.727114428648974,-3.5948104668909764,-1,0.0017663229385644907
1610.7,4.895527948063545,0.4111151257051713,20.639633644262318,0.0,-1,-0.004783634444651463
1602.995,4.08246458691292,-0.13398274514848474,14.755572959475387,0.0,-1,0.0028134835105537714
1607.505,3.7115608574281396,-0.1682954915444217,16.566780802015018,0.0,-1,0.0026718423892926335
1611.8,3.5747289212333726,-0.1017091425797294,18.2910452674015,0.0,-1,-0.0029159945402655874
1607.1,2.816752209699871,-0.2865619513710769,14.261389269108108,0.0,-1,0.018922282371974353
1637.51,4.737201169791433,0.5446290029068281,24.906350659826543,-2.8161364386187415,-1,0.0022534213531519853
1641.2,5.610158885687952,0.4725289062677822,25.87515996911533,0.0,-1,0.0014653911771873585
1643.605,5.779541169828917,0.21397039680291563,26.531319374591916,0.0,-1,0.005214148168203314
1652.175,6.096770547746928,0.17706659157364246,28.812918231747588,0.0,-1,-0.002523945707930353
1648.005,5.399821024393759,-0.17329431059317546,24.877295252890292,0.0,-1,-0.006249981037679042
1637.705,3.7430278440176608,-0.6100291636564243,15.852323663676273,0.0,-1,-0.002018067967063608
1634.4,2.3272956001615057,-0.6752538025041934,13.139098707725402,0.0,-1,-0.00531693587860993
1625.71,0.7013215115532603,-0.7670759637041464,6.355546555878377,0.0,-1,0.002854137576812521
1630.35,0.21655767461970754,-0.41727993354589976,8.970764624770169,0.0,-1,-0.0005857637930505311
1629.395,-0.12345405006544752,-0.252430552743685,8.173600628552649,0.0,-1,-0.005090846602573418
1621.1,-0.9744220749025772,-0.36779952586027154,1.4600587314639881,0.0,-1,0.0022824008389366046
1624.8,-1.0103709144125332,-0.13458278845674254,4.086164173787488,0.0,-1,-0.0046898079763662
1617.18,-1.5791477579664388,-0.23445321067021596,-1.8721098696576703,0.0,-1,0.0006307275627945863
1618.2,-1.646940533246152,-0.10074866198330978,-1.0359047895701252,0.0,-1,-0.008701025831170495
1604.12,-2.7169252097821754,-0.39024444617311094,-10.742402925299707,0.0,-1,0.0022192853402489554
1607.68,-2.728840447235143,-0.13405322787535967,-7.538018746221354,0.0,-1,0.0015332653264330531
1610.145,-2.3019780286920195,0.0976030635559213,-5.29385820858618,0.0,-1,0.014445903940328408
1633.405,0.04161801630380069,0.8137330361839139,10.754724305623242,0.0,-1,0.005460984875153452
1642.325,1.9532812041097714,0.9084654079966283,15.074091552605552,0.0,-1,0.0022285479427031074
1645.985,3.051339364337082,0.66884118940798,16.742842755978955,0.0,-1,0.006722418491055482
1657.05,4.268173497422595,0.6285584408311644,21.34235886288397,0.0,-1,0.0011798074892128696
1659.005,4.68382610584672,0.34807034975176343,22.09986500542732,0.0,-1,-0.004764904264905945
1651.1,3.8425835679047395,-0.1643907293967386,14.446417583820562,0.0,-1,-0.0004663557628247217
1650.33,3.037580334941822,-0.32313132078655205,13.714424866771282,0.0,-1,-0.0005453454763592047
1649.43,2.3069470238817757,-0.3512548772821993,12.78824444934741,0.0,-1,-0.003774031028900948
1643.205,1.2306347830283357,-0.4758557060452131,6.478715008160584,0.0,-1,0.00046251076402525904
1643.965,0.6532590973492916,-0.3510771305747524,7.0640060524446255,0.0,-1,-0.004236708202425166
1637.0,-0.2702836702692366,-0.42487329939776025,0.1908008014016218,0.0,-1,0.007941356139279154
1650.0,0.3738019184438599,0.07307076310511207,10.145976894660627,0.0,-1,-0.0021212121212120794
1646.5,0.37302788626334404,0.024098910308198718,6.752782589258331,0.0,-1,-0.003158214394169523
1641.3,-0.09177812034886301,-0.14690236543466945,1.9176339618238814,0.0,-1,-0.003594711509169457
1635.4,-0.8081996136259022,-0.2877746195705696,-3.117799012137631,0.0,-1,0.0025070319187965318
1639.5,-0.7573937257955095,-0.07898957724672562,0.5829376906617583,0.0,-1,-0.0005428484293992231
1638.61,-0.743041304730923,-0.02154571872737976,-0.2530089825558832,0.0,-1,-0.0032405514429912907
1633.3,-1.1164449854709346,-0.13164979982246383,-5.164960661236989,0.0,-1,0.005629706728708772
1642.495,-0.4438597437183489,0.18031181397670737,3.642010331660785,0.0,-1,-0.0010806730005264997
1640.72,-0.2184954775323149,0.13522536005424712,1.8659816717961206,0.0,-1,-0.005921180944950977
1631.005,-0.8971887213115224,-0.18115596124165345,-6.826838823181966,0.0,-1,0.0004537079898587759
1631.745,-1.1001029497583659,-0.12802339656283235,-6.032033262387934,0.0,-1,-0.0015627441787778862
1629.195,-1.3223848181687572,-0.11676842165774115,-8.26691155034753,0.0,-1,0.0004971780541924709
1630.005,-1.2558270175263715,-0.016736873671785224,-7.2400315691888295,0.0,-1,0.0012699347548013051
1632.075,-0.9453958657447856,0.09789809270326688,-4.512100317453111,0.0,-1,-0.010152719697317791
1615.505,-2.0922306343752552,-0.349645558642401,-18.05356433597385,5.372267387714373,-1,0.005255322639050819
1623.995,-1.7837954658259605,-0.013736796697702003,-8.191419831282147,0.0,-1,0.00258929368624905
1628.2,-1.130511592732546,0.21318235879857084,-3.893368344949941,0.0,-1,0.015845719199115482
1654.0,1.4403396432085174,0.9280111982465447,14.155400654565781,0.0,-1,-0.008618500604595014
1639.745,1.4178202909117772,0.3018306153166015,3.2146216937907894,0.0,-1,0.007748155963274828
1652.45,2.3471589238540673,0.4103897494196307,9.974205036431186,0.0,-1,-0.0031710490483827236
1647.21,2.179564996670706,0.08093194074542298,6.249896782226742,0.0,-1,0.004805094675238708
1655.125,2.5737209500230165,0.158362631365911,10.379240538940223,0.0,-1,-0.001646401329204683
1652.4,2.3292388475306325,-0.028706490375491,8.275178005727966,0.0,-1,0.0034132171387073473
1658.04,2.482894558990438,0.04164974036143798,11.370858569678767,0.0,-1,-0.0020687076306965535
1654.61,2.0669812014709805,-0.12475453905267297,8.440967001226639,0.0,-1,-0.004300106973848861
1647.495,1.093859422588821,-0.36595877264494425,2.6478984945997084,0.0,-1,0.0023399160543735587
1651.35,0.8373935812651325,-0.20747487132287756,5.314539060989013,0.0,-1,-0.0002725043146515338
1650.9,0.6018778621644287,-0.14766353014119382,4.9134419704973595,0.0,-1,0.032455024532073384
1704.48,4.898963514100615,1.3831407072649973,26.988525296283726,-22.142030612117424,-1,-0.00010560405519577376
1704.3,6.624259380560261,1.0361455245748816,26.84807729531994,-10.418422075036915,-1,-0.0005456785777152584
1703.37,6.857385698743428,0.4230906142526827,26.051613701905396,-0.4251480225273099,-1,0.0017201195277596337
1706.3,6.646666716273103,0.0707905439274521,26.89005748767414,0.0,-1,0.004509757955810878
1713.995,6.628668332015195,0.017597386556515104,29.03220311040981,0.0,-1,-0.00048133162582142397
1713.17,5.998530112218077,-0.2041802777468673,28.16905012847178,0.0,-1,-0.0050578751670878885
1704.505,4.461500159634625,-0.5804034101101063,19.332321144022686,0.0,-1,0.009023147482700278
1719.885,4.602860170040003,-0.14634779990157565,24.923136780765446,0.0,-1,0.00029071711189998517
1720.385,4.331635161072654,-0.13919093628964152,25.087191269421936,0.0,-1,-0.005571427325860245
1710.8,3.036303059833017,-0.47817434584309293,15.903765142873596,0.0,-1,0.0018120177694647133
1713.9,2.393945087560269,-0.3735107727052802,17.339229364736966,0.0,-1,-0.00033840947546537326
1713.32,1.8249373441271928,-0.31417283871278556,16.7549864544375,0.0,-1,-0.0025506035066420463
1708.95,1.0241886937335494,-0.3716404963688098,12.234671994746037,0.0,-1,-0.004359401971971155
1701.5,-0.08236802260785225,-0.4927324042367372,5.1594916092133545,0.0,-1,0.006406112253893648
1712.4,0.27955095443894606,-0.04360447572997961,12.1539404243006,0.0,-1,-0.00023359028264424708
1712.0,0.40388119675890266,0.026908588863325644,11.761124444368562,0.0,-1,-0.0025029205607477456
1707.715,0.07530621818909822,-0.10055546323549294,7.440125268711576,0.0,-1,0.004664127210922242
1715.68,0.5684932107217264,0.1308771764323784,12.813495776363617,0.0,-1,-0.0038934999533712933
1709.0,0.21104560609455802,-0.07552347606492998,6.201364341529967,0.0,-1,0.0029432416617904966
1714.03,0.4339013366063682,0.04911075148229338,9.74656239062304,0.0,-1,0.0005659177493977374
1715.0,0.5900040904784873,0.06840450178480417,10.432803046352426,0.0,-1,0.009446064139941646
1731.2,1.9688884598747336,0.4824296237270169,19.941841609878182,-5.486388347098909,-1,-0.004909889094269926
1722.7,1.7859232729165342,0.09982147892293924,11.346684461190648,0.0,-1,-0.0022058396702849814
1718.9,1.2289470733610415,-0.15238490687751782,7.817317179014715,0.0,-1,-0.0032811681889580724
1713.26,0.37804671746994245,-0.3344284209228723,2.8071577011443054,0.0,-1,-0.0006187035242752881
1712.2,-0.1672406869313363,-0.2932386084413837,1.8685545423185559,0.0,-1,0.004362808083167913
1719.67,0.1965523347787439,0.023518137756232155,7.748859891659521,0.0,-1,-0.0010292672431337913
1717.9,0.21456948440231827,0.013845095793268841,5.949261936375883,0.0,-1,-0.010588509226381104
1699.71,-1.3101360644859597,-0.5036201510316697,-8.734469492161345,0.0,-1,-0.0023592259856093367
1695.7,-2.297477500223067,-0.4969871955895926,-11.227000848089517,1.0698499367867953,-1,-0.003034145190776605
1690.555,-3.028441759739735,-0.40931715170208705,-14.301026082301064,2.2393683795421566,-1,8.577064928383393e-05
1690.7,-3.129470409519854,-0.17011526716073533,-14.141783512328473,0.0,-1,-0.0027799136452357764
1686.0,-3.3108622002832817,-0.11716901930805435,-17.078166101920537,0.0,-1,-0.0007858837485171799
1684.675,-3.2360695789745932,-0.014125465999788478,-17.90151517126936,0.0,-1,-0.0009942570525471872
1683.0,-3.068584136738991,0.051119992078604515,-18.990813351968367,0.0,-1,-0.002554961378490761
1678.7,-3.087459404226138,0.010748241530485814,-21.72757193202669,0.0,-1,-0.0004616667659499418
1677.925,-2.90419208761773,0.06467185271296438,-22.218582958059784,0.0,-1,-0.0036503419401939796
1671.8,-3.08095908867881,-0.03736504944937202,-25.89479715849578,0.0,-1,-7.177892092347093e-05
1671.68,-2.922595998486031,0.040332680247802344,-25.964034539093376,0.0,-1,-0.0026500287136294043
1667.25,-2.969031453515754,-0.002034258260640076,-28.497415344589836,0.0,-1,0.0029239766081872176
1672.125,-2.3385798932374655,0.20947243400588267,-19.535992926837974,0.0,-1,0.0005232862375719183
1673.0,-1.7555557886619226,0.2641655128604752,-17.988084302487792,0.0,-1,-0.012432755528989814
1652.2,-3.0510807539858433,-0.343786484154482,-29.840866308676603,0.0,-1,0.001873259895896373
1655.295,-3.186669840482182,-0.15979185688360698,-25.235279423704007,0.0,-1,0.0048390166103322585
1663.305,-2.3214085636900563,0.2351564733028395,-14.530998937802337,0.0,-1,-0.0021944261575598256
1659.655,-1.9994938783199814,0.18569038622430467,-16.91437782079965,0.0,-1,-0.005181799831892708
1651.055,-2.3885787124415856,-0.0677981492991,-21.863975899962888,0.0,-1,0.001704970458282551
1653.87,-2.1494895701321184,0.05709699767012255,-18.155714488138265,0.0,-1,0.0018925308518809025
1657.0,-1.589987534799775,0.205533011000822,-14.071156262249254,0.0,-1,0.004553409776705042
1664.545,-0.5489875559003394,0.41551099663341917,-5.209251599153134,0.0,-1,-0.0050734585126867016
1656.1,-0.6864886034588835,0.09266998302495832,-11.783076541540872,0.0,-1,0.0029587585290744567
1661.0,-0.28969841028333576,0.16315339206683538,-6.4424794375057814,0.0,-1,0.00021673690547863167
1661.36,-0.03716177950536803,0.13856334094826772,-6.046988551961022,0.0,-1,0.008568281408003253
1675.595,1.278453350842483,0.48472615709870615,7.1457918096024,0.0,-1,-0.0005968029267215957
1674.595,1.7463898034461636,0.317554203234129,6.114785377043276,0.0,-1,0.00012241765919518421
1674.8,1.8519088794607796,0.14102442641624835,6.294393355422756,0.0,-1,-0.007580009553379452
1662.105,0.692426010846475,-0.33948614739935223,-6.0751578362925045,0.0,-1,0.0012604498512429618
1664.2,0.22956574230215665,-0.2674488053145569,-3.9033885891703903,0.0,-1,0.0005858670832832313
1665.175,0.060255129504867,-0.14558647270394887,-2.8450477665589986,0.0,-1,0.0024652063596919405
1669.28,0.31266189564735214,0.03560676447951211,1.600416665103019,0.0,-1,-0.0016174638167353317
1666.58,0.18781012074782666,-0.029748336806671133,-1.3881509039801259,0.0,-1,-0.004920255853304245
1658.38,-0.573599943430736,-0.263719466995078,-9.335662202412841,0.0,-1,-0.0008321373870886495
1657.0,-1.02150498023434,-0.23720816793289412,-10.541940355690592,0.0,-1,-0.017537718768859345
1627.94,-3.581998750283219,-0.9325673126605913,-26.70822801165321,12.504952496605483,-1,0.002435593449390039
1631.905,-4.2333290727838175,-0.5279658783870631,-22.222312988268,3.2300692694045665,-1,0.0002481762112378494
1632.31,-4.172466811302229,-0.15570120563515832,-21.746126712567715,0.0,-1,-0.0038687504211822876
1625.995,-4.320580112952939,-0.10127150242862282,-24.64269874945198,0.18130179353715903,-1,0.005092266581385729
1634.275,-3.344588421032313,0.2915733964973346,-14.94309884050606,0.0,-1,-0.0012880329197962892
1632.17,-2.753293539986089,0.294289425847853,-16.184360515182725,0.0,-1,-0.0013233915584773825
1630.01,-2.4082049711305444,0.21312599823446599,-17.49649735099269,0.0,-1,-0.001907963754823494
1626.9,-2.294143605775389,0.10906245452987395,-19.39626333707863,0.0,-1,-0.00020283975659241005
1626.57,-2.073434289283341,0.10992392367397397,-19.60570978098048,0.0,-1,-0.008773062333622295
1612.3,-2.979460106930219,-0.2653672979909678,-27.126958838294815,0.0,-1,0.002604974260373316
1616.5,-2.834184673509526,-0.04003062152342496,-21.352762292281817,0.0,-1,-5.876894525214116e-05
1616.405,-2.5332815673400546,0.08695749488201532,-21.406562447788186,0.0,-1,-0.004519288173446712
1609.1,-2.780473216977043,-0.05341138491832442,-25.36016242392221,0.0,-1,0.00036977192219245225
1609.695,-2.6227796070472778,0.03476074167048049,-24.428793865888238,0.0,-1,-0.021727718605077273
1574.72,-5.239951168161724,-0.8608036064813218,-35.85032691445362,9.908703638465113,-1,0.006321758788863985
1584.675,-5.282291018038904,-0.3010478187861674,-25.224268638069304,0.0,-1,-0.0023159322889551026
1581.005,-5.169103358140774,-0.06262005296267859,-26.41979748899112,0.0,-1,-0.006230214325698036
1571.155,-5.502584248346693,-0.1320336477228663,-29.386135587281235,0.0,-1,-2.5458977631065416e-05
1571.115,-5.214109339420929,0.052147087067632825,-29.397829701819678,0.0,-1,0.0066099553501812736
1581.5,-3.7699461066729327,0.4987701066052095,-18.231800489530357,0.0,-1,0.0024502055011066393
1585.375,-2.410785648076171,0.6193101884006569,-14.472661172298892,0.0,-1,0.0029992903887092748
1590.13,-1.1340566147712252,0.6320130739018677,-9.968045058619722,0.0,-1,-0.006370548319948766
1580.0,-1.2453540468879964,0.17357188059503215,-15.649186823395965,0.0,-1,0.0018987341772152
1583.0,-0.9472232590389922,0.1572342228146788,-12.72027639159409,0.0,-1,-0.004491471888818599
1575.89,-1.3117225935279748,-0.06908837055810135,-16.63962182250583,0.0,-1,0.010505174853574717
1592.445,-0.005078711311853112,0.4125185038860068,-2.3899228052640638,0.0,-1,-0.013388217489457954
1571.125,-1.1280002109276666,-0.2368009985766023,-13.544472841126783,0.0,-1,-0.005171453576259033
1563.0,-2.2725442764917716,-0.46044835471356915,-16.834733616348835,0.0,-1,0.006865003198976316
1573.73,-1.761270952899622,0.016941656292860152,-9.018636417618822,0.0,-1,0.0023955824696739736
1577.5,-1.0446950450284476,0.24450585472134478,-6.4417951496788035,0.0,-1,-0.017923930269413635
1549.225,-2.9555991706738496,-0.5554660903080193,-18.06221937874664,0.8486829119501635,-1,0.007923316496958321
1561.5,-2.641834635940313,-0.08056718519149442,-10.302219964188268,0.0,-1,-0.014409221902017322
1539.0,-4.13979948224528,-0.526177343832154,-17.783171973162872,6.238816068176902,-1,0.007381416504223415
1550.36,-3.5971319485440745,0.005496729956350421,-11.302471688001617,0.0,-1,0.0010578188291752166
1552.0,-2.8893705193147525,0.2377527197285576,-10.376514108327669,0.0,-1,0.008392396907216604
1565.025,-1.2092922614240251,0.6392769925397617,-3.275332075526201,0.0,-1,0.0072043577578631
1576.3,0.671104555973443,0.8398912699790767,2.1389529539088485,0.0,-1,0.0020332424030959917
1579.505,1.8224609183412213,0.6637492107822851,3.6274397868410944,0.0,-1,0.008803390935767874
1593.41,3.405017356329836,0.7487685495903,9.673273785969897,0.0,-1,0.0024444430498113956
1597.305,4.237127462296712,0.526959551852392,11.245834750033843,0.0,-1,-0.010348681059659803
1580.775,2.9225885600887977,-0.2625264501185076,1.7330903330409768,0.0,-1,0.0038746817225727703
1586.9,2.532186728977422,-0.21764276040996133,4.6341022316735945,0.0,-1,-0.01677799483269271
1560.275,-0.0927797473264036,-0.9475364122379291,-7.657698052619303,0.0,-1,0.002467513739565108
1564.125,-1.0766980065345706,-0.6438182238153654,-5.646217058611072,0.0,-1,-0.003279789019419832
1558.995,-1.906432302260555,-0.49118417318045005,-7.8245892344358055,0.0,-1,-0.003781282172168554
1553.1,-2.6536800916019274,-0.4128106541739407,-10.313277951192632,0.0,-1,-0.0021891700470026976
1549.7,-3.089497311972309,-0.2828759581814406,-11.759347400662328,0.0,-1,-0.002394011744208613
1545.99,-3.3591144794932006,-0.1841643752341109,-13.377232105073574,0.0,-1,-0.000588619590036199
1545.08,-3.289830189962686,-0.0382933619011987,-13.794696498853632,0.0,-1,-0.005841121495327006
1536.055,-3.733118862700394,-0.1605273448796356,-17.835009503720748,0.0,-1,-0.0015526787777780937
1533.67,-3.8424199605110516,-0.08994281423009776,-18.85553158232983,0.0,-1,-0.004538134018400308
1526.71,-4.156868846040425,-0.13479723325315707,-21.760699619229257,0.0,-1,0.0022171859750705902
1530.095,-3.6856042183017053,0.11215579816185395,-18.3169940887083,0.0,-1,-0.0009770635156641783
1528.6,-3.2674215529070807,0.17677948785215936,-19.0459427383693,0.0,-1,-0.0018644511317544854
1525.75,-3.023545090801008,0.14021864998607736,-20.484356948683143,0.0,-1,0.004161887596264124
1532.1,-2.120478102181096,0.34776187953532967,-13.212344144282767,0.0,-1,0.011898701129169131
1550.33,0.02692856731050597,0.8317228496756439,2.4398585828454316,0.0,-1,-0.006018073571433136
1541.0,0.3208878547804943,0.37522737904854414,-4.032687449426199,0.0,-1,-0.0019467878001298011
1538.0,0.19112684395031465,0.08182212273945483,-5.974104912658056,0.0,-1,-0.0027405721716514675
1533.785,-0.24093089846041948,-0.11674520655709311,-8.697319534845278,0.0,-1,0.00027057247267370244
1534.2,-0.40229886146084937,-0.09270438985250767,-8.302797668227143,0.0,-1,0.007609829226958631
1545.875,0.523458728827336,0.277684400145226,1.8197174802650053,0.0,-1,-0.0025066709792188613
1542.0,0.6197992965692265,0.12467498929570547,-1.2985491550019717,0.0,-1,-0.027237354085603127
1500.0,-2.8836803609408435,-1.1262682227381215,-21.762227917551897,11.936761526905457,-1,0.00014333333333338416
1500.215,-4.377196826284035,-0.873261562693771,-21.591128835014032,5.824402927983101,-1,-0.01211159733771483
1482.045,-6.2733553234320425,-0.9231400199472599,-26.7879641855182,13.334484751136188,-1,-0.0037751890124794185
1476.45,-7.1649049617199125,-0.6048965527450436,-28.15517713098706,8.860508823161581,-1,0.011151749127975785
1492.915,-5.641521034053767,0.3061624583070337,-15.533783618801081,0.0,-1,-0.006507403301594494
1483.2,-5.2192856507163015,0.24279928054816668,-18.833496819826824,0.0,-1,0.0018878101402373115
1486.0,-4.339894154821195,0.374063592147758,-16.785919956333217,0.0,-1,-0.006493943472409169
1476.35,-4.3427072273052545,0.12375017322123316,-20.182475620786995,0.0,-1,-0.004975107528702449
1469.005,-4.594304827938458,-0.04261580913732388,-22.555960762804894,0.0,-1,0.004315846440277493
1475.345,-3.8089115592601956,0.2475924865136463,-17.409694619041943,0.0,-1,0.008343811108588062
1487.655,-2.072972294982719,0.6611772502637074,-8.463644702448185,0.0,-1,0.009575472807875629
1501.9,0.15482836173782744,0.9629926356614181,0.05822387151609121,0.0,-1,-0.00020640522005466178
1501.59,1.2299929932867144,0.6793857557367685,-0.1175899866094241,0.0,-1,-0.0010588775897547587
1500.0,1.5325758929539006,0.3273228851346517,-1.0964287603999665,0.0,-1,0.008696666666666797
1513.045,2.643236018374637,0.47932767018512923,6.656899341863124,0.0,-1,0.0004196834859504506
1513.68,3.031213079553936,0.289101577121476,7.009720818392005,0.0,-1,0.0013344960625758517
1515.7,3.1409338535140705,0.1329407836938703,8.212044213822423,0.0,-1,0.005146137098370307
1523.5,3.584049752701276,0.192018894293692,12.689053752011972,0.0,-1,-0.004345257630456123
1516.88,2.955270222902982,-0.14558687850153396,6.936646145800438,0.0,-1,-0.019892806286588405
1486.705,-0.11997539390472411,-1.0736108317697468,-11.128344879268035,0.0,-1,0.0022163105659831484
1490.0,-1.3730169194832342,-0.7755507857827524,-8.862399377365357,0.0,-1,-0.004697986577181235
1483.0,-2.468452938982182,-0.6236622684272335,-12.172313432591345,0.0,-1,0.00209372892784887
1486.105,-2.5517165371497867,-0.2356419555316127,-9.800903890979576,0.0,-1,-4.710299743282409e-05
1486.035,-2.386538624804416,-0.023488014395414147,-9.839275057725452,0.0,-1,0.00039030036304654736
1486.615,-2.056738116564702,0.10210416461476646,-9.318005097497952,0.0,-1,-0.006635880843392505
1476.75,-2.5425263527311017,-0.12789469051721092,-15.068670241767713,0.0,-1,0.014528525478246124
1498.205,-0.785626608086659,0.5430016847090773,1.498829665605193,0.0,-1,-0.004064864287597447
1492.115,-0.3492078517574555,0.3264734803460936,-2.329268987800198,0.0,-1,-0.0027544793799404443
1488.005,-0.4443978192796294,0.07709450427463993,-4.846149358530681,0.0,-1,-0.013712991555808074
1467.6,-2.155376318100707,-0.544627998182146,-15.030847047351806,0.0,-1,-0.007965385663668445
1455.91,-3.8054175410027256,-0.7315564070280551,-19.42128623977513,3.7890667102321913,-1,0.0010921004732433737
1457.5,-4.180820024037075,-0.3689862966874684,-18.128602055677252,0.0,-1,-0.01192795883361919
1440.115,-5.46886959688436,-0.5523452898449177,-24.008460209389142,4.667687425195027,-1,-0.0035205521781246363
1435.045,-6.079655250234509,-0.38771031439835557,-25.474591112329133,0.7457996713421835,-1,-0.0008954423032030423
1433.76,-5.985493472723192,-0.09784951229567973,-25.858090796170423,0.0,-1,0.01883509094967084
1460.765,-3.189204794573925,0.8994797219511961,-5.568408158965987,0.0,-1,-0.010367855199159504
1445.62,-2.7873767226180917,0.43376926463567633,-11.91586840580856,0.0,-1,-0.004555138971513828
1439.035,-2.902931293088841,0.10607156472164236,-14.374603899677552,0.0,-1,-0.010100518750412624
1424.5,-3.9300476372334288,-0.30701492647431516,-19.24437993538335,0.0,-1,-0.003538083538083492
1419.46,-4.536101839536286,-0.304356376259058,-20.783089211062446,0.0,-1,-0.0010285601566792923
1418.0,-4.58278712072638,-0.11701388581638383,-21.246118405403774,0.0,-1,-0.004947108603667205
1410.985,-4.808814167927494,-0.11434697767249968,-23.48912453190191,0.0,-1,-0.022774870037597816
1378.85,-7.199009844200873,-0.8348475513152929,-31.0236360406305,8.120485570071196,-1,-0.013304565398701618
1360.505,-9.322940195320825,-0.9862593008117493,-33.922039790138804,10.796225185425783,-1,0.006743819390593986
1369.68,-8.843410354604202,-0.1689098200317094,-27.35624773006592,0.0,-1,-0.006976082004555906
1360.125,-8.662944571362004,0.0038519877368301536,-29.2360143063858,0.0,-1,0.006800845510522846
1369.375,-7.079966298794261,0.5289434201015242,-22.740681258641587,0.0,-1,-0.002468279324509437
1365.995,-5.980146637610915,0.5429210270949572,-23.61870717550146,0.0,-1,0.0005893140165227351
1366.8,-4.864807920551584,0.5527532480514292,-22.996505639511938,0.0,-1,0.008933274802458424
1379.01,-2.884237901976121,0.8444410888756311,-13.895480629391628,0.0,-1,0.0006453905337888699
1379.9,-1.579433067523496,0.7164153077760855,-13.256736600525556,0.0,-1,0.01155518515834486
1395.845,0.5333387719965685,0.9430623824320501,-2.7579999390074548,0.0,-1,-0.010137228703760104
1381.695,0.36611312742343216,0.25861224595297133,-9.40193003016251,0.0,-1,-0.008826115749134167
1369.5,-0.7642591221483599,-0.29058666787294024,-14.220458257708493,0.0,-1,0.006568090543993987
1378.495,-0.5161736534219017,-0.014167066382160698,-8.527406249012422,0.0,-1,0.0010953975168572772
1380.005,-0.22328311460682926,0.09290782414430393,-7.575395286062992,0.0,-1,-0.0007101423545566865
1379.025,-0.1398975856486686,0.05876445103415487,-8.06725648971058,0.0,-1,0.0012653867768894766
1380.77,0.05886997763445834,0.0858440047724273,-6.76518840631244,0.0,-1,6.518102218322497e-05
1380.86,0.16084792780657153,0.06260731831484685,-6.69233810985704,0.0,-1,-0.0012600842952942282
1379.12,0.053432908908462196,-0.014935900194420829,-7.854234534302293,0.0,-1,-0.003099802772782545
1374.845,-0.36097734294935435,-0.14311538401741247,-10.730336129678932,0.0,-1,-0.01043390345820805
1360.5,-1.7335176902993226,-0.5052185771224604,-18.69526983976874,0.0,-1,0.0004079382579933455
1361.055,-2.229078056449225,-0.33359298109078783,-18.101481774471434,0.0,-1,-0.0012233157366895453
1359.39,-2.429851734820204,-0.17812221982058896,-18.994823429245695,0.0,-1,-0.0091143821861277
1347.0,-3.3602509294373704,-0.3695071381459183,-24.824448536351053,3.0206138397675204,-1,-0.0014847809948033142
1345.0,-3.712096282626135,-0.24045083044489424,-25.645740415494085,1.6470166648437043,-1,-0.016602230483271363
1322.67,-5.439510935668295,-0.6559551611623515,-32.66232323862986,13.38297682735083,-1,0.01419855292703387
1341.45,-4.284925684217114,0.1662100300962761,-15.128196775682689,0.0,-1,-0.00945245816094531
1328.77,-4.407222584806732,0.01463770983555257,-19.91559077628296,0.0,-1,0.0031833951699691276
1333.0,-3.748602486367645,0.22441926942487989,-16.530100656064512,0.0,-1,-0.0208327081770443
1305.23,-5.421075563284148,-0.48268460249720757,-25.26640517998399,6.338571222062228,1,-0.008554047945572796
1294.065,-6.735972471468813,-0.5991938368939573,-27.849270331865807,7.1047811061071116,1,-0.0008229880261038103
1293.0,-6.920839886272006,-0.26135375056571686,-28.091747360895447,0.0,1,-0.009102861562258258
1281.23,-7.417370269817411,-0.25262804470370703,-30.687721841695176,0.0,1,-0.0011980674820289972
1279.695,-7.17543793910545,-0.003565237997248616,-31.013725033545363,0.0,1,0.005606804746443483
1286.87,-5.858601945490591,0.4377569185392032,-24.483620423743385,0.0,1,-0.002230217504487597
1284.0,-4.951133786559012,0.448408359156927,-25.36611477157483,0.0,1,0.012461059190031154
1300.0,-2.751471891546771,0.8826900847230563,-12.068854096729865,0.0,1,0.0012307692307691465
1301.6,-1.2890182864116468,0.7817145632860605,-10.875454834869743,0.0,1,-0.00838967424708037
1290.68,-1.360373293309749,0.2367865187959861,-15.854095728519027,0.0,1,0.006752254625468579
1299.395,-0.5564363556495664,0.3469078188187229,-9.176598147549868,0.0,1,-0.020051639416805545
1273.34,-2.279348190515293,-0.4586680053490013,-19.462557213142844,0.0,1,-0.009934502960717406
1260.69,-4.005025092071946,-0.7281149689685513,-23.116622989520163,0.0,1,-0.0017371439449825887
1258.5,-4.716611451844301,-0.4799004429136353,-23.72148402694481,0.0,1,0.005558204211362661
1265.495,-4.09643701074333,0.04675799939577896,-18.270139014581936,0.0,1,-0.0036309902449237486
1260.9,-3.827896705964349,0.10509943472491967,-19.89495494712919,0.0,1,-0.0029978586723770073
1257.12,-3.689635161411161,0.08112032642603584,-21.24104133018301,0.0,1,0.004096665393916288
1262.27,-2.883868125683648,0.2956291207178494,-16.724637253923277,0.0,1,0.008892709166818502
1273.495,-1.3052455973461292,0.6247505496851229,-7.843763706026188,0.0,1,-0.008260731294586932
1262.975,-1.2838305333984863,0.2153885378775886,-12.975305073873109,0.0,1,0.0030562758566086146
1266.835,-0.844470456974932,0.21824953810038106,-9.997813878007008,0.0,1,0.0008959335667233503
1267.97,-0.4598345473484642,0.20096181590894968,-9.085121577424395,0.0,1,0.001108070380213988
1269.375,-0.11211371358967881,0.1828942165559117,-7.874211206946029,0.0,1,0.004269817823732147
1274.795,0.5227561794224584,0.272588036522683,-3.200814983617157,0.0,1,0.005573445142160072
1281.9,1.3887114443098199,0.37951443380334826,2.397987178581097,0.0,1,0.013339574069740179
1299.0,3.1309631230608375,0.7072553708514553,12.852352474764153,0.0,1,-0.0038529638183218973
1293.995,3.324092035514923,0.30012809443518007,8.66250313634005,0.0,1,0.0027086657985542217
1297.5,3.4357321554489317,0.13725607145639618,10.700954271065314,0.0,1,0.0019190751445086196
1299.99,3.4127412024618025,0.03808837282308897,12.17334437914429,0.0,1,-0.0005000038461835388
1299.34,3.0626839590963755,-0.10398962351411267,11.504965731574913,0.0,1,-0.009058445056721043
1287.57,1.6515983408223747,-0.5050250805960377,0.5676301865945135,0.0,1,-0.013412862989973351
1270.3,-0.6307443300497653,-0.929122583822726,-10.797785429094645,0.0,1,0.0017279382822954492
1272.495,-1.5364369713151973,-0.6116050750293861,-8.927405980943334,0.0,1,0.0024558053273293634
1275.62,-1.6008302110049044,-0.2253327715730311,-6.192794820073601,0.0,1,-0.00010191122748148818
1275.49,-1.5104576465992068,-0.04498673572244449,-6.286560532690153,0.0,1,-0.028608613160432506
1239.0,-4.380233227180042,-0.9715874387677603,-23.785895387641048,5.133940888264988,1,-0.003700564971751419
1234.415,-5.8321849152055165,-0.8078463755977445,-25.173437342078124,4.4016901246691305,1,0.003021674234353844
1238.145,-5.761312016284364,-0.2456578255588644,-21.740978234886153,0.0,1,-0.0018131963542233898
1235.9,-5.43284956546654,0.027601541752986236,-22.57831489599066,0.0,1,0.0024395177603364626
1238.915,-4.564630876268893,0.2986067436502111,-19.505132615665154,0.0,1,-1.6143157520853713e-05
1238.895,-3.7518022919809937,0.3704784426460366,-19.514646828012634,0.0,1,0.003313436570492323
1243.0,-2.6906544755054256,0.4772087530405349,-14.897092760424336,0.0,1,0.0138777152051488
1260.25,-0.498359360975428,0.889834622523511,0.46583379213649323,0.0,1,-0.0023011307280301763
1257.35,0.39765147637103837,0.5952818199566592,-1.6712458217215698,0.0,1,-0.004457788205352586
1251.745,0.3454359386798842,0.1810220940885017,-5.699926152890939,0.0,1,0.005480349432192666
1258.605,0.8622085082777176,0.23259822122877838,-0.028636085233252118,0.0,1,0.0015850882524699461
1260.6,1.2149940840533873,0.19512793233481607,1.564906445373481,0.0,1,-0.00576709503411077
1253.33,0.6843040316034603,-0.1118540400383703,-4.325770754745285,0.0,1,0.0009454812379821043
1254.515,0.46068366941153727,-0.11182480074343115,-3.2245747653858814,0.0,1,0.014479699326034323
1272.68,1.8242331825313158,0.41724157079211577,10.435169677573953,0.0,1,-6.285947763784439e-05
1272.6,2.3473218405470107,0.31344340960260375,10.359366550342145,0.0,1,0.003928964325004003
1277.6,2.829922682842607,0.2653480839660669,13.535543096278815,0.0,1,-0.003522229179712011
1273.1,2.4603962137534836,-0.03472612837435207,8.82243855073905,0.0,1,-0.001543476553295009
1271.135,1.9068499613961194,-0.1960907935772389,6.778890926062296,0.0,1,-0.01159986940804858
1256.39,0.24242267176782661,-0.620172694401844,-5.973590966061707,0.0,1,-0.0003900062878564592
1255.9,-0.6508261956937531,-0.5044738539544746,-6.3357030981362,0.0,1,-0.013293255832470874
1239.205,-2.43446511311663,-0.762704257125784,-16.703313384142838,0.0,1,0.0004801465455674947
1239.8,-3.0738291457350897,-0.4673560965814145,-16.081982007284964,0.0,1,0.0005646071947089659
1240.5,-3.0790253998998196,-0.15751745024871466,-15.287029194619535,0.0,1,-0.0008948004836758505
1239.39,-2.9175380769904677,0.0013232908868792137,-16.007512083656458,0.0,1,-0.00017347243402010548
1239.175,-2.6115829091199885,0.1024261529191195,-16.158677410549394,0.0,1,-0.004176165594044434
1234.0,-2.672223416091356,0.01392854864925086,-19.75569254277295,0.0,1,0.0038897893030793718
1238.8,-2.0798583849027636,0.20209785994594753,-12.868868958289866,0.0,1,0.008956247981918075
1249.895,-0.6857710038998448,0.5320617469829556,-0.1522120077612712,0.0,1,-0.0011961004724395652
1248.4,-0.05616306307342711,0.38722322926979114,-1.6174148575898712,0.0,1,-0.005907561678949014
1241.025,-0.35126217073730004,0.03070804053530607,-8.330850398773073,0.0,1,-0.0024375012590399647
1238.0,-0.7216232103412494,-0.11321766635621444,-10.809190117426887,0.0,1,0.00041195476575128787
1238.51,-0.8041684626148253,-0.06525430620993011,-10.139142421329147,0.0,1,0.0008800897853065148
1239.6,-0.6875937168670134,0.017106813179293967,-8.605621906308961,0.0,1,8.06711842531449e-05
1239.7,-0.5636735342541215,0.04700899859739527,-8.453680823915946,0.0,1,-0.013168508510123411
1223.375,-1.8151573150930744,-0.40149159408051927,-21.742374337096788,0.0,1,-0.011439664861550902
1209.38,-3.4558860959214144,-0.6807401249696201,-28.34113794466433,4.866127745767017,1,0.0017943078271509538
1211.55,-3.8074266450089453,-0.3440935580190505,-25.311219729386377,0.12278642191199651,1,0.02339977714497965
1239.9,-1.3034113658018214,0.7199739070626912,1.7676396069840479,0.0,1,-0.004298733768852481
1234.57,-0.38695277904821523,0.5454774979387659,-1.8490185753407147,0.0,1,0.009481033882242418
1246.275,1.0789392459159899,0.6704565076343239,5.7024364576620385,0.0,1,0.0075625363583478045
1255.7,2.5073903212385176,0.6996358609856173,10.809157464970035,0.0,1,0.01626582782511732
1276.125,4.714749998796378,0.968998512847826,19.324346790182346,-8.478475722422218,1,0.003741796454109103
1280.9,5.823450671009141,0.6925663950201963,20.96315430317199,-5.653709294976352,1,-0.004020610508236433
1275.75,5.463346784531268,0.11082083618077476,16.693349699544243,0.0,1,0.0015677052714089257
1277.75,4.99468260924823,-0.11928111303408784,17.5362080487064,0.0,1,-0.0022774408139307756
1274.84,4.101626970835923,-0.3374455838154651,14.881803968272848,0.0,1,0.0002941545605723572
1275.215,3.344546904060053,-0.364841883530445,15.078330473409466,0.0,1,0.0037523084342641067
1280.0,3.086044628667196,-0.20778138630776732,17.64537536186677,0.0,1,0.009339843749999854
1291.955,3.695873105248438,0.134015696757825,23.12878716489581,0.0,1,-0.0011881218773098778
1290.42,3.564881251435054,0.001007947648147045,21.402379049057103,0.0,1,-0.00048433843244832797
1289.795,3.1502285535755163,-0.13788158340379697,20.647837603483353,0.0,1,0.0040394016103335595
1295.005,3.1145498251810295,-0.0578534372660946,23.264643960208687,0.0,1,-0.0018301087640588687
1292.635,2.6396646422185768,-0.1775795400761826,20.105623394042922,0.0,1,-0.0009360724411764387
1291.425,2.081416663885875,-0.24527583946962794,18.431796783674045,0.0,1,0.001993921443366853
1294.0,1.8434246193955914,-0.16108929465330402,20.11875988504424,0.0,1,-0.002704791344667723
1290.5,1.279143212200779,-0.24179023394937205,14.882383931268862,0.0,1,0.0019372336303757898
1293.0,1.09874057425327,-0.14073095729896035,16.84730404740526,0.0,1,0.00619489559164732
1301.01,1.584477540758371,0.11500200306871355,22.354117113724556,0.0,1,-0.0009300466560595577
1299.8,1.5944728956146719,0.0416657859750047,20.391603461889517,0.0,1,0.005520080012309636
1306.975,2.0645144984082435,0.17056912958952553,24.880630296299742,0.0,1,-0.014147171904588807
1288.485,0.5866590916041332,-0.43576209240486175,2.213642871408517,0.0,1,0.005754820583864229
1295.9,0.41675979723504497,-0.20188712892465,7.893128697243192,0.0,1,-0.007350104174704941
1286.375,-0.49666983305246504,-0.37177225307072004,-0.5032678639381061,0.0,1,-0.0007268487027499715
1285.44,-0.9899121621083395,-0.2883381940421982,-1.2740477515103024,0.0,1,-0.0018087191934279545
1283.115,-1.347790646460453,-0.21540555946477058,-3.2840115089733715,0.0,1,-0.008253352193684838
1272.525,-2.2969140014317873,-0.388176304812035,-11.352309521375943,1.0436671787665546,1,-0.013461425119349446
1255.395,-4.007566178798015,-0.6996094940594211,-20.507169987226824,11.898966340997276,1,0.003480976107121725
1259.765,-4.164761752581171,-0.28560168928085883,-16.070880843401284,3.1224959337796463,1,-0.0010041555369454391
1258.5,-4.00171272675766,-0.04085088781911583,-16.743895491100105,0.0,1,0.012236789829161765
1273.9,-2.3033788199495575,0.5524943396629953,-2.6242052969818275,0.0,1,0.006358426878090739
1282.0,-0.5872636315496038,0.7562031760209831,3.166031979225977,0.0,1,0.002496099843993793
1285.2,0.5863992652793968,0.6432886909499946,5.323822439965809,0.0,1,0.0029567382508559614
1289.0,1.4410307749205913,0.49930673353039645,7.884091434111852,0.0,1,0.0008456167571759821
1290.09,1.8390939651644658,0.29912330792475705,8.639523668078787,0.0,1,0.0007053771442302459
1291.0,1.96070106318939,0.14024346864989368,9.316448706956379,0.0,1,0.008907823392718894
1302.5,2.816446190269289,0.33199619857659757,16.918832831743885,0.0,1,0.001224568138195714
1304.095,3.1425315712870088,0.2193605265314389,17.844814337414178,0.0,1,0.001161725181064055
1305.61,3.1699466308550655,0.08225852869983186,18.767466779192105,0.0,1,-0.004296842089138386
1300.0,2.4519919414012747,-0.21189872025131962,11.506180021965164,0.0,1,-0.007846153846153836
1289.8,1.038681934890974,-0.5417362422538736,0.6925911592914247,0.0,1,-0.0029461932082492925
1286.0,-0.07119656293843946,-0.5505382466944291,-2.7463694057025947,0.0,1,-0.013697511664074624
1268.385,-2.08811943160822,-0.8558203717880701,-14.982088274995235,0.0,1,0.0008790706291859074
1269.5,-2.829654246642349,-0.5324517289407331,-13.819837846588825,0.0,1,-0.030645923591965274
1230.595,-6.20670046693931,-1.3031659830792313,-28.63481027808902,11.209360293097916,1,0.0034536139022181
1234.845,-7.023831871509628,-0.7067657958831832,-24.911576741086094,0.0,1,0.003279763857002349
1238.895,-6.509578251168705,-0.06417072518075351,-21.335281242229286,0.0,1,0.003474870751758674
1243.2,-5.351236586734331,0.3647236464178736,-17.527759254678223,0.0,1,0.0065275096525097
1251.315,-3.649879372289206,0.6886936202876663,-10.737760764407064,0.0,1,0.00021177721037468622
1251.58,-2.472960817375906,0.6218707250669886,-10.516970784419954,0.0,1,0.0017737579699259598
1253.8,-1.493421471804595,0.5338033568794334,-8.53630817549189,0.0,1,-0.011903812410272718
1238.875,-2.122950009701981,-0.03190839367265097,-16.682047118789164,0.0,1,-0.00764806780345062
1229.4,-3.050385111175501,-0.3197811650487239,-20.737146990813095,0.0,1,-0.004721815519765804
1223.595,-3.7436539026475657,-0.3376833188402628,-22.97613231513804,0.0,1,0.0048708927382017375
1229.555,-3.2816504731629266,0.04144003688145892,-17.11780227582745,0.0,1,-3.2532094944914824e-05
1229.515,-2.780511218990341,0.1808597636846816,-17.13747502903054,0.0,1,0.0034037811657441353
1233.7,-1.94948232365482,0.33729621967340107,-12.771701815894211,0.0,1,-0.001860257761206241
1231.405,-1.562761015682554,0.24133917588188902,-14.190558196037408,0.0,1,0.005574932698827695
1238.27,-0.6670869437230067,0.3790044159471455,-6.9735989915016106,0.0,1,0.011459536288531691
1252.46,1.0188406709003175,0.6883106768568235,4.718730314944928,0.0,1,-0.0013054309119652219
1250.825,1.6406510889705714,0.43670703164235913,3.317875672489656,0.0,1,-0.004417084724082199
1245.3,1.3544187072579916,0.0501582166432597,-1.357779456546524,0.0,1,-0.0016783104472817278
1243.21,0.9242676241301524,-0.12666428882819325,-3.0869383557414665,0.0,1,0.0026423532629240576
1246.495,0.9059197805554504,-0.04833737746763178,0.016174574901661742,0.0,1,-0.002884086979891509
1242.9,0.5216692103886089,-0.14419598254482446,-3.3029272089960173,0.0,1,-0.00571244669724047
1235.8,-0.30559517556071114,-0.32382012283138156,-9.23867376419851,0.0,1,0.0074445703188219525
1245.0,0.07290556276143434,0.01822687183025465,-0.07457193923120542,0.0,1,-0.0031526104417670675
1241.075,-0.07100286497416164,-0.04189385196844711,-3.4855709827938313,0.0,1,0.0032431561348023052
1245.1,0.1983764932390386,0.07582850208158438,0.3774130744323969,0.0,1,0.0
1245.1,0.31653479790907113,0.06466226891720567,0.3774130744323969,0.0,1,0.0004818890048992053
1245.7,0.3992360504184944,0.04912117380887632,1.0283388392511057,0.0,1,-0.00016055229991174258
1245.5,0.3906503391381193,0.013511820842833755,0.7816242203176884,0.0,1,-0.016860698514652772
1224.5,-1.3961967114300933,-0.591111743241793,-17.532309563457886,0.0,1,0.004503879134340583
1230.015,-1.7136871774284828,-0.3028674030800609,-11.102236983680974,0.0,1,0.0002317044914084132
1230.3,-1.7058751456418122,-0.09835179043113018,-10.769998198775589,0.0,1,-0.0023002519710638714
1227.47,-1.7956462009449297,-0.06270761524474922,-12.99027993142034,0.0,1,-0.0016049272079969867
1225.5,-1.8550612118513072,-0.04070754205037552,-14.542437873475585,0.0,1,0.0008486332109343131
1226.54,-1.6435136163167954,0.056946684494712185,-12.992781174258958,0.0,1,-0.0037014691734472693
1222.0,-1.7791136838563943,-0.02621779434829552,-16.85301943129032,0.0,1,-0.048862520458265224
1162.29,-6.674487577304944,-1.6405305625989488,-36.86895073794285,33.35938987479062,1,-0.001286253860912412
1160.795,-8.69055055925378,-1.218864514849261,-37.08589479631631,19.160193847109213,1,-0.006275871277874323
1153.51,-9.581452836957169,-0.7032555975175505,-38.146246806856794,11.989376464154248,1,-0.002609426879697563
1150.5,-9.47928290606228,-0.20036188887422135,-38.576839306213536,2.4321564705808214,1,-0.0047848761408084695
1144.995,-9.097007698442894,0.060637772915054455,-39.36210158656475,0.0,1,-0.005655046528587393
1138.52,-8.68736945309638,0.15675867275385613,-40.239024861796466,0.0,1,0.003232266451182353
1142.2,-7.451936209331734,0.4640639721728341,-35.77396992935476,0.0,1,0.0018385571703729564
1144.3,-6.03822490333846,0.6259250927220359,-33.16480837595668,0.0,1,0.007904395700428335
1153.345,-4.074433841730297,0.8632387181100665,-22.596448335784697,0.0,1,-0.00870944947088692
1143.3,-3.5900854907820303,0.44919568968611134,-26.311053193170668,0.0,1,-0.0020860666491734348
1140.915,-3.2474875244095074,0.2639312186862113,-27.12893053072888,0.0,1,-0.005140610825521641
1135.05,-3.2943145808558256,0.0723680540799645,-29.10051392756851,0.0,1,-0.0034800229064799737
1131.1,-3.372368560674431,-0.001895308579547006,-30.36700410176483,0.0,1,0.003978428078861285
1135.6,-2.7553648371940653,0.20503613830027279,-24.641429533797577,0.0,1,0.023128742514970213
1161.865,-0.028499239020902678,0.9773005788244786,-1.0535231448163955,0.0,1,-0.002883295391461038
1158.515,1.0581418299839243,0.6879805492764353,-3.1516356499569866,0.0,1,0.009050379149169396
1169.0,2.3870338786543925,0.672290865982301,3.743754345120145,0.0,1,0.011676646706586968
1182.65,3.990060413101901,0.7584391334766032,11.052509141423037,0.0,1,0.001987062951845253
1185.0,4.654901979233728,0.47442689986947695,12.195158893172461,0.0,1,-0.0032067510548522415
1181.2,4.282747597363368,0.03409083933303947,9.080905043372454,0.0,1,-0.0001693193362682921
1181.0,3.723108106647942,-0.17518288379412894,8.908409208512914,0.0,1,0.003386960203217715
1185.0,3.466362685736385,-0.1439761015685619,11.41204268027596,0.0,1,-0.00486075949367093
1179.24,2.5691264181359657,-0.34707078972299366,5.9570681298830905,0.0,1,-0.012499575998100476
1164.5,0.678081082824292,-0.7460387083448892,-5.325985599227359,0.0,1,-0.006011163589523361
1157.5,-0.9072816750667698,-0.7771338220786506,-9.622078919396607,0.0,1,-0.0022980561555075996
1154.84,-1.846022914423429,-0.5719583538117701,-11.197579723536698,0.0,1,-0.006537702192511485
1147.29,-2.7907249578997835,-0.5055534657627083,-15.449209744808172,0.0,1,-0.001996007984031878
1145.0,-3.221348899812938,-0.3120591358919542,-16.67962730713335,0.0,1,0.019157205240174724
1166.935,-1.3402984624517558,0.5229971004897427,1.6468488234321015,0.0,1,-0.0012297171650520466
1165.5,-0.4076650385668472,0.4852101747915505,0.6352449812125229,0.0,1,0.0016773916773915598
1167.455,0.25554042658927756,0.3828052133158918,2.0567438528722093,0.0,1,0.0022056524662621424
1170.03,0.7804314569516464,0.30256541455942026,3.99547696501881,0.0,1,0.0034016221806278946
1174.01,1.3095076840536422,0.27721388055380536,6.982888642230833,0.0,1,-0.0026490404681390745
1170.9,1.2057534906000456,0.05781989570006951,3.9416296084876876,0.0,1,0.006951917328550605
1179.04,1.7317302696565093,0.19459889158551102,10.130004850928422,0.0,1,-0.007667254715700844
1170.0,1.097074470046664,-0.14668563600811146,1.5785717892706543,0.0,1,0.0021495726495728285
1172.515,0.8979070310713269,-0.11528435832781625,3.61762110873174,0.0,1,0.0033133904470306064
1176.4,1.047247725661009,0.01135211208728859,6.744036296857445,0.0,1,-0.007990479428765851
1167.0,0.25131409581740627,-0.2615271725854381,-1.9611921885892087,0.0,1,-0.001452442159383005
1165.305,-0.30884556042246913,-0.27389560960843784,-3.393722134923024,0.0,1,0.0060070110400280985
1172.305,0.02014507482613226,0.018365008546721177,3.033007993055179,0.0,1,-0.0011131915329202213
1171.0,0.07421163621484084,0.024143856645143257,1.7429158588998277,0.0,1,0.012216054654141884
1185.305,1.2871439472246493,0.4123587225516506,12.772775108909116,0.0,1,-0.008272132489106188
1175.5,0.9692647737942934,0.03149318304043158,3.465916137826717,0.0,1,0.002041684389621601
1177.9,0.9295531225961895,-0.0027394893858907476,5.269581240187335,0.0,1,0.005182952712454281
1184.005,1.340984536780752,0.13623064159955733,9.686021052304504,0.0,1,-0.00591213719536654
1177.005,0.8516181991415124,-0.11771189867989407,3.0171053645145705,0.0,1,-0.0005140165080012027
1176.4,0.48555018039337483,-0.16125997247601054,2.4542739824059936,0.0,1,-0.0027754165249915808
1173.135,-0.01002967734689264,-0.2189466100720927,-0.6849824024204452,0.0,1,-0.025960354093944815
1142.68,-2.7949004664380936,-1.0012724663877648,-19.56365119286968,12.276839636200293,1,0.003596807505163113
1146.79,-3.6119274887803385,-0.60609982957667,-15.787278864991151,3.775594361455205,1,8.719992326433612e-06
1146.8,-3.7186137092198805,-0.237595350005404,-15.777625331730313,0.0,1,-0.004442797349145433
1141.705,-3.8866556770046827,-0.1352124392634022,-18.402445333654878,0.22800692411669843,1,0.002881655068516009
1144.995,-3.3726220211467535,0.1262737388648425,-14.834604658608221,0.0,1,-0.0017423656871863313
1143.0,-3.0008033581223117,0.16603080062976128,-16.0284649003149,0.0,1,0.0020122484689413245
1145.3,-2.3731604134331974,0.264557915106292,-13.27662162777115,0.0,1,0.011263424430280278
1158.2,-0.7865755733025708,0.617047585078973,-0.23054916826293947,0.0,1,-0.0014677948540839925
1156.5,-0.06940185546204702,0.4447404343064989,-1.689024248909682,0.0,1,-0.0030436662343277243
1152.98,0.001635158080034671,0.17192581594952688,-4.740415915797165,0.0,1,-0.014336762129438463
1136.45,-1.3404825983222963,-0.3900639801509348,-15.95907945603956,0.0,1,0.007963394781996591
1145.5,-1.1456679266632364,-0.0650831028306249,-7.31649892031551,0.0,1,0.00931907463989523
1156.175,-0.06320493027828888,0.3391266311847742,1.0838596897584836,0.0,1,0.0003675914113348
1156.6,0.5187103121040764,0.30701395785571317,1.3989552717448035,0.0,1,-0.0007565277537610049
1155.725,0.6935254072864154,0.1606096843460174,0.6525612440855824,0.0,1,-0.00010815721733115069
1155.6,0.7127225042704595,0.05993559377668711,0.5360749516597281,0.0,1,-0.0013845621322255974
1154.0,0.5295941774065795,-0.04106424436239764,-1.0644603392522072,0.0,1,0.009883015597920153
1165.405,1.3443138325239943,0.25788513691833903,9.175860871006634,0.0,1,-0.004170224085189189
1160.545,1.2346475073725287,0.049406270588957746,4.044367829964081,0.0,1,-0.0009004390178752875
1159.5,0.9898437191825451,-0.0651325058670087,2.94743113317174,0.0,1,-0.0008150064683052349
1158.555,0.7062048484888237,-0.11625712552024337,1.8891986299779404,0.0,1,0.006059272110517044
1165.575,1.0905350091011314,0.08935767836402153,8.702030829093964,0.0,1,0.003985157540269846
1170.22,1.5789055053155607,0.19257605819281687,12.596135925251986,0.0,1,-0.0022388952504658333
1167.6,1.4731819613132302,0.02895083806349552,9.10340949318573,0.0,1,-0.0017942788626240658
1165.505,1.1229716925358844,-0.1070864769046167,6.31178765546111,0.0,1,-0.0004332885744806614
1165.0,0.8122022504358029,-0.13928530633489944,5.608312746944641,0.0,1,-0.004549356223175982
1159.7,0.14746734184950583,-0.2680067383070655,-1.4624907139918264,0.0,1,-0.0014702078123653983
1157.995,-0.3392723909312281,-0.25158215702926656,-3.572620758656903,0.0,1,-0.020811834247988936
1133.895,-2.5627028914104812,-0.8250042191695066,-22.410337756429698,4.230892419833708,1,-0.0008775062946744239
1132.9,-3.543776234032748,-0.6020258539305914,-22.91448195536515,1.3885530888994708,1,0.004951893370994664
1138.51,-3.2714982191744184,-0.10991594635742041,-15.425036919765276,0.0,1,-0.003921792518291389
1134.045,-3.234817693480636,-0.02441180688787936,-18.304123357953372,0.0,1,-0.0006260774484257992
1133.335,-3.0060759561772556,0.06810997680516717,-18.763688520709522,0.0,1,0.002880878116355623
1136.6,-2.3691154245104826,0.2350235028239802,-14.020750798273184,0.0,1,0.00035192679922579906
1137.0,-1.8198755399678248,0.2614211291222128,-13.425246748249712,0.0,1,-0.016156552330694685
1118.63,-2.924432636032634,-0.28104532231419865,-25.197619004208605,0.805121963618376,1,-0.0015867623789814767
1116.855,-3.380925131062213,-0.2458459391145924,-26.026073101250947,0.0,1,0.0027353595587611412
1119.91,-3.0728442843219455,0.020744969208558395,-21.46132825001978,0.0,1,-0.0003080604691448885
1119.565,-2.6914835039249283,0.13403524986852533,-21.674727757275182,0.0,1,-0.001397864349099942
1118.0,-2.4069294883995553,0.13952975513129928,-22.703500274019444,0.0,1,-0.0070661896243292555
1110.1,-2.722408356603637,-0.05864970435759398,-27.32305439342439,0.0,1,-0.0009954058192955806
1108.995,-2.745363760988539,-0.02720170291416535,-27.90421375264764,0.0,1,-0.0043958719381060885
1104.12,-2.9343111497653354,-0.0720496972303204,-30.3702289300405,0.0,1,-0.0031065463898850565
1100.69,-3.070092248339961,-0.06927693193498197,-31.94547812931228,0.0,1,-0.0014445484196278224
1099.1,-3.0146417769321943,-0.004608820175738604,-32.66210152604819,0.0,1,0.0020926212355565355
1101.4,-2.5440297264838136,0.15533441009088067,-27.704846083504847,0.0,1,0.0027011076811329637
1104.375,-1.8488045573860745,0.2835198597295401,-21.538978218142436,0.0,1,-0.010657611771363928
1092.605,-2.327958259721754,-0.0652112808687133,-28.899213979224054,0.0,1,-0.0002791493723716121
1092.3,-2.398955255912824,-0.04540275901992796,-29.055168859110477,0.0,1,0.007296530257255407
1100.27,-1.570374149348936,0.26105944918132007,-15.087765637170413,0.0,1,0.01147900060894158
1112.9,0.02728091637891339,0.6195715049697232,0.35604026179883874,0.0,1,0.0077545152304787646
1121.53,1.5430017062110437,0.7117640982672845,7.9339827192624455,0.0,1,0.008207537916952612
1130.735,2.939361958942982,0.7027081169997409,14.378213343140217,0.0,1,-0.004501496814019124
1125.645,2.968428588730376,0.2439249155957115,8.840068287535154,0.0,1,0.005969910584598281
1132.365,3.2955928545632105,0.1903630604761819,13.452142728385198,0.0,1,-0.0007638879689852995
1131.5,3.1124589162659504,0.002409707392974081,12.451296296510414,0.0,1,-0.006018559434379123
1124.69,2.194020370761791,-0.3053429460370616,4.879180216812188,0.0,1,0.006766308938462862
1132.3,2.1861327337796865,-0.1044101943397222,10.78314317073189,0.0,1,0.004150843416055761
1137.0,2.391677854140198,0.033711642006929665,14.014363158984054,0.0,1,0.004199648197009687
1141.775,2.693060593142036,0.11169812700292248,17.07655261055106,0.0,1,-0.00452803748549413
1136.605,2.1884969132145216,-0.1309551843081973,10.847522620126234,0.0,1,0.002014772062413961
1138.895,1.9446736638162747,-0.12492614456881457,12.558730168048825,0.0,1,0.0005399971024546701
1139.51,1.7119559004659095,-0.11921463597305992,13.04074869245624,0.0,1,0.02547147458117971
1168.535,3.8716840270851662,0.6801711635487324,27.936085513907756,-5.545904844904044,1,-0.0030251554296619743
1165.0,4.334324421471138,0.38093718597823445,23.905407914094795,0.0,1,0.00396137339055791
1169.615,4.589034250208215,0.21188233823843738,25.726420997881107,0.0,1,-0.0003548176109232637
1169.2,4.29938631039272,-0.0259218671923529,25.202065045675127,0.0,1,-0.015502052685597012
1151.075,2.28586348128556,-0.6798148987665042,6.288093904006942,0.0,1,0.0028886041309210686
1154.4,1.3656967766248727,-0.5333272011423973,8.419722155752872,0.0,1,-0.0012993762993762648
1152.9,0.6668053595758465,-0.41073953939714114,7.025794710185686,0.0,1,0.014940584612715746
1170.125,1.6972092044200053,0.20655476848233922,17.05551580508717,0.0,1,-0.004046576220489206
1165.39,1.6763936931401986,0.06191308573417742,12.59352514936262,0.0,1,0.0015874514111156035
1167.24,1.6804531297386802,0.02199084077755309,13.643750411862854,0.0,1,0.015506665295911715
1185.34,3.050778420559709,0.46410537719952716,22.145306122194924,0.0,1,0.010089932002632196
1197.3,4.478376197590251,0.6305677180766898,26.22678330709853,-3.3454583019379243,1,0.004551908460703302
1202.75,5.273143736306338,0.47511175226425895,27.868691565329,-1.4141041468055846,1,0.0035335689045936647
1207.0,5.5852655276387395,0.2624111811988872,29.1183074950263,0.0,1,-0.011768848384424158
1192.795,4.092137629335184,-0.4102389057015561,15.403747105034014,0.0,1,-0.0044391534169744284
1187.5,2.563312211072116,-0.6463547746548746,11.022694196475413,0.0,1,-0.0016842105263158436
1185.5,1.4186234843512011,-0.5970145004585965,9.35410977392899,0.0,1,0.0031674398987768804
1189.255,1.0409771639613155,-0.3248869402828274,11.547513950852995,0.0,1,-0.00021441995198678843
1189.0,0.7441559067697199,-0.2072360658248077,11.297919176728279,0.0,1,0.007026913372581989
1197.355,1.2299822859429241,0.09286343778279882,16.276657994146674,0.0,1,-0.0012986958754922506
1195.8,1.2408136183676106,0.034564923402495173,14.559205876889408,0.0,1,-0.004014049172102352
1191.0,0.7428281497161606,-0.1544735150829849,9.28968071127484,0.0,1,-0.00022250209907648255
1190.735,0.4098497362472244,-0.1624839761839737,8.994297732319168,0.0,1,0.0003443251437138528
1191.145,0.243373051492199,-0.10965355364633306,9.342508667807714,0.0,1,-0.0003819854006018586
1190.69,0.10193695482371368,-0.08369655010493948,8.727579233108749,0.0,1,0.0015537209517169082
1192.54,0.17689082692095326,-0.0029142260025666333,10.573306625258759,0.0,1,0.00742952018380949
1201.4,0.9379601940595421,0.2527183803786741,18.152210421138278,0.0,1,-0.00041618112202435054
1200.9,1.198664861457246,0.17114101592545938,17.34052765128598,0.0,1,-0.0035806478474479375
1196.6,0.8707951233677704,-0.05224290738800541,10.459875949542173,0.0,1,-0.0026784221962226074
1193.395,0.36721066070913366,-0.1852757900155474,5.742939801985656,0.0,1,-0.0014245073927744434
1191.695,-0.056849125679264034,-0.20311185880131505,3.2925367917071213,0.0,1,-0.0017663915683123754
1189.59,-0.43955825840021134,-0.19527366384075417,0.25324479451774806,0.0,1,0.003539034457249901
1193.8,-0.24344963656085383,0.000278319332867788,5.848718196021082,0.0,1,-0.0006324342435918284
1193.045,-0.1880245225941053,0.0185678110998721,4.6244363986720245,0.0,1,-0.00105193014513294
1191.79,-0.24922658872810644,-0.014211418344709681,2.498880692517538,0.0,1,-0.009812970405860044
1180.095,-1.233642072734483,-0.3328756341170287,-12.578371426280256,2.4544303196189503,1,0.0015295378761879252
1181.9,-1.4726296420096787,-0.19062106779740806,-9.641047220924342,0.0,1,-0.0006599543108555261
1181.12,-1.5344042898129828,-0.08413190520023739,-10.530582609374186,0.0,1,-0.002425663776754128
1178.255,-1.6761745895637432,-0.07530073498366585,-13.787930888582636,0.025965548910107827,1,0.014220181539649657
1195.01,-0.2111285236421736,0.46324844364596796,8.478606869620066,0.0,1,-0.007351402917130434
1186.225,-0.19309478037780536,0.16042739563677877,-1.4039623052736587,0.0,1,-0.0034774178591751026
1182.1,-0.5117366770475655,-0.05273816701099382,-5.341432762596888,0.0,1,0.01184332966754087
1196.1,0.538253764371575,0.33241742480271563,7.610539613554934,0.0,1,-0.0013376807959200043
1194.5,0.8850611713835406,0.22640827727156043,5.947823355235663,0.0,1,0.0002511511092506691
1194.8,1.0097097772743382,0.11701896105411935,6.211116068020729,0.0,1,-0.0056076330766655635
1188.1,0.429558265446758,-0.15437751692448698,-1.0490074261499487,0.0,1,-0.004267317565861406
1183.03,-0.3188140125876089,-0.300916598319618,-5.844141751339066,0.0,1,-0.0047758721249671066
1177.38,-1.1372656505557188,-0.3731227454292426,-10.620603560811077,0.0,1,-0.0011763406886479144
1175.995,-1.5671359986602056,-0.2676643645112431,-11.747632618672696,0.0,1,0.010973686112611292
1188.9,-0.5760598394908811,0.24113726488602716,2.3662513990474707,0.0,1,0.0005046681806710751
1189.5,0.017483226718240985,0.27822677703171644,2.922147475608817,0.0,1,-0.0055485498108448494
1182.9,-0.23720217573713853,0.007847124858778975,-3.684157154218738,0.0,1,-0.001635810296728546
1180.965,-0.5060280289867478,-0.0869929094636101,-5.49397341008936,0.0,1,-0.006566663702988529
1173.21,-1.2445219531959992,-0.2751622778909538,-12.090447931992081,0.0,1,0.0008012205828453745
1174.15,-1.4317254192008022,-0.15412191463191904,-10.875276488505442,0.0,1,-0.00047268236596686997
1173.595,-1.4522667006031043,-0.058221065344740364,-11.371235967235599,0.0,1,0.0016232175494952372
1175.5,-1.1827651162541315,0.07042683966807739,-8.54105040228086,0.0,1,-0.0036580178647384054
1171.2,-1.3077838977251304,-0.018197313934307235,-12.839062821913842,0.0,1,0.0003244535519124625
1171.58,-1.2296446303168977,0.019980651157975204,-12.205844902747728,0.0,1,0.0028380477645573166
1174.905,-0.8110212774197407,0.14620133468504404,-6.6553702634793055,0.0,1,0.0034683655274256875
1178.98,-0.19454116118618003,0.25422715030620163,-0.5172916997854955,0.0,1,0.005046735313576134
1184.93,0.6257439936960054,0.35817076839612905,7.034619374621684,0.0,1,-0.001544395027554546
1183.1,0.8312412383293122,0.18788933767647864,4.262522510395641,0.0,1,0.015387541205308164
1201.305,2.38180309078507,0.5794837300440789,20.24698218634245,-3.743136874023776,1,-0.0010779943478135268
1200.01,2.85068375944752,0.3494547995688433,18.358745583956804,-1.1433700803984266,1,0.005491620903159022
1206.6,3.3967337804913313,0.298501606870885,22.533285268560874,-3.6441392097895005,1,0.010798939167909971
1219.63,4.472530975972404,0.4580996007839859,28.705475906318014,-8.938485794203416,1,-0.00013528693128261882
1219.465,4.623968659048614,0.20317909462006511,28.45741198087805,-2.5826620915822787,1,0.0038828502663053044
1224.2,4.708940112332584,0.09605018263467802,30.4246698354561,-0.9846291880455738,1,0.0010619179872568552
1225.5,4.467347496280354,-0.04851414447251745,30.95521260509055,0.0,1,0.0011179110567114403
1226.87,4.0884388968975145,-0.14247424795178532,31.54101850890129,0.0,1,0.015588448653891529
1245.995,5.152031355798044,0.3070394036495818,37.50328931806651,-2.8153588391562607,1,-0.0060955300783709365
1238.4,4.62157497226508,-0.07447232662779424,26.58770817480962,0.0,1,-0.006145025839793372
1230.79,3.3370488661432773,-0.4529994775831989,17.248322538865395,0.0,1,0.0077064324539524165
1240.275,3.207115074236981,-0.19431108982983192,21.98020881083343,0.0,1,0.004418374957166682
1245.755,3.331555255430885,-0.02329030287864242,24.358399091817503,0.0,1,0.00019666788413452707
1246.0,3.1365624080751786,-0.07276105007811617,24.466056177825266,0.0,1,0.007624398073836192
1255.5,3.5693524503910794,0.12000966407926139,28.37735741317323,0.0,1,0.0016686579052169748
1257.595,3.662884767349624,0.07118066034593529,29.159575476335903,0.0,1,-0.004727277064555668
1251.65,2.9089938618831184,-0.22757008170685689,21.054853164547623,0.0,1,-0.005229097591179732
1245.105,1.74421558732638,-0.46411611875453174,13.146286478674483,0.0,1,0.0038229707534704893
1249.865,1.4131418177707928,-0.265063296103373,16.187430592610085,0.0,1,-0.00485252407259984
1243.8,0.6244264481786104,-0.3512595552318518,9.263904271044908,0.0,1,-0.004663129120437315
1238.0,-0.30530010729899004,-0.42699537023648415,3.3356834902980594,0.0,1,0.012358642972536416
1253.3,0.5302782905705499,0.13619434254435198,13.915454683891767,0.0,1,0.0005585254926994132
1254.0,0.9622109652912059,0.18937567242166942,14.326604326334476,0.0,1,1.1961722488074145e-05
1254.015,1.099243055543866,0.10880258755810979,14.336279439143397,0.0,1,-0.0008014258202654334
1253.01,0.9924055127080464,0.0006550149074301403,13.063014999402611,0.0,1,0.002781302623283022
1256.495,1.1467029485645526,0.051650816921312126,15.680016376597024,0.0,1,0.013454092535187367
1273.4,2.537043087445909,0.4806636519342229,25.164051315044773,-4.678213435259295,1,0.00038872310350224204
1273.895,3.0620428995991915,0.335221154695835,25.385354251956826,-2.24923299944885,1,-0.0032616502929989633
1269.74,2.7231225640427965,-0.001233060286853327,19.60111878592761,0.0,1,0.0007088065273206379
1270.64,2.401735515927612,-0.10754003613401242,20.152305507603046,0.0,1,-0.0005823836806648774
1269.9,1.9792306988761084,-0.17668161772850555,19.0091779325422,0.0,1,-0.0008858965272856567
1268.775,1.5092923987772338,-0.21553997260912672,17.160567485010176,0.0,1,0.0037240645504521552
1273.5,1.5422988821630952,-0.06084449640775502,20.809657084242133,0.0,1,0.0012563800549665327
1275.1,1.563610550342446,-0.013177609409467994,21.98108574634216,0.0,1,-0.0020743471100305166
1272.455,1.2235488385701956,-0.11774644039390614,17.039454810500857,0.0,1,-0.00634207103591089
1264.385,0.2790555794699685,-0.3540798998313778,4.382802563350175,0.0,1,-0.00022540602743637006
1264.1,-0.24019568170274397,-0.29111038700136344,3.9828824380087866,0.0,1,-0.002258523850961147
1261.245,-0.7177216721470359,-0.25621212581521846,-0.10142618393847158,0.0,1,-0.0002576818936842473
1260.92,-0.9237578613569895,-0.15408277167505735,-0.5744130219887325,0.0,1,0.00253782952130166
1264.12,-0.6831294675155277,0.02884854072213483,4.177453680775386,0.0,1,-0.0011272663987595966
1262.695,-0.624637814968537,0.029113397756375226,1.7706567472463135,0.0,1,-0.0027678893161054985
1259.2,-0.8345888374476544,-0.06027920824091404,-3.8200202834577226,0.0,1,0.019635482846251495
1283.925,1.1904013877667694,0.6549036723245033,20.88989056850879,-1.5280173391699918,1,0.010962478337909198
1298.0,3.2766130513932694,0.9137051119836679,27.441022274382433,-9.109772983929588,1,0.011937596302002973
1313.495,5.337917795590556,0.9916699520603185,32.310555691980014,-14.588253993358876,-1,0.02429015717608385
1345.4,8.582493684723431,1.4120819470643982,38.158464714018564,-27.409342294517955,-1,-0.0092500371636689
1332.955,8.452490488896274,0.4273595837457478,27.110248551756754,-4.939582394145418,-1,-0.0018867853753501418
1330.44,7.473531350241274,-0.1838665183030841,24.999733547838204,0.0,-1,-0.0009282643336040453
1329.205,6.25834083506038,-0.4663523444946591,23.896201588934574,0.0,-1,-0.010385907365680902
1315.4,3.9788005078814876,-0.915297557224517,12.478410093057349,0.0,-1,-0.003698494754447279
1310.535,2.10204696863525,-0.9306836988235849,8.91404053407544,0.0,1,0.001957215946159163
1313.1,1.2022496182923987,-0.6101603497221455,10.24275319652289,0.0,-1,0.0033470413525245046
1317.495,1.0184134749299574,-0.26466549769486236,12.548621245673232,0.0,-1,0.0006110080114156702
1318.3,0.9087109470046926,-0.12478934187337565,12.985523467438853,0.0,-1,0.00963361905484339
1331.0,1.8364671041249494,0.2676556050822938,19.269702368351062,0.0,-1,0.0021036814425243744
1333.8,2.380639590674491,0.2706093638772784,20.496742315671312,0.0,-1,0.0687584345479082
1425.51,10.096839201393323,2.662269658198703,37.97327819868519,-36.2007035649674,-1,0.01136084629360723
1441.705,14.463119073303233,2.342849843369537,39.22555940007189,-27.373316131312095,-1,0.0051293433816210765
1449.1,16.057249086482898,1.3123266188497347,39.766197140444746,-13.225693354668238,-1,0.003940376785591004
1454.81,15.992043335865901,0.4157069560775799,40.188573127615086,-0.08751660038069531,-1,0.0008179762305731142
1456.0,14.725936849235268,-0.28346651018435054,40.28145517056936,0.0,-1,0.005339972527472536
1463.775,13.51363886848344,-0.49858816364539216,40.90640630491306,0.0,-1,0.0008368772523099643
1465.0,11.88343663906744,-0.70959679768713,41.00763691034854,0.0,-1,0.027791808873720125
1505.715,13.470965804437128,0.29264412256085315,43.6274289391566,0.0,-1,-0.0004748574597449595
1505.0,13.082566570085419,-0.03191837059695146,43.098200272175234,0.0,-1,-0.0037674418604651816
1499.33,11.325653072069372,-0.5962772895376656,38.68140435356413,0.0,-1,0.004725444031667525
1506.415,10.093808567055248,-0.609373931517263,39.38087435433279,0.0,-1,0.0013873998864855075
1508.505,8.81090226729384,-0.6307600770928907,39.59169849280775,0.0,-1,-0.001385477674916702
1506.415,7.261040595138638,-0.7268739164160314,37.65803544211825,0.0,-1,-0.0037273925179980294
1500.8,5.413106376132646,-0.8582693784740076,32.35225253551042,0.0,-1,0.0038512793176972426
1506.58,4.519713735285222,-0.5838873397738107,33.49489805881413,0.0,-1,-0.007682964064304465
1495.005,2.731791270254462,-0.7906032682681907,22.98059917155861,0.0,-1,0.0026521650429263133
1498.97,1.9405974318844983,-0.5272657022127181,24.216386790145066,0.0,-1,0.00023349366565028618
1499.32,1.4124507267090394,-0.35180413579605907,24.331533198914002,0.0,-1,0.004408665261585343
1505.93,1.5815064802288816,-0.06091612742540553,26.530882849397514,0.0,-1,0.0010392249307735746
1507.495,1.664658816969677,0.007412069771796537,27.048228653960265,0.0,-1,-0.0009054756400517228
1506.13,1.4537634172595517,-0.0678277766461095,25.436683183889997,0.0,-1,-0.003429318850298624
1500.965,0.7967520992995105,-0.2416130315353835,19.339157600137142,0.0,-1,0.006619075061710333
1510.9,1.229767098711136,0.0638006559587474,23.85567347695276,0.0,-1,0.004262360182672564
1517.34,1.8804606735243397,0.23816474359065043,26.363398837505784,0.0,-1,-0.0014103628718677985
1515.2,1.8707690714707041,0.07615771384567172,23.751485971457598,0.0,-1,0.0018347412882786518
1517.98,1.9416925144878405,0.049027052287602624,24.986403859172185,0.0,-1,0.0038340426092569047
1523.8,2.300346526455769,0.1358936880851771,27.453817987013736,-2.372601788110842,-1,-0.004462527890799262
1517.0,1.7213113219017941,-0.14771383882293265,18.661154832177857,0.0,-1,0.0019116677653263636
1519.9,1.530017776133036,-0.11300246153056359,20.260904177543253,0.0,-1,-0.0030363839726297304
1515.285,0.9222861885707516,-0.24024468303094926,14.444113884799506,0.0,-1,-0.0006236450568706253
1514.34,0.46281321240871875,-0.23323921973099404,13.252690097504505,0.0,-1,0.0024234980255424254
1518.01,0.500342289960372,-0.06523671405978027,15.967668965194747,0.0,-1,0.0012121132271856183
1519.85,0.6307449712396647,0.0217219890731708,17.31298825702595,0.0,-1,0.003786557884001729
1525.605,1.1229675642757684,0.17131486070309154,21.261094994784287,0.0,-1,-0.0019074399992135005
1522.695,1.0329982304374425,0.027115175621588605,16.7325709816821,0.0,-1,0.004656218087010222
1529.785,1.4927637109819898,0.16229355205537854,21.615651166200905,0.0,-1,-0.0017682223318964407
1527.08,1.372832808672456,0.014120883248614824,17.420522769835785,0.0,-1,-0.003981454802629791
1521.0,0.6917979567949715,-0.22230465620962325,8.816003285945747,0.0,-1,-0.0006574621959237748
1520.0,0.21029736778996266,-0.23460174840487735,7.475490067060711,0.0,-1,-0.00039473684210522553
1519.4,-0.09797770736167877,-0.18095894118550626,6.615253716884254,0.0,-1,-0.0004278004475450903
1518.75,-0.29811710265744296,-0.1270327788270902,5.613332385470585,0.0,-1,-0.0007572016460906106
1517.6,-0.46917704175052677,-0.09936423930672467,3.743643921219089,0.0,-1,0.001581444385872599
1520.0,-0.31560892448442246,0.018067959319793214,7.088910721193187,0.0,-1,-0.0006480263157894184
1519.015,-0.29460745547771694,0.013023142775499597,5.26626631235353,0.0,-1,0.00015141390967166046
1519.245,-0.240389433017981,0.022413721745078496,5.633761701694127,0.0,-1,-0.0018002363015839906
1516.51,-0.42116463570323504,-0.05278716031339187,0.18635968961386595,0.0,-1,-0.0036795009594396966
1510.93,-0.9414551840704917,-0.1910259028935496,-8.92980435154039,0.045935138070717585,-1,4.632908208845876e-05
1511.0,-1.11731252624827,-0.12229441502377592,-8.780976379548619,0.0,-1,-0.0036399735274652567
1505.5,-1.5704651534831555,-0.19181568075288724,-16.2272379063577,1.856051449753295,-1,0.016605778811026317
1530.5,0.4171639623561987,0.5986044783621557,15.36919219910503,0.0,-1,-0.0011466840901667164
1528.745,1.2299648567463919,0.47046845758411626,13.023877651275583,0.0,-1,0.0023908500109568465
1532.4,1.838451565879268,0.35965172223899744,15.858398280531816,0.0,-1,0.013123205429391716
1552.51,3.6653239566223874,0.7288413709940391,26.752931579054447,-10.300940130874096,-1,0.0009597361691711104
1554.0,4.397483155608825,0.48700018999349215,27.34799476157815,-5.850576418670016,-1,-0.002187902187902213
1550.6,4.113772492134785,0.06776317550648425,22.634041871090844,0.0,-1,0.0020637172707338447
1553.8,3.8957694527196054,-0.05007995463623205,24.273660085675942,0.0,-1,-0.0015832153430299645
1551.34,3.257120478618617,-0.22957630957907327,20.65761632449528,0.0,-1,4.1899261283839806e-05
1551.405,2.6717859516834324,-0.2716369455047527,20.69949661385253,0.0,-1,0.0033292402693041456
1556.57,2.586886525575437,-0.11884545720424944,23.978628772393563,0.0,-1,0.0042529407607754255
1563.19,2.8805296020568676,0.058265873092393505,27.555753068164066,0.0,-1,0.0006493132632627852
1564.205,2.8718903401261286,0.016542203720551374,28.069348242554412,0.0,-1,0.000508245402616625
1565.0,2.69449651415016,-0.053617207418472645,28.49756350954638,0.0,-1,-0.00012779552715658227
1564.8,2.364591558316306,-0.12784072108410882,28.071452041447102,0.0,-1,0.010892765848670827
1581.845,3.4230064505397877,0.3101913903797908,35.51647248923547,0.0,-1,0.0007301600346429904
1583.0,3.7632133591066577,0.21679943298222026,35.877475501640916,0.0,-1,-3.158559696792018e-06
1582.995,3.619299033464358,0.024295035779973606,35.867180908367075,0.0,-1,-0.0015445405702481096
1580.55,3.0419836178543846,-0.18434012661,30.616447943505136,0.0,-1,-0.004400366960867985
1573.595,1.9202439418950235,-0.4353599341897869,17.559166342057665,0.0,-1,0.0008197789138881806
1574.885,1.3068537754240879,-0.3495833668869075,18.60704588865542,0.0,-1,-0.0015143962892528728
1572.5,0.6925042109032802,-0.32131097713590506,14.337887036235998,0.0,-1,0.005465818759936347
1581.095,1.0438707444009196,0.010018518787244801,21.45125932957191,0.0,-1,0.002877752443717796
1585.645,1.5117314491162688,0.15929307450086472,24.449032839734713,0.0,-1,-0.0026487643829482543
1581.445,1.269684180714421,-0.02758473130032768,17.210592935110228,0.0,-1,0.0003477831982774404
1581.995,1.088686864787178,-0.069527349075857,17.667985984713553,0.0,-1,-0.0014506999073953253
1579.7,0.716214301424543,-0.14733330414616397,13.557436678302793,0.0,-1,-0.002133316452491041
1576.33,0.18946016129143572,-0.22469581475975708,7.82622853674517,0.0,-1,-1.903154796267792e-05
1576.3,-0.09220525554951564,-0.16878707720023617,7.774697802029273,0.0,-1,0.009956861003616035
1591.995,1.0825624739923114,0.3353268841138637,22.183797832954383,0.0,-1,0.0011306568173896636
1593.795,1.7297327992639566,0.32749906979516963,23.342961256147277,0.0,-1,-0.0023967950708844166
1589.975,1.5908402286277123,0.06286883305297519,16.78080134843779,0.0,-1,-0.0009276875422569164
1588.5,1.2659072575906976,-0.08735471266134653,14.31210737402769,0.0,-1,0.000745986779981056
1589.685,1.0966985006064078,-0.08552115654854542,15.452148442119437,0.0,-1,0.0017707910686708406
1592.5,1.1552859137302676,-0.008977914474895154,18.138616962242352,0.0,-1,0.00031397174254310656
1593.0,1.1299724608147699,-0.01143045579679769,18.620187764114064,0.0,-1,0.0254268675455116
1633.505,4.398568029289208,1.0857217042258802,36.70616412817449,-21.279844842791363,-1,0.039972329438844545
1698.8,11.107568477752238,2.5982407175629696,43.45883439062929,-50.234857677052105,-1,-0.0042971509300682165
1691.5,12.928104662171108,1.4729256339939472,37.91165619586285,-22.32716077928262,-1,-0.004611291752881996
1683.7,12.111030699199546,0.21861722367412817,32.124642849971764,-0.33245188646287716,-1,-0.001015620359921643
1681.99,10.55074115944717,-0.4472241053594157,30.828562649509095,0.0,-1,-0.0005469711472719796
1681.07,8.814701292950303,-0.727754657285427,30.073132336694655,0.0,-1,-0.0012313585989874865
1679.0,7.039622918622854,-0.8342776772042919,28.244923801071906,0.0,-1,-0.0011852293031566763
1677.01,5.399615154906996,-0.8247618136400501,26.38210438732817,0.0,-1,0.00015205633836412602
1677.265,4.150893343473399,-0.6911612083578822,26.461891131845192,0.0,-1,-0.0025428301431199563
1673.0,2.825207992467085,-0.6722821864547321,21.9451283346408,0.0,-1,0.0014345487148834657
1675.4,2.1269313175916977,-0.45685295377670654,22.944412296947505,0.0,-1,6.565596275520669e-05
1675.51,1.6097153703547065,-0.3246896336712326,22.99340027027536,0.0,-1,0.0026917177456415864
1680.02,1.5927977825399466,-0.11386907382866407,25.051289312657985,0.0,-1,0.0015386721586647667
1682.605,1.667022506754165,-0.013214783204815284,26.20596910196892,0.0,-1,-0.00581241586706327
1672.825,0.7502163266319712,-0.3100069877756697,13.794277437233681,0.0,-1,-0.008742695739243467
1658.2,-0.9894547906485514,-0.6832260350187309,0.2072874159154452,0.0,-1,-0.009395730309974759
1642.62,-3.0751691167347417,-0.9229801203683072,-9.901493792934573,0.0,-1,-0.0032782993023340312
1637.235,-4.310512186716551,-0.7194410634500388,-12.779489299070704,0.0,-1,-0.00046114333006552766
1636.48,-4.631891039480934,-0.34693997207147387,-13.191050171310927,0.0,-1,-0.004570786077434552
1629.0,-5.029922879239848,-0.2483239372767958,-17.185276230425053,0.0,-1,-0.0012246777163903433
1627.005,-4.976028559182623,-0.06480987240652336,-18.20762933382159,0.0,-1,-0.02188376802775649
1591.4,-7.501495685888813,-0.8634256663709046,-30.348562561812447,18.63467490296898,-1,0.004590297850948666
1598.705,-7.530354608751168,-0.29742819641108653,-23.913951533799732,1.3129559697074455,-1,0.003624808829646442
1604.5,-6.434337852786484,0.2661961865178659,-19.040477208037583,0.0,-1,-0.002558429417263919
1600.395,-5.692217987071899,0.33610535074415004,-20.56787143660622,0.0,-1,-0.00024681406777704584
1600.0,-4.879723221958557,0.38286670528583056,-20.722302701424887,0.0,-1,-0.010128124999999932
1583.795,-5.417248904238704,-0.051552992331439285,-26.37331001759972,0.0,-1,0.002970712750071769
1588.5,-4.842491003358873,0.17440163618279758,-21.89653764592145,0.0,-1,0.028769279194208464
1634.2,-0.3432378026391234,1.5578849456341826,5.962264570807008,0.0,-1,-0.00887284298127522
1619.7,0.7266586146074587,0.875927120960255,-0.763626289484165,0.0,-1,0.004778662715317683
1627.44,1.846051938680148,0.6651068150109813,2.6141701614068253,0.0,-1,0.005259794523914785
1636.0,2.9652442724930097,0.5947663829412813,6.19584715268757,0.0,-1,-0.003667481662591676
1630.0,2.777736750025042,0.1357529534911044,3.071669969993117,0.0,-1,-0.0006349693251533894
1628.965,2.3662549262890025,-0.09190962341497855,2.5121216590218935,0.0,-1,0.0033978630602868876
1634.5,2.4245761038966975,-0.01119614860242768,5.311765580146663,0.0,-1,-0.0029183236463750095
1629.73,1.8541886840428106,-0.19386118948543807,2.356162677881848,0.0,-1,0.0035404637578002607
1635.5,1.895312583778832,-0.05091242991647227,5.548644933646038,0.0,-1,-0.005194130235401939
1627.005,1.050015151665093,-0.298736620676737,0.06122391089741086,0.0,-1,-3.073131305764143e-06
1627.0,0.5394485063027332,-0.26976775534636566,0.057989968111179735,0.0,-1,0.0005562384757222816
1627.905,0.31462780809647484,-0.1648628178508747,0.698501646960402,0.0,-1,0.0055255067095438815
1636.9,0.9255818083186114,0.14869706079042067,6.815014497871239,0.0,-1,-0.0029934632537113037
1632.0,0.7455936577364355,-0.01043036326391844,2.846632291236375,0.0,-1,0.013480392156862697
1654.0,2.426800110967406,0.5569253633223508,15.031305420271295,0.0,-1,-0.0060640870616686104
1643.97,2.2293366616688672,0.11982063800793741,7.504070073724158,0.0,-1,0.0006873604749477735
1645.1,2.0389935485470687,-0.02350749170462052,8.111013038097504,0.0,-1,-0.00036471946994098836
1644.5,1.7239058629406827,-0.11286505910366884,7.625450497270002,0.0,-1,-0.00034965034965039887
1643.925,1.3747865315590388,-0.15399479682843764,7.117258098612481,0.0,-1,-0.011512082363854814
1625.0,-0.49142201176164235,-0.6734011133830395,-6.811380923290457,0.0,-1,-0.0018461538461538307
1622.0,-1.6335744491086643,-0.6051845169100205,-8.590025421000853,0.0,-1,0.010255856966707722
1638.635,-0.6822694636896358,0.11537348950300264,3.267583330295963,0.0,-1,-0.0035608906193265177
1632.8,-0.6360111823394163,0.05387725695107404,-0.6268129162163874,0.0,-1,0.002253797158255688
1636.48,-0.2532144431359029,0.14555799871819586,1.8404963789986226,0.0,-1,-0.002859796636683676
1631.8,-0.43071486993949293,-0.01064747602846472,-1.499491016011227,0.0,-1,0.0011643583772522614
1633.7,-0.32523884417969384,0.031609516577111474,-0.045030704444563696,0.0,-1,-0.003978698659484636
1627.2,-0.7870642609514107,-0.1434053000648685,-4.887965261496689,0.0,-1,0.0032571288102261065
1632.5,-0.5107216142580455,0.04431244887616559,-0.45631539761503603,0.0,-1,-0.016826952526799444
1605.03,-2.619156823056528,-0.6880409199741058,-16.181183083471993,7.22760141848471,-1,-0.0032927733438005147
1599.745,-3.8955280255345315,-0.6548040408173699,-18.32995908423577,6.427589255010389,-1,0.0032848985307034617
1605.0,-3.7711696246456086,-0.17681521330948247,-13.848025421876216,0.0,-1,0.002043613707165104
1608.28,-3.1213929554805873,0.1576538186185128,-11.069971967165088,0.0,-1,0.0017534260203446728
1611.1,-2.3013885412747186,0.32588607760812716,-8.63290590801126,0.0,-1,-0.003103469679101245
1606.1,-2.1162706223990426,0.1703346654946012,-11.64803291804705,0.0,-1,0.005538260382292437
1614.995,-1.1061057777610586,0.39349983671086175,-3.884679775366777,0.0,-1,0.04037473800228497
1680.2,4.924902126037978,2.1415025801699663,23.399545073606248,-14.52605294334603,-1,-0.00012498512081893232
1679.99,7.512497567434366,1.5763660071887848,23.2667905381697,-6.4735781480587775,-1,-0.0016071524235263812
1677.29,7.955253824179636,0.6730407546446848,21.421408166187376,0.0,-1,0.006981499919513023
1689.0,8.48952746720397,0.4024381325563393,24.51469159513229,-0.7009399226990354,-1,0.003966844286560134
1695.7,8.607536999782496,0.1734825550449557,26.155445689471406,0.0,-1,-0.001008433095476824
1693.99,7.8067470160899575,-0.2091024762158611,24.789995356460096,0.0,-1,0.0018949344447134475
1697.2,7.023289772902672,-0.33085323980104864,25.6987970518571,0.0,-1,0.030394178647183523
1748.785,10.345037003567313,0.9969646636211973,35.2153963335339,-14.68564855814293,-1,0.0035538959906449286
1755.0,11.661740868602237,0.7712228428853738,35.95185468258059,-2.9444311533563905,-1,0.000367521367521384
1755.645,11.402031062069682,0.17050434545094006,36.03208640491033,0.0,-1,-0.01175636304605987
1735.005,8.602006903631036,-0.8765066043292347,21.510768356396397,0.0,-1,-0.0028875997475512616
1729.995,6.067660915775605,-1.1369508640615553,18.397124405779365,0.0,-1,0.008384417296003699
1744.5,5.503599512200026,-0.5670040892123778,22.279802006532705,0.0,-1,-0.0002866150759529562
1744.0,4.721268851062177,-0.4497782501167418,21.94127554307235,0.0,-1,-0.008004587155963305
1730.04,2.7733311162380687,-0.7992386616469505,12.814663090910315,0.0,-1,0.008439111234422425
1744.64,2.784917989139558,-0.2625505962484871,17.59221824161753,0.0,-1,-0.001421496698459257
1742.16,2.351968259828709,-0.23183344185311183,15.991991445937316,0.0,-1,0.0011709601873535203
1744.2,2.1094960401876506,-0.1581018871647233,16.71227732519256,0.0,-1,0.000478729503497366
1745.035,1.882051927017983,-0.12851533344479682,17.029861077231047,0.0,-1,-0.005810771703719464
1734.895,0.7664922098483657,-0.414691683538138,9.38515090258177,0.0,-1,-0.0013228466276057338
1732.6,-0.04641199955722186,-0.40919863098124193,7.729411212805829,0.0,-1,0.002712686136442377
1737.3,-0.057329770963633564,-0.14003880079588454,10.251211828429675,0.0,-1,0.0006907269901572644
1738.5,0.041988824246800505,-0.013573401861816832,10.912740317488769,0.0,-1,-0.0011504170261720237
1736.5,-0.07851761350184461,-0.04469327987015399,9.091546140867877,0.0,-1,-0.0034465879642959774
1730.515,-0.6309776979178423,-0.19905112142871723,3.7483076480799724,0.0,-1,0.00438019895811359
1738.095,-0.2229595986325421,0.06965565928552764,8.969274578556586,0.0,-1,0.0005149315773878005
1738.99,0.0742127508960948,0.12227600293805486,9.568043691774186,0.0,-1,0.00023576903834987561
1739.4,0.2507811964192115,0.09961481615372386,9.8661555621145,0.0,-1,-0.007048407496837994
1727.14,-0.703499680520963,-0.28488868692881686,-1.9137003096005003,0.0,-1,-0.006797364429056096
1715.4,-2.1003484789475806,-0.5605791617851448,-10.23822566477245,6.2122255629283245,-1,0.0005829544129649644
1716.4,-2.540410504915144,-0.3335470625842363,-9.267175324993616,1.7791703500104177,-1,-0.0016895828478210584
1713.5,-2.7904073091560804,-0.19451462227505756,-11.27847822092766,1.3588018483496853,-1,-0.0036766851473591933
1707.2,-3.2078717688468714,-0.20399302732194968,-15.402133150801959,2.877017135622964,-1,-0.006560449859418949
1696.0,-4.082614684621603,-0.359578647698894,-21.415245628063882,6.994660670603935,-1,0.0027712264150943078
1700.7,-3.788101585457298,-0.021688516178196338,-16.06175054501002,0.0,-1,0.0007643911330628139
1702.0,-3.216836570420355,0.1831921662862488,-14.574076913198539,0.0,-1,-0.0020329024676850604
1698.54,-2.951467682033581,0.1495203515576744,-16.78599515108875,0.0,-1,0.00271703933966827
1703.155,-2.1882442643372997,0.304247923084652,-11.129447359104446,0.0,-1,-8.220038692885456e-05
1703.015,-1.6359455334609265,0.2855155513203418,-11.240100189149985,0.0,-1,-0.0009747418548867737
1701.355,-1.3618007069010218,0.1865534592934155,-12.641209941042867,0.0,-1,0.0021482876883425206
1705.01,-0.8066615680459108,0.24723086604950884,-7.551608658472219,0.0,-1,0.0005806417557667753
1706.0,-0.37937020128129006,0.22484074427137657,-6.177900640830337,0.0,-1,0.00335873388042196
1711.73,0.34338966554105355,0.31586687036457345,1.2979576068386365,0.0,-1,-0.0014692737756539787
1709.215,0.46657046015729975,0.1463492216602732,-1.8283244830791858,0.0,-1,0.002053574301652983
1712.725,0.7817799857855334,0.15385291576283566,2.646789815644169,0.0,-1,0.00010217635639131473
1712.9,0.8888197497842611,0.08696422658718783,2.8722149900319422,0.0,-1,-0.0011676104851421343
1710.9,0.7016046526348418,-0.033416956854077196,-0.14175820208892276,0.0,-1,0.015179145478987577
1736.87,2.7136967163407917,0.6595583689506244,22.486672678730542,-7.861167071939462,-1,0.002089966433872492
1740.5,3.7961013551653195,0.5806543359250509,24.288737659326188,-7.627094582493555,-1,-0.0067049698362540155
1728.83,3.0484618949803917,-0.055661708086625517,10.203326141482961,0.0,-1,0.0002111254432188847
1729.195,2.4510203403060586,-0.21770108758698603,10.46383387054378,0.0,-1,-0.0030765760946567244
1723.875,1.5047145346100024,-0.38800229776101425,4.668393916163325,0.0,-1,0.0030338626640562527
1729.105,1.3420020872110854,-0.183571581719977,8.96470604202495,0.0,-1,0.001980793531913827
1732.53,1.434229022910813,-0.03044821534008313,11.612025171424378,0.0,-1,-0.006914743179050276
1720.55,0.36249007218475526,-0.36739572202204696,-0.7390613649455986,0.0,-1,0.0007265118712038721
1721.8,-0.09942024252700321,-0.27643534557793514,0.4133697148908766,0.0,-1,0.0024393077012430098
1726.0,0.027909620327591256,-0.04970182757444691,4.289392278886616,0.0,-1,0.00486674391657016
1734.4,0.7892487500610059,0.2372124340529893,11.054390562587614,0.0,-1,-0.0012396217712177249
1732.25,0.9249809190891938,0.12431486769372568,8.588467631660798,0.0,-1,-0.001648145475537599
1729.395,0.677848593679073,-0.040939152572131654,5.293423597105473,0.0,-1,-0.0010957589214725116
1727.5,0.3398783815009665,-0.12630312158341273,3.091342138560762,0.0,-1,-0.007846599131693277
1713.945,-0.9870132563798961,-0.4843982531547585,-9.673115554298647,0.0,-1,0.005764479023539382
1723.825,-0.7448746372886035,-0.08075321135448865,0.05231695242267165,0.0,-1,0.0481632416283555
1806.85,6.357017558697635,2.340379661543917,30.19314456772662,-37.249205707485544,-1,-0.002130780086891493
1803.0,9.057378860132758,1.6802469876596806,27.774962630385232,-18.024013869386636,-1,-0.008569051580698872
1787.55,8.365277939172529,0.32938202223315116,18.557115326307482,0.0,-1,-0.0004755111745124996
1786.7,7.251287650427912,-0.26153608883715496,18.063992561726536,0.0,-1,-0.0036659763810376056
1780.15,5.544185201853452,-0.6562128458038714,14.115379324022186,0.0,-1,0.0004774878521471848
1781.0,4.299451877411684,-0.633648723415213,14.413061560411307,0.0,-1,0.008422234699607012
1796.0,4.568797558739789,-0.1214343473623698,19.39172963148357,0.0,-1,-0.0033407572383074013
1790.0,3.8227372695089343,-0.28916487886440834,15.32963303878492,0.0,-1,-0.0027932960893854997
1785.0,2.7144790191009633,-0.4658077097574598,11.970671873011987,0.0,-1,0.0021008403361344463
1788.75,2.2466433089718976,-0.31121447329550866,13.533142487111007,0.0,-1,0.012382948986722653
1810.9,3.6713385114931043,0.37116024307523254,21.27792140802744,0.0,-1,-0.004610966922524828
1802.55,3.381907903462661,0.027243211681596602,15.455211534569528,0.0,-1,0.00027738481595518394
1803.05,2.9970336074923125,-0.11921036142958386,15.641952508644337,0.0,-1,0.003577271844929397
1809.5,3.0923436588825552,-0.007966770013113855,18.11266656558017,0.0,-1,-0.013567283780049677
1784.95,0.8364700463375812,-0.754613460852696,2.2288813169967696,0.0,-1,-0.005966553684977227
1774.3,-1.2486725971295982,-0.9465853681066252,-3.0486389737188233,0.0,-1,-0.00022544101899335534
1773.9,-2.220521202435748,-0.6394779911375919,-3.2457939523279933,0.0,-1,0.0020857996504874965
1777.6,-2.213068738219363,-0.2106751756404024,-1.0428973944872197,0.0,-1,-0.0020252025202519564
1774.0,-2.324920111259644,-0.10750884956022766,-3.1388432952817737,0.0,-1,-0.0005636978579481866
1773.0,-2.270435788507939,-0.01767484226950744,-3.7499701503106024,0.0,-1,-0.0005076142131980044
1772.1,-2.1289906447564135,0.0412567671606725,-4.345362517552864,0.0,-1,-0.008774899836352379
1756.55,-3.1766855191510786,-0.33547936907799736,-13.392424849937036,1.1288685499023359,-1,0.006319205260311378
1767.65,-2.510809163085696,0.11013232899579517,-4.782238787500589,0.0,-1,-0.004978361100896778
1758.85,-2.701970221462716,-0.027009576460408358,-9.614176217858535,0.0,-1,-0.010575091679222215
1740.25,-4.122386565529041,-0.4824753068422445,-17.716067915712955,4.381891164141734,-1,-0.00856198822008336
1725.35,-5.730729190435113,-0.6969393105827724,-22.607346569956015,8.799556086618395,-1,0.009418378879647582
1741.6,-4.703173070351795,0.11020560316684858,-11.344762255439441,0.0,-1,-0.003559944878272714
1735.4,-4.31413058778071,0.16641602857931126,-13.729841214171465,0.0,-1,0.013656793822749647
1759.1,-1.785098464180237,0.8984827173932617,-0.49649212387955544,0.0,-1,0.0023023136831334945
1763.15,-0.03432419703153755,0.8830856615139872,1.4189031710981084,0.0,-1,0.0031194169526131965
1768.65,1.302256619628679,0.739888826058068,4.048917474627281,0.0,-1,0.002600853758516264
1773.25,2.2453589763229047,0.5609970609174313,6.249928386602285,0.0,-1,0.0004229522064007618
1774.0,2.5922969066432415,0.30264499707925596,6.626297406538939,0.0,-1,-0.005129650507328054
1764.9,1.791407796249814,-0.16608137110472376,0.7414453029130783,0.0,-1,-0.0005099439061703182
1764.0,1.166679258032218,-0.26360330310743985,0.1685078943979832,0.0,-1,0.020521541950113464
1800.2,3.7737583840873867,0.7811586076492429,16.881099686421607,-2.8980311923471618,-1,0.0004721697589156193
1801.05,4.833651415107852,0.6136838795565698,17.168376200754636,0.0,-1,0.001637933427722782
1804.0,5.206626979358816,0.3288864812691781,18.231020839086483,0.0,-1,-0.0006374722838138336
1802.85,4.863395846537969,-0.0047815505172232875,17.287688727379958,0.0,-1,-0.0005269434506475212
1801.9,4.207330626249359,-0.2202822569352776,16.444499519329398,0.0,-1,-0.0024418669182529884
1797.5,3.16202046391777,-0.421864139755622,12.41923494139494,0.0,-1,0.0016411682892907287
1800.45,2.6216970107586803,-0.3207291976382374,14.042007533801367,0.0,-1,-0.00024993751562107924
1800.0,2.095560533282651,-0.2822885583714223,13.576702198620403,0.0,-1,-2.777777777773771e-05
1799.95,1.6536955834376386,-0.2413845027388115,13.519725577715406,0.0,-1,-0.00330564737909389
1794.0,0.799121809895496,-0.3653194254269847,6.790309522331292,0.0,-1,-0.0002787068004459492
1793.5,0.26357477229953474,-0.30028882100764864,6.234048477820352,0.0,-1,0.014162252578756584
1818.9,2.0905033558101422,0.5088799208343198,21.816147765267885,0.0,-1,-0.010116004178349569
1800.5,1.2964257012479266,-0.09506591124263197,5.819839275066428,0.0,-1,0.0014718133851707726
1803.15,1.0121847321961468,-0.1264356267648039,7.34038721034301,0.0,-1,-0.020103707400937254
1766.9,-2.2351178133460508,-1.1245793907690007,-12.353071626460213,0.0,-1,-0.008970513328428353
1751.05,-4.993342601671884,-1.294268059698278,-17.736422068112596,3.640363435473546,-1,-0.004768567430969983
1742.7,-6.652176445695204,-0.9843673012405327,-20.228377694130135,5.149401156591239,-1,0.01139037126298259
1762.55,-5.273078663899014,0.13157682685188554,-8.328554312102654,0.0,-1,0.0056735979121158575
1772.55,-3.3107732176758873,0.6979607576916704,-3.2755167159537493,0.0,-1,-0.00016924769400017414
1772.25,-2.0787227264247576,0.6433370829809335,-3.410053880538399,0.0,-1,0.0015516998166174023
1775.0,-1.0603039202637774,0.5539186297139713,-1.8883281952128783,0.0,-1,-0.01464788732394362
1749.0,-2.6294025238280483,-0.33839332461676674,-12.971176980959918,0.0,-1,-0.0007432818753573267
1747.7,-3.3031682819578236,-0.3373863609155139,-13.43906906733229,0.0,-1,0.0002574812610860455
1748.15,-3.3272871375261275,-0.12050173882793924,-13.132249039538259,0.0,-1,-0.0038612247232788777
1741.4,-3.6245726371832916,-0.13926241282836793,-15.88238589326555,0.0,-1,-0.004823705064890382
1733.0,-4.171167667246436,-0.2286191476305044,-19.07236191879879,0.0,-1,-0.0057703404500865085
1723.0,-4.9302012100074535,-0.3292175634638408,-22.476384644255887,0.0,-1,-2.9019152640752388e-05
1722.95,-4.903034547220841,-0.10068363355907639,-22.49320414867751,0.0,-1,-0.015409617226268879
1696.4,-6.693365003558938,-0.6303380299657242,-29.782519757307185,1.959586892848165,-1,-0.013469700542324992
1673.55,-8.934916481431628,-0.9572965026128051,-33.87003469677306,9.71188411751723,-1,0.009291625586328456
1689.1,-8.015282513581724,-0.012554178254299941,-22.748648221710578,0.0,-1,0.023770055058907058
1729.25,-3.5416919868584955,1.4870121161563095,-2.700325161396158,0.0,-1,-0.019574960242879857
1695.4,-3.8305890579254083,0.39937168169646586,-12.405583260035158,0.0,-1,-0.01141323581455711
1676.05,-5.268321838631664,-0.3461203663365966,-16.740179254446325,0.0,-1,0.0010441215954177796
1677.8,-5.402328075765354,-0.16004220115676215,-15.975772827147509,0.0,-1,-0.0024436762426987
1673.7,-5.360803854685173,-0.03950599335886018,-16.96084751164156,0.0,-1,-0.003554997908824742
1667.75,-5.389141422921284,-0.0226145205316568,-18.434464598009377,0.0,-1,0.009953530205366379
1684.35,-3.5708817551292213,0.5985483824201356,-10.12186592219527,0.0,-1,0.003324724671238233
1689.95,-1.8975117749723722,0.7573061208589951,-7.503711571108688,0.0,-1,-0.002662800674576138
1685.45,-1.277700803646212,0.45903903072838514,-9.094197002820238,0.0,-1,-0.003589545818624029
1679.4,-1.365486917679391,0.12375097223173537,-11.260093099481097,0.0,-1,0.003334524234845704
1685.0,-0.8289227315560765,0.22010505278501658,-8.096415795628154,0.0,-1,-0.005934718100890191
1675.0,-1.324897077531432,-0.0919564310634462,-11.991075937145162,0.0,-1,-0.005014925373134416
1666.6,-2.1624761607247365,-0.309845171418917,-15.025052631878523,0.0,-1,0.0017100684027362423
1669.45,-2.163559355594316,-0.10364278876283217,-13.125486290239778,0.0,-1,-0.007427595914822338
1657.05,-3.0171376733962916,-0.31907370218826925,-17.688623509559875,0.0,-1,-0.0011466159741708726
1655.15,-3.350832026181024,-0.21758935165766724,-18.355318756336576,0.0,-1,-0.0003927136513307561
1654.5,-3.292609867058218,-0.05312239751162018,-18.601580490300623,0.0,-1,-0.004533091568449721
1647.0,-3.6141146319087056,-0.1248757207873692,-21.45002245860066,0.0,-1,0.011050394656952012
1665.2,-1.9570241283415726,0.5107382609265878,-7.407741326546628,0.0,-1,-0.002221955320682256
1661.5,-1.2737268658629546,0.3980118411350686,-9.218203573184894,0.0,-1,-0.0015347577490218978
1658.95,-1.0384343291350433,0.2111014592876599,-10.50381549616791,0.0,-1,-0.0037975828084029217
1652.65,-1.359251866676459,-0.03657202608458521,-13.649477498987778,0.0,-1,-0.0004538165975856989
1651.9,-1.4688896465574999,-0.048736601988542017,-14.028438404743767,0.0,-1,-0.006810339608935179
1640.65,-2.3388010659516567,-0.30621600712756614,-19.35338246761036,0.0,-1,-0.004601834638710334
1633.1,-3.2080233534859417,-0.39181276488728356,-22.39999256409802,0.0,-1,0.007623538056457102
1645.55,-2.3377992177959186,0.15947045693424666,-11.2446616317133,0.0,-1,0.005469295980067512
1654.55,-0.9578705484680086,0.5131330420873856,-4.499849071040622,0.0,-1,0.007192287933274866
1666.45,0.8035829985683449,0.7581955297079129,3.089938043326711,0.0,-1,0.012871673317531362
1687.9,3.404844522205849,1.119819017781806,13.320427018842409,0.0,-1,0.0040286746845192845
1694.7,4.988404907174072,0.9011264675833432,15.937109296122117,-2.105292730758265,-1,-0.012775122440550013
1673.05,3.5603180240602796,-0.175653471843483,2.6499738950885003,0.0,-1,0.007142643674725724
1685.0,3.5454147471650685,-0.06351891624623152,7.858116789930477,0.0,-1,-0.01077151335311577
1666.85,1.730011879787071,-0.6263072612080762,-1.200189805063303,0.0,-1,0.000569937306896362
1667.8,0.7573094561157632,-0.5330032282931281,-0.7382106966576742,0.0,-1,0.0031778390694328085
1673.1,0.6495157896038108,-0.21359896493502684,1.9493588255280443,0.0,-1,-0.00017930787161557493
1672.8,0.5164926405475398,-0.11554070466376598,1.7768691040011007,0.0,-1,-0.008668101386896221
1658.3,-0.8013933206927959,-0.4778088886347006,-6.058541121165192,0.0,-1,-0.00681420732075011
1647.0,-2.335220191255303,-0.6705452530657361,-11.149405775679746,0.0,-1,-0.0012143290831815312
1645.0,-3.0741986105986143,-0.4698412241363492,-12.014851722307455,0.0,-1,0.02373860182370824
1684.05,0.06666206394629626,0.8903398168028539,8.190480384704813,0.0,-1,0.0005938065971913264
1685.05,1.714870562556598,0.8461827718043854,8.574518474799866,0.0,-1,0.0037387614610842057
1691.35,2.9210689316487333,0.6841270469655067,11.077176450364824,0.0,-1,-0.0033700889821739466
1685.65,2.8057457052238988,0.18960127351355727,7.580152981578912,0.0,-1,0.000326283629460411
1686.2,2.560105283243047,-0.018679716155765025,7.838960109713653,0.0,-1,0.00877713201280983
1701.0,3.457276298649049,0.29283043308341217,14.343319905853733,0.0,-1,0.00029394473838917357
1701.5,3.6594221147979624,0.16499208307744206,14.548621418964345,0.0,-1,0.0030855127828386397
1706.75,3.893043179972665,0.13287104941738148,16.780117493979645,0.0,-1,-0.001933499340852518
1703.45,3.410433447562127,-0.11657956099771871,13.967972482046875,0.0,-1,0.0012914966685255713
1705.65,3.0682591273932758,-0.15291796038885686,15.057919833362178,0.0,-1,-0.002198575323190566
1701.9,2.328983706692725,-0.2973977936964691,11.532679544582471,0.0,-1,0.0007050943063633408
1703.1,1.865264020784707,-0.2537058265348291,12.259789907322336,0.0,-1,0.004022077388291967
1709.95,2.0487988427653363,-0.023390334851399963,16.30000969012565,0.0,-1,0.0010234217374776033
1711.7,2.115666350191759,0.014492390858340976,17.29389100267622,0.0,-1,-0.009756382543670061
1695.0,0.5811279080558052,-0.5066820170925377,1.263365014844311,0.0,-1,0.0
1695.0,-0.23456863868341316,-0.44079285461058537,1.263365014844318,0.0,-1,-0.004306784660766949
1687.7,-1.2312028588294197,-0.4791423582521973,-4.5761579087165885,0.0,-1,0.0042069088108076524
1694.8,-1.0352530640000168,-0.09439752114093147,1.4058529831857527,0.0,-1,-0.0010620722209110367
1693.0,-1.0010070779185298,-0.02005051168648153,-0.13379764252955795,0.0,-1,0.003514471352628501
1698.95,-0.40463349505125734,0.19210769039359699,4.8346111100132845,0.0,-1,-0.0005591688984373233
1698.0,-0.15189391236344818,0.14828242436046873,3.887204310371061,0.0,-1,-0.018845700824499434
1666.0,-2.679532961655923,-0.7931188749773352,-17.27453675645839,10.054442874858523,-1,0.004741896758703623
1673.9,-3.0617247394975493,-0.3917702176063207,-10.732384059141197,0.0,-1,0.006213035426249958
1684.3,-2.1310102334603016,0.1796480961436422,-3.1693653364804533,0.0,-1,-0.00041560292109488195
1683.6,-1.5464021276532094,0.25475206731691147,-3.601482130146053,0.0,-1,-0.00466262770254211
1675.75,-1.7793978974452784,0.007252099174947402,-8.386014727899827,0.0,-1,0.0047739817991943045
1683.75,-1.0809459575541496,0.23523467968869216,-2.281372569648262,0.0,-1,0.0009799554565701474
1685.4,-0.5041411578124553,0.27067982647679556,-1.0579783018454947,0.0,-1,0.004509315296072014
1693.0,0.4596063385426987,0.4114757742773166,4.4026902753155355,0.0,-1,0.0005906674542233148
1694.0,0.9865128918415849,0.3127941091920676,5.10467430062991,0.0,-1,0.005017709563164052
1702.5,1.8760900941711043,0.4007904371738624,10.803801775237531,0.0,-1,-0.006784140969163022
1690.95,1.202037854154696,-0.09108726761418184,1.024524503305571,0.0,-1,0.0012123362606817345
1693.0,0.9356752463002067,-0.119149958489557,2.5301711412273775,0.0,-1,-0.011370348493798033
1673.75,-0.8796456614852559,-0.6448236220916733,-10.227283111837501,0.0,-1,-0.002180731889469767
1670.1,-2.0181689769208333,-0.5944489791757503,-12.163210669653338,0.0,-1,0.0045206873839891415
1677.65,-1.790083219895223,-0.12212107405004669,-5.908680865124019,0.0,-1,-0.0014603761213602962
1675.2,-1.7310334063913615,-0.021023753515394983,-7.452210096259307,0.0,-1,0.007223018147086924
1687.3,-0.5489223824399687,0.3870290901453326,1.8060801854861595,0.0,-1,-0.0013631245184614338
1685.0,-0.10379000526108939,0.2773871557747373,0.10090281072990592,0.0,-1,0.0027002967359051055
1689.55,0.5065920171000471,0.2959230593786246,3.4674646427169193,0.0,-1,0.0023674943032168105
1693.55,1.1029003601890963,0.2974104674892246,6.344461218305554,0.0,-1,0.0034838062058988317
1699.45,1.800812835051147,0.3317743141170917,10.361024057973786,0.0,-1,-0.01641707611286014
1671.55,-0.32529866377194594,-0.5981123949020004,-9.309560810188145,0.0,-1,0.004068080524064488
1678.35,-0.7945795245359477,-0.35579775188866747,-4.499857977135619,0.0,-1,-0.001996007984031878
1675.0,-1.242171661206612,-0.26779662951977734,-6.433770800509123,0.0,-1,0.0024179104477610736
1679.05,-1.0249534244414917,-0.01685946425155227,-3.3857548495438152,0.0,-1,-0.0006253536225842016
1678.0,-0.9184315206887277,0.029887479833737296,-4.0998952593415225,0.0,-1,0.0023837902264600697
1682.0,-0.4553012754215615,0.16433924170030112,-0.8052993845892047,0.0,-1,-0.0001783590963139181
1681.7,-0.21079437983621574,0.1362820457618823,-1.0536952654710632,0.0,-1,0.005411191056668763
1690.8,0.6873585996095244,0.3448116750692075,6.371004694750724,0.0,-1,0.003371185237757368
1696.5,1.5541552060315098,0.40386942716373087,10.381019499385658,0.0,-1,0.0023577954612437058
1700.5,2.1913739087399335,0.34702937662405153,13.03047859249643,0.0,-1,-0.0021758306380476045
1696.8,2.0190354343658328,0.05823030074998359,8.976930660445014,0.0,-1,-0.0010608203677510142
1695.0,1.6146132443150236,-0.11539729643360852,6.995611686339743,0.0,-1,-0.003097345132743401
1689.75,0.8403510455966625,-0.29655316505065654,1.3996273406413948,0.0,-1,-0.0013907382748926667
1687.4,0.18735735910445328,-0.31651561718095533,-0.9934422067715971,0.0,-1,0.005392912172573094
1696.5,0.6035807359330647,0.033235919882552034,7.51682729775046,0.0,-1,0.0017683465959328348
1699.5,1.0113940296862438,0.14701640454524367,9.964278263429492,0.0,-1,0.00023536334215945587
1699.9,1.1643511740887789,0.09999118298259302,10.303083456167592,0.0,-1,8.824048473421442e-05
1700.05,1.1563004817826368,0.030646830225483646,10.442565810233162,0.0,-1,0.005470427340372286
1709.35,1.8309167621475808,0.23508770353014263,18.151590304157878,0.0,-1,0.005148155731711013
1718.15,2.7489818388178264,0.38438426006679594,23.567451893580156,-2.6041600238017963,-1,0.003288420685038984
1723.8,3.4497658905847857,0.3617227706112516,26.427120500746184,-3.4393389800786736,-1,0.0006961364427429118
1725.0,3.6126774255862983,0.17487810187092157,27.01397552900555,0.0,-1,-0.001884057971014541
1721.75,3.122243407621454,-0.10518530536464077,21.646468889381993,0.0,-1,-0.0018295339044577252
1718.6,2.3543394480041115,-0.2910297549939944,16.644381521061874,0.0,-1,0.0007564296520423675
1719.9,1.8825258475283135,-0.25428111848993096,17.679118495591595,0.0,-1,0.0009012151869294271
1721.45,1.6189085599964983,-0.17263280200724873,18.95496650271741,0.0,-1,0.002788347033024552
1726.25,1.7521908695641741,-0.013116830813191038,22.667437896488053,0.0,-1,0.0
1726.25,1.6728161185510544,-0.030830527275437003,22.667437896488053,0.0,-1,-0.0022302679217957033
1722.4,1.1728940664986567,-0.1769175264426115,14.973610216541886,0.0,-1,-0.0007547607988853677
1721.1,0.7168585349309069,-0.2109843526701205,12.491265778995384,0.0,-1,-0.004648190110975503
1713.1,-0.2375641087639906,-0.3884689987883394,-0.4522700510043265,0.0,-1,-0.0042612807191640956
1705.8,-1.3033117548809514,-0.48473888163510015,-9.051539397745088,0.0,-1,-0.0003224293586586713
1705.25,-1.7734095983662428,-0.31827890837346384,-9.637958667780786,0.0,-1,-0.004163612373552228
1698.15,-2.452341053578266,-0.3324034545284955,-16.51595211059073,0.0,-1,0.0007949827753730432
1699.5,-2.474945026719297,-0.11833580922317566,-14.204489143833236,0.0,-1,-0.00770814945572218
1686.4,-3.3716682610634052,-0.33835301452242783,-23.9607698239798,3.339319317252375,-1,0.009013282732447614
1701.6,-2.272390856480115,0.2536414633536208,-4.729532001704982,0.0,-1,0.0018511988716503058
1704.75,-1.2708862494819186,0.4183820234506057,-1.63782577928432,0.0,-1,0.004663440387153495
1712.7,-0.001726758525819605,0.5625138381355683,5.423644131156813,0.0,-1,0.0011385531616745492
1714.65,0.795496883496071,0.45324582671915303,7.025285004732417,0.0,-1,0.0063278220044906686
1725.5,2.0319839642156694,0.5632443024795839,14.836304319963546,0.0,-1,0.000869313242538361
1727.0,2.605895507557534,0.37905194860714975,15.7914045745147,0.0,-1,-0.0006079907353792047
1725.95,2.588193320265418,0.12044992043834446,14.430273486444278,0.0,-1,-0.007937657521944419
1712.25,1.221992783263886,-0.41525020552106273,-0.435572996173768,0.0,-1,-0.0004088188056651232
1711.55,0.3787264494910687,-0.41950551309796,-1.0764178198920646,0.0,-1,-0.006777482398995005
1699.95,-1.0411339215195312,-0.61312196136952,-10.483915784247102,0.0,-1,-0.008206123709520896
1686.0,-2.8268029468981695,-0.7995969955827196,-18.561646725106563,0.0,-1,-0.0005041518386713628
1685.15,-3.554903880679376,-0.5092326431213086,-18.990795926589684,0.0,-1,-0.0019286116962882183
1681.9,-3.893545690846622,-0.2826248177628514,-20.690520490959468,0.0,-1,0.009096854747606908
1697.2,-2.4634044550264207,0.3825054726857835,-4.938668519133927,0.0,-1,0.0027103464529814048
1701.8,-1.1597167991974402,0.562064376171588,-1.1324726902152307,0.0,-1,-0.01098836526031266
1683.1,-1.9695632380164625,-0.08259402088247803,-12.779936595545557,0.0,-1,-0.005169033331352768
1674.4,-2.9353561875911964,-0.34946232348573725,-16.862775761398765,0.0,-1,-0.004419493549928433
1667.0,-3.7903063134128843,-0.4014708164358085,-19.97543673260354,0.0,-1,-0.0015296940611877474
1664.45,-4.114422516872537,-0.2418623399651536,-21.017785856884956,0.0,-1,0.001021358406680939
1666.15,-3.79194540886283,0.026871589348184344,-19.237282677879058,0.0,-1,-0.004351348918164577
1658.9,-3.9188780707861497,-0.03335369085837847,-22.503866647831817,0.0,-1,-0.0009042136355416064
1657.4,-3.780771229182392,0.03491771691512646,-23.15907194918352,0.0,-1,-0.006697236635694548
1646.3,-4.321653539282124,-0.16865486439486865,-27.55638849671589,0.0,-1,-0.0034319382858530867
1640.65,-4.702790232725192,-0.18326385261264555,-29.45957996479744,0.0,-1,-0.0022552037302289163
1636.95,-4.809792726719479,-0.09675544886897747,-30.653312739216492,0.0,-1,-0.0036958978588227387
1630.9,-4.9666445798234236,-0.08453576732430701,-32.50097577699752,0.0,-1,0.0006744742166902018
1632.0,-4.539516791390042,0.11419734036969142,-30.93937221056055,0.0,-1,-0.0001225490196078427
1631.8,-3.964326497890852,0.22979587795629364,-31.011980495282085,0.0,-1,9.192302978311417e-05
1631.95,-3.333870809650307,0.286750522065613,-30.755626246437163,0.0,-1,0.01090719691167008
1649.75,-1.257487064725865,0.7877114223300183,-6.981236676908807,0.0,-1,0.0006061524473404134
1650.75,-0.03117127020323096,0.6713424056175509,-5.952989864529265,0.0,-1,-0.0003937604119340632
1650.1,0.5304175662417947,0.41097708068752564,-6.519658653699885,0.0,-1,-0.0024846978970970435
1646.0,0.42534385394424135,0.10196778946332408,-10.11583783915431,0.0,-1,0.00036452004860265674
1646.6,0.38736167663341803,0.0213285373841669,-9.318099453136178,0.0,-1,0.004160087452933503
1653.45,0.9069237815917859,0.18029688078084494,-0.7715835230110315,0.0,-1,-0.001360791073210521
1651.2,0.9036278522717112,0.05900031715359011,-3.230877990855454,0.0,-1,0.0148679748062015
1675.75,2.8725108999224176,0.6759611216014321,16.847753196948844,-0.36239343566171556,-1,0.003132925555721311
1681.0,4.0550765154209785,0.6195089123666642,19.574665274080886,-2.294031770798256,-1,-0.0005948839976204212
1680.0,4.225102946885045,0.2631784479435768,18.384212407570217,0.0,-1,0.0011904761904761862
1682.0,4.124690917043381,0.05425547270063813,19.54231094806407,0.0,-1,-0.0027942925089179393
1677.3,3.339093992369044,-0.24378048399123298,13.471513839208313,0.0,-1,0.006945686520002381
1688.95,3.6388710306675875,0.018665518102436884,20.551669902985964,0.0,-1,-0.00026643772758228046
1688.5,3.4480202972611096,-0.05739507176801384,19.969613979478368,0.0,-1,0.0105419010956469
1706.3,4.548593239119555,0.3477259566968103,27.960894264451085,-0.41765231592921737,-1,-0.0024321631600537907
1702.15,4.373996940122197,0.057709885899817515,22.933227700995232,0.0,-1,0.000381869987956307
1702.8,3.976365712280085,-0.1133071139807651,23.233629063431223,0.0,-1,0.00035236081747713754
1703.4,3.4961862890024804,-0.19782884575278992,23.534884303503958,0.0,-1,0.002465656921451176
1707.6,3.314747719946581,-0.12642247160289655,25.66512991905303,0.0,-1,0.000673459826657341
1708.75,3.0436327920897384,-0.13251246648657977,26.24680957418623,0.0,-1,8.778346744708898e-05
1708.9,2.6669392621538464,-0.16973533214082392,26.328811831807045,0.0,-1,0.000994791971443476
1710.6,2.3980142253396934,-0.14622012298499243,27.31499566392357,0.0,-1,0.0022214427686193527
1714.4,2.380383854821048,-0.05461683116787919,29.442188518492202,0.0,-1,-0.004403873075128462
1706.85,1.544036681659918,-0.2969880014430031,15.81740528276832,0.0,-1,0.0017869174209803607
1709.9,1.2513600382744698,-0.19655488160948376,18.260753639883546,0.0,-1,0.0004386221416456948
1710.65,1.0632417133920171,-0.1282244021639789,18.868742940504305,0.0,-1,-0.00035074386928957146
1710.05,0.830579074834759,-0.12029568024041237,17.715724290821214,0.0,-1,0.0005263004005731098
1710.95,0.7200328326532599,-0.0769473074739705,18.59212256393485,0.0,-1,0.0061077179344808386
1721.4,1.475590308841447,0.2262033895714055,26.738707357279623,0.0,-1,0.003514581154874019
1727.45,2.234569854532083,0.3283943117540138,30.06493012363501,0.0,-1,-0.003965382500217163
1720.6,1.8570121394996022,-0.01638780109282223,17.857886344587584,0.0,-1,0.0019179356038592221
1723.9,1.7884822703585996,-0.028305890077941598,20.283113062356293,0.0,-1,-0.0018852601659028467
1720.65,1.3343438132581014,-0.16081478239281322,14.922664206434817,0.0,-1,0.001656350797663686
1723.5,1.233579266936431,-0.08719310957149462,17.349076648317578,0.0,-1,-0.0002901073397156839
1723.0,1.0387320548641128,-0.09401344054793759,16.453020173158023,0.0,-1,0.03389437028438769
1781.4,5.721414110922524,1.5295562051701586,37.69662710041534,-30.46801619527855,-1,0.004266307398675062
1789.0,8.219303963041739,1.3424820190964581,38.72869281578488,-21.668338573270603,-1,-0.0006428172163219781
1787.85,8.687473558847842,0.603550538300853,37.49471676086284,-8.458411635557013,-1,-0.003831417624520994
1781.0,7.626768893513599,-0.15238470901112944,30.12017934436561,0.0,-1,0.006681639528354877
1792.9,7.452519153053572,-0.10887814982371857,32.90190645497198,0.0,-1,0.0035138602264488394
1799.2,7.2693510200690525,-0.09734876093607969,34.202223083658296,0.0,-1,0.0008059137394398341
1800.65,6.692821035237785,-0.22462624858911617,34.50360490392505,0.0,-1,-0.0032765945630744975
1794.75,5.355154289885604,-0.5207643313137655,27.79383316676835,0.0,-1,-0.0005293216325393812
1793.8,4.160891393052452,-0.5716757427156391,26.704198949539204,0.0,-1,-0.0062437283978147295
1782.6,2.2836856618814636,-0.8162938246288762,14.812445926491634,0.0,-1,-0.0036463592505329157
1776.1,0.6131089911393701,-0.8289568317903233,8.921890592650314,0.0,-1,-0.00014075784021172488
1775.85,-0.2941050934934992,-0.5787236388077309,8.693921956299874,0.0,-1,0.000591266154235992
1776.9,-0.6357033780186612,-0.30677397444429766,9.426489700403415,0.0,-1,0.0016601947211434265
1779.85,-0.5076939054465583,-0.05958816729073163,11.554944958757062,0.0,-1,0.0017698120628142355
1783.0,-0.1388813437065437,0.103074798149761,13.807554404306735,0.0,-1,-0.008805384183959597
1767.3,-1.2512349508608622,-0.3364262696681859,-1.82455913321634,0.0,-1,-0.0057715158716686865
1757.1,-2.5531421751998096,-0.5461111646690444,-9.064056517665215,0.0,-1,0.0012236070798474774
1759.25,-2.8121672727693294,-0.2683787540795213,-7.055982643029466,0.0,-1,0.0001705272133010194
1759.55,-2.6823325488232967,-0.04618134337782953,-6.756814933695146,0.0,-1,-0.004916029666676036
1750.9,-3.114720807781623,-0.15952320077871862,-12.97619282509639,0.0,-1,0.002798560740190581
1755.8,-2.663021536612405,0.09739202346349973,-7.748528903288069,0.0,-1,-0.01591866955234089
1727.85,-4.544420106310099,-0.5946688487447314,-22.314223262351646,9.708020586208704,-1,-0.002806956622391943
1723.0,-5.5105843822998395,-0.5202777082448238,-24.039727468615162,5.239680833070224,-1,-0.009866511897852592
1706.0,-6.951117821769685,-0.6536037159048895,-29.110292361313604,9.772568359770503,-1,-0.004542790152403331
1698.25,-7.737958056357002,-0.4801479834974023,-30.99098168273197,5.6029201915878275,-1,-0.00047107316355066153
1697.45,-7.553215002287516,-0.09846830980930577,-31.18526193040863,0.0,-1,0.001354973636926049
1699.75,-6.639742225062264,0.27166815580531534,-28.618480180006774,0.0,-1,0.003088689513163656
1705.0,-5.1921939843609834,0.573072132168865,-22.78232750812707,0.0,-1,0.02170087976539592
1742.0,-0.9524036986470037,1.604287472627615,3.973167877657005,0.0,-1,-0.0076061997703789075
1728.75,0.1426917524304372,0.8997943079016855,-2.914136003448796,0.0,-1,-0.006189443239334791
1718.05,-0.21331816806673487,0.18126146246817115,-7.7514925297369,0.0,-1,-0.00276476237594947
1713.3,-0.769379947643074,-0.12493343903605603,-9.789136373046063,0.0,-1,0.0022471254304559096
1717.15,-0.6624625084607487,-0.006005333284576864,-7.300288649635235,0.0,-1,0.0009317764901144443
1718.75,-0.4204652464979972,0.0786639762260582,-6.219648949135291,0.0,-1,0.0001454545454544487
1719.0,-0.24359451164173151,0.08517823702744132,-6.036176810896926,0.0,-1,0.006369982547993036
1729.95,0.7776403984230456,0.3688043823640729,1.643889279342858,0.0,-1,-0.008815283678719088
1714.7,-0.047378846413039355,-0.152071620824004,-7.3925136724558556,0.0,-1,0.009418557182014231
1730.85,0.8898931017033647,0.2617334424308001,2.406539312560227,0.0,-1,-0.0056908455383192225
1721.0,0.46353798395284684,-0.0548738917732392,-3.028295785777402,0.0,-1,-0.0012492736780941316
1718.85,0.03256559308169926,-0.1619487608814623,-4.180710927794578,0.0,-1,0.0
1718.85,-0.18563440177763368,-0.12671625191359845,-4.180710927794564,0.0,-1,0.0018326206475260953
1722.0,-0.01676486572569047,0.01405109471278159,-1.878489782027252,0.0,-1,-0.0017421602787456303
1719.0,-0.18093302555598711,-0.05003902170583835,-3.949146996417973,0.0,-1,-0.005991855730075546
1708.7,-1.1062726866746289,-0.32512622760816,-10.442528835586039,0.0,-1,-0.004506349856616132
1701.0,-2.118419793344401,-0.4457577780926443,-14.589887206442803,0.0,-1,0.0002645502645501896
1701.45,-2.410458363900716,-0.24593211621631994,-14.153129906271651,0.0,-1,-0.0012930147815098936
1699.25,-2.538939452187151,-0.12480440150091843,-15.423201162865958,0.0,-1,0.004884507871119492
1707.55,-1.6999350419814618,0.23806666956825695,-6.962967576044832,0.0,-1,0.0029281719422564745
1712.55,-0.7221049167135334,0.4052989316120619,-2.4252210156576695,0.0,-1,-0.01185366850602898
1692.25,-1.8646811110199906,-0.24575908756479836,-15.00210548989282,2.032351922633552,-1,0.000915940316147168
1693.8,-2.151412448921519,-0.17749680848877558,-13.576221617119614,0.0,-1,-0.0054610933994568844
1684.55,-2.8863270804622516,-0.3041371466765028,-18.201435056544934,1.7678547912912563,-1,0.0006826748983408404
1685.7,-2.9174238061939377,-0.11174462413606312,-17.025720558203645,0.0,-1,-0.00047458029305325056
1684.9,-2.75652018521032,0.01638633228251818,-17.459315967978675,0.0,-1,0.000326428868182127
1685.45,-2.400525025951083,0.12412716384725186,-16.78844211111705,0.0,-1,-0.0005636476905277465
1684.5,-2.101650360825488,0.14100060965761552,-17.410449736259196,0.0,-1,-0.0021668150786584572
1680.85,-2.0812421648606687,0.05380293520747825,-19.823169254144453,0.0,-1,-0.005146205788737812
1672.2,-2.6184345531398776,-0.16112981769057688,-24.74623218211124,0.0,-1,-0.0012558306422677523
1670.1,-2.8438278678511324,-0.12884104413394404,-25.810730996625413,0.0,-1,-0.002395066163702775
1666.1,-3.0528722028857374,-0.11262845972284952,-27.791929593088174,0.0,-1,0.0026108877018187204
1670.45,-2.54048835349613,0.13325179655558594,-20.786387119988365,0.0,-1,-0.003861234996557883
1664.0,-2.6100890660097775,0.021217028013979622,-24.56071840778557,0.0,-1,-0.00048076923076922906
1663.2,-2.4940486667658206,0.045752475752645516,-25.005741721731148,0.0,-1,0.0034872534872534278
1669.0,-1.7448577449133609,0.2649811325350351,-15.741441125855566,0.0,-1,-0.006710605152786098
1657.8,-2.1581908052444305,-0.04945064259867804,-22.918393588162324,0.0,-1,-0.0029858849077090133
1652.85,-2.597508101639505,-0.16292264633125075,-25.444567439785654,0.0,-1,-0.000605015579151158
1651.85,-2.6840410747006445,-0.08315187313079653,-25.948171478042788,0.0,-1,-0.0039047128976600343
1645.4,-3.041137471672755,-0.14674942336763586,-29.030301813551944,0.0,-1,0.006411814756290157
1655.95,-2.087090880852884,0.2690990558174118,-14.101601032404822,0.0,-1,0.0012379600833358761
1658.0,-1.2653100120382987,0.36362664154399904,-11.589739849342465,0.0,-1,-0.0050060313630880815
1649.7,-1.440643743294686,0.06276430342920403,-17.346050196011625,0.0,-1,-0.009183487906892163
1634.55,-2.670756963648273,-0.38911630564146105,-24.957490292019983,1.371904375335589,-1,-0.0018659569912208296
1631.5,-3.317417160187688,-0.3452588340602918,-26.19851346785762,0.0,-1,0.0009193993257738953
1633.0,-3.2392958284417546,-0.08904583410478617,-24.189452494332446,0.0,-1,-0.0002449479485610029
1632.6,-2.9636271768654296,0.0622076058238461,-24.38952640043676,0.0,-1,0.0031238515251745813
1637.7,-2.153823919671595,0.2906702876725604,-17.02877436673692,0.0,-1,-0.0018318373328448656
1634.7,-1.8194369644354538,0.20835241430290052,-19.031576565542647,0.0,-1,0.006453783568850513
1645.25,-0.6214570731144704,0.46877743520796145,-5.789794762092093,0.0,-1,0.0008813250265917727
1646.7,0.15015429530558322,0.41346293454267175,-4.202026229795884,0.0,-1,-0.0035829234226028017
1640.8,0.031780454906765954,0.09836303138128484,-9.423025034021322,0.0,-1,-0.005028035104826967
1632.55,-0.7175548365348732,-0.21699075335345153,-15.528589383797062,0.0,-1,0.002817677865915469
1637.15,-0.6490929125443472,-0.04950960978764185,-9.940917381983802,0.0,-1,0.0032984149283814546
1642.55,-0.11077087450371437,0.16293747608433035,-3.9414074266227317,0.0,-1,0.0015220236826885003
1645.05,0.3759543840583319,0.2165542448821256,-1.3001266555725124,0.0,-1,0.0017932585635695997
1648.0,0.833820814667888,0.22480689183056057,1.7946347459362997,0.0,-1,0.0017900485436892488
1650.95,1.2391022954170694,0.21002945752658064,4.822838969499131,0.0,-1,-0.0015142796571671058
1648.45,1.1301511778401618,0.033692779983224286,1.761095996333097,0.0,-1,-0.00239619036064187
1644.5,0.6523296875650431,-0.14804290343063153,-2.860643234528297,0.0,-1,-0.0028884159318941505
1639.75,-0.03677519820303132,-0.27904926306623534,-7.885127279082795,0.0,-1,-0.0010367434060070124
1638.05,-0.5199297079034295,-0.25406792425554453,-9.597615598728481,0.0,-1,-0.0024724520008546635
1634.0,-1.0556794870951762,-0.2632725678157637,-13.523756031432526,0.0,-1,0.0033047735618114693
1639.4,-0.7855810860994552,0.0022752777266524804,-5.529487606203489,0.0,-1,-0.00268390874710267
1635.0,-0.9517334617601136,-0.05462569931133532,-10.078017605962714,0.0,-1,-0.003058103975535187
1630.0,-1.3721651944438236,-0.15835247733168178,-14.644024591143804,0.0,-1,-0.0048466257668712265
1622.1,-2.1263672945819962,-0.3041848591566181,-20.556036735369403,3.3117488538548514,-1,0.004993526909561785
1630.2,-1.651271070102439,0.05697045510764642,-9.26603987025954,0.0,-1,0.0028524107471474824
1634.85,-0.8886170353541729,0.27320816328530406,-3.77716911142263,0.0,-1,-0.001131602287671618
1633.0,-0.5874052650340218,0.19147331120181843,-5.595127705999424,0.0,-1,0.0045315370483771655
1640.4,0.2288177255456958,0.3358987672605121,2.6769994730323816,0.0,-1,-0.0039014874420874035
1634.0,0.08452774370675797,0.06386959514052479,-3.912724859448055,0.0,-1,0.002631578947368318
1638.3,0.3636721074783509,0.11433798630403927,0.6920571359336307,0.0,-1,-0.0032350607336872894
1633.0,0.03127161374095522,-0.07268750247778548,-4.616545809945492,0.0,-1,0.00027556644213100334
1633.45,-0.10003460093935246,-0.06799790571936438,-4.082240929267655,0.0,-1,-0.00015305029232604017
1633.2,-0.17818482486791254,-0.048716043215974836,-4.357864183317844,0.0,-1,0.0002143032084251928
1633.55,-0.1732445347599878,-0.014591917702683366,-3.8550045619592055,0.0,-1,0.01570199871445621
1659.2,1.9811626548573713,0.7132717573048921,19.283428185764535,-7.116906835478858,-1,-0.0045805207328833975
1651.6,2.259936028428001,0.3306817102918407,10.69793060142883,0.0,-1,0.0008476628723661506
1653.0,2.3276613795108005,0.1328023537915466,11.670108242171843,0.0,-1,0.0019358741681791969
1656.2,2.434218940092933,0.07978663812455977,13.935726969005472,0.0,-1,-0.0016000483033450363
1653.55,2.0638128087095993,-0.09687316441959126,10.637763836804773,0.0,-1,0.0008769012125426912
1655.0,1.8274586756253939,-0.11107576583459888,11.834645219144456,0.0,-1,-0.003625377643504568
1649.0,1.0569933861145273,-0.2938470184484885,4.250359156548974,0.0,-1,-0.001546391752577314
1646.45,0.3711779591828872,-0.32655414846004294,1.2802049054872668,0.0,-1,-0.0012147347323028246
1644.45,-0.1693279175481166,-0.2890200083970156,-1.055036084657253,0.0,-1,-0.004895253732250859
1636.4,-1.0963035294512338,-0.4053318734333776,-9.336547072771992,0.0,-1,-0.001466634074798412
1634.0,-1.6684327079485683,-0.32582035064357084,-11.494759843726584,0.0,-1,0.00021419828641366934
1634.35,-1.7862945715348815,-0.14789407140996125,-10.97040728267335,0.0,-1,-0.001437880502952238
1632.0,-1.892200955699991,-0.08460015185835701,-13.304688476773471,0.0,-1,0.0006127450980393245
1633.0,-1.7041374014740995,0.034487800789178236,-11.563787337659491,0.0,-1,0.0003061849357011148
1633.5,-1.426427507571816,0.10406589823048717,-10.637371237989193,0.0,-1,-0.0033670033670033517
1628.0,-1.6270369349897464,-0.032181176395814415,-16.752313622775887,0.0,-1,-0.001289926289926191
1625.9,-1.7667552374496154,-0.057299826285227784,-18.808038791256383,0.0,-1,0.0030137154806568756
1630.8,-1.2810514522254834,0.14280131964630138,-9.301855535523195,0.0,-1,0.001287711552612203
1632.9,-0.756445271927987,0.2224691666479326,-5.641316005609809,0.0,-1,-0.004654296037724381
1625.3,-1.0644384091185657,-0.028507990180882015,-14.462314474279765,0.0,-1,0.004122315880145333
1632.0,-0.5713984436206374,0.15484399177234875,-3.9530201570836496,0.0,-1,-0.0006740196078430793
1630.9,-0.3689285905697943,0.11910461494106395,-5.282912670363238,0.0,-1,0.003954871543319527
1637.35,0.3005503851695721,0.2628611968934768,3.472042024848065,0.0,-1,-0.00018322289064642838
1637.05,0.5852440076084804,0.18251827311079505,3.0379629480084844,0.0,-1,0.00027488470113934405
1637.5,0.7163204848607165,0.10453158345434377,3.664867242015802,0.0,-1,-0.0020458015267175167
1634.15,0.4429986830816688,-0.05626340610823466,-1.6715188989680527,0.0,-1,0.0018664137319095442
1637.2,0.5235878919352217,0.008108600915106123,3.0512208552255444,0.0,-1,0.0007940386024920532
1638.5,0.6285835053674873,0.037701404782457204,4.999112819349783,0.0,-1,-0.005157155935306745
1630.05,-0.0754673133635606,-0.22211647131619694,-7.681532193932711,0.0,-1,0.011656084169197278
1649.05,1.1621295533846023,0.3384934651439887,13.400583890787019,-5.002845983102361,-1,-0.005488008247172549
1640.0,0.9299171906432093,0.035427034134198565,3.1245575826414154,0.0,-1,0.000518292682926802
1640.85,0.8071512433855332,-0.029112971041159175,3.9042453425244688,0.0,-1,0.0018892647103636584
1643.95,0.9368389994747304,0.03352492834934595,6.8150183240367355,0.0,-1,-0.0005778764560966376
1643.0,0.8444462942297832,-0.019622592298533692,5.619128993905953,0.0,-1,0.0006086427267193439
1644.0,0.8112127504214186,-0.01761871203563281,6.685468133854698,0.0,-1,-0.00669099756690994
1633.0,-0.1896717506845107,-0.3395010710471874,-6.182209660703819,0.0,-1,0.0030618493570115923
1638.0,-0.2576413553470047,-0.1358235585698938,-0.40358272808097695,0.0,-1,-0.0017704517704518752
1635.1,-0.511822711399418,-0.13000163820743577,-3.4866895729506524,0.0,-1,0.004403400403645064
1642.3,0.003738503191016207,0.12851985879433284,4.34289361868759,0.0,-1,-0.005114778055166469
1633.9,-0.4387924314464726,-0.10467035861438534,-4.324365710166347,0.0,-1,0.0004896260481057624
1634.7,-0.556825196144473,-0.07423437443746189,-3.4227255160060466,0.0,-1,-0.0007340796476418276
1633.5,-0.6694394788148657,-0.062282885702618196,-4.676475734248584,0.0,-1,0.0037343128252218527
1639.6,-0.16162666358218303,0.1485099765100215,2.539215512689843,0.0,-1,-0.004848743595998961
1631.65,-0.5567513673340727,-0.08220490908062272,-5.890360330993701,0.0,-1,6.128765360213784e-05
1631.75,-0.6995844385987766,-0.07501266011510888,-5.765312362759985,0.0,-1,0.0006128389765589493
1632.75,-0.62936893768142,-0.001599053065917455,-4.4126266232731695,0.0,-1,-0.0008268259072117257
1631.4,-0.6543137757491877,-0.008847963711228424,-6.01309620637408,0.0,-1,0.0030955007968616055
1636.45,-0.19142671347049145,0.15134636618915598,1.1195853676727126,0.0,-1,-0.0018026826361942083
1633.5,-0.1898642895419016,0.05096959670591528,-2.782978114427806,0.0,-1,-0.0005509641873279181
1632.6,-0.2482610534491414,-0.002475722400441499,-3.9740645046385836,0.0,-1,-0.017395565355873943
1604.2,-2.623437680948655,-0.792550783299985,-25.576055915659037,13.762866868820765,-1,-0.002181772846278518
1600.7,-3.884072854619262,-0.6843953189901972,-27.050957141176298,9.649825209097116,-1,0.0005310176797650445
1601.55,-4.119884370236377,-0.30673561153577067,-25.815539660783397,3.351452799783601,-1,-3.121975586151127e-05
1601.5,-3.8986330971920324,-0.028494779497141742,-25.8408574505698,0.0,-1,0.0032469559787700053
1606.7,-3.029788035903721,0.2801167605970565,-17.656413304112853,0.0,-1,-0.00043567560838986275
1606.0,-2.4012165022677436,0.30289609807767803,-18.170187423017868,0.0,-1,0.0026774595267746726
1610.3,-1.5284960269273142,0.3918721911393692,-11.502091542539347,0.0,-1,-0.0020493075824380425
1607.0,-1.2397611203466568,0.22686903257334223,-14.465934707618302,0.0,-1,0.005196017423770849
1615.35,-0.2962469070273528,0.39012774863088207,-2.995343100688416,0.0,-1,0.0008357321942613627
1616.7,0.31269744188466575,0.33302403251430024,-1.3538710094841093,0.0,-1,-0.0003401991711511343
1616.15,0.545278162850309,0.18853491782664783,-2.026512263830014,0.0,-1,0.0017634501747980647
1619.0,0.8536286764287979,0.16562847713504558,1.8099608012707264,0.0,-1,0.001235330450895633
1621.0,1.103334876848976,0.13844489251840786,4.430121553847854,0.0,-1,-0.004318322023442289
1614.0,0.5529100706548888,-0.13732663789189303,-5.070062276011541,0.0,-1,-0.006815365551425034
1603.0,-0.6850448383299863,-0.4584271822922562,-15.564352934097656,0.0,-1,0.0014348097317529174
1605.3,-1.0552685562947772,-0.2762169667523491,-12.189705449004379,0.0,-1,-0.006758861272036287
1594.45,-2.0566080355858958,-0.42585214868115595,-20.223105995887547,0.0,-1,-0.0042334347267082295
1587.7,-2.948393772265945,-0.4392126284537352,-24.03628902932561,0.0,-1,0.008345405303268771
1600.95,-2.0444204929171974,0.1549202169650039,-7.872298582594183,0.0,-1,-0.0031856085449265548
1595.85,-1.847065478832974,0.11742507701640914,-11.469921378991934,0.0,-1,-0.0036657580599679385
1590.0,-2.0819658485547734,-0.03915843090179694,-15.251923847459878,0.0,-1,0.0038364779874213717
1596.1,-1.5175855460361163,0.17507395720562013,-8.588936520670558,0.0,-1,0.0012217279619071153
1598.05,-0.9464299326070886,0.24874319021154934,-6.538336489245374,0.0,-1,0.0016895591502144036
1600.75,-0.3569829648420182,0.27939671932554,-3.6495334163142985,0.0,-1,-0.00484148055598943
1593.0,-0.6783442338894474,-0.013988183240629781,-10.14426442834818,0.0,-1,-0.001035781544256209
1591.35,-0.9199961822555451,-0.08521337720224254,-11.42298431245868,0.0,-1,0.0010368555000472846
1593.0,-0.8266558079174047,0.0027089990452993096,-9.308713643528684,0.0,-1,0.003138731952291307
1598.0,-0.29443097008856967,0.17831127895804477,-3.148900897581278,0.0,-1,0.008135168961201478
1611.0,1.0795506963333992,0.5174309817933379,9.1175029322674,0.0,-1,0.0008690254500312022
1612.4,1.7932456381831798,0.4103753078810397,10.216183854839514,0.0,-1,-0.0004961548002978544
1611.6,1.9339893059261613,0.18370632520800712,9.205956754458832,0.0,-1,-0.004498634896996756
1604.35,1.2390286976371954,-0.17041809436031952,0.6496264327624317,0.0,-1,0.0036463365225793964
1610.2,1.2757960020228438,-0.04455026332489043,6.310397393188168,0.0,-1,0.0017389144205688378
1613.0,1.4211966540472076,0.03361679623315772,8.82232225922246,0.0,-1,0.006075635461872286
1622.8,2.192130592221929,0.2681835781359596,16.346857917924524,-2.3822933334336085,-1,0.0011708158737984142
1624.7,2.553253345290841,0.20976877706829056,17.621419079993117,-0.6843862915329737,-1,-0.0008001477195789253
1623.4,2.4127102763843595,0.023075236053936354,15.728906772475014,0.0,-1,0.0003695946778365933
1624.0,2.191379552232547,-0.06608516269929199,16.213814365421513,0.0,-1,-0.0032635467980295374
1618.7,1.4564325608039326,-0.26701071804263554,8.139846496397162,0.0,-1,0.0035522332736146467
1624.45,1.4467563516893733,-0.09222897571906485,13.504344025492152,0.0,-1,-0.0021237957462526547
1621.0,1.0338552178245664,-0.16837670319462394,8.50588085667534,0.0,-1,-0.002467612584824197
1617.0,0.4079167160732595,-0.2647717349819769,3.1196309679900622,0.0,-1,0.0049474335188621765
1625.0,0.7276210721918233,0.01831087371219564,11.081736295480113,0.0,-1,-0.002061538461538448
1621.65,0.547671494234919,-0.05387956808156957,6.608413950218008,0.0,-1,-0.0025282890882744047
1617.55,0.07039074740373508,-0.1770534383042512,1.4813870042932322,0.0,-1,0.0002472875645267436
1617.95,-0.14078218829558864,-0.129408791334525,1.9531062051274404,0.0,-1,-0.008869248122624351
1603.6,-1.4304701404539628,-0.4730322478309664,-12.557592936431348,0.0,-1,-0.001558992267398307
1601.1,-2.164441604828653,-0.40233457073521905,-14.47811130996763,0.13236159766870514,-1,-0.008868902629442177
1586.9,-3.534390536613728,-0.5907611675067646,-23.164967891435424,8.271023850658594,-1,0.001732938433423703
1589.65,-3.6956657911216553,-0.25067880733823067,-19.507343275577995,1.368559511313606,-1,0.005818890950838318
1598.9,-2.6974979357821667,0.24916301600041946,-8.565206192436428,0.0,-1,0.00415910938770403
1605.55,-1.4194558467970637,0.5090683683285075,-2.0232672115918504,0.0,-1,-0.007442932328485585
1593.6,-1.6579801484047039,0.09018135557362239,-10.77235541158285,0.0,-1,-0.0036395582329317167
1587.8,-2.12241062017506,-0.12474970539891128,-14.284750731977638,0.0,-1,0.00044086156946732125
1588.5,-2.1194249710454187,-0.04058801875642315,-13.522034317227963,0.0,-1,0.00963172804532575
1603.8,-0.6663133988936352,0.47084118446512013,0.687072923918798,0.0,-1,0.005767552063848269
1613.05,0.8866018370902111,0.6745854734829889,7.128974159223503,0.0,-1,0.0035336784352624218
1618.75,2.0641759686577643,0.6173865350168475,10.648656417207725,0.0,-1,-0.0015135135135135869
1616.3,2.2767817037201894,0.27666409002642434,8.360390501319273,0.0,-1,0.0022582441378458107
1619.95,2.497519429274689,0.16580060519364137,10.80813195280711,0.0,-1,-0.0009259545047686224
1618.45,2.274761672945715,-0.018985717045111095,9.218586979116296,0.0,-1,0.00033983132009018924
1619.0,2.0196526553691,-0.09136491154057547,9.648322911417061,0.0,-1,-0.0118591723285979
1599.8,0.12379375863338282,-0.6624079360920977,-7.658056406901814,0.0,-1,0.00453181647705958
1607.05,-0.23028516962062895,-0.3388289547820366,-1.400951869025441,0.0,-1,-0.0010267259886126423
1605.4,-0.5256342029458665,-0.2113926627024248,-2.6989894300702417,0.0,-1,0.0008097670362525733
1606.7,-0.5211725360295532,-0.06897699859537049,-1.4949491154775458,0.0,-1,0.00171158274724581
1609.45,-0.2463439912355625,0.0686171820662067,1.1294667315531868,0.0,-1,0.004225045823107232
1616.25,0.4782656137642789,0.26440892902201607,7.132004532687432,0.0,-1,-0.0001546790409899801
1616.0,0.7798816151171195,0.18867497679161893,6.846783002871469,0.0,-1,-0.0024752475247524774
1612.0,0.5323661478671511,-0.019613496819449794,2.2127719386619873,0.0,-1,0.00170595533498763
1614.75,0.5934112352533703,0.013810530188923087,5.014062404748778,0.0,-1,-0.0040873200185786995
1608.15,0.024482842675297434,-0.18503928746304993,-2.4231579296408867,0.0,-1,-0.004073003140254494
1601.6,-0.8078549238368851,-0.3391256846584108,-8.595368216912355,0.0,-1,-0.011113886113886084
1583.8,-2.6400358967730426,-0.7237688858648561,-20.249415915165642,5.33737041500649,-1,-0.0009470892789493757
1582.3,-3.46112339184333,-0.5149521269783812,-21.01334785916187,5.0416886891412105,-1,-0.0014535802313088153
1580.0,-3.774906856724783,-0.27624519728661134,-22.228290715843084,2.643339503212019,-1,-0.013797468354430298
1558.2,-5.4338896844385545,-0.6450760083334606,-30.73298051756596,13.527808972946332,-1,-0.0071556924656656085
1547.05,-6.739723624592216,-0.6503033161623737,-33.589031433207126,12.941869794666445,-1,-0.009049481270805737
1533.05,-7.99766362595301,-0.6360811058410558,-36.40131431618492,13.45581428373248,-1,0.0051531261211310575
1540.95,-7.301828324470534,0.019918065213806457,-28.018690225100425,0.0,-1,0.006521950744670546
1551.0,-5.5079249800235175,0.6046071365536081,-18.609726553292493,0.0,-1,-0.004480980012894986
1544.05,-4.731146226131386,0.46046196348191337,-21.27184348815343,0.0,-1,0.0017486480360091594
1546.75,-3.7234946636745008,0.4893711753129333,-18.754907438688672,0.0,-1,-0.019104574106998506
1517.2,-5.371877660473274,-0.38633727382861327,-28.14176898379141,0.0,-1,-0.0018125494331663328
1514.45,-5.977579353833107,-0.3306796557294822,-28.800336437999448,0.0,-1,0.000957443296246252
1515.9,-5.66146525436011,-0.004855185418827901,-27.43352970885217,0.0,-1,0.0017151527145589096
1518.5,-4.814952766760371,0.2805524340603034,-24.847006910857367,0.0,-1,-0.010569641093184035
1502.45,-5.3279504590639135,-0.07748175274774649,-29.535625529032327,0.0,-1,-0.0036274085660088495
1497.0,-5.594620100293696,-0.11471713132584327,-30.880294521881694,0.0,-1,-0.0010020040080159776
1495.5,-5.386736579217313,0.031055463250179827,-31.25692036251851,0.0,-1,0.007355399531929097
1506.5,-3.9172334370778117,0.5001862017965601,-20.018603400251433,0.0,-1,0.006571523398606116
1516.4,-2.0310457462514933,0.7954579642076265,-11.51123284770901,0.0,-1,0.004550250593510885
1523.3,-0.34369808865062623,0.8276018739361646,-6.221255280082538,0.0,-1,0.007647869756449932
1534.95,1.4994505808706435,0.8902501811524781,1.5891943238161872,0.0,-1,0.0009446561777257667
1536.4,2.416904033892024,0.6025678780579529,2.5017361914316325,0.0,-1,-0.0012692007289768492
1534.45,2.511722090911917,0.23246197835928184,1.063451832398954,0.0,-1,0.0023135325360879033
1538.0,2.6456542785124384,0.12213138865326778,3.6328573815444827,0.0,-1,-0.006241872561768447
1528.4,1.6921491824366512,-0.2771245691408397,-3.675364245387641,0.0,-1,0.006935357236325546
1539.0,1.9577175358622299,-0.0038520719050869623,4.012606039030089,0.0,-1,0.0022417153996101558
1542.45,2.2148585845866364,0.08442965893977306,6.277324130625587,0.0,-1,-0.0045058186651106835
1535.5,1.5796908935665215,-0.18357934402678056,0.6898032903318452,0.0,-1,0.0022793878215565666
1539.0,1.4221328069259016,-0.11371247688913355,3.285070867962091,0.0,-1,-0.0007147498375568162
1537.9,1.133176029695278,-0.13422308470658573,2.3234064484576535,0.0,-1,0.000682749203459343
1538.95,0.9817663052720036,-0.09521093637662004,3.218859680825993,0.0,-1,-0.007180220280061045
1527.9,-0.0965857490457438,-0.3911876635647892,-6.364325016112723,0.0,-1,-0.001538058773480011
1525.55,-0.8235462971174456,-0.372716070545497,-8.145275544344756,0.0,-1,0.0030153059552293637
1530.15,-0.7350643797267367,-0.09474471771826265,-3.4046395915446794,0.0,-1,-0.005751070156520766
1521.35,-1.3629013893876163,-0.24086057579304754,-10.286997138902606,0.0,-1,0.00351661353403232
1526.7,-1.1174114451023343,0.0015431228307447586,-4.8175574633221885,0.0,-1,-0.0013755158184319827
1524.6,-1.0765488525344153,0.014135238466221223,-6.5372826926138075,0.0,-1,-0.002394070575888696
1520.95,-1.270571818539338,-0.05996257584623388,-9.51328305267721,0.0,-1,-0.008777408856306956
1507.6,-2.3742023166635136,-0.38786435799013663,-18.326874543511668,5.882994017015335,-1,0.002255240116741941
1511.0,-2.444834039336911,-0.15283202688784447,-14.362038021783583,0.0,-1,0.0014228987425546347
1513.15,-2.0972470640622305,0.06491831612894527,-11.840732982884347,0.0,-1,0.0011565277731884205
1514.9,-1.6028496544197424,0.18643857525714447,-9.724774217494243,0.0,-1,0.0005610931414614662
1515.75,-1.1512468117302888,0.21268047264886603,-8.641897652990657,0.0,-1,-0.004387267029523412
1509.1,-1.3836748227411135,-0.006582512787319583,-14.272863101071017,0.0,-1,0.0072228480551321805
1520.0,-0.4762492596848915,0.3002810167563008,-1.5022722185764934,0.0,-1,0.015789473684210575
1544.0,2.017150960150275,0.9312270788638224,15.344005240518058,0.0,-1,0.01683937823834203
1570.0,5.262421823388877,1.3921659807008084,25.134333615633622,-13.675788989931561,-1,-0.004299363057324812
1563.25,5.884022103058896,0.6712554201236092,19.47295046293796,-1.4813701990531172,-1,-0.005565328642251788
1554.55,4.979487067639184,-0.0777598717653678,12.706377174332772,0.0,-1,0.0021228008105238505
1557.85,4.387262294292441,-0.22332821503737055,14.176889005745352,0.0,-1,-0.0072214911576852225
1546.6,2.788044716428203,-0.6075152643005359,5.837136537861454,0.0,-1,0.00025863183757923736
1547.0,1.789432201127056,-0.5353759265338942,6.062702104567343,0.0,-1,-0.008564964447317358
1533.75,0.03683992671608394,-0.7626560669816221,-2.8086765026581233,0.0,-1,0.0027709861450693207
1538.0,-0.48835953771595086,-0.4292851771378856,0.010525540936590971,0.0,-1,0.007379713914174246
1549.35,0.2355706915443534,0.09821501737413954,6.846512693487263,0.0,-1,-0.0005486171620355806
1548.5,0.5070715818792451,0.12323863590301043,6.206935266946481,0.0,-1,-0.00022602518566350316
1548.15,0.5713993952233523,0.06252214974903925,5.919092036615837,0.0,-1,0.0035526273293930988
1553.65,1.014280018960335,0.16846759116200738,9.537143872978312,0.0,-1,-0.0022849419109839397
1550.1,0.8553636625817944,0.003183744927822252,6.227392640850759,0.0,-1,0.005064189407135045
1557.95,1.3587918458440527,0.16887064273002683,11.487641231800957,0.0,-1,-0.0004493083860200864
1557.25,1.4389399503215827,0.08300624906918563,10.764143610745577,0.0,-1,3.210788248519947e-05
1557.3,1.3632690067001931,0.002445101815931938,10.800749965766933,0.0,-1,0.0
1557.3,1.2118277843310352,-0.04966537351774192,10.800749965766933,0.0,-1,0.0033712194182238253
1562.55,1.4726215244522791,0.0703761222011674,15.030086025499699,0.0,-1,0.0010559662090814381
1564.2,1.6177999341418854,0.07185151063025796,16.299808867401126,0.0,-1,-0.001022887098836578
1562.6,1.4222391444748155,-0.04123642634560398,13.80375398996636,0.0,-1,-0.006175604761295195
1552.95,0.4017721542684285,-0.35390113885066365,0.9495065328217436,0.0,-1,-0.005215879455230499
1544.85,-0.8169423536905924,-0.5242052156032282,-7.109425358180836,0.0,-1,0.0007444088422825512
1546.0,-1.262387744862508,-0.323216868925048,-5.719114166617786,0.0,-1,0.004818887451487841
1553.45,-0.7590781283765864,0.06003091585362452,2.588948094198507,0.0,-1,0.0029289645627474936
1558.0,-0.06500014276889488,0.2513696338204387,6.945352526925362,0.0,-1,-0.005487804878048785
1549.45,-0.4250444714009518,-0.03622489827053943,-2.221023180935987,0.0,-1,-0.002226596534254166
1546.0,-0.857146263100276,-0.1561088966566212,-5.437078386958049,0.0,-1,-0.048059508408796914
1471.7,-7.193434970358112,-2.164132534638153,-32.93064227089696,39.39365591385149,-1,0.0030576883875790273
1476.2,-9.387126409790653,-1.4526079913568983,-29.624764920331437,19.142187622887377,-1,-0.005825768866007386
1467.6,-10.418378262024362,-0.8279532811968693,-31.214881869116166,12.801096835469025,-1,-0.005314799672935355
1459.8,-10.715805999639088,-0.37512700627053164,-32.58454833480272,6.197441756535909,-1,0.002329086176188655
1463.2,-9.688202701810042,0.21749209718617202,-29.767660513401427,0.0,-1,0.0046131765992345475
1469.95,-7.804550827744606,0.7003813237505359,-24.18586089742093,0.0,-1,-0.001326575733868518
1468.0,-6.374845655066565,0.710028832142859,-24.75294368355377,0.0,-1,-0.017268392370572094
1442.65,-7.24125593080521,-0.05212714786526185,-30.834447725442622,0.0,-1,-0.007382247946487452
1432.0,-7.958523074440791,-0.2564647638336144,-32.771642386863164,0.0,-1,-0.00041899441340775834
1431.4,-7.70394639005508,-0.0006293598159681224,-32.87996415191605,0.0,-1,0.0011177867821712262
1433.0,-6.801329182024574,0.3006626160715129,-31.36420068569318,0.0,-1,-0.002581995812979798
1429.3,-6.091576479507012,0.3368051061963584,-32.2006235589687,0.0,-1,0.0006996431819772386
1430.3,-5.145735421622703,0.42754872136022204,-31.107436908355673,0.0,-1,-0.000454450115360272
1429.65,-4.298170274211998,0.4250379562569755,-31.287170607591015,0.0,-1,0.0009442870632672129
1431.0,-3.403706844322187,0.43983379538226197,-29.540917742368507,0.0,-1,0.0036338225017471526
1436.2,-2.239499559017304,0.5346803602290482,-22.84356204685999,0.0,-1,-0.0022281019356635845
1433.0,-1.7374376197799393,0.3455807664888044,-24.321919478840947,0.0,-1,-0.0064549895324493844
1423.75,-2.1124535151795953,-0.00981170963695055,-28.143451260032933,0.0,-1,-0.0070237050043898686
1413.75,-2.957257003281029,-0.2848717325794614,-31.458147910639116,0.0,-1,0.0
1413.75,-3.1332206637250692,-0.1536117976745004,-31.45814791063912,0.0,-1,-0.0016622458001768203
1411.4,-3.1559341053034586,-0.05877507975096341,-32.2395921290109,0.0,-1,-0.006660053847243885
1402.0,-3.687629650650706,-0.19682354169940375,-35.04148123402214,0.0,-1,-0.00474322396576321
1395.35,-4.200341619103256,-0.2365118367173178,-36.69180260456694,0.0,-1,0.0035116637402803352
1400.25,-3.6983358017378123,0.08849799354937504,-29.509997762860273,0.0,-1,-0.001963935011605078
1397.5,-3.368304909576864,0.13950962857010785,-30.51650419078701,0.0,-1,-0.0008586762075134535
1396.3,-3.0225973876981698,0.16173905014960077,-30.96974111757155,0.0,-1,0.012568932177898784
1413.85,-1.1353605111173692,0.6829919755768006,-8.758142116908694,0.0,-1,0.002581603423276846
1417.5,0.20703796976613376,0.6751301521534345,-5.255423734995482,0.0,-1,-0.002186948853615478
1414.4,0.6026507127273817,0.3569142983715609,-7.638483764714735,0.0,-1,-0.007741798642533992
1403.45,-0.16226380851935573,-0.1360000742917255,-14.962336959743098,0.0,-1,-0.0011756742313584478
1401.8,-0.6686990850994334,-0.21414511695726773,-15.948021180535825,0.0,-1,0.0047439006991012445
1408.45,-0.3120251329644361,0.04750961172590984,-8.56949920811794,0.0,-1,-0.0067095033547517335
1399.0,-0.8951860624833898,-0.178550439264348,-14.789707073083527,0.0,-1,0.0009649749821301068
1400.35,-0.9996676887026297,-0.09434402182786261,-13.281635815541911,0.0,-1,-0.0009640447031098454
1399.0,-1.081102861086947,-0.05859306473739334,-14.207329787899575,0.0,-1,0.001072194424589057
1400.5,-0.9067285421886027,0.03859375138698373,-12.269245349581738,0.0,-1,-0.0031417350946091327
1396.1,-1.1106473375571113,-0.05510834799384168,-15.648725133246863,0.0,-1,0.001002793496168053
1397.5,-1.0033861237782276,0.017384288595013953,-13.633727345134666,0.0,-1,-0.007084078711985797
1387.6,-1.69114000657396,-0.22345653140023947,-20.699870954590377,0.0,-1,-0.002558374171230837
1384.05,-2.1899219474239544,-0.24074615741674465,-22.80520092345056,0.316540548483772,-1,0.002853943137892445
1388.0,-1.927652755563713,0.0071743448144989674,-16.86531923134276,0.0,-1,-0.0009365994236311126
1386.7,-1.7442137633365746,0.06353777901387914,-17.825237994237433,0.0,-1,-0.004867671450205502
1379.95,-2.069643120278215,-0.08729719264258717,-22.432718822942128,0.0,-1,0.0003260987716946495
1380.4,-2.022387538725752,-0.013347203696707943,-21.672450876146705,0.0,-1,0.00032599246595177434
1380.85,-1.7927274530557042,0.0721042939911134,-20.846211260670344,0.0,-1,0.0026070898359706884
1384.45,-1.228503455799455,0.21210943041578756,-14.26128877246525,0.0,-1,0.006139622232655517
1392.95,-0.13568283585482277,0.4349766834534733,-1.6635593466876273,0.0,-1,-0.00014358017157833913
1392.75,0.4053677104388953,0.3253424099157305,-1.9100303927367932,0.0,-1,-0.0012565069107880467
1391.0,0.4962790077156569,0.1387512357308307,-4.1814537647242815,0.0,-1,0.009489575844715992
1404.2,1.6003780723779073,0.41428343346436036,11.184059557166833,0.0,-1,-0.00658738071499787
1394.95,1.2482294320109304,0.020711597699127893,0.11753161325975015,0.0,-1,-0.0027599555539625786
1391.1,0.6473026591597772,-0.19340505838400845,-3.751047511446245,0.0,-1,-0.00028754223276539204
1390.7,0.2595640511374313,-0.1937145554687848,-4.159524576042024,0.0,-1,-0.0024088588480621898
1387.35,-0.23510225713516775,-0.22946028791379464,-7.6409292375237925,0.0,-1,-0.0031354741053085666
1383.0,-0.8253435565102336,-0.2732338624296202,-11.824022087663074,0.0,-1,0.0
1383.0,-1.0516855764885804,-0.16652529413598904,-11.824022087663074,0.0,-1,0.0015545914678236628
1385.15,-0.8980494551037737,-0.0042963909170607995,-8.310352412731767,0.0,-1,-0.008879904703461894
1372.85,-1.7713939398192906,-0.29254695854419266,-19.374369828765793,0.7642660274887021,-1,-0.0008012528681210496
1371.75,-2.1521166871921196,-0.22442323530567387,-20.161253028013764,0.0,-1,-0.00874794969928927
1359.75,-3.163135003612524,-0.41181385057535946,-27.247302540360064,6.114983695986666,-1,0.006067291781577389
1368.0,-2.717549578188482,0.011257191616227402,-15.385857115223665,0.0,-1,0.003947368421052699
1373.4,-1.8182944006273374,0.303504123059124,-8.817480978068318,0.0,-1,0.00043687199650488395
1374.0,-1.1671422784611423,0.3182187484084398,-8.096966632360697,0.0,-1,-0.0010917030567685337
1372.5,-0.8693043608398057,0.20535222200992553,-9.475911693790003,0.0,-1,0.0015300546448087093
1374.6,-0.472943371959218,0.20057107029683774,-6.579589834246761,0.0,-1,-0.0020733304233958583
1371.75,-0.47285092985543997,0.06688783746687188,-9.549941847985174,0.0,-1,-0.0039730271550938445
1366.3,-0.8875671313157909,-0.11594278799782631,-14.683317355978836,0.0,-1,0.0024152821488692133
1369.6,-0.7459613044361504,0.008554346293938031,-9.595059953654932,0.0,-1,-0.0022634345794392274
1366.5,-0.8713282822932342,-0.03893754385438197,-12.66087642044237,0.0,-1,0.0001463593121113771
1366.7,-0.8447344143639839,-0.0041145586417105084,-12.32189326622867,0.0,-1,-0.010024145752542624
1353.0,-1.902709612535773,-0.3540299189378331,-23.31099325477505,0.9530507680092342,-1,0.0044345898004434225
1359.0,-1.7731380772436296,-0.07481946121522998,-14.199439105398135,0.0,-1,-0.0025386313465783905
1355.55,-1.8480908031606305,-0.049924062377410205,-16.83306470867346,0.0,-1,0.0011065619121390924
1357.05,-1.6065595991890405,0.06386904719805986,-14.539456862911088,0.0,-1,-0.002173832946464782
1354.1,-1.5977473639375148,0.024227094149861905,-17.013208590898614,0.0,-1,0.00044309873716863457
1354.7,-1.4101956326503569,0.07059294181233988,-15.973133809005738,0.0,-1,-0.0005536281095445128
1353.95,-1.261403464285877,0.07312837005894002,-16.691145239930528,0.0,-1,-0.00391447246944121
1348.65,-1.5235570914130676,-0.06300841902275023,-21.425493863641528,0.0,-1,0.0025581136692245376
1352.1,-1.2401708140257597,0.07345928612151931,-14.767291565991755,0.0,-1,-0.0037719103616595806
1347.0,-1.4201301074965613,-0.035500002449760704,-19.445573982716162,0.0,-1,-0.0020786933927244844
1344.2,-1.6250989119405403,-0.08015626896457984,-21.735039634608828,0.0,-1,-0.0009671179883945502
1342.9,-1.7004917381675568,-0.051849698397198773,-22.786953029712492,0.0,-1,-0.0047285724923673556
1336.55,-2.125647173100333,-0.15900171110999173,-27.359914400198164,0.0,-1,-0.00647188657364095
1327.9,-2.88192095947511,-0.3050918324949228,-31.950645956337407,3.1367002543909166,-1,0.010430002259206095
1341.75,-1.865731106039675,0.23703267364683756,-10.225033059608542,0.0,-1,-0.0006335010247809914
1340.9,-1.2729919204853104,0.276590619733734,-10.931310193476193,0.0,-1,0.0008576329331044796
1342.05,-0.7747063343344962,0.25829206862818266,-9.34714113403706,0.0,-1,-0.007227748593569561
1332.35,-1.269338013397828,-0.07877987014504972,-17.312039212608788,0.0,-1,0.005141291702630779
1339.2,-0.8400423518130538,0.11683859714657485,-8.342851563994827,0.0,-1,-0.005488351254480439
1331.85,-1.167890991702734,-0.0703366809143684,-14.053338958327977,0.0,-1,0.0015392123737658636
1333.9,-1.0636577290056266,0.01129886059424634,-11.443097095835782,0.0,-1,0.004085763550490951
1339.35,-0.4687362869065055,0.20207343423112256,-4.841507889759953,0.0,-1,0.0024638817336768426
1342.65,0.14278579138522218,0.27119850417428343,-1.1445088471513571,0.0,-1,-0.0019737087103862683
1340.0,0.21581468124873027,0.11474246467926386,-3.9163976000891907,0.0,-1,-0.0014925373134327957
1338.0,0.06767790274329855,-0.011131437942055955,-6.009373244368511,0.0,-1,-0.002503736920777211
1334.65,-0.29119697840474146,-0.12333543969669866,-9.437921429532445,0.0,-1,-0.0006368710897989294
1333.8,-0.5172013374451581,-0.11644659957903841,-10.3100141495893,0.0,-1,-0.002849002849002802
1330.0,-0.903770072178304,-0.16767177810406142,-14.139822610078959,0.0,-1,-0.012556390977443654
1313.3,-2.4134069335298136,-0.5591028798185236,-25.62488122218872,8.331040154711218,-1,0.010317520749257625
1326.85,-1.8379414530782014,0.005454200211029603,-8.681432761042629,0.0,-1,-0.002863925839393988
1323.05,-1.7137135917625983,0.04322735384221099,-11.377781771583564,0.0,-1,-0.002683194134764366
1319.5,-1.804623528457796,-0.015894194284328922,-13.828004517513179,0.0,-1,-0.0008715422508526194
1318.35,-1.795526536100624,-0.002265733975719053,-14.635541360918722,0.0,-1,-0.0026169074980086915
1314.9,-1.92885082858038,-0.045196675485158266,-17.08495995864989,0.0,-1,7.605141075361921e-05
1315.0,-1.8264420724385673,0.019070693552218243,-16.935648935863732,0.0,-1,0.004372623574144585
1320.75,-1.1438675216643333,0.23388174810881734,-8.602516120286417,0.0,-1,0.0034071550255536653
1325.25,-0.3322579528053211,0.34849710565594316,-2.878128175454158,0.0,-1,-0.008979437841916682
1313.35,-0.890431672308523,-0.06989220461575296,-13.38669832347599,0.0,-1,-0.003197928960292251
1309.15,-1.4453158927012737,-0.20825880833616783,-16.331179709085063,0.0,1,-0.0033227666806707745
1304.8,-1.964815011839164,-0.242585975824686,-19.183213855159607,0.0,1,0.008085530349478898
1315.35,-1.1816633204214213,0.18018857186435233,-6.3257696294278105,0.0,-1,0.00022807617744335928
1315.65,-0.6666155313439504,0.2317454536472745,-5.996959906334567,0.0,-1,0.023068445255197023
1346.0,2.1756263241397846,1.0246624363770034,16.189377545324888,-0.847012592690362,-1,0.008543833580980653
1357.5,4.373778391536689,1.0742715012579693,21.022985648610728,-7.601450126530381,-1,-0.0055248618784530246
1350.0,4.483372892607122,0.39462200077613385,14.356017997997583,0.0,-1,-0.00851851851851848
1338.5,3.2062224020917256,-0.2941761632464206,5.482787512961728,0.0,-1,-0.004333208815838541
1332.7,1.8171286233264254,-0.5610899806705736,1.5034007736165336,0.0,-1,0.009004277031589902
1344.7,1.971154348666687,-0.13568808511010388,8.367738217007705,0.0,-1,0.00022309808879295012
1345.0,1.9089043489477717,-0.0659793616096731,8.530784408717892,0.0,-1,-0.008438661710037154
1333.65,0.7728706533425793,-0.40067101907162184,0.2569163866865338,0.0,-1,0.010347542458666092
1347.45,1.2904479177616395,0.03896874844914611,8.233131761837619,0.0,-1,-0.0020037849270845287
1344.75,1.2166992234908776,-0.011593315273871863,6.271598883910393,0.0,-1,0.003160438743260885
1349.0,1.432599941064609,0.06810246743328663,8.704427908075331,0.0,-1,-0.001704966641956962
1346.7,1.2295003047627233,-0.044999056289533046,6.804118952660289,0.0,-1,-0.00271032895225376
1343.05,0.721325461214974,-0.18439129994576087,3.73687525363826,0.0,-1,-3.722869587874378e-05
1343.0,0.4029609176732265,-0.16758528116250282,3.692746800180359,0.0,-1,0.003909158600148954
1348.25,0.6476985694293944,0.025717456864555066,7.741379713760125,0.0,-1,-0.003374745039866456
1343.7,0.33692584785512736,-0.09501842156990403,3.257540119751148,0.0,-1,0.002009377093101117
1346.4,0.3784623330800514,-0.017827312114993332,5.534203613350165,0.0,-1,-0.0012626262626262985
1344.7,0.2260253812692099,-0.05675475464194496,3.704256103023539,0.0,-1,-0.04629285342455569
1282.45,-5.056528543075274,-1.7797695596621428,-27.05615724275066,25.731550567359818,1,-0.01056571406292639
1268.9,-8.405594793324553,-1.709611936637141,-29.847819845558345,24.85204529828343,1,0.00035463787532497015
1269.35,-9.342161685672181,-0.8820596096615905,-29.490921109651087,11.223734033251503,1,-0.007641706385157598
1259.65,-9.84026499137326,-0.46005430512088985,-31.47416633944372,7.807025546333762,1,0.006787599730083693
1268.2,-8.556794561609422,0.27447204154765004,-24.42554534181971,0.0,1,0.0009462229932186705
1269.4,-7.101993133260066,0.5764244899656683,-23.434807353398057,0.0,1,-0.002481487316842723
1266.25,-6.045259657980296,0.5443859884151463,-24.42768037996271,0.0,1,-0.003316880552813428
1262.05,-5.363121282175371,0.4088414547400241,-25.769339603471757,0.0,1,0.00713125470464715
1271.05,-3.8251253207581613,0.6489458053857442,-17.355471719251817,0.0,1,0.0011407891113646151
1272.5,-2.616533563319763,0.6191791876080477,-16.04263841695205,0.0,1,0.026011787819253396
1305.6,0.964140112342875,1.3999509544235622,5.805768346069641,0.0,1,-0.007008272058823373
1296.45,1.9116319408121853,0.7824809276309574,0.6582690630590662,0.0,1,0.010065949323151635
1309.5,3.313575193312545,0.7281413933771059,6.95084850204811,0.0,1,0.002978235967926679
1313.4,4.0634155534532965,0.4926605845059524,8.699801163254449,0.0,-1,0.012638952337444831
1330.0,5.483051104069091,0.6374320450405824,15.356207932563166,0.0,-1,0.00642857142857145
1338.55,6.448447954038102,0.5342762983365308,18.281787614155107,0.0,-1,-0.0022038773299466463
1335.6,6.1479423828527615,0.07792357571706354,16.14053644712004,0.0,-1,-0.005840071877807662
1327.8,4.835361065355528,-0.4115525805933897,10.56114437934891,0.0,-1,0.004142190088868736
1333.3,4.234456984494045,-0.3374855538182908,13.006120503888674,0.0,-1,0.0027000675016877196
1336.9,3.881133528688679,-0.2302696698745521,14.602092299614455,0.0,-1,-0.0023187972174434357
1333.8,3.122710673395204,-0.32956417505600877,12.041194941171916,0.0,-1,0.006335282651072083
1342.25,3.187440022965575,-0.08827827516187936,16.11002325298287,0.0,-1,0.00014900353883406936
1342.45,2.9708513625037085,-0.10162231187458204,16.20528890576935,0.0,-1,0.00040969868523954567
1343.0,2.6608194187308527,-0.13721808521581247,16.493088160008057,0.0,-1,0.0056217423678330825
1350.55,2.9132351619500696,0.03839921933446799,20.345033506753268,0.0,-1,-7.404390803744665e-05
1350.45,2.788340103397104,-0.02883194640616571,20.226222804602557,0.0,-1,0.0029990003332223125
1354.5,2.8310308988375255,0.004619616344752053,22.329298051864626,0.0,-1,-0.012218530823181917
1337.95,1.2372903883215258,-0.5297069647237493,4.7651948449587564,0.0,-1,0.005456108225269984
1345.25,0.94564593403652,-0.27378380633625166,9.576154431209403,0.0,-1,0.004906151272997539
1351.85,1.2710198790578033,0.01719671289501057,13.47817879479917,0.0,-1,-0.0021082220660575413
1349.0,1.0902885283137493,-0.05451154594968122,10.668392724800881,0.0,-1,0.0064862861378798264
1357.75,1.638232142248853,0.1644773559951409,15.82823980029562,0.0,-1,0.0011784201804454497
1359.35,1.9090179373622504,0.1450877170361795,16.715411637397963,0.0,-1,0.0025379777099350243
1362.8,2.172826006805508,0.1362985954931455,18.664508873600454,0.0,-1,0.005650132081009618
1370.5,2.7653278742932343,0.24293348766029066,22.637960270906035,-2.1105804712774443,-1,0.0008755928493251464
1371.7,2.9311348185126462,0.13624681062656752,23.225848980218714,0.0,-1,-0.0020412626667638545
1368.9,2.536443722412969,-0.08614809515770316,19.362148405287954,0.0,-1,0.00043830813061584983
1369.5,2.1777278641620796,-0.14828798446953062,19.742273074847944,0.0,-1,0.009127418765972894
1382.0,2.858559279689871,0.17751447701942036,26.493370349376306,-1.0922766076766948,-1,0.009117221418234456
1394.6,4.010761714146156,0.443238970491902,31.193103709821983,-6.504575970400538,-1,0.004445719202638809
1400.8,4.769299455195551,0.40059223718043224,33.04631754333049,-5.633878308019348,-1,-0.0030339805825242427
1396.55,4.396960037787267,0.009417606590716332,27.248640993026655,0.0,-1,0.0023987683935413617
1399.9,4.123543659267398,-0.08799959064305085,28.559573665054117,0.0,-1,3.5716836916943606e-05
1399.95,3.6473734984019757,-0.18805658383615764,28.580041615390186,0.0,-1,0.00017857780635033293
1400.2,3.126173959769176,-0.23641870748965266,28.693044578053247,0.0,-1,0.009534352235394783
1413.55,3.717559693805242,0.11832234218213777,33.772539364707995,0.0,-1,0.002440663577517599
1417.0,3.9909559196728424,0.1305728560165793,34.8121948703956,0.0,-1,-0.0025405786873675673
1413.4,3.495074372634008,-0.1217695636740852,28.94784252520715,0.0,-1,-0.009480684873355072
1400.0,1.83921073472834,-0.5925444005265845,11.391633883746891,0.0,-1,0.0009642857142857508
1401.35,0.9705113545480799,-0.48708126023561493,12.329368248109596,0.0,-1,0.001855353766011536
1403.95,0.6719523849124016,-0.26188007662376445,14.19056769475418,0.0,-1,-0.0021012144307134273
1401.0,0.22084353468517293,-0.23766297561699773,10.426775887905528,0.0,-1,-0.010278372591006502
1386.6,-1.22311451831888,-0.5605403428736837,-4.153316282685083,0.0,-1,0.00353382374152611
1391.5,-1.434834001627678,-0.2574199420608272,0.37390791534981105,0.0,-1,-0.0038088393819618593
1386.2,-1.8627909098131568,-0.22845895008210193,-4.225171903151647,0.0,-1,0.0059875919780694176
1394.5,-1.2298701214212997,0.1348206127699183,3.208331549300155,0.0,-1,0.0009322337755468535
1395.8,-0.702587217107066,0.2207011723613841,4.298628000955773,0.0,-1,-0.007665854706978115
1385.1,-1.2720634968577542,-0.11625836912976806,-5.239604397468007,0.0,-1,0.0002887878131543342
1385.5,-1.4174630119948688,-0.08721929475562762,-4.839469899647021,0.0,-1,-0.007361963190184118
1375.3,-2.222040851897191,-0.2972657115526498,-12.529713852971405,1.175271637452397,-1,0.011851959572456883
1391.6,-1.0808263675237413,0.28131625760693324,1.987424405174032,0.0,-1,0.006898534061511974
1401.2,0.379849738623534,0.5806641212514029,8.319785047211205,0.0,-1,-0.0011061946902654052
1399.65,0.9493669801449869,0.3833937875909519,6.97178951202482,0.0,-1,0.0031079198371020134
1404.0,1.5175116858938509,0.3171794977799387,9.86457018184943,0.0,-1,-0.003454415954415868
1399.15,1.2709580649436703,0.023541958943252617,5.262015912118777,0.0,-1,-0.001536647250116152
1397.0,0.8626014157232476,-0.12827156342572332,3.2456587342870833,0.0,-1,0.005511811023622082
1404.7,1.228206306469474,0.07911110910683439,9.173453304475998,0.0,-1,0.0038086424147503184
1410.05,1.75449155963679,0.2017987874247169,12.813271735325102,0.0,-1,-0.0010637920641112242
1408.55,1.7464265562507535,0.06457792801289353,11.115864686698508,0.0,-1,0.002520322317276502
1412.1,1.8926918415368164,0.0702810710996522,13.695673683906293,0.0,-1,0.0016995963458679153
1414.5,2.0081001640517115,0.06189646453818254,15.419096440490279,0.0,-1,0.0045245669848004155
1420.9,2.4317959783047627,0.16186409293041137,19.683331519975837,0.0,-1,0.0007741572242943029
1422.0,2.5326608872394445,0.08757633395503106,20.380837253063504,0.0,-1,-0.000914205344585084
1420.7,2.2637049344368734,-0.06045987294917987,18.316871740477495,0.0,-1,0.00658126275779547
1430.05,2.7197515468324127,0.13186224648211997,24.33223446175748,0.0,-1,-0.004230621306947291
1424.0,2.2169622241274283,-0.12364235874095497,15.404474960004677,0.0,-1,0.004915730337078594
1431.0,2.3641540440976314,0.007849820409749242,20.031764021663463,0.0,-1,0.00034940600978328185
1431.5,2.2824037837413016,-0.024633479982193673,20.34654713699679,0.0,-1,-0.005518686692280839
1423.6,1.3929950049180206,-0.3046807529351583,9.394164579367867,0.0,-1,-0.0018263557178982426
1421.0,0.6155410317630867,-0.36071157536336407,6.194786309891555,0.0,-1,-0.00028149190710768934
1420.6,0.14218562587211636,-0.2780223270847782,5.682065103629483,0.0,-1,0.001795016190342169
1423.15,0.10615912077059875,-0.1046829440620986,8.372388151931077,0.0,-1,-0.0015107332326178557
1421.0,-0.09986739184455473,-0.10356981889241737,5.231396983639847,0.0,-1,-0.002427867698803654
1417.55,-0.4820583654982329,-0.16192026418203187,0.39639303005085935,0.0,-1,-0.0016225177242424893
1415.25,-0.824648988533454,-0.16817029573908437,-2.672558731594897,0.0,-1,-0.0006006006006005205
1414.4,-0.9980568843400306,-0.11385939718188698,-3.8271437787559606,0.0,-1,-0.0006363122171946234
1413.5,-1.0765894252149337,-0.06413064601893015,-5.115368536665812,0.0,-1,0.0035373187124159156
1418.5,-0.6094732435512924,0.13432851188157036,2.9821611599099,0.0,-1,0.0032781106802961535
1423.15,0.06237428424310565,0.26872534655865615,9.179417624325446,0.0,-1,-0.004321399711906704
1417.0,-0.11939980887996171,0.028983751145196274,-0.4232984536898243,0.0,-1,-0.0005292872265348914
1416.25,-0.2628368713681084,-0.038151103780983464,-1.4898927917242517,0.0,-1,-0.004766107678729092
1409.5,-0.8751523299981727,-0.21682218747034931,-10.07859366114726,0.0,-1,-0.0033345157857396224
1404.8,-1.5000473651466564,-0.280572407539611,-14.888106311177872,1.4597774375629342,-1,-0.0005694760820045275
1404.0,-1.7541576022920253,-0.17822754822832665,-15.670300985488097,0.0,-1,0.001246438746438816
1405.75,-1.5891995873403175,-0.00442317775887302,-12.297160670572524,0.0,-1,-0.001956251111506324
1403.0,-1.6034539475861038,-0.006225846001553181,-15.400225208155774,0.0,-1,-0.004597291518175339
1396.55,-2.0144599654101967,-0.139077287941882,-21.510793652716625,1.0733995747862082,-1,0.000930865346747245
1397.85,-1.9437579772047684,-0.022791766578817985,-18.79012551162112,0.0,-1,-0.0003576921701183844
1397.35,-1.7880938183350281,0.044290797430307505,-19.28944190453184,0.0,-1,-0.0019680108777329064
1394.6,-1.7904205873721821,0.013988009464384499,-22.02458768357274,0.0,-1,0.0002868205937187618
1395.0,-1.6090489229432023,0.06511989129778817,-21.002585737766193,0.0,-1,-0.02046594982078853
1366.45,-3.763442347149976,-0.6964245109696621,-36.35618790575728,13.71230509826023,-1,0.004793442862892849
1373.0,-3.98118553032441,-0.30472256471469894,-26.086623976747404,1.7325437105128003,-1,-0.0009468317552803196
1371.7,-3.8666249943844377,-0.063387342924909,-26.697729655520785,0.0,-1,-0.006196690238390312
1363.2,-4.1954593102157105,-0.1307405529187271,-30.3465132090708,0.33220991628127194,-1,-0.0009169600938967459
1361.95,-4.114421525613352,-0.016567589438789554,-30.836817923450706,0.0,-1,-0.00025698447079569586
1361.6,-3.760200839511299,0.11255103222108787,-30.984406203423973,0.0,-1,-0.001175088131609825
1360.0,-3.4030737598341148,0.1565593706327575,-31.700282622088825,0.0,-1,-0.003676470588235281
1355.0,-3.3575874066762026,0.06734857459689003,-33.815844446022936,0.0,-1,0.001143911439114298
1356.55,-2.9258786128741576,0.16635245613297833,-30.60611438407968,0.0,-1,-0.0037226788544468814
1351.5,-2.8870343315670652,0.06839891248002372,-32.967361710176704,0.0,-1,0.002922678505364429
1355.45,-2.2978593299494605,0.21919130469920933,-25.028369663448135,0.0,-1,0.0015861890884945051
1357.6,-1.6326168849782334,0.2948112498901454,-20.92396700095743,0.0,-1,-0.008654979375368299
1345.85,-2.143110922077767,-0.07189426240312935,-28.174194436444463,0.0,-1,0.0023405282906714397
1349.0,-1.9572653637876556,0.03798376529566072,-22.769211535994753,0.0,-1,0.017531504818383947
1372.65,0.2695961956728752,0.7549484415853973,3.849436726681432,0.0,-1,-0.001092776745710844
1371.15,1.23556062576381,0.5736376238921107,2.4961695491222926,0.0,-1,-0.005943915691208224
1363.0,0.9364127886624374,0.0914965955969127,-4.419100095404076,0.0,-1,-0.005649303008070428
1355.3,0.0671378043898585,-0.2592594628918888,-9.95648041346746,0.0,-1,0.0028775916771195398
1359.2,-0.048094504779101044,-0.12483059068694946,-6.119689859519127,0.0,-1,0.00040464979399645884
1359.75,-0.05586945063191706,-0.044201845513255164,-5.5625430483101965,0.0,-1,0.0001838573267145538
1360.0,-0.03426780267250251,-0.007533399184613539,-5.285339250757318,0.0,-1,-0.005955882352941089
1351.9,-0.6956113284700223,-0.2229589749940445,-12.093545808270456,0.0,-1,-0.0003698498409645534
1351.4,-1.0099821473295378,-0.17910993128452002,-12.485311681655382,0.0,-1,-0.0009619653692468644
1350.1,-1.1913357111486675,-0.12015449836788328,-13.57291055912954,0.0,-1,-0.003259017850529511
1345.7,-1.5494011837956805,-0.15940665700496548,-17.15401147506858,0.0,-1,0.0068365906219811645
1354.9,-0.8326504881363235,0.18578134621813058,-4.668136096521856,0.0,-1,0.0021403793637906343
1357.8,-0.16322093296184903,0.28507030046420173,-1.3257977995818777,0.0,-1,0.0023567535719546395
1361.0,0.4517622557054892,0.3000178297105134,2.2532647673302435,0.0,-1,0.0033063923585598953
1365.5,1.0966069953969964,0.3149541898006736,6.944451633369297,0.0,-1,-0.0024166971805199555
1362.2,1.0526454489597654,0.09033088112114751,2.7235735622722714,0.0,-1,-0.005799442078989969
1354.3,0.28461088832773385,-0.2259012265036281,-5.959513265373829,0.0,-1,-0.004430333013364818
1348.3,-0.6231239660155552,-0.377878693615639,-11.333382964378977,0.0,-1,-0.008306756656530467
1337.1,-1.958397729352555,-0.571050818984213,-19.142759596432324,2.264939946094273,-1,-0.0008226759404681427
1336.0,-2.5545014669082775,-0.389051518846645,-19.808188282540485,0.6541718990458776,-1,-0.0007485029940119681
1335.0,-2.7230115467771157,-0.18585386623849454,-20.451823682427563,0.0,-1,0.01752808988764043
1358.4,-0.6303489578133394,0.635602907575094,4.672182974360531,0.0,-1,-0.0017667844522968323
1356.0,0.26851141648626253,0.5114877606248986,2.5370958701412505,0.0,-1,-0.003097345132743401
1351.8,0.3455656522621666,0.19618066546693433,-1.170774619758788,0.0,-1,-0.002811066725846967
1348.0,0.038628965794941905,-0.03691867366676346,-4.405676186495185,0.0,-1,0.0008902077151335952
1349.2,-0.018058457921597437,-0.03120203246110094,-3.1697264717247506,0.0,-1,-0.005188259709457466
1342.2,-0.6282306316197719,-0.21379140205309177,-9.180116251638218,0.0,-1,0.0020861272537624487
1345.0,-0.6476308325004538,-0.07773053431125787,-5.9865416458825536,0.0,-1,0.00657992565055765
1353.85,0.13413830310105368,0.23467953376341658,2.933310142228308,0.0,-1,-0.00616759611478368
1345.5,-0.18198865435692824,-0.02714914123152179,-4.642421064835176,0.0,-1,0.0004459308807134299
1346.1,-0.27488641188938345,-0.04001563292132568,-4.025096834653496,0.0,-1,-0.001894361488745222
1343.55,-0.510928089664958,-0.09201910356563336,-6.353607158444767,0.0,-1,-0.00029771873022954587
1343.15,-0.6197049210804835,-0.066931978327053,-6.735521632544696,0.0,-1,0.000632840710270477
1344.0,-0.5516179266983272,0.000385005351701051,-5.587082282964943,0.0,-1,-0.002938988095238182
1340.05,-0.8007729356156688,-0.08292333452188017,-9.789753435608418,0.0,-1,0.007201223834931492
1349.7,-0.05445269543952236,0.2211323018847554,2.429429615253042,0.0,-1,0.0024449877750611915
1353.0,0.5982451492684504,0.29127671553090945,5.857256252232702,0.0,-1,-0.001330376940133049
1351.2,0.7247403091832894,0.13925729181524948,3.5199674060562316,0.0,-1,0.002035227945529794
1353.95,0.9567595300420635,0.12375883755800787,6.602549711565764,0.0,-1,0.003655969570515838
1358.9,1.4055391796346157,0.19084616238352003,11.684730782804934,0.0,-1,-0.0033850908823314096
1354.3,1.1294674061280148,-0.02840853704102697,5.030477541612896,0.0,-1,-0.0009229860444509574
1353.05,0.7931425688641411,-0.12157779143496683,3.2946176294513236,0.0,-1,0.022098222534274514
1382.95,3.0505516028269994,0.7119437475092973,24.593982436455548,-14.228333472172608,-1,0.008568639502512632
1394.8,4.912543486239429,0.8579785436405754,28.842755031862453,-15.217032351933767,-1,-0.005269572698594738
1387.45,4.821660804092517,0.2556986204978875,20.694930891139208,-1.8494334367583178,-1,0.006270496234098477
1396.15,5.099414396011298,0.17781740413888958,24.201367169179818,-3.2136807204542492,-1,-0.008666690541847322
1384.05,3.80500665896966,-0.3721967776342492,12.622249361943695,0.0,-1,-0.0039015931505363977
1378.65,2.3907189022013426,-0.5954948448008555,8.12456320545779,0.0,-1,0.002429913321002397
1382.0,1.763515115300379,-0.40756621056727305,10.099908030046869,0.0,-1,-0.008393632416787145
1370.4,0.3362869622415019,-0.6115981212087168,0.8678662324455928,0.0,-1,-0.00467016929363695
1364.0,-0.9386843611412132,-0.6288564815304775,-3.5100045029769404,0.0,-1,0.003225806451613078
1368.4,-1.1312796594042993,-0.2738172599311879,-0.20910653858243933,0.0,-1,0.00014615609470891577
1368.6,-1.1166373369187568,-0.08639164581521519,-0.05316440881460238,0.0,-1,0.006393394709922617
1377.35,-0.28709639759949823,0.24771643116801445,6.51252990624387,0.0,-1,0.0021417940247576706
1380.3,0.39743210519327477,0.3107483113202625,8.54934663758349,0.0,-1,0.0005071361298267796
1381.0,0.7649103478236157,0.22607551798353454,9.054964694417265,0.0,-1,-0.01107892831281676
1365.7,-0.3900930598463219,-0.3096426298954677,-4.441295494526962,0.0,-1,0.004246906348392754
1371.5,-0.4517536753608056,-0.12376774846998378,0.3391184640527598,0.0,-1,-0.0010207801676996864
1370.1,-0.5616045101714917,-0.07787286109355662,-0.819101498752886,0.0,-1,-0.005911977227939458
1362.0,-1.2447295517290513,-0.2536659675503721,-7.156167452404219,0.0,-1,-0.0051762114537444726
1354.95,-2.0700646098637208,-0.35966700856168066,-11.903390946068711,0.0,-1,-0.001808184803867352
1352.5,-2.5143934214422643,-0.2679986067134079,-13.46645797843395,0.0,-1,-0.0003696857670979492
1352.0,-2.5686917087782604,-0.10743229801646814,-13.80321963338723,0.0,-1,-0.011908284023668614
1335.9,-3.723449876714767,-0.4207301553176581,-22.78018246107664,5.853539879399705,-1,0.0011602664870125068
1337.45,-3.861374804290108,-0.18621836096433286,-20.899286973721065,0.0,-1,-0.002243074507458198
1334.45,-3.8585560343867655,-0.061133197020330154,-22.431475127395224,0.0,-1,-0.0009741841207987489
1333.15,-3.6439336465696215,0.05116306359893796,-23.113074530545894,0.0,-1,-0.0036004950680720293
1328.35,-3.6329613154468916,0.0207117982405558,-25.58909861462991,0.0,-1,0.00026348477434412487
1328.7,-3.295561706931494,0.119370468918651,-25.029303717757763,0.0,-1,0.0005268307368104796
1329.4,-2.7938984270963374,0.20701124958460237,-23.814519745353163,0.0,-1,-0.002820821423198394
1325.65,-2.6227419182539506,0.1260559194756632,-26.116283576525085,0.0,-1,-0.0004903255006978302
1325.0,-2.37276850397825,0.1253431112504546,-26.513887745816543,0.0,-1,0.00026415094339626854
1325.35,-2.020884421508981,0.1590757312399078,-25.759321664213573,0.0,-1,-0.007582902629494015
1315.3,-2.5140353451486135,-0.11135839746657483,-31.560961749897263,0.0,-1,-0.010872044400516923
1301.0,-3.7427745282059277,-0.44669919350796317,-36.62271914354953,0.0,1,-0.004650269023827813
1294.95,-4.549412909050943,-0.4177791914509932,-38.15168092466863,0.0,1,0.002355303293563482
1298.0,-4.319447690385914,-0.06260465759532163,-32.84759391496095,0.0,1,-0.01563944530046224
1277.7,-5.5361777735211035,-0.42644491357683734,-38.12960157677702,4.460287226066839,1,0.001956640839007484
1280.2,-5.474861333961826,-0.1217094913391863,-34.566141059108496,0.0,1,0.005702234025933395
1287.5,-4.379631336352077,0.324506835423521,-24.758769463292257,0.0,1,0.00027184466019414266
1287.85,-3.4378803928511843,0.4220859263081378,-24.299734196890903,0.0,1,-0.005901308382187276
1280.25,-3.3138482216963894,0.18203936582097757,-27.61583580721286,0.0,1,0.0017574692442883233
1282.5,-2.788178117644293,0.2359031566243579,-24.455638328852945,0.0,1,-0.00046783625730983935
1281.9,-2.3429948891478034,0.22702879504028228,-24.76013124866725,0.0,1,0.017942117169825966
1304.9,-0.008487034137260707,0.8538455500169417,0.4147998629008356,0.0,1,-0.005057858839757956
1298.3,0.6094741462127331,0.49060224345564524,-4.4732789354508995,0.0,1,-0.0024262497111606773
1295.15,0.605165224203347,0.16209777381541973,-6.699640821571833,0.0,1,-0.006061074006871947
1287.3,-0.10158633881837886,-0.18155126306876868,-11.863630088623061,0.0,1,0.0023304591004427166
1290.3,-0.19649659209426318,-0.092153838781551,-8.881792774474455,0.0,1,-0.006200108501898782
1282.3,-0.8942436693910167,-0.2633003053594348,-14.020251691368273,0.0,1,-0.0007018638384151954
1281.4,-1.243596902256968,-0.20421784607512872,-14.573646627765086,0.0,1,-0.003433744342125844
1277.0,-1.6813071101685182,-0.21397601799555965,-17.305279594724773,0.0,1,0.01057165231010182
1290.5,-0.6350532882768221,0.27742593463204557,-3.2956605255993594,0.0,1,-0.00984114684230919
1277.8,-1.1173386033078714,-0.06828646013300133,-11.641440430419827,0.0,1,0.005634684614180596
1285.0,-0.6653697105477931,0.12789414420902567,-5.4048949379485975,0.0,1,0.010155642023346179
1298.05,0.703562211711187,0.4989420221560021,3.973253431494925,0.0,1,-0.005354185123839672
1291.1,0.7502313218647032,0.18187037743650603,-0.9406080342650256,0.0,1,0.004569746727596691
1297.0,1.202713266786077,0.21145077411929325,3.087982425023384,0.0,1,0.008057054741711589
1307.45,2.199561467014746,0.4027663247826543,9.405896554813417,-0.891794575086351,1,-0.007648476041148822
1297.45,1.6813554448779087,-0.038479899118061045,1.964753120679518,0.0,1,-0.0017341708736366979
1295.2,1.0946394800696453,-0.20839862130877473,0.3868957846310579,0.0,1,-0.0001544163063620374
1295.0,0.693394874326259,-0.20321440901738708,0.23624167807968632,0.0,1,0.003166023166023102
1299.1,0.7766563319275974,-0.03998431713868289,3.409271977737191,0.0,1,0.00242475560003097
1302.25,1.0160656997340993,0.06647501688927304,5.81433588799203,0.0,1,0.00134382799001731
1304.0,1.196931575326289,0.08244696416048769,7.178826874553046,0.0,1,-0.02300613496932513
1274.0,-1.3123797848215872,-0.8089547986624628,-13.997868667080134,0.0,1,-0.011538461538461608
1259.3,-3.6826704828270067,-1.0597484988892942,-20.03916843267726,6.7242597051383655,1,-0.011554037957595464
1244.75,-5.773426624927424,-1.0501682136632375,-24.706913713915927,11.754063062763635,1,-0.0034143402289615876
1240.5,-6.691852477233624,-0.6561980219898125,-25.924265929304358,7.125317255936125,1,-0.0052398226521563895
1234.0,-7.135077696950702,-0.3664744139022966,-27.744525023162513,4.789614079971898,1,0.009967585089140973
1246.3,-5.737100498730115,0.3438342614394303,-17.08096498235959,0.0,1,0.0005215437695580416
1246.95,-4.505853524725353,0.5250270784813971,-16.545027969054217,0.0,1,0.0076586871967601056
1256.5,-2.718908910662776,0.7706572308479913,-8.867247574994067,0.0,1,0.006327099084759258
1264.45,-0.9363608610763094,0.8510684268114861,-3.1907856790005766,0.0,1,-0.00782949108307962
1254.55,-0.7920567645267056,0.3317908411203634,-8.701006694111783,0.0,1,0.0028296998923915684
1258.1,-0.35806665254131076,0.2552603177019195,-6.071174895470101,0.0,1,0.002901200222557909
1261.75,0.1929339578298368,0.26875364269102237,-3.3411488508587084,0.0,1,0.004636417673865578
1267.6,0.9398564331963826,0.33855870601918936,0.9148161530051908,0.0,1,0.00015777847901543574
1267.8,1.2516629681133509,0.21678841364538592,1.06313741967503,0.0,1,0.018733238681180042
1291.55,3.2824276548956277,0.7491843668092213,15.012561111897298,0.0,1,0.003910030583407442
1296.6,4.445107693712316,0.6372881352086366,17.22012218829019,0.0,1,0.00960203609440069
1309.05,5.693522071977895,0.6285675044914054,22.050774846794127,0.0,1,-0.005080019861731677
1302.4,5.289102421779035,0.0747159514308482,16.25603788747702,0.0,1,-0.005912162162162171
1294.7,4.004467394864832,-0.4033063584944516,10.04325898890287,0.0,1,0.0006179037614890692
1295.5,3.095110931835734,-0.4375542738411835,10.471148250995789,0.0,1,-0.001929756850636788
1293.0,2.174173456001654,-0.45283058322508785,8.30323695300308,0.0,1,0.005027068832173187
1299.5,2.0741902634176768,-0.18427125860302151,12.216396106569782,0.0,1,0.00461716044632543
1305.5,2.3513494785074727,0.03096265216225813,15.533908757382946,0.0,1,-0.0029107621600918954
1301.7,1.9773166295101419,-0.11435673227835741,11.720374952263903,0.0,1,-0.0008834600906507672
1300.55,1.5296904858855669,-0.18732762530097746,10.535845468636737,0.0,1,-0.006574141709276837
1292.0,0.46590320691620946,-0.417038301423445,2.251769274815551,0.0,1,-0.0006965944272446789
1291.1,-0.17981569981157008,-0.3542524027170748,1.4286356166789176,0.0,1,-0.0031755867090077494
1287.0,-0.8293571781910032,-0.33459796036550266,-2.369361260915973,0.0,1,-0.01445221445221434
1268.4,-2.6350148191982043,-0.7134185337909014,-15.290147611951156,0.0,1,-0.002207505518763919
1265.6,-3.551592404768826,-0.5433320397871744,-16.79670706381272,0.0,1,-0.001580278128950674
1263.6,-3.8805818304897457,-0.2907738218360314,-17.902402431956773,0.0,1,-0.002057613168724215
1261.0,-3.938361390809405,-0.11618446071856336,-19.37547627979479,0.0,1,-0.005590800951625674
1253.95,-4.226554388401837,-0.1347924861036649,-23.09553361943277,0.0,1,-0.010088121535946515
1241.3,-5.072604688164574,-0.326947595288801,-28.340936636618608,5.6885437871376325,1,-0.00185289615725448
1239.0,-5.264579447365577,-0.17297411816326758,-29.161688369856783,0.23828511308738598,1,-0.0010492332526230719
1237.7,-5.030185206352144,0.020473374283388246,-29.64607627031901,0.0,1,-0.0018582855296113143
1235.4,-4.685472651982764,0.12172864288425611,-30.535514242398502,0.0,1,0.009268253197344922
1246.85,-3.1684936537997146,0.5462358803557685,-14.858319397928597,0.0,1,-0.0052532381601635425
1240.3,-2.6917963502246494,0.3409777279769446,-18.72764130795638,0.0,1,0.004152221236797704
1245.45,-1.799964669251949,0.4109364696498816,-12.696759089320771,0.0,1,-0.004576659038901587
1239.75,-1.679051772994626,0.17728312196906826,-16.330177040177226,0.0,1,4.03307118370666e-05
1239.8,-1.4745076771162076,0.12727573928249547,-16.267266923457782,0.0,1,0.002581061461526035
1243.0,-0.9826933227507197,0.2063633645493277,-12.08029028222171,0.0,1,-0.006154465004022613
1235.35,-1.2923950353385862,-0.034446116012846195,-17.529778064263432,0.0,1,0.001092807706318144
1236.7,-1.2270463053544063,0.010300871323777994,-15.679030292709832,0.0,1,-0.0009703242500203046
1235.5,-1.1921180815827483,0.015076365031811978,-16.583548292537834,0.0,1,-0.01371914204775393
1218.55,-2.48781079623177,-0.42687211653906987,-26.361111991180962,0.0,1,0.0030363957162200528
1222.25,-2.620006253870315,-0.18635585805920485,-21.301050857557165,0.0,1,0.0022499488647984567
1225.0,-2.238603461533785,0.06501564475910859,-17.60166709423985,0.0,1,0.00767346938775515
1234.4,-1.0780184435709543,0.4085335542406465,-6.473346478437023,0.0,1,0.0018227478937136166
1236.65,-0.220391064291789,0.422053644506604,-4.104600065079289,0.0,1,-0.004811385598188722
1230.7,-0.2690447859613414,0.12446664094568388,-9.14032388828739,0.0,1,-0.0028845372552205317
1227.15,-0.5667845812993164,-0.05775771813076369,-11.910853903654335,0.0,1,0.008678645642341998
1237.8,0.21907756947325652,0.24270147754726978,-0.49742971353015975,0.0,1,0.008361609306834827
1248.15,1.456252180736783,0.49329202960359875,7.886034809988907,0.0,1,0.0006810078916796858
1249.0,2.0243184713069695,0.3537861067245951,8.514507733558304,0.0,1,0.008326661329063345
1259.4,3.00632507731666,0.4452642375780953,15.51143643705825,-2.1032482313480614,1,-0.0030570112752105194
1255.55,2.9259679572116966,0.1216357058243771,11.261488348224212,0.0,1,-0.00011946955517494473
1255.4,2.6294587340582893,-0.058291172443010186,11.089925156781788,0.0,1,0.0016727736179702468
1257.5,2.437082561310035,-0.08355578173042133,12.714221670578496,0.0,1,-0.001988071570576566
1255.0,1.9294709281600717,-0.1970558049601281,9.432473470669969,0.0,1,0.009840637450199141
1267.35,2.5440425342385424,0.13917193370611436,18.48453306536304,0.0,1,-0.00019726200339287292
1267.1,2.618491459424604,0.07120695296405843,18.142539659035194,0.0,1,0.007615815642017187
1276.75,3.2416749670655918,0.23146348686834894,23.762065500179702,0.0,1,0.002545525748971933
1280.0,3.5539604736306956,0.18124966447781743,25.38675696769657,0.0,1,-0.0033984374999999067
1275.65,3.0514398541106402,-0.10709031834741278,19.02990740935296,0.0,1,-7.839140830179225e-05
1275.55,2.5375595565080857,-0.2069902053166559,18.88154700835439,0.0,1,0.0019207400729097657
1278.0,2.2733227779976914,-0.1570756612756834,20.601548180119735,0.0,1,0.004225352112676051
1283.4,2.401760823909399,-0.009545871787992155,24.106532807872597,0.0,1,-0.0003116721209288631
1283.0,2.2324997782061473,-0.059602305830414704,23.386419103158374,0.0,1,0.02112236944660939
1310.1,4.220160940504002,0.6426862854891464,34.62970979216851,-6.253200168160447,1,-0.015533165407220717
1289.75,3.166478109944137,-0.13699884835690623,12.573413535300972,0.0,1,-0.0026361698003489753
1286.35,2.0924301855022804,-0.40368225759958776,9.685713241982121,0.0,1,-0.003459400629688525
1281.9,1.0102037078227113,-0.49530291175971897,5.931999104481214,0.0,1,-0.001638193306810365
1279.8,0.2099068266645645,-0.4318665976392886,4.146427025206634,0.0,1,-0.0006250976715110879
1279.0,-0.27440051613643845,-0.30539131348009724,3.424512475510099,0.0,1,-0.0007818608287725182
1278.0,-0.5770208111923694,-0.2026705361786761,2.453207650853315,0.0,1,0.0066510172143974255
1286.5,0.028087442212381575,0.13414590574202495,9.42096625239833,0.0,1,0.01208705790905551
1302.05,1.6241342820637783,0.5767309151978073,18.734363133155952,0.0,1,-0.0012288314580852777
1300.45,2.1534798451507413,0.36869215942825684,16.976930332305372,0.0,1,0.004729132223461052
1306.6,2.7511959729317823,0.32213609573643254,20.227994416435124,0.0,1,-0.0030613806826879086
1302.6,2.487454372411321,0.019464831738657207,15.56341970585845,0.0,1,-0.0002303086135421184
1302.3,2.123295707783427,-0.1148979442964122,15.202521326972558,0.0,1,0.002418797512093951
1305.45,2.0267750664875166,-0.07047286186410773,17.302362731326966,0.0,1,-0.005438737600061416
1298.35,1.2179501569655713,-0.29309925712868434,8.4664621953644,0.0,1,0.0063157083991221
1306.55,1.3953751891240245,-0.03855807499007713,14.45489644515142,0.0,1,0.001836898702690437
1308.95,1.5678064394430749,0.04462439177632449,16.04691624444216,0.0,1,0.0011841552389320054
1310.5,1.6525381946489688,0.04311871566073955,17.104189434887672,0.0,1,-0.0011446012972148312
1309.0,1.4321925560311684,-0.05907564098568696,14.930130454604367,0.0,1,-0.002864782276546962
1305.25,0.8901703570529662,-0.2003659466546297,9.569191158520894,0.0,1,0.0005746025665580579
1306.0,0.6074783944761748,-0.1610193030771404,10.297638956435165,0.0,1,0.008690658499234338
1317.35,1.3613425469814047,0.19761494980936312,19.528984732374894,0.0,-1,-0.002998443845598997
1313.4,1.2956627443188609,0.04397838238227303,13.793333862336134,0.0,-1,-0.0004948987361048651
1312.75,1.1006842809611044,-0.050333360325161225,12.845430041089564,0.0,-1,0.004684821938678363
1318.9,1.4239713592021417,0.09098457263862536,17.865200107075424,0.0,-1,-7.582075972412117e-05
1318.8,1.4586172850556522,0.041876832830711974,17.69994978796089,0.0,-1,0.0031468001213224017
1322.95,1.7002221408945388,0.09449389622319959,20.960493262838895,0.0,-1,0.0007558864658527842
1323.95,1.7626727237395698,0.05231482635607687,21.724687237575537,0.0,-1,-0.004116469655198518
1318.5,1.192841954850337,-0.17250531417771864,11.86597425136975,0.0,-1,0.00018960940462653397
1318.75,0.8293564075015638,-0.17866362050883056,12.131271824186463,0.0,-1,0.0036777251184834103
1323.6,0.9826672665353726,-0.008450920491673952,17.06956934918263,0.0,-1,-0.0019643396796614754
1321.0,0.7607670905076702,-0.07678369883979208,12.235387015317869,0.0,-1,-0.0023088569265707903
1317.95,0.33225307828479345,-0.168432570354223,6.890694481135249,0.0,-1,0.003414393565765117
1322.45,0.4653083156495086,-0.01179244432983595,12.210831663602576,0.0,-1,0.0010964497712580012
1323.9,0.6138935746944298,0.0455976049050284,13.809856074222637,0.0,-1,0.0038522547020167774
1329.0,1.0620284063256804,0.16457747884542628,18.94526723314638,0.0,-1,-0.0005643340857788282
1328.25,1.1350934549475369,0.07921417582242762,17.382899775032925,0.0,-1,0.003613777526821016
1333.05,1.4770348580127575,0.14038519296254948,21.909531586091518,0.0,-1,0.004388432541915233
1338.9,2.01241932137782,0.22525655210920403,26.35348145630124,-1.9258627396131942,-1,0.001792516244678355
1341.3,2.3124099429455782,0.17508239122565428,27.944037755311555,-1.7747373762281313,-1,0.0003354954148959699
1341.75,2.3072044251505304,0.05662562447686881,28.248843364898363,-0.2417615326817213,-1,-0.0020495621389975405
1339.0,1.8831679641573373,-0.1224702788387746,21.536102373887715,0.0,-1,-0.0027632561613144535
1335.3,1.2058857366473603,-0.26658416878291713,13.40462558329174,0.0,-1,0.0033325844379541447
1339.75,1.1375874781717812,-0.11162747575283216,18.230444955283403,0.0,-1,0.0008956894943086269
1340.95,1.1086393924197182,-0.04685852050163164,19.437995795165207,0.0,-1,-0.0027965248517841657
1337.2,0.6892787335086723,-0.15540639313755922,11.342173540260859,0.0,-1,-0.001346096320670065
1335.4,0.27215850959419186,-0.19084220568401322,7.751111855190253,0.0,-1,0.005691178673056685
1343.0,0.6742518551707235,0.07041704663083947,16.85423354972974,0.0,-1,0.00037230081906169943
1343.5,0.8607775400280389,0.08564757716271831,17.368194438644053,0.0,-1,-0.0027167845180499084
1339.85,0.5781422541210759,-0.06566256958141492,9.841799540721794,0.0,-1,0.0015300220173901646
1341.9,0.5594794233240918,-0.028108466792799658,12.459109461449138,0.0,-1,0.0013413816230716247
1343.7,0.6535247226486263,0.021978944177244886,14.703452656617117,0.0,-1,-0.0029768549527424693
1339.7,0.3127536454235269,-0.10626404434928483,6.380814390583268,0.0,-1,-0.005337015749794838
1332.55,-0.4795280303078471,-0.29951524002688634,-5.091807483844931,0.0,-1,0.0007879629282203648
1333.6,-0.7482081989812741,-0.1893984695667711,-3.321398461509098,0.0,-1,0.0010497900419916828
1335.0,-0.703530933402817,-0.048240401329437965,-0.898219922196148,0.0,-1,-0.004494382022471877
1329.0,-1.1225647228300204,-0.1557580635855471,-9.633646326835517,0.9473182599786014,-1,0.001655379984951022
1331.2,-1.0552012239743362,-0.02946485490995432,-5.603525023804764,0.0,-1,0.0006009615384614531
1332.0,-0.8669193725486366,0.052938998838581774,-4.125593802832384,0.0,-1,-0.0009009009009008917
1330.8,-0.8005351657900519,0.03977440186572212,-6.071607786412059,0.0,-1,-0.0021039975954313395
1328.0,-0.9339651319282893,-0.031218521424171808,-10.424123239918885,0.0,-1,0.003765060240963791
1333.0,-0.5061830206700506,0.13218786327802234,-0.4968731341170951,0.0,-1,-0.0004501125281319851
1332.4,-0.3001100466517528,0.11275361243210674,-1.5580289257374105,0.0,-1,0.000487841489042129
1333.05,-0.1178977224215032,0.09832197888745212,-0.26115261490489416,0.0,-1,-0.003413225310378465
1328.5,-0.39613341677136304,-0.05997123848746927,-8.399815172467129,0.0,-1,0.0014301844185171664
1330.4,-0.34390681254853916,-0.002581544754881815,-4.278949536141063,0.0,-1,0.0019167167769091886
1332.95,-0.07663460939147626,0.0882302194673937,0.8888015179141178,0.0,-1,-0.0035260137289471194
1328.25,-0.328278957030534,-0.054471376057221355,-7.41444016374885,0.0,-1,0.003914925654056045
1333.45,0.006588782235894541,0.09346545440306907,2.1777621030987575,0.0,-1,-3.749671903707785e-05
1333.4,0.16930692001619718,0.08539453072779057,2.0847943577511714,0.0,-1,-0.008062096895155246
1322.65,-0.6592762544282778,-0.24772954790556145,-13.465684713340991,0.848537595102016,-1,-0.004989982232639134
1316.05,-1.568628153781674,-0.3856938157529859,-19.647549960701777,5.044137858138129,-1,-0.0004939022073627841
1315.4,-1.946751757309812,-0.25460580642704134,-20.199336880683315,3.1749296378714007,-1,-0.005093507678272768
1308.7,-2.531917579298124,-0.27992387613845127,-25.334815774426904,5.367599436238834,1,0.004393673110720586
1314.45,-2.134340692017531,0.03921767038071389,-14.702526322101889,0.0,-1,0.003081136597055778
1318.5,-1.4201905240424821,0.2511226127852544,-8.266808945804414,0.0,-1,-0.0025786879029200405
1315.1,-1.2280995630512734,0.14773785792548777,-11.810091067332905,0.0,-1,0.005246749296631492
1322.0,-0.45471245230123714,0.30704165622517476,-1.8781087277813526,0.0,-1,-0.004160363086233021
1316.5,-0.4884595259013622,0.09109819420834986,-7.87332466421293,0.0,-1,0.0
1316.5,-0.46462810220964457,0.038309872633355835,-7.87332466421293,0.0,-1,0.002848461830611493
1320.25,-0.10149338184623957,0.13381486433225362,-2.3802755657331787,0.0,-1,0.00015148646089757634
1320.45,0.10519842682265335,0.11350222433371551,-2.0873055600167376,0.0,-1,-0.0003407929115074593
1320.0,0.16227779558857947,0.05686053103321388,-2.748022404136769,0.0,-1,0.0007575757575757347
1321.0,0.26062766367226686,0.051736799705633774,-1.0111230806314708,0.0,-1,0.01411809235427719
1339.65,1.8422502924081527,0.5444531428138399,19.67858194699926,-1.180329153484763,-1,0.00455342813421411
1345.75,2.98787408240878,0.5633589776048225,23.573806615804642,-3.683857272706973,-1,-0.0018948541705368083
1343.2,3.099196470541756,0.22489378857926612,19.430913589129176,0.0,-1,0.003573555687909513
1348.0,3.2965912920628853,0.14076287003346533,22.65174943401493,-0.16169256532157306,-1,-0.0006676557863501964
1347.1,3.045572761818221,-0.0367518867370662,21.091259039841077,0.0,-1,-0.00025981738549474276
1346.75,2.637099099877787,-0.1484085162258335,20.437523453392586,0.0,-1,-0.0010024132170037836
1345.4,2.1006040105844477,-0.22830120183972413,17.766816602678347,0.0,-1,-0.004013676230117502
1340.0,1.207306131722362,-0.3738663602339367,7.993943388192108,0.0,-1,-0.002798507462686617
1336.25,0.34754834798127376,-0.411208047991675,2.18682050142084,0.0,-1,-7.483629560334215e-05
1336.15,-0.11962623955446361,-0.2927942118424708,2.032444839957968,0.0,-1,-0.001496837929873096
1334.15,-0.509911346692661,-0.22769310632688944,-1.1770001757501944,0.0,-1,-0.0001499081812390557
1333.95,-0.679227954703947,-0.13233657144605848,-1.5093315692408282,0.0,-1,0.0010495145994975363
1335.35,-0.5906172624843293,-0.014575293075480222,1.0805732185076167,0.0,-1,-0.00026210356835276727
1335.0,-0.5262604778342848,0.016593830524854747,0.37697062500602385,0.0,-1,0.01883895131086155
1360.15,1.645606287643659,0.7294868653342664,26.367318913611655,-0.5486473286925957,-1,0.0020585964783295108
1362.95,2.827739146412341,0.6372065747009827,27.80530766128811,-0.0774259384427296,-1,0.002971495652811962
1367.0,3.5206606469289454,0.44337602507252916,29.782398434236185,-0.2655820351772036,-1,-0.003950256035113453
1361.6,3.12373300994318,0.015482796028921442,20.481046992046743,0.0,-1,0.002056404230317499
1364.4,2.8982914406217333,-0.069986257764175,22.338975463459263,0.0,-1,-0.0024919378481383925
1361.0,2.260713035909248,-0.23585488749221994,16.67682593468045,0.0,-1,-0.0014695077149154967
1359.0,1.5868644138938635,-0.3032345031692014,13.431754412074845,0.0,-1,-0.025202354672553384
1324.75,-1.7364652649382606,-1.2088547273337755,-17.066512074028353,0.0,-1,0.009133798829967787
1336.85,-2.2450913322761608,-0.5724935982238919,-6.41842333632075,0.0,-1,0.007966488386879744
1347.5,-1.4248134215888513,0.0825947708211392,1.1642981226072564,0.0,-1,-0.0033395176252318803
1343.0,-1.2709400144460687,0.07882272598797391,-1.8725127260967014,0.0,-1,-0.0007446016381236209
1342.0,-1.1714249763374482,0.059445921365531396,-2.567649627357639,0.0,-1,0.011922503725782407
1358.0,0.3092846240781455,0.5133851739270417,8.172622099842343,0.0,-1,-0.0022091310751104487
1355.0,0.7738657056129341,0.32598875182061016,5.797582500000296,0.0,-1,0.0010332103321033514
1356.4,1.058334104245887,0.20348571681785432,6.713939184299299,0.0,-1,-0.0027646711884400377
1352.65,0.7998737948751113,-0.01832486418430712,3.4180880165518985,0.0,-1,7.392895427482671e-05
1352.75,0.6123208239503128,-0.06862594503636854,3.4981588133243164,0.0,-1,0.001293661060802087
1354.5,0.6133509364919973,-0.02253194416489468,5.0021461505134965,0.0,-1,-0.0005906238464378211
1353.7,0.49608674805517694,-0.046598710867238324,4.113177398534894,0.0,-1,-0.0031395434734431404
1349.45,0.041947424831960234,-0.1669126780301517,-0.5997667469287151,0.0,-1,-0.0018896587498610229
1346.9,-0.40111785551562207,-0.20332598612591132,-3.3106795655288934,0.0,-1,-0.0036751057985002777
1341.95,-1.0017240077297629,-0.2679773794466841,-8.252017473840688,0.0,-1,-0.0002235552740414981
1341.65,-1.243550083192531,-0.16993448496981745,-8.54744560358894,0.0,-1,0.0024596578839488625
1344.95,-0.985833947324636,0.029260550299359256,-3.886771930799391,0.0,-1,0.0018216290568422444
1347.4,-0.5706563837802605,0.1481460379479116,-0.5662157498020974,0.0,-1,-0.005046756716639567
1340.6,-0.8821795700264374,-0.05445904943275515,-8.460156148147618,0.0,-1,0.004438311203938561
1346.55,-0.46859286564722424,0.11970921831548598,-0.6038392012372285,0.0,-1,-0.0011510898221380739
1345.0,-0.35191677465377325,0.07879510310297899,-2.453326633266684,0.0,-1,0.006877323420074299
1354.25,0.5065810020641948,0.31243095994031567,7.97921016307572,0.0,-1,0.002030644268045112
1357.0,1.1227814735843822,0.30954381048683444,10.569775722444277,0.0,-1,0.00033161385408986277
1357.45,1.374816586545876,0.18719297448277605,11.006850755053364,0.0,-1,-0.0020258573059781515
1354.7,1.157099427481171,-0.010174728193976357,6.736468772145074,0.0,-1,0.004650476120174218
1361.0,1.4768158956585467,0.1031805799944665,13.279283340798528,0.0,-1,0.0103232916972813
1375.05,2.684439471775704,0.43693471870387457,23.289071692917602,-7.28184814544602,-1,-0.002945347441911217
1371.0,2.7270479705196067,0.1598477391492592,17.404201296436938,-0.41180702738165564,-1,0.008606856309263389
1382.8,3.5044315556817764,0.31241044143714314,24.129197667570196,-6.183532208848419,-1,0.0011570726063061532
1384.4,3.7344207186226868,0.18079986812601767,24.90910333262147,-2.443583125541636,-1,-0.006717711644033675
1375.1,2.7632135735411794,-0.2634690923184966,12.701496350201523,0.0,-1,-0.0005817758708457355
1374.3,1.9806755365386834,-0.34866904310699764,11.739826775572013,0.0,-1,-0.0032380120788765288
1369.85,1.0535168899925793,-0.4252758965510339,6.394073043488277,0.0,-1,-0.006460561375333018
1361.0,-0.2353555074464566,-0.5713827646633567,-2.6629501465693863,0.0,-1,-0.000991917707567902
1359.65,-0.9726787472122851,-0.4362353348097284,-3.917354095137931,0.0,-1,0.017651601515095816
1383.65,0.7397161951726048,0.42538653585838715,14.608273710432613,0.0,-1,0.009648393741191752
1397.0,2.646770650100507,0.7774803302620965,20.80756683531652,-1.4613409249438973,-1,0.008589835361488829
1409.0,4.3797336567229195,0.8368144456281699,25.154182041964773,-5.750280308935999,-1,-0.003229240596167471
1404.45,4.502070688640515,0.3197171591819217,20.71810426736505,0.0,-1,0.0012460393748443543
1406.2,4.3338999805459935,0.05051548369579972,21.43856475765837,0.0,-1,-0.001208931873133312
1404.5,3.7469896281197634,-0.1787982895768101,19.590449782247447,0.0,-1,-0.0003559985760056561
1404.0,3.0996186495633538,-0.27538975604440674,19.007047284848667,0.0,-1,0.024180911680911743
1437.95,5.346798272821616,0.6572632890712855,31.014788928172095,-10.11571672118248,-1,-0.007823637817726659
1426.7,5.087321561715498,0.13259552598838908,20.900855487450926,0.0,-1,0.0008411018434149042
1427.9,4.633639742686228,-0.10702876434696051,21.325126645101108,0.0,-1,-0.009734575250367694
1414.0,2.8623288546143613,-0.6261132174729425,10.055552631226206,0.0,-1,-7.07213578500232e-05
1413.9,1.7298126726939245,-0.5862097997977931,9.979797399067046,0.0,-1,-0.0019096117122852085
1411.2,0.7944035256757616,-0.5072063156053188,7.792769964965473,0.0,-1,-0.0012046485260771567
1409.5,0.11883199169369618,-0.39425928319579473,6.35521004138667,0.0,-1,-0.005462930117062781
1401.8,-0.8705231079384248,-0.46120479427597194,0.08529088204220159,0.0,-1,0.004886574404337374
1408.65,-0.7218237320930712,-0.10416847281020614,5.030690844108307,0.0,-1,0.0027331132644730083
1412.5,-0.2664887331625323,0.11705550870677761,7.650949718126455,0.0,-1,0.000353982300884903
1413.0,0.025052827399576927,0.13619902308962895,8.004053302360525,0.0,-1,-0.0010615711252653925
1411.5,0.04373587206396223,0.05162735591800477,6.435534115452867,0.0,-1,0.002373361671980101
1414.85,0.32859940505750274,0.11216362963718177,9.175016717872595,0.0,-1,3.5339435275894004e-05
1414.9,0.44781455446604923,0.07712625968190945,9.217546405357538,0.0,-1,0.005724786203971988
1423.0,1.1451042496314585,0.258138651615773,15.657348284878978,0.0,-1,-0.0014757554462402345
1420.9,1.2233237430784811,0.1121193816875985,12.800708593164046,0.0,-1,-0.0021817158139209036
1417.8,0.9021565112118424,-0.06968261672634679,8.617591808912174,0.0,-1,-0.000916913528001051
1416.5,0.5580598526776157,-0.13792642508685782,6.853064148082879,0.0,-1,0.0005647723261559268
1417.3,0.40617320235423904,-0.0966043584700782,7.723238612217976,0.0,-1,0.002610597615183785
1421.0,0.6047154436628261,0.03397929427950297,11.6933258546566,0.0,-1,-0.002111189303307559
1418.0,0.40359361067862665,-0.05571417956823216,6.8811271216336465,0.0,-1,-0.0034908321579689705
1413.05,-0.14310010670351403,-0.20080263231679102,-0.23538873951007844,0.0,-1,0.00856303740136588
1425.15,0.6038113768308904,0.18203628373920444,12.505603644085554,0.0,-1,-0.002350629758271161
1421.8,0.6477828371955638,0.07533591470129264,7.981815812616425,0.0,-1,0.0018990012660009548
1424.5,0.840786664278312,0.08944658059468025,10.539363875842952,0.0,-1,0.0013338013338013432
1426.4,1.0255563557964251,0.09140542403759777,12.332056222634705,0.0,-1,-0.003084688726864848
1422.0,0.6658115052391622,-0.08944647550655505,5.80830917375301,0.0,-1,0.0017580872011251358
1424.5,0.6387881211906006,-0.03882328651837219,8.547256980792426,0.0,-1,-0.0017550017550017616
1422.0,0.3637107524004932,-0.10463355176949318,4.775148351976078,0.0,-1,0.000984528832630227
1423.4,0.31252950530529233,-0.05193826628823134,6.518278777171162,0.0,-1,-0.0018968666572994897
1420.7,0.03589475631542882,-0.10952433842603163,2.206371063056899,0.0,-1,0.0030618709087069096
1425.05,0.2570861521276129,0.0372223524620508,7.9493384027391585,0.0,-1,0.0010525946458019853
1426.55,0.4712580040231842,0.08379806811920737,9.800101323910617,0.0,-1,-0.005187340086221903
1419.15,-0.07759423703100765,-0.15501805764499482,-1.8228628126172737,0.0,-1,0.0016559207976605261
1421.5,-0.14972083780571666,-0.0757148861399013,1.5031372719490435,0.0,-1,0.008090045726345307
1433.0,0.7850259316242045,0.2863439610966733,14.048973607621818,-2.183933359583989,-1,-0.00041870202372640275
1432.4,1.1369804887037844,0.21276617272541776,13.102639702115624,0.0,-1,0.002513264451270425
1436.0,1.5182093931848613,0.19799835906883145,16.411175042402874,-1.3513787883427995,-1,-0.004526462395543218
1429.5,1.0406397293265854,-0.09319043492981471,6.285868130225836,0.0,-1,0.0009443861490030514
1430.85,0.8276349199536526,-0.1020650814342492,7.771630144440024,0.0,-1,-0.002096655833944805
1427.85,0.40216293860430596,-0.175845687594532,3.298729739221308,0.0,-1,-0.0012956543054242209
1426.0,0.0017467030461375543,-0.19208730771756682,0.6136908617308166,0.0,-1,-0.001753155680224383
1423.5,-0.406940306653496,-0.20025810580573344,-2.9455714353049203,0.0,-1,-0.003793466807165524
1418.1,-1.0273721192822904,-0.2735633061448427,-9.740322084976057,0.0,-1,-0.0063112615471404565
1409.15,-1.9978070156564627,-0.4146660675063385,-18.197432016728836,3.6400999085446983,-1,-7.09647659937751e-05
1409.05,-2.32487387920537,-0.24724431035174854,-18.28015329081674,0.9887322825447882,-1,0.0006742131223165249
1410.0,-2.215501154379581,-0.04595719517531993,-16.45555440013471,0.0,-1,0.0037588652482269946
1415.3,-1.5345230291015923,0.21167364336755612,-7.011748832706054,0.0,-1,-0.00017664099484204776
1415.05,-1.0869903807040373,0.2197354305883703,-7.32955662163787,0.0,-1,0.00643086816720273
1424.15,-0.014308191446616547,0.43080587328193043,5.866449323133196,0.0,-1,0.0022820629849384932
1427.4,0.7940585858025315,0.4130575501770262,9.560237408042518,0.0,-1,-0.0012610340479194404
1425.6,0.9820704256103454,0.20035646332828005,6.6428453087245956,0.0,-1,-0.003647586980920159
1420.4,0.5609038100467387,-0.07360338407844225,-1.0529458018486153,0.0,-1,-0.001689664883131603
1418.0,0.1035785180943094,-0.1769762253436239,-4.241167642954956,0.0,-1,-0.0017983074753172845
1415.45,-0.3462156710565978,-0.20892347149817705,-7.50861982159546,0.0,-1,0.0010950581087285638
1417.0,-0.41309479304368324,-0.09193419782842088,-4.8627940866178605,0.0,-1,-0.009562455892731081
1403.45,-1.541276454616991,-0.4067052864672429,-18.80382137913023,0.0,-1,0.003883287612668873
1408.9,-1.5227609141857101,-0.12939658201198734,-10.45868395973887,0.0,-1,0.0018808999929020853
1411.55,-1.1657730677879954,0.07586375479524254,-6.740579700535591,0.0,-1,-0.0017711026885338654
1409.05,-1.0984647222733201,0.047724033436639335,-9.360357051731313,0.0,-1,0.0010645470352363962
1410.55,-0.8482718226598536,0.0993056443500353,-7.056795580661088,0.0,-1,0.0031547977739179167
1415.0,-0.28165272096475746,0.2219749153483772,-0.585970893514201,0.0,-1,0.0010600706713781438
1416.5,0.15012788996318704,0.21791850875877394,1.4751578804040122,0.0,-1,-0.0047299682315566915
1409.8,-0.20482579540316692,-0.0456783922025267,-7.183112841545281,0.0,-1,0.0025180876720101164
1413.35,-0.06940048846945501,0.029915638243728407,-2.03076984957449,0.0,-1,-0.0022641242438177223
1410.15,-0.2625711276302809,-0.05441833363903248,-6.001362354635496,0.0,-1,-0.0006027727546715766
1409.3,-0.40810885324140145,-0.06665201975005103,-7.050605294055778,0.0,-1,0.0030511601504292774
1413.6,-0.08853531161003048,0.08430717396043999,-0.30727215700587607,0.0,-1,-0.00021222410865873176
1413.3,0.05362940183977116,0.07549062913674721,-0.7584588532079763,0.0,-1,-0.0002122691572914448
1413.0,0.09524264174478958,0.03903462301392188,-1.2502641537671693,0.0,-1,0.008351026185421162
1424.8,1.0914457082185436,0.34507922982922534,14.322712673960623,0.0,-1,0.008632790567097093
1437.1,2.52359343243711,0.5924089846825973,23.610104911056098,-8.395920769207578,-1,0.0034444367128245723
1442.05,3.4418678418433046,0.5035611313629307,26.361650366226144,-7.778420238434137,-1,-0.000728130092576551
1441.0,3.5266827263928917,0.19612533863750592,24.530126933057957,-2.3939579867317207,-1,-0.0001387925052047656
1440.8,3.2585332748014935,-0.024008037651297442,24.153710782137864,0.0,-1,-0.0025333148250971105
1437.15,2.54874744277231,-0.24459795656016015,17.26488571432911,0.0,-1,0.0005914483526423542
1438.0,2.0522922398602077,-0.2470177198240875,18.0332968807419,0.0,-1,0.004589707927677322
1444.6,2.1830402850823702,-0.0387565582006415,23.416847376753395,0.0,-1,-0.0008999030873597658
1443.3,1.9581609506033146,-0.08787863089323222,20.80706413390378,0.0,-1,-0.0054042818540843696
1435.5,1.0325412041468098,-0.3378327924499125,7.241737495996823,0.0,-1,-0.0010797631487285964
1433.95,0.3545195639062513,-0.338618144230157,4.918636966399639,0.0,-1,-0.00010460615781593408
1433.8,-0.026534553206147393,-0.23989075378085192,4.6800202230903665,0.0,-1,-0.005405216906123611
1426.05,-0.8606837323286527,-0.35801331096778577,-6.236035727962026,0.0,-1,0.0
1426.05,-1.2060346775290327,-0.23445475205605526,-6.236035727962026,0.0,-1,-0.0018232179797341708
1423.45,-1.4948739270018905,-0.17443133384297105,-9.578282237756497,0.0,-1,0.0019670518809933313
1426.25,-1.2813873911547944,0.013018400668041608,-4.589725584297973,0.0,-1,-0.001998247151621335
1423.4,-1.305361840634987,-0.0036520162707169845,-8.517910095516697,0.0,-1,-0.0023183925811438577
1420.1,-1.4835689119888684,-0.06061969587486615,-12.672199287887295,0.0,-1,0.0029575382015352147
1424.3,-1.0990417049999905,0.10796917037133724,-4.897532842813959,0.0,-1,0.002246717685880917
1427.5,-0.5485246260889198,0.2194954164274694,0.3197978342982992,0.0,-1,-0.0014360770577933613
1425.45,-0.39838903445934193,0.12321033601901576,-2.8685638603399752,0.0,-1,0.011294678873338126
1441.55,1.0515445142270892,0.5243812949018157,15.955270388190442,0.0,-1,-0.0016995595019250187
1439.1,1.4847159123846723,0.31918423101979965,12.210119568118024,0.0,-1,0.0011812938642208337
1440.8,1.719241952098173,0.18457009024443338,13.795112523411255,0.0,-1,-0.0005552470849528035
1440.0,1.6265681426132232,0.030632093586494546,12.426071752607783,0.0,-1,0.0010763888888889461
1441.55,1.5738505593196805,-0.007361829902349459,14.085279134300208,0.0,-1,-0.0009018070826540825
1440.25,1.3080042210629017,-0.0910693893863761,11.552323036920953,0.0,-1,-0.0022565526818261183
1437.0,0.7952473668460698,-0.20127541453440267,5.462984530828706,0.0,-1,0.01391788448155884
1457.0,2.139264992500557,0.38091407037336156,23.433588897004313,-5.494084284347309,-1,0.004392587508579293
1463.4,3.166335055952686,0.46932804460849686,26.76676813504828,-6.0466495269317875,-1,-0.002938362716960574
1459.1,3.057675499682773,0.12022282944619445,20.19229169874488,0.0,-1,-0.006236721266534073
1450.0,1.990206096574184,-0.31574885788746476,8.426340820212175,0.0,-1,-0.0022068965517241246
1446.8,1.0239542203053134,-0.4273335780521119,4.834961880864185,0.0,-1,0.001797069394525952
1449.4,0.672165430478799,-0.25970745595954214,7.209508388289585,0.0,-1,0.0003449703325513198
1449.9,0.4819239163589373,-0.14998299002646798,7.684874349473667,0.0,-1,0.0023449893096074703
1453.3,0.6299761662689889,-0.0006435800388054913,10.961593990727572,0.0,-1,-0.0070873185164797015
1443.0,-0.20682905596504497,-0.27914960075761314,-1.6427683225304222,0.0,-1,0.003291753291753352
1447.75,-0.21216257908486114,-0.09482770795914312,3.3043764423432265,0.0,-1,-0.001070626834743571
1446.2,-0.32631579238773156,-0.06966030708733784,1.5151088129660266,0.0,-1,0.004701977596459628
1453.0,0.21046725032647373,0.15570757854228917,8.332855776124816,0.0,-1,0.00901582931865108
1466.1,1.5529865008229535,0.49940894301292293,17.972779143309637,-1.1739424669729033,-1,-0.0007502898847281392
1465.0,2.003163917669326,0.31652878661976525,16.536565314576066,0.0,-1,-0.0068259385665528916
1455.0,1.22798896628683,-0.15288205492091023,4.833606121968359,0.0,-1,-0.001752577319587556
1452.45,0.525569076738293,-0.2851006481564824,2.2306981459958024,0.0,-1,-0.0007917656373713777
1451.3,0.034728375569102354,-0.25864711644189103,1.0171872849459618,0.0,-1,0.0012747192172535282
1453.15,-0.05941933964618329,-0.11759827721905891,2.970274595557484,0.0,-1,-0.0004473041324021265
1452.5,-0.15570825228337526,-0.07129572995208362,2.1583772369914485,0.0,-1,-0.001376936316695332
1450.5,-0.3575436875782998,-0.09104372174900272,-0.4387048724193079,0.0,-1,-0.00027576697690456786
1450.1,-0.4619994312608924,-0.06516648847719841,-0.9810961428966678,0.0,-1,-0.002482587407764969
1446.5,-0.7757273504969362,-0.12629813590441408,-5.8164739815179445,0.0,-1,0.00508123055651577
1453.85,-0.25544736424035364,0.13132728345072286,4.389874955371489,0.0,-1,-0.000722220311586419
1452.8,-0.061520090758676815,0.10841818564413325,2.855753536854081,0.0,-1,0.0015143171806166755
1455.0,0.2239035535453695,0.13128060998272653,5.760716688918713,0.0,-1,-0.0009965635738832246
1453.55,0.22712341290207405,0.04483348977981036,3.353168664990257,0.0,-1,-0.0014103402015753774
1451.5,0.038973058171904995,-0.04777228831678623,-0.03566368413910226,0.0,-1,-0.0010678608336203155
1449.95,-0.18751654070774748,-0.09142062906547956,-2.5667562016929963,0.0,-1,0.000310355529500983
1450.4,-0.24763496175501132,-0.05051301670424782,-1.721559460286592,0.0,-1,0.00417126309983451
1456.45,0.2471087412009183,0.14807689541722727,8.295307588805436,0.0,-1,0.000549280785471451
1457.25,0.5405548642454505,0.14717433948725317,9.449165152737407,0.0,-1,0.00017155601303819878
1457.5,0.6630650204137964,0.08989483188519976,9.835018579482565,0.0,-1,0.0008233276157805225
1458.7,0.7690646801302137,0.06529816386720566,11.77487762463334,0.0,-1,-0.0003427709604442164
1458.2,0.7163091199777227,0.004180867904904906,10.423810390976719,0.0,-1,-0.0018515978603758088
1455.5,0.4052389132366443,-0.10229644627872447,3.414497239929517,0.0,-1,0.002232909653040238
1458.75,0.4867672337629756,-0.0069227085841310765,9.671377324545226,0.0,-1,-0.0005484147386460858
1457.95,0.4203007912126395,-0.024463050378155715,7.557061901020269,0.0,-1,0.0029493466854144668
1462.25,0.710375837336187,0.08853733191513058,14.969851213586821,0.0,-1,0.0003077449136605903
1462.7,0.8337153739532823,0.07062562284407525,15.667100766039667,0.0,-1,0.0009913174266766855
1464.15,0.9467421944325451,0.06121748110777936,17.950984220068406,0.0,-1,-0.003380801147423451
1459.2,0.511860421802794,-0.12455476384065722,4.259917781973321,0.0,-1,-0.000822368421052655
1458.0,0.15176450033777655,-0.16155022843522493,1.466720812015474,0.0,-1,0.005452674897119314
1465.95,0.6215694979105137,0.10275158971250409,14.803818956186234,0.0,-1,0.0018077014905009126
1468.6,1.0255078718710138,0.1688966545576681,18.05513375772233,-0.6920170644323207,-1,0.0037450633256161936
1474.1,1.600351402861861,0.2479133951828385,23.66519807697574,-3.032101552125823,-1,-0.00010175700427372814
1473.95,1.7419105514520652,0.1298241812576808,23.275247005809547,-0.44420946105060466,-1,-0.0017978900234065787
1471.3,1.4466975797927262,-0.05512959680055274,16.37788137298999,0.0,-1,0.002752667708828982
1475.35,1.5160329623138296,0.004735261906850141,21.011482108123843,0.0,-1,-0.00010167078998191137
1475.2,1.4118645733815356,-0.03314437567514794,20.611021544804558,0.0,-1,0.0018980477223426995
1478.0,1.4754583311337228,0.010149794025679837,23.688538230680763,0.0,-1,-0.0010825439783490598
1476.4,1.2509670157485289,-0.07144717378650478,19.09465630492444,0.0,-1,-0.00044026009211606265
1475.75,0.9803074400770129,-0.11403558315267359,17.203520250638775,0.0,-1,0.0015246484838218333
1478.0,0.950785365567981,-0.04785255255390186,20.327180431484877,0.0,-1,0.00131935047361309
1479.95,1.0192922145160992,0.006884765464738818,22.82002493086084,0.0,-1,0.0011486874556572158
1481.65,1.110271287780506,0.032621279576381834,24.865431329288,0.0,-1,-0.0009786386798501523
1480.2,0.9424048837643113,-0.04508170814660428,19.88152896233622,0.0,-1,-0.0021618700175651817
1477.0,0.5132712747758887,-0.15807177237834225,10.074881087713209,0.0,-1,0.0016587677725119487
1479.45,0.4600985307170049,-0.07041483881240873,14.33282986802422,0.0,-1,-0.008482882152151094
1466.9,-0.6506627188721268,-0.39372536280051346,-9.967147984991229,0.0,-1,0.000579453268798158
1467.75,-1.0809881170939661,-0.2746835870074509,-8.30967472203286,0.0,-1,0.002486799523079508
1471.4,-0.9019018064470856,-0.031865758786856824,-1.515973027867986,0.0,-1,-0.0025825744189208466
1467.6,-1.0538668339197557,-0.061276928753175586,-7.274381120034022,0.0,-1,-0.0007495230307985601
1466.5,-1.1336937781627512,-0.04703462433205696,-8.846471158046029,0.0,-1,0.003989089669280466
1472.35,-0.5916327687707508,0.1650087950199811,1.663170052017712,0.0,-1,-0.0026488267056066217
1468.45,-0.5962995333438812,0.05344734348228353,-4.3729281310328645,0.0,-1,0.0014981783513228208
1470.65,-0.365607954518282,0.09471297410262758,-0.6628709324071806,0.0,-1,0.00033998572059967813
1471.15,-0.1781281688956824,0.09406425324174239,0.1952984964857052,0.0,-1,-0.003534649763790254
1465.95,-0.5028775953430795,-0.07689505773521826,-8.02147392446588,0.0,-1,0.0015348408881612485
1468.2,-0.4358458422880176,-0.003287768226718779,-3.7883308262134534,0.0,-1,-0.00286064568859834
1464.0,-0.7160094789032883,-0.0944838016139965,-9.862037066765858,0.0,-1,0.0017759562841528354
1466.6,-0.579757173968801,0.013922834440163623,-4.898993810212943,0.0,-1,-0.0007500340924586624
1465.5,-0.5549845903376536,0.01289847269043698,-6.59081713201256,0.0,-1,0.0024564994882292357
1469.1,-0.19634958266055946,0.1238444934558437,0.2019733026698347,0.0,-1,-0.0020420665713701824
1466.1,-0.25066961360039386,0.023174820838669785,-4.81948304597158,0.0,-1,-0.00020462451401670467
1465.8,-0.281940494603532,-0.0026986867214894295,-5.316095389465282,0.0,-1,-6.82221312593434e-05
1465.7,-0.2824142272213521,-0.001057473113103169,-5.497266620924677,0.0,-1,0.0028314116121987976
1469.85,0.08671675873802087,0.12269117094875662,3.2441134533097298,0.0,-1,0.0058169200938873455
1478.4,0.9765558551564482,0.33751008912239466,15.63495567935955,-3.4629462562579647,-1,0.005106872294372344
1485.95,1.9692624154358782,0.4434055498006082,22.72653772864882,-6.434630510823581,-1,0.0015814798613680292
1488.3,2.4973438276226716,0.3238289873291338,24.54333368561356,-4.733450514720971,-1,0.0004703352818653528
1489.0,2.611605881414107,0.14603034704018958,25.09247500674641,-2.1386450441559646,-1,-0.005137676292814031
1481.35,1.8136030848586415,-0.2173241498384253,9.50553555767506,0.0,-1,0.002970263610895474
1485.75,1.630134762842772,-0.13359749061809834,14.24809081769233,0.0,-1,-0.000269224297492876
1485.35,1.3692227049311896,-0.13150318284322693,13.496927695866177,0.0,-1,-0.009021442757599085
1471.95,0.007998117231181823,-0.4975759235144116,-5.757048191544044,0.0,-1,0.00027174836101750977
1472.35,-0.6399473530548221,-0.3818404646001386,-5.201867738571835,0.0,-1,-0.00023771521716975386
1472.0,-0.9397578087764487,-0.22721697344058844,-5.631380285338992,0.0,-1,0.0033967391304348116
1477.0,-0.594683219239414,0.03928587203214873,1.7166772379383488,0.0,-1,0.0013540961408260443
1479.0,-0.20592232286753642,0.14268225613467544,4.393950194035611,0.0,-1,0.0006761325219744041
1480.0,0.08895165222406831,0.14585207707542674,5.756865546685276,0.0,-1,0.0006756756756756133
1481.0,0.31230933541792183,0.12306992008976009,7.178746679147032,0.0,-1,-0.004051316677920358
1475.0,-0.10203760093668279,-0.09709233875494819,-2.9103370613768007,0.0,-1,0.0009152542372881101
1476.35,-0.1882079357026214,-0.0610875578402956,-0.6749613396408947,0.0,-1,-0.002302976936363277
1472.95,-0.498942441777217,-0.12394068797163038,-5.889915877237684,0.0,-1,0.0024101293322922324
1476.5,-0.3168978246662846,0.019367976379767338,0.2163630676277819,0.0,-1,0.0016931933626820328
1479.0,0.00886596927807659,0.11504392344137618,4.1371510560186096,0.0,-1,-0.0018931710615279762
1476.2,-0.06232429785632121,0.014617885435659464,-0.6951288216609939,0.0,-1,-0.0028451429345617285
1472.0,-0.4427257399354403,-0.12192785221448654,-7.08016645178958,0.0,-1,0.016236413043478226
1495.9,1.3956340173529043,0.5721439683579527,18.616640618854774,-3.288124481195382,-1,0.011966040510729137
1513.8,3.6901777278844747,0.9555625596298412,27.169652502758694,-13.124688804279685,-1,-0.006804069229752963
1503.5,3.6716014391597582,0.31232875696837503,15.718505087846125,0.0,-1,0.0015297638842699524
1505.8,3.548013174867492,0.06291349755870312,16.935834536984203,0.0,-1,-0.0015606322220745872
1503.45,2.9947179448156476,-0.1634605774977138,14.342010442761193,0.0,-1,0.002959858990987385
1507.9,2.839343834388501,-0.10627822930828668,17.030130750539982,0.0,-1,0.0011605544134225543
1509.65,2.6708781263093897,-0.09158131246246581,18.081534170453395,0.0,-1,0.024707713708475465
1546.95,5.472405428410639,0.9033153298795948,31.81524481196692,-17.075349277164833,-1,-0.01299330941530119
1526.85,4.742135293760384,0.05768173174311375,15.055278516652066,0.0,-1,0.004322625012280312
1533.45,4.531822285288399,-0.05087709224295711,17.485372438144836,0.0,-1,-0.0009455802275913916
1532.0,3.9281805906118734,-0.21817292897316065,16.358895814246495,0.0,-1,0.0009464751958225825
1533.45,3.4198446940558824,-0.24216960850971736,16.97147080180501,0.0,-1,0.0055756627213146
1542.0,3.593189687939912,-0.022941538208562484,20.491829413216806,0.0,-1,-3.242542153047978e-05
1541.95,3.3762630442201953,-0.07995606064275984,20.443043194140714,0.0,-1,-0.017477868932196272
1515.0,0.740611135341851,-0.9052026565070348,-0.19866454315927484,0.0,-1,-0.006402640264026482
1505.3,-1.4472657470423655,-1.0310265129637508,-5.422545114860753,0.0,-1,0.0034544609048030583
1510.5,-1.9872653759809964,-0.5236753806341272,-2.1633749717440836,0.0,-1,0.0019860973187686426
1513.5,-1.8416597424518386,-0.12602324903498974,-0.26845233627859244,0.0,-1,0.001949124545754799
1516.45,-1.3695519471496027,0.11536151542241546,1.650550372228821,0.0,-1,0.0036928352401990328
1522.05,-0.552702053902749,0.31073713622308974,5.253534210460032,0.0,-1,0.0006241582076804697
1523.0,-0.01905193612083167,0.28146241800166905,5.873353054907035,0.0,-1,0.0011490479317137758
1524.75,0.39519411744686295,0.23190282385645458,7.089923494516015,0.0,-1,-0.006853582554517179
1514.3,-0.3014490322232177,-0.15491344193787537,-1.7383233811604697,0.0,-1,0.006570692729313876
1524.25,0.20451681229360474,0.11701746752631571,5.535931119896965,0.0,-1,-0.0005576513039199371
1523.4,0.3696233335276702,0.09404132958679373,4.804546099564099,0.0,-1,-0.000984639621898431
1521.9,0.29637464968391214,0.0069308819143452105,3.4249685985985536,0.0,-1,-0.0016426834877455443
1519.4,0.026719086955154125,-0.08757489360480428,1.0454306769891772,0.0,-1,0.0003948927208108355
1520.0,-0.06033528498892338,-0.0582097551829606,1.620052976179501,0.0,-1,-0.003289473684210509
1515.0,-0.515501197211961,-0.17112522246866613,-3.4402458523588635,0.0,-1,0.002937293729373014
1519.45,-0.32929238688916485,0.005027862618043333,1.2824567184290956,0.0,-1,-0.0035539175359505792
1514.05,-0.6587469494870675,-0.10814223332661976,-4.177533329822779,0.0,-1,-0.0005614081437204099
1513.2,-0.8394119849951949,-0.09626908961158243,-5.015200461454256,0.0,-1,0.003799894263811776
1518.95,-0.3806268373330113,0.12083868601686709,1.6309070681097353,0.0,-1,-0.007011422364133213
1508.3,-1.0070153603908238,-0.1685166123469819,-8.649393289341013,0.0,-1,0.00023204932705711556
1508.65,-1.2071250085539305,-0.1228754201700295,-8.226053266320285,0.0,-1,-0.007655851257747148
1497.1,-2.1690860819226145,-0.3616121645129047,-16.968381205444636,5.642073656377306,-1,0.00460891056041679
1504.0,-1.8943094451135494,-0.028945175901279763,-8.80020624956888,0.0,-1,-0.0006981382978723527
1502.95,-1.6865620062826565,0.05960075430987111,-9.632703098141057,0.0,-1,0.006187830599820421
1512.25,-0.6671414530103448,0.359673769194061,0.25866061709174204,0.0,-1,-0.002678128616300235
1508.2,-0.43933605528991393,0.1958263889714973,-3.4754200965888558,0.0,-1,-0.005436944702294166
1500.0,-0.9721553518222663,-0.11233096918695173,-10.138075772230728,0.0,-1,0.0011666666666667602
1501.75,-1.0117187207699772,-0.05063144604488756,-8.162957627443994,0.0,-1,-0.0018311969369069203
1499.0,-1.1763571785129443,-0.0717566345959515,-10.431986062911761,0.0,-1,0.0030353569046031037
1503.55,-0.7814799758416484,0.10770685602511476,-4.952926949068917,0.0,-1,0.0001995277842439247
1503.85,-0.49391804318588584,0.13175626289362574,-4.590331624423406,0.0,-1,3.324799680837209e-05
1503.9,-0.304810573259374,0.10695457760671256,-4.523708806080549,0.0,-1,0.0007646785025599012
1505.05,-0.08902262385777249,0.10758084233610471,-2.874635428197628,0.0,-1,0.001893624796518445
1507.9,0.26378990283114945,0.15346445634167555,1.1904001274473117,0.0,-1,0.0003979043703161711
1508.5,0.4682136742728744,0.11929607592780017,2.052674016545744,0.0,-1,-0.0009280742459397695
1507.1,0.4147410871375996,0.021941162930841807,-0.22697657257037207,0.0,-1,0.0021564594253864477
1510.35,0.6242763696418479,0.07715881514502998,4.870957095773299,0.0,-1,-0.00019862945674842258
1510.05,0.6520209800905832,0.03496780853125514,4.305633113706456,0.0,-1,0.0025826959372206026
1513.95,0.9365582036407432,0.10650167736047167,10.224889028054648,0.0,-1,0.0006935499851381532
1515.0,1.0882802984456248,0.08607459072178436,11.708726865550112,0.0,-1,0.004917491749174996
1522.45,1.6942846543108772,0.2306929821956789,20.410954836679224,-3.445234593319583,-1,0.0009524122302866367
1523.9,1.9769297777177144,0.17111270186750538,21.797054135341085,-2.241200863657241,-1,0.006332436511581996
1533.55,2.757674857944494,0.31728592736476147,29.05309919257313,-6.448648184580861,-1,-0.0033256170323757717
1528.45,2.493241159895888,0.01761740977205184,18.677351781057695,0.0,-1,-0.002715168962020398
1524.3,1.8074208808802723,-0.22273428974785459,11.392042646369624,0.0,-1,0.00039362330249970157
1524.9,1.3638923346322827,-0.22208761199861482,12.038937136854479,0.0,-1,-0.0014755065905961429
1522.65,0.8409703669558439,-0.24833652655835126,7.9903706973755035,0.0,-1,-0.002003086723804004
1519.6,0.25526185253806943,-0.2780150136587086,2.8005736496561013,0.0,-1,0.0008554882863913704
1520.9,0.04946910761759682,-0.1612692528597271,4.7197051731565764,0.0,-1,0.004635413242159325
1527.95,0.5299503095225191,0.1064039830150651,13.630370805242407,0.0,-1,-0.002061585784875253
1524.8,0.4635283846814673,0.013327352724671115,7.967170404385691,0.0,-1,0.0007869884575026909
1526.0,0.49169005687076606,0.013829674971323314,9.493168298708575,0.0,-1,-0.00134338138925294
1523.95,0.29396338822607504,-0.061298997891122586,5.657681237985656,0.0,-1,3.2809475376538444e-05
1524.0,0.17476977155160967,-0.060164204855195996,5.7350182426730925,0.0,-1,0.002591863517060311
1527.95,0.4297754822518982,0.06494716861503086,11.61193748802134,0.0,-1,3.2723583886840046e-05
1528.0,0.5256303807475433,0.05360068903689197,11.683486857938583,0.0,-1,0.006282722513089034
1537.6,1.329755298266491,0.2859085355186133,22.58445774488918,-0.9656918167295316,-1,-0.0033168574401664097
1532.5,1.1960048155035565,0.0507193509185595,12.147801019971062,0.0,-1,0.0014355628058728698
1534.7,1.2127958394969482,0.022503458303983814,14.588278464781624,0.0,-1,0.0011077083469082094
1536.4,1.2617916982021598,0.023833105669731847,16.445720755291276,0.0,-1,-0.0010088518614945752
1534.85,1.0519736527046462,-0.06199497994259384,13.09305606649228,0.0,-1,0.002312929602241276
1538.4,1.1552334922305363,0.013754953194432096,17.29278118302763,0.0,-1,0.001625065002600179
1540.9,1.3189272876409177,0.0591495828682711,19.966907852241278,0.0,-1,0.0422480368615743
1606.0,6.715863578042672,1.818695291090009,41.07638756381108,-36.5083261671291,-1,0.00899750933997523
1620.45,10.058843091740073,1.7205582682624705,42.394751304694395,-29.447708356777866,-1,0.0040729427011014785
1627.05,11.442095924277055,1.0346037002664836,42.92519876221657,-18.06985237537083,-1,-0.0004609569466211827
1626.3,11.117714346855792,0.23674070761507338,42.11399605120596,-3.145563951811482,-1,-0.0003996802557952872
1625.65,9.974880695907132,-0.3020309811111961,41.34611217873973,0.0,-1,0.00202995724787014
1628.95,8.847223812440689,-0.47656262152587914,41.734783272980906,0.0,-1,3.0694619233218035e-05
1629.0,7.550293386337216,-0.5911643492097838,41.74102795793195,0.0,-1,-0.000982197667280471
1627.4,6.139303724424053,-0.6673846703743154,39.341009341874624,0.0,-1,-0.004362787268034962
1620.3,4.330533583098713,-0.8253849372332187,29.133761194851132,0.0,-1,-0.0031475652656914876
1615.2,2.6402707138445294,-0.8385492688291345,22.52088723861958,0.0,-1,0.000928677563150071
1616.7,1.7001167197304312,-0.5929010876477441,23.251367678907712,0.0,-1,-0.0022576854085483156
1613.05,0.7841966626956491,-0.5029403815608422,18.339604254431038,0.0,-1,0.0005889464058770333
1614.0,0.3400535789537571,-0.31569448843424475,18.941866020675135,0.0,-1,0.0009293680297397522
1615.5,0.21464423883685413,-0.14703460951704928,19.94489246883107,0.0,-1,0.0023522129371711387
1619.3,0.45071921554199434,0.029680122396030295,22.449376599096908,0.0,-1,-0.001327734206138409
1617.15,0.3520301025992012,-0.02300299684892093,18.842991612219194,0.0,-1,-0.001113069288563362
1615.35,0.12334970424467429,-0.08389446506781595,15.79628696251666,0.0,-1,0.003157210511653963
1620.45,0.4237303630468432,0.07216206457811764,19.978939701271997,0.0,-1,-0.00040112314480555966
1619.8,0.4844431621941112,0.0442916212417952,18.787724655155927,0.0,-1,-6.173601679215768e-05
1619.7,0.46609596491816774,0.008648141321950575,18.588145121089255,0.0,-1,-0.0005556584552695032
1618.8,0.3430810358704548,-0.03812226257525414,16.654250049667922,0.0,-1,-0.002440079070916812
1614.85,-0.07618318164259108,-0.15246216002943336,8.597253363504585,0.0,-1,-0.0011456172399912923
1613.0,-0.43363335859567087,-0.16997077899417107,5.1293999806514705,0.0,-1,-0.0006819590824549415
1611.9,-0.667889000522564,-0.13474214030702136,3.0550196077996574,0.0,-1,-9.305788200264509e-05
1611.75,-0.7418594047758234,-0.06957084818676029,2.754260537809863,0.0,-1,0.002636885373041631
1616.0,-0.36285632317117233,0.10314407780596357,9.909006721884552,0.0,-1,-0.000680693069306848
1614.9,-0.23478342210432857,0.0770723262909358,7.408825502203207,0.0,-1,-0.0017648151588334215
1612.05,-0.38868168639555734,-0.025608646000097657,1.2514556663814815,0.0,-1,-0.010669644241803944
1594.85,-1.8665740113415268,-0.5011669903153557,-20.189005422457473,9.018749131630784,-1,-0.005925322130607813
1585.4,-3.237472339535998,-0.6240217728366089,-26.25343063517901,10.820186439850204,-1,0.002396871451999516
1589.2,-3.3364654753386276,-0.2410049695464127,-19.900116123354415,2.6455794357787,-1,0.010571356657437692
1606.0,-1.7079232536282234,0.4625124173879973,0.4002420470183523,0.0,-1,-0.0011830635118307287
1604.1,-0.9096585383040292,0.42025904423739724,-1.3743283252932699,0.0,-1,-0.004083286578143497
1597.55,-0.9805546357833919,0.1164543155860116,-7.1529788182183225,0.0,-1,0.0015335983224311622
1600.0,-0.7301231315409495,0.1222952732761513,-4.463024852368129,0.0,-1,0.015625
1625.0,1.539269548208722,0.7972293176752744,14.487425909898462,0.0,-1,-0.002769230769230746
1620.5,2.1706934257326793,0.47621773173307735,10.29171624050241,0.0,-1,-0.0004011107682814208
1619.85,2.251347579016965,0.1856239616724542,9.668648989543968,0.0,-1,-0.004938728894650746
1611.85,1.4373956907411412,-0.2094426422011233,2.2802691578754803,0.0,-1,-0.008282408412693454
1598.5,-0.20186322762538111,-0.6162338535225487,-7.4815215709475495,0.0,-1,-0.0017829214888958056
1595.65,-1.2421707511730347,-0.5521804590234007,-9.284826035532504,0.0,-1,-0.0036662175289068344
1589.8,-2.1463102836826238,-0.4854399971776633,-12.875835339893825,0.0,-1,0.0005346584476035865
1590.65,-2.348687526296999,-0.2292724132640127,-11.993112773324789,0.0,-1,0.0
1590.65,-2.2541521870793986,-0.044912358015470666,-11.993112773324782,0.0,-1,-0.0020746235815548575
1587.35,-2.2940385018807774,-0.028266224272283313,-14.389352826531812,0.0,-1,0.0034018962421646926
1592.75,-1.672811784124633,0.1976534978279536,-7.767371683058563,0.0,-1,0.0028566943964840608
1597.3,-0.8436307765696256,0.342278168460987,-2.693856211222112,0.0,-1,-0.0036937331747323165
1591.4,-0.8504043747445849,0.11183485676200922,-8.007541053957723,0.0,-1,0.0022621591051903422
1595.0,-0.4829241426034514,0.1597716963010476,-3.9026964934482677,0.0,-1,0.012476489028213189
1614.9,1.3993929853509144,0.6806962747518045,12.427474026666054,0.0,-1,0.004303672053997065
1621.85,2.803102133882021,0.6948018077609706,16.37993830119737,0.0,-1,-0.002404661343527348
1617.95,2.946364863657436,0.2793548458454618,12.29409476238341,0.0,-1,0.0013288420532153733
1620.1,2.9516324899070696,0.09487415736503158,13.664069373494478,0.0,-1,-0.006511943707178558
1609.55,1.829130262206263,-0.34254269011192484,3.1377245923631776,0.0,-1,0.0041315895747258136
1616.2,1.6696182931721069,-0.16735155304869376,8.001200297573789,0.0,-1,0.0017324588541021146
1619.0,1.6840607842239024,-0.05096968733229934,9.945949902801374,0.0,-1,-0.0008338480543544913
1617.65,1.4384436310645015,-0.09886228016390008,8.494914034152288,0.0,-1,-0.0038945383735666805
1611.35,0.6707647518962858,-0.28884705311070524,1.9718619083670816,0.0,-1,-9.308964532839248e-05
1611.2,0.21852824965390028,-0.2470278517843636,1.8189892282518656,0.0,-1,0.0008068520357498166
1612.5,0.08253264439508712,-0.12767448568105894,3.146129002121981,0.0,-1,-0.00037209302325580396
1611.9,-0.042342878600720724,-0.08418333622562227,2.4058659918311776,0.0,-1,0.0018611576400520136
1614.9,0.14874793311810208,0.035635825164400184,5.824286455498637,0.0,-1,-0.001176543439222244
1613.0,0.0735643445509595,-0.013182587800914136,3.138501772311308,0.0,-1,0.0008059516429013147
1614.3,0.13817552155478552,0.017142863067637293,4.792025029953294,0.0,-1,-0.004924735179334672
1606.35,-0.5035335167394805,-0.20818872507554298,-5.804302969912101,0.0,-1,0.0010271734055466997
1608.0,-0.6449269094916872,-0.11652737260924984,-3.421813581014966,0.0,-1,0.002518656716417933
1612.05,-0.32437969674333544,0.06800661337970065,2.1497382441104236,0.0,-1,-0.002512329022052673
1608.0,-0.4745744489739536,-0.027396046283639175,-3.265891894333933,0.0,-1,0.001865671641791078
1611.0,-0.2601239543414522,0.062351482782954104,0.9283301842783018,0.0,-1,-0.0007448789571694592
1609.8,-0.2312217108301411,0.030417908764755086,-0.793698663273176,0.0,-1,0.0019878245744813228
1613.0,0.06916455349460193,0.11026805769649939,3.83171859812591,0.0,-1,0.002324860508369442
1616.75,0.526093972865965,0.18906582568928754,8.725672401285188,0.0,-1,-0.007360445337869281
1604.85,-0.2809491485206763,-0.20599243189911798,-7.251775840736421,0.0,-1,0.006324578621055066
1615.0,0.18477505316286624,0.08657725659480822,4.4841777922326145,0.0,-1,-0.00021671826625380142
1614.65,0.373072566241035,0.0916249232243257,4.0595956650451654,0.0,-1,0.0011767256061683273
1616.55,0.594465275593393,0.10433921085889458,6.1220334065253965,0.0,-1,6.186013423659098e-05
1616.65,0.6639561906367817,0.0579433753007611,6.236927506890943,0.0,-1,0.006278415241394164
1626.8,1.489205298938714,0.29439749453423114,16.214149308350187,-4.5056460769353635,-1,-0.0003380870420457427
1626.25,1.7318960781781243,0.17902942459121385,15.317575565108058,-1.5118094313725123,-1,0.0004304381245197053
1626.95,1.7672501279496373,0.07146115812090903,15.969204196994312,-0.014802841822984192,-1,0.0058698792218567775
1636.5,2.433489642173072,0.24590022411478119,23.51295104720964,-4.979863689093236,-1,-0.0013137794072716202
1634.35,2.384651929103711,0.06568750368180698,19.6507626395221,0.0,-1,0.005476183192094641
1643.3,2.9073454118101836,0.1961269954627598,25.583939093008496,-3.724412549483077,-1,0.0034686301953386067
1649.0,3.401413368846079,0.23006498416621834,28.551176339622657,-3.7327325268288405,-1,-0.010824742268041199
1631.15,1.8774962332934138,-0.4312840504621489,5.2065043451617115,0.0,-1,0.0011035159243477644
1632.95,1.1090796460759975,-0.3999002125598552,6.650001541289228,0.0,-1,0.003643712299825408
1638.9,1.12828138196096,-0.12689949222496422,11.237866375018577,0.0,-1,-0.002623711025688036
1634.6,0.6855254680733651,-0.18988513537085305,6.4413299479064605,0.0,-1,-0.0007341245564662646
1633.4,0.30702038879030624,-0.1894634048846373,5.103030009936191,0.0,-1,0.0012856618097218941
1635.5,0.2671828167492549,-0.07643365897522952,7.081791038370234,0.0,-1,-0.0009171507184346783
1634.0,0.09999879599968153,-0.08120589324160099,5.152614910913755,0.0,-1,-0.0023561811505506958
1630.15,-0.31275978070834753,-0.16465482331654338,0.3041417839336873,0.0,-1,0.0015029291782964194
1632.6,-0.2889090873366058,-0.04693470998160057,3.212397066910789,0.0,-1,-0.001653803748621674
1629.9,-0.47790798337268825,-0.07864453533922766,-0.34575025206221,0.0,-1,0.007393091600711665
1641.95,0.47158490055699076,0.2902827828634838,12.191045357907626,0.0,-1,-0.006029416242882002
1632.05,0.08203260080858854,-0.03308983896163947,0.6724122362588432,0.0,-1,0.0005820900094972714
1633.0,-0.04041293246609712,-0.05184512407877505,1.6276601237297825,0.0,-1,0.0
1633.0,-0.09826795473122729,-0.03656671544796841,1.6276601237297825,0.0,-1,0.003857930189834713
1639.3,0.4059935303637303,0.15589825654899642,8.247409657119064,0.0,-1,0.007198194351247356
1651.1,1.6076248120475611,0.45250984607760913,17.502710660686702,-2.9051118313595907,-1,0.0007267882018049399
1652.3,2.1744717185522404,0.3397855841940962,18.296795696253525,-1.3300503221155395,-1,0.001059129697996708
1654.05,2.4225225285917986,0.19594546474455132,19.504257442248573,-0.24660212553430938,-1,-0.0012393821226686086
1652.0,2.1738377228955414,-0.017579780317235283,16.22147304071055,0.0,-1,0.0023910411622276584
1655.95,2.1975088431395307,0.0020304466422511602,19.323447576691677,0.0,-1,-0.0017814547540686565
1653.0,1.7803853329999129,-0.1383643544991222,14.414760690173338,0.0,-1,-0.002752571082879629
1648.45,1.0442914668467438,-0.29148607355076384,7.444049398290787,0.0,-1,-6.066304710494741e-05
1648.35,0.5808869115330708,-0.251630209621479,7.292645635245542,0.0,-1,0.001759335092668568
1651.25,0.5424440579151906,-0.09669102107978644,10.635744023189552,0.0,-1,-0.006479939439818394
1640.55,-0.41364770705331466,-0.3509275953494306,-4.095643741842814,0.0,-1,0.004906890981682954
1648.6,-0.1863896139498138,-0.0412231674153099,5.03600914136387,0.0,-1,0.0
1648.6,-0.05722809956910169,0.029312782321800734,5.036009141363884,0.0,-1,0.00024263011039682425
1649.0,0.04545499925211516,0.04399862704767253,5.496856268211857,0.0,-1,0.0026076409945421375
1653.3,0.4513419653917481,0.14996186439576847,10.35077689471067,0.0,-1,0.0004233956329764421
1654.0,0.6750069513454946,0.12454228344983831,11.117854450945451,0.0,-1,-0.0012394195888754123
1651.95,0.5597555317103797,0.0030969546049077756,7.498160466121696,0.0,-1,0.001362026695723273
1654.2,0.6429835275835103,0.028774983492679485,10.361095832868351,0.0,-1,0.0022065046548178646
1657.85,0.9351822315547906,0.10699122915465331,14.65277261707081,0.0,-1,-0.01906083180022311
1626.25,-1.6299836024224987,-0.8193915349408788,-18.330668829381715,9.067464333993712,-1,0.0010760953112989302
1628.0,-2.6309012192093633,-0.6067697172425812,-16.250927917452564,4.345464021901535,-1,0.014742014742014753
1652.0,-0.9121182593353296,0.37067108087715095,4.740236401767682,0.0,-1,-0.00024213075060541822
1651.6,-0.010050257787042938,0.4242463608084793,4.420923321723926,0.0,-1,-0.006629934608864074
1640.65,-0.47067873553055506,-0.012127372311677598,-3.779821158361038,0.0,-1,-0.0022856794563130833
1636.9,-0.9742697464414505,-0.17190612774085767,-6.28638481460311,0.0,-1,-0.005498197812939143
1627.9,-1.8948761063602433,-0.36417082921988353,-11.809356594105203,0.0,-1,-0.006880029485840655
1616.7,-3.130606277456309,-0.5333003334386497,-17.488981760132646,4.786911607264756,-1,-0.00043298076328324164
1616.0,-3.5459208398829105,-0.31620496528841713,-17.821310999915703,0.7088235481567153,-1,-0.012066831683168355
1596.5,-5.0830847177726355,-0.6177896143927137,-25.55547865193048,10.596274918692416,-1,-0.01215158158471663
1577.1,-7.044742930236453,-0.8598159422855103,-30.68675210601937,16.38956996050956,-1,-0.0011096316023080366
1575.35,-7.584343458948524,-0.46647215699919364,-31.08472194645647,7.022104875750301,-1,0.007395182023042457
1587.0,-6.251281768392346,0.2888631778523285,-20.360428500074327,0.0,-1,-0.001984877126654072
1583.85,-5.326310775748198,0.40461139016549197,-21.493144639018162,0.0,-1,0.0003472551062286833
1584.4,-4.374132714780217,0.4522631503778243,-20.966987864820673,0.0,-1,-0.000978288311032638
1582.85,-3.662699291398212,0.38789885791994294,-21.620983141116344,0.0,-1,0.005685946236219541
1591.85,-2.2517576387572262,0.5996135035203096,-12.533135762385193,0.0,-1,0.0011621698024311122
1593.7,-1.204473675873487,0.5489658221346829,-10.771928473485914,0.0,-1,0.0007843383321830544
1594.95,-0.47629222144223604,0.4257157588553113,-9.513548244826524,0.0,-1,-0.0021944261575598256
1591.45,-0.3641771424397575,0.1792769459525967,-11.963857263581303,0.0,-1,0.001979327028810207
1594.6,-0.015271507735178602,0.17606086021905856,-8.427712581191251,0.0,-1,0.0036372758058449417
1600.4,0.6437872685951334,0.27837321218312355,-2.319299077361819,0.0,-1,-0.003374156460884792
1595.0,0.4696677177105357,0.034751220432841956,-6.972762116404432,0.0,-1,-0.006206896551724239
1585.1,-0.4815310342075918,-0.3054825104950952,-14.108298299422415,0.0,-1,-0.003438268878934947
1579.65,-1.3711694906492085,-0.3983736556455707,-17.413788094391585,0.0,-1,-0.0010128826005761926
1578.05,-1.8350579279826889,-0.2874206976596838,-18.36417810714739,0.0,-1,0.004404169703114524
1585.0,-1.334913985984258,0.07090774811291567,-9.928436878120166,0.0,-1,-0.006309148264984188
1575.0,-1.8069325161529832,-0.1337035940186031,-16.53096841696113,0.0,-1,-0.0009841269841269762
1573.45,-2.0215307382245555,-0.11610060536339173,-17.454505345916445,0.0,-1,-0.0009533191394706098
1571.95,-2.0853689544082954,-0.05997960718237705,-18.392327919609713,0.0,-1,-0.011991475555838349
1553.1,-3.5143406496329135,-0.4963171008023317,-27.460975234212786,8.888306886259443,-1,-0.0035413044877985467
1547.6,-4.394298109775946,-0.45875818698178783,-29.37905793647852,7.821012504918144,-1,0.001066166968208826
1549.25,-4.33058533069925,-0.13168180263503082,-27.189437541274224,0.6003478227414689,-1,-0.007552041310311508
1537.55,-4.912846830269473,-0.23798110073508472,-31.261828825206624,4.5330994327214285,-1,-0.0054632369679034065
1529.15,-5.494573677532117,-0.2732359826659092,-33.59779549764043,4.201622774433417,-1,-0.0013406140666384347
1527.1,-5.49838929470252,-0.09235053327877107,-34.13412959557242,0.0,-1,-0.0010477375417456969
1525.5,-5.175431328729019,0.07686914423157631,-34.57162841790399,0.0,-1,-0.011963290724352649
1507.25,-6.103499735015021,-0.2837330873514752,-38.56711173443813,1.4277285437760838,-1,0.0029855697462266573
1511.75,-5.683908960239933,0.045285895807871235,-32.699526713563614,0.0,-1,0.0008268562923763323
1513.0,-4.896287826165917,0.2776356766272956,-31.042405704877147,0.0,-1,-0.010707204230006595
1496.8,-5.444453273615181,-0.09017659027398928,-35.28759729389904,0.0,-1,-0.007883484767504001
1485.0,-6.248164891205079,-0.29796273595462885,-37.544882267903304,0.0,-1,0.005858585858585785
1493.7,-5.404340292399411,0.18195395428367966,-27.77003826303624,0.0,-1,-0.0016067483430408647
1491.3,-4.732066301963414,0.2847426482398925,-28.505656908664946,0.0,-1,-0.0025145845906255904
1487.55,-4.3140904482484075,0.23423950065163268,-29.673422794596462,0.0,-1,-0.0003025108399717924
1487.1,-3.7830949840370067,0.25507832162101085,-29.819606836914954,0.0,-1,-0.0007396947078205374
1486.0,-3.294006003261302,0.2480557674655719,-30.20624224642389,0.0,-1,-0.00020188425302825053
1485.7,-2.7999610126016705,0.2473669193750676,-30.320496453631918,0.0,-1,-0.0065625631015683306
1475.95,-3.1321084328883444,-0.028260166970535572,-33.71497605595033,0.0,-1,0.006741420779836638
1485.9,-2.208006440291001,0.2986139418756024,-20.02010946320344,0.0,-1,-0.00037014603943752444
1485.35,-1.607788240634818,0.29961071384392857,-20.3183317218026,0.0,-1,0.002827616386710252
1489.55,-0.8236967874204311,0.36123405568610534,-14.845246051852854,0.0,-1,-0.000469940586083073
1488.85,-0.42134299519489105,0.2545292826372152,-15.34475004367657,0.0,-1,0.004600866440541473
1495.7,0.3857791505174646,0.353883809449857,-6.600454262725506,0.0,-1,0.006685832720465301
1505.7,1.5905252941638537,0.5195433176987487,3.4941375088735285,0.0,-1,0.0016603573088929124
1508.2,2.268687924806727,0.3992353161138742,5.689339879933328,0.0,-1,-3.315210184318129e-05
1508.15,2.4145452463942547,0.18169754590046727,5.630985816630606,0.0,-1,0.0009282896263633766
1509.55,2.40292846998841,0.05669358983154105,7.031741228266128,0.0,-1,0.0010267960650525154
1511.1,2.3260427092866394,-0.006730723623409762,8.6381057458075,0.0,-1,-0.006352987889616801
1501.5,1.2937629364951135,-0.346336832138312,-3.3608620501065687,0.0,-1,-0.0017316017316016952
1498.9,0.45314280539150786,-0.3956523210806393,-6.066204722420046,0.0,-1,0.00503702715324561
1506.45,0.624237506056943,-0.07485254013840137,2.77265761215083,0.0,-1,0.003916492415944717
1512.35,1.1494317308849986,0.15011389489655147,8.459019610806607,0.0,-1,0.00013224452011773025
1512.55,1.3329095323917954,0.11119723213444943,8.646557120025179,0.0,-1,0.004594889425143078
1519.5,1.8927393054459571,0.2236756683962038,14.784917853037626,0.0,-1,-0.0049358341559723184
1512.0,1.3899259165193598,-0.09304590684346459,4.996552902455022,0.0,-1,-0.0037698412698412564
1506.3,0.5476920623459591,-0.31175992033895517,-1.2263443643671366,0.0,-1,0.0030538405364137766
1510.9,0.46426746339716374,-0.1317281730959169,3.4923517305276235,0.0,-1,-0.0007611357469058389
1509.75,0.2880328753064987,-0.10265425372886067,2.1577700544589433,0.0,-1,0.002119556217916818
1512.95,0.44257950831888593,0.017297459761175527,5.583897700657616,0.0,-1,0.003271753858356208
1517.9,0.8954711991318618,0.15672971685805048,10.45169725341426,0.0,-1,-0.0037551880888069267
1512.2,0.572294444610634,-0.055482345887725826,3.017431632424916,0.0,-1,0.0038354714984789595
1518.0,0.8463481969658915,0.07285713548917727,8.752491137311445,0.0,-1,-0.0014822134387352248
1515.75,0.725346056729677,-0.01604833491567903,5.815722459637726,0.0,-1,0.002309087910275398
1519.25,0.8960661485507444,0.051557252301796086,9.329438334465635,0.0,-1,0.004508803686029239
1526.1,1.4775873487487843,0.2110261508332787,15.325770936891843,-1.3364602008773545,-1,-0.004750671646681082
1518.85,1.0410490031188147,-0.07517073159889698,5.67294139952179,0.0,-1,0.0012838660828917714
1520.8,0.8985257467104475,-0.07256466266908801,7.54761755942048,0.0,-1,0.0014466070489216332
1523.0,0.9357203062802455,-0.011790034366430002,9.684940783052852,0.0,-1,-0.004235062376887755
1516.55,0.3388408938753855,-0.20288981559043007,1.275409365544668,0.0,-1,-0.0005604826744913805
1515.7,-0.058668886816803933,-0.20013319876087318,0.23892192714787086,0.0,-1,-0.00023091640826033988
1515.35,-0.28170136992821426,-0.14105522729076117,-0.22144466934952334,0.0,-1,0.0023756887847692365
1518.95,-0.06974249732320459,0.02363454843808284,4.539465405575747,0.0,-1,-0.0025346456433721354
1515.1,-0.2787845195769023,-0.061802491271871624,-0.982202577121214,0.0,-1,-0.007623259190812415
1503.55,-1.3225734874058617,-0.36853048636694374,-13.350421032108848,1.05375453093734,-1,-0.0023610787802200717
1500.0,-2.03008684736983,-0.35868128211030403,-16.25797852855895,2.0488374461915555,-1,-0.016699999999999937
1474.95,-4.302169623404325,-0.8769213527149331,-29.197380687923467,16.57690221678058,-1,-0.002983151971253317
1470.55,-5.44636354280442,-0.6737050907050097,-30.645882130561727,11.742572307049159,-1,0.005950154704022381
1479.3,-4.835430207270974,-0.020923918390521656,-19.89251558692075,0.0,-1,0.0015885891975935262
1481.65,-3.9311776888982877,0.29444286666072195,-17.2178815104975,0.0,-1,0.003408362298788381
1486.7,-2.7306199556371666,0.49833353330728114,-11.590237863873483,0.0,-1,-0.003464047891302946
1481.55,-2.3319560927034217,0.298999132080342,-14.918330195902705,0.0,-1,-0.0023961391785629615
1478.0,-2.234127820177946,0.13227580153527274,-17.101598736014218,0.0,-1,-0.005852503382949958
1469.35,-2.719869698900311,-0.11782202572903078,-21.845353450522587,0.0,-1,-0.0007826589988769728
1468.2,-2.831918163353066,-0.0766234967272621,-22.43254967638615,0.0,-1,-0.0008854379512327482
1466.9,-2.760282548633313,-0.0016626273358362198,-23.136273787321276,0.0,-1,0.0002726838911990548
1467.3,-2.461107862220615,0.0991706863589541,-22.503513791386542,0.0,-1,-0.001363047774824544
1465.3,-2.2730948638293285,0.09572789491674705,-23.764535152282996,0.0,-1,0.003139288882822777
1469.9,-1.6063304593146768,0.25416409981046617,-16.026210542911613,0.0,-1,0.0
1469.9,-1.1390873854477377,0.24046905789246842,-16.02621054291162,0.0,-1,0.003231512347778853
1474.65,-0.4147085663935286,0.32161595898222584,-8.237701651459773,0.0,-1,-0.0017970365849524494
1472.0,-0.23879344300030425,0.1658436941251501,-11.083361723011535,0.0,-1,0.0009171195652173392
1473.35,-0.01843642772041676,0.12873356980167922,-8.814900397155483,0.0,-1,0.0010180880306784879
1474.85,0.21827844889617154,0.12181614880608918,-6.236549078025021,0.0,-1,0.0008475438180153283
1476.1,0.42261268312995526,0.10871679434662435,-4.042888043412098,0.0,-1,0.0009484452272880972
1477.5,0.6062287433192068,0.097444284845292,-1.5409376929144045,0.0,-1,-0.0005076142131980044
1476.75,0.5850177114707549,0.02541108433228001,-2.8405085654518203,0.0,-1,-0.008498391738615219
1464.2,-0.5201726137427158,-0.35992641362706357,-18.53127271301084,0.0,-1,-0.0009220051905478588
1462.85,-1.1419200585376075,-0.32722461947398507,-19.734826976655818,0.0,-1,0.0021191509724169943
1465.95,-1.099300442723461,-0.09486833455327948,-13.534930055798853,0.0,-1,-0.00320611207749244
1461.25,-1.3780489312562167,-0.12453894102867835,-18.284934430428983,0.0,-1,0.00455089820359289
1467.9,-0.8484190979179402,0.13503029743653272,-6.678105981139481,0.0,-1,-0.0045984058859595
1461.15,-1.0754025897556403,-0.03065106480038904,-13.647063063587403,0.0,-1,-0.001471443725832411
1459.0,-1.2784441198614331,-0.07789753163539404,-15.605209644725214,0.0,-1,-0.003769705277587354
1453.5,-1.731761208259286,-0.17707154001108227,-20.1720043317966,1.4298094955986471,-1,0.016752665978672088
1477.85,0.21506034823005393,0.5899166721594193,7.552535282127003,0.0,-1,0.0014209831850324761
1479.95,1.3455494307891058,0.573468584906157,9.100964466149698,0.0,-1,0.0008446231291596717
1481.2,1.9028315195027972,0.3769168912066163,10.064454922866993,0.0,-1,-0.0021604104779908706
1478.0,1.7562366039010158,0.07677399186827838,6.292370990128923,0.0,-1,-0.001691474966170503
1475.5,1.328252762441707,-0.11706994986367669,3.382268060795866,0.0,-1,0.0010166045408335211
1477.0,1.1285731115087856,-0.1055832002655328,4.9353817454757305,0.0,-1,0.008361543669600513
1489.35,1.9638521934164146,0.2432319605473654,15.461881235074188,0.0,-1,-0.002786450464967838
1485.2,1.8720040515856908,0.05046127290554714,10.210660232392563,0.0,-1,-0.0022219229733368984
1481.9,1.395079643038116,-0.14215437854734247,6.225648353193193,0.0,-1,-0.003272825426817061
1477.05,0.636194135177675,-0.30034662880259455,0.7415498320970215,0.0,-1,-0.0024034392877695376
1473.5,-0.09209813001734801,-0.3428796313325391,-2.987738992841919,0.0,-1,-0.002714625042416041
1469.5,-0.7819027517800805,-0.3442280843650906,-6.949010068478536,0.0,-1,-0.0003402517863219101
1469.0,-1.1033131666797544,-0.2218794997549215,-7.447000622212165,0.0,-1,-0.0049353301565691066
1461.75,-1.7762422769062596,-0.2982695366604755,-14.131600979313369,0.0,-1,0.0012998118693348104
1463.65,-1.806353308943926,-0.10946018956604742,-11.326388602628995,0.0,-1,0.0002391282068801015
1464.0,-1.6417127158840685,0.01839346783127005,-10.782209224904115,0.0,-1,0.003346994535519121
1468.9,-1.0142496930304787,0.21528549689495335,-3.40992331286413,0.0,-1,0.0010892504595274577
1470.5,-0.48266404051787504,0.2489570498025191,-1.1586602574091032,0.0,-1,6.800408024476567e-05
1470.6,-0.16831587755154942,0.1877684042562816,-1.0093493338911301,0.0,-1,0.0001019991840065515
1470.75,0.01538452706085991,0.12382293628956366,-0.7624252044876627,0.0,-1,0.013088560258371684
1490.0,1.7101193521118603,0.6061859204468547,19.967626046265707,0.0,-1,-0.0037248322147650503
1484.45,1.9524768186281563,0.28284779565438356,11.873294420313563,0.0,-1,-0.003469298393344422
1479.3,1.4817824836673026,-0.06261551310215663,5.279713035754284,0.0,-1,-0.003244777935510035
1474.5,0.7229534425480324,-0.27381485140714235,-0.21457984198447377,0.0,-1,-0.00040691759918609627
1473.9,0.23329280177586043,-0.25449183072643816,-0.8924735285707044,0.0,-1,-0.002815659135626647
1469.75,-0.3768119187582215,-0.28819885042017346,-5.544471600932937,0.0,-1,-0.001871066507909469
1467.0,-0.87962995246221,-0.263672294708054,-8.443001140552184,0.0,-1,0.015337423312883347
1489.5,0.8172635267244459,0.4777403948262008,13.306471939109223,0.0,-1,-0.001007049345417954
1488.0,1.472604972424051,0.37769394684193536,11.608147679765665,0.0,-1,0.008064516129032251
1500.0,2.677558614238478,0.5275491962187875,19.000390207388023,-4.457087395542885,-1,0.0015333333333333865
1502.3,3.248572217292576,0.3661875997576285,20.221471167117556,-1.9831175223143873,-1,0.000332823004726146
1502.8,3.305031334045225,0.1408822388367592,20.50212989340929,0.0,-1,0.0013973915357998745
1504.9,3.2328416145844585,0.022897506458664285,21.744867500348107,0.0,-1,-0.0005980463818194837
1504.0,2.8523432869722,-0.11920027371786457,20.333845292564718,0.0,-1,-0.0021609042553191182
1500.75,2.1535655159184444,-0.2726593482572066,15.189621949476958,0.0,-1,-0.004431117774446158
1494.1,1.0705461707316317,-0.45189289781467323,5.895138370710342,0.0,-1,-0.004082725386520214
1488.0,-0.06850901608959248,-0.5303160282119659,-1.196740526984712,0.0,-1,0.0049395161290322065
1495.35,-0.019827524826041554,-0.16054484564947166,6.2370286417744225,0.0,-1,-0.00043468084394948647
1494.7,-0.04800115212538003,-0.06290615764960339,5.445949215086813,0.0,-1,0.004214892620592714
1501.0,0.4669121302354142,0.15066904157039696,11.307460928691981,0.0,-1,-0.0019986675549633626
1498.0,0.43545942722948894,0.039738779521490575,7.317678359980498,0.0,-1,0.006341789052069391
1507.5,1.1751114567907734,0.25979693636092505,15.270098123499068,0.0,-1,-0.003150912106135939
1502.75,1.051178183505499,0.04528788769188363,9.14776322438393,0.0,-1,0.0018632507070370785
1505.55,1.1349466982373997,0.04301880080792819,11.512303153375036,0.0,-1,-0.0011623659127893982
1503.8,0.9364187307503471,-0.05183638889304143,9.13537699820813,0.0,-1,-0.003424657534246478
1498.65,0.3299531861109699,-0.21943397784413954,2.501707907600391,0.0,-1,0.00356987955826904
1504.0,0.4450576482820452,-0.03477650522435477,7.946847695112702,0.0,-1,0.001961436170212716
1506.95,0.711355075344045,0.07717364061254839,10.706637220605927,0.0,-1,0.00016589800590605108
1507.2,0.8060575325964692,0.057292032621657496,10.947959058995792,0.0,-1,0.003615976645435337
1512.65,1.2404039668394944,0.16387948895489424,16.005101235532578,0.0,-1,0.0022146563977125666
1516.0,1.6333768533911552,0.18561745850218503,18.76742754068698,-0.5360693717311733,-1,-0.0006596306068601399
1515.0,1.6104152255511508,0.05421861022072694,16.962719337496054,0.0,-1,-3.300330032995902e-05
1514.95,1.4605664761684238,-0.03187671305400008,16.86523113587485,0.0,-1,-0.0104293871084854
1499.15,-0.05273843820350521,-0.5150605424753097,-5.752612039030467,0.0,-1,0.00030017009638783065
1499.6,-0.7674960255392307,-0.4099393766036785,-5.162132567918384,0.0,-1,0.0021339023739663787
1502.8,-0.7942501504121537,-0.1455645004922005,-0.9024863059082193,0.0,-1,-0.005356667553899408
1494.75,-1.412273033647807,-0.2545291279092847,-9.618506985414541,0.0,-1,0.006255226626526111
1504.1,-0.8244283891281157,0.11110517220346894,1.4943203647968772,0.0,-1,-0.0038228841167475824
1498.35,-0.9409703677742982,-0.001812268814237905,-4.323377687758544,0.0,-1,-0.0022691627456867813
1494.95,-1.2041604931162055,-0.08833413138538182,-7.479533463978456,0.0,-1,-0.0010033780393993164
1493.45,-1.3604088480274186,-0.08152749543219828,-8.872580381952922,0.0,-1,-0.0020757306906827866
1490.35,-1.5834989548141039,-0.10153920073962786,-11.750147196347186,0.0,-1,0.004428489952024828
1496.95,-1.0130857619728886,0.15629133070052914,-2.981061024507575,0.0,-1,0.004041551154013057
1503.0,-0.1392886853877826,0.34336280242854506,3.713735783815487,0.0,-1,0.001862940785096523
1505.8,0.5425505766870629,0.3417340215011302,6.537885693293042,0.0,-1,0.0012285828131226584
1507.65,0.9924243263337758,0.263869257049281,8.401206108830849,0.0,-1,0.0029184492421980845
1512.05,1.5013258406293062,0.2575902571149371,12.634565750509921,0.0,-1,-0.00016533844780264317
1511.8,1.6098327777244776,0.12203239807003619,12.234729601488183,0.0,-1,0.0014552189443048924
1514.0,1.713266848128569,0.07515548949137596,14.453464560444047,0.0,-1,-0.00039630118890354726
1513.4,1.5722116459864992,-0.021966570883564573,13.326055999091459,0.0,-1,-0.0003964583058015947
1512.8,1.3206664077497408,-0.0911706030401076,12.118755722666542,0.0,-1,0.0
1512.8,1.084838254652368,-0.1089995853791601,12.118755722666542,0.0,-1,-0.0004627181385510326
1512.1,0.8181876568826283,-0.1252167277163,10.458585528429445,0.0,-1,-0.002446928113219893
1508.4,0.30834671992420226,-0.21168588822490875,2.2563846874186098,0.0,-1,0.0008286926544682771
1509.65,0.13189735811806713,-0.12937841667701466,4.569948210745736,0.0,-1,0.0028814625906665725
1514.0,0.3951812307050204,0.044635151969979525,11.738964682749668,0.0,-1,-0.0014531043593131177
1511.8,0.3105580644398742,-0.013329338098388877,6.71012420639908,0.0,-1,-0.002414340521232905
1508.15,-0.06180002406267704,-0.12856247553364672,-0.693440709281397,0.0,-1,-0.000397838411298701
1507.55,-0.2928290663089683,-0.11986383925997932,-1.8417706214739624,0.0,-1,0.001160823853271875
1509.3,-0.2381078319062908,-0.021714201619100593,1.7964208773301635,0.0,-1,0.0037765851719340215
1515.0,0.2840951046207465,0.16682957830264555,11.559540248452372,0.0,-1,-0.0028052805280528448
1510.75,0.16735531416588856,0.016696595949262538,2.714305426710119,0.0,-1,0.0001654807214959142
1511.0,0.11587247609122642,-0.011595414041799867,3.1542447811982015,0.0,-1,-0.0002647253474520328
1510.6,0.047141684046209775,-0.02677540202893884,2.2893686495480523,0.0,-1,0.0022507612869058224
1514.0,0.29218114768650594,0.07275468720378578,8.644514217254837,0.0,-1,-0.0009577278731836003
1512.55,0.2695191171994793,0.01669755223891972,5.162723862795637,0.0,-1,-0.0038676407391490253
1506.7,-0.25177182447737323,-0.16819779647931093,-6.4325860601147085,0.0,-1,-0.00016592553262095855
1506.45,-0.5122696432758858,-0.14289853842594114,-6.863139266308153,0.0,-1,0.008164890968833882
1518.75,0.4251705842643787,0.2648472297047745,13.08166400650893,-1.3098048260733322,-1,0.00016460905349791055
1519.0,0.8792931493458127,0.23965659826206953,13.371803499546807,-0.42473926387106076,-1,-0.003423304805793337
1513.8,0.5997466694409468,-0.0132966272142655,3.6308734343620372,0.0,-1,0.00042938300964467935
1514.45,0.4641612070352039,-0.049627363206669495,4.600103166239997,0.0,-1,-0.000957443296246141
1513.0,0.23685504191280415,-0.09231117610968975,1.910635694254772,0.0,-1,0.0008261731658956162
1514.25,0.20763070585894638,-0.040511837387849164,4.077338683460084,0.0,-1,0.0003962357602773636
1514.85,0.2257159790103742,-0.007475521412140446,5.154953497309847,0.0,-1,0.0024424860547249683
1518.55,0.5242822840018562,0.09703026119311386,11.36660821700044,0.0,-1,0.0002963353198774943
1519.0,0.6673752461640561,0.08004107445177122,12.076463692220472,0.0,-1,0.020408163265306145
1550.0,3.2666404567314657,0.8931020950063937,34.240655886740484,-16.78204539440071,-1,-0.004419354838709588
1543.15,3.7232196906209083,0.44989377629861194,23.669612967505714,-4.601403918586811,-1,0.003790947088746943
1549.0,4.128741000013861,0.2851383618971881,26.471283824498627,-4.4619215333457305,-1,-0.002840542285345471
1544.6,3.6207732380426023,-0.0742764666913569,20.226529236306618,0.0,-1,0.0014566878156156982
1546.85,3.2525582538867184,-0.1474971502824136,21.546719925200293,0.0,-1,-0.0028121666612793694
1542.5,2.434904240651349,-0.3217170545059278,15.324471646104271,0.0,-1,-0.0012317666126419047
1540.6,1.6648352139795861,-0.36392869372589676,12.67900940761669,0.0,-1,0.0054524211346229645
1549.0,1.8410644328118906,-0.06256649163119743,18.871519918918494,0.0,-1,-0.002582311168495832
1545.0,1.4424236728270898,-0.15373575053866606,13.313170463758162,0.0,-1,0.0012944983818770073
1547.0,1.28956798676586,-0.10219714553329862,14.887499249722325,0.0,-1,0.0018099547511312153
1549.8,1.3390094781711923,-0.01758521804265545,17.084694593183684,0.0,-1,-0.0006775067750677266
1548.75,1.1646461006930622,-0.0639828651735952,15.38002295531416,0.0,-1,0.0008393866020983687
1550.05,1.0887439035627722,-0.046628354101295066,16.549343233919757,0.0,-1,-3.225702396691954e-05
1550.0,0.9558974797007522,-0.05982492598777167,16.453423446505695,0.0,-1,-0.012258064516128986
1531.0,-0.7735171888718924,-0.5964131981868055,-8.687707728446291,0.0,-1,0.002286087524493885
1534.5,-1.2820980907522426,-0.368331366689052,-4.469817175271878,0.0,-1,0.0010752688172044333
1536.15,-1.2920470341296095,-0.12609343668880624,-2.4936296525542616,0.0,-1,0.005761156137095824
1545.0,-0.45185091964071944,0.23803422593336132,6.8385851224529475,0.0,-1,0.002071197411003256
1548.2,0.27256804757371356,0.3208177310492648,9.715829474269057,0.0,-1,-0.0034556258881282
1542.85,0.1662301938829387,0.07149329245283,3.1357763775968337,0.0,-1,-0.0005509284765207179
1542.0,0.028375417547522375,-0.022120494627528776,2.121905044087292,0.0,-1,-0.01037613488975353
1526.0,-1.3762499220824793,-0.47558194475251014,-12.74544926322256,3.8800411712620644,-1,0.003931847968545288
1532.0,-1.4638750983906448,-0.18773570702022524,-6.080264097190486,0.0,-1,0.0017950391644907526
1534.75,-1.1565314283454882,0.03986932100831053,-3.2022122627166922,0.0,-1,-0.000521257533800279
1533.95,-0.9731486409607442,0.07441736946435151,-3.9658432394621883,0.0,-1,0.014342058085335285
1555.95,1.0329718061450421,0.6935126055233793,13.989054134433744,0.0,-1,-0.0020566213567274616
1552.75,1.6832843791858068,0.44794172618804806,10.7238663472871,0.0,-1,-0.0016100466913540057
1550.25,1.6598336341073718,0.14149699370320445,8.148218936597353,0.0,-1,0.0011288501854540556
1552.0,1.6556221253924832,0.045761828329438536,9.484815518901172,0.0,-1,-3.22164948453052e-05
1551.95,1.5113811939190782,-0.03282636771465541,9.424567623831322,0.0,-1,0.0008054383195335024
1553.2,1.4174789620224146,-0.042242866537106405,10.534883743264643,0.0,-1,-0.0035088848828226382
1547.75,0.7982379325724196,-0.2204946319957004,3.449388522691862,0.0,-1,-0.0026490066225165476
1543.65,0.08043092346633784,-0.31276721370059407,-1.31397432996512,0.0,-1,0.005344475755514555
1551.9,0.40232484195757934,0.003042234930215826,7.211614874697368,0.0,-1,-0.0021908628133257
1548.5,0.24641139770687914,-0.05095706977349479,3.1666867750758243,0.0,-1,0.0017436228608331827
1551.2,0.372920392439255,0.02518397498629371,5.916749188908419,0.0,-1,0.006188757091284192
1560.8,1.2050981904353648,0.28578725766080126,14.217592003828102,0.0,-1,0.00012813941568423637
1561.0,1.5374289068970484,0.20603932470749498,14.372882727433279,0.0,-1,-0.0042921204356182185
1554.3,1.0171418562199506,-0.10474924198986768,5.420321696814753,0.0,-1,-0.00012867528791093985
1554.1,0.6555698428630876,-0.1554404184489102,5.165857089703685,0.0,-1,-0.011710958110803582
1535.9,-1.0965136507206807,-0.635841304010893,-12.32498338645064,0.0,-1,0.0019532521648544243
1538.9,-1.6311792599524324,-0.39016897108088155,-8.904435576546213,0.0,-1,0.0015270647865357478
1541.25,-1.566747126239079,-0.10857894578917615,-6.218964768086529,0.0,-1,0.0015571776155718364
1543.65,-1.2039687988624337,0.08473312719582315,-3.453613071425906,0.0,-1,0.0035629838370097033
1549.15,-0.4639155686020331,0.27492878581874125,2.4962182278296865,0.0,-1,0.0031307491204852766
1554.0,0.34893734391152975,0.3625938994441014,7.1675143999390585,0.0,-1,0.001544401544401497
1556.4,0.9262856881757671,0.31331408123611293,9.364570116373436,0.0,-1,0.0012850167052171901
1558.4,1.3044360529597725,0.23048814867337275,11.207026061327007,0.0,-1,-0.0003529260780288368
1557.85,1.3389748976051123,0.08834233110623746,10.370637280888019,0.0,-1,-0.0018936354591262416
1554.9,0.9988297451272956,-0.08393427379052643,5.824441603612051,0.0,-1,-0.002733294745642767
1550.65,0.39135469012785506,-0.23046977626332232,-0.18096083797637874,0.0,-1,0.004353013252506921
1557.4,0.6175042717841279,-0.0014400648690164886,7.825491024142018,0.0,-1,-0.004173622704507496
1550.9,0.13745370663014,-0.16049687667433482,-0.6066304214306371,0.0,-1,0.00032239344896511923
1551.4,-0.07235938483268001,-0.1234366560457183,0.01632907490491675,0.0,-1,0.0006768080443471103
1552.45,-0.08373598182811293,-0.04493775101371707,1.4119224229359162,0.0,-1,0.002286708106541191
1556.0,0.21338705149332782,0.08406176076924124,6.024446066864705,0.0,-1,-0.01947300771208227
1525.7,-2.1808336861370208,-0.7700529922870358,-20.517892370292767,6.752825524092259,-1,0.0015402765943499652
1528.05,-3.0003745811075078,-0.5298646290858411,-17.751809211368034,0.9469185599375578,-1,-0.0035011943326461736
1522.7,-3.6059471468338415,-0.3784790649373915,-20.66272164185432,1.7831173857282465,-1,0.002101530176659816
1525.9,-3.34157116746087,-0.038034361854806686,-16.663585912937236,0.0,-1,-0.00026214037617144914
1525.5,-2.9642522471526718,0.11309485281779708,-16.92357899843671,0.0,-1,0.0006227466404458148
1526.45,-2.449405099735941,0.20931400007817613,-15.574007960540825,0.0,-1,0.0003603131448786101
1527.0,-1.942031101049679,0.2388959995881459,-14.734263061905246,0.0,-1,0.0066797642436149385
1537.2,-0.6765081766188814,0.5014729746729811,-1.218576242384934,0.0,-1,0.00045537340619317135
1537.9,0.07096230031470441,0.41631448386885567,-0.41592476733137573,0.0,-1,0.001723128942063834
1540.55,0.6596173470886697,0.33498984354760697,2.7018786039934994,0.0,-1,0.004154360455681516
1546.95,1.4323100915516989,0.36922752933687875,9.433771633139763,0.0,-1,-0.0018100132518826806
1544.15,1.4659639561537006,0.13429379797962682,5.587781179565553,0.0,-1,-0.0010685490399249264
1542.5,1.2231272254418855,-0.03618097757739602,3.328263437465374,0.0,-1,-0.0009724473257698429
1541.0,0.8747815912993246,-0.12817553723998554,1.2250487666116356,0.0,-1,0.026898118105126656
1582.45,4.0818769749530475,1.026306615471246,27.93911109134865,-11.488199859991482,-1,-0.0002843691743815713
1582.0,5.307768252200503,0.7507326309062341,27.427565712277485,-5.295841203287182,-1,-0.001453855878634558
1579.7,5.286733203140784,0.2432325272821716,24.645266681892636,0.0,-1,-0.00012660631765526453
1579.5,4.81898791168237,-0.07483758805874707,24.387002068041497,0.0,-1,0.0023741690408356497
1583.25,4.496032939979841,-0.13259751992042546,26.109085424658474,0.0,-1,-0.002084320227380365
1579.95,3.684886042463404,-0.3145814724789542,21.414265982010278,0.0,-1,-0.003386183107060403
1574.6,2.5264054234999094,-0.4910206971474831,14.2725103369809,0.0,-1,-0.007525720817985415
1562.75,0.7491313287264347,-0.7560982639736527,1.5782201853098528,0.0,-1,-0.0009918413053910946
1561.2,-0.33109999605403573,-0.612109862918041,0.138992195159517,0.0,-1,0.007558288496028576
1573.0,0.13970934122698964,-0.047100175212338585,9.660425993368726,0.0,-1,-0.0006357279084552303
1572.0,0.28013823143191985,0.0311095716641972,8.606613340129634,0.0,-1,0.003912213740458137
1578.15,0.839507823915028,0.1968263880491018,13.064725552030055,0.0,-1,-0.003706871970345138
1572.3,0.5617336348304889,-0.02698260034514577,6.619684057061939,0.0,-1,-0.004642879857533533
1565.0,-0.2322979292812306,-0.2736713881522884,-0.4074768354206384,0.0,-1,-0.005782747603833793
1555.95,-1.3641222172302605,-0.46849855870043944,-7.647994900403937,0.0,-1,0.005013014557023077
1563.75,-1.1663575097688863,-0.09024461707968845,-0.5765787110960616,0.0,-1,-0.0007993605115906854
1562.5,-1.0744453635572881,0.0005558430439698281,-1.633016899998644,0.0,-1,0.00035199999999990794
1563.05,-0.8931188434885371,0.060627454370907,-1.0990257330443143,0.0,-1,-0.0009916509388694372
1561.5,-0.8571956798302836,0.03218353934305351,-2.63296878496854,0.0,-1,0.0024335574767850865
1565.3,-0.4511344580153036,0.14608158705267782,1.5103659457820342,0.0,-1,0.0017249089631381498
1568.0,0.014490691060245808,0.20390224537607576,4.347589305088462,0.0,-1,-0.005102040816326481
1560.0,-0.420570958656981,-0.07705313478038367,-4.430544100908804,0.0,-1,-0.0017307692307693134
1557.3,-0.8280542036275165,-0.16151212658363967,-7.033027192904271,0.0,-1,-0.0018300905413214386
1554.45,-1.2002913091439495,-0.17791641070002417,-9.730335973696207,0.0,-1,-0.0021872688089035197
1551.05,-1.5697189194734165,-0.18244800700983044,-12.82384854718346,0.0,-1,-0.007414332226556186
1539.55,-2.5819561480152515,-0.398228411850555,-21.152258744204904,5.577800404553727,-1,-0.0011691728102367627
1537.75,-3.022911749951845,-0.27972800459571623,-22.234047373182776,3.1155262820300322,-1,0.00016257519102591544
1538.0,-2.970646905090689,-0.07582105324485333,-21.81843208762711,0.0,-1,0.00877763328998693
1551.5,-1.5719605739025155,0.4409550926477732,-3.3877177409014294,0.0,-1,-0.005414115372220474
1543.1,-1.4416206938165033,0.19043165757792857,-10.411599773837324,0.0,-1,0.004471518372108241
1550.0,-0.6813156959556181,0.3169122184796046,-3.1075990984546067,0.0,-1,-0.003838709677419394
1544.05,-0.740220222362268,0.08600256402431827,-7.97576781288781,0.0,-1,0.005148796994915994
1552.0,-0.04548746703517281,0.2602451064504712,-0.23356095481085504,0.0,-1,-0.00608891752577323
1542.55,-0.4818304671189253,-0.058699297877760404,-7.695139272615528,0.0,-1,-0.0023013840718291156
1539.0,-0.9556827615674592,-0.17751719744209815,-10.186726293036244,0.0,-1,-0.002176738141650314
1535.65,-1.392135345327688,-0.20465659373410894,-12.502328901728582,0.0,-1,0.002311724676846927
1539.2,-1.1985170250970896,-0.003679424501170203,-8.496373414743317,0.0,-1,0.006789241164241178
1549.65,-0.13099811289043828,0.35461316256849373,1.6411392226847639,0.0,-1,0.0024521666182686364
1553.45,0.7303445192872005,0.4053185982487108,4.805682883012217,0.0,-1,0.00041842350896392766
1554.1,1.1543204587687796,0.27643151257676335,5.3608682614098555,0.0,-1,0.004118139115887098
1560.5,1.8034483902786178,0.3085198146955339,10.649341418390136,0.0,-1,0.0001922460749759214
1560.8,2.0027249901770574,0.16926547153132443,10.890661689819595,0.0,-1,-0.022296258329062013
1526.0,-0.9645304590551405,-0.9326633259002912,-15.990828205793768,2.0956046908554526,-1,0.006028833551769308
1535.2,-1.601113978749936,-0.5230822818650289,-8.415571631590794,0.0,-1,-0.003550026055237132
1529.75,-2.2401462403681762,-0.3873715144944232,-11.336876423690796,0.0,-1,-0.0022552704690309566
1526.3,-2.660483517813418,-0.2692362639798884,-13.157320838046324,0.0,-1,0.0009172508681125624
1527.7,-2.5322785300513715,-0.04701042540594713,-11.844374081314413,0.0,-1,0.0026837729920794473
1531.8,-1.9154861586662264,0.18992731532639917,-7.9259630497283595,0.0,-1,-0.0009792401096748726
1530.3,-1.5724661264180213,0.17764911585820142,-8.982403195927041,0.0,-1,0.010978239560870406
1547.1,0.13008273357422695,0.6267326586168167,5.059947162939174,0.0,-1,-0.0008402818175942128
1545.8,0.8621836024390177,0.4529445091605358,3.9555007984194646,0.0,-1,0.00426963384655199
1552.4,1.7063854033349344,0.4323821033521509,8.635973544154773,0.0,-1,-0.0026732800824530445
1548.25,1.6404541868384968,0.12215029561857116,4.747844723073989,0.0,-1,-0.002131438721136747
1544.95,1.1957840630202554,-0.10750660939988999,1.7178603535606598,0.0,-1,-0.0015210848247516617
1542.6,0.6779669958593786,-0.20844122552025568,-0.45190004940739215,0.0,-1,0.000907558667185393
1544.0,0.47922787929064725,-0.13572678069632904,0.91133308179311,0.0,-1,0.021016839378238394
1576.45,3.044089331065379,0.8097115570261342,21.054228316063643,-5.134777839289427,-1,0.011132608075105521
1594.0,5.535345946030702,1.1003227239971523,26.779881070064405,-12.51166925161965,-1,0.0036386449184442338
1599.8,6.803028758010669,0.7893351786590399,28.352272098654026,-8.684420324230587,-1,0.00806350793849231
1612.7,7.944951100833123,0.6437525071604977,31.4556027243121,-9.906070646932221,-1,0.005394679729646024
1621.4,8.578833013841631,0.4258781400563354,33.254479485373125,-6.846835784842142,-1,0.009251264339459775
1636.4,9.43087121919234,0.4259721151356821,35.878661982407706,-7.793086300986715,-1,-0.004552676607186501
1628.95,8.45015105360153,-0.18491601681837544,29.042989523969766,0.0,-1,-0.009085607293041531
1614.15,6.022278383006096,-0.8709295624712698,17.23087446604174,0.0,-1,-0.0025710126072546746
1610.0,3.9606521824578067,-0.9775185876731864,14.239897804050855,0.0,-1,0.005310559006211246
1618.55,3.3122847336455834,-0.5419620121618034,17.545113921131488,0.0,-1,-0.004201291279231412
1611.75,2.1454106147689345,-0.5696120436794843,12.444791633515806,0.0,-1,0.0026989297347603802
1616.1,1.745689337433305,-0.3231111070050381,14.357754640675878,0.0,-1,0.002629787760658475
1620.35,1.754521253979192,-0.10475973015305029,16.225356644583727,0.0,-1,-0.0026846051778935953
1616.0,1.2502271077539717,-0.20301795879275675,12.500896429208865,0.0,-1,0.007425742574257432
1628.0,1.8938944423284738,0.14688312526058178,18.01456627713084,0.0,-1,-0.0039312039312039415
1621.6,1.5245702394217915,-0.07414702588203359,12.56331914486185,0.0,-1,0.007184262456832791
1633.25,2.183693951350051,0.19499222868207533,17.785467582301067,0.0,-1,0.0014388489208632116
1635.6,2.5271146447014416,0.17947097401115553,18.762104354831322,0.0,-1,-0.0003668378576668907
1635.0,2.438232104318786,0.03019614454283337,18.17576085838023,0.0,-1,-0.0010397553516819924
1633.3,2.0489381587674416,-0.11969926700283695,16.393450406082295,0.0,-1,-0.00039796730545516024
1632.65,1.6293796727611607,-0.17975258433637253,15.664154720365929,0.0,-1,0.007441888953541698
1644.8,2.2963187903612834,0.16239551108791694,22.042369958757206,0.0,-1,-0.0029790856031127744
1639.9,2.0300951166314007,-0.0346093875473219,16.506418410806234,0.0,-1,0.00207329715226523
1643.3,2.0111420200471457,-0.017854161377192312,18.379730695647055,0.0,-1,-0.0007606645165216808
1642.05,1.7299036367510325,-0.0996975148911019,16.852327451372048,0.0,-1,-0.0035930696385614302
1636.15,0.9534591420404013,-0.29204733653391113,9.842092367343923,0.0,-1,0.00039727408856138346
1636.8,0.5399486328483363,-0.23518594857532538,10.351032580400123,0.0,-1,-0.0008553274682305823
1635.4,0.1715309921817152,-0.20120119641398215,8.574487001780064,0.0,-1,-0.004708328237740034
1627.7,-0.6686387441668558,-0.3471236442541844,-0.3560601850437948,0.0,-1,0.002887509983412251
1632.4,-0.6413370503271381,-0.10660731680482227,4.362958351852043,0.0,-1,-0.002205341827983376
1628.8,-0.8742414492132866,-0.11317057189699031,0.34745840456727706,0.0,-1,0.0036529960707269993
1634.75,-0.42200686122191655,0.11302133869812658,6.278170285408805,0.0,-1,0.0006728857623490292
1635.85,-0.06905566212435588,0.1553241792652291,7.325225977972451,0.0,-1,-0.00018339089769836558
1635.55,0.08817457593477229,0.10418480577478575,6.912213671636259,0.0,-1,-0.001681391580813818
1632.8,-0.06972485303026588,-0.017904874396750807,3.021425838943749,0.0,-1,-0.0027253797158256488
1628.35,-0.5136974964268575,-0.1539591725977808,-2.7824763514478192,0.0,-1,0.00027635336383458053
1628.8,-0.6553756934229114,-0.0985457898646116,-2.141178888298384,0.0,-1,0.0013506876227897813
1631.0,-0.4882668174691389,0.022854362029720243,1.0870287646545265,0.0,-1,0.0062538320049050355
1641.2,0.4859765219634937,0.33236590048745096,12.915074786008503,0.0,-1,0.002010723860589758
1644.5,1.2076001481827916,0.35132984223558295,15.880976860172098,0.0,-1,0.0013681970203709426
1646.75,1.6552786156105412,0.2663361032211109,17.830082660788847,0.0,-1,-0.0034310004554426454
1641.1,1.2703446313569202,-0.03953262701083671,8.504952972797355,0.0,-1,0.0017671074279448362
1644.0,1.2136822532836504,-0.03206500169470217,11.5218066546079,0.0,-1,-0.005444038929440453
1635.05,0.33837754314026824,-0.3024565706126948,-0.7553900931103499,0.0,-1,0.006268921439711361
1645.3,0.7266937261399562,0.028619870795664415,9.523220380781858,0.0,-1,-0.0001823375676168748
1645.0,0.8352940071283683,0.045740050594692216,9.13377841611289,0.0,-1,3.0395136778160747e-05
1645.05,0.8241529803617595,0.011533007942694518,9.183232387896211,0.0,-1,-0.0012765569435578827
1642.95,0.5749030519484677,-0.07923897349019915,6.019617495384509,0.0,-1,-0.002373778873368093
1639.05,0.07736950007938503,-0.19225750845309397,0.4543464806357562,0.0,-1,0.010341356273451119
1656.0,1.234655265804804,0.32167608575744167,16.517395836407445,-2.248417131980659,-1,-0.0007548309178744272
1654.75,1.6062435431838367,0.23108812104549137,14.79604755969747,0.0,-1,0.000362592536636841
1655.35,1.7081840532746355,0.11100954371209681,15.275306975437772,0.0,-1,0.0012988189808802453
1657.5,1.7959723038804896,0.06626593143931703,17.060717394230252,0.0,-1,-0.0005731523378582626
1656.55,1.6110354038601145,-0.03955698952701936,15.409578394898631,0.0,-1,-0.0008451299387279843
1655.15,1.2676473368615007,-0.12764835217521098,12.87472155962162,0.0,-1,0.0018427332870132318
1658.2,1.244482691957046,-0.050270999026555296,16.058698220649518,0.0,-1,-0.005035580750211155
1649.85,0.4333601451751292,-0.2871311819361574,2.390860483322463,0.0,-1,-0.011182834803163844
1631.4,-1.5458144736471695,-0.7554352669194855,-15.257335319930895,0.13156088606797312,-1,3.0648522741261175e-05
1631.45,-2.402417243587479,-0.5373460122865983,-15.191210431652095,0.0,-1,-0.003340586594747008
1626.0,-3.0846838582588134,-0.40653754231931094,-18.99605220156878,0.4229483230110418,-1,0.002460024600245969
1630.0,-2.8354268440730266,-0.052426842711174704,-13.349159735126584,0.0,-1,-0.00018404907975455576
1629.7,-2.4995127666406916,0.09449574490705359,-13.597436454452449,0.0,-1,-0.0016567466404859843
1627.0,-2.3482629973709663,0.08191517139225946,-15.906937070211143,0.0,-1,-0.013306699446834713
1605.35,-3.881116196288758,-0.4836460091751773,-28.21872342206009,8.195378369706305,-1,0.004391565702183353
1612.4,-3.7366164460568143,-0.11304875298107797,-19.17968306705628,0.0,-1,0.013954353758372617
1634.9,-1.4779818671026987,0.715195275324346,0.9291238987528345,0.0,-1,3.05829102698052e-05
1634.95,-0.22133275536702968,0.6572814623533384,0.9643175995374875,0.0,-1,-0.0005198935747271483
1634.1,0.35460286344800807,0.4110723603894587,0.28312519077795173,0.0,-1,3.0597882626715034e-05
1634.15,0.6171871009014467,0.22455219928096576,0.3265198960202298,0.0,-1,-0.0030596946424746863
1629.15,0.28038029455296964,-0.037418202355837094,-4.1227410182791075,0.0,-1,-0.003099775956787343
1624.1,-0.3322214665006413,-0.2166733211364827,-8.26355128947123,0.0,-1,0.0003694353795948846
1624.7,-0.5608372248188971,-0.1484296931515795,-7.5774977341111125,0.0,-1,0.004277712808518519
1631.65,-0.049242001909988176,0.12105517658577647,-5.604593610541997e-05,0.0,-1,0.00021450678760759345
1632.0,0.23982577637025315,0.13670765162200593,0.36545005851602497,0.0,-1,0.0
1632.0,0.36437418414629974,0.08708535313268417,0.3654500585160392,0.0,-1,0.00125612745098036
1634.05,0.567117206021976,0.09660945833612017,2.857395413407424,0.0,-1,0.0011933539365380774
1636.0,0.7837289497913389,0.10440706736849437,5.232877954395491,0.0,-1,-0.001833740831295838
1633.0,0.5767240758600565,-0.03419926885426272,0.8526566808365814,0.0,-1,-0.0026944274341702545
1628.6,0.05849463257277421,-0.18414290404718167,-4.967246879170887,0.0,-1,-0.007030578410904931
1617.15,-1.1596613084518594,-0.4674329483572719,-16.163987527264773,0.0,-1,-0.0019478712549856336
1614.0,-1.9346008365932903,-0.414124158832901,-18.553953562220165,0.0,-1,-0.0004956629491945641
1613.2,-2.2275205309479134,-0.23568128439584135,-19.168485328649414,0.0,-1,-0.001983635011157947
1610.0,-2.455020333879702,-0.1543936957758767,-21.63236188804912,0.0,-1,-0.0018633540372671176
1607.0,-2.6141852075220413,-0.10451952313940538,-23.812328009635447,0.0,-1,0.009178593652769074
1621.75,-1.2467522103831925,0.42097115799981455,-1.9873964353827347,0.0,-1,-0.003422229073531624
1616.2,-0.9216396942817937,0.24869455803373786,-7.269646172085899,0.0,-1,-0.003217423586189816
1611.0,-1.1156134617076532,0.018240263535959533,-11.660762981621225,0.0,-1,-0.005803848541278689
1601.65,-1.8987992236113769,-0.2549818327892548,-18.191316011625087,0.0,-1,0.004183186089345314
1608.35,-1.5738255025955823,0.02333062940884667,-10.047596523369826,0.0,-1,0.0026424596636305253
1612.6,-0.9260198502047388,0.22371209393323,-5.385696323600911,0.0,-1,-0.004154781098846483
1605.9,-1.0832820364923919,0.0221499692151923,-10.726540044890832,0.0,-1,-0.024067501089731658
1567.25,-4.292472959928546,-1.0623469847403206,-27.777766981470666,17.41613037461798,-1,0.0017865688307545646
1570.05,-5.306029008319001,-0.6919676777102586,-25.151375692488497,6.19582193033807,-1,0.0034712270309862348
1575.5,-4.916471281821032,-0.1008033170707634,-20.036617752303336,0.0,-1,-0.0008251348778165468
1574.2,-4.4203198117538705,0.131782717665466,-20.56752574499667,0.0,-1,-0.0007305297929107724
1573.05,-3.8997174257406186,0.21746170122623898,-21.071338031312077,0.0,-1,-0.010775245542099743
1556.1,-4.726939780588964,-0.20325355120736877,-27.405328047790867,0.0,-1,0.0005783689994216523
1557.0,-4.671639309630791,-0.049317693416398356,-26.418194082417738,0.0,-1,0.00038535645472048685
1557.6,-4.204685798348919,0.13921193928849096,-25.703064193283957,0.0,-1,0.003980482794042173
1563.8,-3.104151892845721,0.4132486149305632,-18.358307849693638,0.0,-1,0.006074945645223151
1573.3,-1.5035389490235502,0.6712871862509115,-8.66767349599747,0.0,-1,0.001557236382126792
1575.75,-0.37377089802726005,0.6003517457490674,-6.377508602110318,0.0,-1,-0.0015230842455974392
1573.35,0.02226070230631194,0.3321277820275465,-8.155418561296663,0.0,-1,-0.006546540820542179
1563.05,-0.6399118893857576,-0.11001493655484107,-14.964533630261137,0.0,-1,0.002527110457119175
1567.0,-0.5885055277828997,-0.019536191650661006,-10.752126937359726,0.0,-1,-0.016624122527121865
1540.95,-2.6845935529995586,-0.7052080722891068,-23.39380766676491,0.0,-1,0.008923066939225732
1554.7,-2.3630881028577733,-0.12790087404910722,-11.732324649150037,0.0,-1,-6.432109088583271e-05
1554.6,-2.01374470254882,0.07381417541994884,-11.781395544468737,0.0,-1,0.0037308632445647305
1560.4,-1.1879276105153167,0.29987708915115063,-7.065632042226703,0.0,-1,-0.0012176365034607395
1558.5,-0.8343584302888303,0.2178154231258791,-8.226228101805098,0.0,-1,0.0008662175168430153
1559.85,-0.4755439709849725,0.19220996080991237,-7.009589505582312,0.0,-1,9.616309260507272e-05
1560.0,-0.24400807708434513,0.1412486182368466,-6.862904085289543,0.0,-1,0.0013141025641025816
1562.05,0.06292720962301246,0.14939463498140143,-4.724731449135753,0.0,-1,0.003841106238596792
1568.05,0.7111509188414402,0.26587278139994314,1.2380595939077281,0.0,-1,-0.0006696215044162956
1567.0,0.8885001968806137,0.1477406864797055,0.17502094828433457,0.0,-1,0.002042118698149409
1570.2,1.1697998194933916,0.14301343636416108,3.4456748087821722,0.0,-1,-0.006241243153738307
1560.4,0.39629964584196387,-0.21016224576242226,-6.312677179445565,0.0,-1,0.006889259164316819
1571.15,0.8723579218628856,0.0886320100861665,3.937884698427382,0.0,-1,-0.0016548388123349689
1568.55,0.8210238997180568,0.012432662647112513,1.4224301856009092,0.0,-1,0.0009244206432692526
1570.0,0.847771563669312,0.013060108866122522,2.7868184333835444,0.0,-1,0.0019108280254778176
1573.0,1.0404977653390688,0.06859543684529312,5.650357123840834,0.0,-1,0.0013032422123331333
1575.05,1.2209860523958014,0.08302790796734194,7.602751541301892,0.0,-1,-0.0007301355512522312
1573.9,1.1136480248912903,-0.008103373179056295,6.06436384225406,0.0,-1,0.0010165830103563422
1575.5,1.1005083423981432,-0.007081018557401064,7.806367714702979,0.0,-1,-0.0027292922881624326
1571.2,0.6438961392850615,-0.1545644072234943,1.686837028443712,0.0,-1,-0.0020366598778004397
1568.0,0.09526535945474279,-0.23439839568460435,-2.4734010598956075,0.0,-1,0.006600765306122414
1578.35,0.6755111895847676,0.11528247814847348,9.299549238390625,0.0,-1,-0.0002534292140525807
1577.95,0.8760081721845836,0.10525982024942981,8.733687283809665,0.0,-1,-0.0059570962324535515
1568.55,0.11992264913578765,-0.21694190093312204,-2.9815861690724788,0.0,-1,0.00663032737241398
1578.95,0.5985530001833013,0.08722948337146386,7.451492276090299,0.0,-1,0.0010449982583362605
1580.6,0.9254887590250291,0.13805508073773054,8.878939049885261,0.0,-1,-0.003859293939010411
1574.5,0.5034992418607089,-0.09464481214219655,1.7476274293834777,0.0,-1,-0.00031756113051761847
1574.0,0.20887954645672835,-0.1297548358487257,1.1830374651583,0.0,-1,0.011467598475222385
1592.05,1.5483297365499311,0.403231784748159,16.04345231731199,-5.606137701355465,-1,-0.0024496718067898993
1588.15,1.7640273535507731,0.2063098005830004,11.54563001818724,0.0,-1,-0.008280074300286544
1575.0,0.6290405492552509,-0.30955900123750735,-0.965416826781258,0.0,-1,-0.0008253968253968402
1573.7,-0.0992062319969591,-0.3459352608299058,-2.0364015522665824,0.0,-1,-0.011247378788841633
1556.0,-1.9300624366233023,-0.725597155152083,-13.94856718661282,3.6474738967019675,-1,-0.010700514138817563
1539.35,-4.072152002551093,-0.9558955736932915,-21.37829533368193,12.146644237992632,-1,-0.005391886185727723
1531.05,-5.495517451969135,-0.7930870077037779,-24.310700648948174,11.446401408763677,-1,0.007772443747754876
1542.95,-4.757573722347388,-0.018381092694010448,-13.883998815556161,0.0,-1,0.0016202728539485012
1545.45,-3.7838040473409364,0.318462860770814,-11.857987247056784,0.0,-1,0.008120612119447479
1558.0,-1.9357688725592652,0.7221660118508284,-2.560410280128359,0.0,-1,0.0025353016688061114
1561.95,-0.5212705457886386,0.7122214462071517,0.0643839917059097,0.0,-1,0.0016645859342487856
1564.55,0.4460844964125954,0.559858829469462,1.8239339397153174,0.0,-1,0.00015979035505409023
1564.8,0.9134216428119544,0.3423986586229404,2.004615907047558,0.0,-1,-0.0017893660531697053
1562.0,0.8376384124439937,0.08887180941832662,-0.3143275645782211,0.0,-1,0.006081946222791235
1571.5,1.5216102628896806,0.25761455328800453,6.926404237009542,0.0,-1,-0.0032134902958955713
1566.45,1.3159619995385583,0.01732209664562734,2.466759213833136,0.0,-1,-0.007532956685499026
1554.65,0.12014103456795056,-0.3928329561083268,-6.400954097578079,0.0,-1,0.00344128903611729
1560.0,-0.04194786746461432,-0.18497395271363057,-1.9755234242210378,0.0,-1,0.005288461538461631
1568.25,0.5680033371411355,0.14165908396403976,4.183960081291495,0.0,-1,0.0006376534353578212
1569.25,0.9089786613487831,0.16087813605722912,4.903723306356255,0.0,-1,-0.00015931177313999179
1569.0,0.9828847683402273,0.0782614143495578,4.665172807276441,0.0,-1,-0.0037603569152326877
1563.1,0.4462640911408471,-0.15278642094994077,-0.9259603481151757,0.0,-1,-6.39754334335052e-05
1563.0,0.1324317449461887,-0.15553958904819976,-1.0203035644430756,0.0,-1,0.0051823416506717734
1571.1,0.6394795931032604,0.11716941970295736,6.505246538352225,0.0,-1,0.002323213035452909
1574.75,1.1438802177565321,0.20719001478540977,9.496499283910033,0.0,-1,-0.0022225750119067023
1571.25,1.0090905119368472,0.02413343632190823,5.43459412134829,0.0,-1,0.0032458233890213517
1576.35,1.282604783032184,0.09921590247241507,9.870310670880414,0.0,-1,-0.0010467218574554682
1574.7,1.17497818666061,-0.0028035646330530906,7.802164270177784,0.0,-1,0.003937257890391788
1580.9,1.5399167062530523,0.12071165165312969,13.120973899290576,-0.32768601280940857,-1,-0.0024669492061484277
1577.0,1.2690595738615684,-0.0500484935794514,8.01049879495853,0.0,-1,0.0010779961953075734
1578.7,1.1695427098438813,-0.04985511919904617,9.594901449040464,0.0,-1,-0.0010768353708747735
1577.0,0.8806557186815098,-0.11291403678713918,7.1968714563600855,0.0,-1,0.0018389346861129585
1579.9,0.9044909132101111,-0.029692947419512672,10.230109322280775,0.0,-1,0.00025318058104928376
1580.3,0.8743676010401487,-0.019938753196491743,10.657390344036699,0.0,-1,0.004872492564703013
1588.0,1.4281086448686438,0.1779340968773344,18.008900992324868,0.0,-1,-0.005887909319899132
1578.65,0.8068034463772165,-0.14779036720469763,4.315392759815495,0.0,-1,0.0035473347480441397
1584.25,0.895583893266803,-0.019669973438370403,9.713509947156084,0.0,-1,0.0020514439008993968
1587.5,1.1361754589390785,0.07364053074463506,12.565800648999456,0.0,-1,0.0015748031496063408
1590.0,1.3701232868638726,0.10252945288980975,14.701799704359189,0.0,-1,0.002830188679245227
1594.5,1.7479202602542045,0.1601088087600473,18.31742170186159,0.0,-1,0.0009093759799310153
1595.95,1.911992058594933,0.10806020236692526,19.438206602313272,0.0,-1,-0.0011278548826717527
1594.15,1.684695286215856,-0.039745523337384014,16.207688537668744,0.0,-1,0.0008468462817174949
1595.5,1.5431556261748938,-0.06042839445944881,17.468909146688034,0.0,-1,-0.0005640864932623391
1594.6,1.268789493973145,-0.11159817555373253,15.65381418000618,0.0,-1,-0.007525398218989121
1582.6,0.0258739700411752,-0.4515045664952342,-3.056077290809043,0.0,-1,-6.318716036890493e-05
1582.5,-0.6060732894281955,-0.36115060865486837,-3.1796215220283983,0.0,-1,0.004391785150078986
1589.45,-0.29237414504382286,-0.01581715475683193,5.802571631090217,0.0,-1,-0.0003774890685458443
1588.85,-0.16116006076481426,0.0384656431740589,4.912888466160204,0.0,-1,-0.0011014255593668754
1587.1,-0.22795634689487088,-0.009443547651999229,2.2150192635647556,0.0,-1,-0.002079264066536468
1583.8,-0.5173581277185804,-0.09961510949190294,-2.6582895069027472,0.0,-1,0.0007892410657910354
1585.05,-0.5147791741540004,-0.03234538530910769,-0.6680019464085518,0.0,-1,0.006277404498280736
1595.0,0.35857523380786915,0.28033634088425397,12.026162644339266,0.0,-1,0.006896551724137945
1606.0,1.6820378349714247,0.5345996473492698,20.962454508318785,-3.4961517173373977,-1,0.0019925280199253326
1609.2,2.470265982638921,0.44094259833892213,23.01507586755629,-3.1980403647403364,-1,0.002361421824508936
1613.0,2.975191224586297,0.31528928009543256,25.31722781292636,-2.8552503257658373,-1,-0.01165530068195908
1594.2,1.413054576844388,-0.41561578921549214,1.2721549596288924,0.0,-1,-0.003073641952076378
1589.3,0.105898371569765,-0.5742573314967051,-3.067005923147015,0.0,-1,-0.0017617819165670623
1586.5,-0.7898379286984891,-0.48999787725498656,-5.460273040659388,0.0,-1,0.009139615505830534
1601.0,0.036447081892447386,0.11209571111198333,7.121009750759832,0.0,-1,0.0072454715802623415
1612.6,1.4132189970302989,0.496289208749945,14.31646490611368,0.0,-1,-0.000310058290958648
1612.1,1.942170038179711,0.3417467499664524,13.803687353621683,0.0,-1,0.0046523168537930815
1619.6,2.6697980555729828,0.356458255786575,18.049262015313815,0.0,-1,-0.003488515682884552
1613.95,2.3402955596384345,0.008985253284008898,11.965569286585179,0.0,-1,0.002354471947705994
1617.75,2.297186348367859,-0.011374652662188733,14.347486400137356,0.0,-1,0.003245248029670744
1623.0,2.5216995470352686,0.07104618200174029,17.47434979857904,0.0,-1,-0.00609981515711655
1613.1,1.5988145174494548,-0.28394628252802456,7.000001656604006,0.0,-1,-0.002076746636910265
1609.75,0.7249707928692715,-0.3859300023694028,3.8566379250695917,0.0,-1,0.0013045503960240623
1611.85,0.40263469783985784,-0.23608869913293884,5.563474126662612,0.0,-1,-0.002636721779321949
1607.6,-0.14625290782805678,-0.26165876826695117,1.2967044353611499,0.0,-1,-0.0032346354814629663
1602.4,-0.8418423016764791,-0.31908272070512456,-3.5522327230330077,0.0,-1,0.007988017973040495
1615.2,-0.05281680679422607,0.1566475913923762,7.448791212343089,0.0,-1,-0.0013311045071818794
1613.05,0.16693067454639277,0.1254650242443317,5.32758343933024,0.0,-1,-0.0035336784352624218
1607.35,-0.21210647432872065,-0.08452404154359391,-0.09988996973563502,0.0,-1,-0.012256198090023873
1587.65,-2.025616175905725,-0.6326779143735328,-13.754035431294582,0.0,-1,0.00670802758794431
1598.3,-1.8760696787021516,-0.1610438057233199,-4.754435565815136,0.0,-1,-0.0010010636301068798
1596.7,-1.7782906235418068,-0.021088250187658364,-5.796044085839618,0.0,-1,-0.0031627732197657688
1591.65,-2.002043543999662,-0.08161372354850438,-9.098215795245778,0.0,-1,0.0
1591.65,-1.947083042228769,-0.008884407259203808,-9.098215795245778,0.0,-1,0.0027330129111298174
1596.0,-1.3948458711574858,0.18111758793735988,-4.748845901634134,0.0,-1,0.0025062656641603454
1600.0,-0.6691567963587204,0.3022688875787085,-0.9199942063102,0.0,-1,0.0019687500000000746
1603.15,0.011950807403991348,0.32779216378047343,2.016273204110398,0.0,-1,-0.0008732807285657396
1601.75,0.2348420420016737,0.18356113279271857,0.5760585902121917,0.0,-1,0.004588731075386265
1609.1,0.9392174891336253,0.29597885997489015,7.448617199190942,0.0,-1,0.000994344664719593
1610.7,1.3464704219384203,0.23441059759322846,8.833198109765185,0.0,-1,-0.000589805674551469
1609.75,1.3587243531794684,0.0822215096114256,7.59678384130352,0.0,-1,-0.0017083398043173936
1607.0,1.022457622701495,-0.08468174028884934,3.95008213106437,0.0,-1,0.0040136901057872265
1613.45,1.3066194555708535,0.06649336419350305,10.472206689369813,0.0,-1,-0.0011776007933310684
1611.55,1.1814820840411357,-0.01954800244540489,7.793114224350852,0.0,-1,0.004591852564301613
1618.95,1.6371232246062846,0.14536437937324798,14.583220387589108,0.0,-1,0.0003397263658544425
1619.5,1.7743501928382557,0.09419711586840629,15.047584776057235,0.0,-1,-0.00061747452917571
1618.5,1.611767827551148,-0.02279508313956713,13.369082034675458,0.0,-1,0.003645350633302513
1624.4,1.8878293259449492,0.08442213841807811,18.66905730886785,0.0,-1,-0.0014774686037922757
1622.0,1.6685409646465814,-0.04495540762676331,14.454098813156335,0.0,-1,0.0049938347718865295
1630.1,2.0948517036099474,0.1271184437788675,21.10507081071553,0.0,-1,-0.0038341206060977795
1623.85,1.612602764457506,-0.1183768317911913,11.275492447730642,0.0,-1,0.003540967453890431
1629.6,1.7162613978432546,-0.0049060661351476575,16.070188494809358,0.0,-1,-0.000951153657339221
1628.05,1.4959022647158235,-0.0750883997541929,13.707601672631178,0.0,-1,-0.0012284634992782983
1626.05,1.0943975094257894,-0.15886438501474243,10.600780629473206,0.0,-1,-0.0009839795824235775
1624.45,0.6691120059954301,-0.19471662948170065,8.082979933529309,0.0,-1,0.00046169472744628237
1625.2,0.46320992044707054,-0.13353957167668673,8.97081999866829,0.0,-1,-0.0020920502092051096
1621.8,0.03832471763553258,-0.18614159149607493,3.2858121048068867,0.0,-1,-0.002312245652978162
1618.05,-0.48981161023971254,-0.23809263979044004,-2.344318054826431,0.0,-1,0.0012360557461141841
1620.05,-0.5463954733240826,-0.09822550095827004,0.7399887450287395,0.0,-1,-0.0017592049628096795
1617.2,-0.766654448755844,-0.10616149213001047,-3.589864862484035,0.0,-1,-0.0021951521147662856
1613.65,-1.108729399075628,-0.1494121474832648,-8.492104577359036,0.0,-1,0.0023239240231771596
1617.4,-0.8748727576455622,0.02814816464893366,-2.040290702372914,0.0,-1,-0.0014838629899839306
1615.0,-0.8850383737933498,0.0059941828337153336,-5.528509606001833,0.0,-1,0.0072755417956655855
1626.75,0.16279868261540287,0.35127707974748934,10.213158941486157,0.0,-1,0.009558936529890927
1642.3,1.9689839872685297,0.7191541281335387,21.918899375408472,-6.056430810217989,-1,-0.0005480119344820622
1641.4,2.6329946406560794,0.46105492717369634,20.583436449060386,-1.8746671048240842,-1,0.0015840136468867616
1644.0,2.962250413961783,0.26343690015980004,22.238159754042385,-1.11451927233702,-1,0.0018248175182482562
1647.0,3.130024099451248,0.1437368618830881,24.10559190653892,-0.5296325470171723,-1,0.0037340619307832945
1653.15,3.4655756005749936,0.15976278766894447,27.54594291980831,-2.0162625701423167,-1,0.0017542267791790245
1656.05,3.586220051088958,0.09346907939430293,29.007265682047773,-0.45354352810045384,-1,0.0020832704326561036
1659.5,3.6351906054217125,0.04747987790901931,30.670137169462052,0.0,-1,-0.0036758059656522013
1653.4,2.848409998803163,-0.2464335762365102,19.80696496371472,0.0,-1,-0.0008467400508044287
1652.0,2.1009855289269126,-0.33128601537092006,17.489383436719052,0.0,-1,0.0028147699757870015
1656.65,1.9396911665780863,-0.16419345923991546,21.037913713307304,0.0,-1,-0.0020825159206833144
1653.2,1.4099030548557039,-0.23132719032076587,15.173581941744402,0.0,-1,0.0010585531091216183
1654.95,1.1733504110898139,-0.15595994469555197,16.721910634066248,0.0,-1,-0.002688902988005726
1650.5,0.5864615549494374,-0.24761626694530947,9.2760780530067,0.0,-1,-0.0006967585580127666
1649.35,0.14831199730019762,-0.2285886081981831,7.435638467450936,0.0,-1,0.004244096159093047
1656.35,0.5002112187005423,0.04110353773405384,14.82256759114965,0.0,-1,-0.0020527062516979555
1652.95,0.351143227842158,-0.035988151041443484,9.271201044164698,0.0,-1,0.008772195166218077
1667.45,1.4556806300929566,0.3561830837364517,21.028185545035342,0.0,-1,-0.0018891121173049141
1664.3,1.6241426120438973,0.17488168856246422,16.401477182925348,0.0,-1,0.0060686174367603485
1674.4,2.414695052015759,0.3218113761781085,22.72991133119963,-1.3596029042425926,-1,0.00041806020066870175
1675.1,2.6670800176671037,0.19139878060981763,23.11980187645358,-1.2463140370211931,-1,0.0010148647841921044
1676.8,2.7126824990205023,0.07900042065440527,24.118322295777617,0.0,-1,0.0005963740458014843
1677.8,2.592760198112046,-0.013640626751350471,24.731811827634147,0.0,-1,5.960185957820663e-05
1677.9,2.325069031148587,-0.09377726457160307,24.79818674776432,0.0,-1,0.002354133142618675
1681.85,2.326634361737888,-0.030737311327433847,27.40331563480045,0.0,-1,-0.0022594167137378607
1678.05,1.8168641635543281,-0.18016916983699782,19.701652936696675,0.0,-1,0.004082119126366912
1684.9,1.9814070508330133,-0.005208760852770888,24.736467420323876,0.0,-1,-0.0019882485607455314
1681.55,1.619394573569707,-0.12240707937202577,18.54685053882082,0.0,-1,0.00918795159228103
1697.0,2.5909387871404306,0.2830457113995659,27.918271327756315,-0.6755192388739033,-1,0.00468473777253986
1704.95,3.5232993283309497,0.40513541753002835,31.132342057190996,-2.6177107846083345,-1,-0.005982580134314852
1694.75,2.845871321565255,-0.0907641964118886,17.190483819172314,0.0,-1,-0.004572945862221567
1687.0,1.6241680413852464,-0.4374891588639658,8.677919989469153,0.0,-1,0.005838767042086523
1696.85,1.6988023978462934,-0.120951600800973,14.949033102835315,0.0,-1,-0.0012670536582489733
1694.7,1.4153860429230463,-0.13478931857473997,12.643362608156735,0.0,-1,-0.0015932023366967973
1692.0,0.9307290285512408,-0.20648211098218172,9.686809325875323,0.0,-1,-0.00434397163120559
1684.65,-0.0016602310138296161,-0.37962379018241743,2.2306204840453745,0.0,-1,0.002819576766687426
1689.4,-0.0718831748786215,-0.1499489113490698,6.162897769727863,0.0,-1,0.010891440748194592
1707.8,1.432328951095542,0.45142107154169786,17.631272300015695,0.0,-1,-0.003103407893195853
1702.5,1.6234076014911807,0.21416657397911232,12.406077870610254,0.0,-1,-0.004287812041115946
1695.2,0.9753296265648714,-0.14463713364906572,5.807478255217845,0.0,-1,-0.0008553563001415521
1693.75,0.449179836887879,-0.22359564110868613,4.534849762352231,0.0,-1,0.0013284132841329122
1696.0,0.3361732889754876,-0.11220072967369255,6.254783899490334,0.0,-1,0.0031839622641509635
1701.4,0.701655574271399,0.08442718520740633,10.26338454200706,0.0,-1,0.0034089573292581665
1707.2,1.3092587523965449,0.23067678777751732,14.180557696654148,0.0,-1,0.0007029053420806175
1708.4,1.6039554454262088,0.17512449360239368,14.974299884603909,0.0,-1,-0.006087567314446374
1698.0,0.750974171488906,-0.22595226011163638,3.547829465789661,0.0,-1,0.0018551236749118072
1701.15,0.5244023535626638,-0.15084135934595955,6.1434413078491374,0.0,-1,-0.0006172295212063528
1700.1,0.27991624846958985,-0.13177582147967787,5.005098885876535,0.0,-1,0.0011175813187460637
1702.0,0.29268017521712864,-0.03967063157737971,6.767504973369519,0.0,-1,0.0018507638072855492
1705.15,0.5371721239894214,0.06827377239830434,9.676952152970827,0.0,-1,0.007975837902823635
1718.75,1.7479870880431463,0.42636291215067645,19.51779680037545,-3.364617467945436,-1,-0.002676363636363588
1714.15,1.8243956460664776,0.16759049005800253,13.677419626265966,0.0,-1,-0.0018376454802672137
1711.0,1.448066954572596,-0.06957940047862632,9.851547157216736,0.0,-1,-0.0031560490940970576
1705.6,0.6892303626111698,-0.2761386641466842,3.7053907210472943,0.0,-1,-0.001055347091932446
1703.8,0.10237620307952966,-0.2876642745594415,1.7376356399544406,0.0,-1,0.0024650780608053147
1708.0,0.15041777305714277,-0.07987423486060946,5.924462969787768,0.0,-1,0.0029566744730677996
1713.05,0.5827370769577556,0.11748168968000111,10.502182054445122,0.0,-1,-0.0022766410787775637
1709.15,0.4253353058281846,-0.013306693816523274,5.551363935237738,0.0,-1,-0.0020478015387765947
1705.65,0.019523144777622292,-0.1397062849556952,1.3605665234255184,0.0,-1,0.00041040072699538577
1706.35,-0.12667653114567656,-0.0953019869596647,2.1625355206283245,0.0,-1,-0.0024906965159551264
1702.1,-0.5433866581784059,-0.17067070466413137,-3.058692222887913,0.0,-1,0.005199459491216807
1710.95,0.03104049982016477,0.1345854844448131,6.918653915534513,0.0,-1,-0.0005552470849528035
1710.0,0.236500703834281,0.11334856281964314,5.670069003515451,0.0,-1,0.001140350877192997
1711.95,0.4820224138552476,0.11962342428020328,7.782231062410638,0.0,-1,-0.002716200823622228
1707.3,0.17711473437793757,-0.061761418399035595,1.3053136306686142,0.0,-1,-0.002167164528788179
1703.6,-0.29843199989227287,-0.17910271755641538,-3.320678121383203,0.0,-1,0.0012913829537450905
1705.8,-0.32800270036977963,-0.0695578060113074,-0.3229838442262434,0.0,-1,-0.0024621878297573785
1701.6,-0.6654544922441801,-0.13566986596190267,-5.615989053439755,0.0,-1,-0.00038199341795952524
1700.95,-0.8328925138278009,-0.10103596251517455,-6.414553327940361,0.0,-1,0.00120520885387565
1703.0,-0.6763704818006318,0.01849535650399825,-3.0686066852740694,0.0,-1,0.008132706987668659
1716.85,0.6124214076965018,0.43576241533371063,13.280083009849953,-0.32920599932413097,-1,-0.005300404811136583
1707.75,0.44744890180345465,0.09026330314688785,1.6613204334473437,0.0,-1,-0.0012589664763578146
1705.6,0.14850857370652193,-0.06955900831668163,-0.7142544542590201,0.0,-1,-0.0007915103189493067
1704.25,-0.1258373048174235,-0.11463496228020906,-2.246270512370714,0.0,-1,0.0038139944257005176
1710.75,0.28914286465533223,0.10011506906418222,5.2032095907175915,0.0,-1,-0.0023381557796288144
1706.75,0.13920437733736435,-0.016607806084595222,0.2993588364459754,0.0,-1,-0.002079976563644337
1703.2,-0.24319856443321441,-0.13300358261839135,-3.7519229151568823,0.0,-1,-0.011067402536402149
1684.35,-1.9849668216156715,-0.6249239466002829,-18.649484212653235,8.35478726119527,-1,-0.005165197257102072
1675.65,-3.4154370484056926,-0.6851313911301014,-23.094101656813475,9.863663180199637,-1,-0.0014322800107421374
1673.25,-4.046052407766865,-0.43858225016375796,-24.214604524585553,6.120993467611015,-1,0.0005976393246676093
1674.25,-3.9408557201336407,-0.11112852084351132,-22.810797180030573,0.5210091271637793,-1,0.004837987158429202
1682.35,-2.8848527329723765,0.3149581554392511,-12.21870795685637,0.0,-1,0.00035664398014700893
1682.95,-2.066446844977463,0.377788014478055,-11.482566033803295,0.0,-1,0.003000683323925113
1688.0,-1.0642066638984033,0.4600093985190383,-5.357450793406471,0.0,-1,0.021919431279620927
1725.0,2.6089306486326223,1.3777155703500212,19.432952990665925,0.0,-1,0.000753623188405772
1726.3,4.336421750845375,1.0350688908542582,19.958163152046595,0.0,-1,0.002896367954585033
1731.3,5.255465489381322,0.6513708764634023,22.01318857593742,0.0,-1,0.00020216022641950104
1731.65,5.306198567867568,0.2340346516498828,22.16130225246765,0.0,-1,-0.002107816244622196
1728.0,4.585215226455148,-0.1623162299208456,17.99183276968141,0.0,-1,0.0010995370370370239
1729.9,4.000955620210789,-0.2488586120550682,19.02692486157372,0.0,-1,-0.002774726862824539
1725.1,2.975412848737733,-0.4248004611760412,13.282495333360785,0.0,-1,0.0028404150484029334
1730.0,2.623023725606572,-0.25906319476906736,16.44944007455736,0.0,-1,-0.003815028901734019
1723.4,1.6782438535738038,-0.4012810222672787,8.85251722361351,0.0,-1,-0.00046419867703384465
1722.6,0.9993335964261405,-0.36006375980498073,7.960077506608329,0.0,-1,-0.0010449320794148065
1720.8,0.42660066815028586,-0.31093222936027853,5.843066509317133,0.0,-1,0.0035739191073920207
1726.95,0.6171841483330809,-0.040116249725827835,11.220297911536967,0.0,-1,0.00408234170068611
1734.0,1.2485438760634224,0.19708115933483783,16.427609633559157,0.0,-1,-0.0020184544405997817
1730.5,1.1685117502568119,0.03901634450940916,11.846598525299846,0.0,-1,0.0016180294712511145
1733.3,1.2644530414986548,0.044985878583750694,14.050312937053548,0.0,-1,-0.0004903940460393441
1732.45,1.136219266994658,-0.02774929864008202,12.826311306896741,0.0,-1,-0.0008081041299893288
1731.05,0.8607507741596692,-0.10107259715835692,10.703359819896754,0.0,-1,-0.0017619363969844093
1728.0,0.39712062989542574,-0.18823424714086678,6.113541632920835,0.0,-1,0.0006365740740739145
1729.1,0.22387883860551483,-0.12049201281025923,7.4041670246590385,0.0,-1,-0.001388005320686947
1726.7,-0.08139862692337374,-0.14192315944638262,3.5840123470367473,0.0,-1,-0.004430416401227877
1719.05,-0.8647541407774497,-0.3084262244334862,-6.636440453665628,0.6371840264796447,-1,-0.011139873767487818
1699.9,-2.780202385973098,-0.741291489876378,-21.667387895363323,11.7010866281762,-1,0.004353197246896867
1707.3,-2.889576309739823,-0.28355513788103437,-12.383095961708548,0.9773477023074975,-1,0.0015521583787267978
1709.95,-2.482631912478155,0.041129753126877944,-9.325097132259216,0.0,-1,-0.0005848124214158368
1708.95,-2.1556070544741033,0.12271820371030984,-10.144264854503177,0.0,-1,0.0005558968957546373
1709.9,-1.7332940375993076,0.1816770735283686,-8.892317554325949,0.0,-1,-0.00020469033276804272
1709.55,-1.4068630260287591,0.169369361699639,-9.239639141477824,0.0,-1,0.00029247462782611144
1710.05,-1.0847422680742511,0.16383003988471567,-8.45567728751778,0.0,-1,0.011666325546036749
1730.0,0.8292132999092701,0.6925952026227455,13.158860964635998,0.0,-1,-0.0015606936416184825
1727.3,1.492089975575027,0.4518239594295008,9.832025478515881,0.0,-1,-0.004399930527412721
1719.7,1.0658541487766797,0.008529377543717853,1.369337651183102,0.0,-1,-0.0007268709658660999
1718.45,0.6597483896462109,-0.132525460528917,0.0749944790430348,0.0,-1,-0.015886409264162404
1691.15,-1.8732835223895563,-0.8885191241882282,-18.925359952811387,3.1652524321984856,-1,-0.005558347869792812
1681.75,-3.7670258515415753,-0.9274204844467491,-22.864499178318653,5.759321782031066,-1,-0.003894752489965736
1675.2,-4.94581152848923,-0.7020687204648013,-25.289682062021527,5.237208869650885,-1,0.00044770773638957984
1675.95,-5.060553406255622,-0.2722701994103973,-24.443216610300595,0.0,-1,-0.0005071750350548188
1675.1,-4.767044894617584,0.007079437409213796,-24.799987720077578,0.0,-1,0.0017013909617336065
1677.95,-3.985536897580232,0.2628624781488549,-21.102135454715803,0.0,-1,0.0006257635805595463
1679.0,-3.1751548242632452,0.3577481838219474,-19.69177066105931,0.0,-1,-0.0078022632519356705
1665.9,-3.5970342189161784,-0.02137707027699509,-26.22831566596134,0.0,-1,0.0005402485143164437
1666.8,-3.4332210646664407,0.0474786946575807,-24.993673729953702,0.0,-1,0.003089752819774416
1671.95,-2.6360460654859708,0.2815512312793502,-17.991958231596847,0.0,-1,0.003618529262238601
1678.0,-1.5136213937719276,0.4679919676644646,-10.606087296564006,0.0,-1,0.0050357568533969665
1686.45,-0.12210727510068864,0.6198353621119013,-1.8630721863389539,0.0,-1,-0.00014824038661087613
1686.2,0.5629920571600451,0.43497823145754505,-2.0902727844418934,0.0,-1,-0.007353813308029977
1673.8,-0.17470761480626606,-0.10090714683625537,-11.97996508181177,0.0,-1,-0.0036742741068227502
1667.65,-1.0414984828889828,-0.3225660049729908,-15.863193143699213,0.0,-1,0.0028483194915001064
1672.4,-0.9922690433561456,-0.0911121884800512,-10.555453278498838,0.0,-1,0.0015546519971298967
1675.0,-0.6682985699767414,0.0776194282997843,-7.726167592269576,0.0,-1,0.002507462686567097
1679.2,-0.1006217857889169,0.2150987374958696,-3.259780608320497,0.0,-1,-0.011821105288232547
1659.35,-1.4625649115459964,-0.38228146275373653,-16.763814268954732,0.0,-1,-0.0008135715792327858
1658.0,-2.134156065128991,-0.35129087211224386,-17.473939556148366,0.0,-1,-0.001357056694813008
1655.75,-2.479605303159815,-0.2322467033810227,-18.711906755876957,0.1155819626160337,-1,0.0012683074135586558
1657.85,-2.2706961469118596,-0.007779182377689153,-16.102800306023966,0.0,-1,-0.00802243870072683
1644.55,-3.08535022321189,-0.27414441955923996,-23.250487087865512,4.162421648806458,-1,0.0038916420905414917
1650.95,-2.702231409427668,0.036324798074994114,-15.828787507998129,0.0,-1,0.008358823707562246
1664.75,-1.135486051749922,0.5343567185842468,-2.9704905445457115,0.0,-1,-0.00045051809581020397
1664.0,-0.319989535265222,0.44995107835631565,-3.518748667021306,0.0,-1,0.0009014423076922906
1665.5,0.23942451758261996,0.33645504373471924,-2.16729721743733,0.0,-1,-0.0033023116181326584
1660.0,0.04084616754130366,0.045958897897800985,-6.629206972068836,0.0,-1,-3.0120481927631282e-05
1659.95,-0.0660135214411639,-0.02030026369488886,-6.670034117260485,0.0,-1,0.006897798126449528
1671.4,0.8402244275209796,0.2953125617557516,4.28071954596453,0.0,-1,-0.0008077061146345432
1670.05,1.1108246997087008,0.18863761131449097,2.9405349154866585,0.0,-1,0.006257297685698049
1680.5,2.0243894441600787,0.36740078525528963,11.18337417196458,0.0,-1,-0.004314192204700973
1673.25,1.708306029372352,0.017105790155854228,3.9049450262069882,0.0,-1,0.0005976393246676093
1674.25,1.4912388195309632,-0.06665380656184494,4.73028238532185,0.0,-1,0.002090488278333691
1677.75,1.5501019796492983,-0.002596882147836599,7.677257723402839,0.0,-1,-0.005096110862762626
1669.2,0.7378583947377138,-0.271613489019807,-0.9836810801016611,0.0,-1,0.008746705008387146
1683.8,1.4869150693871234,0.1591477285432008,10.321141841108428,0.0,-1,0.000712673714217793
1685.0,1.8375338175962952,0.16992215891745754,11.108679171039661,0.0,-1,-0.0017804154302670794
1682.0,1.6097153735677239,-0.019298761703704592,7.915632364877133,0.0,-1,0.00047562425683711496
1682.8,1.4283298704226581,-0.06689475494959018,8.557251287034049,0.0,-1,0.001901592583788858
1686.0,1.4852762963148507,-0.0033161096857992067,11.187208702731255,0.0,-1,-0.0013345195729537185
1683.75,1.2024764845682512,-0.09537197381079965,8.296954371757025,0.0,-1,-0.0021380846325166347
1680.15,0.6608702049809381,-0.21232608446603762,3.7806909061684806,0.0,-1,0.0028568877778769597
1684.95,0.7349945481055329,-0.04606724711381427,8.539164659249124,0.0,-1,0.0018101427342056553
1688.0,0.9649738406590131,0.06130401514655537,11.348639256473803,0.0,-1,-0.0011848341232227888
1686.0,0.832882333547559,-0.023595830654966288,8.46227954527771,0.0,-1,-0.004922894424673752
1677.7,0.005763052196243734,-0.2835717040020939,-1.9598301726818548,0.0,-1,0.00017881623651416767
1678.0,-0.38327684282921837,-0.22420386634251865,-1.5904700267353888,0.0,-1,-0.0012514898688914533
1675.9,-0.7208570534396586,-0.18726135898431961,-4.126750875233149,0.0,-1,0.001133719195655969
1677.8,-0.6712424042914336,-0.0458822366120315,-1.418566441662044,0.0,-1,-0.0016688520681844565
1675.0,-0.8238315460264403,-0.06615712611567937,-5.097318181327175,0.0,-1,-0.0017910447761193549
1672.0,-1.0814734880582364,-0.10793302271582517,-8.810430773216282,0.0,-1,0.00328947368421062
1677.5,-0.661838335069433,0.10390071009099278,-0.3321090491471992,0.0,-1,0.00026825633383009695
1677.95,-0.3593675639858702,0.13545716039151856,0.318999178059606,0.0,-1,-0.0012217288953783045
1675.9,-0.3490182147786527,0.04860216986624538,-2.773386789221213,0.0,-1,0.0024166119696880095
1679.95,0.022741311056506675,0.1401205652338016,3.499633953385228,0.0,-1,0.0018155302241138482
1683.0,0.4608926313860593,0.19275729518778478,7.706315048491582,0.0,-1,0.002584670231728925
1687.35,1.0040605722685996,0.24530841202344178,13.009324364874217,0.0,-1,-0.00139271638960492
1685.0,0.9961394950209979,0.07912911159194669,8.598975130098665,0.0,-1,0.006735905044510382
1696.35,1.855000665145326,0.3126634272387583,19.903827873660646,-3.35498709181752,-1,-0.003654906121967616
1690.15,1.61318119477869,0.023614652290707472,9.96559275489576,0.0,-1,0.0011833269236458666
1692.15,1.5245063600305002,-0.02168672748582745,11.906713490897367,0.0,-1,-0.0039003634429572998
1685.55,0.8031267459871287,-0.24768878050973298,2.5620645225112213,0.0,-1,-0.0007415976980807981
1684.3,0.27134304346668614,-0.25982416101005856,0.9438338224191725,0.0,-1,-0.004304458825624913
1677.05,-0.6213273947491871,-0.3841648664086439,-7.490317139805555,0.0,-1,0.0005664708863779566
1678.0,-0.9367186642946308,-0.23318537865136257,-6.137175094284395,0.0,-1,0.02058998808104895
1712.55,1.8628122562904537,0.8554485139779073,21.228078857426453,-10.667662847880592,-1,-0.006539955037809131
1701.35,2.1740100285587687,0.3888820954154075,10.589705428828545,0.0,-1,2.938842683763987e-05
1701.4,2.1526080789797106,0.1224933819454499,10.618881144835846,0.0,-1,-0.0009110144586812474
1699.85,1.8333564309418762,-0.06558608869746152,9.111567934076817,0.0,-1,0.0009412595228992515
1701.45,1.6542842376777571,-0.08155276065386019,10.245349277935013,0.0,-1,-0.0005583472920156485
1700.5,1.3477244545724716,-0.12937084791971531,9.163066767212115,0.0,-1,0.00047044986768596253
1701.3,1.1488008584722138,-0.10943148133999103,9.838145986270796,0.0,-1,0.00340915770293293
1707.1,1.43693898888273,0.05956888302350838,14.557873132776905,0.0,-1,-0.0019331029230859054
1703.8,1.1862631383476128,-0.06370232250386954,10.093369965942344,0.0,-1,0.0012618851977932444
1705.95,1.141236618218045,-0.03624294754447921,11.995920286495057,0.0,-1,0.0019930244145489606
1709.35,1.306953639968242,0.04315802473523922,14.933448858521032,0.0,-1,-0.0017258022055166578
1706.4,1.035066014179165,-0.07624320035127918,10.430387663550732,0.0,-1,0.002988748241912642
1711.5,1.2378667001030408,0.04218582852419894,15.081913764996074,0.0,-1,-0.0023955594507740763
1707.4,0.8944448180563995,-0.1004120178408141,8.8974592682724,0.0,-1,-0.00014642145952914465
1707.15,0.6273634755284547,-0.12249778678958634,8.520699747041846,0.0,-1,-0.0018451805640981034
1704.0,0.17904251463710352,-0.19027291589364587,3.710583400161596,0.0,-1,-0.003550469483568075
1697.95,-0.5642048420284027,-0.3111734241863841,-4.304716212974846,0.0,-1,-0.0013840219087724037
1695.6,-1.0846447835253912,-0.2772044552277908,-7.069707200265974,0.0,-1,0.0007961783439491832
1696.95,-1.1419776889799778,-0.11151245356079253,-4.947472278889322,0.0,-1,-0.0008839388314328955
1695.45,-1.2004793342923676,-0.05667136629106073,-6.92502394146576,0.0,-1,2.9490695685474577e-05
1695.5,-1.12552354575746,0.006094807414615655,-6.832630176052824,0.0,-1,0.005013270421704519
1704.0,-0.285918689343589,0.28189988794282894,6.5028030170470075,0.0,-1,0.004019953051643155
1710.85,0.7285436296417629,0.432120735642727,14.05505299601819,0.0,-1,-0.0030394248472980223
1705.65,0.7417294866645534,0.1484355308885058,5.872588326948446,0.0,-1,0.0004690294022806629
1706.45,0.7531782912872131,0.053294778503721885,6.815567486672691,0.0,-1,-0.002197544610155533
1702.7,0.3836378359912942,-0.10541522559739902,1.1253518871934958,0.0,-1,-0.011687320138603408
1682.8,-1.4914355446560421,-0.6601628687482451,-17.856369632745455,6.208616085715448,-1,-0.0016638935108153063
1680.0,-2.5380192729248847,-0.5689155323390294,-19.61977715118638,4.4697920112039355,-1,-0.00154761904761902
1677.4,-3.066476197649081,-0.365790819021075,-21.247236545134317,2.6873042882129994,-1,-0.0043817813282461815
1670.05,-3.687664976873748,-0.3289931994152475,-25.388466629163418,4.375506988998495,-1,-0.002185563306487781
1666.4,-3.995120618413239,-0.21214961365157947,-27.200391454168386,2.553989557014347,-1,-0.0008401344215075435
1665.0,-3.932588387648593,-0.04987246096231113,-27.89398435250547,0.0,-1,0.001291291291291241
1667.15,-3.3944399066288042,0.1627586733524926,-24.050095806130013,0.0,-1,0.002249347689170067
1670.9,-2.5299956738999754,0.3424009686937737,-17.5864601641551,0.0,-1,0.0018552875695732052
1674.0,-1.6286072513771614,0.4145964637388624,-12.569915027498965,0.0,-1,0.011768219832736015
1693.7,0.5994708974990317,0.8808915375383519,8.94608788690853,0.0,-1,-0.008324969002775018
1679.6,0.48855406381221655,0.25665823461717896,-3.7121537101847792,0.0,-1,-0.001667063586568207
1676.8,0.1590494749843856,-0.024282118070217323,-5.8061533689702784,0.0,-1,-0.0008051049618320594
1675.45,-0.13145694234481198,-0.104929511799805,-6.851848427698663,0.0,-1,-0.006863827628398322
1663.95,-1.224088739147419,-0.3991871028674706,-14.74700628243216,0.0,-1,0.0028246041046906534
1668.65,-1.276730575953252,-0.15060964655776798,-9.779816983244402,0.0,-1,-0.0003895364516226518
1668.0,-1.2508239463600148,-0.041567672321510374,-10.248434208057944,0.0,-1,-0.007134292565947331
1656.1,-2.1253019693665465,-0.30534856510934727,-17.864778932949143,0.0,-1,-0.0026568443934543717
1651.7,-2.752099150089407,-0.3107152486107361,-20.2097110447284,0.0,-1,-0.0018465823091360356
1648.65,-3.0903228112765646,-0.21631296993263138,-21.794900834854815,0.0,-1,0.00039426197191638757
1649.3,-2.9477410742638313,-0.02457707763996586,-20.90152716548993,0.0,-1,0.0012126356636148472
1651.3,-2.4641384495689636,0.15300851568496743,-18.008344329954884,0.0,-1,-0.001604796221159055
1648.65,-2.2378255997573433,0.12644045516552938,-19.821327573289054,0.0,-1,0.002213932611530467
1652.3,-1.6340170415383,0.2434163377948575,-14.249102858570133,0.0,-1,-0.0026326938207347217
1647.95,-1.558444675634064,0.10632956789969783,-17.666156062616913,0.0,-1,-0.00646257471403866
1637.3,-2.2782881030457247,-0.20450461983732104,-24.338332366346936,0.0,-1,-0.00045807121480490043
1636.55,-2.510852474831154,-0.1456896638742502,-24.74609540527967,0.0,-1,0.0003055207601356802
1637.05,-2.376230287821272,-0.0036891589547893844,-23.876542966329694,0.0,-1,-0.001343880761125238
1634.85,-2.294233336997877,0.026102597289535456,-25.282346631575376,0.0,-1,-0.002171453038505078
1631.3,-2.357882083503,-0.012515383071862729,-27.45736013901189,0.0,-1,0.0010421136516889362
1633.0,-2.051549616463717,0.09793902798914011,-23.99299708420834,0.0,-1,0.004255970606246162
1639.95,-1.1482542482387998,0.3337447987380191,-11.498504212925262,0.0,-1,-3.0488734412581486e-05
1639.9,-0.6050853767731041,0.2923045567345717,-11.5504036312268,0.0,-1,-0.005183242880663408
1631.4,-0.9914104929757741,-0.031340186489366095,-19.35357464499315,0.0,-1,-0.0009501042049774311
1629.85,-1.2311221766624385,-0.09035062339201017,-20.56397426017071,0.0,-1,-0.0010737184403473155
1628.1,-1.3942178371171394,-0.08448209461557044,-21.95357581433418,0.0,-1,-0.003101775075241009
1623.05,-1.780414180918342,-0.1568928128055911,-25.640692448619525,0.0,-1,-0.001139829333661857
1621.2,-1.979311171075551,-0.11859660098760005,-26.87798634842166,0.0,-1,-0.00801875154206766
1608.2,-2.9971504018978976,-0.3788119439366491,-33.443899149193,5.433843341829061,-1,-0.00767939311030974
1595.85,-4.285474150484333,-0.5557118975076949,-37.26202977722894,9.545413656463097,-1,-0.003885076918256569
1589.65,-5.08917984557047,-0.45313919753127774,-38.71387345384468,7.553189856048903,-1,-0.005001100871261044
1581.7,-5.7294343726493935,-0.364464574870067,-40.290564304873556,6.913981909521453,-1,0.006259088322690731
1591.6,-4.74710877180155,0.2059536753259259,-25.66472925954348,0.0,-1,-0.003518471977883797
1586.0,-4.327020240393949,0.2086807355778424,-27.913360637386788,0.0,-1,0.00255359394703647
1590.05,-3.4188909546573996,0.3722700071047975,-22.528029076143657,0.0,-1,-0.01292412188295966
1569.5,-4.392418732234319,-0.20041925682404038,-30.231526454560516,0.0,-1,0.002134437719018667
1572.85,-4.233981060003316,-0.013993861531012897,-26.353442429667474,0.0,-1,0.001621260768668531
1575.4,-3.5894304688874854,0.21018557652827274,-23.35460842624744,0.0,-1,0.003364224958740669
1580.7,-2.5263693009221697,0.42441558149786296,-17.25448998085036,0.0,-1,-0.0005377364458785117
1579.85,-1.855141275196047,0.36521453574132856,-17.73265157413794,0.0,-1,0.002278697344684666
1583.45,-1.0649321560667886,0.38514121829019565,-13.377539166702483,0.0,-1,-0.0010736051027819826
1581.75,-0.7227499168300255,0.24244115250898624,-14.572745004487267,0.0,-1,0.008945787893156476
1595.9,0.6877370291908846,0.5509760328432989,0.39842278676282206,0.0,-1,-0.00416692775236549
1589.25,0.7815024164356146,0.21491380669600968,-5.044274002338099,0.0,-1,-0.0010067641969482288
1587.65,0.6299265753550571,0.02111265520515071,-6.3057452591156675,0.0,-1,0.00525934557364649
1596.0,1.1974781068686298,0.19622139557290774,1.5737307815235937,0.0,-1,0.0011904761904761862
1597.9,1.5397973637195719,0.17951355080794995,3.228548241702768,0.0,-1,0.0015019713373802812
1600.3,1.7826405451685332,0.14078557741897035,5.3690723683653445,0.0,-1,0.0010310566768731988
1601.95,1.8930087571288823,0.08371792979310655,6.876657634560978,0.0,-1,-0.001342114298199082
1599.8,1.6112754666817182,-0.06600512021801919,4.22476663835657,0.0,-1,-0.0005000625078134258
1599.0,1.2694691992346634,-0.13593712922169132,3.199265248063064,0.0,-1,-0.002188868042526604
1595.5,0.7011102989081337,-0.23476534318274034,-1.2797601718624847,0.0,-1,-0.003697900344719618
1589.6,-0.13316167616403618,-0.3563457727516368,-7.916188620014424,0.0,-1,-0.001761449421238015
1586.8,-0.7725341906864287,-0.3319060957580098,-10.736381612751856,0.0,-1,-0.003056465843206402
1581.95,-1.432009265390434,-0.3304603901540051,-15.221883278460716,0.0,-1,3.1606561522234955e-05
1582.0,-1.638246030626533,-0.1788990517967013,-15.136645553867865,0.0,-1,0.011757269279393023
1600.6,-0.05484391069239791,0.46816768937914466,7.708435208311272,0.0,-1,0.0016556291390728006
1603.25,0.9622608084989679,0.4950908028568369,9.932997551484412,0.0,-1,-0.008857009200062382
1589.05,0.20729143405310424,-0.08662619052967563,-4.360328426843452,0.0,-1,0.0006293068185394546
1590.05,-0.10413420600752943,-0.1326839435301031,-3.3644901623777983,0.0,-1,0.0008175843526931903
1591.35,-0.14283584220379453,-0.057128526575456084,-1.9888100532626822,0.0,-1,-0.004430200772928661
1584.3,-0.7377836734517587,-0.2173587859411401,-8.4439107167509,0.0,-1,-0.003345326011487737
1579.0,-1.4154422829547002,-0.29833913181469396,-12.639712837067385,0.0,-1,0.014566181127295685
1602.0,0.28034860254001615,0.46581725122667417,7.870688105954194,0.0,-1,0.0010611735330836591
1603.7,1.2465483284090624,0.47733899236524013,8.973910554951068,0.0,-1,0.005767911704184003
1612.95,2.3966024973096864,0.5424643870886214,14.581310296969875,-0.3576471879646306,-1,0.002231935273877106
1616.55,3.071912706983994,0.40592486558764307,16.557885672773835,-0.5397113615808848,-1,0.0006186013423650216
1617.55,3.236908419572501,0.19030685939205005,17.124141882011983,0.0,-1,0.002349231863002732
1621.35,3.366330574235917,0.10657633801848876,19.31769577510292,0.0,-1,0.00027754648903699497
1621.8,3.188014103714522,-0.023913377500968558,19.58471925337024,0.0,-1,0.0017264767542237713
1624.6,3.0665213598108494,-0.048468707134880606,21.31088178357416,0.0,-1,-0.00018466083959123303
1624.3,2.725231541208359,-0.12991950857912382,20.832315597859477,0.0,-1,0.0003693898910299698
1624.9,2.377484003472773,-0.15922234877157004,21.260910201033468,0.0,-1,-0.00043079574127646847
1624.2,1.9471532343156923,-0.1965177059762171,19.92890550177073,0.0,-1,-0.00024627508927477226
1623.8,1.536391746877598,-0.20242639780477045,19.10873008813772,0.0,-1,0.003294740731617285
1629.15,1.648811690918592,-0.03000215125459227,23.69392094381955,0.0,-1,0.0005217444679741501
1630.0,1.6384540220294639,-0.013453273381240027,24.365608499968275,0.0,-1,0.002822085889570447
1634.6,1.880070685748933,0.07605446344607647,27.777535966999366,0.0,-1,-0.005872996451731227
1625.0,1.044206460462874,-0.25326992061332754,9.434013763687133,0.0,-1,-0.0023384615384615115
1621.2,0.22259047611464666,-0.3582953016538517,3.848396440129939,0.0,-1,0.007957068837897818
1634.1,0.8682332775977102,0.09578249994307064,15.926863828334064,0.0,-1,-0.00015298941313257597
1633.85,1.0978685718725956,0.10847259807265197,15.557414702624556,0.0,-1,0.002478807724087373
1637.9,1.4586971713540606,0.15643373251803894,18.71332164662705,0.0,-1,-0.0005494840954881619
1637.0,1.442553373482042,0.046763311548673414,17.193130159804355,0.0,-1,-0.014905314599877872
1612.6,-0.7190646399108118,-0.7049515672813935,-9.67867921787743,0.0,-1,0.0017983380875605803
1615.5,-1.498284926614815,-0.4947239513284656,-6.684996152017305,0.0,-1,-0.007582791705354364
1603.25,-2.7838713260823624,-0.5934367835986709,-14.939643540853417,4.300435217007589,-1,0.004179011383128151
1609.95,-2.6363419153090035,-0.14863579094177082,-8.199409846495229,0.0,-1,-0.009845026243051058
1594.1,-3.663715383646604,-0.392003086426457,-17.159084890705195,6.238398552481385,-1,-0.0006586788783639053
1593.05,-3.959592502511441,-0.22929340176376467,-17.669171823296907,2.1721451423663893,-1,-0.0018517937290104536
1590.1,-4.023398353401262,-0.09769975088452876,-19.164282075158894,0.0,-1,0.005188352933777729
1598.35,-3.032518082729439,0.2977268399290982,-10.474338796847867,0.0,-1,0.006663121343885914
1609.0,-1.3968681071660285,0.644458938497503,-1.240152505200939,0.0,-1,0.004070851460534541
1615.55,0.08319588954600476,0.7081743117365121,3.6013688737587373,0.0,-1,0.002383089350376011
1619.4,1.1371282304398846,0.5873688842101307,6.298164518364935,0.0,-1,-0.00018525379770295558
1619.1,1.544333715016819,0.3315247895956883,6.01627746457595,0.0,-1,0.006021863998517674
1628.85,2.4317419810538468,0.4063110185442387,12.751218747752958,0.0,-1,-0.0023636307824538294
1625.0,2.351967615651347,0.10884555104724614,8.80083804473982,0.0,-1,-0.00043076923076923457
1624.3,2.057749798312443,-0.06179075543055257,8.062412580680991,0.0,-1,-0.0007695622729790852
1623.05,1.6349950731168974,-0.1615151602086995,6.650853470019257,0.0,-1,0.001139829333661968
1624.9,1.4415347877593376,-0.11832514852208642,8.317254460505765,0.0,-1,-0.0019078097113669479
1621.8,0.9663434127674009,-0.19783884117134098,4.422124845078699,0.0,-1,-0.0005241090146750338
1620.95,0.5773857742074142,-0.19559882657710925,3.336783398725686,0.0,-1,-0.0009562293716647297
1619.4,0.20562480707690156,-0.189119931235874,1.2652853171649525,0.0,-1,0.0034580708904532464
1625.0,0.4692755895885057,0.02484361709191002,7.838627938848688,0.0,-1,0.010492307692307579
1642.05,1.9828280150452429,0.5127986808495493,21.048795485267974,0.0,-1,0.008434578727809727
1655.9,3.7285352265198526,0.7528352974413863,27.431207017386498,-5.851967095750069,-1,0.002475994927229941
1660.0,4.632344230047238,0.5522147669895903,28.957071354939558,-2.639010030415875,-1,-0.005361445783132579
1651.1,3.9565533793070244,-0.04119202791687426,17.88683722144738,0.0,-1,0.0012718793531585337
1653.2,3.463945172328067,-0.17793341163194398,19.02540323259224,0.0,-1,-0.0007258649891120905
1652.0,2.828978971144579,-0.270966537605144,17.505781330301048,0.0,-1,-0.001210653753026647
1650.0,2.1090809562906543,-0.33028818415302297,14.861428851965783,0.0,-1,-0.0029393939393939084
1645.15,1.1692085358395161,-0.42338686820138705,8.669061011022052,0.0,-1,-0.00434610825760573
1638.0,0.006004947627388901,-0.5288634854711715,0.7349343170337548,0.0,-1,-0.005525030525030505
1628.95,-1.3302639254475253,-0.6217107861820286,-7.372444252799731,0.0,-1,-0.0018416771539948584
1625.95,-2.137543034864393,-0.4763299651996322,-9.741942192445222,0.0,-1,-0.005504474307328033
1617.0,-3.1088873366675216,-0.48255808900092045,-16.005655196719168,0.0,-1,-0.0022572665429808625
1613.35,-3.639652209513315,-0.33777432061557144,-18.244506342742202,0.0,-1,0.0035330213530853083
1619.05,-3.126730295143716,0.05838253125134241,-11.245560400504871,0.0,-1,-0.00531175689447505
1610.45,-3.3263751466968188,-0.047087440100586964,-16.931033967681422,0.0,-1,0.0015834083641217411
1613.0,-2.9364996435820103,0.11426268767140701,-13.845199323913178,0.0,-1,-0.009733415995040295
1597.3,-3.80518692172609,-0.25147486349089077,-22.514221609613553,0.0,-1,-0.004570212233143356
1590.0,-4.530764983987638,-0.32568430858414654,-25.543748042475286,0.0,-1,-0.003270440251572304
1584.8,-4.949323599786112,-0.248080974794207,-27.506068983688635,0.0,-1,0.008076728924785392
1597.6,-3.6794926077029686,0.34058333909631244,-13.557989698876668,0.0,-1,0.001502253380070151
1600.0,-2.5379527276863882,0.4940410730376308,-11.261191194712282,0.0,-1,0.010375000000000023
1616.6,-0.3723533937040884,0.886546802339977,2.054289277560109,0.0,-1,-0.009835457132252756
1600.7,-0.5835242772375295,0.2251253062688453,-7.7248949381250185,0.0,-1,-0.0029362154057600565
1596.0,-1.0321493625676794,-0.07449992635376823,-10.18178709862822,0.0,-1,6.265664160398643e-05
1596.1,-1.1621161250188834,-0.06815556293499081,-10.099215662946676,0.0,-1,0.005106196353612091
1604.25,-0.4510898291594003,0.21429024430816412,-3.457388174290813,0.0,-1,-0.0028050490883591017
1599.75,-0.4329858621333642,0.07746473711140012,-6.41262249966649,0.0,-1,-0.0029692139396780837
1595.0,-0.7836850567757665,-0.09107815251033402,-9.433591816547164,0.0,-1,-0.001912225705329118
1591.95,-1.1478942326989454,-0.15176244281117102,-11.345006421979917,0.0,-1,-0.009705078677094137
1576.5,-2.521840967935532,-0.508569726015919,-19.447537399021293,0.6763970474714824,-1,-0.0003805899143671798
1575.9,-3.0486609215593035,-0.34512989321323007,-19.721399008845726,0.0,-1,0.0010152928485309687
1577.5,-2.92468248824116,-0.07371715329836226,-17.91757837303679,0.0,-1,-0.00671949286846274
1566.9,-3.5023030642287267,-0.2171125764286428,-23.05007022962852,0.5658783363260227,-1,0.0020103388856977933
1570.05,-3.2367547635367373,0.016145241421115397,-19.384947114154127,0.0,-1,0.004394764497946069
1576.95,-2.2592510495626357,0.3312163184650725,-11.834156951511112,0.0,-1,-0.0049145502393861396
1569.2,-2.2280616051120887,0.12080192097187314,-16.397737887696366,0.0,-1,-0.00012745347948006636
1569.0,-2.0434617491273457,0.10180059231887206,-16.512552911817053,0.0,-1,-0.0007010834926703957
1567.9,-1.872540008707574,0.09090744424621455,-17.1975004737647,0.0,-1,0.0008291345111295367
1569.2,-1.5227008044387276,0.14691554950502028,-15.439876717444427,0.0,-1,-0.0005098139179199324
1568.4,-1.2875561352677778,0.12735340622532343,-16.04710738914801,0.0,-1,0.0019446569752614717
1571.45,-0.8085207894100677,0.20212958402767778,-11.471786146088732,0.0,-1,-0.0009227146902542893
1570.0,-0.6224597173638813,0.12939688535795468,-12.831865378321169,0.0,-1,-0.0019426751592356295
1566.95,-0.7317242048936805,0.006710799276051782,-15.664665568328275,0.0,-1,0.0020740929831839505
1570.2,-0.45454609825083025,0.09462963530630064,-10.229698938029621,0.0,-1,-0.010731117055152284
1553.35,-1.6822448700750101,-0.3776897121726266,-23.070006542779364,0.0,-1,0.0028325876331800615
1557.75,-1.7892405168142886,-0.16156178630396845,-16.81140351033421,0.0,-1,0.0030171722034986193
1562.45,-1.301968297115991,0.10857014446477642,-10.646237255873068,0.0,-1,-0.0034881116195718542
1557.0,-1.4040014958404754,0.0021789819134305777,-14.827896799734411,0.0,-1,0.0019267822736031004
1560.0,-1.0880179705493447,0.1060541690681871,-10.871852297026948,0.0,-1,0.012820512820512775
1580.0,0.8273086229753517,0.6737935875309611,8.078049049869463,0.0,-1,-0.0031645569620253333
1575.0,1.2993628678229925,0.381949277459534,3.455511723993652,0.0,-1,-0.001206349206349211
1573.1,1.2687764179283931,0.11712094252164484,1.717522006897596,0.0,-1,-0.001176021867649757
1571.25,0.9935851581535644,-0.05269010575106137,-0.03981231222742565,0.0,-1,-0.0023548130469371875
1567.55,0.46485743175344396,-0.19380594405039397,-3.547442494534593,0.0,-1,-0.00022327836432645132
1567.2,0.13258878257397555,-0.17535819774328748,-3.8877175919118443,0.0,-1,-0.0001595201633486365
1566.95,-0.06542794056349521,-0.12445830696025276,-4.15424942090209,0.0,-1,0.0029356392992756497
1571.55,0.22434935958131064,0.05510633106151769,1.5688649107529287,0.0,-1,0.0007635773599312667
1572.75,0.45054222968860813,0.0937664003896051,3.008331700571574,0.0,-1,-0.002988396121443415
1568.05,0.1344268122682024,-0.07411633901026687,-3.0627830264848157,0.0,-1,0.0015305634386659772
1570.45,0.16516686920249413,-0.014458760691991729,0.17496320231964546,0.0,-1,0.0007641121971408982
1571.65,0.2667729919028261,0.02904912066944676,1.8085793087142648,0.0,-1,0.0045493589539655765
1578.8,0.8911783039277452,0.2178181442314553,10.403493346113812,0.0,-1,0.00266024828984035
1583.0,1.4791161012794873,0.2685853138610659,14.5321384394924,0.0,-1,-0.0027795325331649856
1578.6,1.283158658182174,0.02420929025458407,7.547584795755789,0.0,-1,-0.004434308881287263
1571.6,0.49491671511827917,-0.25467755093643696,-1.6943586582740977,0.0,-1,-0.00015907355561206593
1571.35,0.038719350659903284,-0.23695830513160432,-2.000255218138605,0.0,-1,-0.0017500875043752195
1568.6,-0.42177261079109485,-0.23248342219420084,-5.4484348490376675,0.0,-1,-0.0009881422924901129
1567.05,-0.746037540617408,-0.18558278400683803,-7.366479212822661,0.0,-1,0.0018825181072716912
1570.0,-0.6001668771457389,-0.013237373511722939,-2.579516156136883,0.0,-1,3.184713375792292e-05
1570.05,-0.4730509723144678,0.03795951043984935,-2.497018426542148,0.0,-1,0.007483838094328288
1581.8,0.6090945611274492,0.3733683479605888,12.759769873638582,-0.10571308420594505,-1,-0.004836262485775622
1574.15,0.46190944775457865,0.07539441152923942,1.8574131170486368,0.0,-1,-0.0005717371279738703
1573.25,0.27482443708845494,-0.03723019971229474,0.705984987319141,0.0,-1,-0.0011759097409820285
1571.4,0.004213228664639246,-0.10261380271203682,-1.741320213091221,0.0,-1,0.00047728140511638095
1572.15,-0.06894347793604538,-0.058590169770907155,-0.6403572833245406,0.0,-1,0.002671500810991212
1576.35,0.2502234585917904,0.08685892225230954,5.280416377349809,0.0,-1,-0.0008564087924635144
1575.0,0.276454971972953,0.03769681187782403,3.0646254984403,0.0,-1,0.008539682539682625
1588.45,1.3873661476659436,0.3828693291902716,17.48984686271436,-3.2425381008802105,-1,0.007554534294437865
1600.45,2.8272078898735344,0.6075703571326208,25.081824115092047,-8.891905622767808,-1,0.007966509419225831
1613.2,4.374028103487717,0.7181301902489348,30.466916116034014,-12.505080041463543,-1,0.00027894867344402385
1613.65,4.820435868337654,0.3881793183662907,30.631066689306024,-6.039766259780208,-1,0.0005577417655624473
1614.55,4.71693676173436,0.09489340392099876,30.986149099344402,-1.1356062001798364,-1,0.002818122696726544
1619.1,4.651275811621645,0.009744151269427626,32.76137066228169,0.0,-1,-0.0003088135383855217
1618.6,4.18917235226354,-0.1507864360295592,31.828538793311324,0.0,-1,-0.0021314716421597657
1615.15,3.3215229265624657,-0.33947862057687805,25.319874538463196,0.0,-1,-0.003188558338234948
1610.0,2.181737969831829,-0.49308785910250474,16.54130039236051,0.0,-1,0.003726708074534235
1616.0,1.9300339939802598,-0.2482639449846915,20.92758681873275,0.0,-1,-0.004300742574257499
1609.05,1.064179173222783,-0.37137292191405624,10.688012758886543,0.0,-1,-0.00012429694540261327
1608.85,0.5259034984089794,-0.30321619890928664,10.409161763817679,0.0,-1,-0.0040401529042484174
1602.35,-0.3287262971987275,-0.3859486648389978,1.8122480210674894,0.0,-1,0.0022467001591413016
1605.95,-0.42864733690248613,-0.16195656818091886,5.692530490796756,0.0,-1,0.004701267162738443
1613.5,0.1862794213207053,0.1509900633474242,12.692888375441022,0.0,-1,-0.004524325999380241
1606.2,-0.13011381801106836,-0.05513439199478315,3.5957097616684734,0.0,-1,-0.006101357240692273
1596.4,-1.0941342861758585,-0.3397182867198578,-5.940733180797139,0.0,-1,0.0013781007266349121
1598.6,-1.301633329743936,-0.18240577676264502,-3.5634599165143754,0.0,-1,-0.005379707243838294
1590.0,-2.0135800740490595,-0.29811750702258943,-10.799146343272284,0.0,-1,-0.0009119496855346521
1588.55,-2.322588440030813,-0.2023752910014478,-11.910997182725183,0.0,-1,-0.00031475244720025053
1588.05,-2.3252102530193497,-0.06833236799666143,-12.320461509454674,0.0,-1,-0.00821762538962878
1575.0,-3.2202536384286304,-0.3211252511353142,-21.27549193902868,5.9611985327026105,-1,-0.0005396825396825067
1574.15,-3.4702541945973735,-0.19037526910135227,-21.761198155159818,1.5230102690943568,-1,-0.0003811580853160246
1573.55,-3.3560666231319374,-0.02539589921197205,-22.13080104919336,0.0,-1,-0.0019065171109911017
1570.55,-3.2693006188051186,0.020456701704949065,-24.019910963345282,0.0,-1,0.001719142975390886
1573.25,-2.7284758984078508,0.18709380736740577,-19.32099650956876,0.0,-1,0.012426505641188523
1592.8,-0.601523880008699,0.7713486085888526,4.114170590153407,0.0,-1,0.0006592164741334727
1593.85,0.5995791191915032,0.6574838692630184,5.021588606262448,0.0,-1,0.009505285942842834
1609.0,2.412665692192377,0.8235234807546306,15.848780844277016,0.0,-1,-0.0051274083281541705
1600.75,2.4306535043435815,0.28050376430194524,7.477222387445359,0.0,-1,-0.000468530376386056
1600.0,2.1745929517237528,0.008147737227372165,6.748474063371454,0.0,-1,0.010000000000000009
1616.0,3.1986799294370485,0.3440782383135561,16.74333404667364,0.0,-1,0.0005878712871287828
1616.95,3.5233334241738703,0.22291057768345945,17.242728952311424,0.0,-1,-0.0004019914035685579
1616.3,3.337882386194451,0.012486513234680086,16.48375273549108,0.0,-1,-0.00018560910722020818
1616.0,2.9420000016887116,-0.12779862375701967,16.101141968002153,0.0,-1,0.0024752475247524774
1620.0,2.83222547596165,-0.07919104982802727,18.76425589431186,0.0,-1,-0.0017901234567901936
1617.1,2.299652756767955,-0.2039212563405739,14.671524229916216,0.0,-1,0.0024426442396883186
1621.05,2.170895334107172,-0.11089289300045246,17.590801851395966,0.0,-1,0.001788963943123445
1623.95,2.1672753449345237,-0.038170960724366765,19.637467424032877,0.0,-1,-0.0023091843960713065
1620.2,1.6723590716035233,-0.1776957446851224,13.84460073828231,0.0,-1,-0.002530551783730517
1616.1,0.9438710123042711,-0.3020612679947916,7.984898516344984,0.0,-1,-0.002567910401583995
1611.95,0.15513773162956568,-0.36359818288983237,2.559582858388822,0.0,-1,-0.0036601631564254777
1606.05,-0.7438237196770388,-0.4208532113988124,-4.208373986237227,0.0,-1,0.006631175866255834
1616.7,-0.24381913535717104,0.026383790973685095,6.918060278778647,0.0,-1,0.000804107131811671
1618.0,0.13483475141583767,0.13501255924889796,8.084900425569721,0.0,-1,-0.003028430160692319
1613.1,-0.09540786781553834,-0.03174335332749269,2.167556304920282,0.0,-1,-0.007501084867646113
1601.0,-1.2109118551134088,-0.38241578020845446,-9.228755558091287,0.0,-1,0.0004372267332917179
1601.7,-1.6094211941694994,-0.26030837308818167,-8.408572890696362,0.0,-1,-0.0041830555035274886
1595.0,-2.2328907641833666,-0.29459264770068305,-13.747459306136804,0.5240065183259048,-1,0.003260188087774285
1600.2,-1.925217985508425,0.004360043658086177,-7.394143154492724,0.0,-1,0.0013435820522433861
1602.35,-1.431780097378578,0.16593264392931117,-4.881359742197226,0.0,-1,-0.002808375198926627
1597.85,-1.4407461451987729,0.05232219870303867,-9.050684031862936,0.0,-1,-0.0056325687642769795
1588.85,-2.075166990342268,-0.1940328821468189,-16.02706551671809,1.0830784614136064,-1,0.003304276678100404
1594.1,-1.7819468303853228,0.03306242593670872,-9.461206260743808,0.0,-1,-0.006335863496643834
1584.0,-2.328507847874789,-0.1711661971842524,-16.567700153894563,0.0,-1,0.0017045454545454586
1586.7,-2.1827460359634188,-0.008468128424294008,-13.273093909103594,0.0,-1,-0.002331883783954103
1583.0,-2.236302960344119,-0.02067501760166479,-15.846843348860105,0.0,-1,0.0006632975363234372
1584.05,-1.9892228425055691,0.0754683667456284,-14.42330238335827,0.0,-1,0.00397714718601061
1590.35,-1.1749142133776331,0.2965923319578547,-6.307850629568669,0.0,-1,0.00031439620209394725
1590.85,-0.6281837143656048,0.28110761032329434,-5.6892251019377085,0.0,-1,-0.0005343055599207336
1590.0,-0.37330315532904024,0.17866272311995302,-6.59007886319263,0.0,-1,0.0027672955974842317
1594.4,0.15191238713327948,0.23462608852742428,-0.665609425812761,0.0,-1,0.004703963873557537
1601.9,1.0268607927700941,0.369858164721413,7.717995591250528,0.0,-1,0.008084150071789642
1614.85,2.457929929524198,0.600309100491839,17.906325104126694,0.0,-1,-0.001702944545933005
1612.1,2.739470337107605,0.29394983602508207,14.253215537461955,0.0,-1,0.0023571738725887137
1615.9,2.9686180128071555,0.17436583724154442,16.980505321800408,0.0,-1,-0.0028467108113127138
1611.3,2.452473682923028,-0.11392616421419444,10.746758781191645,0.0,-1,0.0016756656116179158
1614.0,2.215028711070545,-0.11712371202222593,12.992959193294936,0.0,-1,-0.0013630731102850513
1611.8,1.7283871658885346,-0.2012550857347455,9.890219840772652,0.0,-1,-0.0009926789924307178
1610.2,1.2077007961399886,-0.24064715182776375,7.597699419664359,0.0,-1,0.0013973419450998836
1612.45,1.0342158782541446,-0.13804402323786924,9.990676504252214,0.0,-1,-0.001209339824490674
1610.5,0.6987887627901728,-0.1578237129006137,6.898532112090926,0.0,-1,-0.0002173238124805188
1610.15,0.443676141492233,-0.13764544473285112,6.319601514887651,0.0,-1,-0.002732664658572248
1605.75,-0.08751984761443055,-0.22294714461317158,-0.6887174840303132,0.0,-1,0.002615600186828715
1609.95,0.004175478466777349,-0.04375060617732123,5.2211931049601645,0.0,-1,-0.0013665020652815496
1607.75,-0.13365814836470236,-0.06052807766960032,1.712116859268889,0.0,-1,0.0026434458093609337
1612.0,0.16272988391665422,0.07861998487058544,7.5079801666194115,0.0,-1,0.0004962779156327812
1612.8,0.36402974306406577,0.09330661467266571,8.548566385825787,0.0,-1,0.0040922619047620845
1619.4,0.9843438607158532,0.2378735774414844,16.14778908282352,0.0,-1,0.002037791774731401
1622.7,1.4874722644822214,0.2470006604026176,19.27690776802828,0.0,-1,-0.0025266531090158972
1618.6,1.2734137776583339,0.010980724526243435,11.437296925208884,0.0,-1,-0.005992833312739254
1608.9,0.25193338610847604,-0.33683322234120483,-2.64859241414446,0.0,-1,-0.0025794020759525305
1604.75,-0.6256345918422994,-0.40480040009732676,-7.30221705798251,0.0,-1,-0.003957002648387498
1598.4,-1.5414490314976774,-0.44020494658423504,-13.41506827124661,2.3569287903571876,-1,-0.015703203203203286
1573.3,-3.9625688320336394,-0.9537749157067323,-27.538390333953984,16.091338569393884,-1,-0.012426110722684736
1553.75,-6.472081329632374,-1.1544291377684894,-33.163363745219826,20.87002616365612,-1,-0.0011263073209976104
1552.0,-7.333330800962358,-0.6718928696994908,-33.57252931002455,11.54619999076499,-1,-0.005186855670103019
1543.95,-7.823677969880464,-0.3874133462058653,-35.387551961086174,8.430173618085746,-1,-0.0025583730043071684
1540.0,-7.746045056849425,-0.10326014439160858,-36.21776527944642,2.1771872314654956,-1,-0.003214285714285725
1535.05,-7.474224845596609,0.05618668895373613,-37.22814859731621,0.0,-1,0.006481873554607276
1545.0,-5.886296002837071,0.5480385105710912,-24.955327498214093,0.0,-1,0.001100323624595445
1546.7,-4.460140247887466,0.658064755173565,-23.00536675997093,0.0,-1,0.0050106678735371
1554.45,-2.729550683088746,0.7962181066574283,-14.505184213242735,0.0,-1,0.000997137251117719
1556.0,-1.5076266770986422,0.6727140375491776,-12.878281383418802,0.0,-1,0.01661311053984571
1581.85,1.383137548987861,1.1878260878785605,7.148757897024659,0.0,-1,-0.0045832411417011665
1574.6,2.1090915329489235,0.6379266906132077,1.9886414190997357,0.0,-1,0.00044455734789794477
1575.3,2.354644230517124,0.2944931293938029,2.44924535742188,0.0,-1,0.0031105186313717947
1580.2,2.689533560091377,0.2097941529893519,5.750984756701996,0.0,-1,0.0012656625743576733
1582.2,2.7995170948709074,0.10659256258962735,7.101860012617948,0.0,-1,0.0017380862090758953
1584.95,2.8503824376880402,0.05248596846892006,9.013527558538968,0.0,-1,-0.00015773368245053376
1584.7,2.6174499059559366,-0.060148854421061326,8.749079867389632,0.0,-1,0.011137754780084386
1602.35,3.7536961479270303,0.3586991291833441,19.47813474065903,0.0,-1,-0.0007176958841700332
1601.2,3.913177923251851,0.17272696816938815,18.19407540448536,0.0,-1,0.007088433674743877
1612.55,4.61265398397677,0.2907343429647691,23.55393604489045,0.0,-1,-0.004030882763325194
1606.05,4.036337515674404,-0.09519404177919899,16.43052295641577,0.0,-1,0.0008405715886803389
1607.4,3.524317821883642,-0.2024045785233204,17.164369865886172,0.0,-1,-0.004728132387706974
1599.8,2.3412814898313172,-0.46181363685854837,9.08503342013006,0.0,-1,-0.0030003750468807766
1595.0,1.1546565329858822,-0.5494795312346612,4.485606972835576,0.0,-1,0.004075235109717967
1601.5,1.006789343480932,-0.23244890691320386,9.25762567478516,0.0,-1,-0.010302841086481385
1585.0,-0.5260433632281547,-0.5884272045407636,-4.266661054420254,0.0,-1,0.0002523659305995185
1585.4,-1.2152894363136966,-0.4258910925421018,-3.935091169690608,0.0,-1,0.007285227702787944
1596.95,-0.4961383531638148,0.09775333020259336,4.904882708651492,0.0,-1,-0.0024734650427377103
1593.0,-0.4243846154918174,0.056502355958196915,1.685860886659519,0.0,-1,0.0003452605147520327
1593.55,-0.30730902869822785,0.057859314250595484,2.1201597867994266,0.0,-1,-0.0022277305387342627
1590.0,-0.5189954829099861,-0.051275713320387606,-1.036379243220189,0.0,-1,0.002452830188679256
1593.9,-0.25658908643981704,0.0703768943832605,2.476834182615697,0.0,-1,-0.0064307673003325405
1583.65,-0.9581701310014523,-0.21040138339279169,-6.306480710525548,0.0,-1,-0.003915006472389737
1577.45,-1.7457798090322285,-0.3326703538078559,-10.724593779647755,0.0,-1,0.0041522710703985055
1584.0,-1.4482696639615824,-0.011720069579070014,-4.281708354623689,0.0,-1,-0.005744949494949414
1574.9,-1.9371587860962336,-0.16686973057124033,-10.715851477471574,0.0,-1,-0.0022541113721507022
1571.35,-2.31600678165546,-0.18190590871015555,-12.974487515208658,0.0,-1,-0.0011455118210456083
1569.55,-2.4624302142972283,-0.10944311378397442,-14.136169423342373,0.0,-1,-0.0007645503488261651
1568.35,-2.4304394127598243,-0.025817437415523337,-14.950744606608595,0.0,-1,0.003506870277680374
1573.85,-1.7535740609278037,0.21701597147216578,-8.216908056404861,0.0,-1,0.0013025383613434194
1575.9,-1.098176879934499,0.29080438415515686,-5.820182268819018,0.0,-1,-0.003775620280474623
1569.95,-1.1747968827767181,0.07139479377097935,-10.998314997580309,0.0,-1,-0.0070384407146724115
1558.9,-2.0360404772995935,-0.26328293358396526,-18.59396819557534,0.0,-1,0.0026300596574506674
1563.0,-1.9553255681196333,-0.060856008134668294,-13.495890556245996,0.0,-1,-0.002335252719129932
1559.35,-2.0561909828527405,-0.0539071409559253,-15.995774800563659,0.0,-1,0.017090454355981777
1586.0,0.28555889168478643,0.7626142445272006,7.574580400863475,0.0,-1,-0.011506935687263575
1567.75,-0.08819607868667845,0.12961975805191192,-4.728147244355178,0.0,-1,-0.0020411417636740925
1564.55,-0.5343905573151915,-0.10552490685886706,-6.537526741506703,0.0,-1,0.0014381131954874782
1566.8,-0.5254552501864964,-0.03219653324339067,-4.825639585330613,0.0,-1,-0.00025529742149599244
1566.4,-0.5105329924399484,-0.005758091832280932,-5.094220734939519,0.0,-1,0.0034473953013278713
1571.8,-0.010527447529966594,0.16474915102590032,-0.5831403780116986,0.0,-1,-0.006107647283369322
1562.2,-0.5596473877808421,-0.1281235964083251,-7.462955857429002,0.0,-1,0.0029125592113685705
1566.75,-0.4084034089244142,0.007706794149367591,-3.53777544238136,0.0,-1,0.0020743577469284347
1570.0,-0.027914468752669563,0.12939857810703742,-0.7846044193810826,0.0,-1,-0.0003184713375796733
1569.5,0.12298954039601995,0.09343419575190899,-1.2134658290137281,0.0,-1,0.0016247212488054164
1572.05,0.400692416603988,0.12371235731995905,1.19641401562248,0.0,-1,-0.0001908336248847009
1571.75,0.48115281999093895,0.06805758690230335,0.8834271294859164,0.0,-1,0.0032766025131223397
1576.9,0.9104536200184157,0.1657861289765934,6.012716558059402,0.0,-1,0.00038049337307377584
1577.5,1.0992328850306876,0.11818846466295507,6.599430075185566,0.0,-1,-0.009255150554675073
1562.9,-0.11464688954902158,-0.36523043663891813,-8.401945081514526,0.0,-1,0.0013756478341544476
1565.05,-0.5328662027100108,-0.2611499165999692,-5.974484366202773,0.0,-1,-0.00015973930545354342
1564.8,-0.7184036757312242,-0.1488957965403942,-6.209643805388168,0.0,-1,0.00031952965235171327
1565.3,-0.7096387725976001,-0.04671029780225666,-5.550270097778856,0.0,-1,-0.0011499393087587295
1563.5,-0.796119756647613,-0.04439709395075653,-7.542481368354778,0.0,-1,0.011512631915574056
1581.5,0.7269830643813293,0.492901909026062,11.586964346088614,0.0,-1,-0.000948466645589674
1580.0,1.3029525528640988,0.3562904658362772,9.747835231084487,0.0,-1,-0.003829113924050609
1573.95,0.9781912510334223,0.010509721335200228,2.6957060992010327,0.0,-1,-0.001270688395438202
1571.95,0.5676279958654504,-0.13335117794425722,0.5060611814100113,0.0,-1,0.008047329749673926
1584.6,1.3692107019592186,0.2227438427165036,11.692668345045917,-0.5960041510691099,-1,0.003092263031680087
1589.5,2.0642344965094708,0.3059225457555852,15.08872641510419,-2.1295758474500417,-1,-0.0033343818810946946
1584.2,1.7980601857423153,0.013249411662809907,8.821614805675814,0.0,-1,0.0007259184446406497
1585.35,1.6109680148799725,-0.05794758639984421,9.755824039751083,0.0,-1,-0.0008515469770081774
1584.0,1.2706745948755724,-0.1327470021347481,8.038376354558572,0.0,-1,0.010069444444444464
1599.95,2.3238050019670027,0.3067944683188939,19.533434753642567,-3.8372520511072707,-1,0.0028438388699647543
1604.5,3.035886455348873,0.3396253072335882,21.967483048618448,-3.2544843921409665,-1,-0.00564038641321285
1595.45,2.384769977427368,-0.10383039022930562,11.167541730185185,0.0,-1,0.003133912062427635
1600.45,2.277147573681077,-0.07048426465853197,14.443117665561616,0.0,-1,0.0015620606704365159
1602.95,2.241907407334338,-0.03524147700175684,16.034793217053462,0.0,-1,0.0012476995539474345
1604.95,2.2041283735497927,-0.02434017026210089,17.33456410747388,0.0,-1,-0.004143431259540864
1598.3,1.447394825528363,-0.26035790609451026,8.994099228891542,0.0,-1,-0.000875930676343506
1596.9,0.8317451493901444,-0.2920025274109097,7.332906413656723,0.0,-1,-0.0016594652138518518
1594.25,0.2337748822053527,-0.2966575981985672,4.127349028534319,0.0,-1,-0.002540379488787825
1590.2,-0.42219149157085667,-0.31754132399159224,-0.5660901935700764,0.0,-1,0.0023896365237077166
1594.0,-0.3983253874946513,-0.09789173997179562,3.626039345643605,0.0,-1,0.00025094102885825365
1594.4,-0.3198652198320815,-0.006477190769741958,4.071380262076197,0.0,-1,-0.00529979929754143
1585.95,-0.9581463676813655,-0.21491944620634207,-5.8748556625184705,0.0,-1,-0.0005674832119549889
1585.05,-1.2724414109659392,-0.17640482983030537,-6.814942758264351,0.0,-1,0.016403268035708685
1611.05,0.8431145183055833,0.6463836998137391,16.259202577931063,-0.5655044952588923,-1,0.002017317898265203
1614.3,2.101466273082451,0.6349118181968691,18.06078757579421,-0.708966131914849,-1,0.002570773709967167
1618.45,2.901353294380897,0.4782662798317716,20.310006568795288,-1.0168935733081526,-1,-0.005808026197905436
1609.05,2.2761840304981433,-0.04896766135032715,9.724796827652192,0.0,-1,-0.0028899039806096205
1604.4,1.386417396015304,-0.31291143194438886,5.160313307574384,0.0,-1,-0.007198952879581277
1592.85,-0.13650070422750105,-0.6119431773957313,-4.447703624022175,0.0,-1,0.0013497818375867165
1595.0,-0.7074180289966989,-0.39428683405497644,-2.554358687544031,0.0,-1,0.008620689655172376
1608.75,0.21190814436863548,0.17501311310345266,7.8587291540302076,0.0,-1,-0.00543900543900544
1600.0,-0.07525444764610256,-0.037383159637095126,0.7488841356371196,0.0,-1,-0.004375000000000018
1593.0,-0.7958978730162016,-0.25267552833573137,-4.248513743298439,0.0,-1,-0.005021971123666091
1585.0,-1.7565614296165677,-0.40444636164536596,-9.333644463201033,0.0,-1,0.0012618296529969264
1587.0,-1.9238464221155027,-0.1905771180481004,-7.556634727596588,0.0,-1,-0.00431632010081906
1580.15,-2.418001716521985,-0.22824413748486094,-11.899151424171436,0.0,-1,0.003069328861184051
1585.0,-2.0594125540151254,0.04344834167399947,-7.288052866443678,0.0,-1,0.03318611987381703
1637.6,2.674833073406262,1.5925646563651294,19.81152022031837,-10.241030720092795,-1,0.01193820224719122
1657.15,6.448219797666525,1.7886504602084639,24.74510374112745,-16.63968751716402,-1,-0.004163775156141636
1650.25,7.22256150999101,0.8543307241776494,20.24330575310593,-1.5333326620284424,-1,-0.0010301469474321978
1648.55,6.866185573654093,0.16598492928024378,19.103939423914525,0.0,-1,0.008916926996451524
1663.25,7.340815474347892,0.2135382766580145,23.26964913197108,0.0,-1,-0.013467608597625191
1640.85,5.099729135165717,-0.6758493541747201,9.652078174597136,0.0,-1,0.003748057409269645
1647.0,4.066708537644217,-0.5696233172320735,11.816943164213825,0.0,-1,0.008894960534304941
1661.65,4.432139194079809,-0.06806422026549352,16.565144217980702,0.0,-1,-0.0025877892456294127
1657.35,3.8871762561243486,-0.20434238607365174,13.9707947662245,0.0,-1,-0.006244909041542179
1647.0,2.428263432469521,-0.5544184032428263,7.932261491575197,0.0,-1,-0.002762598664238003
1642.45,1.1172850679363364,-0.6217989225920038,5.37884224870222,0.0,-1,0.0015525586775853029
1645.0,0.5811887966749509,-0.38596506461779645,6.570823737595198,0.0,-1,0.00024316109422506393
1645.4,0.2980415946547055,-0.22303742221268064,6.7720896471178165,0.0,-1,-0.0008508569344840566
1644.0,0.014964527423444451,-0.16870482981464724,5.7670303584227725,0.0,-1,-0.009732360097323589
1628.0,-1.4611543834776057,-0.5482745802385659,-4.468650988948838,0.0,-1,0.016769041769041815
1655.3,0.1975490263616848,0.37014294320024155,9.592031720131388,0.0,-1,0.0010270041684286024
1657.0,1.15210497908447,0.44156629864100905,10.301090326528318,0.0,-1,-0.003289076644538369
1651.55,1.0792075405220203,0.12288962002618642,6.753658544790362,0.0,-1,0.0033907541400504115
1657.15,1.419491526197362,0.15439120190050937,9.475457386027053,0.0,-1,0.0005431011073226966
1658.05,1.5463425585187451,0.09374741140729759,9.925841472099414,0.0,-1,-0.002442628388769963
1654.0,1.1434061948027647,-0.10306298410289427,6.771110643190134,0.0,-1,-0.006106408706166855
1643.9,0.004987496711237327,-0.4138272273981406,-0.45597637665022717,0.0,-1,-0.0031936249163574404
1638.65,-1.002137477060387,-0.47365073372325495,-3.8491859196825047,0.0,-1,0.001434107344460367
1641.0,-1.2263551741912124,-0.23262281028469345,-2.0753333803686687,0.0,-1,-0.0008226691042046985
1639.65,-1.3487677582406832,-0.11834513144472147,-3.0622579537648136,0.0,-1,0.002561522276095296
1643.85,-0.9475767370788617,0.09428196323903326,0.4640358570726093,0.0,-1,-0.0026158104449919284
1639.55,-1.0263498317412996,0.0051696228588651305,-3.0828031847281068,0.0,-1,0.00033545790003342013
1640.1,-0.9343738930940617,0.032381853835367624,-2.557816200390185,0.0,-1,-0.0028961648679958207
1635.35,-1.206354766012737,-0.0798663396944359,-6.669993681485671,0.0,-1,0.00403583330785473
1641.95,-0.6918156386377632,0.144890929226846,0.018445121011637866,0.0,-1,0.0013398702761959758
1644.15,-0.19356143839718243,0.21438170982247562,2.1117699061843567,0.0,-1,0.003466836967429776
1649.85,0.5466957815897331,0.3182129766031304,7.2643720330614485,0.0,-1,0.004091281025547788
1656.6,1.433766409783857,0.4017612015990848,12.564302365247059,0.0,-1,-6.0364602197271466e-05
1656.5,1.7494878563989005,0.2391608827380427,12.436842129266203,0.0,-1,0.00027165710836096757
1656.95,1.7990579250065366,0.09624365044855954,12.815614873772162,0.0,-1,0.00214249072090289
1660.5,1.9697547988930637,0.08898017477836229,15.835337735374281,0.0,-1,0.0021680216802166807
1664.1,2.190957002595269,0.10339412616018917,18.699450317622578,0.0,-1,-0.0004807403401237975
1663.3,2.052311687563588,-0.011750396290497456,17.306250755508117,0.0,-1,0.008837852461973217
1678.0,3.0369630560842324,0.3243003240767157,26.879231271957735,-5.241031565024059,-1,0.0008641239570919002
1679.45,3.3970418190040164,0.22812636233216654,27.598141488779362,-2.276340528704168,-1,-0.0022626455089463926
1675.65,2.977327715546835,-0.06386258037500481,21.155636291284537,0.0,-1,0.00044758750335693875
1676.4,2.581860020856084,-0.15311009168858547,21.67141510124098,0.0,-1,0.009335480792173723
1692.05,3.473137838439243,0.24605590863152438,29.97391875639589,-2.1181588131505578,-1,-0.0006205490381490097
1691.0,3.5418485940274422,0.10492222140657459,28.263987643810367,0.0,-1,0.0024541691306918523
1695.15,3.6268832556527286,0.06331896101062018,30.12972459175232,0.0,-1,-0.0026546323334217803
1690.65,2.992160315160845,-0.19046799316042096,22.619613196670755,0.0,-1,-0.0005027652086476708
1689.8,2.3546188186517156,-0.27600316322318363,21.2187017499827,0.0,-1,-5.917860101778416e-05
1689.7,1.831296502176201,-0.2664418265662327,21.039560506966637,0.0,-1,0.0001775463099957797
1690.0,1.4420273020903096,-0.2185703422173748,21.28036203417571,0.0,-1,0.0015976331360947338
1692.7,1.3522237602064706,-0.1027912947004046,23.48503954693365,0.0,-1,0.0036332486559933486
1698.85,1.707136675914171,0.08404054033576536,27.798428900896596,0.0,-1,-0.0028548724136915338
1694.0,1.3381650774417722,-0.09497701937887792,18.09222682124434,0.0,-1,-0.0005903187721369996
1693.0,0.9588321884186826,-0.15810330280065577,16.200088742806756,0.0,-1,0.0017720023626697223
1696.0,0.9392630615388953,-0.05922414322681435,19.065440654015973,0.0,-1,0.007959905660377409
1709.5,1.9762065763040937,0.32590645717946143,28.27430522397563,0.0,-1,-0.0008774495466510324
1708.0,2.2049944523280374,0.18489811106780163,25.49956960569949,0.0,-1,0.0002341920374708817
1708.4,2.168972185979328,0.04962528157303092,25.754231847828464,0.0,-1,0.00017560290330131956
1708.7,1.9952133706399309,-0.041377844588788903,25.96244106953131,0.0,-1,-0.0017849827354128323
1705.65,1.4878995154169843,-0.1828972332705785,19.245216533624415,0.0,-1,0.0006156010904934117
1706.7,1.1977509615207964,-0.15768192905558887,20.251461089858694,0.0,-1,-0.0025194820413663166
1702.4,0.5945307711124315,-0.25363403982131794,11.147940996729702,0.0,-1,0.001204182330827086
1704.45,0.41420977831580785,-0.14465167753931385,13.643559767904378,0.0,-1,-0.0002640147848279595
1704.0,0.25203180039102335,-0.10227655182136614,12.661849003597347,0.0,-1,-0.005663145539906211
1694.35,-0.6542265052705716,-0.3361782858276537,-4.179055611142481,0.0,-1,0.0027444152624900298
1699.0,-0.6653367826620524,-0.11576285440637823,2.63633348404192,0.0,-1,0.0017657445556209517
1702.0,-0.3654471894692506,0.061375579595474516,6.55406081839309,0.0,-1,-0.004112808460634554
1695.0,-0.7683817937506774,-0.11385300822865074,-3.4323133081599906,0.0,-1,0.001769911504424737
1698.0,-0.6558172797451789,-0.0004294980743840826,0.712117588448649,0.0,-1,0.0008539458186100912
1699.45,-0.4240502494305929,0.07711251074673398,2.6830943306439323,0.0,-1,-0.0026184942187178484
1695.0,-0.6436625468206785,-0.047499928881117204,-3.638777907962229,0.0,-1,-0.009646017699114995
1678.65,-2.062330149947229,-0.4887225106692228,-18.88257896400144,6.477107990159084,-1,0.0049444494087511615
1686.95,-1.9081364390149247,-0.11150959991230613,-8.10607772187484,0.0,-1,-0.0037049112303269016
1680.7,-2.1928615469641954,-0.13207823595385904,-12.955120214464813,0.6148392720829179,-1,-0.0038674361873028973
1674.2,-2.694152305358557,-0.21112299811607338,-17.325371911351347,2.835237369155493,-1,-0.00573408194958791
1664.6,-3.520284992442612,-0.34575189506670956,-22.625024147062767,6.136873266084649,-1,-0.004265288958308244
1657.5,-4.231660919947672,-0.35237594085725643,-25.844579704013892,6.1284022605730115,-1,0.002111613876319751
1661.0,-3.9430438070378386,-0.021252942649141016,-21.254485749106717,0.0,-1,-0.019656833232992277
1628.35,-6.1909815999963485,-0.7563969118692171,-32.3353666276978,17.114034311597834,-1,0.0009518838087636539
1629.9,-6.669868696475987,-0.4117613361162853,-30.69457087486723,5.604973728391769,-1,-0.006073992269464479
1620.0,-7.178489853342626,-0.3067941643276413,-33.086568843602855,4.844884401887157,-1,-0.0005555555555556424
1619.1,-6.909592943997495,-0.01263241832750328,-33.29563138110902,0.0,-1,0.005064542029522556
1627.3,-5.5160117439918395,0.46031626055938446,-24.03178107485415,0.0,-1,-0.003379831622933649
1621.8,-4.817886831989654,0.3861470575205237,-26.019410792886998,0.0,-1,-0.00212726600073998
1618.35,-4.354833806656188,0.28306669428466336,-27.23390582278211,0.0,-1,-0.0004943306454103791
1617.55,-3.8270711434347504,0.270276452502034,-27.527145354668146,0.0,-1,0.004018422923557141
1624.05,-2.7026005498712493,0.4649156820218452,-19.451179476068216,0.0,-1,-0.000769680736430578
1622.8,-2.0193152072668,0.38273367487543153,-20.116343219957244,0.0,-1,-0.002310820803549385
1619.05,-1.8218962686923987,0.19338420448327742,-22.138511016177524,0.0,-1,-0.006052932275099621
1609.25,-2.388028777014142,-0.12424943461282201,-26.7139394867575,0.0,-1,-0.009942519807363714
1593.25,-3.8054259664238543,-0.5138822080075114,-32.0587427006553,0.0,-1,0.0018829436686018663
1596.25,-3.947005730593446,-0.21848732405903437,-28.313902198974752,0.0,-1,-0.004761158966327228
1588.65,-4.322211801795447,-0.19789779842034516,-30.782524413987993,0.0,-1,-3.1473263462755696e-05
1588.6,-4.153797187246937,-0.009827727957278043,-30.798502406954135,0.0,-1,-0.002801208611355799
1584.15,-4.094273447702108,0.016565337195850738,-32.257293966683704,0.0,-1,0.004008458794937386
1590.5,-3.1941554572877067,0.3055611092034174,-23.414105948171386,0.0,-1,0.013612071675573878
1612.15,-0.6737501739733034,0.9419887975059402,-2.1679669476016414,0.0,-1,0.0044350711782401575
1619.3,1.238431648848291,0.951390206775845,2.8401926283141847,0.0,-1,-0.00043228555548702197
1618.6,2.0329865895218973,0.581981715816484,2.2940874135113276,0.0,-1,0.0064561967132090725
1629.05,3.1316818440652696,0.5602256567866188,9.275501767154616,0.0,-1,0.0030692735029618223
1634.05,3.8367226509981265,0.42175548790649176,12.215179824072877,0.0,-1,-0.0018665279520210243
1631.0,3.615349500214734,0.0667941123743665,9.313274400731444,0.0,-1,-0.006744328632740659
1620.0,2.2867171331383815,-0.4206127515673286,-0.027235862452492654,0.0,-1,0.0024691358024691024
1624.0,1.7651745218386168,-0.3140517876223643,2.9654458534623345,0.0,-1,0.004495073891625623
1631.3,1.9656386727021982,-0.03786254558626112,8.053692115655643,0.0,-1,-0.00024520321216203733
1630.9,1.868734192075408,-0.044922342071017196,7.673831283717924,0.0,-1,0.007143295113127612
1642.55,2.6353874357557743,0.2405769672031166,15.070138725297795,0.0,-1,-0.0014307022617271459
1640.2,2.603265104616412,0.06948487868791808,12.617676251752165,0.0,-1,-0.0028045360321913293
1635.6,1.986931846995276,-0.1822827929777393,7.873630939044752,0.0,-1,0.0004585473220837244
1636.35,1.5756875642684918,-0.19784235856817456,8.44398779856428,0.0,-1,-0.0023222415742353286
1632.55,0.9220914592160625,-0.283812821206868,4.30483939029763,0.0,-1,-0.005880371198431877
1622.95,-0.2815475482448164,-0.49581727622258237,-4.70066617725643,0.0,-1,-0.0010166671801350446
1621.3,-0.9974047562882333,-0.40389149475533315,-6.091230348453408,0.0,-1,0.006352926663788283
1631.6,-0.41388296395257385,0.05987676586010876,3.755089407377774,0.0,-1,0.0063741113017896645
1642.0,0.779034845877959,0.41759819189688063,11.364032941650748,0.0,-1,-3.0450669914694473e-05
1641.95,1.3064075136367137,0.31499028655187844,11.310145580102684,0.0,-1,-0.0032583208989311885
1636.6,1.0153932213797816,0.007991998098315412,5.514271531208614,0.0,-1,0.0008248808505439964
1637.95,0.8977699734696216,-0.03654374993728149,6.662911179426942,0.0,-1,-0.005586251106566187
1628.8,0.001644185058921721,-0.31088984611599385,-2.5615036846324557,0.0,-1,0.0034688113948919685
1634.45,0.024277608765260084,-0.09608547413655184,2.7193947513595376,0.0,-1,-0.003946281623787851
1628.0,-0.5039288134453273,-0.2080972987823797,-3.2397704580327726,0.0,-1,0.0011977886977887486
1629.95,-0.5635379567634118,-0.08923548070015475,-1.2921760382717267,0.0,-1,0.004079879750912507
1636.6,0.007785634640868011,0.16069603690137504,4.952091519827832,0.0,-1,0.004521569106684664
1644.0,0.9094652941232653,0.3541252321279241,10.845654316286357,0.0,-1,0.01514598540145995
1668.9,3.3595163493541804,0.934725429119613,23.706644656010837,-12.839415506986143,-1,-0.00850859847803942
1654.7,3.1212488478565774,0.23215264254067014,11.00871766261298,0.0,-1,-0.0004230374085937294
1654.0,2.683677693119762,-0.06847283739871513,10.438413649804744,0.0,-1,-0.03004836759371221
1604.3,-1.9004143586753344,-1.5508549630646038,-15.214225337872584,4.78611894282426,-1,-0.0021816368509630646
1600.8,-4.325759188016491,-1.32539993080192,-16.33237670222151,2.263810041163424,-1,-0.001842828585707168
1597.85,-5.42378500368568,-0.807808582157036,-17.316256788631307,0.0,-1,-0.00641486998153773
1587.6,-6.37498249454643,-0.5863353576725956,-20.629822739973502,2.016295068547606,-1,0.006960191484001177
1598.65,-5.398499365431235,0.13004925714753313,-12.981397508334034,0.0,-1,-0.0014074375254120586
1596.4,-4.647882853754481,0.29355525627476187,-13.86665539163836,0.0,-1,-0.0008769731896768329
1595.0,-4.001917693436553,0.31317347219756364,-14.454333420617047,0.0,-1,-0.00018808777429468737
1594.7,-3.370441972157778,0.314883064492113,-14.591450054432435,0.0,-1,-0.0017558161409668704
1591.9,-3.0071672805054277,0.22605258538148787,-15.95343120635254,0.0,-1,0.001884540486211339
1594.9,-2.324932661303592,0.30276240152777456,-13.065572046095738,0.0,-1,-0.0006269985579032689
1593.9,-1.8734042965941171,0.2514302554124166,-13.65498503529625,0.0,-1,0.0001254783863477993
1594.1,-1.4748564228564192,0.21665937638337152,-13.430042898283887,0.0,-1,0.0011605294523555632
1595.95,-0.9985111174162284,0.23100156060785415,-11.207045096942984,0.0,-1,-0.0005952567436323664
1595.0,-0.7562958715782315,0.1577389354819504,-11.967559751708905,0.0,-1,0.006426332288401282
1605.25,0.28200307397241886,0.39867929367753374,-0.17518090134687014,0.0,-1,0.002211493536832254
1608.8,1.0734856239166675,0.39672061454059415,3.2485093771502136,0.0,-1,0.006588761810044863
1619.4,2.2631030968957475,0.5287793625065582,11.878502957367111,0.0,-1,0.00030875632950477794
1619.9,2.7109865753106988,0.3255542803071698,12.243782307315513,0.0,-1,0.0025927526390516764
1624.1,3.0590127665757336,0.22452682385740141,15.343201984805276,0.0,-1,-0.008281509759251127
1610.65,1.8572747983268982,-0.325737048130478,0.5715608841010393,0.0,-1,0.002079905628162404
1614.0,1.3807995810084321,-0.26740408848298136,3.4818162469447103,0.0,-1,0.0074349442379182396
1626.0,2.0274953405985343,0.12643055703570694,12.313342302663877,0.0,-1,-0.004735547355473546
1618.3,1.5402186086769234,-0.12028205829530125,4.884371225654483,0.0,-1,0.003089661990978154
1623.3,1.5848953586598782,-0.025201769437448895,8.457714790655771,0.0,-1,0.0004312203536007697
1624.0,1.5334924537628467,-0.02553489144482679,8.963313058127362,0.0,-1,-0.0030788177339901024
1619.0,0.9633332968342074,-0.19856468279115536,3.7695618028267788,0.0,-1,-0.0029030265596047267
1614.3,0.20630927696720391,-0.31852956755271966,-0.7604438302274232,0.0,-1,0.002292015114910617
1618.0,0.11893816061956386,-0.1353002279667866,2.7234833700040113,0.0,-1,0.025988875154511648
1660.05,3.5695077557275,1.10508978904705,24.673655692708024,-14.840257793010778,-1,-0.002469805126351532
1655.95,4.655666906970737,0.7304163134300956,21.097455130267008,-3.8334472162573547,-1,-0.013677949213442453
1633.3,2.923274240344881,-0.33399211773192006,4.945404442132727,0.0,-1,-0.005204187840568197
1624.8,1.1051383870033078,-0.7173759903578312,0.19088451187327138,0.0,-1,0.00012309207287053425
1625.0,0.12064226141569634,-0.5672907053151476,0.3033116892837171,0.0,-1,0.0021230769230768942
1628.45,-0.09415932316301223,-0.26069742996461875,2.3641457591300963,0.0,-1,-0.0033467407657589154
1623.0,-0.6478801718553768,-0.2714727595523278,-1.1886580196790675,0.0,-1,0.0006161429451632117
1624.0,-0.7874172485469444,-0.13700327874796514,-0.49025556637678847,0.0,-1,0.00040024630541868333
1624.65,-0.7374010161804563,-0.028995682127158973,0.0024096863770779464,0.0,-1,0.0002462068753268376
1625.05,-0.6176094819822993,0.030265284023666017,0.3337769669606985,0.0,-1,-0.007415156456724414
1613.0,-1.510412924718139,-0.28751271957072455,-8.80502626422772,0.0,-1,0.0
1613.0,-1.830946902359301,-0.2026822324039621,-8.805026264227713,0.0,-1,-0.0009299442033477989
1611.5,-1.9636349826500918,-0.11179010423158431,-9.923282034259238,0.0,-1,0.0013962147067949626
1613.75,-1.678842774241275,0.05766736805907757,-7.329555176516784,0.0,-1,-0.008303640588691041
1600.35,-2.5132097721834725,-0.25889987662770686,-16.830169193429164,0.0,-1,0.0075608460649234654
1612.45,-1.7126257901391,0.18056136847222182,-4.627062369183484,0.0,-1,0.0005581568420724992
1613.35,-1.0946149832720948,0.26619072511307573,-3.8149512932375202,0.0,-1,0.0017045278457867852
1616.1,-0.4652249978992131,0.2985269034953192,-1.2292788639389585,0.0,-1,-0.0028463585174184347
1611.5,-0.49509458872125833,0.08955243755775799,-5.2274806964148155,0.0,-1,0.004405833074774934
1618.6,0.12289516492774055,0.235847397068919,1.5800262601504116,0.0,-1,-0.003799579883850157
1612.45,-0.09085122199167017,0.007367003383169424,-3.8901444592396857,0.0,-1,0.0020465750875995337
1615.75,0.08484651971480162,0.061021581696547075,-0.6853645405415563,0.0,-1,-0.005415441745319494
1607.0,-0.5635418194083286,-0.19578891914219437,-8.03733176097893,0.0,-1,0.007249533291848298
1618.65,0.1300591626475125,0.16593735430454892,2.449774700825891,0.0,-1,-0.005189509776665768
1610.25,-0.23397860987847707,-0.06603347274048021,-4.18287317780451,0.0,-1,-0.004595559695699469
1602.85,-1.0131659453184056,-0.28174026939346963,-9.229480196269087,0.0,-1,-0.0006862775680818167
1601.75,-1.4099957842615822,-0.22619003611221533,-9.95794150186061,0.0,-1,-0.00012486343062279026
1601.55,-1.507577721711641,-0.1079239911874248,-10.101956142084404,0.0,-1,-0.004027348506134731
1595.1,-1.9682372136271624,-0.18952782770098198,-14.656891346938217,1.0157258446640753,-1,-0.009811297097360616
1579.45,-3.3387138584494096,-0.5200014908410764,-22.974763208475085,10.180293971483707,-1,0.0002215961252334253
1579.8,-3.716559359323128,-0.29928233057159837,-22.550476970974177,4.388392310454947,-1,-0.006836308393467494
1569.0,-4.49576882981637,-0.3594972670216139,-27.11285330092086,7.612312024704579,-1,0.003473550031867445
1574.45,-4.056559495911642,0.02657068896103798,-20.539057731334626,0.0,-1,-0.008415637206643622
1561.2,-4.603074870966566,-0.17331489536462819,-26.053569560069157,3.4494987184868933,-1,0.004227517294388861
1567.8,-3.9427429859135827,0.16233899656278528,-18.914276815451103,0.0,-1,0.0082280903176426
1580.7,-2.2090151278941903,0.6320222848607258,-7.244275242221292,0.0,-1,-0.0061997849054216125
1570.9,-1.974733271560126,0.28876804706492987,-12.591472236661943,0.0,-1,0.0008912088611623403
1572.3,-1.576364570762962,0.22904558262069785,-11.373129080162478,0.0,-1,-0.002607644851491342
1568.2,-1.5874831728008303,0.0726423268609433,-13.673965603640227,0.0,-1,0.0023912766228797455
1571.95,-1.148252209419752,0.17062443008067385,-10.039518624393715,0.0,-1,-0.0004771144120360171
1571.2,-0.8954490436108244,0.14114253196320048,-10.540037651627472,0.0,-1,-0.0001272912423625483
1571.0,-0.7110933737387768,0.10849940061174934,-10.685940574846818,0.0,-1,-0.005601527689369834
1562.2,-1.292991090991336,-0.15779943888026993,-16.7046230238591,0.0,-1,0.0032646268083471597
1567.3,-1.0511906920351066,0.028000320025319825,-10.718827069218719,0.0,-1,0.003764435653671905
1573.2,-0.3510246015539451,0.24272213683549382,-4.4394180245860895,0.0,-1,0.002097635392829922
1576.5,0.30331049381607045,0.2990190774018365,-1.1518399206663048,0.0,-1,0.003013003488740784
1581.25,1.0010355003498717,0.3322480279785459,3.3534173708463584,0.0,-1,-0.0014861660079050765
1578.9,1.0706450452541958,0.13395252429429005,0.8895426082525688,0.0,-1,-0.000886693267464711
1577.5,0.8995627306019287,-0.012376596785992344,-0.6199317400394122,0.0,-1,-0.0025356576862123337
1573.5,0.40572467905872145,-0.16873821610973327,-4.86960705956416,0.0,-1,0.0026056561804892464
1577.6,0.46666193003215994,-0.035933655045431556,0.02828977887597972,0.0,-1,0.0017431541582149102
1580.35,0.6874087280164076,0.06160438097960541,3.1452935823022443,0.0,-1,6.327712215647985e-05
1580.45,0.748831399673918,0.041009017545705295,3.2630807550945917,0.0,-1,-0.002467651618210054
1576.55,0.3921401188631535,-0.10522742108835309,-1.9691527961952957,0.0,-1,-0.0015540261964416269
1574.1,-0.023050531447552203,-0.17347269046635297,-5.051190852021641,0.0,-1,0.0034305317324185847
1579.5,0.22127502101784557,0.02361762066634826,2.425019834789957,0.0,-1,-0.0029756251978474424
1574.8,-0.0666684545010412,-0.08810861828417951,-3.6608723738569893,0.0,-1,0.0007620015240030753
1576.0,-0.10508448771884105,-0.04217488383399312,-1.950021092297753,0.0,-1,-0.0013007614213197405
1573.95,-0.28636879701775797,-0.07448639771097001,-4.691972723958287,0.0,-1,-0.00038120651863160493
1573.35,-0.4031468852490434,-0.0637548286474185,-5.517461236322312,0.0,-1,-0.0007309244605459009
1572.2,-0.5237736889273492,-0.061460544108574766,-7.178949502314133,0.0,-1,-0.002576008141457753
1568.15,-0.8779392833557722,-0.13854204617899923,-12.639485060367491,0.0,-1,0.0016261199502598522
1570.7,-0.7693604736236921,-0.00998774548230641,-7.509022141157999,0.0,-1,-0.0004456611701789681
1570.0,-0.7092910292890338,0.016693899617450603,-8.544651363035172,0.0,-1,0.0005414012738853557
1570.85,-0.5493153880142927,0.05888984696406385,-6.68075577982632,0.0,-1,0.008371263965369025
1584.0,0.6722820482907537,0.42682909442303674,13.367160975258393,0.0,-1,-0.005934343434343514
1574.6,0.4437239290857633,0.06609032507268214,-0.530225620465572,0.0,-1,-0.002191032643210855
1571.15,0.004967875392821952,-0.12422190954008641,-4.591435153875366,0.0,-1,0.01756675046940126
1598.75,2.08517585893037,0.651995357999154,18.439354291171867,-9.34484876224792,-1,-0.0030023455824862433
1593.95,2.55151519578817,0.3727782316189847,13.280603247720904,-1.3810133263882562,-1,-0.005458138586530326
1585.25,1.8470585979014231,-0.11055945542258727,4.940577486210493,0.0,-1,0.006970509383378065
1596.3,2.2617420824662986,0.10137467638076281,12.007017616043449,-0.04810104033026619,-1,-0.005042911733383448
1588.25,1.6097719845431584,-0.18353180718079254,5.022356472590985,0.0,-1,-0.0021722021092397403
1584.8,0.862139270202988,-0.3103881738403209,2.2212325573741865,0.0,-1,0.0003470469459867509
1585.35,0.4623113071827447,-0.23673871228685472,2.648235031616707,0.0,-1,-0.0005046204308196689
1584.55,0.15720471674080727,-0.18061510090959743,1.8986238096887291,0.0,-1,0.001230633302830464
1586.5,0.1540510284580705,-0.061256263064111416,3.68461636213744,0.0,-1,-0.0009454774661203924
1585.0,0.014636598611787122,-0.06689023097013161,2.0333465599949534,0.0,-1,0.0017034700315456952
1587.7,0.16870966713781854,0.029060945851966613,4.813126845292395,0.0,-1,-0.0001259683819361257
1587.5,0.21502039580605015,0.02512389150673275,4.552923543638002,0.0,-1,-0.0047244094488189115
1580.0,-0.40474260617702384,-0.1982130368254471,-4.455571443751907,0.0,-1,0.0028481012658228
1584.5,-0.30589555665392254,-0.03312199576744862,0.9448489618211013,0.0,-1,0.0037866834963711238
1590.5,0.26901926449568236,0.18059760846071882,7.228801507961691,0.0,-1,-0.004809808236403756
1582.85,-0.10344159697092437,-0.0639544176686293,-1.5615491512811914,0.0,-1,0.0006633603942256538
1583.9,-0.19355189462339695,-0.05135490510703397,-0.3813728193159136,0.0,-1,-0.0008207588862934045
1582.6,-0.3308110522309562,-0.06287135423819773,-1.8960268194412535,0.0,-1,-0.0010109945659041442
1581.0,-0.5052063766820538,-0.07908889289643178,-3.823651166239067,0.0,-1,-0.0007906388361795802
1579.75,-0.6544701741840981,-0.07611756346615872,-5.375889994180923,0.0,-1,-0.0004747586643456536
1579.0,-0.7370628917531121,-0.052903427011724236,-6.354009780800318,0.0,-1,0.0028499050031665085
1583.5,-0.34193734289169697,0.11407404061656368,0.8309311447384786,0.0,-1,0.0021471424060626187
1586.9,0.16745354344675434,0.20782164231833836,5.584866228274201,0.0,-1,-0.0005671434873023573
1586.0,0.3331945246620762,0.1245208745112201,4.0479108547262115,0.0,-1,-0.0015132408575032619
1583.6,0.18829880488124218,-0.006791615089871306,-0.0448048290237395,0.0,-1,0.0015155342258146298
1586.0,0.30015937791745273,0.035022985982113064,3.839065708999293,0.0,-1,0.002395964691046526
1589.8,0.6477430496090619,0.12753555255790738,9.384408223265147,0.0,-1,-0.0033023021763743943
1584.55,0.33005629798731206,-0.06338373302128081,0.13834286691567854,0.0,-1,0.0005364299012338147
1585.4,0.21454156401091495,-0.05963282233255929,1.4968793947314794,0.0,-1,0.014097388671628464
1607.75,2.0014057333551136,0.5757437823372131,22.994018594731557,-9.946309424021592,-1,0.0016482662105428147
1610.4,2.9488873402476656,0.5077417964099218,24.483898120222563,-7.171956768244627,-1,-0.0009314456035767193
1608.9,3.051887532006731,0.2035806627229957,21.986181296104306,-1.8501239742367943,-1,-0.001180931070918101
1607.0,2.69073033355221,-0.05252551191050836,18.741873868490615,0.0,-1,0.0010578718108276153
1608.7,2.4275908731956406,-0.10522165742235945,20.082332475214045,0.0,-1,-0.0008702679181948891
1607.3,1.9770552369177494,-0.18525243123341673,17.436149694026753,0.0,-1,-0.0006221613886642219
1606.3,1.5036994823690293,-0.21953606192737896,15.474098767379544,0.0,-1,0.000996077943099083
1607.9,1.2750466482305,-0.14939629868863613,17.17210031035539,0.0,-1,-0.0001243858448908286
1607.7,1.0377996771419475,-0.12888108992572955,16.716385576368026,0.0,-1,-0.004043042856254231
1601.2,0.2910262185025658,-0.2918848495217038,3.587970394243392,0.0,-1,0.002373220084936234
1605.0,0.21005397097428613,-0.1242856990166612,8.848110415481194,0.0,-1,-0.0029595015576323602
1600.25,-0.2437699837043965,-0.19270321789844796,0.8446227932639374,0.0,-1,0.0016872363693172243
1602.95,-0.22536779573488275,-0.05810034330964475,4.732898791878469,0.0,-1,3.1192488848752475e-05
1603.0,-0.1932193854390789,-0.008650644337946961,4.806456159680181,0.0,-1,0.0011540860885839166
1604.85,-0.00687689817118553,0.05923061430998214,7.636508433418108,0.0,-1,0.00018693335825781254
1605.15,0.11186742031031827,0.05932497759716199,8.10916327572221,0.0,-1,-0.006011899199451776
1595.5,-0.6422493721413502,-0.2315972716181689,-8.456777250886446,0.0,-1,0.0004700720777186529
1596.25,-0.9032869873553864,-0.16421162894406838,-7.052232566825978,0.0,-1,0.0036021926389977477
1602.0,-0.4793652126829784,0.08657004857611317,2.6409750655910926,0.0,-1,-0.003370786516853963
1596.6,-0.6774572242895829,-0.037173987676830444,-5.286221829665465,0.0,-1,-0.00040711511962909785
1595.95,-0.7742151280688176,-0.044643963818688404,-6.16900518365815,0.0,-1,-0.0015664651148219466
1593.45,-0.9664094859526813,-0.07894610723418405,-9.579363837943575,0.0,-1,-0.0004392983777338211
1592.75,-1.0403058743986549,-0.05094749856005254,-10.53468591041689,0.0,-1,0.005273897347355172
1601.15,-0.29056191242170826,0.2329321544722981,3.970458406921395,0.0,-1,-0.001561377759735194
1598.65,-0.09980977206487296,0.1412280982763778,0.007909175206911812,0.0,-1,-0.006036343164545155
1589.0,-0.8002828875476098,-0.186415005735453,-11.968084519538905,0.6181447251669852,-1,-0.006230333543108979
1579.1,-1.9088292046599236,-0.431653774282589,-20.123822494500548,5.938418109010854,-1,-0.002501424862263235
1575.15,-2.633199929494367,-0.38534149970567766,-22.7175144260676,5.298565756571861,-1,-0.0015554074215153868
1572.7,-2.980118631120604,-0.24408673377730494,-24.257680375429068,3.4711909151135387,-1,-0.00025433967063015483
1572.3,-2.938568096006975,-0.06751206622122519,-24.51863064148641,0.04036770250536392,-1,-0.000636010939388143
1571.3,-2.7562454871160753,0.038270180889891314,-25.21649386335744,0.0,-1,-0.002704766753643506
1567.05,-2.7895637254109715,0.0016506475316648839,-28.05465113729374,0.0,-1,-0.016336428320730012
1541.45,-4.707092534107687,-0.6386260537216835,-37.5765610408668,13.106756394453896,-1,-0.00178403451295861
1538.7,-5.502765893946844,-0.47809980452028,-38.18827062612099,6.918081258960683,-1,-0.0025671020991746563
1534.75,-5.771205416037674,-0.24884644220370333,-39.048839238652654,2.736416682105755,-1,-0.003942010099364679
1528.7,-5.928658059079908,-0.13543302841531268,-40.25689050983214,0.6890541486511665,-1,-0.003466998102963248
1523.4,-5.954996209010915,-0.05392372611543994,-41.20161693681979,0.0,-1,-0.0003938558487593946
1522.8,-5.5219155998922815,0.1263856276677311,-41.307634865162335,0.0,-1,0.001608878381928136
1525.25,-4.641048995341862,0.3357507440727172,-36.57460452787459,0.0,-1,0.004425504015735049
1532.0,-3.251361610121421,0.5751460430977193,-24.718181947373658,0.0,-1,-0.005026109660574485
1524.3,-2.9272377833344763,0.29975662329488806,-28.457582843966456,0.0,-1,0.0005576330118743922
1525.15,-2.4504060546630626,0.2588627839887674,-27.059586322731032,0.0,-1,-0.0010490771399535026
1523.55,-2.1411230191056347,0.18938193984873175,-27.883800742386388,0.0,-1,0.0045945325063174725
1530.55,-1.2247212497345572,0.36859456973993643,-16.303701411706143,0.0,-1,-0.0005226879226422065
1529.75,-0.7311269275712675,0.2873962973010753,-16.928116677599455,0.0,-1,0.00019611047556788996
1530.05,-0.3984025225252026,0.20670690078238008,-16.4153163214567,0.0,-1,0.02977026894545931
1575.6,3.596993223541631,1.4007008822830715,21.03057626347102,0.0,-1,-0.00038080731150036407
1575.0,5.244941661279881,1.0162164400071072,20.449233097872963,0.0,-1,0.000888888888888939
1576.4,5.7485040750423195,0.5065929512565148,21.06323745004714,0.0,-1,6.343567622435486e-05
1576.5,5.52957660900347,0.09588849507255492,21.110876874727452,0.0,-1,-0.0006026006977482012
1575.55,4.8801481585669535,-0.18451331845465369,19.896226211584874,0.0,-1,0.000729903843102564
1576.7,4.2445882534680095,-0.27335774118453227,20.57231415961853,0.0,-1,-0.00041225344073070325
1576.05,3.518925946463014,-0.3330066827298426,19.5907765570482,0.0,-1,-0.014625170521239794
1553.0,0.9420176307553447,-0.9699716661458373,-5.044977736849191,0.0,-1,-0.03528654217643268
1498.2,-4.99160466299486,-2.301197986632014,-26.7692317669218,0.0,-1,-0.045588038980109435
1429.9,-13.234115421287015,-3.514569581641391,-36.0828007575264,36.59332280071294,-1,0.026889992307154165
1468.35,-13.048361181992504,-1.1096051141156273,-18.82352373429366,0.0,-1,0.018728504784281785
1495.85,-9.576453963845779,0.7874340346770321,-9.364865391148278,0.0,-1,-0.0076879366246616065
1484.35,-8.000795857785533,0.7876973802457599,-11.803986207283238,0.0,-1,0.0034021625627380647
1489.4,-6.125400483273324,0.8876975849193229,-10.045405044137581,0.0,-1,0.004800590841949726
1496.55,-4.081419422411045,0.9772262152605338,-7.472758477461852,0.0,-1,0.006682035347967075
1506.55,-1.8859772734456328,1.0575561214086489,-3.8850272305110067,0.0,-1,0.004679565895589155
1513.6,-0.043591426175908055,0.9666473228927912,-1.372916987039872,0.0,-1,0.0030391120507400338
1518.2,1.2645674496402535,0.7582687329029844,0.30664153923552107,0.0,-1,0.0009221446449743098
1519.6,1.9299329334119193,0.47454473889155024,0.8500318018679565,0.0,-1,-0.0004935509344564659
1518.85,2.0392879308465126,0.19463324544204785,0.5211969409973136,0.0,-1,-0.00055963393356806
1518.0,1.8531914353266075,0.002845583307380828,0.11310959482773342,0.0,-1,0.007707509881422991
1529.7,2.5807105679559754,0.24345490531224945,5.5984328118960605,0.0,-1,0.0028763809897365267
1534.1,3.096077586941192,0.2529406414324886,7.548858753274644,0.0,-1,-0.009908089433543932
1518.9,1.8290879641886022,-0.3380163271067005,-0.754374292122499,0.0,-1,-0.0016459279741918298
1516.4,0.8348358224632193,-0.4440894896106946,-2.0194872609389947,0.0,-1,0.004352413611184325
1523.0,0.8181400997284527,-0.15359507078182044,1.625839833104493,0.0,-1,0.0024622455679579325
1526.75,1.0541138967171264,0.027459575402284386,3.6752475459830407,0.0,-1,0.0027836908465694865
1531.0,1.4384246371516838,0.13725677194561392,6.02147822137691,0.0,-1,0.01348791639451341
1551.65,3.231544620939758,0.6434589185778958,15.464516640637711,0.0,-1,0.003576837560016699
1557.2,4.321309227755364,0.5777411751311674,17.545535402312993,0.0,-1,0.005972257898792632
1566.5,5.281082428850368,0.5125047920753909,20.81934182332013,-3.1709355017767393,-1,0.00019150973507819913
1566.8,5.345878826993612,0.192433730072878,20.92446586401013,0.0,-1,-0.004052846566249602
1560.45,4.403620457149145,-0.24994154659052992,15.384680607231076,0.0,-1,0.0034925822679354734
1565.9,4.0196895674646385,-0.21129081209167921,17.784311998022133,0.0,-1,-0.0011814292100390533
1564.05,3.338583325333502,-0.2974656847409385,16.05716679459735,0.0,-1,0.009558517950193357
1579.0,3.9656482604902976,0.10986641680528564,22.376903368703097,0.0,-1,0.003039898670044394
1583.8,4.348710039694424,0.1643093986698041,24.097392397978012,0.0,-1,-0.0027781285515846577
1579.4,3.8111817593219257,-0.1244062939008983,19.677219223275344,0.0,-1,0.0002216031404329577
1579.75,3.2539858058589743,-0.22720074912128307,19.836254870547805,0.0,-1,0.00015825288811521787
1580.0,2.725055678639137,-0.25204362544703995,19.96129118687074,0.0,-1,-0.007088607594936791
1568.8,1.3001693084759154,-0.5589766652034207,7.994602600245123,0.0,-1,-0.004334523202447649
1562.0,-0.0872879856453892,-0.6488113197749085,1.9949547714213054,0.0,-1,0.0038092189500640306
1567.95,-0.27790930056880825,-0.2798108782327759,6.381975784842375,0.0,-1,0.001403105966389262
1570.15,-0.16672751631654137,-0.056209697993503005,7.960333015681499,0.0,-1,0.0013692959271405236
1572.3,0.08192400216944407,0.06414727349749415,9.549735721363852,0.0,-1,-0.0005724098454492621
1571.4,0.12442276123147167,0.03554867751984059,8.520664414338782,0.0,-1,-0.0011772941326206876
1569.55,-0.01886308934012959,-0.03591239101725356,6.298633022184305,0.0,-1,0.0
1569.55,-0.08893409051415802,-0.035327797397094,6.298633022184305,0.0,-1,6.371252906900438e-05
1569.65,-0.1082250835584091,-0.018206263480448362,6.409086695351071,0.0,-1,0.005478928423533924
1578.25,0.6078148435494768,0.2326112212091459,14.888887857532055,0.0,-1,0.0013305876762235158
1580.35,1.09018357014088,0.23832664926684977,16.64914073265679,0.0,-1,0.006644097826430828
1590.85,2.115519302591565,0.421220793905845,23.914500551429157,-1.8895597337207164,-1,-0.0024200898890529565
1587.0,2.1310605602677697,0.14558735052734995,17.889187296846387,0.0,-1,-0.00400126023944547
1580.65,1.4320761424166903,-0.18446568910790972,9.065424938669523,0.0,-1,-0.0010755069117135418
1578.95,0.821577588289756,-0.2649880810782814,6.866831580685542,0.0,-1,0.000664998891668489
1580.0,0.5353635122021387,-0.18373405238863294,7.941231577755914,0.0,-1,0.0037974683544304
1586.0,0.8476428481415041,0.04284842785024412,13.684579849080755,0.0,-1,-0.0015132408575032619
1583.6,0.7331456120994062,-0.02388293606395131,10.040638447084064,0.0,-1,0.0015155342258146298
1586.0,0.8148015264034711,0.01925765941337121,12.42924443202623,0.0,-1,0.0023329129886506816
1589.7,1.0960626896885515,0.10017294089948381,15.918936358002881,0.0,-1,-3.1452475309778904e-05
1589.65,1.141188047190326,0.04843276613375269,15.82713103605856,0.0,-1,0.000723429685779875
1590.8,1.1644850553420838,0.023909924761836843,17.001585196924466,0.0,-1,-0.0011943676137791126
1588.9,0.920759804806039,-0.07327177525806927,13.02525456124696,0.0,-1,-0.0011328592107748836
1587.1,0.5721671958042407,-0.1406214614199559,9.31954307861379,0.0,-1,-0.0012916640413331848
1585.05,0.1793569583196586,-0.1778105663015127,5.211584531803794,0.0,-1,0.004290085486262196
1591.85,0.5346720930506308,0.0591681894764865,14.318710416696561,0.0,-1,-0.0007538398718470729
1590.65,0.5677736526620265,0.03075658302929407,11.852649648675296,0.0,-1,-0.0022632257253325516
1587.05,0.2370099614126957,-0.10000236940667895,4.8434281408738755,0.0,-1,0.002614914463942686
1591.2,0.39771061900364657,0.02023276272809066,10.567083342822315,0.0,-1,-0.0026080945198593275
1587.05,0.09908506288206809,-0.09279759779782928,3.0901434601619897,0.0,-1,0.0065530386566270415
1597.45,0.8081818629143527,0.20543306741148515,15.090077240438475,-1.0559193295150635,-1,-0.006228676953895285
1587.5,0.2662151076876853,-0.11217789593839411,1.1741382829657852,0.0,-1,-0.0007244094488189079
1586.35,-0.12278619556627746,-0.16705973306411898,-0.1933306822224239,0.0,-1,0.0004097456425127266
1587.0,-0.25288799756276603,-0.09905384502020254,0.6351038150809813,0.0,-1,0.0033396345305607422
1592.3,0.14480176790243604,0.09954530681499986,7.056501744003484,0.0,-1,0.004992777742887755
1600.25,0.9940798366433228,0.3162744585186289,14.707853649190966,-2.8409369724488442,-1,-0.0019371973129197473
1597.15,1.0775455512932695,0.13324672438952523,10.07066016166526,0.0,-1,-0.0011270074820776133
1595.35,0.879482946010512,-0.021605293631077438,7.416055354846094,0.0,-1,-0.005139937944651507
1587.15,0.023828064534882287,-0.29242005836890245,-3.0793719759399636,0.0,-1,0.0014806414012538127
1589.5,-0.21015171491399087,-0.1754666126059252,-0.1597054414378789,0.0,-1,0.0011953444479395614
1591.4,-0.151295628395701,-0.0388701753625451,2.202179822203199,0.0,-1,-0.0008483096644464894
1590.05,-0.22175961610355444,-0.03644472102346619,0.33115988202868607,0.0,-1,0.0037105751391466324
1595.95,0.25315502471767104,0.14615663993258643,7.694319230720538,0.0,-1,-0.001848428835489857
1593.0,0.22368275973531127,0.03889479165007556,3.3042673343776556,0.0,-1,-0.008380414312617601
1579.65,-0.9221936027338415,-0.36899385693969244,-11.446562375336377,1.5874890290770054,-1,0.0005380938815560121
1580.5,-1.3474489837406054,-0.2647497459821522,-10.266711508047486,0.0,-1,0.000949066751028127
1582.0,-1.3227892589322892,-0.08003000705794538,-8.080026853664776,0.0,-1,-0.003160556257901348
1577.0,-1.6168936249503076,-0.12471145769198788,-13.046020020752351,0.0,-1,0.004755865567533268
1584.5,-1.004204672546848,0.16265916490382382,-2.6506968533119704,0.0,-1,0.0009466708740928365
1586.0,-0.4891764736328241,0.22589578793928267,-0.789709033753617,0.0,-1,0.0010088272383352859
1587.6,-0.05756433470628508,0.21916930895527392,1.2523996997893647,0.0,-1,-0.0016376921138825384
1585.0,-0.05362790401750317,0.07436857988135195,-2.2165015513198583,0.0,-1,0.0002523659305995185
1585.4,-0.013857363338502182,0.03804637352011765,-1.619282259590186,0.0,-1,-0.00025230225810524143
1585.0,-0.0261506460540204,0.008584363601533147,-2.226398057761074,0.0,-1,0.0019873817034701258
1588.15,0.23238193309271082,0.08903898091608814,2.940764748462122,0.0,-1,0.0034316657746433776
1593.6,0.7964497282416687,0.2177022586883487,10.46099657431457,0.0,-1,-0.013052208835341306
1572.8,-0.7212205182040634,-0.43332266258579444,-13.961075503718043,1.5290459544464738,-1,0.004514242115971623
1579.9,-0.8282872649099318,-0.18012980309722093,-5.463975883094193,0.0,-1,-0.005696563073612215
1570.9,-1.5627966995205043,-0.3048797459025978,-12.483653152472876,0.5552357474336986,-1,0.002387166592399348
1574.65,-1.487318358532093,-0.07646713497139546,-8.234227183543254,0.0,-1,0.003778617470548973
1580.6,-0.8298026581603608,0.19368285513344552,-1.9996441306964101,0.0,-1,0.0006010375806655421
1581.55,-0.35272791979446083,0.2235858644997819,-1.0304240452115039,0.0,-1,-0.0006955202175080721
1580.45,-0.17646322396194591,0.1332835201107656,-2.177212962137183,0.0,-1,0.004365845170679172
1587.35,0.5013743926178904,0.2703737122302007,5.14412380940081,0.0,-1,-0.0003149903927930353
1586.85,0.7568453348560524,0.17528155148945423,4.5280848825748095,0.0,-1,-0.0045372908592493655
1579.65,0.22151036140394353,-0.1200178073208849,-3.7404780814035234,0.0,-1,-0.003893267495964303
1573.5,-0.5771163221056668,-0.30621483027683183,-9.56039526777679,0.0,-1,0.001843025103273055
1576.4,-0.6866699703516588,-0.13858949284094124,-5.877152825292811,0.0,-1,0.008024613042374895
1589.05,0.3699423697212296,0.3060076157439824,7.008475469601038,0.0,-1,0.009880117051068282
1604.75,2.175753342281041,0.7039395294345978,17.381437091771545,-5.659109869229724,-1,0.0011216700420626502
1606.55,3.047346050037504,0.5251774123970203,18.35411165756682,-3.441318915969987,-1,-0.000342348510783963
1606.0,3.1833635664127087,0.2203983095907418,17.669033087640315,0.0,-1,-0.005136986301369828
1597.75,2.2985920273990814,-0.22145774314096167,7.98339707109924,0.0,-1,-0.0008449381943357315
1596.4,1.552156922275799,-0.3226309494214148,6.512705566626678,0.0,-1,0.003977699824605274
1602.75,1.5787596261911858,-0.09867608183534271,11.602687115170966,0.0,-1,-0.004461082514428338
1595.6,0.8646643426329774,-0.27092378846451703,3.7341498122345556,0.0,-1,0.004637753823013346
1603.0,1.0522280056343334,-0.027786708487720357,9.659556799560676,0.0,-1,-0.0016843418590143378
1600.3,0.8333241699988321,-0.08223018137440719,6.714837742320526,0.0,-1,-0.00018746485034049076
1600.0,0.6294285713479439,-0.09537526000843177,6.371329546565406,0.0,-1,0.006250000000000089
1610.0,1.3083617244101333,0.19451929768458598,14.365107766704583,0.0,-1,-0.0017080745341614412
1607.25,1.3096314905735653,0.06526302128267258,10.9526826824385,0.0,-1,0.0017109970446413936
1610.0,1.4302970827743593,0.06197620449448893,13.124900239008518,0.0,-1,-0.0062422360248446385
1599.95,0.5339384553101354,-0.278127474323245,1.4929890292998422,0.0,-1,0.001062533204162719
1601.65,0.18293093696888718,-0.20971166422149778,3.116700620785309,0.0,-1,0.0017481971716666322
1604.45,0.22551626638414746,-0.05570877826874582,5.822949267605097,0.0,-1,-0.002929352737698343
1599.75,-0.16365075777366656,-0.14829193414218664,0.3972729260876804,0.0,-1,0.0075949367088608
1611.9,0.6679032932952396,0.22775403897557323,11.222885979276029,0.0,-1,-0.0011787331720330974
1610.0,0.8696883777217863,0.14317970780070666,8.986065212756422,0.0,-1,-0.0018633540372671176
1607.0,0.6481068884581873,-0.02613392715429741,5.432940515110843,0.0,-1,-0.006782825140012494
1596.1,-0.425026096878355,-0.3664223041636132,-5.41028425396749,0.0,-1,-0.002067539627842785
1592.8,-1.2011737481402633,-0.38085665180850725,-8.16320603669071,0.0,-1,-0.003923907584128528
1586.55,-2.009983094759491,-0.39655533280924504,-12.973733115154445,2.0301802681844947,-1,0.002773313163783042
1590.95,-1.8802225101724162,-0.08893158274072333,-7.777120857488967,0.0,-1,-0.004337031333480068
1584.05,-2.2336570086979464,-0.1474553604220845,-13.084963947887886,0.9167721304274892,-1,-0.0022095262144502525
1580.55,-2.515902840569197,-0.1432337307644449,-15.527386944628084,0.9581865006393855,-1,-9.490367277209533e-05
1580.4,-2.459867186457359,-0.02906602555086879,-15.63565649677789,0.0,-1,0.0029106555302453874
1585.0,-1.8435270938632584,0.19575802234774375,-9.290513544090324,0.0,-1,-0.003154574132492094
1580.0,-1.798396456411183,0.08029621993327307,-13.546589823891075,0.0,-1,0.0
1580.0,-1.6259647663173382,0.08424263667570586,-13.546589823891075,0.0,-1,0.0
1580.0,-1.4042518574108271,0.1019851818607389,-13.546589823891075,0.0,-1,-0.009810126582278533
1564.5,-2.468041081506499,-0.32060134741164426,-24.765356545322092,1.6096994364704642,-1,0.005816554809843444
1573.6,-2.0359322700956,0.03716915466641835,-12.26510230902884,0.0,-1,-0.004702592780884474
1566.2,-2.2668835085487444,-0.06459402792890856,-17.217428797483095,0.0,-1,0.004309794406844647
1572.95,-1.6309521687296638,0.1904457706300573,-9.326239591354337,0.0,-1,0.0006675355224259327
1574.0,-1.0895738180925036,0.2439413737557392,-8.146390830910264,0.0,-1,0.0040343074968234305
1580.35,-0.1989201579328892,0.37819834463845126,-1.2919692905111688,0.0,-1,0.0010440725155820285
1582.0,0.40048335197457163,0.3258672848486374,0.396255291585625,0.0,-1,0.0026548672566371057
1586.2,1.0168114942637203,0.3140651423792621,4.620627431523246,0.0,-1,-0.002332618837473266
1582.5,0.9319079408862763,0.07638719633393931,0.41780032830715896,0.0,-1,0.004423380726698234
1589.5,1.3951305024572775,0.17986991930164686,7.32103346504951,0.0,-1,0.0012268008807800879
1591.45,1.6729809080377436,0.15257344162737096,9.084272104456147,0.0,-1,0.00015708944673087366
1591.7,1.6933243684916306,0.0576389673604194,9.323659873771163,0.0,-1,0.002041842055663823
1594.95,1.8332190680109761,0.06584455562658831,12.493376836996376,0.0,-1,-0.0005956299570519796
1594.0,1.6712314954363592,-0.03204767231600947,10.95076898358743,0.0,-1,0.0031367628607277265
1599.0,1.867635084529411,0.05478530559234751,15.876582389414267,0.0,-1,-0.001094434021263302
1597.25,1.6643672886982586,-0.04949416341293489,12.796066548396745,0.0,-1,-0.000594772264830179
1596.3,1.3448694500580132,-0.12299733401772683,11.073452808398379,0.0,-1,-0.0006577710956586769
1595.25,0.9855480765663742,-0.16077290250312193,9.083047424307779,0.0,-1,-0.004043253408556713
1588.8,0.18625838343996293,-0.3200208652098444,-1.6680194296039588,0.0,-1,-0.0026749748237663296
1584.55,-0.5830746617432396,-0.36311797013101565,-7.349938488662595,0.0,-1,-0.0005995393013790151
1583.6,-0.9983182958562793,-0.25945386808135185,-8.559905022486781,0.0,-1,-0.004262440010103563
1576.85,-1.6852469215912151,-0.3154608312720959,-16.14290488731001,0.0,-1,-0.00047563179757115215
1576.1,-1.950773990992957,-0.19366263355794588,-16.890872888017384,0.0,-1,0.00190343252331715
1579.1,-1.6709730264442442,0.028712776996922207,-10.910315579303202,0.0,-1,-0.002343106833005981
1575.4,-1.7001581252995948,-0.00015744061947620125,-15.176898597645852,0.0,-1,-0.0016503745080614918
1572.8,-1.7897374976191713,-0.029912270979684186,-17.911514706386065,0.0,-1,0.004704984740590001
1580.2,-1.0687157256438695,0.2303698336652058,-4.40150410200831,0.0,-1,-0.0013922288317934628
1578.0,-0.8024785291859189,0.16553567670771885,-7.213213268958768,0.0,-1,-0.005640050697084953
1569.1,-1.3441533868581246,-0.12537972698816224,-16.498728158553135,0.0,-1,-0.0005098464087692767
1568.3,-1.5696447001225806,-0.1169570134175395,-17.209454530425774,0.0,-1,-0.002646177389529991
1564.15,-1.897419965078143,-0.148244092791034,-20.782215911056205,0.0,-1,0.0021737045679761646
1567.55,-1.619855933799272,0.043106646162612394,-14.395210980547482,0.0,-1,0.002168989824886003
1570.95,-1.0627525903432797,0.20006999653953494,-8.527231718841676,0.0,-1,-0.000795696871319862
1569.7,-0.7998048694198587,0.15433923915431869,-10.01561243576284,0.0,-1,-0.0010830094922597011
1568.0,-0.7433472698401147,0.07026561291135425,-12.07245989582038,0.0,-1,0.00430484693877542
1574.75,-0.09067286423010046,0.2409800061737895,-0.5909972180258549,0.0,-1,0.0019685664391173585
1577.85,0.5015537439273885,0.2777355381104262,3.7723106718026713,0.0,-1,3.168869030645283e-05
1577.9,0.7600375693457408,0.1787397878429262,3.843651781683853,0.0,-1,0.0013308828189364519
1580.0,1.000943017942518,0.13988174547990118,6.944450613284438,0.0,-1,0.0006329113924050667
1581.0,1.1213171574124772,0.08675196164995347,8.422334937955569,0.0,-1,0.0007273877292852671
1582.15,1.1838944640296631,0.049776422755713146,10.169301379276682,0.0,-1,-0.0007268590209525971
1581.0,1.020691912002576,-0.03780870975712469,7.485559642097783,0.0,-1,-0.0015496521189121149
1578.55,0.6498663099887381,-0.13621143725698748,1.995726592653483,0.0,-1,0.0019004782870355452
1581.55,0.6602979831495759,-0.04192658803204985,7.5157507990157555,0.0,-1,0.0031614555341279438
1586.55,1.0271556544673786,0.10831036109525094,14.974296975702629,0.0,-1,-0.001386656581891521
1584.35,0.9416548522540324,0.007603186293968278,9.838399221787789,0.0,-1,-0.005901473790513423
1575.0,0.04126654679294006,-0.2975950397223747,-6.426289180145503,0.0,-1,0.004412698412698424
1581.95,0.1668001818297853,-0.057353801561843165,3.918527774687533,0.0,-1,0.0002844590536996705
1582.4,0.2531669841957864,0.009671000268052649,4.518404771773,0.0,-1,0.0012955005055610425
1584.45,0.44608647002905855,0.06753016203377493,7.330027613088944,0.0,-1,0.000883587364700622
1585.85,0.6220390071098336,0.08116089970484996,9.241933930357447,0.0,-1,0.0004414036636504193
1586.55,0.7165120250579093,0.05854463921764186,10.231869471674507,0.0,-1,-0.00044120891242005467
1585.85,0.6457058652770229,-0.004087173521081566,8.649119427413574,0.0,-1,0.0016079704890124003
1588.4,0.7689939632803089,0.039733641494068106,12.624449717862277,0.0,-1,0.00031478217073788173
1588.9,0.8082218486749753,0.026320508962911493,13.39121265658256,0.0,-1,-0.0003461514255146403
1588.35,0.7146506373162538,-0.022416900798603367,11.84062067709025,0.0,-1,0.003179400006295907
1593.4,1.029144145193868,0.09735886902633695,19.46146165438509,-0.8999627931916621,-1,0.0025731140956444243
1597.5,1.4422955536997506,0.1701700925107399,24.12332953815644,-2.50650404432713,-1,0.0003129890453834605
1598.0,1.5703466284776368,0.09940705576287545,24.647740811484525,-0.7726015103719419,-1,0.0003128911138923218
1598.5,1.5451766134935951,0.024745680259611325,25.206040017895333,0.0,-1,0.0002189552705660347
1598.85,1.43299355487693,-0.029145792785684632,25.623558950895614,0.0,-1,-0.0011883541295305555
1596.95,1.0991525626623115,-0.12099559500010093,18.650591925956107,0.0,-1,0.0006261936817058
1597.95,0.9239693529998476,-0.09872626822085495,20.254521687188316,0.0,-1,-0.002690947776839092
1593.65,0.40104696875187074,-0.2072162174896106,6.4544810186393775,0.0,-1,-0.0013804787751389158
1591.45,-0.07716813743468265,-0.2284771078920547,0.7837086536494198,0.0,-1,0.004712683401929096
1598.95,0.3151549875915407,0.05461533904472288,14.3486031116108,0.0,-1,-0.0008130335532693378
1597.65,0.3767203011386755,0.03872688419728587,11.105027277054134,0.0,-1,0.0008449910806496153
1599.0,0.4886095994841071,0.050205394180905805,13.24286386751605,0.0,-1,0.0018136335209506527
1601.9,0.7455034486997647,0.1023664144655212,17.505798072465566,0.0,-1,0.0019352019476870375
1605.0,1.0701584192490827,0.14234046167161307,21.439918037300018,0.0,-1,-0.0010280373831775824
1603.35,1.005806036253034,0.02599602622518815,16.666503587265225,0.0,-1,-0.0011850188667477113
1601.45,0.7314793417340297,-0.08277688943127204,11.416045538952005,0.0,-1,0.004558368978113458
1608.75,1.141692715996669,0.10914549494378911,21.124427714088583,-0.4127860132616661,-1,-0.002051282051282022
1605.45,0.9766583434616223,-0.018629625863752497,13.144087770541432,0.0,-1,0.00208664237441214
1608.8,1.0919196285722137,0.0322105530822796,17.28450798750103,0.0,-1,0.00034186971655891796
1609.35,1.1043903020799917,0.014893742196685933,17.941493680613135,0.0,-1,0.0007145742069780692
1610.5,1.1144264469937752,0.008309962370156576,19.370502689754673,0.0,-1,0.005991927972679445
1620.15,1.8307423155345077,0.24154194363696302,28.362932352632214,-4.355194691760744,-1,0.0016047896799677996
1622.75,2.2530050568436764,0.22126822831537707,30.110983047644922,-3.0910180975283765,-1,0.007117547373286071
1634.3,3.238886006094617,0.4023830591887725,35.781060148666015,-7.987027779111486,-1,0.003977237961206637
1640.8,4.003585980212392,0.38902767776884906,37.9323007572643,-7.335229572893468,-1,0.0021026328620186163
1644.25,4.3398038022535275,0.24174849993666125,38.9208356515047,-4.176180330879106,-1,0.0038619431351678557
1650.6,4.6754290630863125,0.19245792025648178,40.51055499950802,-3.4029274001181875,-1,-0.0015751847812915942
1648.0,4.2369559382452735,-0.0820050681948521,34.96421345756782,0.0,-1,-0.005764563106796072
1638.5,2.8729730476377426,-0.481995986267461,18.037786051971622,0.0,-1,0.0005187671650899173
1639.35,2.0224005150307676,-0.4441895062914787,18.65851449997031,0.0,-1,0.004239485161801948
1646.3,2.007747539141519,-0.15294749406024222,23.358962923752685,0.0,-1,0.001245216546194472
1648.35,2.003942089601651,-0.052250981200036684,24.60708980958202,0.0,-1,-0.0009706676373342216
1646.75,1.7017108573650148,-0.11816073781222425,21.69425677974519,0.0,-1,-0.003825717321997879
1640.45,0.8837860031328546,-0.3120285306814614,11.234744004572029,0.0,-1,-0.0033222591362126463
1635.0,-0.05299192424422472,-0.41626881935284693,3.703858863173096,0.0,-1,0.008929663608562732
1649.6,0.6997017724208945,0.11214162577075748,16.1099333498137,0.0,-1,-0.005425557710960094
1640.65,0.27190680638500453,-0.10521778008837751,5.905839694644712,0.0,-1,0.001432359125956184
1643.0,0.23118375616832054,-0.04864694343502052,7.8058764589767335,0.0,-1,-0.001917224589166211
1639.85,-0.07094308195405574,-0.11692459385246562,4.3197821694953475,0.0,-1,-6.098118730368807e-05
1639.75,-0.22442791085245517,-0.09013647425028834,4.204476879266942,0.0,-1,-0.006342430248513553
1629.35,-1.149134666063901,-0.3382810764872447,-6.4724499609399615,0.0,-1,0.0022401571178691793
1633.0,-1.211560154830977,-0.13356885508477356,-2.4441209375902417,0.0,-1,-0.00722596448254742
1621.2,-2.125142886311778,-0.3490505288551917,-12.144059434491275,4.571058976328231,-1,0.0022205773501109416
1624.8,-2.10483901152611,-0.10958221802317447,-8.125161963573156,0.0,-1,0.0008308714918761062
1626.15,-1.8067838231729638,0.06282432344332389,-6.6000118620958546,0.0,-1,-0.014389816437598069
1602.75,-3.4571909103985945,-0.5291942545941022,-21.169407994657846,10.902987121188744,-1,0.01350803306816406
1624.4,-2.1901285448113867,0.24595603699770185,-2.909920499264963,0.0,-1,-0.0027086924402857093
1620.0,-1.7407533166167468,0.23177708839744726,-5.488720014863482,0.0,-1,-0.006172839506172867
1610.0,-2.204336259468164,-0.07726861815132313,-10.896386097263672,0.0,-1,-0.01170807453416145
1591.15,-3.823266375938374,-0.5653995782071779,-18.828170785357152,7.752510882735351,-1,-0.00260817647613365
1587.0,-4.659959236178565,-0.4673641461491229,-20.301768183562995,4.352503311367627,-1,0.009073724007561568
1601.4,-3.4899757299504017,0.23420645335968038,-9.463942875788398,0.0,-1,-0.01935806169601595
1570.4,-5.197485999340415,-0.4911012720101109,-20.38462611547477,8.354018802910787,-1,6.367804381035569e-05
1570.5,-5.609783967423709,-0.3011330800311347,-20.316727213255774,0.09373071831623747,-1,0.004552690226042655
1577.65,-4.7526176208466495,0.18534442218197533,-15.311346512913495,0.0,-1,0.004658828003676341
1585.0,-3.3154829791542397,0.5408263546247949,-10.400485079414388,0.0,-1,-0.0019873817034701258
1581.85,-2.5831254100453407,0.4243946412445645,-11.769352542724462,0.0,-1,-0.0021809906122577383
1578.4,-2.2891861746536506,0.23944462554541834,-13.312664557770852,0.0,-1,-0.003199442473390879
1573.35,-2.3722843757366263,0.052115474820814356,-15.572990927945597,0.0,-1,-0.0002542345949724245
1572.95,-2.249476444966831,0.05830780186353657,-15.758656713158743,0.0,-1,-0.0004450236816173625
1572.25,-2.0589494425012163,0.08294493477638376,-16.114000255267804,0.0,-1,-0.00015900779138178223
1572.0,-1.8129401543935728,0.10965140762800907,-16.252973948609885,0.0,-1,0.0031806615776082126
1577.0,-1.1221904974734116,0.26680035484939,-10.719148514799052,0.0,-1,0.00012682308180100854
1577.2,-0.6666331275571338,0.2407859082552226,-10.494577342448522,0.0,-1,0.001299771747400369
1579.25,-0.21246834863586628,0.23165022905883004,-8.049415873925028,0.0,-1,3.1660598385219174e-05
1579.3,0.036486403210801654,0.1602016603018327,-7.985899290762312,0.0,-1,0.004558981827391895
1586.5,0.7579232455334477,0.2938795008748263,0.6531963739124436,0.0,-1,-0.0014812480302551778
1584.15,0.859648062900078,0.1318681060804855,-1.943328174991862,0.0,-1,0.0014518827131269063
1586.45,1.0305397996751253,0.10091994761851097,0.7993442046006294,0.0,-1,-0.0012921932616848375
1584.4,0.8592740180897636,-0.023448611322283597,-1.7250076543458377,0.0,-1,0.005427922241858063
1593.0,1.4187016257897085,0.17865966545922052,8.002785922159504,0.0,-1,0.006905210295040876
1604.0,2.496856960823834,0.4189383334977821,16.860335865387455,-7.0582758203584035,-1,0.0031172069825435855
1609.0,3.2445298816055583,0.3888704180931688,20.050529778031674,-6.417738156051655,-1,-0.003729024238657508
1603.0,2.8479888518627376,-0.0025568705498839606,12.082077799525905,0.0,-1,0.0029943855271366004
1607.8,2.8123859326694856,-0.012719929914378536,15.564026570857578,0.0,-1,0.006717253389725064
1618.6,3.46021897868377,0.21170437203330206,21.993515494234714,-3.4657404264248726,-1,-0.00037069072037554385
1618.0,3.445783920133863,0.06575643782779839,21.173228659757072,0.0,-1,0.00874536464771336
1632.15,4.330584397514485,0.3168523050694736,27.801010985175637,-4.374124923826685,-1,0.006157522286554418
1642.2,5.249602603078529,0.411956836877839,31.21026925444525,-5.573850669801004,-1,0.002496650834246772
1646.3,5.613311488937143,0.258555240912151,32.433181005619176,-1.495113474535401,-1,0.007683897224078251
1658.95,6.381556641121961,0.34226679769898993,35.63769918381375,-4.288259702151663,-1,0.0036468850779107775
1665.0,6.738049497120755,0.23291988456592794,36.90691090980714,-0.9057761277151712,-1,-0.015525525525525441
1639.15,4.200625133693393,-0.7681681596204779,11.221909601402281,0.0,-1,0.001982734954091958
1642.4,2.8526941908385197,-0.7053663674917838,12.759433455244732,0.0,-1,0.0028312226010716035
1647.05,2.3285042035079186,-0.40985211827412815,14.96760282839793,0.0,-1,0.0046143104338058905
1654.65,2.5057005262169696,-0.07755193185502574,18.373173157770623,0.0,-1,-0.00039283232103470844
1654.0,2.331323643720225,-0.08397627145059028,17.74732439166617,0.0,-1,-0.002357920193470475
1650.1,1.7248582321617505,-0.23014722766968831,13.850957707644838,0.0,-1,-0.0024240955093630667
1646.1,0.9445540070355491,-0.3368171509319633,9.923447356614709,0.0,-1,0.003341230787923033
1651.6,0.9340223938863801,-0.11578292136037738,13.366100445237947,0.0,-1,-0.0009687575684184102
1650.0,0.7175880544880329,-0.1107390869195749,11.654192902265102,0.0,-1,-0.004212121212121223
1643.05,-0.029594786418556396,-0.28597397594205476,4.542388710820234,0.0,-1,0.007273059249566449
1655.0,0.5951133586629567,0.11291138971315279,12.751041702177176,0.0,-1,-0.00329305135951663
1649.55,0.403707984648463,-0.026164661433780267,7.490311431954744,0.0,-1,-0.003425176563305099
1643.9,-0.1964703677460875,-0.20878100460944363,2.4274795004193024,0.0,-1,0.0003041547539388567
1644.4,-0.43852034663132144,-0.1502769944982259,2.835883139413461,0.0,-1,-0.005442714667963977
1635.45,-1.2688353071880556,-0.32686398501832004,-4.869801124394385,0.0,-1,-0.0017120670151945516
1632.65,-1.8115898452008423,-0.28987284101036903,-7.0473346207618945,0.0,-1,-0.011882522279729302
1613.25,-3.548667960440298,-0.6756503187499416,-18.680806730516185,11.0464869318007,-1,0.005609793894312709
1622.3,-3.3673180213565956,-0.16476679322207977,-10.225933258818962,0.0,-1,-0.0028663009307772214
1617.65,-3.383533216701835,-0.06032732952243958,-12.837710040660646,0.0,-1,0.004636355206626863
1625.15,-2.4846797129825973,0.27950872473226607,-6.221568095200709,0.0,-1,-0.0008614589422515362
1623.75,-1.944862985041027,0.2731084842246121,-7.157161104011891,0.0,-1,0.0016628175519630695
1626.45,-1.2878827056501905,0.3100295878718162,-4.654258269670116,0.0,-1,-0.0027360201666205564
1622.0,-1.22290234048387,0.125003317679379,-8.020636623848766,0.0,-1,-0.01695437731196059
1594.5,-3.38017029619391,-0.6774215460102204,-22.194479586243055,7.762993003209203,-1,-0.012010034493571742
1575.35,-5.772956749366131,-1.023402666394147,-27.953882495818583,14.72503929567597,-1,0.0027612911416512453
1579.7,-6.125770246838329,-0.4587387212887819,-24.081026115323905,1.9313618450441936,-1,-0.004716085332658104
1572.25,-6.412529475004476,-0.2484993164849767,-26.319768361195866,0.38935584601313167,-1,-0.0012084592145015227
1570.35,-6.1798649661704985,-0.005278269216999476,-26.885519257831128,0.0,-1,-0.0021332823892762365
1567.0,-5.82771063123937,0.11562535523804307,-27.919009890124585,0.0,-1,-0.0016592214422462837
1564.4,-5.382657577837108,0.18689280288010135,-28.73878824518247,0.0,-1,0.013935054973152727
1586.2,-2.8949095863163166,0.8915469314669644,-8.503811785813745,0.0,-1,-0.008920690959525968
1572.05,-2.5889597916961975,0.3991655753623613,-14.99219251117509,0.0,-1,0.0037848668935467344
1578.0,-1.7244049117448412,0.4212401517712392,-10.567474461441229,0.0,-1,0.0026299112801013713
1582.15,-0.8025937291236005,0.4476837781308267,-7.532027062342991,0.0,-1,-0.007647821003065491
1570.05,-1.2831386603861574,-0.010953717710576738,-13.463998217185598,0.0,-1,-0.005159071367153878
1561.95,-2.091482904318582,-0.27309932054766706,-16.90264757104545,0.0,-1,0.0008002816991581341
1563.2,-2.217198117591579,-0.13293817794022145,-15.840120571472724,0.0,-1,0.006685005117707199
1573.65,-1.2244558810953095,0.28660135285201593,-7.375849444148372,0.0,-1,0.000222412861818011
1574.0,-0.5968801060894293,0.30472570928596543,-7.102659613083112,0.0,-1,0.0006353240152476847
1575.0,-0.15001887641233225,0.2505289796543542,-6.252372317722774,0.0,-1,-0.0021269841269840883
1571.65,-0.19325335520602493,0.06909816695355386,-8.549782116320372,0.0,-1,-0.003499506887665871
1566.15,-0.6570994816690927,-0.13158265316983797,-12.173508484404287,0.0,-1,0.003671423554576503
1571.9,-0.3550975880948499,0.05680641346813492,-6.441704322914674,0.0,-1,0.0013359628475093643
1574.0,0.0004948243670241936,0.13746627531000302,-4.406329780908699,0.0,-1,-0.006766200762388874
1563.35,-0.7092502047660219,-0.19075958460768105,-12.106447202491779,0.0,-1,6.396520292972774e-05
1563.45,-0.9966852022687362,-0.15939819403679845,-11.997209434221176,0.0,-1,0.0009913972304838037
1565.0,-0.9281789341644071,-0.030297308644156473,-10.174417018380183,0.0,-1,-0.0029712460063898716
1560.35,-1.2040775555985874,-0.10206531002611219,-13.729109492264797,0.0,-1,-0.005799980773544378
1551.3,-1.9958537366824203,-0.2979471637033151,-19.597310864368488,1.8054060533438587,-1,-0.005704892670663209
1542.45,-2.962920682500908,-0.4216713698406007,-24.1427986012569,5.651744559188501,-1,-0.002722940776038185
1538.25,-3.5495440985350797,-0.33609826195825754,-26.03234494250675,5.1513541134227125,-1,0.005363237445148661
1546.5,-2.859560465007462,0.11796179052312006,-15.57385684848289,0.0,-1,0.006142903330100147
1556.0,-1.4846052761597548,0.49763899312360915,-5.760370561241871,0.0,-1,-0.0010282776349613831
1554.4,-0.8067439087226376,0.3918334535202421,-6.965579701638873,0.0,-1,0.0015761708697887844
1556.85,-0.19641789927709397,0.3340531543219286,-4.442157853705517,0.0,-1,0.002729871214310897
1561.1,0.47927993038547356,0.33658366132816553,-0.15952277666436032,0.0,-1,-0.000288258279418252
1560.65,0.7396888510179451,0.19899752732021236,-0.6165460071744349,0.0,-1,-0.0013135552494154545
1558.6,0.6374192404159658,0.0322426389060777,-2.8069921506550557,0.0,-1,-0.0023097651738739344
1555.0,0.23316616508031984,-0.12400347880985607,-6.56611026805605,0.0,-1,0.006688102893890768
1565.4,0.8782757803223831,0.17370204547740242,4.951808341050459,0.0,-1,-0.002267790979941342
1561.85,0.8318076062498676,0.042411290468295615,1.012274109921627,0.0,-1,0.002304958862886952
1565.45,1.039256218692799,0.08328663430374228,4.673657478112538,0.0,-1,0.0019483215688780309
1568.5,1.3105425066898988,0.11819097410028068,7.653095937736644,0.0,-1,-0.005227924768887449
1560.3,0.6536404417977337,-0.17957036359729484,-1.8096162572209593,0.0,-1,-0.0018586169326411106
1557.4,0.02905270586848019,-0.26805269984218283,-4.729401252047353,0.0,-1,-0.00028894311031213427
1556.95,-0.3231622209186753,-0.2067558755431128,-5.197422418527168,0.0,-1,0.0015093612511640764
1559.3,-0.27650616590221944,-0.05336660684221897,-2.0736450529609556,0.0,-1,0.000897838773808779
1560.7,-0.11346929123556038,0.03655675594148003,-0.19335367722665353,0.0,-1,-0.0025629525213045623
1556.7,-0.35582841296582046,-0.06860078859626001,-5.315516336035991,0.0,-1,-0.007194706751461499
1545.5,-1.3806889394172686,-0.36448710501590265,-16.146826165714288,0.0,-1,-0.0014881915237786592
1543.2,-1.9697284576914171,-0.3178422077633505,-17.921062676184206,1.3404646152805526,-1,0.00048600311041990807
1543.95,-2.037604178687616,-0.1285726429198497,-16.655341642228308,0.0,-1,-0.007286505392014031
1532.7,-2.8392416909616713,-0.310070051731302,-24.557449039492134,6.096635339346221,-1,0.0005219547204280417
1533.5,-2.9367903061854577,-0.13587288898502958,-23.187053693936193,1.501548752574081,-1,-0.0006194978806651763
1532.55,-2.819998754948301,-0.0063604459159578575,-23.821922077180652,0.0,-1,0.000587256533228997
1533.45,-2.4516030830841373,0.12067840864940216,-22.026736730347263,0.0,-1,-0.0005216994359124039
1532.65,-2.1297716568949454,0.14750327827953136,-22.682828579112464,0.0,-1,-0.0018921475875118832
1529.75,-2.0330416390590926,0.0814110987051282,-25.040696495352044,0.0,-1,0.00016342539630653796
1530.0,-1.7944231602198215,0.10667652584813303,-24.425371920964466,0.0,-1,0.0007516339869282351
1531.15,-1.4297453241151743,0.15711812065092667,-21.431637095388584,0.0,-1,-0.00421252000130623
1524.7,-1.6657609623864573,-0.02629917254011871,-27.157651475174397,0.0,-1,0.00934610087230281
1538.95,-0.4574553679899509,0.3940021406187959,-1.7136696244288743,0.0,-1,0.0026641541310632455
1543.05,0.526485376540677,0.459314295049808,3.2181784318799913,0.0,-1,0.0020090081332426735
1546.15,1.2329153007610785,0.3885814064234032,6.688301478361744,0.0,-1,0.0037512531125698523
1551.95,1.9667206544745568,0.37412892004562726,12.47478506084294,0.0,-1,-0.001256483778472317
1550.0,2.007229943458242,0.13821273634310405,9.504986586485678,0.0,-1,-0.0008064516129032695
1548.75,1.756048759328678,-0.037656149262153216,7.556274075707947,0.0,-1,0.0006133979015334745
1549.7,1.5632874373200139,-0.07680582375693912,8.698447040504675,0.0,-1,-0.00022585016454801377
1549.35,1.3074661565387942,-0.11087570151271953,8.05887580000664,0.0,-1,0.0023558266369767544
1553.0,1.374766669769997,-0.01452506276050558,12.760505325446672,0.0,-1,-0.0013844172569221769
1550.85,1.1146863705714622,-0.0915351206530135,8.470588345409148,0.0,-1,0.0005158461488861121
1551.65,0.9584223567578647,-0.08259971148887035,9.611952762869123,0.0,-1,-0.0004189089034254412
1551.0,0.7462551534545128,-0.09825563826407413,8.168711767307713,0.0,-1,0.01331399097356556
1571.65,2.298816955681559,0.4847687213209908,27.44473956511473,-5.115235036915919,-1,0.005949161709031925
1581.0,3.6626964438216874,0.6162160698203731,31.689598143725632,-7.2110354253034075,-1,0.0060404807084124545
1590.55,4.835244817573312,0.5962548145239994,34.91210154013804,-8.178335485649313,-1,0.0003772280028921937
1591.15,5.068581936318196,0.2765306444229614,35.095217634288616,-1.824056449064983,-1,0.014077868208528299
1613.55,6.629535334330512,0.6124946808117588,40.0862469338732,-12.43434662489608,-1,-0.006786278702240467
1602.6,5.945050755475904,-0.02399663268094976,26.222752850249293,0.0,-1,0.0008735804317983042
1604.0,5.224054236425673,-0.24833105057706018,26.731444991633055,0.0,-1,0.004800498753117166
1611.7,5.069884790531887,-0.13416683215694825,29.42186261318976,0.0,-1,0.002357758888130501
1615.5,4.886976335040572,-0.10569176254942114,30.64876319972619,0.0,-1,0.0015475085112968134
1618.0,4.596607412708181,-0.13202022829393734,31.45692616005921,0.0,-1,-9.270704573549615e-05
1617.85,4.055872333816296,-0.224251769061941,31.230764233663876,0.0,-1,0.0005562938467720269
1618.75,3.5225154332190414,-0.2525362232197321,31.571864157953556,0.0,-1,0.0014208494208494127
1621.05,3.1539606968187854,-0.2070303198733292,32.47615325950427,0.0,-1,-0.0020665617963665506
1617.7,2.427686603883785,-0.31110147093610996,26.4082246532503,0.0,-1,0.004512579588304311
1625.0,2.470575673759413,-0.08940413368682743,29.975309373126805,0.0,-1,0.00012307692307689244
1625.2,2.302805569217071,-0.08572474607638991,30.06705574068124,0.0,-1,0.0001845926655179575
1625.5,2.0520200528444548,-0.11217008748300206,30.218112285076955,0.0,-1,0.0002153183635804634
1625.85,1.7847922902544724,-0.12646595002432814,30.410551941597845,0.0,-1,0.0006458160346896058
1626.9,1.5899457181049002,-0.1071041740579668,31.02582580841603,0.0,-1,-0.0006761325219744041
1625.8,1.2683602888548648,-0.1428965344360007,28.167997508314684,0.0,-1,0.00012301636117606485
1626.0,1.0185375501584986,-0.1309064243774556,28.32245803213638,0.0,-1,0.0030750307503075724
1631.0,1.2254147182973156,0.025323581253787086,31.88294248266004,0.0,-1,0.0012568976088289663
1633.05,1.3975687425086107,0.0658258684883608,33.144162191456815,0.0,-1,3.061755610667127e-05
1633.1,1.3713483594049194,0.013201828461556486,33.17590230682622,0.0,-1,-0.00024493294960492573
1632.7,1.2106258045694176,-0.049173575457981844,31.806616627107758,0.0,-1,0.0003368653151221146
1633.25,1.075212376770878,-0.061529001085507184,32.25297360583977,0.0,-1,0.004316546762589857
1640.3,1.5054046314739935,0.12288775120586948,36.84844354709189,-0.5192795393190863,-1,0.0021947204779615426
1643.9,1.8950503728694912,0.17084449753378905,38.533133430380715,-1.7012244684913185,-1,0.01557272340166671
1669.5,4.06528571249487,0.7803599457197228,44.301140074080564,-16.266592732867593,-1,-0.01042228212039542
1652.1,3.3616295729329977,0.025567935385950147,18.340044166146043,0.0,-1,0.007081895769021296
1663.8,3.704665705407706,0.12286802262021945,23.741079832410065,-2.1173475817909093,-1,0.00570982089193417
1673.3,4.359128296194285,0.25911020446893307,27.243494388210834,-4.664298151549929,-1,0.0035857287993785736
1679.3,4.823098900237937,0.24102693617086146,29.19119812363553,-3.3319816064679344,-1,0.004942535580301222
1687.6,5.3448259605734165,0.2542513321687805,31.61040899582933,-3.7093468212938205,-1,-0.001718416686418478
1684.7,4.9186206606934775,-0.05731798923705256,28.086070489859665,0.0,-1,-0.0067371045289963405
1673.35,3.3497996223622977,-0.542046342522744,15.740278526250748,0.0,-1,0.007021842411928159
1685.1,3.265405801333145,-0.2088133878506322,21.012109668428252,0.0,-1,0.016022787965106033
1712.1,5.201091740707625,0.575624183841283,29.188538100624967,-4.447812107850268,-1,-0.0006716897377488928
1710.95,5.639677065335945,0.3380698361565342,28.14539950907121,0.0,-1,0.002922353078699036
1715.95,5.805663305538701,0.16801869211976328,29.452950994577307,0.0,-1,2.913837815787801e-05
1716.0,5.4090178168451075,-0.07620893219127645,29.46660104521638,0.0,-1,0.006759906759906675
1727.6,5.7266102544278965,0.08046116846383722,32.46881449631864,0.0,-1,-0.011489928224125867
1707.75,3.754022285350402,-0.6307089335378855,14.529720110430603,0.0,-1,0.003249890206411976
1713.3,2.9173931103655377,-0.48911270284091657,16.77497689585266,0.0,-1,-0.00020428413004136559
1712.95,2.2267957636761366,-0.3932366831767724,16.48011022616393,0.0,-1,0.0007881140722145741
1714.3,1.8084307766916936,-0.2705338900537386,17.102690749881077,0.0,-1,0.004724960625328123
1722.4,2.1235457184752704,0.014860350576612724,20.727324336691808,0.0,-1,-0.00673478866697641
1710.8,1.1374743794940514,-0.32373699613486884,10.17702240256142,0.0,-1,0.0007014262333411292
1712.0,0.6496491783789224,-0.27052073241666597,10.848310451804522,0.0,-1,0.025029205607476568
1754.85,3.9224324796232395,1.000754189609217,26.539146066812066,-6.494046543833292,-1,0.0012251759409636076
1757.0,5.411121423609984,0.8298143778653202,27.05187508086918,-2.182101371014369,-1,-0.0023335230506544846
1752.9,5.362872443635979,0.26052179929710473,23.64174431870387,0.0,-1,0.006303839351931018
1763.95,5.812675250012717,0.23677486855794783,26.726278363858086,0.0,-1,-0.005073839961450166
1755.0,4.807353715699946,-0.2561822219182739,19.415743856668115,0.0,-1,-0.0008262108262108159
1753.55,3.783246805568524,-0.42676304401656573,18.24522152533511,0.0,-1,0.002708790738787048
1758.3,3.3517561167054737,-0.2860845776265388,20.08152426953002,0.0,-1,0.001137462321560534
1760.3,3.0233644292150075,-0.2048254217056682,20.869613370217635,0.0,-1,-0.0014770209623359287
1757.7,2.3905548830352927,-0.2792116559617943,18.271972255511784,0.0,-1,0.0074813676964213816
1770.85,2.9707705363591685,0.1003346657873605,23.691123621688234,0.0,-1,0.0025693875822345724
1775.4,3.3924808183244295,0.174014982584207,25.31223591153872,0.0,-1,0.005773346851413841
1785.65,4.17479589111349,0.3187766851244227,28.61113148378034,0.0,-1,0.0009240332651974104
1787.3,4.355553769915105,0.16651152130867874,29.110400361944343,0.0,-1,-0.004587925921781477
1779.1,3.3996365618229447,-0.26313522892782704,20.077767818631756,0.0,-1,0.028638075431397958
1830.05,6.884208244291813,1.0738121511803467,33.267388651692514,-14.017342831894666,-1,0.011802956203382564
1851.65,9.852810065168569,1.3474713240190344,36.144340416149376,-18.372899581923548,-1,0.001566170712607562
1854.55,10.757710136842888,0.7507904652311179,36.4908370612324,-6.997232566392313,-1,-0.006524493812515075
1842.45,9.305350994609853,-0.23385622566730646,27.50522483590278,0.0,-1,-0.0004070666775217724
1841.7,7.741225507275885,-0.599327237667092,26.954612909598794,0.0,-1,0.00010859531954166002
1841.9,6.3307273046691535,-0.6699418134246082,27.00302029859884,0.0,-1,5.429176393945134e-05
1842.0,5.1062509279768165,-0.6314727300389817,27.029825522543476,0.0,-1,-0.005618892508143292
1831.65,3.205991828965807,-0.8439106096833306,17.924916852040013,0.0,-1,-0.005732536237818331
1821.15,1.1136962937132466,-0.978735381645297,9.938872971288447,0.0,-1,0.004887021936688329
1830.05,0.7164071682773283,-0.45867483569373846,13.93257709726182,0.0,-1,0.0027048441299417636
1835.0,0.8705620082030237,-0.10150666525601437,16.025614626396973,0.0,-1,-0.007901907356948179
1820.5,-0.333240739184248,-0.4351031375477621,5.536055656392811,0.0,-1,0.02414171930788256
1864.45,2.7551279487206557,0.8844218501190473,21.03417605763009,0.0,-1,0.00029499316152215016
1865.0,4.115551630279697,0.7482818438926961,21.17388316089233,0.0,-1,0.0016085790884718953
1868.0,4.702800835202424,0.44517701627180806,21.992577522890016,0.0,-1,0.0006959314775161207
1869.3,4.712858701397181,0.1517449608221879,22.370401760819945,0.0,-1,-0.004145936981757914
1861.55,3.6793160760446426,-0.29393255484345016,16.43400464025217,0.0,-1,0.0033574172060917284
1867.8,3.3767684236979676,-0.19882673573004173,18.732240173132922,0.0,-1,0.001472320376914027
1870.55,3.1732638955497805,-0.1341104212927431,19.744990665674365,0.0,-1,0.0013632354120445278
1873.1,3.01957297351305,-0.09593378110982442,20.722029098859878,0.0,-1,-0.0030697773744060575
1867.35,2.211929764702063,-0.3011923299736039,15.428261268731163,0.0,-1,-0.0014191233566283046
1864.7,1.402947346571409,-0.37005824936808596,13.012937134593791,0.0,-1,-0.0027350244007079416
1859.6,0.45654385862530944,-0.4388205791047286,8.402685289576453,0.0,-1,-0.0002957625295761934
1859.05,-0.10053654023317904,-0.33196699265440577,7.895125822013739,0.0,-1,0.0030122912240122535
1864.65,0.09596797202357266,-0.04515416013255136,11.664253662235282,0.0,-1,-0.0006167377255785755
1863.5,0.0903895638166432,-0.016910856113160275,10.429933245954238,0.0,-1,0.0008049369466058831
1865.0,0.20506789606179154,0.0325891587106627,11.545492381727904,0.0,-1,0.0
1865.0,0.2453180708457694,0.02427977783154686,11.545492381727918,0.0,-1,0.0004021447721178628
1865.75,0.30749998566739123,0.028820564217722888,12.203249063571079,0.0,-1,0.0005091786144981736
1866.7,0.39213261093937035,0.03781772982990067,13.091756812237932,0.0,-1,-0.0012856913269406745
1864.3,0.2017712059969199,-0.050847891704183246,9.186289629712228,0.0,-1,-0.010620608271200926
1844.5,-1.5602237636408063,-0.6042809537806365,-12.239900086886749,8.425428997451036,-1,-0.0011114123068581838
1842.45,-2.482035934822761,-0.5086977083208639,-13.74957385429719,5.7441179878062485,-1,0.007897093543922429
1857.0,-1.523605692512092,0.14991084466326843,1.5320966101212008,0.0,-1,0.00016155088852976007
1857.3,-0.8924234303140111,0.2603643689537831,1.7968155568593644,0.0,-1,-0.00481882302266734
1848.35,-1.2482970133555682,-0.03183640469592475,-6.143287474306355,0.0,-1,0.006870993047853435
1861.05,-0.2638757204299509,0.3175282960765642,4.784831355109297,0.0,-1,-0.001370194245184142
1858.5,0.037824569401891495,0.20640952863613554,2.5048014659299653,0.0,-1,0.005246166263115359
1868.25,0.9980226668678824,0.38886920870070885,9.640659453206865,0.0,-1,-0.0043356081894820875
1860.15,0.7199531600285809,0.036933233953802436,2.3767131372081067,0.0,-1,0.000510711501760408
1861.1,0.6000889766064574,-0.027643649822773675,3.1207710270050626,0.0,-1,-0.0016656815861586516
1858.0,0.23181613684505464,-0.1319721631947255,0.2729213478139627,0.0,-1,-0.018487621097954765
1823.65,-2.8341382944395264,-1.0659755314931023,-19.715975275934035,12.665011829672949,-1,0.002522413840374993
1828.25,-3.7476039855450836,-0.6598137408662197,-15.82182082959703,2.818013611279639,-1,-0.005606454259537763
1818.0,-4.746203165635961,-0.5528043069856992,-19.974216570838305,5.857275149294537,-1,0.00437293729372934
1825.95,-4.187485825211525,0.0019710111462458713,-13.342226137622923,0.0,-1,0.0013417672992142027
1828.4,-3.3550033362319027,0.2781511667086227,-11.351162731833341,0.0,-1,-0.0018595493327500101
1825.0,-2.9425118137226036,0.23021422973930727,-13.137827283719119,0.0,-1,0.001589041095890531
1827.9,-2.249390067991044,0.30777865849028885,-10.487796473720188,0.0,-1,2.7353793971229834e-05
1827.95,-1.7112133561258815,0.28198512345181714,-10.439199470285836,0.0,-1,0.0035832489947755786
1834.5,-0.7536905538495375,0.4131693085760537,-4.1113142184203895,0.0,-1,0.007086399563913881
1847.5,0.8712117267759822,0.6793571964005247,6.038762861986221,0.0,-1,-0.006792963464140711
1834.95,0.5652285565240618,0.12445800871620144,-3.3478838177290413,0.0,-1,-0.0010082018583613683
1833.1,0.21096792502112294,-0.07660087426224582,-4.593615046869829,0.0,-1,-0.0008455621624570142
1831.55,-0.11290971781545522,-0.13349283903294135,-5.69496057079202,0.0,-1,-0.00030029210231763415
1831.0,-0.31127272941580486,-0.11061861687776367,-6.114637251848855,0.0,-1,-0.003276897870016393
1825.0,-0.8845148410980528,-0.22795357618667056,-10.634484014903371,0.0,-1,-0.0021917808219178436
1821.0,-1.430759660180911,-0.2580661317565096,-13.424821327099849,0.0,-1,0.001098297638659984
1823.0,-1.417985431373836,-0.08176396764981164,-11.021823199985,0.0,-1,0.002331321996708713
1827.25,-0.9392661976892214,0.13231842201160093,-6.011266323850677,0.0,-1,0.007908058557942299
1841.7,0.5825322689604491,0.5513722962204238,7.249728413195555,0.0,-1,0.006461421512732768
1853.6,2.2865538132052734,0.7517979468217495,14.862001154739104,-5.628949457325007,-1,-0.004235002157962797
1845.75,2.2938517675606818,0.25303196705905284,7.373925657143019,0.0,-1,0.01855614248950288
1880.0,4.9605130974416625,0.9732310989800115,22.669727358277143,-17.487194057107217,-1,0.00462765957446809
1888.7,6.605467670928647,0.8727285574889985,25.18311955529792,-14.637561041505705,-1,0.002382591200296602
1893.2,7.252489318428161,0.5065834016628372,26.428914687959605,-8.615449194091298,-1,0.004701035284174759
1902.1,7.713292698975465,0.3224622607367138,28.770811803861378,-6.482735901327715,-1,-0.0006834551285420654
1900.8,7.192586664334385,-0.06608125796812203,27.520790935482083,0.0,-1,-0.004208754208754217
1892.8,5.666184758319332,-0.530827721327725,19.93263952828434,0.0,-1,0.002800084530853786
1898.1,4.87246840878538,-0.44151469028722534,21.95351523037354,0.0,-1,-0.01949317738791423
1861.1,0.9862378666196037,-1.442581744151001,-2.7041024525264916,0.0,-1,-0.008919456235559564
1844.5,-2.4223972266815963,-1.617072279150734,-9.604796239118407,0.0,-1,0.003578205475738727
1851.1,-3.3748483377753473,-0.8565077967481618,-5.995552928510598,0.0,-1,0.0017016908864999625
1854.25,-3.307336531840974,-0.26299866360459623,-4.253400986452064,0.0,-1,-0.0007819873264123256
1852.8,-3.118802584553805,-0.024821572105809153,-4.969956427578346,0.0,-1,0.003535189982728726
1859.35,-2.218802062197483,0.29172631675017113,-0.9633238391295222,0.0,-1,-0.0010218624788231878
1857.45,-1.7422349625028346,0.25609780548160654,-2.088862456356658,0.0,-1,0.005141457374357339
1867.0,-0.5629318324470205,0.47846697851247355,3.8296166292053044,0.0,-1,-0.0050348152115694544
1857.6,-0.70970261471507,0.11056539874814131,-2.1201508079929425,0.0,-1,-0.0003229974160205984
1857.0,-0.7739461212893275,0.01544063072462798,-2.492560704158329,0.0,-1,-0.000538502961766274
1856.0,-0.8249056978024782,-0.011839648596174257,-3.1671282892182546,0.0,-1,-0.00401400862068968
1848.55,-1.4024766779089077,-0.19647020956753458,-8.092808026155431,0.0,-1,0.0005139163127856339
1849.5,-1.4952224448029483,-0.09640532548719172,-7.239828650649969,0.0,-1,-0.001189510678561767
1847.3,-1.600326791183079,-0.06716989062244072,-8.79653420463243,0.0,-1,0.010068748985005316
1865.9,0.030481601558904003,0.5212128340398474,6.18709049389301,0.0,-1,0.003912321131893437
1873.2,1.4516789977999451,0.6474700767602963,10.569063135670497,0.0,-1,0.0010143070681185584
1875.1,2.199637779436898,0.46514295279908313,11.677496701949707,0.0,-1,7.999573356087808e-05
1875.25,2.4028140219691068,0.2227730651104305,11.771762034169441,0.0,-1,0.005199306759098743
1885.0,3.1166676414043195,0.31220889484854775,17.538582823343063,0.0,-1,0.0014323607427055851
1887.7,3.4388721476716455,0.21147113370529125,18.978481290085256,-1.6069912969439883,-1,-0.0034698310112835085
1881.15,2.767568388499285,-0.15327754182235642,11.611929758176387,0.0,-1,0.00047843074714926104
1882.05,2.276285809871524,-0.2148533734833724,12.227789344780206,0.0,-1,0.004967987035413568
1891.4,2.6201207030683236,0.042993839904475806,18.12976350233683,0.0,-1,-0.0026964153537063495
1886.3,2.148694757744579,-0.14281070180642308,12.236124917815935,0.0,-1,0.001961511954620132
1890.0,2.0422572219370068,-0.08308274587133191,14.697835494750194,0.0,-1,0.0006084656084657247
1891.15,1.9146836855386482,-0.07021876075656341,15.475060863771702,0.0,-1,0.00018507257488820095
1891.5,1.7205066102112596,-0.08813194536131741,15.73020455836955,0.0,-1,-0.0007930214115781098
1890.0,1.3550425216965323,-0.15119867795868158,13.495721401333412,0.0,-1,0.0069841269841270925
1903.2,2.1593902672977947,0.21771635588086036,22.602475159459175,0.0,-1,0.002127994955863688
1907.25,2.719114951157053,0.2591470132467064,24.749916112945655,0.0,-1,-0.002962380390614805
1901.6,2.301551047156863,-0.05280563025116125,16.65198787792673,0.0,-1,0.00599495161968866
1913.0,2.850973174560295,0.16553883238409028,23.168582734889284,0.0,-1,-0.0027705175117616054
1907.7,2.4464364737152664,-0.07966595615364591,16.459876019590297,0.0,-1,0.005897153640509467
1918.95,2.97779841714987,0.1505653290936526,22.423242578911058,0.0,-1,-0.0004950624039188334
1918.0,2.916162854104641,0.02964325534947454,21.234882301592933,0.0,-1,0.0026329509906151127
1923.05,3.063164834740064,0.05888174532829904,23.77637117966985,0.0,-1,-0.0005720080081120793
1921.95,2.789735422162721,-0.07151588908301454,22.23179524273459,0.0,-1,-0.0003381981841359405
1921.3,2.366376097360444,-0.1649584046284307,21.252374096962185,0.0,-1,0.0032790298235569892
1927.6,2.4824984268459502,-0.01627869171430829,24.91534804848027,0.0,-1,0.0007003527702844625
1928.95,2.4461847226848477,-0.017530798625136956,25.65395101347623,0.0,-1,-0.0020736670209181574
1924.95,1.890845810380597,-0.19095657030979574,18.96840527073745,0.0,-1,-0.004104002701368903
1917.05,0.7972725366967097,-0.42817661466456114,7.766197530639005,0.0,-1,0.002582092277196857
1922.0,0.5965465217966539,-0.20963420985487236,12.056841831567233,0.0,-1,-0.0023152965660769853
1917.55,0.0756379708636814,-0.2435142535959483,6.339578159940764,0.0,-1,-0.0007300983025213537
1916.15,-0.307786135508195,-0.2089794533226083,4.581769192591047,0.0,-1,-0.0012003235654829414
1913.85,-0.6655160107350184,-0.18890310951647726,1.6406855565528247,0.0,-1,-0.003579172871437053
1907.0,-1.3597546141204475,-0.2943805709673022,-6.174004868599084,0.0,-1,-0.0007079181961194836
1905.65,-1.7060610313033067,-0.21356232938338704,-7.579709592056737,0.0,-1,0.0011806994988585728
1907.9,-1.549542487285862,-0.019014595121980893,-4.351371112661155,0.0,-1,-0.0025682687771896306
1903.0,-1.7504880080034582,-0.07332003861319225,-9.804636189902922,0.0,-1,0.0019968470835523
1906.8,-1.3884201010287143,0.09624928945385047,-4.223047837011997,0.0,-1,0.0014946507237256768
1909.65,-0.8541844724554721,0.2101616393423642,-0.3101599633494132,0.0,-1,0.0017018825439216734
1912.9,-0.24505128546434207,0.27309827544449816,3.904548528580257,0.0,-1,-0.0015421611166291926
1909.95,-0.16589708484684706,0.11741749202066443,-0.29504871604271443,0.0,-1,0.009659938741851892
1928.4,1.4250047725327022,0.5694397831334047,17.370430367121187,0.0,-1,0.003941091059946
1936.0,2.7350386368445925,0.6264912158150984,21.88945012445697,-0.6002409328782505,-1,0.008471074380165255
1952.4,4.528802349263515,0.8067516427446737,28.896983552272133,-9.638362125365347,-1,0.006709690637164423
1965.5,6.139950676367562,0.8059666566162402,32.720132248599796,-12.67143623876018,-1,-0.005138641567031255
1955.4,5.592195616889057,0.086070532379245,21.606928727709388,0.0,-1,0.00081824690600385
1957.0,4.985635119075596,-0.17349665514473855,22.262841540771078,0.0,-1,0.007664793050587537
1972.0,5.516885276912717,0.11925116756412724,27.64280997223888,-1.677224384148758,-1,0.0049442190669370945
1981.75,6.1352699160884185,0.2458786022466093,30.38987516017349,-1.9112892524155995,-1,-0.0011858206130944682
1979.4,5.737356409335689,-0.05067830150203978,27.82885426715505,0.0,-1,0.0033343437405273235
1986.0,5.61028662184799,-0.05924936299657979,29.8336605062661,0.0,-1,0.01699395770392753
2019.75,7.891727842950104,0.7407306193685113,36.678098766393646,-9.221707277177075,-1,-0.0029459091471717436
2013.8,7.878971133255391,0.2426579698912663,31.274702670035737,0.0,-1,-0.0031780713079748724
2007.4,6.682678517303202,-0.317878215353641,25.63929427126665,0.0,-1,-0.0026900468267411215
2002.0,5.077642332885489,-0.6409714665904511,21.02253279015541,0.0,-1,0.0012237762237763405
2004.45,4.056154046269512,-0.5541532510688096,21.887537889962488,0.0,-1,0.0001496669909450965
2004.75,3.232397065772375,-0.4593034105219824,22.001250738040042,0.0,-1,-0.0021698466142909822
2000.4,2.1886521533758696,-0.5010161076394959,17.59612844769552,0.0,-1,0.003299340131973638
2007.0,2.0343920177299424,-0.21842541442847452,20.62580377098979,0.0,-1,-0.007299451918286071
1992.35,0.5668959484294191,-0.561973827909666,7.391578147526481,0.0,-1,-0.0021833513187943243
1988.0,-0.5765934152566388,-0.568487730531908,4.05008456340645,0.0,-1,-0.0074949698189135106
1973.1,-2.3419553124949744,-0.7779498759234147,-5.754257483257334,0.0,-1,0.0006588616897269528
1974.4,-2.9211399850730686,-0.45237818283383646,-4.79077440910779,0.0,-1,-0.0024057941653160553
1969.65,-3.3631373226057804,-0.2981251734555159,-7.7546037249625215,0.0,-1,0.011677201533267345
1992.65,-1.3872078811550637,0.5592680893317337,7.304520960881533,0.0,-1,-0.002132838180312624
1988.4,-0.6378091703334121,0.43622226671779507,4.392651284876571,0.0,-1,-0.0013075839871253825
1985.8,-0.4266257173946997,0.21580190655216924,2.576643066909533,0.0,-1,-0.0016366200020142552
1982.55,-0.5563151811425087,0.028704147601453456,0.24666246870649644,0.0,-1,-0.0020932637260093756
1978.4,-0.9206336479212496,-0.11187143972576252,-2.7257322945381333,0.0,-1,-0.0012889203396685422
1975.85,-1.238573410650588,-0.14327040081836695,-4.560911391154086,0.0,-1,-0.000328972341017697
1975.2,-1.3484955077942686,-0.08439749932068263,-5.055068484039076,0.0,-1,-0.015238963142972906
1945.1,-3.7994152640501397,-0.8451057518588514,-21.181003496601814,9.349158742067857,-1,-0.0029561462135623273
1939.35,-5.187423870173689,-0.7443714526608005,-23.220423726311523,7.153320497360255,-1,-0.008946296439528711
1922.0,-6.894976184054485,-0.8173079221805324,-28.355668702548538,12.67113147716168,-1,-0.00939125910509886
1903.95,-8.67833765899013,-0.8668897990387263,-32.282891409012805,15.733673290661045,-1,-0.001444365660862923
1901.2,-9.075990258209004,-0.4215141327525327,-32.81086046853583,6.055104634211602,-1,0.005917315379760257
1912.45,-7.580984036301061,0.357830696385137,-22.93191553029509,0.0,-1,0.004392271693377525
1920.85,-5.50173225565527,0.8123608256769757,-16.36382773949766,0.0,-1,-0.010151755733138978
1901.35,-5.628628677360894,0.22848813465711704,-22.704380255580396,0.0,-1,0.0069687327425249634
1914.6,-4.118857831767173,0.5794196600836123,-13.646367724681916,0.0,-1,0.010576621748668025
1934.85,-1.3332342563230668,1.1216810785092397,-2.5324614352956587,0.0,-1,-0.017029743907796324
1901.9,-2.5751529472406673,-0.04007920413612043,-13.922345111931193,0.0,-1,-0.012855565487144505
1877.45,-5.019016213762825,-0.8279808235527595,-19.880952208327756,0.0,-1,0.0037018296093105363
1884.4,-5.243529829210274,-0.350831479666736,-16.41641438501015,0.0,-1,0.0011144130757800852
1886.5,-4.7438258178331125,0.0496241772368089,-15.329026080966592,0.0,-1,-0.002888947786906959
1881.05,-4.552821660658537,0.08020944480379466,-16.89208641747821,0.0,-1,-0.002392280906940325
1876.55,-4.45291777701641,0.06003777614864081,-18.207050887446304,0.0,-1,0.006101622658602146
1888.0,-3.0777226871105086,0.4784109553515141,-11.321403836196467,0.0,-1,-0.0008474576271185752
1886.4,-2.266981584898531,0.42971735252116394,-11.918306781944402,0.0,-1,-0.0026770568278202678
1881.35,-2.093529235050937,0.20105656745625256,-13.873491934131188,0.0,-1,-0.0026045127169319615
1876.45,-2.240675623872903,0.01797005954476205,-15.768287909973125,0.0,-1,0.001358949079378613
1879.0,-1.9150258496279093,0.11453994459658512,-13.832404216905289,0.0,-1,-0.006386375731772254
1867.0,-2.5926154750361547,-0.18768322693721995,-18.656431171148686,0.0,-1,0.005597214783074511
1877.45,-1.844525664820594,0.18680219442611357,-10.808632432070539,0.0,-1,-0.00609869770166982
1866.0,-2.27093695431131,-0.07986969835486724,-15.59624661471009,0.0,-1,-0.008172561629153252
1850.75,-3.5657311861971266,-0.45822131008022815,-20.863538461219843,0.0,-1,-0.002755639605565241
1845.65,-4.340984036623695,-0.41115805350226564,-22.43190010661283,0.0,-1,-0.00528269173461926
1835.9,-5.1793617921184705,-0.4165119363323475,-25.260621180274963,0.0,-1,5.446919766871616e-05
1836.0,-5.158603853855993,-0.13191799935662374,-25.17271965121855,0.0,-1,0.015495642701525147
1864.45,-2.3475078969033802,0.8930593191986631,-4.90242983584622,0.0,-1,0.0068921129555632454
1877.3,0.32449907298155267,1.188355429694532,1.6416623176439913,0.0,-1,-0.008150002663399492
1862.0,0.3584609685090072,0.407439108407329,-5.392487869801435,0.0,-1,0.005209452201933473
1871.7,1.1539035022303779,0.4009605473762332,-0.5428537282116821,0.0,-1,0.0030186461505581352
1877.35,1.9262994772384445,0.3911188407947668,2.16743748502779,0.0,-1,-0.006205555703518217
1865.7,1.1811391749727136,-0.11801382049032139,-3.540341863618096,0.0,-1,0.001232781261724769
1868.0,0.9017974259254515,-0.1324518565125279,-2.2854454302643106,0.0,-1,0.006183083511777321
1879.55,1.649476765908048,0.2050758278233562,3.761574758683828,0.0,-1,0.0007980633662312275
1881.05,2.0108600387402475,0.18881970021851857,4.520575727128687,0.0,-1,-0.007309747215650808
1867.3,0.8781466719278797,-0.3146312221979497,-3.2889992195115383,0.0,-1,0.0020618004605581497
1871.15,0.5594444325279255,-0.21111115386596802,-1.0155509984040876,0.0,-1,0.004489217860673911
1879.55,1.0534729434505152,0.0943057856855406,3.766161913713738,0.0,-1,-0.002101566864409099
1875.6,0.8835311202910816,-0.025212012491297675,1.2560044535930857,0.0,-1,0.0004798464491362342
1876.5,0.7999326153535549,-0.03627017247627484,1.8253985558475776,0.0,-1,-0.005249134026112379
1866.65,-0.12936102172784558,-0.32185460318589176,-4.620750709383664,0.0,-1,0.004660755899606128
1875.35,0.14177224487525564,-0.016907112194263524,1.321310212598128,0.0,-1,0.00042658703708653434
1876.15,0.3321911911039024,0.0578372780114611,1.8564238355026532,0.0,-1,0.0006929083495454957
1877.45,0.5080513982929915,0.07789916173351674,2.793383418350494,0.0,-1,0.00047937361847183446
1878.35,0.6286438853630898,0.06616388293453834,3.4896708736304873,0.0,-1,-0.0009582878590251864
1876.55,0.48655313845119963,-0.02530895465911731,1.7920667397986279,0.0,-1,0.0007460499320561809
1877.95,0.4916283367908818,-0.006744585439811712,3.0789733327746234,0.0,-1,-0.007454937564897901
1863.95,-0.7134697587716801,-0.40394756033412466,-9.063274741250709,0.0,-1,0.004023713082432545
1871.45,-0.6315629933221771,-0.1073469316282073,-1.9847426671600275,0.0,-1,0.0002671725132918912
1871.95,-0.4963126944871874,0.009301122402260775,-1.527307695233894,0.0,-1,0.00032052138144700315
1872.55,-0.3373281538624724,0.05609522100899195,-0.929771890695136,0.0,-1,-0.002136124536060491
1868.55,-0.5630585373946815,-0.056545054174405696,-4.811463181325529,0.0,-1,-0.0014449706992052391
1865.85,-0.8540021843780323,-0.11582956705258551,-7.342286089789887,0.0,-1,0.0004823538869684896
1866.75,-0.8533071591716634,-0.038378180615405544,-6.177011318283945,0.0,-1,0.0050087049685281215
1876.1,-0.0026840499708669086,0.2707483095284637,4.4968467966642365,0.0,-1,-0.0011726453813761806
1873.9,0.23951784212727034,0.1709834005422003,1.9178655453570101,0.0,-1,-0.002694914349751998
1868.85,-0.08017436533441469,-0.04956960230649492,-3.6736677553318984,0.0,-1,-0.0077052732964121295
1854.45,-1.4333392719538551,-0.4675781696419785,-15.459723699215289,5.188894537373017,-1,0.0010245625387581558
1856.35,-1.8321434526008034,-0.2887941167629755,-13.105977256487158,0.6693426588014972,-1,-0.0001885420314056141
1856.0,-1.9080335885407749,-0.12156141756764893,-13.37552077970416,0.0,-1,0.001616379310344751
1859.0,-1.536975857465677,0.0831654378358162,-9.252724149477196,0.0,-1,0.003039268423883801
1864.65,-0.7525323371394279,0.2892029860540217,-2.153102516402619,0.0,-1,-0.0014211782372027804
1862.0,-0.5184328822144835,0.17443414699298876,-4.965197961243945,0.0,-1,-0.005665950590762581
1851.45,-1.2373470812342475,-0.1814933506755918,-14.257533267093223,0.0,-1,0.0034567501147748647
1857.85,-0.9603585906413628,0.031831713305764286,-6.411831121758432,0.0,-1,0.0034986678149473427
1864.35,-0.20016779612478786,0.26400750260744643,0.41955814216525766,0.0,-1,-0.0016627779118727481
1861.25,-0.0617250825227984,0.13415007206981197,-2.6208502740769433,0.0,-1,-0.002256548018804594
1857.05,-0.3373599688447939,-0.04716160475072784,-6.563871267829917,0.0,-1,-0.008373495597856828
1841.5,-1.742897414602112,-0.4842330168360154,-17.64191797622925,3.8960739868439305,-1,-0.007113765951669793
1828.4,-3.39209135293072,-0.711142318388208,-23.878058880244435,9.590029866892564,-1,-0.007684314154452032
1814.35,-5.10484737601746,-0.8079661138249827,-28.756871542447534,13.45256714399261,-1,-0.00041337117976136817
1813.6,-5.598321439559186,-0.43381339245556916,-28.98961905731191,6.090577888093321,-1,-0.00024812527569462173
1813.15,-5.416031684700329,-0.08384121253223764,-29.14197120502557,0.0,-1,0.002454292253812218
1817.6,-4.502717500212384,0.27649099065190264,-23.30169160771226,0.0,-1,-0.0016230193661971315
1814.65,-3.9166672829508116,0.28751373597115837,-24.67808571854782,0.0,-1,-0.0018736395448158971
1811.25,-3.5805865674074084,0.2078648171715205,-26.24629767865048,0.0,-1,0.005438233264320136
1821.1,-2.2933306623517637,0.4983735740757216,-13.572851540180906,0.0,-1,0.002498489923672631
1825.65,-1.0794251546280975,0.5707596939331294,-8.575661967119466,0.0,-1,-0.0012324377618930793
1823.4,-0.5700203045471426,0.3600548480046948,-10.290704622199172,0.0,-1,0.0020565975649884383
1827.15,0.04468381253877851,0.3249196550302053,-5.9973839512286204,0.0,-1,-0.00588347973620118
1816.4,-0.5475211132963977,-0.08909509026832368,-14.132729176043938,0.0,-1,0.0030830213609336354
1822.0,-0.33133015010594136,0.042365290974044234,-7.933156762588567,0.0,-1,-0.013282107574094426
1797.8,-2.2122904893353734,-0.6128650160851292,-21.268939291042592,0.0,-1,-0.0021415062854599487
1793.95,-3.2892464515055053,-0.5632736594184204,-22.793531207455842,0.0,-1,-0.010368181944870325
1775.35,-5.103620561631715,-0.7925492565148771,-28.82512962537265,3.112184934018387,-1,-0.004703297941251017
1767.0,-6.281339236559006,-0.6567559771473892,-30.93356703939481,4.800964342003681,-1,-0.002518392756083787
1762.55,-6.717586970976072,-0.36433457052148466,-31.995165115386676,3.0668381868224515,-1,-0.002269439164846343
1758.55,-6.709245257269913,-0.11866428560510833,-32.94365791973797,1.2892815505449562,-1,0.0
1758.55,-6.145970628977693,0.1482034475623708,-32.94365791973797,0.0,-1,0.0014216257712320601
1761.05,-5.143835762416529,0.38344610470784524,-29.703850478440785,0.0,-1,-0.000511058743363213
1760.15,-4.289115348934729,0.41272217272988154,-30.016081928550197,0.0,-1,-0.008607220975485053
1745.0,-4.766828863115961,-0.02166378048378359,-34.481326110636424,0.0,-1,-0.005501432664756445
1735.4,-5.408449881613478,-0.2210949329937666,-36.59083935862947,0.0,-1,0.008989282009911115
1751.0,-3.9785562340609886,0.402932904852908,-19.52651911610389,0.0,-1,-0.01781838949171899
1719.8,-5.532063057446521,-0.3835246395108749,-28.80739363907191,0.0,-1,0.004506337946272865
1727.55,-5.20197788101882,-0.01781315436105757,-22.696756834629316,0.0,-1,0.019565280310265942
1761.35,-1.7867704693867381,1.132464752423675,-2.841778364682959,0.0,-1,-0.00017032389928173242
1761.05,0.044730775544849166,0.9879886657850876,-2.9684576632884188,0.0,-1,0.0047698816047245796
1769.45,1.6567538333820266,0.8666705745407551,1.11683409519204,0.0,-1,-0.0021193026081550714
1765.7,2.0122025428522647,0.4073730946703311,-0.7667028541616858,0.0,-1,-0.0031432293141530065
1760.15,1.559743352349642,-0.015028698610763946,-3.579504905531387,0.0,-1,-0.01170354799306883
1739.55,-0.5131315222640751,-0.6959678577414937,-12.431412033304959,0.0,-1,0.0008335489063264756
1741.0,-1.385974666049151,-0.5229370005088565,-11.514010637606134,0.0,-1,-0.004336588167719646
1733.45,-2.336065015770828,-0.4910091167435111,-14.529514005038486,0.0,-1,-0.0021921601430672233
1729.65,-2.9331047726507222,-0.3626829578744686,-16.018510610547573,0.0,-1,0.005983869568987998
1740.0,-2.1246992533697266,0.14857418713550885,-8.576896117951534,0.0,-1,0.0013218390804596858
1742.3,-1.3517715559482895,0.3071672948523154,-6.990722986868178,0.0,-1,-0.0038454915915744348
1735.6,-1.410993410908759,0.08264847996394864,-10.456523331266418,0.0,-1,0.002535146347084627
1740.0,-0.9563548874798471,0.1790956677976201,-7.099100572386064,0.0,-1,0.0017241379310344307
1743.0,-0.3993393851419569,0.24537039004517014,-4.793836714551297,0.0,-1,-0.010843373493975905
1724.1,-1.662553351877932,-0.33928119223026854,-14.754586383885368,0.0,-1,-0.0007250159503509046
1722.85,-2.259780889256035,-0.31216957653612387,-15.316186155231513,0.0,-1,-0.005804335838871633
1712.85,-3.203412917173864,-0.4186005348179842,-19.61918481753576,0.0,-1,-0.0039991826488016136
1706.0,-3.9791111880347216,-0.39809960189294724,-22.240416299780286,0.0,-1,-0.0031946072684643223
1700.55,-4.489534391128927,-0.30284093499571796,-24.207668231905732,0.0,-1,0.001058481079650564
1702.35,-4.220618126748832,-0.011308223538541107,-22.32670964732517,0.0,-1,0.006491027109583936
1713.4,-2.813608483996177,0.4652338064047048,-11.665217757722907,0.0,-1,2.9181743901096624e-05
1713.45,-1.8714696222868952,0.46912422270466214,-11.61955070152949,0.0,-1,0.005952902039744412
1723.65,-0.39444438957502825,0.6487164851388432,-2.7627333031279946,0.0,-1,0.0038580918399906405
1730.3,0.931105259245669,0.6580887113198468,2.212904539242629,0.0,-1,-0.0023695312951510505
1726.2,1.1746213120520679,0.30053492137541526,-0.955437387789047,0.0,-1,0.002201367164870849
1730.0,1.51516089578422,0.2136915017025225,2.041495734320989,0.0,-1,0.0
1730.0,1.5591672796683724,0.08589929519555839,2.0414957343209963,0.0,-1,-0.003439306358381522
1724.05,0.9554065316381184,-0.17262048427823196,-3.271250005355533,0.0,-1,-0.005771294336011201
1714.1,-0.2552577200135602,-0.4610949119766369,-10.721743919866014,0.0,-1,0.008546759232250123
1728.75,0.3815149641618518,0.058559257399591724,1.8402174253773467,0.0,-1,0.010932754880694118
1747.65,2.2431083925691837,0.6400508952689747,12.855377949584046,0.0,-1,0.010270935255914937
1765.6,4.4828127407254215,0.9599184144750708,20.077493360679625,-8.808228753247931,-1,0.001954009968282655
1769.05,5.516597186409854,0.6645676200531678,21.270409855300827,-5.6775260604626965,-1,-0.002317628105480307
1764.95,5.232106310384552,0.1266922480092889,17.706203922270888,0.0,-1,-0.0015581177937051827
1762.2,4.4246853465065215,-0.22690957195624684,15.273459469594485,0.0,-1,-0.006838043354897239
1750.15,2.648084419025281,-0.6678368331458291,5.55489346173642,0.0,-1,0.0026569151215609654
1754.8,1.9266102536992094,-0.46310366615730025,8.221978271669606,0.0,-1,0.0012537041258262605
1757.0,1.5886556498944628,-0.2670194233206822,9.499591775779813,0.0,-1,0.0031018782014797797
1762.45,1.7414570438343162,-0.038072676460276345,12.644029232791297,0.0,-1,-0.004085222275809319
1755.25,1.072736320484637,-0.23559779993665186,6.235112709003168,0.0,-1,-0.0008260931491240742
1753.8,0.5281479321026836,-0.2600620627728685,4.976548439407203,0.0,-1,-0.0010263427984946727
1752.0,0.061841410236638694,-0.24212286154630447,3.3302688470629818,0.0,-1,-0.0039383561643836495
1745.1,-0.7514653015496151,-0.35180985777751944,-2.7022745704661446,0.0,-1,-0.010687066643745302
1726.45,-2.6496632156467967,-0.7500025906249004,-14.695664646705062,0.0,-1,0.009673028468823341
1743.15,-1.9862902380582454,-0.028876537678782954,-1.6619640199551782,0.0,-1,-0.0008605111436192914
1741.65,-1.614079562759116,0.11444471254011557,-2.6146912018792037,0.0,-1,-0.0010335027129447782
1739.85,-1.4434675948796212,0.09501889347320347,-3.8280697783210726,0.0,-1,0.006437336552001627
1751.05,-0.30453931136662504,0.41131572566206653,4.268024832567505,0.0,-1,-0.001741812055623737
1748.0,0.03613643967059943,0.25066382556643035,1.9057961837200352,0.0,-1,0.006864988558352492
1760.0,1.2034629452166428,0.4726634437041579,9.594562000217813,0.0,-1,-0.020795454545454506
1723.4,-1.3631623807784763,-0.697987294096987,-11.346854839036723,3.490192449435199,-1,-0.008935824532900094
1708.0,-3.8162115120446742,-1.0503454751210617,-16.800944613949014,10.21214025388781,-1,0.0038348946135831063
1714.55,-4.178885118340531,-0.47100636047230626,-12.624923168626644,0.0,-1,-0.007086407512175152
1702.4,-5.024481494960128,-0.4388675790306342,-16.890912774747157,3.9962628370369657,-1,0.0055216165413534135
1711.8,-4.245239558689718,0.11345811907992509,-10.914163346549785,0.0,-1,0.000993106671340227
1713.5,-3.360181960664022,0.3328385723685403,-9.839762490101123,0.0,-1,-0.002130142982200267
1709.85,-2.9418046649291227,0.25040528936781303,-11.461370074966759,0.0,-1,0.0010819662543499753
1711.7,-2.3332989616508257,0.28630366421537,-10.094828192038953,0.0,-1,0.0033884442367237977
1717.5,-1.3512711965406652,0.42277714310851033,-5.774930115555108,0.0,-1,-0.01478893740902476
1692.1,-2.864318047607412,-0.36342323598607873,-17.235440312845597,0.0,-1,0.0018911411855091487
1695.3,-3.1154816358400694,-0.20486227473957852,-14.88184198279356,0.0,-1,0.025482215537073083
1738.5,0.6185600396970585,1.1763931335991833,7.456757454622654,0.0,-1,-0.00209951107276396
1734.85,2.1298675408240797,0.8959002115754016,5.6577818573365946,0.0,-1,2.8820935527695823e-05
1734.9,2.7121989963188753,0.4927438890233993,5.678903577529972,0.0,-1,0.006513343708571151
1746.2,3.719014807706344,0.4998532334702892,10.413908402293892,0.0,-1,-0.004123239033329562
1739.0,3.3125048127578793,0.031114412840608008,6.165819710035834,0.0,-1,0.0048591144335825565
1747.45,3.5373744142207215,0.08532800476781688,9.847537770881118,0.0,-1,-0.0023748891241524017
1743.3,3.009194680433666,-0.1476172430064131,7.224708014610371,0.0,-1,0.0018069179143005432
1746.45,2.756838590170446,-0.13332444442321112,8.74937262671753,0.0,-1,0.0011738097283060522
1748.5,2.571757329191314,-0.10613523513411449,9.785852799448158,0.0,-1,0.0009436659994281893
1750.15,2.4024035879358507,-0.09182965879652594,10.669636474056453,0.0,-1,-0.02348370139702316
1709.05,-1.3074735816865086,-1.267235609472962,-12.276003523335241,0.0,-1,0.0014628009712998047
1711.55,-2.8451227013572407,-0.9349615763812316,-10.723818343365053,0.0,-1,0.005229178230259146
1720.5,-2.6310203694129086,-0.24028641481229984,-5.246498831478156,0.0,-1,0.0014530659691949221
1723.0,-2.0963841726563714,0.09811659398141259,-3.7419816777913013,0.0,-1,0.0016250725478814676
1725.8,-1.421034059889962,0.2578222355826074,-1.9803814465231966,0.0,-1,0.0017672963263413166
1728.85,-0.7107728318492263,0.32269448787444777,0.0031347718809229264,0.0,-1,0.001908783295254235
1732.15,-0.02141114850815029,0.3373520570718413,2.1960974340881094,0.0,-1,-0.0006061830672864366
1731.1,0.23755395553803282,0.19877238703934147,1.399064031354179,0.0,-1,0.0025417364681417087
1735.5,0.7139070112662012,0.22504181425583664,4.625140453348521,0.0,-1,-0.002967444540478259
1730.35,0.46342462152483677,-0.008480191828509231,0.28429405478367187,0.0,-1,0.001964920391828384
1733.75,0.5828980415269598,0.03699774272453793,3.0227074698115217,0.0,-1,0.00273972602739736
1738.5,0.989893248067574,0.1479976497550507,6.722989597296639,0.0,-1,0.0020419902214552366
1742.05,1.4067330806656173,0.1882791607843648,9.379918190330315,0.0,-1,-0.0023248471628253276
1738.0,1.1604252402426027,-0.019342893212883183,5.092468623997171,0.0,-1,-0.00025891829689295154
1737.55,0.9030692166775225,-0.09223297225932114,4.605711317300241,0.0,-1,0.007165261431325787
1750.0,1.736635436838469,0.24711108263387516,14.30152459927237,0.0,-1,-0.0077142857142856736
1736.5,0.8836989271824223,-0.20194180900739056,1.1409770931691625,0.0,-1,-0.00420385833573278
1729.2,-0.22474423824428413,-0.43679499147803236,-4.459178915083143,0.0,-1,-0.007113115891741795
1716.9,-1.7852371344372386,-0.6657626292236623,-12.207038942911787,0.0,-1,0.0005533228493213027
1717.85,-2.33754715466398,-0.406024216483468,-11.311877211986236,0.0,-1,0.0012515644555695093
1720.0,-2.239739901888697,-0.1027389879027285,-9.170755109077248,0.0,-1,-0.0020930232558139528
1716.4,-2.304191283677028,-0.05573012323035309,-11.661630444073268,0.0,-1,-0.0021265439291541233
1712.75,-2.448567700931335,-0.06670218016155349,-14.127075253035152,0.0,-1,-0.0035615238651290904
1706.65,-2.8250419344808506,-0.14772547123702306,-17.953842667548074,0.4468076814887354,-1,-0.004453168487973613
1699.05,-3.411192223382386,-0.24462525337951968,-22.077320134956864,2.943911291881932,-1,0.00029428209881987577
1699.55,-3.3783346825512126,-0.07058923751611523,-21.405683543912772,0.0,-1,-0.005501456267835603
1690.2,-3.8595446885897218,-0.18393308118487495,-26.043899280753664,1.3020868955677543,-1,0.0005620636611052277
1691.15,-3.699354300892992,-0.007914231162715168,-24.67640934594515,0.0,-1,-0.0032817904975904755
1685.6,-3.7734795819703777,-0.027346504080033807,-27.323466370580924,0.0,-1,-0.00355956336022778
1679.6,-3.996085590678149,-0.08331750426260154,-29.85312264020875,0.0,-1,-0.002381519409383137
1675.6,-4.107714795808988,-0.06498223646448054,-31.390844346230402,0.0,-1,2.9840057293117894e-05
1675.65,-3.8170531653902344,0.07522646465142424,-31.30465513274285,0.0,-1,-0.004953301703816582
1667.35,-4.045301253064963,-0.051007207674434785,-34.35952597723707,0.0,-1,-0.0020091762377424383
1664.0,-4.101483525813592,-0.03572982680768799,-35.427401375198166,0.0,-1,0.0008713942307692069
1665.45,-3.6669510350368455,0.13293422132301957,-32.71148027544349,0.0,-1,0.0018313368759192983
1668.5,-2.889938870062224,0.30331546209921356,-26.990794637533984,0.0,-1,-0.010128858255918582
1651.6,-3.668937881736383,-0.1585611831916487,-33.8624819207938,0.0,-1,0.005055703560184144
1659.95,-3.0568592307620293,0.15117248926090188,-22.04972292502841,0.0,-1,-0.005783306726106274
1650.35,-3.296081636044619,-0.02934997200722922,-26.312104775102885,0.0,-1,-0.004544490562607972
1642.85,-3.7660193690155666,-0.16642923499272566,-29.081271141227596,0.0,-1,-0.0006695681285570076
1641.75,-3.778819954749679,-0.05974327357561249,-29.472337966628995,0.0,-1,-0.0016445865692097383
1639.05,-3.695318584721008,0.007919365484352792,-30.46817239551565,0.0,-1,-0.007138281321497186
1627.35,-4.320624684313316,-0.20579557803598547,-34.16649160270628,0.0,-1,-0.003410452576274259
1621.8,-4.735725677083337,-0.20696552360200204,-35.603270580271165,0.0,-1,0.00015414971019844792
1622.05,-4.527799033711517,0.0003203732566063877,-35.21624495810223,0.0,-1,-0.002805092321445102
1617.5,-4.42568579254953,0.034144538139531555,-36.45466504402517,0.0,-1,-0.000247295208655407
1617.1,-4.0391553559227305,0.14022499158877721,-36.564601031568145,0.0,-1,-0.0009275864201347961
1615.6,-3.634293857948933,0.18169549652085815,-37.00408765861101,0.0,-1,0.003032928942807711
1620.5,-2.720671954133195,0.3651058001121985,-27.770465348171307,0.0,-1,-0.007651959271829711
1608.1,-3.0704716727143477,0.005102027177015245,-32.87943785086391,0.0,-1,-0.0031403519681612035
1603.05,-3.4103322259452398,-0.11158617535129212,-34.49223446693141,0.0,-1,-0.005645488287951084
1594.0,-4.050234817065075,-0.2504962554903756,-36.94166002919203,0.0,-1,-0.0012860727728983834
1591.95,-4.203499877869717,-0.13458710543167296,-37.44092980925292,0.0,-1,-0.005150915543829959
1583.75,-4.61317408511627,-0.1814204375594084,-39.265090805835534,0.0,-1,0.00874506708760836
1597.6,-3.279413348313028,0.3841134330812781,-20.14479731868083,0.0,-1,-0.0022533800701051154
1594.0,-2.639248534218723,0.3414260823918611,-21.88409979081007,0.0,-1,-0.011166875784190733
1576.2,-3.5825620826533395,-0.2006291553475852,-28.701028056220263,0.0,-1,0.00025377490166222927
1576.6,-3.722338683316366,-0.11346858533687065,-28.227448034557018,0.0,-1,6.342762907540767e-05
1576.7,-3.4736987600381326,0.04505711264712087,-28.09690782500586,0.0,-1,0.0003805416375974868
1577.3,-3.0099039017291034,0.16961732365205018,-27.237651096691273,0.0,-1,-0.0027261776453433306
1573.0,-2.885514480763959,0.09800224820573167,-29.07126066853715,0.0,-1,-0.0019389701207882526
1569.95,-2.837026896884254,0.048829944028478955,-30.320627337979005,0.0,-1,-0.0029937259148380413
1565.25,-2.9680308635374786,-0.027391340874915127,-32.1455666528662,0.0,-1,0.01149976042165779
1583.25,-1.2861969415691874,0.5514808603644588,-8.902130994527283,0.0,-1,-0.001263224380230521
1581.25,-0.5047635687876664,0.4443047443819933,-10.289328825683576,0.0,-1,0.003573122529644257
1586.9,0.39885008166879743,0.4493061316128192,-4.513682866185611,0.0,-1,0.005104291385720439
1595.0,1.492419400091194,0.5142918166784053,2.70372305505888,0.0,-1,0.0030407523510971313
1599.85,2.319002442628289,0.44695828640516666,6.532454749599161,0.0,-1,0.0005312998093571775
1600.7,2.6098770936775963,0.24594431248482485,7.2070371591289515,0.0,-1,0.0014681077028799727
1603.05,2.7336579947291284,0.12324173784545245,9.15429183164509,0.0,-1,0.010573594086273008
1620.0,3.980243612360937,0.45660911849242014,20.069346736667086,-5.778786669346573,-1,0.006851851851851887
1631.1,5.196849453479899,0.5577383198704613,24.941729089153682,-8.708725902869219,-1,-0.002391024462019442
1627.2,5.047081586249533,0.13599015088003163,20.46367267911819,0.0,-1,-0.011184857423795491
1609.0,3.034940853780199,-0.6253835271964339,3.795849270643913,0.0,-1,-0.00024860161591055974
1608.6,1.7426254163972317,-0.6392329881931338,3.486885880370771,0.0,-1,-0.00310829292552528
1603.6,0.5345822463391414,-0.6157587194170748,-0.4644398780906016,0.0,-1,0.005238214018458587
1612.0,0.5860121407818042,-0.18810960832480406,5.651228017862373,0.0,-1,-0.011941687344913188
1592.75,-1.0412739237285678,-0.6051318909450587,-7.472038311282596,0.0,-1,0.0039554230105163235
1599.05,-1.2431441290063958,-0.2690006987409622,-2.9330273676229623,0.0,-1,-0.0027203652168474868
1594.7,-1.6029838875613223,-0.20961348576529626,-5.621954298418061,0.0,-1,0.0031667398256725043
1599.75,-1.228488442875232,0.05496065297359798,-1.804369114650811,0.0,-1,-0.0020628223159868675
1596.45,-1.2138666836260654,0.023194137407588133,-4.092125271393989,0.0,-1,-0.0009082652134423386
1595.0,-1.2262335803659425,0.0036090802225703378,-5.1319281672248565,0.0,-1,-0.0006269592476488839
1594.0,-1.2135642303719578,0.00542614340551828,-5.897379733397798,0.0,-1,0.0031367628607277265
1599.0,-0.6894325361772644,0.1765192792000706,-1.0581842048773922,0.0,-1,0.0004065040650407248
1599.65,-0.3157473110652518,0.18340150143736111,-0.4275888517024313,0.0,-1,-0.0013127871721939632
1597.55,-0.2775924225870767,0.07385212997184537,-2.532088942874779,0.0,-1,0.00438170949266059
1604.55,0.34795105686748684,0.23313186980880304,4.605455200232342,0.0,-1,-0.005048144339534377
1596.45,-0.04327312481086665,-0.05269743728985016,-3.5150169727325675,0.0,-1,0.002442920229258627
1600.35,0.08972087808410834,0.026765521868374942,0.42875802485594505,0.0,-1,-0.0002499453244602101
1599.95,0.11540780635800729,0.017484150047424638,0.008771340563519914,0.0,-1,-0.003531360355011115
1594.3,-0.35219938003479,-0.15004101211512424,-5.7721731196406765,0.0,-1,-0.0051746848146522195
1586.05,-1.244153024895013,-0.3473315523251157,-12.757062490822726,0.7765346265662174,-1,0.0004413480029004102
1586.75,-1.5281170952505363,-0.2104318742268796,-11.836380654981369,0.0,-1,-0.0011028832519300868
1585.0,-1.6885893724906964,-0.12363471715567997,-13.330712126667216,0.0,-1,-0.003817034700315469
1578.95,-2.1322763967366427,-0.1891072471338755,-18.124983590269956,1.9689326640002491,-1,-0.002723328794452029
1574.65,-2.534763542464816,-0.19719813095401628,-21.108078947958493,3.694012334995932,-1,0.004667703934207568
1582.0,-1.9122768201234521,0.1417628637957824,-10.376554508920307,0.0,-1,-0.003223767383059406
1576.9,-1.866677057275865,0.062454208881123074,-14.506391885850029,0.0,-1,0.003392732576574131
1582.25,-1.242487421079204,0.2288812816925947,-7.518741253759266,0.0,-1,-0.001422025596460763
1580.0,-1.0143519845576066,0.15233890607139733,-9.565500364558304,0.0,-1,-0.0007594936708861244
1578.8,-0.9157549342503444,0.0836453187928865,-10.687910807045967,0.0,-1,0.0014568026349126573
1581.1,-0.5984768312423512,0.1336411406002932,-7.300542354692169,0.0,-1,-0.0013914363417872888
1578.9,-0.5732980438015147,0.05293997601370992,-9.691694072510245,0.0,-1,0.0013300399011970665
1581.0,-0.3379338130976066,0.09610140223920605,-6.345158226072009,0.0,-1,-0.0006325110689436864
1580.0,-0.2754238799875566,0.052870445116418696,-7.60279998301376,0.0,-1,0.0008544303797468622
1581.35,-0.10871692343357608,0.0731924672234664,-5.216712643784881,0.0,-1,0.0014544534732983116
1583.65,0.1753629651295796,0.11909078526220737,-1.2017706082175295,0.0,-1,0.0004735894926277684
1584.4,0.365289328983863,0.1030057163721636,0.11251944768068256,0.0,-1,0.010950517546074234
1601.75,1.8756450668290654,0.5377871514057888,19.943394545347388,-3.585323697833701,-1,-0.0037459029186827086
1595.75,1.9745191801823694,0.21222042158636434,10.67565087828207,0.0,-1,0.0015353282155725623
1598.2,2.0635796385104186,0.10042695997147111,12.905663103095236,-0.20497320189701895,-1,0.0032536603679138576
1603.4,2.369478231132007,0.13544185086435334,17.28125747178875,-2.0600760938659732,-1,0.00015591867282016558
1603.65,2.345804341515077,0.03725598708247446,17.486134001785658,0.0,-1,0.00043650422473717754
1604.35,2.1968170349136926,-0.037243773172969785,18.107432930946473,0.0,-1,-0.0005921401190511766
1603.4,1.8600886287035792,-0.12465739312769442,16.19989855432911,0.0,-1,0.0009978795060496815
1605.0,1.67005037320655,-0.10489854954157463,17.88320773676155,0.0,-1,0.0005919003115264498
1605.95,1.5150270476908645,-0.08664062501908676,18.904851839385202,0.0,-1,0.0023350664715589
1609.7,1.6237631309588778,0.007365152749642112,22.712035009631066,0.0,-1,0.000590172081754492
1610.65,1.6219842450127544,0.0018620889345062341,23.621145971231783,0.0,-1,0.007264148014776595
1622.35,2.4609294482886526,0.28026909740346806,31.881357227608234,-0.15298763507485091,-1,-0.002219003297685429
1618.75,2.3753245959026117,0.06488808167247573,23.963184667556476,0.0,-1,0.0038610038610038533
1625.0,2.6554117867178775,0.11499175749591384,28.056544747431218,0.0,-1,0.0018461538461538307
1628.0,2.8241710665656683,0.09458367911456822,29.754114366467206,0.0,-1,0.0003685503685502134
1628.6,2.7232031176088185,-0.002128089947427192,30.096286144472955,0.0,-1,0.0008289328257400363
1629.95,2.5582855499965262,-0.055681885853239965,30.903165850016606,0.0,-1,-0.007024755360593882
1618.5,1.308469637024018,-0.4351659329419162,8.53913128271735,0.0,-1,-0.004541241890639425
1611.15,-0.03797745588099133,-0.5938710086156419,-1.1017604387709525,0.0,-1,0.011637650125686516
1629.9,0.854463785656435,0.09952341097392814,15.16135158479321,0.0,-1,0.005859255169028854
1639.45,2.025312424287222,0.42345734986823835,20.4783653343614,0.0,-1,0.004025740339748118
1646.05,2.991960708245415,0.4633685446088105,23.57518869701319,-1.8406502824277595,-1,0.0014884116521369783
1648.5,3.430121457870655,0.3005097647446835,24.671091765987597,0.0,-1,-0.0009099181073702889
1647.0,3.238358377860777,0.03624889491160177,22.62223075184228,0.0,-1,-0.0071645415907710674
1635.2,1.889280306367482,-0.4376097255272313,8.574222101319862,0.0,-1,-0.0006727005870842406
1634.1,0.9656345784235327,-0.453751817823727,7.423675182485077,0.0,-1,0.0032433755584113655
1639.4,0.8650088329163736,-0.18479252111029543,11.474865471972642,0.0,-1,0.0027754056362083723
1643.95,1.1217785574197023,0.023992401131011087,14.680554338337657,0.0,-1,-0.0008211928586636663
1642.6,1.0441818732197135,-0.01786809435632586,12.953612451122545,0.0,-1,-0.0041397784000973825
1635.8,0.3517017083513565,-0.23678275307489427,4.769437484547787,0.0,-1,-0.0029649101357133167
1630.95,-0.42801351644538954,-0.3388326592905468,-0.34617111725907534,0.0,-1,-0.006744535393482298
1619.95,-1.6988700024733134,-0.5365630484394903,-9.806800761754808,0.0,-1,0.005987839130837447
1629.65,-1.3843924119478288,-0.07402848597133516,-0.3983127629773051,0.0,-1,0.007240818580676711
1641.45,-0.12845424902297964,0.3939698923178381,8.439046828187188,0.0,-1,0.0006396783331810152
1642.5,0.5977193531914509,0.37338116484408956,9.14730568819683,0.0,-1,-6.0882800608785814e-05
1642.4,0.9026628748658823,0.226108228839507,9.040835700363814,0.0,-1,-0.004901363857769181
1634.35,0.3090793961309828,-0.12249174996513085,0.8531125591133559,0.0,-1,0.001682626120476094
1637.1,0.21569770708606484,-0.07195781300334958,3.3107717184263947,0.0,-1,0.015148738623175229
1661.9,2.2176987203065437,0.6433477334057098,18.896124008079383,-5.212394630379777,-1,0.005596004573078961
1671.2,3.8088910002245484,0.7448466711079051,22.694046001502016,-7.890114459332153,-1,-0.004248444231689907
1664.1,3.695412890164789,0.21045618701604862,15.871279354176622,0.0,-1,-0.0026741181419385196
1659.65,2.9598894276211922,-0.17502242517584943,11.829989488432133,0.0,-1,-0.001566595366493062
1657.05,2.1288035773809497,-0.33536942513869716,9.461714343163472,0.0,-1,0.00419420053709918
1664.0,2.1150270208124766,-0.11638199390239024,13.602420695636496,0.0,-1,0.0
1664.0,1.931886490793886,-0.09984084130699378,13.602420695636496,0.0,-1,-0.0034555288461538547
1658.25,1.2001590182183008,-0.2771894379608597,7.593699524499684,0.0,-1,0.004372078998944762
1665.5,1.3384486970792295,-0.04629991969997693,12.550304914544185,0.0,-1,0.0031822275592914284
1670.8,1.737722811752974,0.11765806499125575,15.797491687431503,0.0,-1,0.0045786449604980906
1678.45,2.430049634777106,0.2699949626717961,19.973039086490445,0.0,-1,0.0020852572313740936
1681.95,2.8653755767243183,0.23510696820633603,21.727652445616954,0.0,-1,0.003032194773923136
1687.05,3.269257249637576,0.2129962137065311,24.171267385473598,0.0,-1,-0.0018671645772204704
1683.9,2.9362599819578463,-0.040000351324399386,20.01810310834881,0.0,-1,-0.0024348239206604116
