close,MACD,MACDandSIG,RSI,Bollinger,Fibonacci,Percent
646.9,-0.3610490981095609,-0.19639347254124587,-14.358425047503097,0.0,-1,0.0
646.9,-0.6437351965837479,-0.15969319033847768,-14.35842504750309,0.0,-1,-0.0007729169887153997
646.4,-0.7731003127721578,-0.09635276884229593,-15.27092847288798,0.0,-1,0.0010829207920792783
647.1,-0.7150245114686413,-0.012758989179593172,-12.771029852185109,0.0,-1,-0.0004636068613816935
646.8,-0.6514012348612823,0.01695476247592198,-13.437859536462597,0.0,-1,0.00030921459492905257
647.0,-0.5486394936523311,0.03990550122829106,-12.607197434638458,0.0,-1,0.0
647.0,-0.4515386652435609,0.04566877654568707,-12.607197434638458,0.0,-1,0.007109737248840897
651.6,0.017973304397855827,0.17172691539570126,4.361544116112512,0.0,-1,0.002071823204419898
652.95,0.36373151385203073,0.17249504161662538,8.067572991037807,0.0,-1,7.657554177198378e-05
653.0,0.5104663257581024,0.10640995117423235,8.20723320609956,0.0,-1,0.0011485451761101828
653.75,0.6037948712313437,0.06657949888249126,10.405144778751776,0.0,-1,0.002447418738049656
655.35,0.7334762380319262,0.06542028856102455,14.793916722204997,0.0,-1,0.005569542992294174
659.0,1.0413605682630305,0.12443487293070965,22.51572358168484,0.0,-1,0.004552352048558417
662.0,1.358522686023207,0.14719899689696203,27.102214925772714,-1.5405814133489457,-1,0.007703927492447082
667.1,1.8288935210680393,0.2058566106472648,32.59004188368412,-3.5387353042464156,-1,0.002548343576675105
668.8,2.0533378118348082,0.143433633804678,34.009447860937996,-2.2090864862011586,-1,-0.00508373205741619
665.4,1.7111151395653224,-0.06626301282160263,21.12367231930115,0.0,-1,-0.004658851818455045
662.3,1.139077541800134,-0.21276687019559692,11.558158212417126,0.0,-1,0.0010569228446324352
663.0,0.8164689477674756,-0.1784584880760851,12.812972474214632,0.0,-1,0.0011312217194570096
663.75,0.6496255717705708,-0.1151006213576633,14.203983809014701,0.0,-1,-0.001129943502824804
663.0,0.4495684194579326,-0.1050525912234338,11.642016795616925,0.0,-1,-0.0062594268476621195
658.85,-0.03375752498664042,-0.19612617855600228,-0.5015772721151635,0.0,-1,-0.002580253471958782
657.15,-0.4142740367933584,-0.1922142301209068,-4.574691609880638,0.0,-1,-0.0005326029064901538
656.8,-0.5991761229638541,-0.12570543876380086,-5.413978758799395,0.0,-1,0.0017509135200974857
657.95,-0.5458624891355157,-0.024130601645154126,-1.9123457382542313,0.0,-1,0.0009879170149706962
658.6,-0.41955046479336033,0.03406047423233377,0.06915052106704422,0.0,-1,-0.00022775584573331287
658.45,-0.3339319138895007,0.03989300837873111,-0.4161361494331999,0.0,-1,-0.0006834231908270372
658.0,-0.300794978946783,0.024343314440482933,-1.9679444049125223,0.0,-1,0.0041793313069908855
660.75,-0.02999359656314482,0.09838156560804037,7.140123805102341,0.0,-1,-0.0006810442678775175
660.3,0.07040656100889464,0.06626057439335994,5.375525306638721,0.0,-1,0.004997728305315974
663.6,0.38973942637744585,0.12853114658730375,14.346932129160194,0.0,-1,0.0006027727546713546
664.0,0.5502609068636275,0.0963508756911618,15.286839662385717,0.0,-1,0.0022590361445782303
665.5,0.7096665715347399,0.08525218012075808,18.722491405691784,0.0,-1,0.011870773854244954
673.4,1.3885638562423992,0.25471648827613924,30.193741467182647,-2.3957500476190035,-1,-0.0034897534897535554
671.05,1.4164655105761312,0.09420604753662376,21.523599315527136,0.0,-1,0.001341181730124541
671.95,1.3873775451949086,0.02170602738513372,22.77607311427093,0.0,-1,0.0028275913386413
673.85,1.4155521004047387,0.01662686086498799,25.322085922176427,0.0,-1,0.002003413222527284
675.2,1.4241767029759558,0.008417154478735034,27.01884188193499,0.0,-1,-0.005035545023696852
671.8,1.0264742790135415,-0.12976175649455968,14.59124325214114,0.0,-1,0.00029770765108660946
672.0,0.758750210447829,-0.13249527502009073,14.960776296204642,0.0,-1,-0.0027529761904762085
670.15,0.4074923252943563,-0.16125105339118784,8.667989338782178,0.0,-1,-0.00022383048571217312
670.0,0.18540568894309217,-0.1277792299141507,8.160418842933126,0.0,-1,0.004402985074626997
672.95,0.30474523002226306,-0.0028132296116599176,14.812684025521023,0.0,-1,-0.0016345939520023833
671.85,0.24735289805994398,-0.020068520524659683,10.807110123747599,0.0,-1,-0.0034233831956539396
669.55,0.006377323907145183,-0.0870146982258195,3.1725369023915064,0.0,-1,0.002165633634530817
671.0,0.006191426505097297,-0.029066865209289132,6.958011888112445,0.0,-1,0.0022354694485842153
672.5,0.1305825255954005,0.031774744627004706,10.617372317655068,0.0,-1,-0.0011152416356877692
671.75,0.11939619800750734,0.006862805679703848,7.8833983201212945,0.0,-1,-0.0018608113137328353
670.5,-0.00031331562036029936,-0.0376155693160546,3.421500733533044,0.0,-1,0.002460850111856816
672.15,0.07735803720072454,0.013351927835010075,8.152633461309996,0.0,-1,0.0031243026110243655
674.25,0.2847472105112274,0.07358036704850432,13.408588525967481,0.0,-1,-0.0009640341119762086
673.6,0.310546196290602,0.033126450942626284,10.78305488933291,0.0,-1,-0.0003711401425178229
673.35,0.2767335061560061,-0.00022874639732317625,9.726192428197997,0.0,-1,0.0018563896933243562
674.6,0.34093270224241223,0.021323483229694296,13.27382879548749,0.0,-1,-0.00029647198339766145
674.4,0.3279545750987154,0.002781785361999134,12.298233686705075,0.0,-1,-0.0005931198102016033
674.0,0.26080263026858574,-0.02145671982271019,10.234386780090666,0.0,-1,-0.0029673590504450953
672.0,0.038826438664614216,-0.08114430380889391,0.871609029296593,0.0,-1,0.0014880952380953438
673.0,0.007936139640492001,-0.03734486761100538,4.776855700766916,0.0,-1,-0.00022288261515601704
672.85,-0.02067035484162716,-0.021983787364374844,4.060636703387388,0.0,-1,-0.002229323028906882
671.35,-0.1582510725125985,-0.0531881683451154,-2.797018681773608,0.0,-1,0.0006702912042897413
671.8,-0.17635384197205894,-0.023763645934858607,-0.6551310211982155,0.0,-1,-0.006251860672819243
667.6,-0.5207090732041024,-0.12270629238896741,-15.267428257172135,1.1960833888964544,-1,-0.00014979029358896945
667.5,-0.6578275993864509,-0.08660827285710526,-15.537408898708804,0.44431705381305164,-1,-0.01048689138576775
660.5,-1.2549012291954114,-0.2278939675553553,-28.522312563461423,4.380080846268584,-1,-0.00416351249053748
657.75,-1.6780296083335315,-0.21700744889782508,-31.555803427372865,4.1408604970552005,-1,0.0015203344735841284
658.75,-1.6664246638748637,-0.06846750147971914,-27.152966509165044,1.0258657333357633,-1,-0.005692599620493399
655.0,-1.834253469656005,-0.07876543575362027,-31.348445265105486,1.955683634212619,-1,0.002595419847328362
656.7,-1.6236467500751814,0.04394709460906787,-24.461035475048824,0.0,-1,-0.0016750418760469454
655.6,-1.4747061611118397,0.06429589452413653,-25.926410455990915,0.0,-1,0.0012202562538132788
656.4,-1.2106770198709,0.10944167858835874,-22.561995925154914,0.0,-1,-0.0024375380865326868
654.8,-1.1111060309278855,0.0696708891771245,-25.02161820004614,0.0,-1,-0.00442883323152099
651.9,-1.210395033879081,-0.009872704591356918,-28.841398362847965,0.0,-1,0.0009203865623561569
652.5,-1.1091732825314011,0.030449682252107646,-26.163871575149034,0.0,-1,-0.0030651340996168397
650.5,-1.132797966646649,0.0022749993789532574,-28.82703284148468,0.0,-1,-0.0005380476556495761
650.15,-1.0793771448170446,0.018565273736185883,-29.27723237976171,0.0,-1,-0.0006921479658539287
649.7,-1.000218638500769,0.03257459335082058,-29.888142697859323,0.0,-1,-0.00038479298137605866
649.45,-0.8981211654676144,0.04489068879465841,-30.24758963593614,0.0,-1,-0.012934021094772596
641.05,-1.472228998495325,-0.17640571474435074,-38.15259984119474,0.0,-1,-0.0029638873722798165
639.15,-1.7949304984679202,-0.1663690715723154,-39.23531783001359,0.0,-1,-0.0007822889775482844
638.65,-1.848370373581929,-0.07326964889544141,-39.51548329788994,0.0,-1,0.0027401550144836584
640.4,-1.5752261133403636,0.06662487044870802,-31.28802826468028,0.0,-1,-0.0075733916302311854
635.55,-1.7115518071078668,-0.02323360777293182,-35.41576648317081,0.0,-1,0.011564786405475536
642.9,-1.0245853367326845,0.22124428753408343,-12.281538277967805,0.0,-1,0.0006221807435060622
643.3,-0.5623866568173526,0.2278143224831385,-11.277959631913859,0.0,-1,-0.027048033576869246
625.9,-1.7344217621249527,-0.3147402609414873,-28.231652046063864,4.211149629169768,-1,0.003355168557277466
628.0,-2.000904167935005,-0.1937408889171799,-23.893169086724935,0.0,-1,0.0014331210191083077
628.9,-1.8924033568454206,-0.028413359275865302,-21.99200172919497,0.0,-1,-0.0033391636190173157
626.8,-1.855452671563512,0.002845775335347689,-23.743414757835406,0.0,-1,-0.011805998723675826
619.4,-2.2990229396256154,-0.14690816424225206,-28.907605800153682,0.06803485438626922,-1,0.013884404262189287
628.0,-1.6125561620211784,0.17985287112072834,-12.926058988907045,0.0,-1,0.0007961783439489611
628.5,-1.093276426383909,0.23304420225266598,-12.11338901434236,0.0,-1,-0.003977724741447863
626.0,-0.9508635230332629,0.12515236853443734,-14.649709683892823,0.0,-1,0.0011980830670925702
626.75,-0.7379184444384919,0.11269914904306944,-13.238540812686175,0.0,-1,0.0043877143996808865
629.5,-0.34078603477121305,0.1699438529034495,-8.074094393414981,0.0,-1,-0.003971405877680745
627.0,-0.3221543270399252,0.06285852021157912,-11.269050425345817,0.0,-1,0.00382775119617218
629.4,-0.08599227925435571,0.09967352266571622,-6.6631762216144566,0.0,-1,0.003018748013981609
631.3,0.19758810124301363,0.12775130105436186,-3.1486786739726966,0.0,-1,-0.002059242832250785
630.0,0.21457928305471796,0.04824749428868874,-5.258381394577377,0.0,-1,-0.008333333333333304
624.75,-0.23230673296063742,-0.13287950724222222,-12.779105642603398,0.0,-1,-0.006962785114045689
620.4,-0.7988908465548548,-0.23315454027881322,-17.767187977327026,0.0,-1,-0.003707285622179146
618.1,-1.207275332805807,-0.2138463421765885,-20.11967981703621,0.0,-1,0.007199482284419911
622.55,-0.9400279648640435,0.01780034192172497,-10.61003814084301,0.0,-1,-0.004015741707493414
620.05,-0.9364019504878343,0.007142118765978034,-13.684399720852454,0.0,-1,0.0033868236432545995
622.15,-0.6815554474258079,0.08732954060933484,-9.360239242539862,0.0,-1,-0.002089528248814476
620.85,-0.6056692419426781,0.054405248697488195,-11.173572886645381,0.0,-1,0.015704276395264616
630.6,0.2952462976275001,0.3184402627558888,5.407347580708354,0.0,-1,-0.0017443704408500738
629.5,0.6294335426102862,0.21754250257955832,3.5866129319353064,0.0,-1,0.0008737092930897195
630.05,0.7899077032175228,0.12600555439559835,4.418746526302719,0.0,-1,-0.0019839695262280355
628.8,0.7001524749197188,0.012083442032598146,2.061675093693779,0.0,-1,-0.009701017811704737
622.7,0.08859548786085725,-0.19982451500875448,-7.8398791291111465,0.0,-1,-0.004817729243616453
619.7,-0.47456596299036846,-0.25432865528666004,-11.809007024041122,0.0,-1,0.002743262869130181
621.4,-0.5749328581667896,-0.11823185015436044,-8.350241954823936,0.0,-1,0.004103636948825429
623.95,-0.36470523424111434,0.030665257923771616,-3.372466303735308,0.0,-1,-0.005529289205865928
620.5,-0.5166993194249017,-0.040442942420005235,-8.67238714920898,0.0,-1,-0.00725221595487513
616.0,-0.9246380853979872,-0.1494605694643636,-14.517490283049355,0.0,-1,0.014285714285714235
624.8,-0.31822096126813904,0.15231885155516156,0.648742836272163,0.0,-1,-0.002080665813060101
623.5,-0.0968273190974287,0.12457083124195731,-1.232934091034437,0.0,-1,-0.0020850040096229705
622.2,-0.08639488808728402,0.04500108741736733,-3.166207201149639,0.0,-1,0.0012857602057214645
623.0,-0.007312431908303552,0.041361181198782605,-1.7630995823727034,0.0,-1,0.02038523274478332
635.7,1.0911714988402537,0.37994837064911335,14.679057980547768,-2.2293854172049805,-1,0.0
635.7,1.549482505977835,0.2794197925955648,14.679057980547768,-0.3801961639359206,-1,-0.0005505741702060973
635.35,1.6203478007151944,0.1167616957776414,13.987524604473123,0.0,-1,-0.022664673014873626
620.95,0.3207514646908294,-0.39427821341557456,-7.019770234222236,0.0,-1,0.00434817618165706
623.65,-0.13077599204552826,-0.2819352233839774,-3.3694866186590176,0.0,-1,-0.0010422512627275005
623.0,-0.39980838774329186,-0.18365587302724706,-4.154549553214913,0.0,-1,0.004253611556982229
625.65,-0.28017388661351106,-0.021340457299155402,-0.31712292343375026,0.0,-1,0.017341964357068695
636.5,0.7071578545024977,0.32199709460561776,11.94911222170775,0.0,-1,-0.00023566378633144147
636.35,1.1293939038520193,0.24807771465171313,11.717998182429376,0.0,-1,0.0031429244912390963
638.35,1.4130624365390076,0.17724874911290045,13.7230177731727,0.0,-1,0.0077543667267172545
643.3,1.8496414998376167,0.2046092708038365,18.290216891855877,-0.14343333202077702,-1,-0.002875796673402653
641.45,1.7596275731672222,0.03819844804448058,14.897328058015574,0.0,-1,0.0038974199080208383
643.95,1.7763183120679287,0.01829639564839569,17.33418694825815,0.0,-1,7.764577995184041e-05
644.0,1.6408038221793504,-0.039072698080060864,17.38450243758483,0.0,-1,-0.004891304347826031
640.85,1.1738129253867555,-0.16868786495755184,10.826124841748708,0.0,-1,-0.0014043848014355653
639.95,0.767499733208183,-0.19166701904537486,9.00306709543154,0.0,-1,-0.006016095007422506
636.1,0.17955149268493642,-0.25987175318954053,1.6457336675819505,0.0,-1,0.0035371796887282425
638.35,0.05811474803283545,-0.12710283261388053,5.267715041426499,0.0,-1,-0.0025064619722723336
636.75,-0.14077985329595322,-0.10866581131422307,2.1795083998555356,0.0,-1,-0.002355712603062443
635.25,-0.35349549951899917,-0.10712715251242302,-0.6905689504768375,0.0,-1,-0.0033057851239669533
633.15,-0.6053953643372552,-0.1196756724435597,-4.577032904161555,0.0,-1,-0.0075811419095001
628.35,-1.080895683051608,-0.19839199705263755,-12.152963171333475,0.0,-1,0.0019893371528607595
629.6,-1.1244045354877699,-0.08063361649626644,-9.291556492316829,0.0,-1,-0.0030177890724268908
627.7,-1.210791917081906,-0.05567366603013424,-12.228421351373427,0.0,-1,-0.007487653337581723
623.0,-1.5447529481220954,-0.12987823235677465,-18.47877150782871,0.0,-1,0.005939004815409321
626.7,-1.2746707179654777,0.04673466593328102,-9.820162014023786,0.0,-1,-0.0027924046593266194
624.95,-1.1792403763898847,0.04738833583629143,-12.32370037228398,0.0,-1,0.0
624.95,-1.0332551742362739,0.06445784599663407,-12.323700372283987,0.0,-1,-0.017921433714697232
613.75,-1.8074913086397828,-0.2365927628022917,-24.753079517862492,3.165637911662884,-1,-0.0036659877800406804
611.5,-2.2314851001215175,-0.22019551809467552,-26.484703674529428,1.5646603345296626,-1,-0.013654946852003302
603.15,-2.953358237519069,-0.31402288516407584,-31.669028026244398,4.665975578468874,-1,8.289811821282633e-05
603.2,-3.064014953091146,-0.14155986691205102,-31.549408096873165,0.3456402278480937,-1,8.289124668436898e-05
603.25,-2.8598420647862213,0.020871007130957686,-31.41690737420597,0.0,-1,0.0
603.25,-2.519435448568288,0.12042587444963049,-31.41690737420597,0.0,-1,0.00016576875259022295
603.35,-2.1309458530786287,0.16963848997976338,-31.091581816750498,0.0,-1,-0.0019888953343830673
602.15,-1.859122234243955,0.14715403627147916,-32.04801533207757,0.0,-1,-0.005563397824462357
598.8,-1.847450238639567,0.05294201062528914,-34.482671287992055,0.0,-1,0.00484301937207765
601.7,-1.4459933876173636,0.15146628721583077,-24.733828973853537,0.0,-1,-0.008143593152734052
596.8,-1.5330988464714892,0.021453609453901734,-29.232848790348875,0.0,-1,0.002429624664879393
598.25,-1.328060005359248,0.07549748352204766,-24.850541437653273,0.0,-1,0.0042624320936062166
600.8,-0.9023689176899552,0.1670628570637802,-17.550037711703638,0.0,-1,-0.001165113182423294
600.1,-0.6726592973811876,0.13225749245751595,-18.487504786495553,0.0,-1,-0.0018330278286952106
599.0,-0.5934162124449358,0.07050019246458927,-20.000733584758002,0.0,-1,-0.002420701168614481
597.55,-0.6251766522731259,0.012913250878799687,-21.97200593139722,0.0,-1,0.003598025269851979
599.7,-0.40979215116442447,0.0760992506625004,-14.94150467993903,0.0,-1,-0.001667500416875134
598.7,-0.35128388801308574,0.044869171271279706,-16.62629602518063,0.0,-1,0.0013362284950726444
599.5,-0.22608943243631074,0.056687875616018235,-13.89681825990219,0.0,-1,0.0004170141784820558
599.75,-0.12381808527823068,0.05298640759136611,-13.000656357903594,0.0,-1,0.00041684035014588616
600.0,-0.0415309045927188,0.045091196092292674,-12.033950886850704,0.0,-1,-0.008583333333333276
594.85,-0.4260930722005014,-0.11315699050516331,-21.902301335263513,0.52386566628536,-1,0.004875178616457809
597.75,-0.34119973332110476,-0.009421217208588906,-11.844590677709242,0.0,-1,0.0012547051442910462
598.5,-0.2078197527712291,0.04131958778042891,-9.454777979050505,0.0,-1,-8.354218880524122e-05
598.45,-0.1279781164320184,0.04038707470654654,-9.570502852956544,0.0,-1,0.008104269362519734
603.3,0.3267742114402381,0.16504646752626767,4.44360876408372,0.0,-1,0.004641140394497034
606.1,0.760252524422981,0.19950826016967016,10.416950228233468,-1.6364710937399423,-1,-0.0018973766705163708
604.95,0.8178039705456968,0.08568656876412861,7.005922088045857,0.0,-1,-0.013720142160509208
596.65,0.08676269606166898,-0.21511823523996643,-10.760154633825778,0.0,-1,0.0012570183524680534
597.4,-0.22348816585213171,-0.17512303238458907,-8.916625175081514,0.0,-1,-0.0015065282892533505
596.5,-0.4349895829880097,-0.12887481650682237,-10.514022107144342,0.0,-1,0.0009220452640401611
597.05,-0.4586578263069896,-0.05084768660860073,-8.957471467476758,0.0,-1,-0.0037685285989448314
594.8,-0.6197704624408971,-0.07065344091416936,-13.25379561254148,0.0,-1,0.0020174848688636615
596.0,-0.5486792419710582,0.00014592651855649397,-9.559191225558656,0.0,-1,-0.0026845637583893245
594.4,-0.6007436949051908,-0.017306175471858642,-12.779924960174398,0.0,-1,-0.0411339165545086
569.95,-2.6142139467968946,-0.676925475787854,-34.17670214861194,12.958979920108618,-1,-0.004561803666988329
567.35,-3.6197645771762836,-0.5608253687224143,-35.18312331366339,8.750874785959013,-1,-0.00898916013043094
562.25,-4.245892844268042,-0.3956512119380573,-36.98702794696898,7.06638834253954,-1,0.006136060471320759
565.7,-3.9176325741248093,-0.022463647264941766,-29.69429131097362,0.0,-1,-0.008308290613399438
561.0,-3.818699724542853,0.02548973410567168,-31.9809632475751,0.0,-1,-0.00989304812834213
555.45,-3.9135083227066616,-0.023106288019378862,-34.300606514891605,0.0,-1,0.003690701233234339
557.5,-3.463953594896225,0.14214947993035265,-30.070229520707596,0.0,-1,-0.0034977578475337
555.55,-3.113013431416448,0.16436321447004332,-31.07402420967587,0.0,-1,0.011790117901179231
562.1,-2.1322922303918403,0.38169480516488363,-18.245398119363344,0.0,-1,0.001601138587439932
563.0,-1.38924061068019,0.3749154749588448,-16.635628904209682,0.0,-1,0.007104795737122638
567.0,-0.5686114166010157,0.3985148896793398,-9.683475827315256,0.0,-1,0.010582010582010692
573.0,0.3890874651552849,0.4520712571452135,-0.842703432726033,0.0,-1,0.0013089005235602524
573.75,0.8980129506038566,0.32033224753126177,0.18221203110175566,0.0,-1,-0.0004357298474945148
573.5,1.0568079474444403,0.1597090814572818,-0.18967839017746257,0.0,-1,0.02537053182214466
588.05,2.260638116911082,0.4545130836413078,16.070444832430823,0.0,-1,-0.012498937165206891
580.7,2.0616666919017916,0.08518055287733928,5.90469261510389,0.0,-1,-0.0022386774582401348
579.4,1.6820420884052965,-0.09814801687305197,4.263888617356713,0.0,-1,0.007680358992060876
583.85,1.7228929459565734,-0.019099053107258346,8.856729520545159,0.0,-1,0.0071079900659416495
588.0,1.9455772959025808,0.06786176561291635,12.73444010209078,0.0,-1,-0.0005102040816326037
587.7,1.86978802955025,-0.002642500246471391,12.263096146135474,0.0,-1,-0.006295729113493409
584.0,1.367744393911721,-0.16822871196166678,6.450894124465478,0.0,-1,0.00042808219178080975
584.25,1.023577209933137,-0.1707986319800836,6.753970443653898,0.0,-1,0.0026529738981599937
585.8,0.8953621837827086,-0.09967121937683732,8.732445916127809,0.0,-1,0.003072721065210171
587.6,0.906641155392208,-0.029464082589112595,11.03273616940983,0.0,-1,0.00723281143635135
591.85,1.1908938782477207,0.08492954675546671,16.004088220325414,0.0,-1,0.0011827321111768097
592.55,1.2921124164881803,0.06204936166530883,16.77970063089117,0.0,-1,-0.0005906674542230927
592.2,1.2058789842343458,-0.008061356862841818,15.943866771414918,0.0,-1,-0.0003377237419791568
592.0,1.0456056860879244,-0.056111551669754345,15.423952531437791,0.0,-1,0.0027871621621620157
593.65,1.015835229840718,-0.028627335972320145,17.754399433376648,0.0,-1,0.00597995451865585
597.2,1.2121303992303183,0.05588927780576003,22.22902671780777,0.0,-1,-0.0038513060951106404
594.9,1.0176004506560048,-0.04621355692285123,15.669025203470284,0.0,-1,0.0002521432173474558
595.05,0.8480354388141222,-0.0719261895882446,15.893491095368091,0.0,-1,-0.0023527434669354808
593.65,0.5759166463253678,-0.11468166069233299,11.709321657636288,0.0,-1,-0.004632359134169928
590.9,0.16269752955383865,-0.17596692582128737,4.198063880390315,0.0,-1,-0.0023692672194955966
589.5,-0.17413682296148636,-0.1709337594455375,0.7068131220045757,0.0,-1,-0.0145886344359627
580.9,-1.0447092639723223,-0.34716873348545785,-14.778822788216253,0.0,-1,0.0070580134274402795
585.0,-1.0512697124801207,-0.1179097273310854,-5.758596058669866,0.0,-1,0.004444444444444473
587.6,-0.7502774606939511,0.061027508151694776,-0.7766875210045185,0.0,-1,0.0023825731790332316
589.0,-0.4205915464096961,0.13023780747864988,1.7998951476974625,0.0,-1,-0.009507640067911716
583.4,-0.6873659604000295,-0.04551220217056118,-7.7325308368796115,0.0,-1,-0.002828248200205663
581.75,-0.9009726706951824,-0.08637297082190465,-10.134279650721503,0.0,-1,0.000687580575848612
582.15,-0.8993616366182096,-0.028253978914977274,-9.227753908045855,0.0,-1,-0.016318818174010152
572.65,-1.6152759831949197,-0.24805610849722926,-20.831404650544442,3.8222608769519866,-1,-0.0015716406181786047
571.75,-1.913626824550306,-0.18213564995087195,-21.67980842740942,1.768463219502678,-1,0.0019239177962395715
572.85,-1.811666676515415,-0.026725167305327036,-18.956058852249946,0.0,-1,-0.004975124378109541
570.0,-1.8472143794550675,-0.0207576234149931,-22.017122604228405,0.0,-1,0.002456140350877156
571.4,-1.5943870326369733,0.07735657446770028,-18.339171921853097,0.0,-1,0.002975148757437873
573.1,-1.1934411065082031,0.15943416686549017,-13.933833679290188,0.0,-1,-0.0033153027394869916
571.2,-1.0518480512347423,0.10034240737965039,-16.60700669040596,0.0,-1,0.0028886554621847527
572.85,-0.7558975193284141,0.1320976464286595,-12.16135538486359,0.0,-1,0.0008728288382648941
573.35,-0.5032641267646341,0.12824367966414651,-10.795113168384354,0.0,-1,0.0005232406034707537
573.65,-0.3100087532523048,0.10716635105882527,-9.917168296137731,0.0,-1,8.716116098672622e-05
573.7,-0.18338033705845191,0.07793158908422604,-9.75736113871686,0.0,-1,-0.003137528324908656
571.9,-0.2547844342067265,0.0021758306453171783,-13.636784827543359,0.0,-1,-0.009179926560587526
566.65,-0.7067544465969604,-0.14993139391497223,-22.292795163759386,0.0,-1,0.0061766522544781655
570.15,-0.5821765822423686,-0.008451176520126835,-11.456315052098304,0.0,-1,-0.02551960010523535
555.6,-1.6838729348781953,-0.37004917638531776,-27.225183872365573,3.5765839233773704,-1,-0.012868970482361353
548.45,-2.6902316999561435,-0.458802647154422,-31.38372211448954,6.136007099386234,-1,-0.0008204941197922366
548.0,-3.006725107498937,-0.25843201823240536,-31.618432510342974,3.2405106873754903,-1,-0.005109489051094762
545.2,-3.147744718978629,-0.13315054323736586,-33.092201906939124,2.1297773984450714,-1,-0.009537784299339824
540.0,-3.389275798136964,-0.12489387413190034,-35.49239184432811,2.7147328428211495,-1,-0.008518518518518592
535.4,-3.610935021204682,-0.11551769906653941,-37.268789657284515,2.4788947540033632,-1,-0.0007471049682480357
535.0,-3.4541867143049103,0.013743535944410912,-37.41764553195169,0.0,-1,0.010093457943925133
540.4,-2.637963667996246,0.2766555274176916,-24.373752243894998,0.0,-1,0.002128053293856347
541.55,-1.9141885058422758,0.33347689652388723,-21.83733940792963,0.0,-1,-0.004616378912381092
539.05,-1.6011185492784534,0.21551561769590322,-23.980701256340136,0.0,-1,-0.0028754289954548984
537.5,-1.4403236918900575,0.12543682502809972,-25.276906591314248,0.0,-1,0.0023255813953488857
538.75,-1.135732622204955,0.1433426315710673,-22.060213920607712,0.0,-1,-0.00046403712296982924
538.5,-0.9096260355120194,0.12314973942133434,-22.323031140417633,0.0,-1,0.0009285051067779992
539.0,-0.6791039058728074,0.11789062302018205,-20.842184210323516,0.0,-1,-0.030055658627087256
522.8,-1.857250848897138,-0.3534187733347163,-33.21481712147656,0.0,1,0.0040168324407039435
524.9,-2.1165534163345683,-0.20424044692404886,-28.421833940364717,0.0,1,0.0019051247856733955
525.9,-1.9864919153586698,-0.024726315316050185,-26.102608425281453,0.0,1,-0.005609431450846025
522.95,-2.0017535052575113,-0.013329301738297161,-28.214417576605513,0.0,1,-0.003824457405105619
520.95,-2.009238174768825,-0.006937990416536977,-29.574139205093523,0.0,1,0.005662731548133015
523.9,-1.599710661627114,0.13419650757505797,-22.189884188867186,0.0,1,-0.0017178850925748668
523.0,-1.3366376832539117,0.1324231619827534,-23.03801830097143,0.0,1,-0.013193116634799162
516.1,-1.6687147204629582,-0.06655129174209762,-28.598069134759545,0.0,1,0.0320674287928695
532.65,-0.316527012362144,0.4285454721195723,-0.7220750832855458,0.0,-1,0.022247254294564867
544.5,1.3734440927183869,0.7061721924000343,10.44015379501387,0.0,-1,0.0022956841138659367
545.75,2.2081426375320916,0.5136235790712464,11.434867031546624,0.0,-1,0.007604214383875263
549.9,2.787313356811296,0.364264766116817,14.70835520533457,0.0,-1,0.020549190761956826
561.2,3.786289270049906,0.4544135597851424,21.919558145189896,-3.559836637463718,-1,-0.002405559515324396
559.85,3.8577531208318305,0.17529247018902216,20.02034852271008,0.0,-1,-0.02884701259265876
543.7,2.226172286153428,-0.48542945482979327,1.8280675060542393,0.0,-1,-0.00045981239654224737
543.45,1.2040341783014128,-0.5025225208939363,1.5974902651016123,0.0,-1,0.004692243996687662
546.0,0.8051289428502741,-0.30047591878169166,3.920835156602905,0.0,-1,-0.010805860805860767
540.1,0.04691557988724071,-0.3528964272482417,-2.0021046520524024,0.0,-1,-0.011201629327902363
534.05,-0.8402673999182753,-0.4133598023512526,-7.3410090162693535,0.0,-1,-0.003276846737196859
532.3,-1.3596699398278815,-0.3109207807536196,-8.813409506004746,0.0,-1,0.0005635919594215721
532.6,-1.4810653814636225,-0.14410540746312028,-8.429272146028168,0.0,-1,-0.02440856177243711
519.6,-2.501674320492839,-0.3882381154974457,-18.37471674677602,0.0,1,-0.007890685142417309
515.5,-3.145172596633074,-0.34391213054589365,-20.820990805248464,0.0,1,0.02036857419980609
526.0,-2.32982401831714,0.1571454825900136,-8.044907323503594,0.0,1,-0.0020912547528517678
524.9,-1.8196643942994797,0.2224350355358915,-8.907798500249179,0.0,1,-0.0002857687178510204
524.75,-1.4254458827655299,0.20555118235661385,-9.035452834895125,0.0,1,-0.0067651262505954435
521.2,-1.405382803434918,0.07520475389574188,-12.129136798267368,0.0,1,0.0015349194167304514
522.0,-1.2115693634832496,0.08967273128247011,-10.976091171432678,0.0,1,-0.01245210727969348
515.5,-1.5553651965504969,-0.08470770059492572,-16.576104915492365,0.0,1,0.005819592628516057
518.5,-1.347649346704884,0.04100271641689579,-12.012549780415227,0.0,1,-0.007135969141755183
514.8,-1.4398206428900266,-0.017056193256082208,-15.274459200139567,0.0,1,-0.010683760683760535
509.3,-1.8242545707418003,-0.13383004036928536,-19.58766320920348,0.0,1,-0.011682701747496527
503.35,-2.3602836537725125,-0.223286374466666,-23.538405956652912,0.0,1,-9.933445912391203e-05
503.3,-2.4357745574735077,-0.09959242605588692,-23.57046341139063,0.0,1,9.934432743885502e-05
503.35,-2.2663721295345454,0.0232700006276918,-23.471564886062595,0.0,1,0.005264726333565006
506.0,-1.7719732381038398,0.1725562973527992,-18.082019723658817,0.0,1,-0.010079051383399262
500.9,-1.8021093558798498,0.04747339319226307,-22.409836725735726,0.0,1,0.0006987422639250784
501.25,-1.6378349684445084,0.07058259354253482,-21.66883504892127,0.0,1,0.0009975062344138586
501.75,-1.3775448606897953,0.11029090043241596,-20.523286197664675,0.0,1,0.006078724464374741
504.8,-0.8784377350883119,0.2031326753446332,-13.629911099591247,0.0,1,0.016442155309033257
513.1,0.13598563896982796,0.40585201646759106,0.8858998897423263,0.0,1,-0.0017540440459948847
512.2,0.5568651894180903,0.27557718897195116,-0.4753056249151868,0.0,1,0.012787973447871748
518.75,1.266732865524034,0.3284816216926316,8.501382732380456,0.0,1,-0.006939759036144633
515.15,1.2161056314500343,0.09261812920621071,2.7701956353028976,0.0,1,0.002135300397942297
516.25,1.1811165451255192,0.0192096809605653,4.29050697449599,0.0,1,0.004358353510895974
518.5,1.252695623202726,0.030262919679257427,7.406570622730278,0.0,1,-0.0035679845708775915
516.65,1.0299271936412424,-0.06416850329407531,4.0409176732066,0.0,1,-0.0049356430852607325
514.1,0.6202157127237342,-0.15795999473719446,-0.41167633672218074,0.0,1,0.002625948259093569
515.45,0.4761753295380231,-0.10066679264096856,1.9186570148413722,0.0,1,0.021631584052769437
526.6,1.2936405271502736,0.23893280165709396,16.240097086545603,-1.2377756553296422,1,-0.001044436004557614
526.05,1.5487364153605085,0.16467622995577624,15.176091939203161,0.0,1,-0.0005702879954375684
525.75,1.5222229915190155,0.04605426870476115,14.547715775637087,0.0,1,-0.006942463147883937
522.1,1.0779476969717052,-0.13274034194751638,7.104951660652695,0.0,1,-0.00804443593181392
517.9,0.41598107495042314,-0.2649023213229329,-0.2320268573407276,0.0,1,0.007240780073373143
521.65,0.3628326743605612,-0.10601690730426494,5.4468373668836705,0.0,1,-0.003833988306335634
519.65,0.13935575120228805,-0.10983127682084604,1.9654549213866872,0.0,1,0.005099586259982747
522.3,0.2368376436896824,-0.004116461444483882,6.029938708053763,0.0,1,-0.007275512157763675
518.5,-0.050824547040861034,-0.09725955072500914,-0.6264851973805889,0.0,1,0.0018322082931534478
519.45,-0.11125359681932423,-0.05256286683449078,0.9908336177159214,0.0,1,-0.004042737510828842
517.35,-0.30719698864027123,-0.08283541955181259,-2.719025844577004,0.0,1,0.0
517.35,-0.37956893549744564,-0.051735788802995675,-2.7190258445770112,0.0,1,0.002319512902290377
518.55,-0.28412416430126086,0.0145696607977297,-0.1452423420889275,0.0,1,0.00019284543438446988
518.65,-0.20439143167800466,0.03143413114032864,0.08041623025014388,0.0,1,-0.010700857996722157
513.1,-0.6099924460598913,-0.12472229441385269,-10.798296623072382,0.0,1,-0.0023387253946599573
511.9,-0.8619602494125047,-0.12556336592215533,-12.742616386979641,0.0,1,-0.0026372338347332436
510.55,-1.0286141303045042,-0.09740574893805165,-14.917628635577572,0.0,1,0.0011752032122220868
511.15,-0.9762232265584316,-0.015004948397326356,-13.098581624613075,0.0,1,0.0006847305096351342
511.5,-0.8395091724722761,0.0405697018962764,-11.973048145142478,0.0,1,0.001368523949169198
512.2,-0.642859714389715,0.07907305332627912,-9.610142043521883,0.0,1,0.001073799297149458
512.75,-0.4451300091492385,0.0922675861889185,-7.689859099209038,0.0,1,0.006728425158459395
516.2,-0.021670989099902727,0.17190886874608477,2.887855348625166,0.0,1,-0.0017435102673384328
515.3,0.11686443668304491,0.10348143150967747,0.2189049427105516,0.0,1,0.0006792159906849893
515.65,0.2055601131843332,0.06405903600365526,1.2812454712673684,0.0,1,-0.013284204402210786
508.8,-0.33805539133038565,-0.15985215617035456,-14.973394974359735,0.0,1,-0.005404874213836508
506.05,-0.8108585276435747,-0.21088509749451456,-19.312322860996332,0.37494413090990975,1,-0.0019760893192372064
505.05,-1.0630218851632094,-0.15434948500471646,-20.775048849707133,0.0,1,-0.00247500247500243
503.8,-1.2046850734927261,-0.09867089111141114,-22.58964946746242,0.0,1,0.013298928146089795
510.5,-0.6167929115330821,0.16307375694941095,-2.9934538429833992,0.0,1,0.00577864838393749
513.45,-0.025614087925475815,0.25141752685233915,3.1888592518825902,0.0,1,0.0009738046547862478
513.95,0.31377649787208384,0.19693603754996633,4.1952004124236595,0.0,1,-0.001459285922755127
513.2,0.3948237492815565,0.09266109631981301,2.3205634595330906,0.0,1,0.01130163678877616
519.0,0.8857787292128023,0.19453869208368635,13.244960220560841,0.0,1,-0.00433526011560692
516.75,0.8699413250773205,0.0595670959827348,7.560336896234766,0.0,1,0.0014513788098693414
517.5,0.85202751258646,0.013884427830624824,8.927630442073777,0.0,1,0.017294685990338232
526.45,1.517901646958876,0.22658618740101355,21.22127490918467,-3.125357185428811,1,-0.0008547820305823128
526.0,1.6868469102317931,0.1318438168913103,20.04992795629363,-0.46157116192034664,1,0.0008555133079848343
526.45,1.6682489660155397,0.0377486242250189,20.58741317017558,0.0,1,-0.003609079684680605
524.55,1.3615959134061768,-0.08963480946144808,15.106050026570088,0.0,1,-0.0019063959584405543
523.55,1.011469727651047,-0.14658699840552591,12.27792046789775,0.0,1,0.01432527934294714
531.05,1.3771174908024477,0.07302025491529163,22.303705285586958,0.0,-1,-0.0031070520666603985
529.4,1.3076815814780502,0.0011947818636313112,17.892810378182745,0.0,1,0.002833396297695412
530.9,1.288990161692709,-0.005832212640569878,19.75645725346513,0.0,-1,-0.006498398945187334
527.45,0.8847286049922332,-0.136697923113682,10.745683558216456,0.0,1,-0.0030334628874775227
525.85,0.4755371095593546,-0.18196313951552023,6.954587769942854,0.0,1,-0.006370638014642993
522.5,-0.04785339728709914,-0.235117882120658,-0.26618130261081063,0.0,1,0.000956937799043045
523.0,-0.26389420093642,-0.150386228589993,0.7689058519572782,0.0,1,-0.0008604206500957279
522.55,-0.3874234193497159,-0.09130514900109632,-0.25544001470888844,0.0,1,0.001818007846139169
523.5,-0.33773607694388375,-0.013872602198421402,2.015563451900391,0.0,1,-0.009169054441260704
518.7,-0.6847477326623448,-0.12029475263896083,-8.510153129983891,0.0,1,0.005783689994216301
521.7,-0.551191249466342,0.004420576852347313,-1.3010370722092546,0.0,1,-0.0013417672992142027
521.0,-0.49681373707949206,0.019599363079732424,-2.808507398323421,0.0,1,0.01305182341650668
527.8,0.1384428305372012,0.21828531023214193,10.416858159751065,0.0,1,0.0
527.8,0.4445342118008284,0.17479223049858972,10.416858159751065,0.0,1,0.002557787040545767
529.15,0.6730353847825654,0.13443113449344224,12.706049128002853,0.0,1,-0.0007559293206085282
528.75,0.6978663558749076,0.05308736852859486,11.534463877045297,0.0,1,0.00406619385342788
530.9,0.8312929784315202,0.06217133036173583,15.395732989042813,0.0,-1,-0.0016952345074401354
530.0,0.7537318748404687,-0.005129924409771891,12.478632843965201,0.0,1,0.001226415094339517
530.65,0.7063070001415781,-0.017518266369554114,13.775318885349307,0.0,1,-0.004805427306133869
528.1,0.41123564611370966,-0.10419654013247415,5.425950127712753,0.0,1,-0.004544593826926624
525.7,0.029430331923549602,-0.16200061810754476,-1.248527656710074,0.0,1,0.0015217804831653137
526.5,-0.09725818616504966,-0.09622971206538138,0.9395942624838014,0.0,1,-0.002279202279202419
525.3,-0.25249759636233193,-0.0838230407542212,-2.4444794422943446,0.0,1,-0.0005711022272986144
525.0,-0.3340758350974511,-0.05513375982978014,-3.3061505087043557,0.0,1,-0.0006666666666667043
524.65,-0.37619196820685374,-0.03241663097972758,-4.3777236059874625,0.0,1,-0.0037167635566567325
522.7,-0.528400704077626,-0.0615417889501666,-10.052809291449947,0.0,1,-0.001817486129711221
521.75,-0.6396383466732232,-0.057593143848587935,-12.572965027352353,0.0,1,0.005749880210828895
524.75,-0.3919539724149672,0.06336374346988932,-1.2322656417713702,0.0,1,-0.0049547403525488365
522.15,-0.4521156209179935,0.0010673649889543224,-8.478831660304216,0.0,1,-0.0002872737719046281
522.0,-0.4570201434262344,-0.001279052506428846,-8.870598313861827,0.0,1,0.00488505747126422
524.55,-0.20888739272822932,0.08228456606385876,0.03442747583586225,0.0,1,-0.002859593937660887
523.05,-0.1924137346519501,0.032919408046712645,-4.467200998793565,0.0,1,-0.0008603383997703995
522.6,-0.20564242772604757,0.006563571657538403,-5.79297870738862,0.0,1,-0.0006697282816686689
522.25,-0.2242865719525753,-0.0040268575229964465,-6.878048790185069,0.0,1,-0.005361416945907083
519.45,-0.44825142973638776,-0.07599723843560297,-14.601317024133628,0.0,1,-0.0001925113100395004
519.35,-0.5312129061503583,-0.052986238283191156,-14.851129170882423,0.0,1,0.0016366612111293755
520.2,-0.45759256884480237,0.006878033007454931,-10.798859875864615,0.0,1,-0.014705882352941346
512.55,-1.0201496861216128,-0.18522636142311855,-25.874100885175366,3.0998527687869455,1,-0.013071895424836444
505.85,-1.7747491042498496,-0.3132752598504518,-32.44403627562686,6.009567760203026,1,0.003558367104872895
507.65,-1.8541530546264653,-0.13089307007568918,-26.24605628876321,1.773433486144711,1,0.014478479267211686
515.0,-1.126842275262561,0.1988059030960716,-6.853986333197227,0.0,1,-0.0027184466019416487
513.6,-0.7859500293087649,0.17989938301662267,-9.057806136719421,0.0,1,-0.0017523364485980686
512.7,-0.6250080705561913,0.11361378058973204,-10.49897776472622,0.0,1,-0.0009752291788570622
512.2,-0.5341197519668412,0.06816736639302734,-11.339022490367817,0.0,1,0.007418976962124013
516.0,-0.1274989466749048,0.15826272389498797,-2.000600114783005,0.0,1,0.0023255813953488857
517.2,0.1864363681939949,0.15739934625462923,0.6363335891728852,0.0,1,0.005607115235885418
520.1,0.5695343282789054,0.18016576877984658,6.552374208964359,0.0,1,0.0026917900403768957
521.5,0.8302887809647927,0.14697340715524465,9.176709236130606,0.0,1,0.003259827420901251
523.2,1.033141942227303,0.11660885613925165,12.252912652262197,0.0,1,-0.00200688073394506
522.15,0.9609733610062676,0.014813424972738742,9.191886167563936,0.0,1,0.0035430431868237466
524.0,0.9989746236452675,0.017604895870579562,12.775161302453611,0.0,1,0.009446564885496223
528.95,1.3472273696610273,0.12195254729544658,20.481088955276377,0.0,1,0.007656678324983401
533.0,1.7465847951971227,0.17376999094384726,25.156431134300234,-1.3137343771064707,-1,0.004690431519699834
535.5,2.0090481083653913,0.14541110137070534,27.59077731309779,-1.1664549167343239,-1,0.0020541549953314586
536.6,2.0645257559190213,0.0669629163081118,28.615210187636976,0.0,-1,0.004565784569511511
539.05,2.124387433369293,0.04227486458612795,30.788640425231407,0.0,-1,0.00686392727947327
542.75,2.285619319313696,0.06783558351017716,33.58765129338289,0.0,-1,-0.0026715799170889953
541.3,2.0549336523430384,-0.05428336115349364,28.60111526653148,0.0,-1,0.0009237021984112026
541.8,1.810013014495894,-0.09973466633354611,29.079296594700764,0.0,-1,-0.0030454042081948796
540.15,1.3992182776976279,-0.17017646771060413,23.090572966872642,0.0,-1,-0.006479681569934281
536.65,0.7855527194902834,-0.26128067530598287,12.020546630132422,0.0,-1,0.0023292648840025354
537.9,0.5174238804291917,-0.17646983812235817,14.173764256203981,0.0,-1,-0.0030674846625766694
536.25,0.20274080419619622,-0.16371763811845125,9.247259514633619,0.0,-1,0.0036363636363636598
538.2,0.19100419906339994,-0.058484747750415844,12.979204983392314,0.0,-1,-0.00185804533630618
537.2,0.0858855465750139,-0.0545344667462673,9.85594155225725,0.0,-1,0.01628816083395379
545.95,0.755335758116189,0.2049719149316359,22.914877464342993,0.0,-1,0.0037549226119606427
548.0,1.1979495507105185,0.2158619025086551,25.029429054308167,0.0,-1,0.0024635036496349905
549.35,1.431927317781856,0.14994655652666422,26.37878671696457,0.0,-1,-0.0016382998088649847
548.45,1.3545889248356389,0.024202721193482324,23.439157698954645,0.0,-1,0.0028261464126173585
550.0,1.3322039846262896,0.0006059269947109591,25.26114773215062,0.0,-1,0.0005454545454544046
550.3,1.2349945158026685,-0.032201180609636726,25.620790082804618,0.0,-1,0.0003634381246593321
550.5,1.1001402384073344,-0.05568515266832352,25.8805220563043,0.0,-1,0.07665758401453227
592.7,4.457701413175755,1.1006253407000326,43.10425096924486,-22.84163104117681,-1,-0.026995107136831398
576.7,4.431673549462062,0.3581991589954461,21.572837707329157,-1.4730402710079034,-1,-0.010490723079590869
570.65,3.5451868218166283,-0.17609585621666257,15.234528307350743,0.0,-1,0.00893717690353113
575.75,3.231511222842528,-0.16325715173025435,17.897328985864903,0.0,-1,-0.009813287016934402
570.1,2.3345474881185737,-0.35340696215140266,12.047408755362198,0.0,-1,0.0030696369058060835
571.85,1.8373533300800773,-0.28353370672996636,13.140346913852888,0.0,-1,-0.001486403777214318
571.0,1.3648101402208113,-0.2520256321964107,12.17406952277711,0.0,-1,-0.003677758318739066
568.9,0.839804366939461,-0.2590104684925869,9.667440174204941,0.0,-1,0.0010546669010371712
569.5,0.557317783053918,-0.1804990174593767,10.177126365579305,0.0,-1,-0.0008779631255487752
569.0,0.32796467585660594,-0.13661737488556291,9.481137026486444,0.0,-1,0.005272407732864748
572.0,0.4359577326032422,-0.009541439379642191,12.38167984753973,0.0,-1,-0.003409090909091028
570.05,0.2911244499263148,-0.05145824068552318,9.315074027927828,0.0,-1,-0.0019296552933951716
568.95,0.10278077109398964,-0.07993397317261614,7.542100839271001,0.0,-1,-0.0007909306617454037
568.5,-0.037456132580018675,-0.07339029228220817,6.7707726289391275,0.0,-1,-0.008970976253298235
563.4,-0.5294532400354228,-0.18846246657920412,-1.4280936543821312,0.0,-1,-0.00807596734114302
558.85,-1.1104973570934362,-0.2565021945457392,-7.510915332734982,0.0,-1,-0.0016104500313142145
557.95,-1.3834779691979975,-0.17649426888343345,-8.649050966401092,0.0,-1,-0.0034949368222959576
556.0,-1.5671784444837158,-0.12006491472305059,-11.15407396190701,0.0,-1,0.0004496402877698369
556.25,-1.507597145086379,-0.020161205108571334,-10.630855786884801,0.0,-1,-0.001348314606741563
555.5,-1.4146733999638172,0.024254180004663395,-11.722496629986544,0.0,-1,0.0009000900090008201
556.0,-1.2086554107389702,0.07675738974317015,-10.480261817419475,0.0,-1,0.006654676258992964
559.7,-0.6965917985648957,0.19627366730574825,-1.8929406941884181,0.0,-1,-0.0037520100053600736
557.6,-0.5575106759307573,0.11178492997996226,-5.846466410360158,0.0,-1,0.0008967001434720956
558.1,-0.3998442249527443,0.08981712698599176,-4.658131812094375,0.0,-1,-0.00017917935853795086
558.0,-0.29602398071779135,0.06454579040698155,-4.871525310723612,0.0,-1,-0.004121863799283032
555.7,-0.41111186020714285,-0.016847363027456652,-9.716527729737493,0.0,-1,0.006388339031851542
559.25,-0.13856314493455102,0.08523378408171173,-0.43113831805685265,0.0,-1,-0.0006258381761288234
558.9,-0.019908525220330375,0.0679628012653108,-1.26132633970834,0.0,-1,-0.005725532295580482
555.7,-0.2255888382616149,-0.045905837258657906,-8.3480051227464,0.0,-1,0.009537520244736308
561.0,0.13203674173962554,0.10390658091419422,3.9689487899323694,0.0,-1,0.0036541889483066026
563.05,0.47067980326187353,0.1475165474788141,7.797633393328653,0.0,-1,-0.0016872391439479717
562.1,0.5216113504179702,0.06614936487830358,5.423946769158718,0.0,-1,0.00658245863725293
565.8,0.8119428447945438,0.11882695308495905,12.150716989092928,0.0,-1,-0.004153411099328208
563.45,0.6936133549164651,0.00016582106896012583,6.169006986705192,0.0,-1,0.0036382997604045286
565.5,0.7474808304011731,0.01801109885122265,9.908990537520964,0.0,-1,0.0007073386383731339
565.9,0.7454578322766565,0.005329366908902067,10.637169821588067,0.0,-1,-0.0021205159922246253
564.7,0.5823248471913303,-0.052601206058808025,7.175542069425234,0.0,-1,0.003010448025500212
566.4,0.5938979507160411,-0.013676034178032426,10.706461047023119,0.0,-1,0.006091101694915224
569.85,0.8376930065853685,0.07670634056376502,16.866588481025488,-0.16576687485951425,-1,-0.0015793629902605133
568.95,0.8147827839712818,0.0179320393165594,13.960164115288997,0.0,-1,-0.002372791985235989
567.6,0.6229291073333343,-0.05797387910712937,9.639666076187027,0.0,-1,-0.0009689922480621282
567.05,0.4292581767366528,-0.08388160323460359,7.870107498758827,0.0,-1,0.005819592628516057
570.35,0.5716511967102633,0.01950380557966902,14.827436002508662,0.0,-1,-0.0036819496800211127
568.25,0.42021010697112615,-0.0439790947198227,8.049276063623424,0.0,-1,-0.0034315882094149153
566.3,0.14697205318725537,-0.1057390495012312,2.3968962520381396,0.0,-1,-0.009005827300017533
561.2,-0.4268946448034967,-0.22653524916399448,-9.15942138302043,0.0,-1,0.00463292943692073
563.8,-0.4615867733986079,-0.08707579258636855,-2.5893192655543373,0.0,-1,-0.0015963107484923134
562.9,-0.5154672732462586,-0.04698543081133977,-4.531482156037583,0.0,-1,-0.0007106057914371133
562.5,-0.53278525039957,-0.021434469321550353,-5.433047829280682,0.0,-1,0.001955555555555488
563.6,-0.4053788014429074,0.0353239932117041,-2.2664029195678808,0.0,-1,0.004080908445706077
565.9,-0.11622734351101371,0.1081584837145326,3.8574511262336486,0.0,-1,-0.004329386817458758
563.45,-0.16613266925241987,0.01941771932437547,-2.7016449864165963,0.0,-1,8.87390185464465e-05
563.5,-0.17307427635216754,0.004158704074875924,-2.5565053305358276,0.0,-1,0.0030168589174801586
565.2,-0.020455556872661873,0.05225914118479387,2.396173740216909,0.0,-1,-0.001150035385704351
564.55,0.0033917659397957323,0.02536882133241716,0.37925958686525263,0.0,-1,0.0008856611460454911
565.05,0.0566994468510984,0.02622550074790661,1.959804158285884,0.0,-1,0.0028316078223167285
566.65,0.21196166673576045,0.060495906877522904,6.847022508882041,0.0,-1,0.012970969734404036
574.0,0.8844293044501228,0.24432118153062843,21.59598685090151,-1.683495661487882,-1,-0.0022648083623693083
572.7,1.03862734793654,0.13283974167234858,17.0896875646243,0.0,-1,-0.00663523659856835
568.9,0.7125074240183267,-0.06442672741528821,5.70277646268503,0.0,-1,0.007997890666197938
573.45,0.8692385100576985,0.03076811954136116,13.86277760860223,0.0,-1,0.0009591071584269528
574.0,0.9210008439058583,0.027510151129840343,14.735272767209878,0.0,-1,0.0013066202090592505
574.75,0.9326319405045069,0.013047082576162938,15.979791098261359,0.0,-1,-0.002522836015659058
573.3,0.7398948270950996,-0.059896676944414806,11.330353072515855,0.0,-1,-0.0113378684807256
566.8,0.04020170146577584,-0.2531966008579129,-4.603335279975255,0.0,-1,-0.0007939308398022815
566.35,-0.35049500313766657,-0.21463110182045175,-5.4927980878939024,0.0,-1,-0.011918425002207078
559.6,-1.07913543851123,-0.3144238457313384,-16.448962687450397,0.0,-1,-0.0031272337383845272
557.85,-1.4993610363220569,-0.24488314784738852,-18.67059493499666,0.0,-1,-0.017119297302142233
548.3,-2.380360415534028,-0.3752941756864532,-27.645855801491724,5.056114836155757,-1,-0.009757432062739158
542.95,-3.068330070512161,-0.35442127688819536,-31.028818521337435,5.691291437531049,-1,0.011419099364582186
549.15,-2.6399540587918864,0.024651578277359754,-17.814185378596484,0.0,-1,0.0009104980424292641
549.65,-2.1641032146991392,0.16683414079003578,-16.83746249415868,0.0,-1,0.007368325297917089
553.7,-1.4083358580944605,0.30753383246490484,-9.167761041988932,0.0,-1,0.003250857865269907
555.5,-0.7630908582842721,0.3175929440916978,-5.994686355170806,0.0,-1,-0.002970297029702973
553.85,-0.5143774535221155,0.18876878295128485,-8.273834548093397,0.0,-1,0.009749932292136831
559.25,0.1028440366524137,0.26866342437527135,0.9618452894410012,0.0,-1,0.0013410818059902407
560.0,0.46538444535201506,0.2104012776916243,2.1325847161336,0.0,-1,0.0025892857142857384
561.45,0.7287059459225702,0.15790759275405986,4.467708267091922,0.0,-1,0.010597559889571562
567.4,1.295474534047571,0.24155872695968683,12.752373192866585,0.0,-1,0.0033486076841733325
569.3,1.6292359502728004,0.19177338106163866,15.01117888747872,0.0,-1,0.002107851747760403
570.5,1.7603469958626192,0.10762814221715256,16.43939895952377,0.0,-1,0.005170902716915116
573.45,1.925040269002352,0.09077380511896171,19.80595174029817,0.0,-1,-0.004098003313279364
571.1,1.6511335498220205,-0.061044304687123185,14.113389689563093,0.0,-1,-0.003677114340746024
569.0,1.2015857277466466,-0.17019737558749903,9.310978598743013,0.0,-1,-0.017223198594024547
559.2,0.0600130060634001,-0.43725669909024856,-7.280938501526947,0.0,-1,0.0019670958512159054
560.3,-0.4241077719501618,-0.30712582570127017,-5.349850645232415,0.0,-1,-0.002677137247902861
558.8,-0.7558258466277721,-0.21294796679296013,-7.519728350404691,0.0,-1,-0.004742304939155284
556.15,-1.0795327300809276,-0.17888495008203864,-11.219211722157176,0.0,-1,-0.0022475950732715466
554.9,-1.2555917776340948,-0.118314665878402,-12.91202309397871,0.0,-1,-0.0021625518111370035
553.7,-1.338988653274555,-0.06723718050628746,-14.562043552261336,0.0,-1,0.0014448257178976132
554.5,-1.2024380366551668,0.023104478704366826,-12.502275832059631,0.0,-1,-0.012173128944995448
547.75,-1.596459558624133,-0.12363901442153313,-21.135550141912095,0.0,-1,-0.009036969420356034
542.8,-2.0729320230566373,-0.20003715961801238,-25.695112520671277,0.8831007129839463,-1,-0.008566691230655787
538.15,-2.5259239200181582,-0.2176763521931777,-29.135267056359,2.029728619282082,-1,0.008547802657251635
542.75,-2.1585928751641177,0.0498848975536208,-18.481143900798262,0.0,-1,-0.0020267157991709084
541.65,-1.8867112798067183,0.10725549763700681,-19.569688875201074,0.0,-1,-0.00304624757684846
540.0,-1.7310445421441045,0.08764074509987352,-21.22593869429862,0.0,-1,0.004444444444444473
542.4,-1.3089574614674575,0.16990927525884025,-15.467192280983923,0.0,-1,0.002949852507374784
544.0,-0.8555007993402342,0.2077886457953546,-11.767898434567101,0.0,-1,0.004503676470588358
546.45,-0.35331406833154233,0.23665845893468218,-6.350435102327701,0.0,-1,-0.0016469942355203937
545.55,-0.14777786379966074,0.14739822115552126,-7.8590265265135315,0.0,-1,-0.0004582531390340261
545.3,-0.05352827288368189,0.08054927069050005,-8.303804362115365,0.0,-1,-0.00027507793874925746
545.15,-0.014442788018754982,0.039878251851808995,-8.595143345033165,0.0,-1,0.013849399247913619
552.7,0.6354701867486483,0.22993040887307076,7.8683997830917605,0.0,-1,-0.0068753392437127525
548.9,0.5908041585698811,0.061754793564767874,0.010335327637868374,0.0,-1,-0.009837857533248284
543.5,0.06923746459972335,-0.1532706334684633,-8.819178204152706,0.0,-1,-0.002115915363385401
542.35,-0.29314900443523584,-0.17188570083447424,-10.470602887924407,0.0,-1,-0.0019360191758091005
541.3,-0.5374131552498511,-0.1387166172163632,-12.015908751404666,0.0,-1,0.002771106595233608
542.8,-0.4897608010529666,-0.030354754339826207,-8.392551432525927,0.0,-1,0.006816507000737104
546.5,-0.11678789053337368,0.11420605205992224,-0.3327128100902783,0.0,-1,0.0016468435498626643
547.4,0.1544308889374406,0.12847494384357885,1.4774224695500067,0.0,-1,0.0005480453050785705
547.7,0.30217103792801936,0.09207169761138587,2.115236802321398,0.0,-1,0.011502647434727065
554.0,0.875860192595951,0.22192028409310582,13.354698194562076,-1.1653762964709813,-1,0.006498194945848468
557.6,1.3897164205469608,0.24525883734803844,18.107561503987313,-2.607203545212883,-1,-0.0007173601147776321
557.2,1.4975014994769253,0.11768130542600108,17.034194117805697,-0.31717913706859235,-1,0.013639626704953223
564.8,2.059935580652109,0.22670512886706162,25.264057391644343,-4.214146075460576,-1,0.016997167138810276
574.4,2.9694913228520363,0.37875362368899657,31.682287602929904,-7.930181590779057,-1,-0.0062674094707521055
570.8,2.876811583714357,0.09535796151710585,23.712997177098174,-0.7911109749577463,-1,0.0008759635599158155
571.3,2.6324040821692734,-0.04968318000932603,24.102910180744175,0.0,-1,0.021004726063364343
583.3,3.290833324549226,0.202915354123542,31.44302147395159,-4.374315113115358,-1,0.012686439225098711
590.7,3.9624785020268973,0.29152017720040435,34.46080546141751,-4.996205955727646,-1,0.0013543253766716834
591.5,4.034761215596745,0.1212676302567508,34.75853596236911,-0.08119729985730828,-1,0.0
591.5,3.7346724710820354,-0.05960703808598655,34.758535962369095,0.0,-1,-0.0032121724429415854
589.6,3.115072059567865,-0.22640248320005218,30.250167854292513,0.0,-1,-0.014331750339213079
581.15,1.8415158488467114,-0.49998623130706843,13.547221463550486,0.0,-1,0.0006022541512518131
581.5,1.0804447560823291,-0.4203524413571502,13.893086238049875,0.0,-1,0.004729148753224388
584.25,0.8390388133599345,-0.2205861280265149,16.655108319646132,0.0,-1,-0.010954214805305895
577.85,0.11508260755203992,-0.31484744461146985,5.647621910328638,0.0,-1,0.001817080557237949
578.9,-0.16898571264789553,-0.19963858827046846,6.943778434858707,0.0,-1,-0.004059423043703658
576.55,-0.4927710633605784,-0.17447464632771714,3.0858400483668262,0.0,-1,0.0014742867054029496
577.4,-0.542766150103489,-0.07482324435687593,4.329365297427721,0.0,-1,0.005542085209560232
580.6,-0.2558665142996688,0.07069213048231476,8.887745066726318,0.0,-1,-0.0027557698932139107
579.0,-0.2244278202061878,0.03404360819193192,5.793973498705817,0.0,-1,-0.008635578583765069
574.0,-0.606672821475513,-0.1160671310257978,-2.8137162739430224,0.0,-1,0.0006097560975610872
574.35,-0.7180725869872049,-0.07582229884582992,-2.1875042913267393,0.0,-1,0.005484460694698212
577.5,-0.4514330874941379,0.06360573354907906,3.3444428951146747,0.0,-1,-0.004675324675324721
574.8,-0.5054939137897918,0.0031816357511417204,-1.5470601717503172,0.0,-1,-0.0080027835768961
570.2,-0.873733167455157,-0.12168587263807451,-8.713630953397598,0.0,-1,-0.0027183444405473045
568.65,-1.1142083636666484,-0.12072035628318867,-10.87994811987874,0.0,-1,0.0032533192649257803
570.5,-0.9874285981335333,0.0020198030833088465,-6.919247455321468,0.0,-1,0.010429447852760898
576.45,-0.34591966552238773,0.21450957856481823,3.8176038331599997,0.0,-1,-0.003469511666232994
574.45,-0.16300522709002507,0.13247467233239363,0.27562632877694426,0.0,-1,-0.008094699277570006
569.8,-0.4454642389496257,-0.04999477984240236,-7.030140723021546,0.0,-1,-0.00684450684450677
565.9,-0.8745717249670406,-0.15970075528660577,-12.155041991314398,0.181363533930039,-1,0.006803322141721191
569.75,-0.6954111575618072,0.006486604039542598,-4.964560914731656,0.0,-1,-0.0011408512505484136
569.1,-0.6020466107289622,0.03328371695746257,-5.921142530787876,0.0,-1,-0.0010542962572482883
568.5,-0.5551937864184993,0.026712180422641785,-6.860938770669392,0.0,-1,-0.0069481090589270655
564.55,-0.8146678920617205,-0.07758730840685979,-12.68110612625172,0.0,-1,0.00044283057302285656
564.8,-0.855682620544826,-0.0395340122966551,-12.091990196044144,0.0,-1,0.005577195467422191
567.95,-0.5423830997409596,0.09125516950240375,-4.871906965706906,0.0,-1,0.0014085746984768832
568.75,-0.27386808102721716,0.11992339607204872,-3.1286075635333574,0.0,-1,0.003516483516483593
570.75,0.049878435081950556,0.14788997072707216,1.1798200693821883,0.0,-1,-0.008760402978536974
565.75,-0.20907150978712252,-0.03701999138066697,-8.229487625824369,0.0,-1,0.002209456473707405
567.0,-0.21695718973933253,-0.014968557110958985,-5.40025796668813,0.0,-1,-0.010846560846560771
560.85,-0.7153202639038909,-0.17111054375850576,-14.760337981307558,0.15497929953176026,-1,0.001783007934385239
561.85,-0.8215584456607985,-0.09244957517180441,-12.394547769091446,0.0,-1,0.006229420663878216
565.35,-0.5145476660675286,0.07152040147382188,-4.633009806748163,0.0,-1,0.0026532236667551334
566.85,-0.19316330409856164,0.13096825448092964,-1.5777759289187827,0.0,-1,-0.008732468907118318
561.9,-0.42887418110592535,-0.03491420750881136,-9.817264617052437,0.0,-1,0.0032034169781101074
563.7,-0.36099010451744107,0.010989956359890973,-5.969307205445837,0.0,-1,-0.00026609898882401506
563.55,-0.3094655575133629,0.020838167787989692,-6.230016392781941,0.0,-1,0.0018631887143998327
564.6,-0.17041448755196598,0.053296412583128894,-3.754470750778097,0.0,-1,0.006199078993978091
568.1,0.2049789213914437,0.14289660717551286,3.7817328376058796,0.0,-1,0.006072874493926905
571.55,0.6630940490805415,0.2003372449548702,9.933844943063583,0.0,-1,-0.008573178199632547
566.65,0.4285604421683047,-0.011398787319122194,-0.47038634180144356,0.0,-1,-0.002647136680490658
565.15,0.15058026853159845,-0.09645965365194281,-3.2318583239414522,0.0,-1,-0.01061665044678406
559.15,-0.5009581739977875,-0.24933269872710956,-12.519381862578634,0.0,-1,0.000625950102834727
559.5,-0.755814214095949,-0.16806291294175701,-11.724899085528264,0.0,-1,0.017783735478105633
569.45,0.00890895036297934,0.19888675050572377,5.954975917596336,0.0,-1,-0.0049170251997542325
566.65,0.15719478672883724,0.11572419562386055,1.3555986057194644,0.0,-1,-8.82378893496405e-05
566.6,0.2140714726843953,0.057533627193139536,1.2719786627911205,0.0,-1,-0.005559477585598271
563.45,-0.03782947372815215,-0.06478910640646932,-3.973965565295984,0.0,-1,0.004969385038601448
566.25,0.0727058425428595,0.015248736621514117,0.9796776366642135,0.0,-1,-0.007240618101545304
562.15,-0.2197519862002082,-0.09240303070718453,-5.64369343598306,0.0,-1,0.005959263541759352
565.5,-0.0685015683883421,0.019615795701560523,0.22705874803370563,0.0,-1,-0.02431476569407609
551.75,-1.133001228783428,-0.3482946215645085,-16.089469692813807,4.151744965688522,-1,0.006252831898504896
555.2,-1.2833342899157287,-0.16620922756560308,-10.601087802159782,0.0,-1,-0.0059438040345822785
551.9,-1.5265562963222692,-0.1364770779907145,-13.796419278886368,0.5304007810592566,-1,-0.008244247146222072
547.35,-1.9001209414986988,-0.17001390772238145,-17.797491063019507,2.23175813005912,-1,-0.0015529368776834307
546.5,-1.9993931856286054,-0.08976205061742926,-18.519644470360696,0.40795527652596775,-1,0.0027447392497712553
548.0,-1.7574132088911938,0.05073930870666077,-15.633645917597114,0.0,-1,0.0
548.0,-1.4899721197815552,0.10606013260543312,-15.633645917597114,0.0,-1,0.0014598540145984717
548.8,-1.1654205652449718,0.1435372290473389,-13.862554401047035,0.0,-1,0.012026239067055355
555.4,-0.35602640753961623,0.3176437955842315,-1.1982572922887584,0.0,-1,0.006391789701116535
558.95,0.3741728719413686,0.3492810250217388,4.226617507097849,0.0,-1,0.008498076751051187
563.7,1.1039247723533663,0.3596776418112455,10.455911866625968,0.0,-1,-0.00984566258648234
558.15,0.9143069915298838,0.05668662032925431,1.3784628573466193,0.0,-1,-0.01370599301263098
550.5,0.1058058518241296,-0.2506048397921667,-8.22750987586707,0.0,-1,-0.000999091734786517
549.95,-0.35309520568091557,-0.2365019657657373,-8.842220785249637,0.0,-1,0.007091553777616166
553.85,-0.22812113396003042,-0.03717596468161738,-2.728755063732123,0.0,-1,-0.0060485691071590075
550.5,-0.4257906702695209,-0.07828183366370262,-6.99329590146673,0.0,-1,-0.009536784741144388
545.25,-0.9266428825684443,-0.1930446819875421,-12.831999429507029,0.0,-1,0.004126547455295837
547.5,-0.9123487485038595,-0.0595835159743191,-9.016640075391116,0.0,-1,0.00401826484018275
549.7,-0.6458392857629178,0.06897531558887415,-5.364214583267298,0.0,-1,-0.0003638348189922702
549.5,-0.47543128057884587,0.0797944402576487,-5.641513650190852,0.0,-1,0.0016378525932665422
550.4,-0.27560800460526025,0.09320590541041146,-3.9652234310283205,0.0,-1,-0.011446220930232509
544.1,-0.6777290329013113,-0.10297170762854657,-12.704284088782956,0.0,-1,0.006432641058628841
547.6,-0.5306454609742559,0.014703954766169591,-6.1271500810653805,0.0,-1,-0.0030131482834184764
545.95,-0.5503832199295857,-0.0016779347297201097,-8.412115822497299,0.0,-1,0.011264767835882372
552.1,-0.0018868310797870436,0.1822728180400262,1.9515203658905804,0.0,-1,0.0064299945662016356
555.65,0.5683519326017858,0.2508371939071998,6.860538826716059,0.0,-1,-0.002069648159812809
554.5,0.7102753200590541,0.130920193788156,4.843710991499584,0.0,-1,0.0016230838593327412
555.4,0.7970474037828126,0.07256409250397144,6.194805196937715,0.0,-1,-0.0027907814187971836
553.85,0.6448461619960426,-0.02654571642759951,3.1516054860215235,0.0,-1,-0.00036110860341254103
553.65,0.49834169426969765,-0.05768339471798145,2.7421114470313626,0.0,-1,-0.0029802221620156555
552.0,0.24606098588401437,-0.10332136770122158,-0.736963717220597,0.0,-1,-0.0009057971014492239
551.5,0.057748882867599605,-0.09721115690587878,-1.8073261860777592,0.0,-1,-0.0011786038077968852
550.85,-0.09538624221295322,-0.08344876066214388,-3.2737891663645016,0.0,-1,-0.0018153762367250081
549.85,-0.24733828456885476,-0.07846693433934848,-5.584111466394731,0.0,-1,-0.0007274711284895874
549.45,-0.33603611536602784,-0.0557215883788405,-6.539164651437716,0.0,-1,-0.018109018109018216
539.5,-1.1815486878175534,-0.30041138694345537,-22.739958491085098,2.2383258595077677,-1,-0.019462465245597804
529.0,-2.380842583391882,-0.4999017608392613,-31.030963892688224,7.7903547339462875,1,0.0022684310018903364
530.2,-2.6820859825630805,-0.2670483866701532,-28.01779286648007,3.100302524542485,1,0.0024519049415314687
531.5,-2.500867183601599,-0.028609862569557443,-24.675308387172855,0.0,-1,0.005644402634054524
534.5,-1.9518521854874962,0.17346837851484853,-17.283975283313765,0.0,-1,-0.01066417212347992
528.8,-1.9896903376397859,0.04521007545418643,-22.938635704886572,0.0,1,0.001323751891074254
529.5,-1.7844685522459258,0.08347728694934875,-21.258050207287376,0.0,1,0.026156751652502308
543.35,-0.378985280195252,0.49632018633334085,2.700800834866115,0.0,-1,0.0019324560596298834
544.4,0.442838462513123,0.439381309680572,4.0035283540062565,0.0,-1,0.004316678912564376
546.75,1.012680461991181,0.3364077697195432,6.951948386345464,0.0,-1,-0.0024691358024692134
545.4,1.100711423230905,0.14147957698642244,4.713323498182518,0.0,-1,-0.005500550055005493
542.4,0.8030009519148962,-0.05207696477652879,-0.12708963585831157,0.0,-1,0.0027654867256636795
543.9,0.7122289702639364,-0.04761631547582956,2.2212020916962416,0.0,-1,0.0001838573267145538
544.0,0.6158238985831304,-0.04800712905221183,2.3864273953219097,0.0,-1,0.004227941176470518
546.3,0.7079693711940536,0.01471278118623709,6.252580976907808,0.0,-1,-0.000549148819329992
546.0,0.6700446599000998,-0.007737310035905609,5.598305269046946,0.0,-1,0.011904761904761862
552.5,1.1369119159280672,0.15304331533068727,15.311349032838422,0.0,-1,-0.0005429864253392314
552.2,1.2506028842814203,0.0889114278946801,14.586804662260533,0.0,-1,-0.003621876131836288
550.2,1.036564794767969,-0.041708887206256984,9.682373431147752,0.0,-1,0.00045438022537269696
550.45,0.8639986837805509,-0.07142499939789171,10.103149438083328,0.0,-1,-0.0031792170042692636
548.7,0.5598824046384152,-0.12518042618000913,5.590687174490647,0.0,-1,-0.0015491160925824587
547.85,0.2903340646807919,-0.1315762553792108,3.425941382570464,0.0,-1,0.002920507438167519
549.45,0.2646987226453348,-0.052403865804889316,6.933485434870548,0.0,-1,0.0016380016380015405
550.35,0.30482282474042677,-0.004093254569932425,8.869476306604987,0.0,-1,0.007540655946216113
554.5,0.645316307059602,0.11213340924974757,16.569175310897407,0.0,-1,-0.0007213706041477863
554.1,0.7284533559642341,0.06509015271812657,15.260803109908636,0.0,-1,-0.0019852012272153496
553.0,0.6176507674196046,-0.015237478608834287,11.563607919898153,0.0,-1,9.041591320069209e-05
553.05,0.5149452425289383,-0.03931433449983357,11.673270015839144,0.0,-1,0.022873157942320033
565.7,1.474847043206296,0.3068624887258413,28.731387426337633,-5.479927999448137,-1,0.008131518472688448
570.3,2.2152273566110807,0.3490809340435421,31.97310425822843,-5.570220639405534,-1,-8.767315447999469e-05
570.25,2.3966485669292297,0.1768340481205639,31.82248578248131,-2.091751172241402,-1,-0.0021920210434019927
569.0,2.183471791510783,-0.012114242432627709,27.84912412647985,0.0,-1,8.787346221428294e-05
569.05,1.8990940878423999,-0.09883064870033698,27.89682842388612,0.0,-1,0.0006150601880328121
569.4,1.6278140620213435,-0.12337022484046445,28.260963423663725,0.0,-1,-0.0014049877063574412
568.6,1.2898562106090594,-0.15377602541758284,25.118055903021997,0.0,-1,8.793527963413261e-05
568.65,1.0175559340187874,-0.14202543400261836,25.187254730735106,0.0,-1,-0.006418710982150633
565.0,0.49244280122206874,-0.22237952226644575,11.34845543276797,0.0,-1,0.003539823008849474
567.0,0.355516001388537,-0.11976877403332586,15.243277493371025,0.0,-1,0.007054673721340388
571.0,0.5907596013560124,0.03849160864471646,21.602312664957722,0.0,-1,0.0013134851138354442
571.75,0.7216514345601581,0.05646114728295404,22.644985646886667,0.0,-1,0.01285526891123756
579.1,1.339459731615534,0.22475648144611005,30.457988432965735,0.0,-1,-0.0017268174753928278
578.1,1.4534089025086132,0.11290188411306312,27.127849106853645,0.0,-1,0.026206538661131207
593.25,2.6517660794127096,0.43708635367238635,36.51984944571163,-5.498990338623798,-1,0.0022756005056889794
594.6,3.1424641612470623,0.3092614785022465,37.0464933604127,-2.7790191600817025,-1,0.0010931718802555945
595.25,3.1801078553936577,0.11563505754961412,37.31168711129918,0.0,-1,0.005123897522049559
598.3,3.1880873811841184,0.041204861113358415,38.53539816628043,0.0,-1,0.0010028413839211492
598.9,2.976403195647322,-0.05682644147447924,38.772089761914984,0.0,-1,-0.0013357822674903153
598.1,2.5558608365749933,-0.15912293351560258,36.1375038176036,0.0,-1,-0.0010031767263000146
597.5,2.0826012539909016,-0.21079417203323159,34.058588617782775,0.0,-1,0.011380753138075184
604.3,2.2390880248661915,-0.018102467052647064,37.77424361791505,0.0,-1,0.0011583650504716214
605.0,2.1890740748984854,-0.022705472340117883,38.09171490655602,0.0,-1,-0.000578512396694264
604.65,1.952477593673052,-0.08643398452185025,36.83894659700526,0.0,-1,0.009261556272223581
610.25,2.138139553587507,0.033075991797534954,39.49486537607467,0.0,-1,0.004506349856616243
613.0,2.281958904079147,0.0589651140963916,40.53685153349687,0.0,-1,-0.0053833605220228176
609.7,1.8887053373183562,-0.11142948422146626,29.96181864042414,0.0,-1,-0.0044284074134821605
607.0,1.309686442494808,-0.23014945968167155,22.286109564196053,0.0,-1,-0.005683690280065989
603.55,0.6235364582084912,-0.3054331479893295,13.616168014999865,0.0,-1,-0.0014911772015574476
602.65,0.15350009454789415,-0.25848983721664226,11.478855651844945,0.0,-1,-0.00024890068862515324
602.5,-0.1068097618280035,-0.17293323119751336,11.098719789538421,0.0,-1,-0.006141078838174385
598.8,-0.5363972098637078,-0.20084022641107258,2.2450002738084507,0.0,-1,0.0025050100200401104
600.3,-0.5814911663928797,-0.08197806098008148,5.1711609297213315,0.0,-1,-0.004830917874396046
597.4,-0.7972472141246953,-0.0992447029039657,-1.2461419543622654,0.0,-1,0.0024271844660195274
598.85,-0.7178546368136267,-0.006617375197632391,1.8643881331262904,0.0,-1,0.009351256575102385
604.45,-0.15167046175690757,0.18652226661969562,11.81125187014905,0.0,-1,-0.0018198362147406888
603.35,0.05239416425115451,0.13019563087591923,9.143832598360433,0.0,-1,0.003563437474102926
605.5,0.3292269635675211,0.13567614339742864,12.644726364952454,0.0,-1,0.00156895127993395
606.45,0.5193744495951478,0.10860787647501846,14.152788788654746,0.0,-1,-0.003050540028032067
604.6,0.4170003218093825,0.0020779162297510645,8.999097735071892,0.0,-1,0.006037049288786012
608.25,0.6352298977657256,0.07343583072869808,15.13851738557419,0.0,-1,-0.0004110152075627038
608.0,0.6705755275967249,0.036260486853232465,14.40458621125056,0.0,-1,-0.023930921052631504
593.45,-0.5801329514541749,-0.4048159973992224,-12.742081583592508,1.1560910769269412,-1,0.013649001600808619
601.55,-0.4821427783584795,-0.10227527476784237,0.2332515482415758,0.0,-1,-0.0025766769179618176
600.0,-0.5221357936140976,-0.04742276334115347,-1.882510038689631,0.0,-1,0.00258333333333316
601.55,-0.36945431844071663,0.03508623727740917,0.4369707012208721,0.0,-1,0.0024104396974482523
603.0,-0.1414923876506009,0.08768272268917499,2.6378440430689167,0.0,-1,0.0075456053067992634
607.55,0.36344627671530816,0.1975404623516947,8.98755242973347,0.0,-1,0.0009875730392561177
608.15,0.6356284191720079,0.15657420160279817,9.777661375965408,0.0,-1,0.009454904217709448
613.9,1.1979171221360048,0.23962096818893164,16.62427845798554,-1.1524524356977963,-1,0.0014660368138132984
614.8,1.4542350467733058,0.16531296427541098,17.583903544200524,-0.15363981994460119,-1,-0.0035783994795054452
612.6,1.2778744218608153,-0.0036825535456932457,12.688416652652421,0.0,-1,-0.004489063010120753
609.85,0.8540379075828923,-0.14250635594120542,6.958136018302753,0.0,-1,-8.198737394449207e-05
609.8,0.5667831581453129,-0.1432537017929283,6.853148441468662,0.0,-1,-0.01033125614955721
603.5,-0.14907614641890632,-0.2863710021190492,-4.808649224108457,0.0,-1,-0.0025683512841755407
601.95,-0.6237494531660559,-0.25368143628873296,-7.208148895657871,0.0,-1,0.011711936207326135
609.0,-0.22160698544246316,0.049487010478286575,4.895144857012788,0.0,-1,0.005747126436781658
612.5,0.28959816387282444,0.1868973865978581,9.608907367669225,0.0,-1,-0.00595918367346937
608.85,0.21690089154105863,0.03806670475536411,3.170248626379376,0.0,-1,-0.0014781966001478075
607.95,0.0874771810800894,-0.030452335235201716,1.6419985613180117,0.0,-1,0.0013981412945140992
608.8,0.08630889409289466,-0.010540207407465488,3.0578655990690535,0.0,-1,-0.003531537450722655
606.65,-0.10063432390847993,-0.06582780846961338,-0.9761585283856249,0.0,-1,-0.001895656474078966
605.5,-0.28155307258350604,-0.0822488523815465,-3.095589465955804,0.0,-1,0.00041288191577204536
605.75,-0.3277163575390887,-0.042804045779043065,-2.5468599040955198,0.0,-1,-0.0031366075113494762
603.85,-0.481821636888526,-0.06563644170949345,-6.355746670319981,0.0,-1,-0.004388507079572723
601.2,-0.7395558068225228,-0.10779020388116345,-11.184035592936489,0.0,-1,0.0010811709913505219
601.85,-0.7526265745543697,-0.04028699053767015,-9.393311424077929,0.0,-1,0.0013292348591840142
602.65,-0.6297764105406713,0.027521057825342754,-7.107614132945365,0.0,-1,0.005143947564921536
605.75,-0.2575366276554405,0.13325361357019122,1.0098301519290729,0.0,-1,-0.004539826661163815
603.0,-0.27912201724154784,0.03722274132802794,-5.258657844907617,0.0,-1,0.0016583747927032544
604.0,-0.18332121059791007,0.04434118265722192,-2.6447585245316034,0.0,-1,-0.0027317880794701654
602.35,-0.25764403972618766,-0.009993882157018547,-6.423781226903579,0.0,-1,0.007470739603220755
606.85,0.10166488235347515,0.11643834664088146,4.56374722181252,0.0,-1,-0.005437917112960489
603.55,-0.0021527301361174978,0.004206911383762935,-2.9083223187447587,0.0,-1,-0.001905393090878893
602.4,-0.14971547553625442,-0.04778527800545801,-5.279607122210386,0.0,-1,-0.002905046480743745
600.65,-0.3568538919415687,-0.08497456480359078,-8.788392534386766,0.0,-1,-0.0042454008157828405
598.1,-0.6431852758157675,-0.12376864955926314,-13.43348527349523,0.0,-1,0.004765089449924709
600.95,-0.4952521947682271,0.008054810496092357,-5.644840348094796,0.0,-1,0.003328063898826894
602.95,-0.21334797134704786,0.09665301130575721,-0.7829630415449742,0.0,-1,0.00588771871631133
606.5,0.24121647130914425,0.1837391513206498,6.68164338527076,0.0,-1,-0.00634789777411382
602.65,0.12756398669466762,0.023362222235391056,-1.847369344138997,0.0,-1,0.0028208744710860323
604.35,0.20177407882954412,0.03252410479008919,1.7171036289113957,0.0,-1,0.0004964010920822659
604.65,0.24706461832795412,0.02593821476283306,2.3593127100133486,0.0,-1,8.269246671632757e-05
604.7,0.25328783654970266,0.0107204776615272,2.4763701367513633,0.0,-1,-0.009922275508516654
598.7,-0.2647078740518509,-0.16909174431334212,-10.473110057190048,0.0,-1,-0.001920828461667079
597.55,-0.5974800731816003,-0.16728798114769716,-12.446630114104067,0.008327864088869319,-1,-0.0008367500627562974
597.05,-0.7557428333146845,-0.1085169137602604,-13.331086847192658,0.0,-1,-0.0025960974792730296
595.5,-0.9010623106049707,-0.08461213035018222,-16.082587236414255,0.08848903518673978,-1,-0.0025188916876573986
594.0,-1.0236335233663567,-0.06906111437052276,-18.6148717541313,0.3020994424455239,-1,-0.0014309764309764494
593.15,-1.070449669466484,-0.038625753490216796,-20.023994111974808,0.0,-1,-0.0005900699654387553
592.8,-1.0338202700610282,-0.0006654513615869107,-20.627351337271126,0.0,-1,-0.010880566801619307
586.35,-1.46685388118658,-0.14456635416237962,-29.19997516193962,2.594899092565697,-1,-0.004860578152980355
583.5,-1.7986328633170388,-0.15878177876427935,-31.806855314615316,2.6137328041683077,-1,0.0018851756640960726
584.6,-1.722969615772513,-0.02770617707325118,-27.634171745099888,0.0,-1,-0.0025658569962367928
583.1,-1.6665571906859213,0.00956874933778007,-29.238662250042623,0.0,-1,-0.0044589264277139495
580.5,-1.7161378789187438,-0.013337312965014059,-31.758906408605604,0.0,-1,0.005943152454780387
583.95,-1.3104167331252938,0.13079461094281197,-19.347491921222538,0.0,-1,-0.0004281188457916363
583.7,-1.0191880991347944,0.14067441497777056,-19.717622173746907,0.0,-1,-0.00805208154874082
579.0,-1.1803081072116584,-0.006815197699697739,-25.817320177984264,0.0,-1,0.0010362694300518616
579.6,-1.112509102315812,0.020327935732049607,-23.711296295892126,0.0,-1,-0.007332643202208389
575.35,-1.340067174674914,-0.06907671220901745,-28.427481773714643,0.0,-1,-0.0010428434865734637
574.75,-1.3921739462981577,-0.04039449461075373,-29.01794061224452,0.0,-1,-0.0049586776859504855
571.9,-1.539712836584954,-0.06264446163251658,-31.6663697207768,0.0,-1,0.0010491344640672917
572.5,-1.435172878679623,0.013965165424271397,-29.324244734316135,0.0,-1,0.0006986899563319326
572.9,-1.2299718265037427,0.07305540586671722,-27.674147472783446,0.0,-1,0.0015709547914120048
573.8,-0.9498736482071308,0.11771786138777629,-23.834402577987813,0.0,-1,-0.0002614151272219978
573.65,-0.7431684217081056,0.10814102929560054,-24.071761266312418,0.0,-1,0.006537087073999803
577.4,-0.26538510664966,0.19530811478468207,-9.16353179402821,0.0,-1,0.004156563907170119
579.8,0.19562197643369927,0.21877173262268051,-1.756029213434509,0.0,-1,0.00034494653328742686
580.0,0.4264903532725839,0.1498800364871884,-1.1629002664880517,0.0,-1,-0.0006034482758621174
579.65,0.47721701225270863,0.06686889848910438,-2.227440835143014,0.0,-1,0.0006900715949278435
580.05,0.4961455907216532,0.028599158986016338,-0.8207367579891525,0.0,-1,-0.005085768468235385
577.1,0.21843108072937412,-0.0830384503354209,-9.712599691648663,0.0,-1,-0.002166002425922686
575.85,-0.042795430994146955,-0.11475498735298068,-12.873026767227941,0.0,-1,-0.003994095684640264
573.55,-0.361509067606562,-0.1444895413217986,-18.004486528535534,0.0,-1,-0.0033998779530990397
571.6,-0.6532401302788458,-0.1454068679980275,-21.69043188508285,0.0,-1,-0.0016620013995801708
570.65,-0.823835650758383,-0.10533412949252163,-23.35219002796239,0.0,-1,0.0016647682467363367
571.6,-0.7613137734349493,-0.014270750723029302,-18.860961589890813,0.0,-1,-0.004548635409377222
569.0,-0.8832766869869602,-0.045411221425013415,-23.748720438686373,0.0,-1,-0.025307557117750346
554.6,-2.070651753180755,-0.41092876253960275,-36.646973886002755,7.97827739348952,-1,0.00883519653804532
559.5,-2.0834516401791916,-0.1412428831793464,-23.072434956878396,0.6320639346956796,-1,-0.012957998212689947
552.25,-2.520397280330144,-0.19272950777676634,-28.587377228284637,3.8064021320544725,-1,-0.006156631960162917
548.85,-2.812170327044896,-0.16150085149717297,-30.65216175099132,2.9987365984386543,-1,0.0023685888676321376
550.15,-2.6153759898151065,0.01176449524420553,-27.478167496929963,0.0,-1,-0.0045442152140325875
547.65,-2.5073641553823336,0.039925443225659496,-29.225126297569165,0.0,-1,0.007577832557290165
551.8,-1.8985778918839742,0.21623723557467311,-19.309157789745097,0.0,-1,0.010057992026096585
557.35,-0.9734699358111811,0.38044839721582213,-8.440234459686344,0.0,-1,0.0005382614156275167
557.65,-0.4047934631238377,0.3163749566343885,-7.8949509598409975,0.0,-1,-0.007083295974177228
553.7,-0.4158891048532496,0.10175977163499217,-12.952116196850113,0.0,-1,-0.0005418096442117992
553.4,-0.4117795003135143,0.03528979205824251,-13.323855339603796,0.0,-1,-0.0016263100831225286
552.5,-0.4504097396842326,-0.0011134824374919305,-14.51085122949069,0.0,-1,0.0019909502262442924
553.6,-0.3405240477292182,0.036257403172507474,-11.79487681003478,0.0,-1,-0.00018063583815031148
553.5,-0.26553753110749767,0.037081306598076014,-11.956661095162076,0.0,-1,0.016531165311653107
562.65,0.5565838547955764,0.28640089750038344,6.689412360864452,0.0,-1,-0.0017773038300897825
561.65,0.8379292265141203,0.18924875640630912,4.690704591610725,0.0,-1,-0.001424374610522472
560.85,0.8421078101639523,0.06447578001871368,3.0287980156582606,0.0,-1,0.007399482927699097
565.0,1.1198547844751374,0.11407425144329952,10.029591612581093,0.0,-1,-0.0022123893805309214
563.75,1.0612403729244306,0.018486613297530985,7.17752065611932,0.0,-1,0.0021286031042129228
564.95,1.0434964694054543,0.00024756992618479856,9.243022696989101,0.0,-1,-0.0026551022214355013
563.45,0.8226664785287312,-0.07352747365017942,5.5234121462138575,0.0,-1,-0.016239240394001375
554.3,-0.11880405678687112,-0.33833266965526065,-11.05115434774256,0.0,-1,-0.0021648926574056038
553.1,-0.6796389863791319,-0.2997225330825071,-12.674780520485918,0.0,-1,0.0006327969625745666
553.45,-0.8742532023103422,-0.16477891633790587,-11.839368371658537,0.0,-1,-0.0018971903514320987
552.4,-0.9862058767500912,-0.09224386359255166,-13.462756943610515,0.0,-1,0.0030774800868935692
554.1,-0.8183317242408066,0.02521009630557769,-8.951294089522683,0.0,-1,-0.0043313481321061165
551.7,-0.8662003376327903,-0.007552839028801994,-13.069460688690889,0.0,-1,-0.0009062896501721429
551.2,-0.8596179495259548,-0.0003234836406554864,-13.907638186265203,0.0,-1,0.014695210449927165
559.3,-0.10969192634536284,0.24986751317997885,4.628097944690332,0.0,-1,-0.0016091543000178454
558.4,0.19941207910699177,0.18632383954411122,2.7396320447589346,0.0,-1,-0.006267908309455561
554.9,0.0456797419076338,0.010863834114917752,-4.11448757096624,0.0,-1,-0.006848080735267548
551.1,-0.3516597385176965,-0.1288252154368042,-10.333377248427752,0.0,-1,0.005534385773906747
554.15,-0.26685783385391915,-0.014674436924342282,-3.8273751094969697,0.0,-1,0.008752142921591766
559.0,0.2019479379657696,0.15137711163178216,4.786925039700719,0.0,-1,-0.0022361359570661765
557.75,0.31535516237852335,0.08826144534817865,2.3861099451832644,0.0,-1,0.00950246526221421
563.05,0.7874458443866388,0.186784042452098,10.533736971243925,0.0,-1,-0.0029304679868572547
561.4,0.820370698358488,0.07323629880798244,7.150862891212128,0.0,-1,-0.003295333095831854
559.55,0.6143022338145556,-0.044277388578649934,3.4310000677722243,0.0,-1,0.004914663568939437
562.3,0.689242815391367,0.01022106433272052,7.951374340010474,0.0,-1,0.0020451716165750256
563.45,0.7651095382304902,0.028695929057281244,9.766025122743294,0.0,-1,-0.004081994853137094
561.15,0.5476171047976095,-0.06293216812519986,4.535909376036237,0.0,-1,0.0015147465027176565
562.0,0.4640694626813229,-0.04882660341382883,6.112946551359741,0.0,-1,0.011476868327402245
568.45,0.9211231863997682,0.13607570676820546,16.04387451488067,-0.7673320416178058,-1,-0.010642976515084945
562.4,0.5687231160590045,-0.07210812119085275,3.4407294250639353,0.0,-1,-0.0065789473684209065
558.7,0.03679615455030216,-0.20134502756651837,-2.6936379772474126,0.0,-1,0.004295686414891753
561.1,-0.03223367241650976,-0.09012495151111008,1.3326267018448519,0.0,-1,0.0008911067545891438
561.6,-0.022395779865291843,-0.02676235298663073,2.178458412523497,0.0,-1,-0.005608974358974339
558.45,-0.2781105186008972,-0.0941590305740787,-3.480995277655744,0.0,-1,0.0008058017727636813
558.9,-0.34529201141856447,-0.05378017446391531,-2.575828015187639,0.0,-1,-0.012256217570227323
552.05,-0.9209417568758909,-0.20980997330708062,-13.130262176277654,0.0,-1,0.011049723756906049
558.15,-0.6236881498648472,0.029147877901321007,-1.7373202684528763,0.0,-1,0.00447908268386632
560.65,-0.2147540005372548,0.14602734240963783,2.191574487357549,0.0,-1,0.002853830375457056
562.25,0.14094257417139033,0.1672413057060943,4.6410169286828165,0.0,-1,0.004535349044019421
564.8,0.5195456470113413,0.1819481261820151,8.414022129380648,0.0,-1,0.001239376770538314
565.5,0.723885046180385,0.12876250845035297,9.442998226753765,0.0,-1,0.0027409372236957275
567.05,0.8948976585832042,0.09992504028439075,11.77028841532406,0.0,-1,-0.02125033065867199
555.0,-0.09833750676398267,-0.2977700416875988,-8.70074457204381,0.0,-1,-0.014774774774774846
546.8,-1.2700936305406003,-0.4898420551547389,-16.97588866514377,3.713167760788906,-1,0.00054864667154364
547.1,-1.725130556550539,-0.31495966038822587,-16.43476857014091,1.0406947321411053,-1,-0.0034728568817400385
545.2,-1.9672214731762097,-0.18568352567129875,-18.240443008661288,0.48139375268851836,-1,0.0001834189288332233
545.3,-1.9159984753911203,-0.044820175962069886,-18.026434322241652,0.0,-1,-0.006601870529983289
541.7,-2.030720436882575,-0.053180712484508286,-21.590262636708257,0.0,-1,-0.0025844563411484556
540.3,-2.035521381221429,-0.019327218941120883,-22.89567386101055,0.0,-1,0.014714047751249293
548.25,-1.2057950716224468,0.27013303021928703,-6.511821872815972,0.0,-1,0.0053807569539443545
551.2,-0.4446156608544243,0.34377081366243656,-1.7191467568060617,0.0,-1,0.003719158200290229
553.25,0.1438586829341375,0.3107483858169995,1.4594312757385737,0.0,-1,-0.0004518752824220762
553.0,0.4052742979172308,0.19072133360003093,1.0344317477114302,0.0,-1,-0.001989150090416003
551.9,0.410542580582387,0.06532987208839575,-0.9462111896722689,0.0,-1,-0.0032614604094943767
550.1,0.22896484019975105,-0.038749289431413425,-4.1794689946141474,0.0,-1,-0.005635339029267494
547.0,-0.13923776667490984,-0.1356506321020248,-9.311467104083768,0.0,-1,0.008409506398537436
551.6,0.071597410444042,0.025061515005642354,-0.06610717952079881,0.0,-1,0.0050761421319796
554.4,0.4043818814665201,0.11928199534270684,4.708717850894175,0.0,-1,-0.0040584415584415945
552.15,0.34957562685553967,0.021491913577242117,0.415711644952502,0.0,-1,0.009055510278004109
557.15,0.7097078639786787,0.12720805023346038,8.463551356635058,0.0,-1,0.001256394148793083
557.85,0.8889649938754474,0.10215506004340968,9.486423482479744,0.0,-1,0.01263780586179064
564.9,1.4920131426674743,0.235067736278479,18.238981061305893,-2.5873162671415457,-1,0.003717472118959231
567.0,1.8442027885079142,0.19575246070630636,20.35843139058926,-2.084828982296358,-1,-0.0014991181657848518
566.15,1.795780712385863,0.04911012819475169,18.308402109993352,0.0,-1,0.006623686302216658
569.9,1.9344212816258732,0.06258356581158742,22.269147848353597,0.0,-1,8.773469029677017e-05
569.95,1.8467064594437943,-0.00837708545683058,22.320397262677048,0.0,-1,0.004474076673392391
572.5,1.8614568433991963,0.002124432832857126,24.944366535819057,0.0,-1,-0.0006113537117904411
572.15,1.6845439650935532,-0.05826281515759524,23.876321636580045,0.0,-1,0.00401992484488356
574.45,1.6473755288495795,-0.03181041713385624,26.338451534341417,0.0,-1,-0.003220471755592369
572.6,1.337343349990192,-0.11394753199774788,20.407845543182503,0.0,-1,0.003754802654558187
574.75,1.2500486480613517,-0.06708074464219616,23.10582237837002,0.0,-1,-0.0027838190517617267
573.15,0.9688972430917602,-0.11607738320392924,17.98089711834301,0.0,-1,-0.0005234231876470874
572.85,0.7225801036827306,-0.1207981742043196,17.002344171188938,0.0,-1,-0.0033167495854062867
570.95,0.38087319200451475,-0.15416836196084516,10.83960663583727,0.0,-1,-0.009195200980821383
565.7,-0.25921969650153187,-0.26475375015563063,-2.5575822610066723,0.0,-1,-0.00017677214071065706
565.6,-0.5659978327128101,-0.19051062878896963,-2.777658415581186,0.0,-1,-0.00300565770862804
563.9,-0.8138870814257189,-0.14613329250062612,-6.582023336732526,0.0,-1,0.010196843411952372
569.65,-0.39084111566342017,0.09230422442055752,6.5678691279112655,0.0,-1,-0.0031598349863950492
567.85,-0.296748039810268,0.06213243342456992,2.337134187643116,0.0,-1,-0.004490622523553922
565.3,-0.4374724985660805,-0.026197341777080885,-3.175331225477535,0.0,-1,0.002830355563417708
566.9,-0.338045353063535,0.02440993457515489,0.46222510399110917,0.0,-1,-0.012347856764861498
559.9,-0.8434946675569108,-0.16034645997274033,-12.130607050952413,1.2310656453586262,-1,-0.003750669762457637
557.8,-1.200928102507305,-0.17259329830771164,-15.038793058970363,1.4311265632477443,-1,0.003406238795267358
559.7,-1.1212341447734389,-0.03096644685794847,-10.377556271219767,0.0,-1,-0.005002680007146765
556.9,-1.2212843205087438,-0.04367220753108447,-14.538979118609674,0.0,-1,-0.003411743580535087
555.0,-1.327869048334037,-0.05008564511879254,-17.14098453854102,0.0,-1,-0.000540540540540424
554.7,-1.2955056582188718,-0.005907418334542447,-17.558604865997317,0.0,-1,0.00036055525509270936
554.9,-1.1546984916429892,0.04496658274711329,-16.928512112946763,0.0,-1,-0.0016219138583528636
554.0,-1.0630700340515205,0.045531680112860684,-18.402022177045403,0.0,-1,0.0010830324909747446
554.6,-0.8786666357515287,0.07664502613761748,-16.216613955231615,0.0,-1,-0.00036062026685912407
554.4,-0.729909383622271,0.0751340927556251,-16.611702233964905,0.0,-1,-0.007575757575757458
550.2,-0.9447049755891612,-0.04655383307042171,-23.769433965963096,0.0,-1,-0.005361686659396625
547.25,-1.219210690273485,-0.10701984925158192,-27.528970616599764,0.0,-1,-0.0030150753768843908
545.6,-1.3923626567595875,-0.09339060524589482,-29.366829051157705,0.0,-1,-0.0026576246334312215
544.15,-1.4837417519393057,-0.061589900141870935,-30.89273954697457,0.0,-1,-9.18864283744325e-05
544.1,-1.4099528202008287,0.004066343865535282,-30.946726916645158,0.0,-1,0.0022973718066532367
545.35,-1.1513956193149397,0.08754118158380808,-25.05590227973561,0.0,-1,0.00027505271843764056
545.5,-0.9136673839290097,0.10842313898991263,-24.334617695049676,0.0,-1,0.00274977085242889
547.0,-0.593664317575417,0.14280873511450176,-17.163115666647876,0.0,-1,-0.0022851919561243106
545.75,-0.4883574246006219,0.082705209363099,-19.855877277171537,0.0,-1,-0.005771873568483743
542.6,-0.6575075260632275,-0.028814964033168855,-25.484843739305273,0.0,-1,0.0044231478068559316
545.0,-0.4872902829558825,0.047134093024725376,-15.180878192854102,0.0,-1,-0.0005504587155962248
544.7,-0.38657413782254935,0.049283412719352826,-15.828726466692004,0.0,-1,0.004681476041857868
547.25,-0.09150155377074043,0.11478533225705392,-5.989932756890049,0.0,-1,-0.0019186843307446022
546.2,-0.02384013226389925,0.060815584587965044,-8.806752414674271,0.0,-1,-0.007689491028927242
542.0,-0.3380227438218526,-0.08445567565666279,-17.929574654251127,0.0,-1,-0.00046125461254609146
541.75,-0.48777882094907454,-0.07807058426129493,-18.392532122706452,0.0,-1,-0.001107521919704757
541.15,-0.5720086244334652,-0.05410012924856189,-19.56416182533742,0.0,-1,-0.005728541069943693
538.05,-0.824789474139493,-0.10229365965152992,-24.904456356710714,0.0,-1,0.003345413994982005
539.85,-0.7324474428143048,-0.0033172094421138887,-17.287481545712005,0.0,-1,9.26183199037034e-05
539.9,-0.6210724735838085,0.036019253262794204,-17.07695677468803,0.0,-1,-0.0012039266530838866
539.25,-0.5677956161698603,0.02976537022558079,-18.50050869999394,0.0,-1,0.008808530366249512
544.0,-0.09800755278217821,0.166517811204421,-0.7004055916254117,0.0,-1,-0.0019301470588234393
542.95,0.05755377497689551,0.10735971298783159,-3.6581155996686405,0.0,-1,-0.002670595819136312
541.5,0.009704957608391851,0.019836965206442646,-7.56452293849847,0.0,-1,0.0012927054478302225
542.2,0.04330513579009221,0.017812381129381,-5.074288355412513,0.0,-1,-0.0025820730357802857
540.8,-0.060170203101620245,-0.028554319254110484,-9.014363630451797,0.0,-1,-0.0019415680473371388
539.75,-0.19439368895564257,-0.05425926836937761,-11.805787979014958,0.0,-1,-0.00018527095877729494
539.65,-0.25363929113632366,-0.03783495685001956,-12.079088924574208,0.0,-1,-0.0001853052904661201
539.55,-0.27045881796539106,-0.018218161226362328,-12.378205566374874,0.0,-1,-0.004355481419701435
537.2,-0.4521636798826876,-0.06664100771455295,-18.803500059734635,0.0,-1,-0.004095309009679915
535.0,-0.6886691375177634,-0.10104882178320962,-23.509537531555114,0.2274579873572975,-1,0.0007476635514018781
535.4,-0.7161994382088324,-0.0428597074914262,-21.335582665529685,0.0,-1,-0.003175196115054013
533.7,-0.8119479687037483,-0.04620274599544738,-24.84813956453062,0.17554556347840844,-1,0.007775904065954631
537.85,-0.4463265698925625,0.10647288427191282,-6.176205132607997,0.0,-1,-0.002138142604815374
536.7,-0.3221553229958545,0.07688137705620696,-9.302188038328019,0.0,-1,0.0012111049003167285
537.35,-0.1790567559645524,0.07332664802916966,-6.759527432003651,0.0,-1,0.0033497720294035638
539.15,0.057413923881426854,0.10326577595838299,-0.1441505038976203,0.0,-1,0.00046369284985625647
539.4,0.19169810348103056,0.0791833185193289,0.7418198305510018,0.0,-1,-0.0058398220244716414
536.25,-0.019634648675832977,-0.04404981121251156,-9.320582226499873,0.0,-1,0.0033566433566432075
538.05,0.026335195968613334,0.0006400111439782523,-2.686858599063399,0.0,-1,0.004739336492891155
540.6,0.25962551862687633,0.07797677793408042,5.199244844649378,0.0,-1,-0.0018497965223824853
539.6,0.271301886737092,0.02988438201476537,1.8195965896740773,0.0,-1,0.009080800593031846
544.5,0.6628649135640217,0.14048246961389832,13.864971838733595,-0.5428855047923662,-1,-0.0006427915518825156
544.15,0.774241017513873,0.08395285785458317,12.622434904394773,0.0,-1,-0.0027565928512358617
542.65,0.6404089846959096,-0.016626391654460115,7.312640506589297,0.0,-1,0.0001842808440062349
542.75,0.5284588862289183,-0.04285883004048374,7.579077238354095,0.0,-1,0.0010133578995854542
543.3,0.4742789298097705,-0.03234626215321057,9.137688868406627,0.0,-1,-0.00147248297441549
542.5,0.3409990407827763,-0.055208717060068246,5.822906398469186,0.0,-1,0.0007373271889401511
542.9,0.27927584287067475,-0.03897730499072327,7.157035013448606,0.0,-1,-0.011604347025234718
536.6,-0.29985874299131865,-0.20603729695090559,-12.605609731272516,0.0,-1,0.00437942601565422
538.95,-0.3686044740062471,-0.09159434265527805,-4.758468509943945,0.0,-1,-0.0038964653492903345
536.85,-0.5472603000132494,-0.09008338955409351,-9.765760720910869,0.0,-1,-0.0010244947378226232
536.3,-0.6368165213490329,-0.05987987029662567,-11.021197972651628,0.0,-1,0.004102181614767941
538.5,-0.4451932552377684,0.043914465271546244,-3.589374483305363,0.0,-1,-0.004735376044568196
535.95,-0.5247821842456233,-0.011891487912102927,-9.881962851983118,0.0,-1,-0.0008396305625525402
535.5,-0.558344800062514,-0.015151367909664537,-10.92089301718078,0.0,-1,-0.0117647058823529
529.2,-1.053597374632318,-0.1701346474931562,-22.1428553290069,2.4001445225403586,1,-0.006046863189720364
526.0,-1.4800905473646253,-0.19887594007515452,-26.027908916727448,2.9080806662915393,1,0.00047528517110273505
526.25,-1.5491629214503746,-0.08931610472030127,-25.118509033291236,0.724913547766846,1,-0.0002850356294535894
526.1,-1.467102198372345,-0.002418460547423784,-25.315350932574688,0.0,1,-0.0036114807070898314
524.2,-1.4621466536356138,0.0008456947297690309,-27.788441447352145,0.0,1,0.0008584509729110401
524.65,-1.3003233267976384,0.05422300718924822,-25.790224440575354,0.0,1,0.0011436195558944817
525.25,-1.0610513861455502,0.09783164928044541,-23.011687382013445,0.0,1,-0.002379819133745853
524.0,-0.9571611336406249,0.0672406339284568,-25.12284189442213,0.0,1,0.007538167938931473
527.95,-0.49628591291821067,0.1760386182169571,-8.935783823093132,0.0,1,0.004545885026991048
530.35,-0.024491143147088223,0.2159444626626932,-1.4512691449551127,0.0,1,-0.0016969925520882168
529.45,0.13844717033407505,0.12629425871461886,-3.891091362622703,0.0,1,-0.0016998772310889976
528.55,0.13337906288006707,0.0404087170868703,-6.329603524606874,0.0,1,0.002175763882319659
529.7,0.21556342057976963,0.04086435826219095,-2.3954906508448843,0.0,1,9.439305267133768e-05
529.75,0.24285864771457,0.0227198617989971,-2.219304867190253,0.0,1,-0.00018876828692782066
529.65,0.22793470730573517,0.002598640463387425,-2.573696705453308,0.0,1,0.002832058906825363
531.15,0.3264781781591637,0.03371403710560533,3.2103263255755436,0.0,-1,0.00517744516614882
533.9,0.577710065405995,0.09498197478414555,11.776564449089946,0.0,-1,-0.0004682524817382072
533.65,0.6343501702455114,0.050540693207887344,10.654880048791185,0.0,-1,0.00374777475873711
535.65,0.7764743751448577,0.06422163270241121,16.122580645929858,0.0,-1,0.00018668906935492835
535.75,0.7911636129991848,0.0263036235189128,16.382125010968764,0.0,-1,-0.0021465235650955927
534.6,0.6367445975097326,-0.042705130656846446,10.463139101267984,0.0,-1,-0.0033670033670034627
532.8,0.3564730399725704,-0.10765889606466955,2.3458572318797764,0.0,-1,-0.003847597597597563
530.75,0.015797841206222074,-0.149444698277006,-5.255609199731971,0.0,-1,-0.004616109279321767
528.3,-0.36002291161082667,-0.17508848369801824,-12.48902083466568,0.0,1,0.0015142911224683697
529.1,-0.45126471205185226,-0.08877676137968132,-9.026947229420074,0.0,1,-0.00519750519750517
526.35,-0.6884468862679114,-0.10865297853191347,-16.1829227238848,0.0,1,0.0004749691270067302
526.6,-0.7288340661870052,-0.049680052817002385,-15.035597707758093,0.0,1,-0.0005696923661224762
526.3,-0.7132914839643263,-0.011379156864774531,-15.825514315159886,0.0,1,-0.0015200456013679808
525.5,-0.7127459025226699,-0.0036111918077060823,-17.96960732941725,0.0,1,0.0007611798287345817
525.9,-0.61974428659164,0.02979680804110796,-15.680299192545668,0.0,1,0.0
525.9,-0.5215981214100793,0.04264765774088952,-15.680299192545661,0.0,1,0.0006655257653547242
526.25,-0.39989186203513327,0.05478463903861186,-13.37447137167694,0.0,1,-0.0019002375296912621
525.25,-0.3890477438446851,0.02187625240968666,-17.047083442223986,0.0,1,-0.005045216563541177
522.6,-0.5720383727624494,-0.053704792169359195,-24.55870545592648,0.0,1,0.00038270187523914423
522.8,-0.5991971561578566,-0.026954525188255474,-23.16022465014503,0.0,1,0.006312165263963498
526.1,-0.28784345150904755,0.0947997264868512,-4.439786816428956,0.0,1,-0.005892415890515146
523.0,-0.3665129782255008,0.0053767332567993265,-14.04322854661126,0.0,1,-0.0005736137667302632
522.7,-0.40030499339832204,-0.009471760638673998,-14.840131527371867,0.0,1,-0.0012435431413814202
522.05,-0.4380089182014899,-0.015725228480613973,-16.621061626180136,0.0,1,-0.0009577626664112326
521.55,-0.46202680408634933,-0.013247704788491133,-18.006158531096027,0.0,1,0.0008628127696290733
522.0,-0.39803351335478965,0.0169151953143562,-15.296601975264721,0.0,1,-0.002586206896551757
520.65,-0.44536740854277923,-0.01013956662454446,-19.365191627325594,0.0,1,0.0017286084701815252
521.55,-0.3569204054248303,0.026102478831134812,-13.822603153492935,0.0,1,-9.586808551420578e-05
521.5,-0.287120203413906,0.03196756028068637,-14.000167801918067,0.0,1,0.0029721955896451213
523.05,-0.09912675212387967,0.07332033719023756,-4.745026628370319,0.0,1,-0.0012427110218907744
522.4,-0.05103613046856026,0.04047031961518566,-7.601878354587271,0.0,1,0.015983920367534488
530.75,0.6730955245648147,0.2548673248828536,19.700069361800672,-1.8769128149382368,-1,-9.420631182277539e-05
530.7,0.9749033917011047,0.18555839733971458,19.480958551129675,-0.8308333936936378,1,0.009798379498775045
535.9,1.4778987092942089,0.22951790497760616,27.613243680733362,-3.467004623780099,-1,0.008210487031162561
540.3,1.9729048089828893,0.24150800155542895,32.09809276808727,-4.459101689195563,-1,-0.0021284471589857468
539.15,1.9601657914120096,0.07625632799484983,27.58438303395468,-0.9621203993352765,-1,0.006862654177872685
542.85,2.098782466675516,0.07162433441945204,31.266381513942548,-1.689264479507301,-1,0.0006447453255964408
543.2,2.0223589320843303,-0.001599733390577729,31.584320990821595,0.0,-1,-0.00036818851251851914
543.0,1.7989505871149731,-0.07500269278664495,30.71457152365508,0.0,-1,0.02007366482504591
553.9,2.445667199037416,0.1905713063785992,38.28037627224825,-3.2897814809458623,-1,0.00018053800324979719
554.0,2.5735532384121598,0.10615244858444761,38.32705695464011,0.0,-1,-0.0020758122743681495
552.85,2.3272001548986054,-0.04673354497636906,34.04932949283763,0.0,-1,-0.008682282716831136
548.05,1.610090266900329,-0.2546144776582151,18.633804704502197,0.0,-1,-0.0028282091050085834
546.5,0.9881944673261387,-0.2921700924108017,14.396091873024162,0.0,-1,-0.00036596523330290065
546.3,0.5782303619284903,-0.23404473260281677,13.831049235897453,0.0,-1,0.0022881200805418
547.55,0.4292291124023677,-0.12768199404297975,15.908385423290056,0.0,-1,-0.0018263172313031095
546.55,0.23562606160567157,-0.10709501494655865,12.70702514573967,0.0,-1,-0.0028359710913913316
545.0,-0.009977635593145351,-0.11756623738179187,7.866316890501366,0.0,-1,-0.016697247706422114
535.9,-0.8902813478931648,-0.33262331656060384,-11.514053335653443,0.0,-1,0.00541145736144788
538.8,-1.0145764250520415,-0.15230613123982684,-4.992463252593183,0.0,-1,-0.0016703786191536452
537.9,-1.0671759282105313,-0.06830187813277222,-6.579813765623804,0.0,-1,-0.003532255065997303
536.0,-1.1628776857721732,-0.054667878564804706,-9.897445748060306,0.0,-1,0.0006529850746268551
536.35,-1.0846554240720252,0.00785146104511436,-8.975134717388457,0.0,-1,0.004847580870700252
538.95,-0.7384896745492142,0.11800573685597515,-2.3248547952923886,0.0,-1,-0.003061508488728215
537.3,-0.641365993575505,0.07170980594322818,-5.836439512487395,0.0,-1,-0.007258514796203208
533.4,-0.8643569869573184,-0.05042706247952844,-12.9947788651696,0.0,-1,-0.0027184101987249853
531.95,-1.0246560680684524,-0.07024204786355415,-15.317111119671871,0.0,-1,-0.0036657580599681605
530.0,-1.1819176029516711,-0.07583452758225762,-18.290644792734888,0.0,1,-0.0025471698113207486
528.65,-1.274555236813967,-0.05615738714818441,-20.252490531687865,0.0,1,0.00917431192660545
533.5,-0.8104944506773109,0.1359677996628239,-6.338590397705865,0.0,-1,0.004592314901593397
535.95,-0.30675618671921256,0.2132353545403074,-0.7022615427205849,0.0,-1,-0.0017725534098330664
535.0,-0.1084907058468616,0.13716694513755281,-2.7393282432593793,0.0,-1,-0.0007476635514018781
534.6,-0.03365040659014085,0.07066908146475787,-3.6356345454908947,0.0,-1,0.0002805836139168072
534.75,0.019073943587386566,0.041131143880761764,-3.2151206327580155,0.0,-1,-0.0052360916316034345
531.95,-0.18948670995621342,-0.05580983655427943,-9.758801563319906,0.0,-1,0.003853745652786733
534.0,-0.10714314423159976,0.008844576390111408,-3.6539940121214727,0.0,-1,-0.0006554307116105607
533.65,-0.08620943268329029,0.009926095979473623,-4.535079818723645,0.0,-1,0.002061276117305333
534.75,0.023108209147721936,0.03974791260349529,-1.1400091058705613,0.0,-1,0.0007480130902290938
535.15,0.10917467930096336,0.04193812758557891,0.11477667496220079,0.0,-1,0.007194244604316502
539.0,0.4639433577691534,0.132235602017923,10.48388207771741,0.0,-1,0.004174397031539989
541.25,0.790165750522533,0.15281933159043426,15.183225483690904,-0.44589789201097574,-1,-0.002956120092378778
539.65,0.7540964676890098,0.038916682918970325,9.584476545215693,0.0,-1,0.0007412211618640363
540.05,0.7065537872980485,-0.002875332490663629,10.52628089450107,0.0,-1,-0.0023146004999536895
538.8,0.5197362981610922,-0.06323094054253997,5.995499398681304,0.0,-1,9.279881217527652e-05
538.85,0.38718286207915753,-0.06526145887482487,6.141414831835149,0.0,-1,0.0002783706040641043
539.0,0.30114090553161077,-0.05043447180745719,6.620887155051783,0.0,-1,0.0048237476808905555
541.6,0.44969151846362365,0.03270538037485188,14.165685061418202,0.0,-1,-0.001200147710487376
540.95,0.4323258650575781,0.0051132423229354185,11.208515084550243,0.0,-1,0.00046214992143456257
541.2,0.4084492162664901,-0.006254468822717518,11.957759783866074,0.0,-1,-0.003603104212860364
539.25,0.19997345718206816,-0.07157674263571318,3.0735727680837854,0.0,-1,0.0015762633286973138
540.1,0.14990445620799164,-0.04054858120326324,6.120915805553629,0.0,-1,-0.005739677837437562
537.0,-0.14595541562971448,-0.11213615101365648,-5.570679727383464,0.0,-1,-0.0005586592178770111
536.7,-0.3067224002461444,-0.09096771187669547,-6.544131672027923,0.0,-1,0.004285448108813039
539.0,-0.16987902586720338,0.015291887500748502,2.3494524166868445,0.0,-1,0.003525046382189201
540.9,0.07103258014467428,0.08540116450420873,8.360837119282316,0.0,-1,0.003605102606766497
542.85,0.3480690014717993,0.12081252861044459,13.597728977178726,0.0,-1,-0.00423689785391923
540.55,0.2659147953460206,0.01288610749488861,4.5985401970444,0.0,-1,0.0003699935251133546
540.75,0.21934479267099505,-0.011227965060045642,5.210882009158837,0.0,-1,0.00036985668053635123
540.95,0.1944477252775414,-0.012041677484499774,5.872175286873251,0.0,-1,0.00027728995286069313
541.1,0.17829521447436036,-0.009398062762560278,6.408517513641343,0.0,-1,0.0043430049898356415
543.45,0.35119435786657505,0.0545003602098848,14.020802480192813,0.0,-1,-0.0003680191369952457
543.25,0.391711066407197,0.0316723562501689,12.98078393204748,0.0,-1,-0.0030372756557753844
541.6,0.24182683181027187,-0.039403959448918724,4.817733404097481,0.0,-1,0.0009231905465287849
542.1,0.18839914519423928,-0.030943882021650437,6.70705172447915,0.0,-1,-0.0026747832503228874
540.65,0.025152039786689784,-0.06473032914306666,-0.026338461200467123,0.0,-1,0.0008323314528808634
541.1,-0.02106751623261971,-0.036983295054125384,1.9414106911309617,0.0,-1,0.0005544261689149899
541.4,-0.017421667889607306,-0.011112482237037664,3.3020258001844383,0.0,-1,0.007295899519763616
545.35,0.31501972860610294,0.1071096380862242,16.97895091363955,-0.33691524695041153,-1,0.001558632071146926
546.2,0.5258221161367373,0.10597067520561954,19.14000483107867,-0.3069832719410215,-1,0.0007323324789454411
546.6,0.6207381335573245,0.0669622308754022,20.161076992549894,0.0,-1,-9.147457006963844e-05
546.55,0.6123012978044926,0.019508465040856793,19.840130136677814,0.0,-1,0.0017381758302077444
547.5,0.6362244384444011,0.014477201893588476,22.49620656522511,0.0,-1,-0.004566210045662156
545.0,0.3868339722273504,-0.07830442144115407,7.650847824433647,0.0,-1,-0.0018348623853210455
544.0,0.14656924143321248,-0.10618971741176403,2.8416842590572315,0.0,-1,0.015625
552.5,0.7225561059166239,0.15659904902388244,23.62280259895722,-2.647611140533286,-1,0.028144796380090487
568.05,2.2461698626652833,0.560070935257514,36.08603198818925,-10.608628411377595,-1,0.0006161429451632117
568.4,2.8499625858174795,0.38795455280323665,36.24852931753162,-5.944104504916822,-1,-0.001583391977480586
567.5,2.8393620652421987,0.12578467740931876,33.46353720800835,-1.3841484288041102,-1,0.0005286343612334043
567.8,2.622448299517714,-0.030376362771721954,33.65896577438886,0.0,-1,0.003962662909475112
570.05,2.4829540583623384,-0.056623534642366025,35.12400792648262,0.0,-1,0.0016665204806596279
571.0,2.2854607662544595,-0.08470560891674817,35.724437915860904,0.0,-1,0.022767075306479923
584.0,3.0795923896793056,0.23647533816936583,41.15350270115657,-3.011362875109853,-1,0.0015410958904109595
584.9,3.2950255022517467,0.15063615024726884,41.404944311600374,0.0,-1,0.0007693622841511427
585.35,3.1656566000169732,0.007089082670831637,41.53855397918879,0.0,-1,0.004698043905355664
588.1,3.06633409889821,-0.030744472815977364,42.34640678077743,0.0,-1,8.501955449746745e-05
588.15,2.765311673430574,-0.11058896609453761,42.361140451956516,0.0,-1,0.0024653574768342956
589.6,2.505191154577574,-0.12356982831584595,42.80730274780133,0.0,-1,0.0010176390773406485
590.2,2.21636496560302,-0.1374653390967997,42.995402517468335,0.0,-1,0.00787868519146051
594.85,2.2747547906487853,-0.026358504683678063,44.28286388979048,0.0,-1,-0.0011767672522485784
594.15,2.0560534706175986,-0.0816866082382881,41.470731554244296,0.0,-1,-0.005469999158461691
590.9,1.5045316880505197,-0.2110694636017889,29.273194180709325,0.0,-1,0.0007615501776951916
591.35,1.1408931560961264,-0.19156933185206082,29.689861589160415,0.0,-1,-0.010822693836137653
584.95,0.3306661271109306,-0.3339321202790856,10.477661756209535,0.0,-1,0.004530301735190978
587.6,0.11883043535908655,-0.1819226040103099,14.423674661309178,0.0,-1,-0.001361470388019148
586.8,-0.06365661346342222,-0.12146988427760624,12.336029837876637,0.0,-1,-0.010650988411724627
580.55,-0.6704287534194009,-0.24274734141119503,-1.3491146958917142,0.0,-1,-0.0020670054258891124
579.35,-1.017945760612406,-0.1967547828680668,-3.5257293649857857,0.0,-1,-0.003883662725468251
577.1,-1.294375450824532,-0.15772815769339754,-7.488141610996287,0.0,-1,0.0049384855311038756
579.95,-1.0872256750286624,0.01647387270082401,-1.3288794417915994,0.0,-1,-0.005431502715751546
576.8,-1.155548647544947,-0.017283033271820125,-6.988164628792163,0.0,-1,0.0006934812760057696
577.2,-1.0600810798410976,0.026061511477343036,-6.068319522113079,0.0,-1,-0.0025987525987526405
575.7,-1.0490072060023294,0.012378461772037053,-8.836719092739443,0.0,-1,-0.0033003300330034513
573.8,-1.1143863352494918,-0.01766688915837511,-12.19005340910008,0.0,-1,8.713837574081396e-05
573.85,-1.0500437052688767,0.01555858027408008,-12.042269061987753,0.0,-1,-0.0013069617495861108
573.1,-0.992868748172782,0.024244512456724987,-13.488334355256171,0.0,-1,-0.0020066306054788985
571.95,-0.9773755406104101,0.01324590667303227,-15.71370466296868,0.0,-1,-0.0007867820613690624
571.5,-0.925680975111618,0.021646824057274805,-16.59882943312695,0.0,-1,-0.008136482939632539
566.85,-1.2101936111030227,-0.08762193731137669,-24.235493556928,0.0,-1,0.00026462026991258547
567.0,-1.2391004615067231,-0.03884292923835897,-23.632094049837526,0.0,-1,0.0006172839506173311
567.35,-1.1211288482496684,0.02637622800623185,-22.112463695396567,0.0,-1,-0.005992773420287256
563.95,-1.2520489709336289,-0.03484796489257613,-27.19297871264211,0.0,-1,-0.0012412447912050206
563.25,-1.2715049513645909,-0.01810131510784596,-28.10543188841642,0.0,-1,0.000798934753661884
563.7,-1.1377741956330283,0.038543146874572276,-25.935438120949392,0.0,-1,0.0037253858435335463
565.8,-0.8010943014645591,0.12507434701434716,-16.373686473057766,0.0,-1,0.0002651113467657673
565.95,-0.5534964959248327,0.12422405085135779,-15.716937012828694,0.0,-1,0.002738757840798467
567.5,-0.25440621849463696,0.1411047760938512,-9.012729934188982,0.0,-1,0.005550660792951412
570.65,0.1788394384284402,0.19145014433897614,2.036196215717034,0.0,-1,0.0023657232979934495
572.0,0.4930589803542489,0.16855656208826164,5.962448769410344,0.0,-1,-0.0034965034965035446
570.0,0.4424138362875283,0.039303806007180364,-0.6828741597105576,0.0,-1,-0.004385964912280715
567.5,0.17189011123025466,-0.0770733063500311,-7.664983111109279,0.0,-1,-0.0011453744493391538
566.85,-0.03186259390088253,-0.09360867049372279,-9.328436254821057,0.0,-1,0.000176413513275131
566.95,-0.12275039697465218,-0.06149882452249748,-8.932604525374892,0.0,-1,-0.001852015168886223
565.9,-0.24546509876370237,-0.0614045087705159,-11.898377869563028,0.0,-1,0.010602579961123793
571.9,0.21363297523873825,0.13256452174397493,7.560890310880687,0.0,-1,-0.0008742787200559654
571.4,0.3837125976367588,0.10088138138066516,5.932757929083188,0.0,-1,0.0023626181309066574
572.75,0.5492763590326604,0.08881504759218894,9.379645919265478,0.0,-1,0.0067219554779571755
576.6,0.9071185431445201,0.14888574390134957,17.44782847738729,-1.5074408850769032,-1,-0.0007804370447451747
576.15,0.9729464232718783,0.07157120800956929,15.751739874844446,0.0,-1,-0.011542133125054255
569.5,0.37061482806279855,-0.17692012906650356,-3.463346326578467,0.0,-1,0.0022827041264266157
570.8,0.146897794786355,-0.13354572078098237,-0.27223138361968324,0.0,-1,0.009985984583041452
576.5,0.497797795249312,0.07245142656065823,11.053045054875824,0.0,-1,-0.0029488291413704015
574.8,0.49009797920996334,0.021583870173769837,6.811823729711875,0.0,-1,0.0019137091162144682
575.9,0.5370732395895175,0.02285304351777462,8.866216685194217,0.0,-1,-0.0048619552005555455
573.1,0.28247143314683854,-0.07724958764163475,1.8856773403151976,0.0,-1,-0.008898970511254656
568.0,-0.293368756170139,-0.21769659231953742,-8.156362143536555,0.0,-1,-0.002992957746479008
566.3,-0.6985081211477109,-0.2076119857657031,-10.955176745866666,0.0,-1,0.002119018188239563
567.5,-0.7428687935408789,-0.08399088605295701,-7.916816974828542,0.0,-1,-0.005638766519823868
564.3,-0.9698100636090885,-0.10364405204038885,-13.332314078398298,0.0,-1,-0.008328903065745075
559.6,-1.3941298600091159,-0.17598794948013885,-19.69631895097373,1.204841428226132,-1,0.0025017869907075774
561.0,-1.3734456032083244,-0.051767897559782394,-15.91025734524932,0.0,-1,-0.0014260249554366444
560.2,-1.3153163412072217,0.0021204548137734314,-17.046823101043998,0.0,-1,-0.0025883612995359906
558.75,-1.2974753484394341,0.0066538158605202735,-19.12021151243325,0.0,-1,0.0035794183445190253
560.75,-1.01376523968554,0.0967879748714715,-13.041271916907554,0.0,-1,0.0008024966562640845
561.2,-0.7499297486682508,0.12020782196292024,-11.685013512574137,0.0,-1,0.013364219529579557
568.7,0.06948214256283336,0.3132065710646682,5.888990250912528,0.0,-1,-0.0007033585370144202
568.3,0.4400645762981412,0.2279296682666587,4.961087238401852,0.0,-1,0.00017596339961301055
568.4,0.5970170784742095,0.12829405681424233,5.167845764869341,0.0,-1,-0.000791695988740182
567.95,0.5882419063560747,0.039839628232035795,3.9299737535345685,0.0,-1,0.00352143674619243
569.95,0.701500828100734,0.05103284999223168,8.525600963419258,0.0,-1,0.009123607333976436
575.15,1.1330052199646161,0.16084574728537127,17.803768534826375,0.0,-1,-0.0012170738068328912
574.45,1.196006980899483,0.07461583607341282,15.608466969386853,0.0,-1,0.006440943511184516
578.15,1.4361739462920013,0.10492760048864369,21.103249802009614,0.0,-1,-0.0030268961342212464
576.4,1.2907429334638891,-0.013501137446489508,15.595585923371885,0.0,-1,-0.005031228313670977
573.5,0.8687988492612249,-0.14514840721638467,7.4078026042934795,0.0,-1,-0.0034001743679163976
571.55,0.42292690305475844,-0.19700678447428377,2.5107574121041054,0.0,-1,-0.0012247397428045703
570.85,0.10641368803021578,-0.17117333316627548,0.7829242204885105,0.0,-1,0.01016028729088192
576.65,0.4226226065154606,0.048345195106323124,12.225821558801407,0.0,-1,-0.005202462498916205
573.65,0.29550851521514687,-0.026256298731330174,4.891260169082692,0.0,-1,-0.0014817397367733465
572.8,0.13649242663029781,-0.06175746243872643,2.9272749959679913,0.0,-1,0.018680167597765474
583.5,0.9372766801187709,0.24634226368324896,18.627514399122063,0.0,-1,-0.00025706940874037354
583.35,1.2470624168531685,0.1853760001392155,18.27282372309911,0.0,-1,-0.004971286534670383
580.45,1.0563667504826526,-0.0017732220771000673,11.450375153570334,0.0,-1,-0.0020673615298476555
579.25,0.7729883547571035,-0.0950505392675497,8.751088180573916,0.0,-1,-0.007164436771687432
575.1,0.2210501273312957,-0.21566292223111916,0.26655448156982686,0.0,-1,0.0015649452269170805
576.0,0.0016601696739826366,-0.14501762662947743,1.9390178297211236,0.0,-1,-0.004427083333333304
573.45,-0.3206731566274357,-0.15578365097696525,-3.0332419012023024,0.0,-1,-0.004621152672421469
570.8,-0.6759503900591426,-0.17035362813622412,-7.708216523222028,0.0,-1,0.004117028731604799
573.15,-0.6014264742701698,-0.03194323744908378,-2.553878185981553,0.0,-1,8.723719794123674e-05
573.2,-0.5098789768530878,0.019868086655999373,-2.4431435152004326,0.0,-1,0.0008722958827633853
573.7,-0.37994864674010387,0.04993280558966112,-1.2434381526313274,0.0,-1,0.0002614606937423325
573.85,-0.2708210944553002,0.053020119291488255,-0.8556417567448875,0.0,-1,-0.0019168772327263772
572.75,-0.28535556044164423,0.012828551101714769,-3.7100193504396017,0.0,-1,0.009777389786119528
578.35,0.19782350326863707,0.1653358716039987,9.572201109852408,0.0,-1,-0.0019884153194431597
577.2,0.3270944098513837,0.0982022593955818,6.390297180953809,0.0,-1,-0.0018191268191268817
576.15,0.2769719956551171,0.016026615066438377,3.4917576136341353,0.0,-1,0.0009546125141024486
576.7,0.2746631222524911,0.004572580554604133,4.842690546177494,0.0,-1,-0.00026010057222136673
576.55,0.23812009203004436,-0.010656816555947551,4.364167712990309,0.0,-1,-0.004422860116208405
574.0,-0.012494764083612608,-0.08709055755653487,-3.3279694614367514,0.0,-1,-0.0017421602787456303
573.0,-0.22009429513343548,-0.09823002953545258,-6.0383223772363905,0.0,-1,0.0013961605584642545
573.8,-0.23888620273055494,-0.03900731237752403,-3.287623935045012,0.0,-1,-0.0054025792959218055
570.7,-0.4867083063016935,-0.09560980531622087,-11.437519062391225,0.0,-1,0.007008936393902321
574.7,-0.23672699922872198,0.05145716725225019,0.8553237449409181,0.0,-1,-0.0023490516791370153
573.35,-0.20450909575652076,0.027891690241483802,-2.6941561448762528,0.0,-1,0.002528996250108939
574.8,-0.050524386040706304,0.06062546665243276,1.3575286590077127,0.0,-1,0.00530619345859451
577.85,0.28484500098727494,0.13199828456013804,8.767292684583396,0.0,-1,-0.00017305529116551366
577.75,0.42045927775234304,0.08920418710840206,8.442968998230697,0.0,-1,0.003980960623106711
580.05,0.6448948096555114,0.10454657300385684,13.579544575711523,-0.24031769175019235,-1,0.0005171967933799149
580.35,0.728371341469142,0.06267436827249584,14.22048045516891,0.0,-1,0.005083139484793442
583.3,0.9552453289201139,0.09651611857448927,19.990599610343878,-1.2098350199747756,-1,-0.0018001028630206806
582.25,0.9015785452356795,0.014283111630018275,15.794328767516674,0.0,-1,-0.0008587376556461468
581.75,0.75794694129047,-0.04311616410506369,13.771366798243236,0.0,-1,0.004469273743016755
584.35,0.8396355608770136,0.012857485160493343,19.236447475572007,0.0,-1,-0.0022246941045607205
583.05,0.7021769072638335,-0.04153372281756229,13.882728396937694,0.0,-1,0.00591715976331364
586.5,0.8624328381852138,0.03957406936793928,20.58878232661388,0.0,-1,-0.005115089514066473
583.5,0.6206914004637838,-0.06738912278449694,9.85165882689185,0.0,-1,-0.005655526992287885
580.2,0.17309639823122325,-0.17166137500568585,0.46897797898594007,0.0,-1,-0.0027576697690452345
578.6,-0.19845913607105103,-0.18107230310265335,-3.461343939556862,0.0,-1,-0.0024196335983407424
577.2,-0.4843653085496271,-0.15565949186040984,-6.7369123084539595,0.0,-1,-0.0025121275121275932
575.75,-0.707787952409717,-0.1263607119068333,-9.97854056838203,0.0,-1,-0.0002605297438124099
575.6,-0.7730169449722553,-0.06386323482312384,-10.320279962114768,0.0,-1,0.00277970813064643
577.2,-0.6078800291725202,0.033757893658870386,-4.7767708740073616,0.0,-1,-0.002685377685377799
575.65,-0.6038215688415676,0.012605451329940953,-8.847624876816965,0.0,-1,0.0008685833405714938
576.15,-0.509807207939275,0.03553993741074446,-7.008302461572612,0.0,-1,0.002256356851514374
577.45,-0.3119827601599354,0.07778812839669469,-2.2870831177432365,0.0,-1,-8.65875833406804e-05
577.4,-0.19123863959021037,0.06617741632213991,-2.455351242411588,0.0,-1,-0.002771042604780116
575.8,-0.2482633593394894,0.0030508988576202767,-7.752849014698604,0.0,-1,0.01415422021535262
583.95,0.4230795607307982,0.22479793964263595,14.582166170632078,0.0,-1,0.01455604075691408
592.45,1.431827724038385,0.41118203431674094,25.542847265927634,-2.9975868774115497,-1,-0.004219765381044849
589.95,1.6085494953556463,0.19596793521133415,18.604635070176585,0.0,-1,0.005169929655055361
593.0,1.8170312564012647,0.13481656541898412,22.080615974605138,-0.37754491780708577,-1,-0.01180438448566612
586.0,1.186519532223997,-0.16523171958609462,6.210360776091505,0.0,-1,0.0018771331058020646
587.1,0.8640537091166607,-0.1625658475644769,7.831447504139142,0.0,-1,0.002214273547947565
588.4,0.7391496551366572,-0.09582330051482679,9.78631322699416,0.0,-1,-0.003399048266485405
586.4,0.44843515688523894,-0.12884593292208169,5.396418930434152,0.0,-1,-0.00673601637107768
582.45,-0.06345835531419652,-0.21357981504050574,-2.2909488592188794,0.0,-1,-0.00248948407588645
581.0,-0.434950248471182,-0.19502390273249712,-4.846673815034961,0.0,-1,0.00223752151462997
582.3,-0.47611700767697585,-0.07873022064609697,-2.0681244968306913,0.0,-1,-0.0007727975270478415
581.85,-0.49452396997344295,-0.03237906098085469,-2.9842145399941202,0.0,-1,-0.0032654464208987655
579.95,-0.6208504536239161,-0.05290184821044264,-6.852904153150256,0.0,-1,-0.007673075265109186
575.5,-1.0031094909805915,-0.1450536285223727,-14.462635270832031,0.0,-1,0.003649000868809704
577.6,-0.9356465520771735,-0.02586356320631822,-9.00593369086689,0.0,-1,-0.005280470914127533
574.55,-1.0781112032857436,-0.05610940480496285,-13.932818296562353,0.0,-1,-0.005395526934122152
571.45,-1.3178342619495425,-0.09861082115625397,-18.24312781529796,0.0,-1,-0.0016624376585878675
570.5,-1.4070429361189554,-0.06260649844188904,-19.48486846390557,0.0,-1,-0.002804557405784447
568.9,-1.4677270285271788,-0.04109686361670417,-21.565488678911947,0.0,-1,-0.00017577781683952853
568.8,-1.3840918223539802,0.01417944751883149,-21.699490079001908,0.0,-1,-0.0037798874824190865
566.65,-1.4060999007378996,-0.0026095436216959644,-24.56315832918602,0.0,-1,0.0016765198976440576
567.6,-1.2207622815349168,0.06090935852709567,-21.034261593956828,0.0,-1,-0.010570824524312905
561.6,-1.5263632818055157,-0.08156388058116781,-28.25596850145138,0.0,-1,-0.002849002849002913
560.0,-1.6853001751236434,-0.08016692463309849,-29.751752612291515,0.0,-1,-0.008839285714285827
555.05,-2.0368269405224737,-0.14389789667730968,-33.6241174557651,0.3739225772380905,-1,-0.0007206557967750493
554.65,-2.0761880781783475,-0.061086344777727675,-33.900564381669874,0.0,-1,-0.007211755160912325
550.65,-2.2561863071581456,-0.08036152458584178,-36.443385389944055,0.0,-1,-0.006628529919186388
547.0,-2.4623365627181784,-0.09550392671529151,-38.31465751569704,0.0,-1,-0.0006398537477148025
546.65,-2.389383643605015,-0.007517002534042749,-38.48402078989416,0.0,-1,0.013628464282447794
554.1,-1.5329585470813072,0.28296936466322165,-15.895830013582525,0.0,-1,0.0
554.1,-0.9769994532293822,0.2796428195050489,-15.895830013582525,0.0,-1,-0.010106478974914346
548.5,-1.0842699518676682,0.05745744028892097,-22.42768536916425,0.0,-1,-0.006381039197812188
545.0,-1.3392160385311627,-0.06582954879152458,-25.66442782433986,0.0,-1,0.0089908256880733
549.9,-0.9467544119852391,0.10887735925146624,-13.980972961396063,0.0,-1,-0.003091471176577487
548.2,-0.8132940643802158,0.08077923561882983,-16.00451005259739,0.0,-1,0.0010944910616561554
548.8,-0.628789385212599,0.08842797159548221,-14.581695000782773,0.0,-1,0.007470845481049704
552.9,-0.1424712635277956,0.19158203109342853,-5.498364417204925,0.0,-1,0.008138903960933197
557.4,0.48756040260855116,0.2738712324099251,2.6271576129007457,0.0,-1,0.004216002870470081
559.75,0.9577795354593945,0.24803012175358952,6.336543689477793,0.0,-1,0.007503349709691909
563.95,1.4630741405965182,0.2511082422969044,12.212278876777546,0.0,-1,-0.0013299051334337841
563.2,1.531298598115427,0.10644423327193775,10.59439981133108,0.0,-1,-0.005948153409090939
559.85,1.1586359436985276,-0.08873947371498714,3.667733954008078,0.0,-1,0.0002679289095293136
560.0,0.8882516211818938,-0.11970793207720698,3.929743024795087,0.0,-1,-0.003214285714285614
558.2,0.5290384914917468,-0.15964035392245135,0.148541464351446,0.0,-1,-0.0016123253314226371
557.3,0.23034538568902008,-0.15277781990839268,-1.731605617576534,0.0,-1,-0.008343800466535045
552.65,-0.32569661601974076,-0.23627327387238453,-10.280423445150298,0.0,-1,-0.003980819686962733
550.45,-0.7599095655391466,-0.2234954077972635,-13.663512085946515,0.0,-1,0.004087564719774672
552.7,-0.7261902431705494,-0.06325869514288873,-8.045358674433487,0.0,-1,-0.0024425547313190465
551.35,-0.7613147283886974,-0.03279439345367896,-10.376479585002087,0.0,-1,0.000725491974244985
551.75,-0.682100743632077,0.015473197100980496,-9.29189400891228,0.0,-1,-0.008427729950158502
547.1,-0.9731520226177963,-0.09185936062824629,-16.958544427363748,0.0,-1,-0.008682142204350263
542.35,-1.433414993559154,-0.184040777189868,-22.777564872593064,0.0,-1,-0.002765741679727096
540.85,-1.669095229566551,-0.13990700439908843,-24.361847220351173,0.0,-1,0.002588518073402879
542.25,-1.5311774117731147,-0.000663062201883946,-20.129322325957084,0.0,-1,0.004426002766251713
544.65,-1.1346203852285726,0.13196465478088615,-13.269904935492747,0.0,-1,0.0022032497934454387
545.85,-0.7417901731872689,0.17493162227406334,-10.009047468954442,0.0,-1,-0.0005496015388843922
545.55,-0.508559219401036,0.13605419202009872,-10.57349094576378,0.0,-1,-0.009531665291907077
540.35,-0.7828971408912366,-0.04609457649003401,-19.000187515865736,0.0,-1,-0.002313315443693953
539.1,-0.9589913398953058,-0.07406292516470103,-20.674288853922917,0.0,-1,0.0035243925060284287
541.0,-0.8087891610728093,0.025379751219265168,-14.767133016458217,0.0,-1,-0.00046210720887240875
540.75,-0.6871223082388269,0.049015534684415885,-15.1924709081907,0.0,-1,-0.0002773925104021524
540.6,-0.5815286894685414,0.0515363844849005,-15.470369763896166,0.0,-1,-0.0011098779134295356
540.0,-0.5302711559610316,0.03426463933080348,-16.653628263707652,0.0,-1,-0.0020370370370370594
538.9,-0.5521197928771926,0.0041386674715474525,-18.829486457895015,0.0,-1,-0.025793282612729618
525.0,-1.6753674619288859,-0.37303633386004864,-33.732649102821625,5.626294706280419,1,-0.007619047619047636
521.0,-2.430710674627335,-0.37612651551949927,-35.88975609340458,5.252886426957275,1,0.011900191938579718
527.2,-2.0891563914242397,-0.011524077438801239,-19.92158118787905,0.0,1,0.006544006069802544
530.65,-1.4567828838706873,0.2069498100382503,-12.712901891264991,0.0,1,-0.005747667954395519
527.6,-1.2733642231047497,0.13012282360139604,-16.14174253795477,0.0,1,-0.007865807429871086
523.45,-1.4213745407963643,-0.00596249803007276,-20.274363942419544,0.0,1,0.0008596809628425017
523.9,-1.3394318212424423,0.025326740507949808,-19.255913763034517,0.0,1,-0.0055354075205191755
521.0,-1.4285078096952475,-0.021249749314951716,-22.14637750201085,0.0,1,-0.010460652591170905
515.55,-1.8081701531136787,-0.13363736424446104,-26.717224474971975,0.0,1,0.009019493744544915
520.2,-1.4598204787301938,0.07157077004634127,-16.389012422504187,0.0,1,0.007304882737408702
524.0,-0.8473272683108917,0.22802132682188114,-9.15748406672678,0.0,1,-0.007251908396946449
520.2,-0.7871367240753671,0.09607062368580188,-13.566958276952363,0.0,1,0.002402921953094994
521.45,-0.5872800582845912,0.09864242982552596,-11.153822090828221,0.0,1,-0.0004794323520951327
521.2,-0.45924505386551573,0.07555914474820047,-11.478788020302893,0.0,1,-0.008729854182655594
516.65,-0.7361237971671244,-0.0671065328511361,-17.05246002139321,0.0,1,0.0012581051001645527
517.3,-0.7590528523874127,-0.030011862690474844,-15.547052495510734,0.0,1,0.0014498356852890026
518.05,-0.6447629756319202,0.028092671355005927,-13.71315985065845,0.0,1,-0.003281536531222762
516.35,-0.6755544559514419,-0.0008996029881719325,-16.1017578682171,0.0,1,0.00048416771569681494
516.6,-0.6138206581152872,0.0202780649493276,-15.39834669410746,0.0,1,-0.0030971738288811945
515.0,-0.6651353710209378,-0.010345549318774294,-17.832516158539406,0.0,1,-0.0015533980582523865
514.2,-0.702031446555452,-0.015747208284429548,-19.04241357308593,0.0,1,0.015363671723064964
522.1,-0.0036435304430142423,0.2275469026093361,1.127058490818598,0.0,1,0.0
522.1,0.3458540551500846,0.192348162734145,1.1270584908186123,0.0,1,-0.0013407393219690977
521.4,0.4334483433508467,0.0933141503116357,-0.456207007598735,0.0,1,0.003548139624089064
523.25,0.5952914588385738,0.0850524219331209,3.749602420987145,0.0,1,0.002484472049689268
524.55,0.7349387283459237,0.07489989714682355,6.575759743055151,0.0,1,0.007720903631684539
528.6,1.0810174690708436,0.14032621262391454,14.1572034121033,-1.1819177462127755,1,-0.004918653045781318
526.0,0.947305383677417,0.0022047090768293476,7.052147567031639,0.0,1,-0.0011406844106464087
525.4,0.7515072256742314,-0.0645311496421187,5.476826526209287,0.0,1,0.002188808526836672
526.55,0.6868158778663656,-0.04307416581666157,7.949529853322936,0.0,1,0.002468901338904317
527.85,0.7055688808070499,-0.008107054291992433,10.691574679814174,0.0,1,0.0032206119162638824
529.55,0.7978146422100281,0.028046235703661937,14.093607707606495,0.0,1,0.003493532244358555
531.4,0.9316196360606455,0.053950409851426406,17.495188768960162,0.0,-1,-0.002822732404967998
529.9,0.795887163314319,-0.027260687631633362,12.187683271811842,0.0,1,-0.0015097188148706087
529.1,0.5950303299982806,-0.07603917364922386,9.418842129840463,0.0,1,-0.008788508788508786
524.45,0.05751605250702596,-0.2045178170468262,-3.851252894994424,0.0,1,-0.0029554771665555313
522.9,-0.34520075728073607,-0.20241154227819605,-7.376842093937562,0.0,1,-0.002390514438707192
521.65,-0.6219590990680217,-0.15972329468849394,-10.107685703382316,0.0,1,0.0005750982459504783
521.95,-0.6835083450392858,-0.07375751355325266,-9.097985106261135,0.0,1,-0.0019158923268511874
520.95,-0.7406572726050626,-0.043635480373009794,-11.493676627030538,0.0,1,-0.004223054035896068
518.75,-0.8908436303373719,-0.06460727936843969,-16.31632728286438,0.0,1,-0.00028915662650597085
518.6,-0.9041998400088005,-0.025987829679956054,-16.632917906613066,0.0,1,0.0186077902043964
528.25,-0.03136129151039313,0.2822835729394838,10.144194629756896,0.0,1,0.003218173213440645
529.95,0.5493380903646994,0.28766098493819214,13.050632348048076,0.0,1,0.0003773940937823461
530.15,0.8105762737717441,0.18296638944841237,13.399527303964085,0.0,1,0.0027350749787797835
531.6,0.9944806759943958,0.12229026389035469,15.986736139613711,0.0,-1,-0.0003762227238526261
531.4,0.9868928207727095,0.0382341362228894,15.27953761662711,0.0,-1,0.0005645464809937994
531.7,0.9258578247641935,-0.007600286595208838,15.888835945552358,0.0,-1,0.0003761519653939782
531.9,0.834852174696266,-0.03286864555437874,16.326557801395793,0.0,-1,0.011186313216770216
537.85,1.2156116684376457,0.11596361606233363,26.355843089287333,0.0,-1,-0.00018592544389706145
537.75,1.2963571096051965,0.0655696857432948,25.93350868209741,0.0,-1,-0.0018596001859599864
536.75,1.1453667377218153,-0.028473562046695378,21.537052773544033,0.0,-1,-0.005775500698649294
533.65,0.716090990303428,-0.15258310315502754,9.642587678565441,0.0,-1,-0.004028857865642221
531.5,0.2626122007355889,-0.20202063090762223,2.8685787528377062,0.0,-1,-0.0036688617121355405
529.55,-0.14851154410962408,-0.20438145858427842,-2.56113818452976,0.0,1,-0.00028325937116413513
529.4,-0.35419745452315965,-0.13668912299927136,-2.973931225178376,0.0,1,0.003022289384208676
531.0,-0.2941906218529766,-0.025560763443029433,1.978516423771282,0.0,-1,0.0001883239171374118
531.1,-0.2313379870300878,0.012430623793286466,2.288272857852803,0.0,-1,-0.005648653737525877
528.1,-0.4306335040328122,-0.062288297736479314,-6.964823711019555,0.0,1,0.005302026131414506
530.9,-0.2610618038647772,0.0357611341438519,1.8681960853789263,0.0,-1,-0.0005650781691466378
530.6,-0.17952080345867216,0.039100711516652314,0.9280821680417546,0.0,1,-0.004994346023369678
527.95,-0.3446235696341091,-0.042000684886261574,-6.7634442830302035,0.0,1,-0.000757647504498693
527.55,-0.43178965525237345,-0.043055590168175284,-7.831550532703176,0.0,1,-0.004833665055444913
525.0,-0.6518902267904423,-0.08771872056874808,-14.111502503998445,0.0,1,-9.523809523803717e-05
524.95,-0.711782993660222,-0.04920382914617594,-14.22756835684033,0.0,1,0.004190875321459009
527.15,-0.4990807942901938,0.05449945674128409,-5.458952931354119,0.0,1,0.006354927440007652
530.5,-0.07197296174751955,0.1605357630946528,4.947603771580724,0.0,1,-0.0037700282752121117
528.5,-0.019087965330641055,0.07114025317051044,-1.1348311644650408,0.0,1,0.011069063386944133
534.35,0.49644519665537246,0.19555780505217468,12.394204808170514,0.0,-1,-0.001965004210723431
533.3,0.6253413445937213,0.10815131766350783,9.26701663368523,0.0,-1,0.0017813613350834423
534.25,0.716844306513508,0.0665514265277648,11.220902773986793,0.0,-1,-0.001310248011230808
533.55,0.6445254285972624,-0.0019224837961602237,8.907477972357249,0.0,-1,-0.0014056789429294225
532.8,0.49215553725593963,-0.05143079171249432,6.371553163201305,0.0,-1,-0.006569069069069067
529.3,0.08329096348063558,-0.1534317884959328,-3.915385946809664,0.0,1,-0.004156433024749551
527.1,-0.3114155703638062,-0.18271277411345818,-9.124899039079601,0.0,1,-0.007588692847656953
523.1,-0.8161508730889864,-0.2291493589462128,-16.724069531345293,0.0,1,-0.0019116803670425897
522.1,-1.0838392850275795,-0.16561259029493536,-18.35812594794949,0.0,1,0.0017238076996743956
523.0,-1.052363550577752,-0.04471228528170257,-15.158438858423587,0.0,1,0.0005736137667302632
523.3,-0.9239287208047244,0.027907514830441627,-14.048089171929476,0.0,1,0.004681826867953376
525.75,-0.5785505791844798,0.12442855215022874,-5.470700766532758,0.0,1,-0.0008559201141227213
525.3,-0.39514896010894063,0.102610057075256,-6.655346127971029,0.0,1,0.0
525.3,-0.27051907056204527,0.07574664887405047,-6.655346127971029,0.0,1,0.002189225204645151
526.45,-0.08982753657517151,0.08547939428697476,-2.2682163151113386,0.0,1,-0.0009497578117579897
525.95,-0.03366280820046086,0.04721470755389515,-3.9893996886004146,0.0,1,-0.012453655290426968
519.4,-0.5486085433298058,-0.1559103425251499,-19.826459023332347,0.0,1,-0.0017327685791297398
518.5,-0.8353640322836782,-0.1475552771596741,-21.3329230200682,0.0,1,0.0038572806171648377
520.5,-0.7424614407368608,-0.018217561870952248,-13.504376915105965,0.0,1,-0.0002881844380403509
520.35,-0.6466383582354638,0.025868506876814967,-13.835124605442928,0.0,1,0.0005765350245026113
520.65,-0.5198402871318422,0.0508888593268122,-12.57491213714794,0.0,1,0.00048016901949488044
520.9,-0.39228789431899713,0.05948041737988574,-11.451617653998646,0.0,1,0.00019197542714533
521.0,-0.2874877067192756,0.05476020165986911,-10.965218296544961,0.0,1,0.005854126679462501
524.05,0.043036362640464176,0.12842809033986963,1.929120351979364,0.0,1,0.004388894189485848
526.35,0.39637870043361545,0.160590142711007,9.165617830367857,0.0,1,0.001994870333428267
527.4,0.6275183109606814,0.130576584412691,12.062519688986328,0.0,1,-0.0021805081532043635
526.25,0.5949615903108452,0.03267328792095159,7.130321773137119,0.0,1,0.0013301662707838613
526.95,0.587436430793332,0.008382709467812832,9.316985053926139,0.0,1,-0.006641996394344818
523.45,0.2430541484685591,-0.11199985761898668,-3.780418100727914,0.0,1,-0.001432801604737799
522.7,-0.011891505066273567,-0.12231517038460646,-6.088923632556522,0.0,1,0.0037306294241437055
524.65,0.024126626921770367,-0.028765679465520846,0.9836391323223879,0.0,1,0.0004765081482893674
524.9,0.060958474005701646,0.0026887225394701467,1.8485511893459616,0.0,1,-0.0011430748714040817
524.3,0.02429452471380955,-0.01132507558414065,-0.4815083897380035,0.0,1,-0.0014304787335495117
523.55,-0.05856199365825887,-0.0313938646520697,-3.3906883878394325,0.0,1,0.00019100372457270254
523.65,-0.08677675337276014,-0.01986954145552365,-2.9300062660662434,0.0,1,-0.0013367707438173282
522.95,-0.15198607044897017,-0.028359619510577902,-5.890240382917575,0.0,1,0.002772731618701396
524.4,-0.05109188978292423,0.02417818705182269,1.1767721344241977,0.0,1,0.004290617848970335
526.65,0.19111285803205647,0.08879431162226781,9.915502397050766,0.0,1,-0.0023734928320516824
525.4,0.19212249377017088,0.029934649120127416,3.9543120391310893,0.0,1,0.0020936429387135025
526.5,0.2682837704917347,0.035365308613897084,8.036608398123157,0.0,1,0.0010446343779675349
527.05,0.32984076131151596,0.03230743314455947,10.006457387263154,0.0,1,0.0024665591499859474
528.35,0.4414658599455379,0.047977510592860484,14.395820299466905,0.0,1,0.005015614649380051
531.0,0.6813229209336669,0.09594485719366319,21.484333511451936,-1.3277751829605222,-1,0.0024482109227870197
532.3,0.8528078746833216,0.08914327031443936,24.27590783253578,-1.294138383801851,-1,0.002348299830922329
533.55,0.9716496953344631,0.06932836365519357,26.71163590555041,-1.144569434878349,-1,-0.0031862056039733133
531.85,0.8084331310489006,-0.03129606687678965,17.10947489057388,0.0,-1,0.00047005734699623325
532.1,0.6802887546521106,-0.05314681442452651,17.768700593825955,0.0,-1,0.0024431497838750538
533.4,0.6678591702326457,-0.02185879961466375,21.11383827606366,0.0,-1,0.0
533.4,0.6059894471701455,-0.027909507559054636,21.11383827606366,0.0,-1,-0.003093363329583765
531.75,0.3870554650413851,-0.08228116322927165,11.16652956057164,0.0,-1,0.0005641748942171176
532.05,0.2703338518902001,-0.06633425879348553,12.233740458058172,0.0,-1,0.007987971055351872
536.3,0.543611890990519,0.06898126010227779,23.637642138155826,0.0,-1,-0.000652619802349208
535.95,0.6057832529580764,0.043717540689945045,21.657715697529795,0.0,-1,-0.0005597537083684712
535.65,0.5613869961953242,-0.00022623869093574278,19.86858595252295,0.0,-1,-0.0004667226733874319
535.4,0.47157328479772787,-0.03001331669617735,18.289843673790358,0.0,-1,-0.0014008218154650809
534.65,0.32486865536566256,-0.05890598204274755,13.506555061979654,0.0,-1,0.0043953988590668125
537.0,0.42027728603591186,0.0121675495425006,20.66105189470504,0.0,-1,0.0008379888268157387
537.45,0.47045849420135255,0.020782919235980413,21.835849446576177,0.0,-1,0.011535956833193639
543.65,0.9730108904338977,0.17444510515617517,32.539193100962876,-2.3832237178490914,-1,-0.003678837487353981
541.65,0.9765361810141258,0.05932346524546772,22.644118609243137,0.0,-1,0.0034154897073757073
543.5,1.0510874778863126,0.04462492070588486,25.644983857230798,-0.2847537413065311,-1,-0.0008279668813248042
543.05,0.9632725031651717,-0.014396684671752036,23.466845560508844,0.0,-1,-0.00506399042445449
540.3,0.6099256405409506,-0.12258118243199101,11.451981111916474,0.0,-1,0.0046270590412733625
542.8,0.5907584058503517,-0.04724947237419663,16.917059458158704,0.0,-1,-0.0019344141488576438
541.75,0.44444492135085056,-0.06452098562456587,12.764506062469508,0.0,-1,-0.0006460544531611268
541.4,0.3050844356552034,-0.06796049044007102,11.354372873496033,0.0,-1,0.0002770594754339939
541.55,0.2224804898361299,-0.050188145419714836,11.763450211951408,0.0,-1,-0.0034161203951618146
539.7,0.008471809440266043,-0.0880656086051929,3.9391245891476387,0.0,-1,-0.0022234574763758674
538.5,-0.19923851487772026,-0.09859197764105973,-0.5736240511906203,0.0,-1,-0.0013927576601671099
537.75,-0.3489904674635227,-0.08278131007562073,-3.287605579416635,0.0,-1,-0.0022315202231520948
536.55,-0.49478390480112466,-0.07619158247107422,-7.441991950637366,0.0,-1,0.0024228869630045224
537.85,-0.41811529806989256,0.00015900808671931443,-1.887352616539502,0.0,-1,-0.009854048526541037
532.55,-0.7866047198650676,-0.12277680456948525,-16.542961757596963,0.06982742490129112,-1,0.0024410853440992586
533.85,-0.7969657041071514,-0.044379262937189634,-11.44218578100346,0.0,-1,0.0029970965627048596
535.45,-0.6023990542192905,0.05006246231689038,-5.61255448307913,0.0,-1,0.0008404146045382088
535.9,-0.41741580809048173,0.07834856948189972,-4.011125515056534,0.0,-1,-0.009889904832991125
530.6,-0.7318062010184576,-0.07868060781535868,-16.59821581692573,0.6047234030831987,1,0.0035808518658122512
532.5,-0.6696842140643184,-0.0055195402870731325,-10.051389090245408,0.0,-1,-0.0008450704225353434
532.05,-0.6203162027485405,0.014616157009568309,-11.058771365960098,0.0,-1,0.0018795226012593425
533.05,-0.46060584686165384,0.05810883763215169,-7.479841704862018,0.0,-1,0.0008441984804428149
533.5,-0.30486684834636435,0.07128261204914704,-5.843230060347807,0.0,-1,-0.006091846298031833
530.25,-0.4724251117265794,-0.032091883777022656,-14.055925487679325,0.0,1,0.0
530.25,-0.5168354841060818,-0.025500752052175002,-14.055925487679332,0.0,1,0.00047147571900052476
530.5,-0.47513771328704024,0.005399006255622174,-12.944154207897846,0.0,1,0.0003770028275213999
530.7,-0.3980273517702244,0.027503122590812668,-11.98781936980184,0.0,1,-0.002826455624646673
529.2,-0.4513032250309834,-0.008590916889982092,-16.259727587606072,0.0,1,0.001984126984126977
530.25,-0.35283255957540405,0.029959916188532443,-10.93360077742819,0.0,1,0.0
530.25,-0.2741945135497872,0.03619932073804977,-10.93360077742819,0.0,1,0.008392267798208453
534.7,0.15880738559224028,0.15640040662669244,7.106502194823442,0.0,-1,0.003179352908172728
536.4,0.5037410530305806,0.1671113580216776,11.895110131725907,0.0,-1,-0.0006524981357196591
536.05,0.6050627989972099,0.08947770132943567,10.353768792137217,0.0,-1,-0.0010260236918196997
535.5,0.5594684387307325,0.014627780354319442,7.8389037988383805,0.0,-1,0.0032679738562091387
537.25,0.635882222036571,0.030347187886719307,13.252337796301063,0.0,-1,0.006142391810144199
540.55,0.8960989285197911,0.09685463145664652,21.042625776516317,-1.1205628261815264,-1,-0.00046249190639169324
540.3,0.930699037718,0.04381824688495184,19.797122499192994,0.0,-1,0.014714047751249293
548.25,1.5329408391741026,0.21535334944701812,31.34998600655456,-4.63163543943665,-1,-0.00045599635202919764
548.0,1.685483336637617,0.12263194897017748,30.277076142947607,-1.8277964017755721,-1,0.0045620437956204185
550.5,1.829630973982944,0.08892652877183482,32.79791120628019,-1.532274016337965,-1,-0.010354223433242549
544.8,1.2742355448236822,-0.15548963346247557,12.54603535202994,0.0,-1,-0.0022026431718060735
543.6,0.7903515348419887,-0.213124547814723,9.161132302093797,0.0,-1,0.0031272994849151914
545.3,0.6242135686143229,-0.12642083801412962,12.366965029170899,0.0,-1,0.0010086191087474994
545.85,0.5349601214493305,-0.07189142839304064,13.399779065448449,0.0,-1,0.0008244023083263663
546.3,0.4832533877460037,-0.04119938736545581,14.29070475406128,0.0,-1,-0.003935566538531887
544.15,0.2379622385822131,-0.0954968455097488,6.933556237857374,0.0,-1,-0.004686207847100943
541.6,-0.1170135225481772,-0.15015753554671304,-0.5272625129106672,0.0,-1,0.002400295420974752
542.9,-0.17641694290114174,-0.06985365196655921,2.96419993731579,0.0,-1,-0.004144409651869574
540.65,-0.37891724116911973,-0.09078465007817904,-3.2484170857874375,0.0,-1,0.0037917321742348964
542.7,-0.277757620205648,0.003458323628430904,2.4035027402799045,0.0,-1,-0.003869541182974112
540.6,-0.37903134137343386,-0.03260513251311831,-3.245080445608224,0.0,-1,0.006104328523862224
543.9,-0.12308225684284935,0.07444798400582209,5.188644431371294,0.0,-1,-9.192866335716587e-05
543.85,0.010982473492617828,0.06950423811376309,5.041871257005738,0.0,-1,0.0034016732554933427
545.7,0.2312662992026162,0.09659602127458716,9.472873656498706,0.0,-1,-0.0016492578339748487
544.8,0.24713602045744665,0.03748858084313919,6.46472530827058,0.0,-1,-0.0002753303964757592
544.65,0.22197621271345724,0.00410959103304992,5.940745183735174,0.0,-1,0.0019278435692648976
545.7,0.2783982911153089,0.02017722314496717,8.90669753297891,0.0,-1,-0.001282756093091475
545.0,0.22507613939001203,-0.011048309526776573,6.10884646108515,0.0,-1,-0.008715596330275188
540.25,-0.21617461475511845,-0.15076635455730236,-8.685993996967788,0.0,-1,-0.0049976862563628766
537.55,-0.643785440598208,-0.19279239346679727,-14.584010360342447,1.3300140851230253,-1,0.002046321272439755
538.65,-0.712275400136491,-0.08709411766836017,-10.663670142546742,0.0,-1,-0.0004641232711408705
538.4,-0.7079974298942489,-0.027605382475372697,-11.257539290837279,0.0,-1,-0.0004643387815750355
538.15,-0.6676919922819025,0.004233351712324529,-11.896710042048582,0.0,-1,0.0022298615627613927
539.35,-0.4918982741189666,0.060009023291753505,-6.89093327668229,0.0,-1,0.0010197459905441075
539.9,-0.31717655886086504,0.07824357951661837,-4.640542949199869,0.0,-1,-0.0044452676421559145
537.5,-0.40338432132671187,-0.0026547276497428385,-11.939986790909913,0.0,-1,-0.0013953488372092648
536.75,-0.4753728424490191,-0.024881082924016695,-13.954106291070275,0.0,-1,-0.0014904517931997319
535.95,-0.5384193661394647,-0.029309202204820806,-16.081459810918666,0.0,-1,0.0003731691389121661
536.15,-0.5084076808063855,0.0002341610427527563,-15.015602763808161,0.0,-1,-0.0017718921943484789
535.2,-0.530201198072632,-0.007186452074497862,-17.760107693043942,0.0,-1,0.0020553064275035116
536.3,-0.40524785686636733,0.039255629710588935,-11.548114866342551,0.0,-1,0.0003729256013427218
536.5,-0.29233386485771007,0.05072320723974871,-10.428943322579876,0.0,-1,-0.004939422180801456
533.85,-0.4323490467819511,-0.02976399156149745,-18.78526158269444,0.0,-1,-0.0014985482813525408
533.05,-0.5329942171789526,-0.043469720652833,-20.850055270961988,0.0,-1,0.00028139949348116033
533.2,-0.5264006176124667,-0.01229204036211573,-19.886954255782722,0.0,-1,0.0033758439609901103
535.0,-0.3292370996948648,0.06162382585182874,-9.163718675161434,0.0,-1,0.0
535.0,-0.2032189157614539,0.06254733659507988,-9.163718675161434,0.0,-1,-0.0061682242990653835
531.7,-0.39827491414791893,-0.044169553930461736,-19.68994805921008,0.0,-1,0.0013165318788790348
532.4,-0.40428000382894425,-0.016724881203829034,-15.698558870477193,0.0,-1,0.0010330578512398603
532.95,-0.32775921501695393,0.019931969202720445,-12.570014412586843,0.0,-1,-0.004409419270100412
530.6,-0.4580188860262524,-0.03677590060219266,-19.471655945421613,0.0,1,-0.0016961929890689786
529.7,-0.5599804810286741,-0.046245831868204856,-21.692729168922764,0.0,1,-0.0019822541060978693
528.65,-0.6517962384441489,-0.0460205297612265,-24.132342568108783,0.0,1,-0.0017024496358648555
527.75,-0.7183877639482716,-0.03753735175511641,-26.094490367109618,0.0,1,0.0019895783988630455
528.8,-0.6043178797045812,0.025510844162857982,-19.282094091338937,0.0,1,0.0007564296520425895
529.2,-0.4635897809407652,0.055412980975558024,-16.752547307097096,0.0,1,0.014172335600907138
536.7,0.2704067501862255,0.2631365040341829,12.086252647694508,0.0,-1,0.015185392211663817
544.85,1.2940377865675146,0.4289225134718241,25.083476995003863,-3.5891748266669765,-1,0.0044048820776358966
547.25,1.8980168225441503,0.3443005164828199,27.596419016362333,-3.3301777731867332,-1,-0.005481955230698943
544.25,1.7918382719871033,0.07937398864192424,18.062519785544097,0.0,-1,-9.186954524564861e-05
544.2,1.5852624740431338,-0.04240060310068183,17.908009953092446,0.0,-1,-0.002021315692760095
543.1,1.2582027022341435,-0.1231534583032241,14.337794395693166,0.0,-1,-0.0011047689191677756
542.5,0.939822591143411,-0.1471778564646522,12.351088724749694,0.0,-1,-0.0023041474654378336
541.25,0.5981473196694651,-0.16295104264619942,8.191564574159202,0.0,-1,0.0010161662817551598
541.8,0.4232974072933757,-0.1126003183407629,9.512055746967633,0.0,-1,-0.003137689184200654
540.1,0.15893100049754594,-0.12565557504553093,3.6883990786297574,0.0,-1,-0.0017589335308276777
539.15,-0.06566311960853,-0.11674989838386897,0.6131095765608876,0.0,-1,-0.000185477139942547
539.05,-0.18082158636082113,-0.07730278837872005,0.2762858906533907,0.0,-1,0.0012985808366572371
539.75,-0.16499902087355167,-0.020493407630483546,2.7233311531574955,0.0,-1,-0.0021306160259378926
538.6,-0.23917115305710013,-0.03155517993801066,-1.6225578951757882,0.0,-1,-0.0079836613442259
534.3,-0.614659623060902,-0.1356812166472709,-13.963461633527963,0.0,-1,-0.00046790192775592043
534.05,-0.7720155561409001,-0.09767904990908971,-14.547683389432457,0.0,-1,-0.0007489935399306313
533.65,-0.8196922263358601,-0.04845190670134991,-15.540837958169568,0.0,-1,0.0006558605827791109
534.0,-0.746056209238759,0.008394703465250397,-13.803118456127201,0.0,-1,-0.006554307116104829
530.5,-0.9387335165869217,-0.06142753462763739,-22.039993008195157,0.0,1,0.0037700282752120007
532.5,-0.7901777105454357,0.02904275713794957,-12.945556148522627,0.0,-1,0.0016901408450704647
533.4,-0.5750516649792417,0.08138960090138125,-9.208284773569346,0.0,-1,-0.010873640794900608
527.6,-0.902901003447937,-0.08215324585577133,-21.377058134463763,0.0,1,-0.0005686125852920609
527.3,-1.0165839223949433,-0.06527872160092585,-21.85951355230958,0.0,1,-0.0009482268158543805
526.8,-1.0303767216688584,-0.02635717362494705,-22.711302435242796,0.0,1,0.002372817008352346
528.05,-0.8472417278334206,0.0522592734034969,-17.071835463031412,0.0,1,-0.0011362560363600283
527.45,-0.7350707535962329,0.0548100825468949,-18.37981013669254,0.0,1,0.0010427528675702735
528.0,-0.5718960370113564,0.0726615997105905,-15.720896565093803,0.0,1,0.00047348484848486194
528.25,-0.42181734230132406,0.07424676480687425,-14.45508709795768,0.0,1,0.004259346900141958
530.5,-0.12412654975457826,0.12397918578454004,-4.045682974913689,0.0,1,0.002639019792648467
531.9,0.1517293923317311,0.1332783759569498,1.3826104375749395,0.0,-1,0.005170144764053308
534.65,0.5061799140139556,0.1625762992130581,10.123926797262037,0.0,-1,-0.003553726737117735
532.75,0.48289018202058287,0.046428855739895136,2.831729247032655,0.0,-1,0.002440168934772391
534.05,0.5393378008554919,0.03429215819160136,6.8137525639536705,0.0,-1,-0.006366445089411088
530.65,0.23928346020159097,-0.08858739415409989,-4.378478433289146,0.0,1,0.00160180910204466
531.5,0.14014933485782421,-0.06257383983262221,-1.5571749742024608,0.0,-1,-0.0026340545625587186
530.1,-0.03776350571877174,-0.08016222680307272,-5.757907326803796,0.0,1,-0.0014148273910582487
529.35,-0.18607296719721944,-0.07615722942717348,-7.929431407075377,0.0,1,-0.0007556437139888406
528.95,-0.2780549506700254,-0.05604640429999316,-9.118513625170763,0.0,1,0.0007562151432081166
529.35,-0.2675413631839092,-0.015177605604625666,-7.318459744017225,0.0,1,0.0012279210352319492
530.0,-0.18582278917563144,0.022180322801217373,-4.331531420644154,0.0,1,0.004811320754716908
532.55,0.08302173025981574,0.09700828074555484,5.725470980775725,0.0,-1,-0.00441273119894825
530.2,0.014692179122562266,0.00955957653610046,-3.1537800246249716,0.0,1,0.006695586571105139
533.75,0.2751363886271747,0.09000126201357098,8.062383057403508,0.0,-1,-0.0007494145199062885
533.35,0.34909712766045686,0.05465400034895107,6.56797258231758,0.0,-1,0.0001874941408082087
533.45,0.36531940320537615,0.023625425297956804,6.87628337597571,0.0,-1,-0.0013122129534165472
532.75,0.28465392404405065,-0.01901335128778958,3.900333518124519,0.0,-1,-0.0017832003754106873
531.8,0.14143335745973218,-0.05407797262403602,-0.04140382887479177,0.0,-1,-0.00047010154193305453
531.55,0.03720362771252894,-0.05276923412374643,-1.0873075151394715,0.0,-1,0.002539742263192535
532.9,0.09448846052953286,0.001505199564419163,4.613768617506068,0.0,-1,0.001595045974854603
533.75,0.18609017189396582,0.03103563697628403,7.90049438659711,0.0,-1,0.0
533.75,0.21638351325168514,0.02044299277800113,7.900494386597124,0.0,-1,-0.0009367681498828606
533.25,0.17183155782629456,-0.008036320882463144,5.00762831977142,0.0,-1,0.002344116268166996
534.5,0.23940295029467507,0.019845023861972455,10.490910275498855,0.0,-1,0.005706267539756782
537.55,0.507405067337686,0.09594904696832779,20.303001300921323,-1.0492062601107364,-1,0.004464700958050516
539.95,0.7991223702476873,0.12922211662610972,25.600936027713033,-1.825994548826884,-1,9.260116677456409e-05
540.0,0.8825541575154148,0.07088463463127903,25.70128055310896,-0.6129182415119203,-1,0.00749999999999984
544.05,1.1882238713563993,0.12551811615742126,32.26548769055432,-2.506710717033002,-1,0.005330392427166819
546.95,1.4837067389971708,0.14033366126606417,35.40286636089401,-2.8853269359555043,-1,0.0
546.95,1.5078059445677354,0.05481095561220961,35.40286636089402,-0.8991397117398492,-1,-0.0008227443093519193
546.5,1.3567050519724262,-0.03209664566103321,32.60340089297898,0.0,-1,0.001921317474839812
547.55,1.2555958513437417,-0.04440194876323922,33.966031007973456,0.0,-1,-0.0019176330928681873
546.5,1.01290826341733,-0.09569651222988362,27.243496471687095,0.0,-1,0.002836230558096897
548.05,0.9363221141694567,-0.05742755382591902,29.884990045811392,0.0,-1,0.024541556427333466
561.5,1.9408355300314497,0.315695287345358,40.508025874076324,-5.275158458723695,-1,0.007301869991095389
565.6,2.6230226104597705,0.33262745592455945,41.948271541332886,-4.494611119580441,-1,0.0019448373408770259
566.7,2.8371975998022663,0.18226748175568508,42.296707324551065,-1.4279308265150803,-1,0.00035292041644607863
566.9,2.724518627823386,0.023196169925601584,42.36346859192021,0.0,-1,0.007761509966484281
571.3,2.8078025895152905,0.03549337720583523,43.698451304988254,0.0,-1,0.0022755119901978205
572.6,2.7237943545683265,-0.016171619247042912,44.04046242623602,0.0,-1,-0.0010478519035976852
572.0,2.4048073742141014,-0.11171953320042283,41.49392205731762,0.0,-1,0.022290209790209792
584.75,3.10741326951927,0.19696212070158214,44.811373820070116,-1.026935242126683,-1,-0.006070970500213657
581.2,2.9039317780451483,-0.0021731235908464264,34.60341705781451,0.0,-1,0.0019786648313833144
582.35,2.656030050804361,-0.08335828361054443,35.17782100256129,0.0,-1,-0.0001717180389800843
582.25,2.302410016283602,-0.14565943937710113,34.871894841900684,0.0,-1,0.004207814512666497
584.7,2.1378991643329073,-0.10339009710926517,36.219262520418496,0.0,-1,0.0027364460407044433
586.3,2.0108188079964293,-0.07682348448191423,37.05580504826844,0.0,-1,0.0027289783387345334
587.9,1.9130437291619273,-0.058199521105471996,37.873706767879185,0.0,-1,0.0061234903895219794
591.5,2.004735878981137,0.011164209571245864,39.52794482038212,0.0,-1,-0.0021132713440406015
590.25,1.779353963975609,-0.07140590181142725,35.05165974911246,0.0,-1,-0.003981363828886142
587.9,1.3225501761414762,-0.17606989654852012,27.008727530045746,0.0,-1,-0.0007654362986901919
587.45,0.9464357675460633,-0.18406143504797767,25.48985149879421,0.0,-1,0.001872499787215709
588.55,0.7711755826195485,-0.1197738733248308,26.73609432586251,0.0,-1,-0.004162772916489588
586.1,0.4151141916046299,-0.15861175477991651,18.159514972560714,0.0,-1,0.00025592902235116455
586.25,0.21499064679676394,-0.11957843319592754,18.39977814993607,0.0,-1,-0.0004264392324093702
586.0,0.07617965382644343,-0.0861298087220827,17.457147077646937,0.0,-1,-0.002986348122866911
584.25,-0.14540748047761554,-0.10257231434204724,10.926600442431933,0.0,-1,0.0023106546854942955
585.6,-0.1315837575898513,-0.029582863818094343,13.920487650002613,0.0,-1,-0.0011953551912569083
584.9,-0.17203991634676186,-0.02334634085833498,11.2180511488328,0.0,-1,-0.0032484185330825532
583.0,-0.33626466936300403,-0.0625236979581924,4.295130532341062,0.0,-1,0.0033447684391081367
584.95,-0.22785499009091836,0.015295327104631079,9.515882165626785,0.0,-1,0.00025643217368997995
585.1,-0.14216223461403388,0.03366269419383852,9.90730838381203,0.0,-1,0.0038454964963254845
587.35,0.10003099600896803,0.09195197493894684,15.471385420664205,0.0,-1,0.00034051247126920536
587.55,0.2294583616530872,0.07379311352768869,15.938259459845654,0.0,-1,0.0017870819504723912
588.6,0.3625505143373857,0.06896175540399574,18.428453673935977,0.0,-1,0.004417261297995356
591.2,0.6155507144848116,0.1073206518504739,23.715444529709927,0.0,-1,-0.0008457374830852515
590.7,0.6490882550181141,0.04695273079459217,21.168866988704252,0.0,-1,-0.00033858134416797636
590.5,0.595099670699824,-0.0023452845078992812,20.092677983622465,0.0,-1,0.000677392040643543
590.9,0.5518470726491387,-0.015199294186194812,21.06499859670386,0.0,-1,0.009561685564393185
596.55,0.9550668509029947,0.1293401613558871,30.840843428994617,-2.5966552655058877,-1,0.004693655183974688
599.35,1.310421169121355,0.16156482652474913,33.846063246610186,-2.933776053244287,-1,-0.004171185450905113
596.85,1.1705632308037366,0.007235629402376986,22.555633700986633,0.0,-1,0.0023456479852559387
598.25,1.1197539924112334,-0.014524536330042137,24.677328119366706,0.0,-1,-0.0020894274968658033
597.0,0.8968698738473222,-0.07913621829798445,19.357899032387948,0.0,-1,0.0002512562814069863
597.15,0.7231886584114591,-0.08427247791128256,19.646188135739038,0.0,-1,-0.0035167043456418856
595.05,0.4010823291592942,-0.13545960238781585,10.75468853871785,0.0,-1,-0.003193008990841073
593.15,0.04827230376997704,-0.16275654259237768,3.8442051336402656,0.0,-1,0.00033718283739370136
593.35,-0.11548873423885198,-0.10883919353373556,4.45017252079586,0.0,-1,-0.007668323923485376
588.8,-0.5669118587233015,-0.18675410600606168,-9.117359289995896,0.0,-1,0.0
588.8,-0.7453807660718894,-0.1217410044515499,-9.117359289995896,0.0,-1,0.00025475543478270524
588.95,-0.7600001559068232,-0.04545346476216128,-8.523847565849323,0.0,-1,0.0016130401562099994
589.9,-0.6248098378321174,0.029912284437514813,-4.66204565272497,0.0,-1,0.0023732836073910857
591.3,-0.38848052564219415,0.08874719887581273,0.6681865015499824,0.0,-1,-0.01056993066125489
585.05,-0.7587758257435553,-0.09384936707518277,-15.849950248346708,0.0,-1,0.004785915733698021
587.85,-0.6473588236490286,0.005855878339781295,-6.655909631370591,0.0,-1,-0.0002551671344730444
587.7,-0.550203753964297,0.034336982674837646,-7.013163687894789,0.0,-1,0.0021269355113153754
588.95,-0.35160923962496327,0.0776438323380571,-2.9705866666133574,0.0,-1,0.00042448425163432724
589.2,-0.20217787915328245,0.07569173093657933,-2.14888219153584,0.0,-1,0.0001697216564833237
589.3,-0.1022807089879052,0.0585296337006522,-1.7918072147419366,0.0,-1,-0.0014423892754114043
588.45,-0.11464206482287409,0.01538942595522777,-4.719984681248093,0.0,-1,-0.0007647208768800651
588.0,-0.14876923733845615,-0.006245915520118106,-6.282009094106229,0.0,-1,-0.0037414965986395377
585.8,-0.3367687204847698,-0.06474846622214392,-13.181472630127104,0.0,-1,0.001024240355069983
586.4,-0.3527044020174799,-0.026894715918284684,-10.297820911730923,0.0,-1,0.003581173260573056
588.5,-0.15628020928238584,0.05650982560560314,-1.208691704616058,0.0,-1,-0.003058623619371259
586.7,-0.19504476214126498,0.005915090915574656,-7.333819161992956,0.0,-1,0.0009374467359808403
587.25,-0.15233997505902153,0.016206625999272695,-4.990103724297761,0.0,-1,-0.0009365687526606825
586.7,-0.16412591692960632,0.0014735613762293098,-6.945651888514476,0.0,-1,0.003238452360661226
588.6,0.001991605212538161,0.055863694506124606,1.193619158600697,0.0,-1,-0.0036527353041113653
586.45,-0.09428226748411817,-0.013470059396843911,-6.604836708425701,0.0,-1,-0.002643021570466475
584.9,-0.26372901487548006,-0.06097226892940194,-11.324194284343633,0.0,-1,-0.0032484185330825532
583.0,-0.48480830399819297,-0.09401718601737163,-16.3138674948431,0.6198209482616903,-1,-0.002401372212692876
581.6,-0.6716139232263458,-0.09360760174850813,-19.532031389551808,0.9632281069815463,-1,-8.596973865215851e-05
581.55,-0.7132155725715847,-0.045069750364582384,-19.647099943809444,0.3405650267973215,-1,-0.002149428252084973
580.3,-0.7787484328631535,-0.03686753688538369,-22.529037294508875,0.6044764832366809,-1,-0.0016370842667584595
579.35,-0.8257858269370217,-0.027968310319750667,-24.568115875410896,0.3496086519764958,-1,-0.0075084146025719
575.0,-1.1429890383958536,-0.1150571739261943,-31.539589396317044,2.445065245347905,-1,0.0009565217391303005
575.55,-1.160508224259047,-0.04419211992979588,-28.515917394196023,0.3039920357085748,-1,8.687342541935372e-05
575.6,-1.068392131835708,0.015974657497847655,-28.22291917350455,0.0,-1,-0.0006949270326614965
575.2,-0.9666347413043468,0.03924401600973626,-28.92208843901741,0.0,-1,0.004433240611960931
577.75,-0.6227031509300787,0.12772520212800142,-14.299398919477042,0.0,-1,-0.0023366508005192577
576.4,-0.5113454264986785,0.07969430885313389,-17.807954357871886,0.0,-1,-0.000433726578764726
576.15,-0.43388777874145035,0.05238398553678736,-18.446027678180215,0.0,-1,-0.0023431398073419096
574.8,-0.4715016399676415,0.0049233747701987185,-21.79974391599278,0.0,-1,0.0003479471120391153
575.0,-0.4343501005835151,0.014024971384775042,-20.56517199407158,0.0,-1,-0.00043478260869567187
574.75,-0.4004118225094544,0.01598774981961193,-21.251723025919645,0.0,-1,0.0037407568508045497
576.9,-0.17090836492991457,0.0818304024663839,-8.265600644156073,0.0,-1,0.004160166406656174
579.3,0.1580857276039751,0.13694149833342453,2.4771777491228733,0.0,-1,-0.00017262213015689643
579.2,0.30107562990394854,0.09331046687779931,2.033027678787022,0.0,-1,-0.012776243093922779
571.8,-0.26918572143802066,-0.15898362815472333,-19.318387216762638,0.0,-1,0.004022385449457877
574.1,-0.3402175869891835,-0.07667183123529536,-10.714519375884052,0.0,-1,0.0027869709109911156
575.7,-0.21404872084895032,0.01649901163497927,-5.39954565815389,0.0,-1,0.00034740316136860905
575.9,-0.11646022770810305,0.03802916825860886,-4.734067528863349,0.0,-1,-0.0023441569716965427
574.55,-0.17046096216199658,-0.005323855398428223,-8.475147136268546,0.0,-1,0.0031328866069098016
576.35,-0.0332562492087618,0.04396028585160219,-2.0964780828605143,0.0,-1,0.00286284375813306
578.0,0.17561746136846068,0.08427799880960825,3.1128478589298325,0.0,-1,0.0017301038062282892
579.0,0.34875286154306195,0.08580446632806987,6.07085657039412,0.0,-1,0.0008635578583764403
579.5,0.4479244898351453,0.061658698206717766,7.5583840575344965,0.0,-1,0.0007765314926662104
579.95,0.497683263161548,0.03713915717770683,8.948469879298237,0.0,-1,0.00456935942753689
582.6,0.7019223778946753,0.08045942397027805,16.1935078095037,-0.6572180855160923,-1,-0.0014589769996568025
581.75,0.674715070436605,0.01775070550406921,12.276401431544045,0.0,-1,0.0011173184357542443
582.4,0.659051827504527,0.0006958208573304425,14.082367529099827,0.0,-1,-0.0013736263736262577
581.6,0.5296325537464099,-0.042907817633595524,10.144794302527885,0.0,-1,0.004900275103163709
584.45,0.658286870721895,0.028582166447296498,17.941998435356027,0.0,-1,-0.0038497732911284555
582.2,0.48025678998271815,-0.04981597143062677,7.990160229204378,0.0,-1,0.00017176228100290736
582.3,0.35955368378131425,-0.05683969254401022,8.291850209619902,0.0,-1,0.0017173278378841417
583.3,0.35257265703216945,-0.021273573097718323,11.373956274570297,0.0,-1,-0.0038573632779016487
581.05,0.1322010889049352,-0.08054838040831752,1.8036279009540834,0.0,-1,-0.0018931245159623522
579.95,-0.08066811923401929,-0.09780586284909068,-2.2417472893583508,0.0,-1,8.621432882138791e-05
580.0,-0.17621371336736047,-0.06445048566081063,-2.036516904159754,0.0,-1,0.006206896551724128
583.6,0.09069796567985122,0.06748706446213369,10.406765013660113,0.0,-1,0.0
583.6,0.21659564139679333,0.06446158005969194,10.406765013660099,0.0,-1,-0.0014564770390679271
582.75,0.19066150913886304,0.012842482600587207,6.470538716017906,0.0,-1,-0.000171600171600228
582.65,0.15347265058164794,-0.008115458652209306,5.993590355081082,0.0,-1,0.002231185102548716
583.95,0.23042216708802243,0.022944685951388405,10.778507172087913,0.0,-1,-0.006678653994348971
580.05,-0.07530492191619942,-0.09426080101761118,-5.389986335462595,0.0,-1,-0.0004309973278165957
579.8,-0.24272638959189408,-0.08722742289776861,-6.219517981609698,0.0,-1,-0.0006036564332526639
579.45,-0.3353765909637332,-0.059959208089869265,-7.45030409982099,0.0,-1,0.002070929329536453
580.65,-0.25375364240278486,0.007221246823693017,-1.892799355983641,0.0,-1,0.005080513217945448
583.6,0.05403730207797253,0.10500406376815015,8.95311113958357,0.0,-1,-0.00034270047978079976
583.4,0.18676299914511674,0.0792432536117648,8.039320497344946,0.0,-1,-0.0032567706547822484
581.5,0.07922893108332119,-0.009430271483343577,-0.12151020786234312,0.0,-1,-0.012639724849527134
574.15,-0.5936405138712644,-0.22743323881264305,-18.910866339588217,2.717006483464502,-1,0.0037446660280413546
576.3,-0.701438526859306,-0.11174375060022823,-11.394056810476272,0.0,-1,0.008589276418532021
581.25,-0.2843843227816478,0.10177015115914334,1.999979892807815,0.0,-1,0.0034408602150537426
583.25,0.11450813948897576,0.16688753780992233,6.281811633436739,0.0,-1,0.003686240891555892
585.4,0.48357869233348083,0.17865269688480911,10.491453808492125,0.0,-1,-0.006405876323881121
581.65,0.3153157443946384,0.0034632496486555753,0.9784079260782406,0.0,-1,0.0038683056821111617
583.9,0.3924079583923685,0.026851821215461924,5.630214415368961,0.0,-1,0.0010275732145916816
584.5,0.4482534021918809,0.02756575500499142,6.843618560679545,0.0,-1,0.0006843455945251264
584.9,0.4721550072423497,0.017155786685153385,7.700497822111295,0.0,-1,-0.00735168404855524
580.6,0.08642622583067805,-0.12285766490883943,-3.3605029420334347,0.0,-1,-0.0005167068549777332
580.3,-0.1386403503610154,-0.11597474703351097,-4.043427581588887,0.0,-1,-0.0019817335860761176
579.15,-0.33545360926007106,-0.1042626686441889,-6.741329562367142,0.0,-1,0.00492100492100489
582.0,-0.16840577127129563,0.020928389781528833,1.1546540272264068,0.0,-1,-0.0013745704467352793
581.2,-0.1375147046709344,0.017273152127296687,-0.9732049896600827,0.0,-1,-0.0013764624913972234
580.4,-0.17727627931492407,-0.007496140838897658,-3.1390447689320524,0.0,-1,-0.0015506547208821164
579.5,-0.2573840433607302,-0.02920130162823459,-5.591327964741367,0.0,-1,0.006557377049180246
583.3,0.04067741156325155,0.0896200510985824,5.36638916737617,0.0,-1,-0.0007714726555801965
582.85,0.14881835472817784,0.06592033142116956,3.9667197748482295,0.0,-1,-0.0015441365703010579
581.95,0.11548729675007507,0.010863091147688936,1.0962324733193611,0.0,-1,-0.007217114872411834
577.75,-0.26080217363482916,-0.12180879307907175,-9.949645568919266,0.0,-1,-0.006577239290350367
573.95,-0.7438800610244698,-0.2016288934895708,-17.099614413485313,1.4579136175042322,-1,0.0037459709033886845
576.1,-0.744262332967196,-0.06733705514409905,-10.328885276227716,0.0,-1,-0.003211248047214066
574.25,-0.8365982745247038,-0.05322433223386891,-13.819344769580667,0.0,-1,0.005137135393992187
577.2,-0.5672163890930051,0.0720525177326099,-5.212338513666666,0.0,-1,-0.0045045045045045695
574.6,-0.601924080619483,0.012448275402043962,-10.437421466409866,0.0,-1,0.004002784545770854
576.9,-0.3774509196643976,0.07897381211904314,-4.220051551692535,0.0,-1,0.0007800312012480326
577.35,-0.19626009588148463,0.08672154530065207,-3.0340166502461585,0.0,-1,0.004503334199359221
579.95,0.12735699066683992,0.13677954394965888,3.4964204554598695,0.0,-1,-0.003448573152857959
577.95,0.11188578471865185,0.04043611266715695,-1.5976857557978477,0.0,-1,-0.004844709749978526
575.15,-0.13850696698204956,-0.06998554634451484,-7.842301152713247,0.0,-1,-0.0009562722767972875
574.6,-0.2979944289171499,-0.07649100275987172,-8.99686713587878,0.0,-1,0.002958579881656709
576.3,-0.21123862414162886,0.0034216006718831016,-3.9249160050269225,0.0,-1,-0.0039909769217421065
574.0,-0.3419241697420148,-0.042421314976167634,-9.197992232440669,0.0,-1,-0.0019163763066202266
572.9,-0.4704399283970133,-0.05697902454372206,-11.537161172553475,0.0,-1,-0.00829115028800842
568.15,-0.8913278136915324,-0.15928896994608033,-19.83465242575137,1.3180524760714434,-1,-0.004576256270351187
565.55,-1.2441611051978043,-0.17070742048411747,-23.333383856951585,1.7991002927226418,-1,0.0007956856157722569
566.0,-1.2793976588511669,-0.06864799137916,-21.733382903158038,0.09259303318367529,-1,-0.00026501766784448044
565.85,-1.2028994641068493,0.002616734455052505,-21.959968991283663,0.0,-1,0.003181055049924719
567.65,-0.9144087447258471,0.09703581794535165,-15.011511489373511,0.0,-1,-0.0003523297806745651
567.45,-0.7106293229747962,0.10027174656546756,-15.423695361894204,0.0,-1,0.001321702352630183
568.2,-0.4870205018513616,0.10796018922963402,-12.362587060151824,0.0,-1,0.0012319605772614928
568.9,-0.2762977161354456,0.10622765831518333,-9.4766656209978,0.0,-1,0.00035155563367905707
569.1,-0.13124484693275917,0.08376017583928994,-8.615547646691894,0.0,-1,-0.00035143208574950346
568.9,-0.06444800842041332,0.05018567145054527,-9.270756675870565,0.0,-1,-0.0002636667252592373
568.75,-0.03817892179586124,0.02548491935836579,-9.801122271181221,0.0,-1,0.001670329670329762
569.7,0.05730386499942597,0.04032256871788434,-4.7812700149773235,0.0,-1,-0.0024574337370547594
568.3,-0.016396730352994382,-0.011126008878178672,-10.245509372187087,0.0,-1,0.0015836705965159847
569.2,0.023119366166952204,0.009463362547255973,-5.458630281800907,0.0,-1,0.0014054813773716202
570.0,0.10761746724631394,0.031320487875539246,-1.4231828067338839,0.0,-1,-8.7719298245581e-05
569.95,0.1367317288487584,0.02014491649266123,-1.6674134229639463,0.0,-1,-0.0016668128783227099
569.0,0.060727882245942055,-0.018619643370051703,-6.30521098047511,0.0,-1,0.0002636203866432929
569.15,0.030165302090722435,-0.016394074508423777,-5.373040669898508,0.0,-1,-0.0015813054555038342
568.25,-0.06262976316111235,-0.03639637992008619,-9.808969402174569,0.0,-1,-0.0015838099428068242
567.35,-0.17880814885700147,-0.05085825520532511,-13.806363558942927,0.0,-1,0.0010575482506389733
567.95,-0.1719966626335463,-0.014682256327289978,-9.42806238293165,0.0,-1,0.0018487542917509092
569.0,-0.06675786430230346,0.030185514001317623,-2.432285263977768,0.0,-1,-0.0012302284710018485
568.3,-0.06690864311144651,0.01001157839739153,-6.247455657589924,0.0,-1,-0.0019355973957415618
567.2,-0.1530749789234278,-0.0253849191381966,-11.621940033089942,0.0,-1,-0.013575458392101614
559.5,-0.8250685652525362,-0.23245950182243502,-30.373378051454306,4.309261716364631,-1,0.003395889186773804
561.4,-0.9339763113126764,-0.11378908262752507,-20.878556784490215,1.1576051596520074,-1,0.002137513359458554
562.6,-0.8105988250666769,0.003196134539491524,-15.45248139461134,0.0,-1,0.0007109847138286884
563.0,-0.6480268465214749,0.05525603769489784,-13.647840209243853,0.0,-1,-0.001332149200710453
562.25,-0.5752386200387036,0.04268142139255637,-15.622523731583932,0.0,-1,0.01689639839928847
571.75,0.30075871153917433,0.30622625099014483,12.809921492558104,0.0,-1,-0.0023611718408396154
570.4,0.6011941513664851,0.20222056360581858,8.788138398196068,0.0,-1,-0.001665497896213064
569.45,0.6221456919996626,0.07439070141299875,5.985215968707493,0.0,-1,-0.002195100535604566
568.2,0.4766093213162321,-0.023715223090143955,2.337050618296523,0.0,-1,0.00035198873636033134
568.4,0.3807903591981585,-0.03984472840273917,2.8828805669987574,0.0,-1,-0.0007037297677691123
568.0,0.26781501487266723,-0.050940024242743465,1.5704838352942119,0.0,-1,8.802816901409827e-05
568.05,0.19317609147049097,-0.04185964921497326,1.73683786028176,0.0,-1,-0.004401021036880559
565.55,-0.06857471118644298,-0.10120348395730241,-6.554032924550654,0.0,-1,0.001414552205817543
566.35,-0.12706888658271964,-0.053232553117859696,-3.5053985801561467,0.0,-1,-0.001500838703981655
565.5,-0.21656023373225253,-0.04757463342246421,-6.287264366327037,0.0,-1,0.003625110521662256
567.55,-0.072425887829354,0.03218657082681145,1.4904704685454888,0.0,-1,0.003612016562417608
569.6,0.17651010910788045,0.09370752258801533,7.9469783841027635,0.0,-1,-0.000526685393258508
569.3,0.26126893181742616,0.05948878176585368,6.719461129510449,0.0,-1,0.0015808888108204133
570.2,0.3568759321875632,0.051698594045330226,9.574002249493155,0.0,-1,0.00043844265170123187
570.45,0.39577310469030635,0.030198588849357777,10.380508124251797,0.0,-1,-0.002541852923130916
569.0,0.2614072655508153,-0.034722416763377784,3.501887245103404,0.0,-1,0.029789103690685437
585.95,1.5849404071851723,0.4296035749569931,31.248238287861582,-7.572904143689925,-1,0.016724976533833757
595.75,2.931295277403592,0.5919861483918045,36.444577316021295,-10.270877750504724,-1,0.002937473772555599
597.5,3.5060314393958834,0.38890743679469875,37.151045576242694,-6.426251847930644,-1,-0.0014225941422594257
596.65,3.4303969004423607,0.10442429928039187,34.766838652463605,-1.4905753286957406,-1,-0.0017598256934550083
595.6,3.0192132225954538,-0.1022531261888382,31.699112792725387,0.0,-1,-8.394895903307553e-05
595.55,2.557853615122326,-0.18787091122065513,31.54297239016232,0.0,-1,0.001511208126941721
596.45,2.189019343458881,-0.18556839429469996,32.222487235485104,0.0,-1,0.011400787995640815
603.25,2.3888505956722383,0.004754285972885963,36.419769841715606,0.0,-1,-0.008039784500621705
598.4,1.8855286721395714,-0.16618921251992713,22.798701767493228,0.0,-1,0.0005013368983959321
598.7,1.501740321028251,-0.18332585454374928,23.09020638050049,0.0,-1,0.006764656756305332
602.75,1.5222011187202042,-0.05428835228393192,26.81686213140256,0.0,-1,-8.295313148065642e-05
602.7,1.4014147576729101,-0.05835823777707527,26.671211052976957,0.0,-1,-0.005226480836237113
599.55,0.9617370140098274,-0.16601199381338594,17.687356082860347,0.0,-1,-0.0027520640480359626
597.9,0.5242533910108023,-0.2011652056041371,13.366023015698346,0.0,-1,0.012627529687238681
605.45,0.8909904635936527,0.05519062232623784,22.34308811102801,0.0,-1,0.00462465934428935
608.25,1.2334431279189175,0.13254776221716758,24.87964522290237,0.0,-1,-0.0046033703247019275
605.45,1.0685491994216818,-0.010782055426689308,17.95467675017271,0.0,-1,0.00462465934428935
608.25,1.1303898018879863,0.01701951567987181,20.940721676470147,0.0,-1,0.0023838882038635933
609.7,1.1879442862970109,0.02485800002963212,22.41949418764156,0.0,-1,-0.0002460226340824656
609.55,1.1052261713101643,-0.019286704985738146,21.99836058138702,0.0,-1,-0.0038553030924450837
607.2,0.7759315995409679,-0.11619375891831152,15.380096904059855,0.0,-1,0.007328722002635013
611.65,0.9174566803611697,0.008443773967296786,20.990687007989976,0.0,-1,0.008746832338755839
617.0,1.357597830741156,0.149528308115761,26.153228404246946,-1.2770707275207087,-1,0.0
617.0,1.4645352533693767,0.0854885769146605,26.153228404246946,0.0,-1,-0.0009724473257698429
616.4,1.3459593602360655,-0.011029105406216821,24.32194475445617,0.0,-1,-0.002676833225178421
614.75,1.037008133649806,-0.1066601106641587,19.23471456716311,0.0,-1,-0.003741358275721751
612.45,0.6044485092191962,-0.1797399116982562,12.598372708175312,0.0,-1,-0.0017960649848968169
611.35,0.24613132123556625,-0.17935236656062875,9.564384810321954,0.0,-1,0.000817862108448475
611.85,0.08812845047407336,-0.11245174577404055,10.530539791407215,0.0,-1,0.0024515812699190676
613.35,0.12678297755383028,-0.024599072898094543,13.44220527151542,0.0,-1,-0.00929322572756186
607.65,-0.3394550070357809,-0.16361235249590192,-1.6252553050008771,0.0,-1,-0.00403192627334803
605.2,-0.7484527487442847,-0.19087003140146863,-6.553225292498809,0.0,-1,0.0006609385327163153
605.6,-0.8572472238698765,-0.09988816884235352,-5.527087552525586,0.0,-1,0.004953764861294507
608.6,-0.590207192776802,0.05571728741690696,1.7661296555969628,0.0,-1,-0.000985869208018464
608.0,-0.4575032444988665,0.0628070785649475,0.2980392686525519,0.0,-1,0.0014802631578947345
608.9,-0.2780259999850614,0.08076144102625088,2.541260210142191,0.0,-1,0.0018065363770733978
610.0,-0.07345187772932604,0.09511185442732875,5.282123458996956,0.0,-1,-0.005409836065573659
606.7,-0.2400438267906111,-0.023826698211318775,-3.6421556418281824,0.0,-1,-0.0036261743860228624
604.5,-0.48666948242214403,-0.09015078461428394,-8.593500502160623,0.0,-1,-0.0023986765922250353
603.05,-0.6902598533694118,-0.09791371852051722,-11.597258779825701,0.0,-1,-0.005057623745957973
600.0,-0.9887000510622102,-0.1321179720711052,-17.164383667594727,0.1915550001124302,-1,8.333333333321313e-05
600.05,-1.051361812320124,-0.0649265777763397,-16.987499013192156,0.0,-1,0.007499375052079094
604.55,-0.6200792085890043,0.12211867531826004,-3.0232529839413544,0.0,-1,-0.005375899429327591
601.3,-0.6235979726743608,0.039533303744301196,-9.755480870177571,0.0,-1,-0.0027440545484782586
599.65,-0.7108908569941832,-0.01591986019184044,-12.765565489894577,0.0,-1,0.002751605102976784
601.3,-0.5577963944045905,0.04572486746591742,-7.949635535911696,0.0,-1,-0.0019125228671211802
600.15,-0.5305994635759816,0.024307266098175462,-10.308113604042937,0.0,-1,-0.00024993751562107924
600.0,-0.4852843761971144,0.023207451159014236,-10.628149589046167,0.0,-1,-0.0008333333333333526
599.5,-0.46385313449115984,0.014879564288322933,-11.769817209781266,0.0,-1,-0.00033361134278575566
599.3,-0.4311497524305423,0.015860982116313482,-12.25624286060846,0.0,-1,-0.00383781077924239
597.0,-0.5705355820310842,-0.04117494916140951,-17.534468398142224,0.0,-1,-0.0003350083752095001
596.8,-0.6093505316621304,-0.026663299597485257,-17.96727743201764,0.0,-1,0.0006702412868633267
597.2,-0.5446454621724115,0.012680589964077837,-16.011668576084972,0.0,-1,0.0022605492297387286
598.55,-0.3544058055798587,0.06764008218554357,-9.58280334066965,0.0,-1,0.00041767605045528455
598.8,-0.20891882681860352,0.07104235364893291,-8.412276241585339,0.0,-1,-0.0010855043420173738
598.15,-0.17293210186983288,0.03567635953256784,-10.645760533107378,0.0,-1,0.008191925102398967
603.05,0.2678056024270745,0.1588046879431584,8.170718788182832,0.0,-1,0.00024873559406368706
603.2,0.4783573210399936,0.1231188021853592,8.607548070911406,0.0,-1,0.0005802387267903608
603.55,0.5729367369264082,0.07256607269059123,9.69869865005063,0.0,-1,0.004887747493993899
606.5,0.8183150501257614,0.10598146196331482,17.678123120029326,-0.8443144494079888,-1,-0.002885408079142615
604.75,0.7269779525482818,0.0048814547952783505,9.86540832490953,0.0,-1,0.00024803637866877004
604.9,0.633227907713831,-0.02962286334639086,10.30185836949051,0.0,-1,-0.0014878492312778713
604.0,0.45858389298712154,-0.0680889593577001,6.225627747665662,0.0,-1,0.0026490066225166586
605.6,0.4663798945415465,-0.020097652601091698,11.382089349101086,0.0,-1,0.0019815059445176253
606.8,0.5314129041069009,0.014978452321420921,14.834101628273999,0.0,-1,-0.00733355306526029
602.35,0.14881166688076064,-0.12254092830157315,-2.617573258986326,0.0,-1,0.0009960986137627081
602.95,-0.004889923972427823,-0.09208083971825388,-0.5779788319335921,0.0,-1,-0.0029023965502943394
601.2,-0.22716655906799588,-0.10478582493794067,-6.093494969759547,0.0,-1,0.004574184963406447
603.95,-0.09020766336016095,0.010724356923298081,3.0542504626702254,0.0,-1,-0.0005795181720341658
603.6,-0.04337757689279442,0.01918481446355487,1.8583013566387834,0.0,-1,0.0028992710404240896
605.35,0.12948559774861224,0.06401599636832053,7.216253414643916,0.0,-1,-0.004790616998430641
602.45,-0.03653994807643812,-0.03400318315224328,-2.514674817365517,0.0,-1,0.004481699726118338
605.15,0.10849227468406752,0.03700967986942079,5.342286165807664,0.0,-1,0.0
605.15,0.17196736317396244,0.03349492278643856,5.342286165807664,0.0,-1,0.0011567379988433046
605.85,0.24770762715434103,0.036411728922272374,7.383107348898932,0.0,-1,0.006849880333415825
610.0,0.6107687902150474,0.1331576306609929,17.243836752649486,-1.5748455682563645,-1,0.0
610.0,0.7414019725608796,0.08793027100227502,17.243836752649486,-0.5923251561578127,-1,-0.014098360655737774
601.4,0.028268399353692075,-0.20840110073497087,-7.76035626529945,0.0,-1,0.0024110409045561276
602.85,-0.20982075386268662,-0.14883008465044986,-3.9987680521654525,0.0,-1,-0.0032346354814630773
600.9,-0.4738802676489513,-0.13762986614557154,-8.078248933298035,0.0,-1,-0.0001664170411050936
600.8,-0.5747533355714722,-0.07950097802269751,-8.289018898547347,0.0,-1,0.0
600.8,-0.5772937582351005,-0.027347133562108605,-8.28901889854734,0.0,-1,0.0013315579227697327
601.6,-0.46378948971391765,0.028719044986358078,-5.531529129818104,0.0,-1,-0.0020777925531915153
600.35,-0.47255489797714745,0.006651212241042759,-8.90655590368852,0.0,-1,0.008161905555092774
605.25,-0.029224693944001956,0.14999380542472943,5.728460377419111,0.0,-1,0.0020652622883106098
606.5,0.29904246590115235,0.15942032175662796,8.640994920536848,0.0,-1,0.002802967848310134
608.2,0.5799225069986278,0.14676678761803447,12.380826997069263,0.0,-1,0.002384084182834423
609.65,0.7928689852974458,0.11990442197228413,15.350165786951692,0.0,-1,-0.005412941851882125
606.35,0.5582698090054237,-0.03823158477324595,4.476768138594188,0.0,-1,-0.0014842912509276385
605.45,0.3194477367757145,-0.09235121900098509,1.861881271777598,0.0,-1,-0.0017342472541086451
604.4,0.08591605592948781,-0.10862763328240393,-1.1760553792915758,0.0,-1,0.001323626737260275
605.2,0.02865721084560846,-0.0552954927887611,1.2418316625618218,0.0,-1,-0.0033046926635822427
603.2,-0.16902697926684596,-0.08432656096707183,-4.7029585896886275,0.0,-1,0.0050563660477451755
606.25,0.0003831739492170527,0.028361197416330395,4.283908491537424,0.0,-1,-0.0020618556701030855
605.0,-0.019110347271862338,0.0029558920650836693,0.5055410122643735,0.0,-1,-0.009421487603305856
599.3,-0.5022645789430271,-0.16006611320202707,-12.66204011659218,0.0,-1,-0.014934089771399872
590.35,-1.4478196465333895,-0.36854039359746316,-24.335608229177563,4.5575137218717146,-1,0.004065384941136507
592.75,-1.5999455431174283,-0.17355543006050067,-18.001076420633193,0.5162699760026044,-1,-0.007423028258118913
588.35,-1.90934636281645,-0.16098541658650745,-22.73407879806255,2.212159528753432,-1,0.0005948839976204212
588.7,-1.8757679090978172,-0.042468987622624965,-21.79549851380938,0.0,-1,0.001783590963138959
589.75,-1.615164689813696,0.07271141055383201,-18.834629408860827,0.0,-1,-0.001186943620178127
589.05,-1.4085993560205452,0.09309224811566086,-19.758459563470392,0.0,-1,0.0038197097020626902
591.3,-1.0004334094554679,0.16708606489357947,-13.080317164905232,0.0,-1,-0.004227972264502
588.8,-0.9213143187183732,0.08206838521022464,-16.982583143290896,0.0,-1,-0.0005095108695651884
588.5,-0.8299785801232247,0.05780137460179102,-17.44142500309278,0.0,-1,0.004757858963466255
591.3,-0.48181249581546126,0.13532248630318477,-8.946283211026355,0.0,-1,0.003128699475731578
593.15,-0.11341174567689905,0.16790774548058235,-3.956740045327777,0.0,-1,-0.00016859141869685068
593.05,0.07190627486545509,0.11774192200764551,-4.189631687629095,0.0,-1,-0.004215496163898491
590.55,-0.04976023776885086,-0.0013081968755534815,-9.83318615903567,0.0,-1,-0.0011006688680044174
589.9,-0.1606134742719405,-0.037387144459547716,-11.21356913268012,0.0,-1,-0.0005085607730123121
589.6,-0.22765563633413421,-0.034809768840580485,-11.885292095452805,0.0,-1,0.0006784260515604323
590.0,-0.20887208100407406,-0.005342071170173435,-10.337217502993234,0.0,-1,-0.014067796610169436
581.7,-0.8737409632553863,-0.2234036511404952,-24.845070235239692,0.0,-1,0.0035241533436478623
583.75,-0.9625303241097072,-0.10406433733160536,-18.01738987275615,0.0,-1,0.0004282655246252709
584.0,-0.9058808108610492,-0.015804941360982427,-17.186892667769413,0.0,-1,0.001712328767123239
585.0,-0.7187326533316991,0.05711440538945589,-13.728537089411716,0.0,-1,0.0
585.0,-0.5652641867893635,0.07019429064393046,-13.728537089411716,0.0,-1,0.0006837606837606369
585.4,-0.40809127128579803,0.07578906871583196,-12.148771644176975,0.0,-1,0.0018790570550051289
586.5,-0.20383054092678776,0.09334993302494743,-7.772820956884111,0.0,-1,-0.0004262574595055302
586.25,-0.10554763067011663,0.06387761442720619,-8.510525767231094,0.0,-1,0.008272921108742004
591.1,0.35655612701407335,0.17532712403713208,7.495531223825402,0.0,-1,0.003129758078159295
592.95,0.7120616619383782,0.17694421965381224,11.911552067231945,0.0,-1,-0.012058352306265396
585.8,0.23464262423897253,-0.1001582726818645,-7.1889324339580085,0.0,-1,-0.005889382041652347
582.35,-0.311120446630639,-0.2153071145171587,-13.265008230248895,0.0,-1,0.010646518416759454
588.55,-0.041408611512906646,0.018134906866857883,0.7050856937633654,0.0,-1,-0.0010194545917932007
587.95,0.046898023672042655,0.035480514017269066,-0.4709296417304998,0.0,-1,0.0017858661450802504
589.0,0.1746431726251103,0.054408554323445574,1.7069872482896926,0.0,-1,0.0
589.0,0.2239621493829418,0.03457584369375902,1.7069872482896926,0.0,-1,0.0006791171477078528
589.4,0.2632914586465631,0.02463505098579344,2.667591004775794,0.0,-1,-0.00882253138785194
584.2,-0.17231817494223378,-0.1369915275343345,-9.087307541061065,0.0,-1,0.0055631633002395375
587.45,-0.10492981049139871,-0.023201054361166484,-1.158138572016611,0.0,-1,0.0016171589071409809
588.4,0.016675189274906188,0.03280131513504614,0.9784374821590447,0.0,-1,-0.0032290958531611125
586.5,-0.08224524328147709,-0.022039705807112377,-3.351018012677045,0.0,-1,-0.019266837169650386
575.2,-1.0665183559528941,-0.3354376061595098,-20.120073891261647,3.9414389278572344,-1,0.005650208623087627
578.45,-1.198945049292547,-0.15595476649972095,-12.894960041924527,0.0,-1,0.000518627366237201
578.75,-1.1402463085213412,-0.03241867524283837,-12.237229564623426,0.0,-1,-0.0019870410367169855
577.6,-1.111709745758958,-0.0012940374934851118,-13.847520277140234,0.0,-1,0.00034626038781149227
577.8,-0.9881323188978968,0.04076112978919211,-13.325712949534164,0.0,-1,0.0024229837313951563
579.2,-0.7273325788925149,0.10052028993152462,-9.540960279396344,0.0,-1,0.000258977900552404
579.35,-0.523821660648764,0.10134373605842517,-9.120316106106308,0.0,-1,0.0025028048675237446
580.8,-0.2575810631394688,0.12252811118924012,-4.950606887633505,0.0,-1,-0.00025826446280985405
580.65,-0.11549567578992992,0.08820449951292636,-5.31287671796008,0.0,-1,-0.004736071643847373
577.9,-0.2639950091326,-0.020098277943247894,-11.602754649975239,0.0,-1,-0.06739920401453525
538.95,-3.5620784250428414,-1.10606056461783,-38.05719198382001,19.845901657860395,-1,-0.04174784302811019
516.45,-6.789280264244439,-1.444420801273143,-41.71910652345534,24.849697204541826,1,-0.00203311065930889
515.4,-7.924607828491503,-0.8599161218400688,-41.84870286736201,13.3114173130283,1,0.0011641443538998875
516.0,-7.7818876249074265,-0.2390653060853305,-40.94502439343769,2.9009034201952772,1,-0.04641472868217056
492.05,-9.057870221039707,-0.5050159674058712,-43.6959212080509,12.170728162539547,1,0.0058937099888223266
494.95,-8.699372334019301,-0.048839360128487996,-40.01666602585973,0.0,1,-0.005859177694716555
492.05,-8.036842362674065,0.20456353707225006,-40.43403991826461,0.0,1,-0.00792602377807139
488.15,-7.360840513445339,0.29352179543365864,-40.99649200688715,0.0,1,-0.007579637406534889
484.45,-6.717769546043883,0.31219758761170535,-41.52196087805691,0.0,1,0.018990607905872592
493.65,-5.069753266839427,0.6534046222720535,-28.813840412839927,0.0,1,-0.001316722374151702
493.0,-3.8774323550006216,0.6152418447036201,-29.042286084627406,0.0,1,-0.010040567951318469
488.05,-3.3706525361645276,0.3740072211799048,-30.794568478334,0.0,1,-0.006454256735990205
484.9,-3.098874915399449,0.215261613981661,-31.86658769726583,0.0,1,0.002680965147453085
486.2,-2.5964131954002596,0.23924111132695014,-29.823442439921937,0.0,1,-0.004627725215960554
483.95,-2.31631456911731,0.17311324586996646,-30.747453952372496,0.0,1,0.004132658332472339
485.95,-1.816572375216083,0.22428514659039767,-27.253220841595603,0.0,1,0.006070583393353202
488.9,-1.169486913664116,0.2904568693807883,-22.13720523309303,0.0,1,-0.00419308652076078
486.85,-0.9193202734161332,0.1802078365429236,-23.492617602463994,0.0,1,-0.013043031734620514
480.5,-1.2467935971740758,-0.04908849573833973,-27.294173933078557,0.0,1,0.0016649323621227285
481.3,-1.2399641259552254,-0.014086341506496458,-25.772986448653903,0.0,1,0.0007271971743194605
481.65,-1.104052379849577,0.04060846819971742,-25.054942825127792,0.0,1,-0.0025952455102252747
480.4,-1.048258808475964,0.03213401319111009,-25.958984985187143,0.0,1,-0.00041631973355538143
480.2,-0.9496737887494646,0.04357301097253652,-26.11288735646976,0.0,1,0.004997917534360852
482.6,-0.6212417964904375,0.12400166774385457,-20.127152784051482,0.0,1,0.0005180273518441414
482.85,-0.3844223173200021,0.12027371563809663,-19.49460028422434,0.0,1,0.00786993890442167
486.65,0.08268928204182657,0.19579510499997513,-10.307420754292089,0.0,1,-0.0014384054248433031
485.95,0.25102097488593245,0.12137559928136035,-11.35314513135112,0.0,1,-0.0031896285626092924
484.4,0.18510174006746638,0.018485454820964753,-13.705688419791976,0.0,1,-0.002477291494632494
483.2,0.036716977652645255,-0.04329976919795213,-15.511627935079751,0.0,1,-0.00020695364238398906
483.1,-0.048868485025820974,-0.042961743958806115,-15.669795443463947,0.0,1,0.00010349824052990897
483.15,-0.08342217594622525,-0.025838478293070136,-15.502904553307694,0.0,1,0.0003104625892580426
483.3,-0.08124717341092946,-0.007887825252591449,-14.952676455368199,0.0,1,0.033209186840471805
499.35,1.2641109256409777,0.44582342459977187,17.50210562113135,-6.362931431473385,1,0.002002603384399615
500.35,1.9147807313634644,0.3654977434407529,18.588657816454443,-4.088781142940263,1,0.0007994403917257475
500.75,2.113883906611136,0.1882003062294748,19.048589468494313,-1.6768667743929768,1,0.0056914628057913585
503.6,2.274778502017398,0.11636496721191225,22.263711820110444,-1.4654650833884943,1,0.0017871326449563352
504.5,2.240660924552401,0.027415796582304974,23.239090088084453,0.0,1,0.009514370664023719
509.3,2.4368803921072413,0.07454508804571525,27.85411450047907,-0.8384516846842303,1,-0.0019634792852935012
508.3,2.248583426542325,-0.03791729250640019,24.865491992987813,0.0,1,0.006688963210702337
511.7,2.25038632488139,-0.012038131389111584,28.0488352468131,0.0,1,0.009673636896619042
516.65,2.4762555803108057,0.07127704134676804,31.78143212938896,0.0,1,0.0035807606696991456
518.5,2.537002242999563,0.04400790134517507,32.98303160972986,0.0,1,-0.004243008678881499
516.3,2.172625387427388,-0.1067896514090001,26.330991719448946,0.0,1,0.006585318613209656
519.7,2.092718177355664,-0.062232287160241206,29.1948419039647,0.0,1,-0.0029824898980181924
518.15,1.7492047242067201,-0.13524858010306162,24.621392743205007,0.0,1,0.002991411753353379
519.7,1.5608476039484458,-0.10786856678711199,26.151644501181224,0.0,1,0.011833750240523244
525.85,1.8490984101568984,0.060127413140446784,31.159833836973476,0.0,1,-0.004468955025197396
523.5,1.643298945748029,-0.04855735042280762,24.515953493152594,0.0,1,0.0012416427889205828
524.15,1.4576243013979138,-0.07807733159097419,25.141358043960764,0.0,1,0.0006677477821235289
524.5,1.2724849541064032,-0.08773889296082826,25.501067608415724,0.0,1,-0.0028598665395614953
523.0,0.9488748676184287,-0.13711632648293426,20.6339820333244,0.0,1,-0.0020076481835563653
521.95,0.6204969187396046,-0.15516475845391942,17.261586341070696,0.0,1,9.579461634245945e-05
522.0,0.40876653440511745,-0.12229838092946888,17.34408083136853,0.0,1,-0.007854406130268221
517.9,-0.07282920229579304,-0.20129803921012648,4.7698787858478795,0.0,1,-0.0063718864645683215
514.6,-0.5825579704550137,-0.23700893578978244,-3.0670582115092486,0.0,1,0.0007773027594246695
515.0,-0.7555425236633937,-0.13666449633272082,-2.0637291550223082,0.0,1,-0.0006796116504854677
514.65,-0.808239589962227,-0.06312052087718467,-2.928971191333332,0.0,1,-0.00301175556203237
513.1,-0.896401490614835,-0.05042747384326418,-6.7686370918278485,0.0,1,0.0027285129604364133
514.5,-0.7491156500565239,0.032286122238348924,-2.4729827648226035,0.0,1,0.0007774538386782215
514.9,-0.579713092272641,0.06722956000741065,-1.242043166857819,0.0,1,-0.009613517187803455
509.95,-0.859202389024631,-0.0707532455815264,-13.133511059490978,0.0,1,-0.0014707324247474896
509.2,-0.989846838315259,-0.06713256495738484,-14.587496811304348,0.0,1,0.006775333857030663
512.65,-0.6851818264342455,0.07917748230787625,-3.7522181493966684,0.0,1,-0.00458402418804249
510.3,-0.6715841682909058,0.030925046817071977,-8.962687026077475,0.0,1,0.007936507936507908
514.35,-0.27131999186167377,0.14372974108210135,1.5005757577588028,0.0,1,-0.004957713619130999
511.8,-0.2610779043252478,0.05132394287284242,-4.186930696839028,0.0,1,0.0003907776475184921
512.0,-0.21753370186320353,0.031622715111628896,-3.6704049243322245,0.0,1,0.006152343749999956
515.15,0.08486620785640753,0.11134087494374667,4.00264996152643,0.0,1,0.0
515.15,0.22899397872811278,0.0851562152718173,4.00264996152643,0.0,1,-0.0018441230709500545
514.2,0.20280836593667573,0.019656867493460073,1.2733387235116211,0.0,1,0.0021392454297937125
515.3,0.2644815290461793,0.027110010200987883,4.24823877537105,0.0,1,0.0006792159906849893
515.65,0.3024446498470752,0.02169104366729463,5.214895259563491,0.0,1,0.006108794725104172
518.8,0.5587224894269411,0.09265629441572021,13.026717623268112,0.0,1,-0.0013492675404779275
518.1,0.5819678684313203,0.03863389114003313,10.424309316414217,0.0,1,-0.0007720517274657501
517.7,0.5117599022308923,-0.01052469168679826,8.880680044113213,0.0,1,0.0025111068186207675
519.0,0.5423425939447952,0.006686000009034854,12.353606156507226,0.0,1,-0.003468208092485492
517.2,0.3624387236396842,-0.05773929009869205,5.1832089396096634,0.0,1,-0.0007733952049499004
516.8,0.20895022818376674,-0.07040926185153651,3.6595981752803084,0.0,1,-0.0006772445820432127
516.45,0.08562679477392976,-0.0645775650871245,2.256862143756436,0.0,1,-0.003872591732016706
514.45,-0.14983715482890148,-0.10001383822998525,-5.181910979614791,0.0,1,9.719117504114472e-05
514.5,-0.25091603339456015,-0.06703090559854796,-4.964571645537745,0.0,1,-0.008454810495626908
510.15,-0.6430458032278921,-0.1530535584772933,-17.38291129090632,0.0,1,-0.001764187003822415
509.25,-0.8605235378755651,-0.12351043104165549,-19.32725324744695,0.0,1,-0.008443789887088826
504.95,-1.255885443709758,-0.1729574456252827,-26.700483529136683,2.6023531862188065,1,-0.005050004950985287
502.4,-1.561409276317704,-0.15949375941107635,-29.886335206503755,2.6907497050568736,1,0.006369426751592355
505.6,-1.3173870862618742,0.028176143548251265,-17.094500057310306,0.0,1,-0.002768987341772222
504.2,-1.2022604007121345,0.04776760969933025,-19.47085112091059,0.0,1,-0.00039666798889326227
504.0,-1.0611753578779144,0.06295088417785011,-19.816843247839376,0.0,1,0.008234126984126844
508.15,-0.5563682233043323,0.1892526729171441,-5.353407461193619,0.0,1,-0.0036406572862343056
506.3,-0.41176730407551076,0.11128453071532185,-9.50828785619607,0.0,1,-0.0013825794983211015
505.6,-0.3634862357881161,0.05318853300090548,-11.03287540953611,0.0,1,0.025909810126582222
518.7,0.7826114846712358,0.39976208448675254,15.768009309429203,0.0,1,-0.021206863312126623
507.7,0.37377605451166573,-0.0030244485576058078,-3.3460396954827516,0.0,1,0.0005909001378767709
508.0,0.16321033488924286,-0.07119672272667624,-2.8803268793140475,0.0,1,-0.00275590551181093
506.6,-0.0723400528294178,-0.10224903681511233,-4.920915070147046,0.0,1,0.004243979470982984
508.75,-0.004920242286289067,-0.011609742090661204,-1.1417440213426602,0.0,1,-0.00029484029484028174
508.6,0.016699683175829705,0.0033367277904858567,-1.4009807777092291,0.0,1,-0.008454581203303224
504.3,-0.332215327691074,-0.11519276102547263,-8.426935468624883,0.0,1,0.00019829466587339972
504.4,-0.47065488915035303,-0.08454410749491725,-8.209484858373564,0.0,1,9.912767644726372e-05
504.45,-0.4964867624507292,-0.03679199359843116,-8.089376913509,0.0,1,-0.005947071067499254
501.45,-0.7180288022300374,-0.08611134445924651,-13.157383662466621,0.0,1,-0.0014956625785222943
500.7,-0.8314640886005122,-0.06651554360990708,-14.35471048767154,0.0,1,-0.013381266227281752
494.0,-1.3772263910690299,-0.20409261535947487,-23.048607447808656,2.2243671259785742,1,0.007692307692307665
497.8,-1.2186720097141688,-0.015179411334871329,-13.316720813015642,0.0,1,0.00030132583366815346
497.95,-1.025338818227226,0.0593845933840238,-12.948898233056042,0.0,1,-0.004116879204739465
495.9,-1.0140606542981914,0.023554252437686163,-15.95239158950131,0.0,1,-0.004940512200040326
493.45,-1.1280831844754857,-0.030156092579869398,-19.26127257406445,0.0,1,0.0031411490525889985
495.0,-0.9619208508578367,0.04533541367925986,-14.832241984015972,0.0,1,-0.0021212121212121904
493.95,-0.8861796131441793,0.04035888379763908,-16.44720296653167,0.0,1,-0.0020244964065189164
492.95,-0.8577940265253119,0.022914823472168777,-18.00211838683149,0.0,1,-0.006998681407850649
489.5,-1.059618397672125,-0.05963651589154806,-22.828939614969794,0.0,1,0.0012257405515831987
490.1,-1.0222290501062048,-0.00741572277520941,-20.766148776762726,0.0,1,-0.0027545398898184414
488.75,-1.030848622147687,-0.0053450982722305085,-22.6992965492211,0.0,1,0.0008184143222504936
489.15,-0.9159210229894938,0.036527500295320814,-21.150338328598174,0.0,1,-0.004395379740365857
487.0,-0.9612971381612851,-0.002949538292156828,-24.406960141774963,0.0,1,0.0014373716632443134
487.7,-0.845543767567051,0.03760127743402575,-21.48768578790018,0.0,1,-0.00861185154808286
483.5,-1.0672051016393311,-0.0613533522127514,-27.39914783239176,0.0,1,0.00041365046535668526
483.7,-1.0724353435388707,-0.02219453137076366,-26.559303861698634,0.0,1,0.0024808765763904006
484.9,-0.8856808525270594,0.05485331988034925,-21.394698580984173,0.0,1,-0.00381521963291398
483.05,-0.8726635359772104,0.02262354547673273,-24.35777491683217,0.0,1,-0.0003105268605735345
482.9,-0.805932916370864,0.02978472169435975,-24.594854967549768,0.0,1,-0.000310623317457015
482.75,-0.717906530203436,0.039270369287262574,-24.853187874599975,0.0,1,0.0003107198342826578
482.9,-0.6015677929361232,0.051869702184858424,-24.016917831665012,0.0,1,-0.005901843031683507
480.05,-0.7307677748911487,-0.025776759923389014,-28.97564312864838,0.0,1,0.004478700135402525
482.2,-0.5553037846277107,0.049895743446683016,-18.084386267106943,0.0,1,0.0023849025300706206
483.35,-0.32546314077700345,0.09324546243246346,-12.9269004654969,0.0,1,0.0034136753905036343
485.0,-0.045920890453544416,0.12426257091864085,-6.146479768415389,0.0,1,0.0036082474226803996
486.75,0.24351030891267555,0.13789792342828694,0.17965740800738672,0.0,1,0.004006163328197143
488.7,0.5304333828530616,0.14160699912289104,6.278718810654858,0.0,1,0.0036832412523020164
490.5,0.7796921379188575,0.13028858472956228,11.155978359838102,0.0,1,-0.009480122324158957
485.85,0.45184717062517166,-0.06585212752137448,-3.67672165726205,0.0,1,-0.00123494905835142
485.25,0.2002707560928343,-0.10580951401790395,-5.233373366229571,0.0,1,0.010819165378670892
490.5,0.49529331915232433,0.06307101634719536,8.368052442548546,0.0,1,-0.002854230377166145
489.1,0.484863490752673,0.017547062649181322,4.398887818574963,0.0,1,-0.007871600899611586
485.25,0.11840995232347495,-0.11630215859333892,-4.95979007220582,0.0,1,0.007315816589386959
488.8,0.2211490204152824,-0.00452103016717717,3.2757475429200724,0.0,1,0.0002045826513910054
488.9,0.26242280275988605,0.012250917392475524,3.4938629252582203,0.0,1,-0.0007158928206176807
488.55,0.23202446036884794,-0.00604914166618753,2.5400570184502484,0.0,1,-0.002251560740968217
487.45,0.10582325080923738,-0.04408345040859937,-0.5395562822934394,0.0,1,0.0029746640681094227
488.9,0.1547373751287182,0.0016102246369604778,3.4562110263424017,0.0,1,-0.0026590304765800044
487.6,0.05796632269442625,-0.03172027593244384,-0.4465795077843424,0.0,1,0.0003076292042656359
487.75,0.017250269586043032,-0.02414544301360902,0.02122891905210622,0.0,1,0.003075345976422339
489.25,0.12045472056632889,0.026353002655558955,4.689856625711798,0.0,1,0.0014307613694430898
489.95,0.22035238600932416,0.04208355603285141,6.783108401229988,0.0,1,-0.007653842228798835
486.2,-0.06056148010333118,-0.07961010335993465,-5.463876064411508,0.0,1,-0.002365281777046424
485.05,-0.2918049564843841,-0.10361785991366251,-8.512810480433608,0.0,1,0.00030924646943608636
485.2,-0.3706096149678615,-0.06080750613237995,-7.937966715763281,0.0,1,-0.001442704039571252
484.5,-0.43746114296226324,-0.04255301137559392,-9.97676976766894,0.0,1,-0.00041279669762639415
484.3,-0.45109847837932193,-0.01873011559755089,-10.583303118704215,0.0,1,-0.001755110468717791
483.45,-0.4911589395562146,-0.019596858924814498,-13.215700553526858,0.0,1,-0.0025855827903609185
482.2,-0.5744259251816288,-0.03428794818340963,-16.83481437226996,0.0,1,0.008917461634176727
486.5,-0.2098572575625326,0.11009357314522888,1.4302605835008109,0.0,1,-0.0007194244604317168
486.15,-0.03925148562279901,0.09356644836165418,0.18977689742991544,0.0,1,0.005450992492029183
488.8,0.2701556908156135,0.13432454160002225,8.591962977095015,0.0,1,0.0023527004909982274
489.95,0.4981796381335357,0.1207828296393148,11.706598355710938,0.0,1,0.003061536891519445
491.45,0.6956766419480687,0.1060932778179493,15.470699299694786,0.0,1,-0.003357411740767091
489.8,0.5989520903596599,0.0031229087431802194,8.44867741322296,0.0,1,0.0007145773785217635
490.15,0.5298438070354905,-0.02199512486032973,9.473148382220167,0.0,1,0.009996939712332953
495.05,0.8594693481204558,0.10254347207487857,20.70766372088852,-1.2329920761139874,1,-0.0034339965660034055
493.35,0.8109930063195065,0.018022376757976466,13.881212975154845,0.0,1,0.002331002331002363
494.5,0.8150054182257804,0.007344929554750079,16.324890525416336,0.0,1,0.001921132457027186
495.45,0.8282611726600635,0.006866894663011047,18.29385311581963,0.0,1,-0.004541326067211582
493.2,0.5783672854889232,-0.08100899750270973,9.186948251451277,0.0,1,-0.006690997566910051
489.9,0.13022306811257067,-0.17638440495968744,-1.3788701609628333,0.0,1,0.0002041232904674839
490.0,-0.09636762958496092,-0.13432503421907302,-1.0718953639148978,0.0,1,0.004285714285714226
492.1,-0.02663234263496861,-0.021529915756360245,5.176906860042465,0.0,1,-0.0034545824019509563
490.4,-0.1312120039403908,-0.04203652568726082,-0.2934486770154692,0.0,1,0.0036704730831973453
492.2,-0.022567500931415907,0.022202659107238024,4.959925956635971,0.0,1,0.001726940268183652
493.05,0.10446870898402949,0.04974628967422782,7.30014887432371,0.0,1,0.0014197343068653723
493.75,0.21761442152637755,0.05429733407219198,9.238126990952686,0.0,1,0.0030379746835442756
495.25,0.38105274267036293,0.0725785517387258,13.21336619368109,0.0,1,-0.0013124684502775485
494.6,0.376850841353189,0.022792216807183963,10.378260089597859,0.0,1,-0.0004043671653862768
494.4,0.3266789872484992,-0.00912654576583527,9.466445557620148,0.0,1,0.001820388349514701
495.3,0.34936981125872535,0.004521426081463609,12.312195637612291,0.0,1,-0.004542701393095094
493.05,0.1441010723256113,-0.06691577095055015,2.1432159548233827,0.0,1,-0.0034479261738160627
491.35,-0.11220838650143605,-0.1077417432591992,-4.1397491163909805,0.0,1,0.0018316882059630224
492.25,-0.15601241703978985,-0.05051525793251768,-0.5563620154629092,0.0,1,-0.002539360081259545
491.0,-0.26908006422235076,-0.05452763503835953,-5.138577625037591,0.0,1,-0.0018329938900203402
490.1,-0.3781905491284192,-0.054546039981476,-8.235048974225485,0.0,1,-0.0053050397877985045
487.5,-0.6178965791540918,-0.0980840233357162,-15.810023235500289,0.5947043148500484,1,-0.002974358974358937
486.05,-0.8070915459040862,-0.09575966336190356,-19.2643522475105,0.8792966220242988,1,0.005452113980043194
488.7,-0.6135980671203924,0.03257793847393009,-7.472988497825419,0.0,1,0.0034786167382852007
490.4,-0.3240514888018424,0.10737483893082672,-1.2537087182387907,0.0,1,-0.003058727569331121
488.9,-0.27727390890908055,0.051384139607862866,-5.929198296138814,0.0,1,0.0019431376559624347
489.85,-0.15161229322029612,0.059015251765549115,-2.3929084153699876,0.0,1,0.001326936817392932
490.5,-0.02198046094088113,0.06288236134832138,0.010012799208581669,0.0,1,-0.00020387359836904206
490.4,0.03633382694391685,0.040398883077706456,-0.3790113583634849,0.0,1,-0.006525285481239762
487.2,-0.20420351469238085,-0.06671281951953043,-11.129868364906812,0.0,1,-0.0020525451559934016
486.2,-0.3907885592861362,-0.08443262137109525,-13.849438318403472,0.0,1,-0.004113533525298196
484.2,-0.6181820349758596,-0.10394203235360622,-18.713787085388827,0.0,1,-0.005059892606360972
481.75,-0.8845302699060653,-0.12343008909460396,-23.55681525097422,0.9289800322683845,1,-0.005500778412039442
479.1,-1.1648268648789895,-0.1345755613558428,-27.704602708717783,1.7441786727583803,1,0.0008348987685242726
479.5,-1.174572923625533,-0.04810720670079549,-25.71281192451005,0.0037675607226219654,1,0.004171011470281538
481.5,-0.9148982093633435,0.07052250252046466,-16.274945080529,0.0,1,-0.0032191069574247777
479.95,-0.8379860014519522,0.049144903477285284,-19.544097275461393,0.0,1,-0.014480675070319804
473.0,-1.3088643973752596,-0.1405778308153407,-29.462483199935335,2.5312606689504378,1,0.0010570824524311906
473.5,-1.3935648955556985,-0.07509277633192646,-27.446377375137487,0.16175873226450221,1,-0.00855332629355865
469.45,-1.657284736682925,-0.11293753915305094,-31.63903346620259,1.557900668262107,1,0.004153796996485326
471.4,-1.4885375958563145,0.01860320055785314,-24.25434960343508,0.0,1,-0.0006364022061942087
471.1,-1.3051192257882462,0.06734052354197373,-24.646378597626878,0.0,1,0.0002122691572914448
471.2,-1.0963167719385751,0.09204765913054835,-24.22776154035421,0.0,1,-0.003607809847198662
469.5,-1.0422224806854956,0.048713983461209365,-26.69629780077254,0.0,1,0.0031948881789136685
471.0,-0.8033234616685263,0.0958710008260596,-20.112414539213034,0.0,1,-0.0020169851380041903
470.05,-0.6960969970210158,0.06769915515785674,-21.815024684005806,0.0,1,0.002127433251781774
471.05,-0.5011423482787905,0.08755126796669399,-17.329011850236412,0.0,1,-0.008810105084386066
466.9,-0.7077364948844433,-0.03968095954631967,-24.6350873515592,0.0,1,-0.0016063396872991742
466.15,-0.8145555269469469,-0.048833330536274366,-25.72514432973651,0.0,1,-0.010189853051592812
461.4,-1.1959187490659247,-0.14339885088508408,-31.36168168727969,0.0,1,0.010186389250108396
466.1,-0.8952737977032257,0.05241536682587167,-14.815543736782587,0.0,1,-0.0026818279339198003
464.85,-0.7745118388799597,0.05772577521637923,-16.810126090320573,0.0,1,0.0012907389480476539
465.45,-0.5995882062283613,0.0775498026226592,-14.849448681940757,0.0,1,-0.00021484584810393947
465.35,-0.4704940393835386,0.06888132315582729,-15.039446404206181,0.0,1,-0.009132910712366993
461.1,-0.7209057860125085,-0.06051014115771425,-22.1484931618336,0.0,1,0.0019518542615484247
462.0,-0.7110361771593148,-0.01688017743484016,-18.85411073033089,0.0,1,0.021753246753246858
472.05,0.1906516420305593,0.2949358805850113,6.04691195623608,0.0,1,-0.005401970130282874
469.5,0.4131079147896344,0.1724640511146955,0.8612310748906751,0.0,1,0.005431309904153414
472.05,0.7024103916033937,0.15392217597615165,5.441989417851254,0.0,1,0.0032835504713484287
473.6,0.917694097376625,0.12306862724979428,8.081182365701743,0.0,1,-0.003272804054054057
472.05,0.8196947754818211,0.008356435118330174,4.494789827376152,0.0,1,-0.0012710517953606892
471.45,0.6523872165776652,-0.052983707928608625,3.084946667287234,0.0,1,0.0010605578534308435
471.95,0.5560345024107392,-0.04977880736517826,4.182494619387626,0.0,1,-0.02468481830702396
460.3,-0.5093113965402836,-0.37170823543873377,-16.2551898543812,0.0,1,0.0005431240495328282
460.55,-0.9787083963041141,-0.28036841173418814,-15.66461403218338,0.0,1,0.001085658451851046
461.05,-1.0901811964939725,-0.1306137373080155,-14.389185356215293,0.0,1,-0.0017351697212883987
460.25,-1.1217358302144476,-0.05405612367616364,-15.57779947523445,0.0,1,0.0029331884845194
461.6,-0.9315351612234508,0.04538151510494437,-11.71542840066789,0.0,1,0.007690641247833474
465.15,-0.46297356329267814,0.17131437101190572,-2.6542859269441266,0.0,1,0.0007524454477050302
465.5,-0.16094496738622865,0.15778098897278509,-1.8208146665738312,0.0,1,0.027175080558539122
478.15,1.0576480778491941,0.4587913447360694,18.318441072021074,-0.5465636639023614,1,0.005019345393705077
480.55,1.778807260646147,0.3933168425110074,20.717421493982272,-0.5765232568225542,1,0.00041618978254076566
480.75,2.00781958032411,0.20744305406299013,20.921299976342425,0.0,1,0.0006240249609985593
481.05,1.9800074418027407,0.05987697184720697,21.25486095484672,0.0,1,0.003429996881820996
482.7,1.9386007523918352,0.006156760812100481,23.137904328076445,0.0,1,-0.00041433602651752555
482.5,1.7396806783204397,-0.06425443775309825,22.49827681565749,0.0,1,0.0010362694300518616
483.0,1.5369139180913294,-0.0890070659940696,23.150532393389796,0.0,1,0.01625258799171858
490.85,1.9616210448024844,0.11190002023902856,31.008040191935677,0.0,1,0.0031577875114596754
492.4,2.139672854424532,0.0966506099536919,32.15385168002469,0.0,1,0.008123476848090894
496.4,2.38372602136684,0.11356792563200013,34.785804841455715,0.0,1,0.00030217566478651925
496.55,2.319608769724084,0.016483557996414877,34.87872518840231,0.0,1,-0.0028194542342161455
495.15,1.9775827464257532,-0.10851415510063855,29.822992404476466,0.0,1,0.005755831566192082
498.0,1.8792711725744198,-0.06894190965065738,32.2186478764538,0.0,1,-0.002008032128514081
497.0,1.5901761212675183,-0.1193456536525197,28.58118309643433,0.0,1,0.004929577464788615
499.45,1.5172805855084448,-0.06408039647053099,30.883477859706616,0.0,1,0.002302532786064848
500.6,1.4502261021698928,-0.04371162660302774,31.898264870729548,0.0,1,0.004794246903715438
503.0,1.4958466853198047,0.0006363188489613147,33.882261837184885,0.0,1,0.001093439363817117
503.55,1.4398364197847968,-0.018457982228682113,34.319864099629655,0.0,1,-0.00774501042597564
499.65,0.966844918701895,-0.1638164944371947,19.461273635560232,0.0,1,-0.003402381667166998
497.95,0.5081120916019017,-0.20751644051239604,13.99912451191895,0.0,1,0.0005020584396022709
498.2,0.2572363370850894,-0.1527973983430695,14.455831594090682,0.0,1,-0.013950220794861523
491.25,-0.4688045682637494,-0.29294610123063614,-3.6907467607745517,0.0,1,0.0031552162849872722
492.8,-0.6635913069162029,-0.16257761329436327,-0.18929602293855652,0.0,1,0.0005073051948052409
493.05,-0.684852067332713,-0.061279457903624435,0.3905052720644804,0.0,1,0.010850826488185694
498.4,-0.1925781085965923,0.1436648336108321,11.081061988239881,0.0,1,-0.006019261637239204
495.4,-0.1803929535121256,0.05194999623176627,3.850820450784788,0.0,1,-0.004844570044408525
493.0,-0.35926762984394145,-0.04230822670001655,-1.2758774951652825,0.0,1,-0.0034482758620689724
491.3,-0.5604326655228533,-0.08115775412630949,-4.672173040885696,0.0,1,0.009668227152452635
496.05,-0.21847912790201462,0.08693192783150977,5.054233518903338,0.0,1,0.005846184860397008
498.95,0.2123709015668851,0.1725939857668032,9.89432720478316,0.0,1,-0.00350736546748176
497.2,0.2642650078374231,0.07482936401244711,5.860932710251319,0.0,1,-0.006134352373290408
494.15,0.01402331031954418,-0.058470777835143956,-0.5833894820184398,0.0,1,-0.0006071031063441534
493.85,-0.13726614763271527,-0.06992007859580114,-1.1986790419777762,0.0,1,-0.0007087172218285254
493.5,-0.23063869763939238,-0.054430876200826095,-1.973834458383486,0.0,1,-0.002228976697061902
492.4,-0.34977174783944065,-0.05785464213362479,-4.497735651188798,0.0,1,0.007209585702680821
495.95,-0.08435729395284852,0.0691866039176558,4.143711778267942,0.0,1,-0.005948180260106795
493.0,-0.19045362584682834,-0.012303242658774666,-2.7709146640278988,0.0,1,-0.0040567951318458695
491.0,-0.39429732297321607,-0.07204897992838749,-6.9157275656433015,0.0,1,-0.00040733197556008793
490.8,-0.48002772795535975,-0.05259312830351037,-7.33178886614251,0.0,1,-0.006010594947025272
487.85,-0.7287239531167984,-0.1004297844883163,-13.161998038709875,0.23960301406106055,1,0.004304601824331122
489.95,-0.6173450696044824,0.003649699674666551,-7.001436876036088,0.0,1,0.002041024594346297
490.95,-0.4268768720478988,0.06470596574375004,-4.204161390374736,0.0,1,-0.0009165902841429263
490.5,-0.3335697005989573,0.052671045730897204,-5.300937186673288,0.0,1,-0.0033639143730885834
488.85,-0.3966186398245668,-0.0034592978315707845,-9.274559228477905,0.0,1,0.0002045617265009625
488.95,-0.3867582227853177,0.002133706402559443,-8.921832855502295,0.0,1,0.0006135596686778211
489.25,-0.32459816236689676,0.021431255606993438,-7.775807131565045,0.0,1,0.002963719979560464
490.7,-0.14563495196046006,0.06679815533781006,-2.3116773951609417,0.0,1,0.011616058691664932
496.4,0.43098289923943867,0.21447200217923626,12.980513615379728,0.0,1,0.0007050765511684709
496.75,0.7125432499027511,0.16534411761418288,13.704408692618372,0.0,1,0.0020130850528434774
497.75,0.8772781544091686,0.11002634070686679,15.825856351341983,0.0,1,0.0044198895027625085
499.95,1.0698724271283027,0.10087353780866692,20.098111950444235,-0.6265712762457838,1,-0.007300730073007244
496.3,0.7728468612271513,-0.06538400936416144,6.96923325800023,0.0,1,0.004231311706629048
498.4,0.7349301731743481,-0.03443356580565493,11.570429594813668,0.0,1,0.0012038523274477964
499.0,0.7047276480500386,-0.02154536364332149,12.832109089368693,0.0,1,-0.00030060120240471555
498.85,0.6183990814837443,-0.035957976736538555,12.264276958383569,0.0,1,0.004309912799438598
501.0,0.7028682080769499,0.016170383285555645,17.012130224816914,0.0,1,0.006586826347305452
504.3,0.9615304207004556,0.09161086530302043,22.839972489967323,0.0,1,0.006742018639698477
507.7,1.2940673252871875,0.14138258996325082,27.408892083947592,-1.0564114396556192,1,-0.003545400827260181
505.9,1.202496833806606,0.016604032827556514,20.438685776204807,0.0,1,0.0002965012848390458
506.05,1.0690035185824058,-0.03896309413221455,20.683112611296266,0.0,1,-0.0006916312617331055
505.7,0.8840065677551365,-0.07465334831982795,19.199694424618457,0.0,1,-0.003163931184496649
504.1,0.5845075450286004,-0.12471745701545467,12.53360926113102,0.0,1,0.001785360047609652
505.0,0.46104907157962316,-0.08272531015481066,14.661248080778392,0.0,1,0.004950495049504955
507.5,0.5692324122234709,0.008486010163012314,19.931411466481137,0.0,1,0.0019704433497536034
508.5,0.6592213815267769,0.03282499315543941,21.80050762414163,0.0,1,0.0038348082595869304
510.45,0.8117807510512307,0.06179478755996437,25.147677030672696,0.0,1,0.0012733862278382357
511.1,0.8745787065591344,0.04153091435595602,26.194215360256962,0.0,1,-0.0023478771277637422
509.9,0.7330961254331783,-0.03331722225666667,20.13587395821952,0.0,1,-0.00431457148460479
507.7,0.41793015775078857,-0.11616106331301879,10.359529146744137,0.0,1,-0.00137876698837891
507.0,0.16718632743032913,-0.12230163121115945,7.5247210235951485,0.0,1,0.00591715976331364
510.0,0.2778822183175862,-0.0038685801079674786,15.287897371750972,0.0,1,0.0039215686274509665
512.0,0.4767399789014348,0.0649963934919604,19.427010952324423,0.0,1,0.00439453125
514.25,0.7239405276181969,0.10406564740290747,23.39284768970687,0.0,1,0.0027224112785608767
515.65,0.9038790913417074,0.09466807037547265,25.58262019044662,0.0,1,0.0013575099389120382
516.35,0.9768584489250998,0.05588247598628837,26.65022564690041,0.0,1,-0.003098673380458994
514.75,0.798609923639674,-0.04078868309971251,18.98943256459772,0.0,1,0.00048567265662935455
515.0,0.6637681673603311,-0.05854347979301844,19.518336113398576,0.0,1,-0.0036893203883494596
513.1,0.38269994194058654,-0.11320390173758765,10.766448968117139,0.0,1,0.0015591502631064902
513.9,0.27694083406902337,-0.07298766986971694,12.948676080946008,0.0,1,0.0009729519361743044
514.4,0.2426495439608516,-0.035759653325962926,14.326597256172136,0.0,1,0.0008748055987559678
514.85,0.24278310357669852,-0.011875364570038682,15.605704792958235,0.0,1,-0.00330193260172873
513.15,0.0809512914198649,-0.05790239224229077,7.023303923981885,0.0,1,0.0005846243788367733
513.45,0.01828944438977942,-0.04018807975745876,8.098111239817186,0.0,1,-0.0008764241893076674
513.0,-0.05206559949112943,-0.03684770787945588,5.773377167561819,0.0,1,0.011500974658869456
518.9,0.40876234519271293,0.1413267456014622,22.060085720947683,-0.11756184533896885,1,-0.000867219117363538
518.45,0.5676127887686562,0.10005906305913514,19.879284949069714,0.0,1,-0.0054971549811939635
515.6,0.3622369448258951,-0.0351055936278753,7.610240430798456,0.0,1,0.00407292474786658
517.7,0.4043626107855971,0.002340024110608907,12.937768855238374,0.0,1,-0.007050415298435531
514.05,0.08756189286668814,-0.10482023126943335,0.6453930650325503,0.0,1,-9.726680284005695e-05
514.0,-0.08230195716498656,-0.0915613604337027,0.49528296093028956,0.0,1,-0.0021400778210116655
512.9,-0.2520420524169822,-0.08710048522856609,-2.916042168678331,0.0,1,-0.0017547280171572588
512.0,-0.39090859567500047,-0.07532234282886147,-5.640418262425079,0.0,1,-0.0011718750000000444
511.4,-0.47776615099769515,-0.054059966050518715,-7.463564171424636,0.0,1,0.0007821666014862227
511.8,-0.4480477494092838,-0.008113854820702482,-5.765834944703059,0.0,1,0.010355607659241928
517.1,0.04581543050244363,0.16191644169700836,11.13770538960408,0.0,1,-0.0021272481144846145
516.0,0.19726240124975902,0.10445447081477459,7.143326224418601,0.0,1,0.002422480620154932
517.25,0.3607140198524803,0.08930202980583196,10.409268451163278,0.0,1,0.0014499758337360724
518.0,0.47488032749947706,0.06782277915094292,12.32339455036707,0.0,1,0.010135135135135087
523.25,0.929890120698019,0.174277524116495,22.619516223465837,-1.9334765926030286,1,0.003440038222646935
525.05,1.2299041739058794,0.15809719244145182,25.201201139276534,-1.818867360505351,1,0.008284925245214847
529.4,1.6399191860176643,0.18937073485107891,30.211367489967387,-3.3034648457341973,1,-0.001511144692104227
528.6,1.6416000932387078,0.0636838806907074,27.03122538561813,-0.4854703560051803,1,0.0016080211880440398
529.45,1.5764738724127483,-0.0004807800450841171,28.058221639449982,0.0,1,0.006138445556709726
532.7,1.68337127263203,0.03547220672473261,31.560848620959902,-0.3268837726450329,-1,-0.002440397972592545
531.4,1.488205700022263,-0.05323112196167812,26.157625035091613,0.0,-1,-0.001223184042152714
530.75,1.2124391053822592,-0.10966590553389399,23.454193996300248,0.0,-1,0.0037682524729156786
532.75,1.1401858826136504,-0.06063970943416752,26.32713586605354,0.0,-1,-0.0016893477240731425
531.85,0.93404378101161,-0.08892727034540271,22.408880305412865,0.0,-1,0.0016922064491866617
532.75,0.8281357484595446,-0.06494510096582273,23.89772579883622,0.0,-1,0.00037541060534973525
532.95,0.7228370864786484,-0.056747920982239686,24.240932235204184,0.0,-1,0.00046908715639371046
533.2,0.6307846649482372,-0.049600114170883614,24.702903807728532,0.0,-1,-0.0005626406601652034
532.9,0.5071930654373773,-0.057730571227247784,22.958293185463077,0.0,-1,0.0061925314317885505
536.2,0.6781311768955902,0.037735846743655044,28.963034461325677,0.0,-1,0.0006527415143602333
536.55,0.7362559678833804,0.03195354591048172,29.499493282329254,0.0,-1,-0.0013978194017333356
535.8,0.641463699386918,-0.020946240861993592,24.948887684150037,0.0,-1,0.002519596864501761
537.15,0.6531122568565024,-0.003099227797469739,27.52217945684798,0.0,-1,-0.013031741599180857
530.15,0.021177180853328537,-0.21167810126688125,-1.2994131034559189,0.0,1,0.004244081863623572
532.4,-0.10905512221950175,-0.11397013477990386,4.71371754684251,0.0,-1,0.001126972201352494
533.0,-0.11508334690427091,-0.03999945315489101,6.233753189020028,0.0,-1,-0.006660412757973688
529.45,-0.4043405136712863,-0.10975220664063551,-3.9316450680940562,0.0,1,0.0007555009915949373
529.85,-0.48194072091541784,-0.062450804628255696,-2.7380943209443487,0.0,1,-0.004340851184297612
527.55,-0.6722457644613087,-0.08425194939138214,-8.592721492324209,0.0,1,-0.0029381101317409453
526.0,-0.8405444725291318,-0.08418355248640175,-12.10753454779556,0.5349268660582993,1,-0.0018060836501901933
525.05,-0.9338151205189433,-0.059151400158737766,-14.178255929131609,0.2643235148252643,1,-0.00019045805161399532
524.95,-0.9109658511372345,-0.012100710259009606,-14.405756482379672,0.0,1,0.0
524.95,-0.8236273955182014,0.025079248453341196,-14.405756482379672,0.0,1,0.007715020478140655
529.0,-0.3738225514155147,0.15829469751867598,1.116857346928299,0.0,1,0.0016068052930056087
529.85,-0.04693491674618144,0.16172744406266976,3.7180539174521385,0.0,1,-0.003397187883363295
528.05,-0.029579856349414513,0.05969416815314557,-2.2593603731402396,0.0,1,0.005586592178770999
531.0,0.22739599521150922,0.10555667323802313,6.545708570714616,0.0,-1,-0.0048022598870055555
528.45,0.12443425472429226,0.0008649775836020585,-1.3302502874593642,0.0,1,0.004541583877377242
530.85,0.262583863253667,0.04633819537099229,5.1958085430657945,0.0,-1,-0.001977959875671176
529.8,0.22227667891388592,0.0020103370104037344,1.983072150332191,0.0,1,-0.007266893167232724
525.95,-0.1372333031654307,-0.11916654835630433,-7.981125426913756,0.0,1,-0.007320087460785274
522.1,-0.6263855189413334,-0.20277292137740233,-15.35895842478051,0.0,1,0.0010534380386897357
522.65,-0.7729295002508252,-0.11643896756229799,-13.586767125481444,0.0,1,-0.007748971587104081
518.6,-1.119290699218027,-0.15426672217649995,-20.198227468512354,1.5212684016776166,1,-0.009737755495565104
513.55,-1.6200304071002165,-0.21833547668622977,-26.188193382353166,3.7060286314388122,1,-9.736150326156157e-05
513.5,-1.7395643937828709,-0.11262315445629478,-26.240728715257106,1.6171292161455995,1,0.0
513.5,-1.6543676876423206,-0.009142149438581493,-26.240728715257102,0.0,1,0.04946445959104184
538.9,0.6427613060648127,0.7626622814228505,18.015628177857124,-0.667641685662943,-1,-0.01243273334570405
532.2,1.1794290274129935,0.43311000092367713,8.126434498410205,0.0,-1,0.00667042465238632
535.75,1.6453104691360068,0.29966381421556343,11.42810819565964,0.0,-1,-0.0006532897806813542
535.4,1.7119753175695678,0.12210955421637482,10.90206259755223,0.0,-1,0.011953679491968572
541.8,2.1359764653221873,0.18203690065633138,16.696548557889116,0.0,-1,0.00978220745662628
547.1,2.6116456670882826,0.21923536747414207,20.69309132845568,-0.26884788136749194,-1,0.0
547.1,2.6318431290472972,0.07981094314438542,20.69309132845568,0.0,-1,-0.008590751233778171
542.4,2.030954932606278,-0.17369241776554478,12.483900984725715,0.0,-1,-0.00765117994100295
538.25,1.2154312566684666,-0.32973869790111876,6.093295109193818,0.0,-1,-0.0013934045517881577
537.5,0.6438834806439218,-0.3004288246418879,4.96447015400269,0.0,-1,-0.0014883720930232158
536.7,0.23778596924455542,-0.23550877868041808,3.684065451307802,0.0,-1,-0.0027016955468605053
535.25,-0.10591161722550169,-0.19306878838349176,1.2784002373233747,0.0,-1,-0.009434843531060166
530.2,-0.6897677756917346,-0.2589749822832416,-6.2996216399260305,0.0,1,-0.0027348170501698688
528.75,-1.045048540283915,-0.2047519156251406,-8.267204275550611,0.0,1,0.012765957446808418
535.5,-0.5731015442229364,0.08906502681194595,2.739131203050839,0.0,-1,-0.0022408963585435204
534.3,-0.3893695841738918,0.09093232895366354,0.8420893233938571,0.0,-1,-0.0025266704098819703
532.95,-0.3775561388015376,0.03424859144200593,-1.3455538885678564,0.0,-1,-0.005722863308002757
529.9,-0.5943530712152096,-0.06084944699055539,-6.088566509597143,0.0,1,0.0016040762408002784
530.75,-0.5823887814874524,-0.016295052420932765,-4.445076983829431,0.0,-1,0.004239284032030222
533.0,-0.3403742381663051,0.07523983030007153,-0.12521445330747127,0.0,-1,-0.0030018761726079424
531.4,-0.3243357799917703,0.030426096158202076,-3.067468990809644,0.0,-1,-0.024557771923221616
518.35,-1.3767885692385562,-0.3406755643628614,-19.417539822661144,3.6339241050410465,1,-0.002604417864377373
517.0,-1.9007825830921092,-0.2882231927388048,-20.595003560777393,1.7589139573113926,1,0.0005802707930366857
517.3,-1.9793810414278141,-0.12227388369150316,-19.930212839577244,0.0,1,-0.000773245698820757
516.9,-1.887065183810023,-0.009986008691237336,-20.343946230183956,0.0,1,-0.0003869220352097358
516.7,-1.7003184896836956,0.05892022847836342,-20.568915900987665,0.0,1,0.0009676795045481246
517.2,-1.423585268480224,0.11188448322727829,-19.11256797486185,0.0,1,0.004930394431554408
519.75,-0.954086552171816,0.19379439984522873,-11.876463231080606,0.0,1,0.00856180856180866
524.2,-0.2689966480032808,0.2929614346712547,-1.4345499951966758,0.0,1,0.006104540251812063
527.4,0.3626313580813303,0.3081964802519553,4.676619768516801,0.0,1,0.0036973833902163022
529.35,0.8107260812835193,0.2520970678180481,8.051281346996966,0.0,1,-0.005006139605176152
526.7,0.7463796027776652,0.06258352977073134,2.184277623169386,0.0,1,-0.003037782418834345
525.1,0.5186747299599119,-0.05504044768234062,-1.1292111410635215,0.0,1,0.008284136354980154
529.45,0.7240993993876828,0.0501280739151434,7.099549725592901,0.0,1,0.0018887524789876764
530.45,0.8498034508193086,0.05861070844892313,8.793494955302783,0.0,1,0.005655575454802442
533.45,1.0918385223001223,0.10021525997657899,13.586215206633398,0.0,-1,0.0029056143968506642
535.0,1.251036181182144,0.08647097295286699,15.865397601406627,0.0,-1,0.006261682242990618
538.35,1.5055486621913587,0.11366115132069399,20.32570034740891,0.0,-1,0.0033435497353022647
540.15,1.6573425141800726,0.08848500110313595,22.473095892444732,0.0,-1,0.005091178376376959
542.9,1.8242942306593477,0.08514557252747035,25.484629476506242,0.0,-1,0.0016577638607477851
543.8,1.8307455696774468,0.030532303848523235,26.42260907275235,0.0,-1,0.0006436189775653745
544.15,1.7105757750466637,-0.02987916359408671,26.806062338480302,0.0,-1,-0.002664706422861207
542.7,1.3871095631441221,-0.11778179183220949,21.456527132014983,0.0,-1,-0.007002026902524494
538.9,0.7931173269307692,-0.23725800934852082,9.407893752128352,0.0,-1,-0.002133976619038691
537.75,0.3341947649131498,-0.23206019045538007,6.220315206863859,0.0,-1,-0.0019525801952579025
536.7,-0.01061607983842805,-0.19229034506898598,3.3180319290929816,0.0,-1,0.0003726476616356944
536.9,-0.16547016222762068,-0.1157148091527262,3.822547622145379,0.0,-1,0.0032594524119948787
538.65,-0.08327468990330544,-0.011173112276136987,8.21321030555687,0.0,-1,-0.00037129861691254096
538.45,-0.051904062915809845,0.006732504903786206,7.518731744615295,0.0,-1,0.009193054136874323
543.4,0.3806065891542403,0.14641438565794548,18.012842359406307,0.0,-1,0.009293338240706772
548.45,0.9859780327597036,0.2505952764211363,25.01045857722856,0.0,-1,-0.003555474519099322
546.5,1.0439989184991418,0.10287205405352484,18.57416667971701,0.0,-1,-9.14913083256419e-05
546.45,0.9818427848272222,0.01357197346053507,18.40693946537229,0.0,-1,-0.0014639948760180044
545.65,0.8022778192556643,-0.05533099737034097,15.564491098159365,0.0,-1,0.0021075781178410136
546.8,0.7414721848653016,-0.03871221058690122,17.707664097977485,0.0,-1,-0.001463057790782707
546.0,0.582613352264616,-0.06585701439586233,14.60000813523547,0.0,-1,0.001098901098901095
546.6,0.5046328232755286,-0.04794584779498323,15.904122644529068,0.0,-1,-0.008049762166117747
542.2,0.05692315684143523,-0.16521850474302555,0.6887373488186128,0.0,-1,-0.0006455182589450992
541.85,-0.20084193944569506,-0.1409945336767186,-0.3248985720461164,0.0,-1,-0.0014764233643999036
541.05,-0.37965432596877235,-0.10660230673326532,-2.7257990050757073,0.0,-1,-0.0024027354218647545
539.75,-0.5457559920662334,-0.09090132427690878,-6.520124107760019,0.0,-1,0.001018990273274678
540.3,-0.5374938257762096,-0.02754638599562831,-4.4651521919817085,0.0,-1,0.0005552470849530255
540.6,-0.4635715904830704,0.015458616432503625,-3.2908721813283393,0.0,-1,0.011376248612652518
546.75,0.12452049303703916,0.20118356665087106,14.260545938447038,0.0,-1,-0.0009144947416552807
546.25,0.3665231603773691,0.14772874466373367,12.403923233308532,0.0,-1,0.00036613272311214473
546.45,0.47364756401600516,0.0849510494341233,12.880571490569096,0.0,-1,0.0036599871900449
548.45,0.6544058021673891,0.08856976252850246,17.463876690687712,0.0,-1,-0.0005469960798615281
548.15,0.6652511043957929,0.03313835491896877,16.10352602992691,0.0,-1,0.002554045425522178
549.55,0.7319028301436674,0.033263360222281046,19.312093072394887,0.0,-1,0.0010008188517880434
550.1,0.7500701238390093,0.017143551305874305,20.529770503619716,0.0,-1,0.00936193419378295
555.25,1.1258145937000563,0.13096267372230708,29.140934585733262,-1.7897781500546444,-1,-0.005222872579918936
552.35,0.9782022791556528,-0.005549880274032137,16.908619114951122,0.0,-1,0.00407350411876517
554.6,1.0103792652870425,0.008875701952452575,20.799435660256307,0.0,-1,-0.004597908402452333
552.05,0.7297694862454591,-0.09057802569637696,11.668699267437752,0.0,-1,0.002536002173716412
553.45,0.6453171395374966,-0.0583434574681132,14.464366144782957,0.0,-1,-0.0025295871352427612
552.05,0.432647871222116,-0.0903375752611646,9.631908422433852,0.0,-1,-0.0014491440992663307
551.25,0.22359258112919633,-0.09979762178469476,6.9226353130268805,0.0,-1,0.008344671201814036
555.85,0.48376555432207624,0.05345845046939507,16.61363449446786,0.0,-1,0.010794279032112941
561.85,1.0735382447250004,0.21441038029077308,24.822497201212528,-0.8292481203899342,-1,0.00017798344753949813
561.95,1.2872964028659908,0.14272284614392117,24.93661668144395,0.0,-1,-0.0027582525135689817
560.4,1.1577341150309621,0.004386852769630911,19.510527759079395,0.0,-1,0.0020521056388294046
561.55,1.092308461527523,-0.020346266911269506,21.22798799628842,0.0,-1,0.0015136675273796918
562.4,1.039403262981864,-0.024417155152309578,22.50015914050651,0.0,-1,-0.0007112375533427917
562.0,0.893000391793862,-0.05694000878010386,20.86188504204368,0.0,-1,0.012010676156583688
568.75,1.3078822568836586,0.11931395210323092,29.533394409892495,-1.058434278292566,-1,-0.0021098901098901557
567.55,1.3063330013550285,0.039254898858200216,25.11758974897556,0.0,-1,-0.001673861333803095
566.6,1.117530623477819,-0.049849159673003074,21.61980315991765,0.0,-1,0.001411930815389928
567.4,0.996668549249307,-0.056903744633838294,22.80467084627891,0.0,-1,-0.0007049700387733449
567.0,0.8198484663643058,-0.07790794250627986,21.154294226852983,0.0,-1,0.0002645502645501896
567.15,0.6756177193915391,-0.07404622982634879,21.42419926219644,0.0,-1,-0.00044080049369654706
566.9,0.5263675359557283,-0.07443213775405322,20.20767534718364,0.0,-1,-0.0055565355441876685
563.75,0.14537848290819966,-0.15180706360052731,6.689805180870657,0.0,-1,0.004523281596452211
566.3,0.15526908280878615,-0.04730548789998029,13.083241644440434,0.0,-1,-0.002295603037259286
565.0,0.03894195919167487,-0.054544203839030525,8.215334597911948,0.0,-1,-0.0012389380530973826
564.3,-0.08080009921616238,-0.058095420748955934,5.646261592547496,0.0,-1,-0.0011518695729221262
563.65,-0.18810445348537996,-0.05513325833939117,3.222941793075364,0.0,-1,-0.004790206688547682
560.95,-0.4510812594961635,-0.1060366881167249,-5.684248900513445,0.0,-1,0.0016044210713968
561.85,-0.4699795575435246,-0.04164499538802868,-2.4341798378204516,0.0,-1,-0.0024917682655513085
560.45,-0.5569304101052239,-0.0428652826499093,-6.792894266268938,0.0,-1,-0.00017842804888934527
560.35,-0.5623283022106307,-0.016087724918438684,-7.104855776273752,0.0,-1,0.000981529401266945
560.9,-0.4723332230790902,0.024635784737700617,-4.691688913347299,0.0,-1,-0.0065965412729540596
557.2,-0.696307914923409,-0.06644630236887272,-15.56783761957302,0.504066233425192,-1,0.003140703517587884
558.95,-0.6044362679352844,0.008475114873083944,-8.22294805770624,0.0,-1,0.001967975668664357
560.05,-0.4164640887800033,0.06548243134278836,-3.9983352907369465,0.0,-1,-0.0016069993750557066
559.15,-0.3627726584707034,0.03972462055069609,-6.844968233460428,0.0,-1,-0.0008047929893587602
558.7,-0.3431958884434607,0.019767130192646254,-8.279259728982929,0.0,-1,-0.0011634150706999469
558.05,-0.35897451272626313,0.001329501969947966,-10.39200516776264,0.0,-1,-0.005555057790520346
554.95,-0.5952826154737068,-0.07832620025916526,-18.772021522057358,0.0,-1,0.009099918911613658
560.0,-0.24299644889140382,0.09131998877437925,0.2717309162381554,0.0,-1,-0.005892857142857033
556.7,-0.32160366152595543,0.004237592046609229,-8.143784943411902,0.0,-1,0.005029638943775838
559.5,-0.10077362938261558,0.07502254139664971,-0.21838436205258205,0.0,-1,-0.00044682752457547714
559.25,-0.0027941441958319047,0.057667342194477805,-0.8825753499884783,0.0,-1,-0.0014304872597227236
558.45,-0.02023822291948818,0.013407754490273843,-3.107106500403404,0.0,-1,0.002775539439519914
560.0,0.10189292296195163,0.04517963345723789,1.6108120575459068,0.0,-1,-0.005089285714285796
557.15,-0.08303258101068423,-0.046581956838465985,-6.317425868611238,0.0,-1,-0.0016153639055909164
556.25,-0.24357595124627096,-0.06904177569135089,-8.551511523401508,0.0,-1,0.003865168539325836
558.4,-0.12438297376013452,0.016717067264928526,-1.5530950710568163,0.0,-1,0.002865329512893977
560.0,0.07891209612967032,0.07333737905157779,3.08376351773817,0.0,-1,-0.002410714285714377
558.65,0.06148362306362287,0.01863630199517679,-1.0442761342355524,0.0,-1,0.01208269936453954
565.4,0.6101457512753541,0.18909947673563604,14.355197141984846,-2.2490886085855664,-1,0.002210824195260086
566.65,0.9377980027749118,0.172250576078398,16.43855194682132,-2.028745917456604,-1,-0.001588282008294306
565.75,0.9484742949600786,0.06097562275452162,13.470777919895852,-0.05012942333723913,-1,-0.009102960671674709
560.6,0.44560624980613284,-0.14729747413314143,-0.5682960626070681,0.0,-1,0.0016946129147341615
561.55,0.23620503974530038,-0.1188995613979913,1.6248175195894632,0.0,-1,0.0007123141305316327
561.95,0.14515401473613565,-0.06998352880238534,2.5868190745624418,0.0,-1,0.0007118071002758519
562.35,0.12086566767015938,-0.03142395862278721,3.611805509167233,0.0,-1,-0.007201920512136639
558.3,-0.23885064483533824,-0.13038009037609494,-6.876115765255342,0.0,-1,-0.00035823034210979987
558.1,-0.41547124735177476,-0.1023335642975105,-7.334091476965924,0.0,-1,-0.0014334348683032738
557.3,-0.5358256113306652,-0.07422930942546696,-9.257154061961906,0.0,-1,0.003947604521801651
559.5,-0.3680173257092747,0.031192992065307845,-2.084046796076784,0.0,-1,-0.004825737265415686
556.8,-0.4784450724228009,-0.026411584882739425,-8.87285677682027,0.0,-1,0.0008979885057471826
557.3,-0.45212185641105407,-2.945629033085373e-05,-7.205177287482357,0.0,-1,-0.0006280279921045961
556.95,-0.43045009370416665,0.0072141021388522075,-8.127705730847815,0.0,-1,0.009964987880419995
562.5,0.07875662879132506,0.17214027487811467,7.872795936583046,0.0,-1,0.005333333333333412
565.5,0.5767969376397559,0.22339352790884853,13.849366977351288,0.0,-1,0.0023872679045093825
566.85,0.890250680594022,0.1789490902877049,16.24385308868213,0.0,-1,-0.00026462026991258547
566.7,0.9602899953549695,0.0829961350162175,15.706549110906863,0.0,-1,0.0009705311452266052
567.25,0.9611188197892488,0.027941653150165613,16.803520793102038,0.0,-1,-0.0003525782282944867
567.05,0.8647733303572522,-0.022801278760610333,15.951144503812316,0.0,-1,-0.002645269376598147
565.55,0.6195361414447689,-0.08934615589103123,9.612609467359931,0.0,-1,-0.0041552471045882555
563.2,0.2494562018681563,-0.15314203182254793,1.0687199343576737,0.0,-1,-0.00017755681818187874
563.1,0.03529488192418739,-0.12243445058883895,0.7249807746127388,0.0,-1,0.0004439708755106242
563.35,-0.053893684874879,-0.07054100579596845,1.6293657118709035,0.0,-1,-8.87547705690217e-05
563.3,-0.09816349453478779,-0.03827027181862576,1.4196441559321755,0.0,-1,0.0013314397301615877
564.05,-0.049618108153481444,0.003425038187560195,4.500036792756212,0.0,-1,-0.003191206453328488
562.25,-0.17121057261670103,-0.03938914209188646,-3.3824548252675584,0.0,-1,0.00062249888839494
562.6,-0.18857259046353647,-0.0189170533129073,-1.7649140068725515,0.0,-1,0.006665481692143649
566.35,0.13096078315163595,0.10020544010075504,11.957870445531917,0.0,-1,0.004679085371236846
569.0,0.500647404696565,0.15663068721522805,18.51211113269754,0.0,-1,-0.0033391915641476366
567.1,0.4854367650775657,0.04714001586540961,10.243493127192849,0.0,-1,-0.0021160289190619297
565.9,0.3373783815115985,-0.033639455900185855,5.539639781533509,0.0,-1,-0.0007068386640748381
565.5,0.20190099126932637,-0.05637228204748601,3.9786436363837936,0.0,-1,0.0
565.5,0.11733721354244153,-0.04697868659145696,3.9786436363837936,0.0,-1,0.0026525198938991412
567.0,0.19027722355042442,0.008653774472175302,9.277470909508715,0.0,-1,0.0022927689594356426
568.3,0.319224126591962,0.04586689250457093,13.341902805603745,0.0,-1,0.002287524194967583
569.6,0.465428900896768,0.064023888936459,17.001374935511265,0.0,-1,0.0028967696629214057
571.25,0.6372455463076676,0.07861351144911954,21.07367580782747,-0.3612824697117958,-1,-0.0005251641137854479
570.95,0.6450500734874822,0.02880601287631135,19.344843048996083,0.0,-1,-0.0009633067694194697
570.4,0.5493648309534365,-0.022293076552578173,16.07102760586737,0.0,-1,0.0021914446002804233
571.65,0.559908473773703,-0.003916477910770544,19.68513070611209,0.0,-1,0.002011720458322319
572.8,0.6143545890359974,0.016843212450507905,22.661889490319766,0.0,-1,-0.0037534916201117374
570.65,0.41121476424746106,-0.062098870779342785,10.351445172835582,0.0,-1,0.0008761938140717795
571.15,0.3170436214992378,-0.05209000450918866,12.01438024385498,0.0,-1,0.00236365228048685
572.5,0.356037748333506,-0.00436529255830681,16.25976701605532,0.0,-1,0.0020087336244540843
573.65,0.4416983327229218,0.02709843061036965,19.487498658555396,0.0,-1,0.004881025015253337
576.45,0.6810537638574488,0.0888179539149655,25.760675573751485,-0.2897794699182441,-1,0.00138780466649302
577.25,0.8106436657698168,0.07280261860911119,27.24579325955358,-0.29186783214981915,-1,-0.0004330879168471524
577.0,0.7870516445785825,0.016403532472625604,25.63670280189669,0.0,-1,0.006932409012131657
581.0,1.0430013302679981,0.09078440605401372,32.220789788321,-1.214002116186407,-1,-0.005163511187607606
578.0,0.8340593955903159,-0.039385842874556154,17.107775473233445,0.0,-1,0.0019031141868512957
579.1,0.751750145285655,-0.040565031059739076,19.39932563300748,0.0,-1,-0.00043170436884820695
578.85,0.6271163413595104,-0.05506627832862787,18.199489165692697,0.0,-1,-0.0017275632720048506
577.85,0.4292064109498597,-0.08432540291275958,13.333014685551618,0.0,-1,0.00372068876005871
580.0,0.47365091149913496,-0.013293634121161413,18.673084287853143,0.0,-1,-0.004310344827586188
577.5,0.24806891914897733,-0.079625208823773,7.797769615869797,0.0,-1,-0.004588744588744587
574.85,-0.10622782028860911,-0.14464064942045315,-1.2878743770297802,0.0,-1,-0.004435939810385481
572.3,-0.4870238716499671,-0.1751455669272704,-8.296998444035708,0.0,-1,0.004717805346846182
575.0,-0.41183657469321133,-0.033319423323504904,0.14285900515240968,0.0,-1,-0.00521739130434784
572.0,-0.5899232116570374,-0.07046868676244367,-7.460363087727316,0.0,-1,0.01180069930069938
578.75,-0.06730626250089244,0.15071608746456713,8.334218477526846,0.0,-1,0.013304535637149062
586.45,0.8412777339522108,0.3531000279725568,19.09994703935294,-2.1950081599749183,-1,0.00434819677721876
589.0,1.4379632543494836,0.31659518278994314,21.78273165673626,-2.515586855344168,-1,0.012648556876061257
596.45,2.2373090766856194,0.3719803350420263,27.986875478344388,-5.792986059891291,-1,0.001928074440439298
597.6,2.5463728981299028,0.2270147188287699,28.786841043534793,-3.3809592766860987,-1,-0.009119812583668119
592.15,2.0345404006745866,-0.09493925954218208,16.131982440508224,0.0,-1,-0.003293084522502654
590.2,1.4465791185574517,-0.22763351388643893,12.162553301377997,0.0,-1,-0.0030498136225010075
588.4,0.882050217619053,-0.26405413827494595,8.557635018604934,0.0,-1,0.008752549286199729
593.55,0.9554482490149212,-0.06355203562635925,15.00854267016409,0.0,-1,-0.0004211945076235679
593.3,0.8916932439616403,-0.04243568022654676,14.467282675866855,0.0,-1,-0.008933086128434131
588.0,0.3438413044382287,-0.19676253991665282,3.8968608076447993,0.0,-1,-0.002125850340136015
586.75,-0.06290477402660599,-0.20116953946049584,1.6764307426673994,0.0,-1,0.0013634426927993104
587.55,-0.1943690820902475,-0.11087794917471244,3.051833002910996,0.0,-1,-0.002893370776955062
585.85,-0.3855704792811139,-0.10069311545519294,-0.2888910616945779,0.0,-1,-0.0032431509772125056
583.95,-0.6073736379364618,-0.107498758036847,-3.89431902403161,0.0,-1,-0.003082455689699559
582.15,-0.8176607474360935,-0.10592862251215962,-7.164582683305618,0.0,-1,-0.001975435884222221
581.0,-0.9504992398996137,-0.07958903832522657,-9.218011043932144,0.0,-1,-0.01015490533562824
575.1,-1.429376882806423,-0.1861555604106786,-17.97060768143929,0.0,-1,0.005738132498695814
578.4,-1.2747009640260103,-0.01049321387675528,-9.971641400037399,0.0,-1,0.002679806362379189
579.95,-0.9619712576336497,0.10074549750520179,-6.501494216773779,0.0,-1,0.0012932149323217068
580.7,-0.6629421329679417,0.13325820739030325,-4.796808658874099,0.0,-1,-0.0006888238333048191
580.3,-0.4915157262211096,0.10156153804571177,-5.590795959911624,0.0,-1,-0.006720661726693056
576.4,-0.6898428789959326,-0.03225520490970368,-12.690304284168938,0.0,-1,0.00104094378903552
577.0,-0.6815195488003383,-0.007977291571369838,-11.022708093221297,0.0,-1,0.0014731369150779994
577.85,-0.5497312546358444,0.04127033419770798,-8.570297884191326,0.0,-1,-0.0019036082028208723
576.75,-0.529692836333993,0.020436250833186453,-10.833619775449051,0.0,-1,0.0009536194191590575
577.3,-0.4296992241551152,0.04014328767068809,-9.041690791065172,0.0,-1,0.0002598302442404776
577.45,-0.3313941493861421,0.04614945414655375,-8.519339573275644,0.0,-1,-0.002770802666897554
575.85,-0.3879587662194126,-0.003471720895572239,-12.456021547811275,0.0,-1,-0.0025180168446644613
574.4,-0.504744510784576,-0.04008582182024523,-15.730884118472623,0.0,-1,-0.002089136490250554
573.2,-0.6210753405016476,-0.052138883845772255,-18.275478708547478,0.0,-1,0.0027041172365664945
574.75,-0.49831781031832634,0.02353954877918296,-11.700254074578211,0.0,-1,-0.006785558938668945
570.85,-0.7204125610335268,-0.0661850673120058,-19.82461280710428,0.0,-1,0.002452483139178341
572.25,-0.6547588896382877,-0.00017713197225555088,-14.377709814301134,0.0,-1,0.004193971166448263
574.65,-0.36736881313754566,0.09573764817616215,-6.049468511359876,0.0,-1,0.004089445749586806
577.0,0.0027736262076132334,0.15529336250710704,0.8658939343627168,0.0,-1,0.00554592720970537
580.2,0.45428037702959045,0.20226670444302813,8.595098636033747,0.0,-1,0.004222681833850217
582.65,0.8463437210214124,0.19811001614495005,13.481987672364347,0.0,-1,0.01707714751566125
592.6,1.8010134162656186,0.3842599037963854,26.172395771088702,-5.745083926442703,-1,-0.0028687141410732586
590.9,1.9865971458655167,0.1899478777987611,21.458238216208116,-1.7769425128719831,-1,0.005246234557454876
594.0,2.172172581843256,0.1251744379255002,24.638427167907366,-2.144205189006584,-1,0.00042087542087543284
594.25,2.1047792513453487,0.01926036914253082,24.889135985666783,0.0,-1,-0.0016827934371056452
593.25,1.8123509818175307,-0.09105596679509564,21.7373533579143,0.0,-1,0.0026127265065316596
594.8,1.6442742652355946,-0.08637756112567718,23.6474251117032,0.0,-1,0.0006724949562879612
595.2,1.4565463848416584,-0.09136848050653779,24.14839333221809,0.0,-1,-0.00033602150537637154
595.0,1.2246369125745105,-0.10775931759122859,23.373478940370163,0.0,-1,0.0007563025210084451
595.45,1.0441291003930928,-0.09608904325754875,24.051440764479707,0.0,-1,-0.0007557309597784334
595.0,0.8293644359362133,-0.10361790257147607,22.014090118280834,0.0,-1,-8.403361344533344e-05
594.95,0.6487017340464263,-0.09476020148708775,21.77031347484602,0.0,-1,8.404067568701379e-05
595.0,0.5084785719310503,-0.07832778786748795,21.87609449127909,0.0,-1,-0.001680672268907557
594.0,0.31266044321239406,-0.09138197219538141,16.351036062794876,0.0,-1,8.417508417490893e-05
594.05,0.19286300858539107,-0.07039313560746147,16.494123295683494,0.0,-1,-0.0059759279521924835
590.5,-0.17894095944359378,-0.14739903454548212,-0.20894785862100917,0.0,-1,-0.0019475021168501305
589.35,-0.44576453017111817,-0.13807420175766882,-4.337517053028165,0.0,-1,-0.009756511410876412
583.6,-1.0211959380205826,-0.23783520320237783,-18.738350978598117,0.0,-1,-0.00316997943797126
581.75,-1.3779786471103534,-0.19820597076404955,-21.905777251259956,0.0,-1,-0.0049849591749032696
578.85,-1.6832051143960598,-0.16781081268325204,-26.119960633948136,1.9415514549885984,-1,0.003973395525611156
581.15,-1.503884588505798,0.0038365710690031474,-17.232765553023576,0.0,-1,0.0014626172244687208
582.0,-1.2180672765185818,0.09655129435207321,-14.15696243842941,0.0,-1,0.01271477663230236
589.4,-0.3569863474817794,0.3192107411296252,5.5248554584256695,0.0,-1,-0.004920257889378998
586.5,-0.13836368733984727,0.17927780042385244,-1.0181910095416526,0.0,-1,-0.003665814151747604
584.35,-0.19668871665726329,0.040317590368812134,-5.352207065461577,0.0,-1,0.0005989561050740999
584.7,-0.18029383826115009,0.018904156254975102,-4.480276161207492,0.0,-1,-0.0011116812040363744
584.05,-0.21123857920804312,-0.004013528230639302,-5.913313129562773,0.0,-1,0.0005136546528552444
584.35,-0.1841077347474993,0.007705772076634837,-5.024965509518978,0.0,-1,0.0008556515786770635
584.85,-0.11353333462159299,0.026093390734180377,-3.452285959938571,0.0,-1,-8.549200649754507e-05
584.8,-0.07295169000690294,0.022225011782956813,-3.5996390710833523,0.0,-1,0.00034199726402195374
585.0,-0.02991489353223642,0.021753936085874448,-2.855982222647185,0.0,-1,8.547008546999635e-05
585.05,-0.0017369208338777753,0.016643969594744366,-2.653058966229068,0.0,-1,-0.0017947184001366745
584.0,-0.07500319108191889,-0.01887410021776558,-6.545723548042915,0.0,-1,0.001369863013698458
584.8,-0.038719393615792796,0.0058032324161201715,-2.8662020240325248,0.0,-1,0.0001709986320110879
584.9,-0.00901754541473565,0.011835026872392441,-2.392691327866089,0.0,-1,0.0
584.9,0.006584840803725456,0.00914580436361785,-2.392691327866096,0.0,-1,-0.0028209950418874863
583.25,-0.12366270282063851,-0.040367246420248706,-9.738513537404856,0.0,-1,0.0030004286326617002
585.0,-0.032647916064547644,0.016882513445280724,-0.5472376151634606,0.0,-1,0.0
585.0,0.015580136985590798,0.021703522165139728,-0.5472376151634606,0.0,-1,0.006581196581196602
588.85,0.3592291520951676,0.12178417909157219,14.350310710203175,-0.2831017860188467,-1,-0.0029718943703829215
587.1,0.3552845636420443,0.03927986354614965,6.012748795369774,0.0,-1,-0.002725259751320097
585.5,0.1903718891120434,-0.04187760366128376,-0.5022362983891142,0.0,-1,-0.002903501280956511
583.8,-0.04961543891238307,-0.09395497722857007,-6.478343587218326,0.0,-1,-0.006509078451524375
580.0,-0.4821411496818655,-0.1754935626660175,-16.518311504608704,1.4585348076337823,-1,-0.006724137931034435
576.1,-0.9832255759264399,-0.22552599630353065,-23.491743553320866,3.1542096754377553,-1,8.679048776238929e-05
576.15,-1.147665657721518,-0.1299886926995364,-23.274346295192856,1.506351674916118,-1,-0.00034713182330980974
575.95,-1.1509135604756011,-0.04441219848453981,-23.621154038177178,0.36507862130656576,-1,0.0025175796510112924
577.4,-0.9357947151463577,0.056902215614901164,-16.65361146386202,0.0,-1,0.001212331139591294
578.1,-0.6919190662194978,0.10025928818058705,-13.433413147806327,0.0,-1,-0.0019027849852967238
577.0,-0.6039879862378257,0.06273012272075307,-16.278031376075013,0.0,-1,0.018804159445407365
587.85,0.39447655260619285,0.3537315538549239,14.22389103311879,0.0,-1,0.013183635281109218
595.6,1.5066691093110194,0.4886413701865835,23.79514479686611,-2.234159969266557,-1,0.023002014775016733
609.3,3.0788762952207662,0.6869495186987771,32.821839273865166,-9.346762964769255,-1,0.0009026752010505845
609.85,3.654240196907267,0.420771140128426,33.08179587643993,-4.914179442009413,-1,0.0007378863654996515
610.3,3.6749021313415824,0.14714435818758043,33.31138525605856,-1.169798734739743,-1,-0.0017204653449122143
609.25,3.291491254280345,-0.07875550629121886,30.479868928716613,0.0,-1,0.0028723840787854282
611.0,2.971328211226364,-0.13297284978173307,31.6357024246945,0.0,-1,-0.006955810147299513
606.75,2.2094693387638245,-0.2982772407480909,20.388988622066393,0.0,-1,-0.0020601565718995074
605.5,1.5402507909687984,-0.32249859618103893,17.35647049763834,0.0,-1,0.0005780346820809523
605.85,1.1064539511572775,-0.25209847866418666,17.78821713608933,0.0,-1,0.020797227036395194
618.45,1.8473510353218217,0.16293286850011923,28.93338484808251,0.0,-1,-0.004850836769342726
615.45,1.8138536577938567,0.043145163657384744,22.314212259651995,0.0,-1,0.016329514989032345
625.5,2.4834504975470963,0.2375806678035417,28.900231166313432,0.0,-1,0.0036770583533172196
627.8,2.802961375961445,0.18569718207263008,30.10375964616894,0.0,-1,0.021025804396304526
641.0,3.8291367005051598,0.40395750220544846,35.41045367109891,0.0,-1,0.0007800312012480326
641.5,4.064796304401625,0.21320570203397127,35.572410907492525,0.0,-1,-0.0035853468433358904
639.2,3.652226414316374,-0.06645472935042651,30.977888833743208,0.0,-1,0.0014080100125155592
640.1,3.2165892680807247,-0.1673639585286919,31.411814887929822,0.0,-1,0.003593188564286809
642.4,2.9223882559560934,-0.15385499021777438,32.54259831278151,0.0,-1,0.0016344956413449907
643.45,2.6192553952307662,-0.15232928364770038,33.06516575592626,0.0,-1,0.0006993550392415671
643.9,2.2869176819322092,-0.16155566564875246,33.30316609522718,0.0,-1,0.021121292126106583
657.5,3.063505685121868,0.2050107791803022,38.6565272500649,0.0,-1,-0.005323193916349833
654.0,2.9048408796232934,0.015448657893909257,31.211024441129283,0.0,-1,-0.0012232415902140303
653.2,2.5167717369054117,-0.12420682827465734,29.51507759546743,0.0,-1,0.0022198407838334155
654.65,2.233839520804281,-0.13571301479192943,30.341830681554256,0.0,-1,0.0005346368288399184
655.0,1.9353867860199898,-0.14472191652540678,30.55233763222573,0.0,-1,-0.01786259541984736
643.3,0.6498781864595458,-0.4767435053619504,7.630438356101912,0.0,-1,-0.002875796673402653
641.45,-0.2011992955256119,-0.4426069957823694,4.886457902887223,0.0,-1,0.01106867253877919
648.55,-0.01830476189104502,-0.08657082071593418,12.500258159276555,0.0,-1,0.002004471513376016
649.85,0.1830012350837933,0.03824505875296805,13.745071126235175,0.0,-1,-0.0066169115949835655
645.55,-0.08992920268576654,-0.07822845967219727,6.813808955318258,0.0,-1,-0.0013941600185887193
644.65,-0.2939003213467686,-0.09406652611106645,5.41259092377193,0.0,-1,-0.005739548592259225
640.95,-0.6797275205649385,-0.1599645751097455,-0.1980777366165114,0.0,-1,-0.003120368203447965
638.95,-0.9826638267936687,-0.15430029377949195,-3.0530339914398112,0.0,-1,0.0016433210736364057
640.0,-0.9647433276752508,-0.045459931553691324,-1.3363317320684942,0.0,-1,-0.018125000000000058
628.4,-1.842054467476487,-0.3075903571183092,-15.170616735359403,2.5625154690715135,-1,-0.0046944621260343045
625.45,-2.373038831754002,-0.27952490713194145,-17.760397888816144,2.4699722929678956,-1,0.010312574946038655
631.9,-1.9032777779133312,0.06341204890290975,-7.392967026143467,0.0,-1,-0.00640924196866588
627.85,-1.847290769500205,0.03979968577201198,-11.502397895913283,0.0,-1,-0.002946563669666391
626.0,-1.8195230345019127,0.02252247359010151,-13.299002272477281,0.0,-1,0.0007188498402557197
626.45,-1.6165122474609461,0.07517775354368927,-12.510559034979636,0.0,-1,0.004469630457338836
629.25,-1.146964166652083,0.1815752781175175,-7.554296260556569,0.0,-1,0.0003972983710767153
629.5,-0.7957764456932637,0.17758766635877898,-7.105121372736235,0.0,-1,0.000794281175536149
630.0,-0.5122012147394344,0.15372096577086947,-6.131628340886849,0.0,-1,-0.0022222222222222365
628.6,-0.4443968313676123,0.07384178304756384,-8.34106460268795,0.0,-1,0.0015908367801462653
629.6,-0.2901282370677336,0.07603679244914752,-6.098670279348205,0.0,-1,-0.0012706480304957024
628.8,-0.255483253495413,0.03689392534048935,-7.549020316452378,0.0,-1,0.001908396946564972
630.0,-0.11687049058457433,0.058502229417109364,-4.5456818381994495,0.0,-1,0.0015873015873015817
631.0,0.04550843175286445,0.07362705058484939,-2.031432344042294,0.0,-1,0.022979397781299538
645.5,1.33123885694215,0.4531191585913784,20.142037440394574,0.0,-1,-0.006506584043377339
641.3,1.5131674981249716,0.21168259992473337,11.682123037295575,0.0,-1,0.016139092468423488
651.65,2.340534527206046,0.34634987633526926,21.19487060669934,-3.9733245966759796,-1,0.00974449474411121
658.0,3.088340164479405,0.3647185045362096,25.364166025925584,-5.964861888018163,-1,0.0061550151975682255
662.05,3.542381302742797,0.2729198809332005,27.656044972615973,-4.979017559823319,-1,-0.0031719658636053527
659.95,3.2992034299792294,0.00991400272321119,23.705594493258914,0.0,-1,0.007576331540268155
664.95,3.3193475410990914,0.01001937128102437,26.824540824116184,0.0,-1,-0.0039852620497783375
662.3,2.831973968234138,-0.15911806719464305,21.80857882900429,0.0,-1,-0.005737581156575522
658.5,2.0356226844488674,-0.31848978365997116,15.042363827163683,0.0,-1,0.0043280182232345865
661.35,1.705311818852124,-0.21626688308557163,17.58744415488532,0.0,-1,0.0009072352007257756
661.95,1.4480470678159918,-0.157843878040568,18.130197721522052,0.0,-1,0.0003776720296095881
662.2,1.2195774366466594,-0.12877116973663338,18.375364256354118,0.0,-1,-0.020915131380247698
648.35,-0.15045549865862995,-0.4996013683473076,-3.5976298457137545,0.0,-1,0.017505976710110227
659.7,0.12289932524356573,-0.07541551481503733,8.535429807717485,0.0,-1,-0.026527209337577684
642.2,-1.2089982065755294,-0.4691043488780442,-7.821873602826429,0.0,-1,-0.003270009342883906
640.1,-1.949197121937118,-0.40310108807987777,-9.33694008658346,0.0,-1,0.00921730979534452
646.0,-1.6651968194564688,-0.039700261866409514,-3.3541617125655563,0.0,-1,0.004334365325077361
648.8,-1.1510969332614422,0.15813320810953901,-0.6606902327326978,0.0,-1,0.0015413070283600838
649.8,-0.7147889123921232,0.19814707632628603,0.3342579618035657,0.0,-1,0.0037703908895045934
652.25,-0.23290249259150642,0.22667783204230096,2.8547805963156208,0.0,-1,-0.005749329244921442
648.5,-0.2850507416419532,0.05817652766395137,-1.344619202576908,0.0,-1,0.009714726291441655
654.8,0.23762936230309606,0.1936188772030002,5.286786579096429,0.0,-1,-0.007177764202809911
650.1,0.087500300750321,0.014496605216741718,-0.059790422647182595,0.0,-1,-0.004922319643131945
646.9,-0.26152258842193987,-0.1115087613185064,-3.464269169741243,0.0,-1,0.0053331272221364134
650.35,-0.12674048397286697,0.007757781043522177,0.5721700559740057,0.0,-1,0.0012301068655338199
651.15,0.017878941916023905,0.050792402310804355,1.5152922137494187,0.0,-1,0.0019196805651540139
652.4,0.19286540970085753,0.07525962336521268,3.069915807219317,0.0,-1,-0.0042918454935622075
649.6,0.03095319278486386,-0.028884197850260335,-0.8522807117976612,0.0,-1,0.0006157635467980427
650.0,-0.019249015071977738,-0.02636213523570065,-0.2626423674635987,0.0,-1,-0.0007692307692307443
649.5,-0.0844127010776674,-0.03050860708046344,-1.0509344977781012,0.0,-1,0.0032332563510393264
651.6,0.06503984767596194,0.039647980557721965,2.464879282343368,0.0,-1,-0.0024554941682013443
650.0,0.0010128014131396412,-0.008126355235033444,-0.4253984594064377,0.0,-1,-0.006846153846153946
645.55,-0.40191845516937974,-0.13701920393918426,-7.63733210681368,0.0,-1,0.0034079467121059803
647.75,-0.386557545529854,-0.04055276476655284,-3.3722430335905074,0.0,-1,0.0003859513701274242
648.0,-0.3258306285825938,0.006724717393569113,-2.8781876732003155,0.0,-1,0.02554012345679002
664.55,1.1108520489395914,0.48113579830525144,18.541515186148473,-6.152821076327541,-1,-0.0012790610187343177
663.7,1.6657890502890496,0.3453575998849032,16.992898039903935,-2.7246636732609204,-1,0.001732710562000861
664.85,1.9002751301063654,0.19328122656740643,18.077145675985378,-1.4179533283519277,-1,0.005640370008272555
668.6,2.171661909172826,0.15488933521128923,21.472434461019404,-2.1057706551777073,-1,-0.0014956625785222943
667.6,2.04305013960834,0.008759188548934205,19.28887639919064,0.0,-1,0.010859796285200618
674.85,2.4126567431920876,0.12612193071089406,25.35431891304195,-2.3087095126018085,-1,0.0002222716159145932
675.0,2.408905316384562,0.04079016796778934,25.465710148279257,0.0,-1,-0.0036296296296296493
672.55,2.0021208266153963,-0.12199810726712546,19.74493126484235,0.0,-1,-0.0021559735335662245
671.1,1.5110518461794982,-0.20435569590100777,16.433236379288957,0.0,-1,-0.0043212635970794055
668.2,0.8979297021134016,-0.2724926133223682,10.092424356781947,0.0,-1,-0.006809338521400865
663.65,0.13737448823746945,-0.3443492757327668,1.5199568403308064,0.0,-1,-0.002938295788442624
661.7,-0.4168509927202422,-0.29952491889682614,-1.757214891554554,0.0,-1,0.0003778147196615844
661.95,-0.6383928171391062,-0.17368891443856344,-1.2924428653267057,0.0,-1,-0.0020394289598912874
660.6,-0.8084643279202055,-0.11458680840655422,-3.7825950488783633,0.0,-1,0.01755979412655173
672.2,0.14053861068248352,0.27813871006537827,13.858278505142707,0.0,-1,0.005281166319547781
675.75,0.8991618624270359,0.3455873206033103,17.48481774289702,0.0,-1,-0.008953015168331468
669.7,0.6993766664303394,0.048600708202204634,6.70962946188871,0.0,-1,-0.005823503061072266
665.8,0.21620267956279804,-0.14485775955511226,0.8897278888465721,0.0,-1,-0.009612496245118618
659.4,-0.5767345371677948,-0.3125983254285684,-7.131953072501432,0.0,-1,-0.002578101304215874
657.7,-1.06680860076915,-0.2675574630099745,-9.037619495476754,0.0,-1,0.0004561350159646427
658.0,-1.1979449158390025,-0.132897926026609,-8.527463830444425,0.0,-1,0.019528875379939192
670.85,-0.092850997054029,0.3240653309194549,8.528130362844209,0.0,-1,-0.0020123723634195567
669.5,0.35493354542620636,0.2572832911332301,6.602680224549765,0.0,-1,-0.0024645257654966057
667.85,0.41174802121417997,0.10469925564040122,4.182037874102271,0.0,-1,0.004716627985325905
671.0,0.6683429240069927,0.12043138614440463,7.992716539565315,0.0,-1,-0.0029806259314456574
669.0,0.574278465069483,0.008788975735631643,4.778650324708153,0.0,-1,-0.001494768310911776
668.0,0.3960563635116614,-0.05647770860739665,3.142398976468243,0.0,-1,0.0008233532934132093
668.55,0.31977394910677504,-0.04425337433742765,3.982405735318096,0.0,-1,0.020192954902400695
682.05,1.3799849128120059,0.33865252978926774,19.093154408544777,-2.6966430523831377,-1,-0.010409794003372053
674.95,1.2034249852636094,0.05403086741362384,7.969581460137931,0.0,-1,0.004889251055633759
678.25,1.2898596060507543,0.046821829400256254,11.195850204648217,0.0,-1,-0.007814227792111939
672.95,0.7839219492735765,-0.1530386091256405,3.823168170959967,0.0,-1,0.0016345939520021613
674.05,0.5572929584454869,-0.1265558666512434,5.071415298993486,0.0,-1,-0.0010384986276981145
673.35,0.3392040498275719,-0.11488159175638613,4.038551660335955,0.0,-1,-0.0031929902725179593
671.2,0.022725924699784628,-0.1437865722947245,0.787868455327775,0.0,-1,0.005587008343265865
674.95,0.17509303507745244,0.0028601793609810966,5.925984041205943,0.0,-1,0.00029631824579579025
675.15,0.2533521706765214,0.027039771653350003,6.196998079066894,0.0,-1,-0.002369843738428523
673.55,0.1380357242530863,-0.029425558256695017,3.2845515870901707,0.0,-1,0.001039269541979193
674.25,0.1272078573535964,-0.01341780838539497,4.43253407590818,0.0,-1,-0.004671857619577224
671.1,-0.15130673087560353,-0.09731079887153166,-1.5237299665295438,0.0,-1,0.0008940545373268272
671.7,-0.22795513075061535,-0.05798639958218116,-0.3575169524691546,0.0,-1,0.0009676939109721783
672.35,-0.1931164031254866,-0.007715890652350815,0.9780952154435099,0.0,-1,0.015839964304305676
683.0,0.7278959942808569,0.30443216891799757,16.940692401895717,-1.3983843729936325,-1,0.009736456808199012
689.65,1.681910860127232,0.41948234492145753,23.032928058817276,-4.598817112642905,-1,-0.005582541869064039
685.8,1.697925721373167,0.1451657353891309,15.292853174870388,0.0,-1,-0.004738990959463396
682.55,1.2936060085484087,-0.0863846591452091,9.389283943128937,0.0,-1,-0.004615046516738719
679.4,0.7211456514236261,-0.21961500542333057,4.119559014942531,0.0,-1,0.00264939652634677
681.2,0.5248200019093474,-0.13864688497920308,6.566503367813311,0.0,-1,-0.0010275983558426516
680.5,0.3245888436597397,-0.11295934774293692,5.292284392922596,0.0,-1,-0.012490815576781777
672.0,-0.5109091391034326,-0.3161524435020364,-7.595427065318901,0.0,-1,-0.0029761904761904656
670.0,-1.0527490355597138,-0.2859974466527726,-10.031010438985206,0.0,-1,-0.006492537313432911
665.65,-1.5984398974911755,-0.2772294361947447,-14.902711434625864,0.0,-1,-0.0037557274844137734
663.15,-1.9464153369993937,-0.20840162523432104,-17.43718431973536,0.0,-1,0.0023373294126518562
664.7,-1.8290351120035666,-0.03034046674616464,-14.241394404140998,0.0,-1,0.007747856175718271
669.85,-1.1887587401719202,0.2033119683618272,-4.675893759202431,0.0,-1,0.00022393073076054648
670.0,-0.7570573259084767,0.21167112754175688,-4.413687878340113,0.0,-1,-0.0050746268656716165
666.6,-0.7614518416177134,0.06909220394417337,-9.326228252831243,0.0,-1,-0.0030753075307531352
664.55,-0.8710281126708423,-0.013494689036318563,-12.06493152037443,0.0,-1,-0.0014295387856443353
663.6,-0.9323972388081074,-0.02495460505786118,-13.336081080286668,0.0,-1,0.006630500301386233
668.0,-0.5187153653093901,0.12957575614695205,-4.020664832704249,0.0,-1,-0.0038173652694609705
665.45,-0.4811481481176543,0.05571432444622926,-7.99861789000154,0.0,-1,0.0031557592606505924
667.55,-0.24726886051189467,0.09653120401732962,-3.7439728028907453,0.0,-1,-0.0008239083214739429
667.0,-0.15555681166642898,0.0627477509542651,-4.710783368151091,0.0,-1,-0.007121439280359798
662.25,-0.4925710529381604,-0.09142216343915543,-12.276839226680217,0.0,-1,-0.004077010192525599
659.55,-0.8450305858291358,-0.147960565443377,-15.877207641110338,0.0,-1,-0.0045485558335228715
656.55,-1.2008411367888812,-0.1679237054677074,-19.474062106469198,0.0,-1,0.0012184905947758562
657.35,-1.2120096508696179,-0.059697406516147966,-17.369941190132977,0.0,-1,0.002129763444131738
658.75,-0.9999264370042056,0.050795269116421515,-13.623156377878644,0.0,-1,-0.004705882352941226
655.65,-1.0688909603211414,-0.0060564180668380985,-18.001531117629426,0.0,-1,0.002669106993060222
657.4,-0.8684656419528665,0.06478963343381228,-13.228087394749778,0.0,-1,7.605719501069252e-05
657.45,-0.6917141792725943,0.08051369870469482,-13.087500162680193,0.0,-1,-0.001749182447334574
656.3,-0.6415289329930829,0.0435663149947354,-15.072189447218392,0.0,-1,-0.0005332927015083699
655.95,-0.5921422321039245,0.03098433862796457,-15.69591368061139,0.0,-1,-0.0005335772543639816
655.6,-0.5472703623173629,0.02528540280484204,-16.363322342888686,0.0,-1,0.0006863941427699416
656.05,-0.4417285638976409,0.04360906707485468,-14.568712404274613,0.0,-1,0.0040393262708635636
658.7,-0.13131361769626437,0.11800800442541043,-4.861387105477284,0.0,-1,0.0009867921663881951
659.35,0.08900332354573948,0.1127749818891381,-2.702004663897661,0.0,-1,-0.008644877530901707
653.65,-0.28325514946209296,-0.08649449703956477,-15.813154935270035,0.0,-1,0.003824676814809136
656.15,-0.2374464568440544,-0.013561934807175408,-7.980600633635682,0.0,-1,0.005029337803855949
659.45,0.08024509420181403,0.10137653874623101,0.6359409616691991,0.0,-1,-0.00401850026537276
656.8,0.011570445207894409,0.01090062991743713,-5.292254005349946,0.0,-1,0.0023599269183922633
658.35,0.10543558361041505,0.034921922773319264,-1.3827283348075667,0.0,-1,0.0032657401078453052
660.5,0.3227485208441294,0.08407828666901121,3.666438397934513,0.0,-1,0.0018168054504164033
661.7,0.5045092793906178,0.08861301507183322,6.327823170936966,-0.22357412066673987,-1,-0.006196161402448275
657.6,0.21168055204793745,-0.06807190409028241,-3.7560429859148385,0.0,-1,-0.005018248175182594
654.3,-0.2273738576274127,-0.1690421045885442,-10.137960587790964,0.0,-1,0.0009170105456213218
654.9,-0.3779532409961348,-0.10654049598575549,-8.506797695475946,0.0,-1,-7.63475339745634e-05
654.85,-0.42591349593078576,-0.051500250306802164,-8.610744822993944,0.0,-1,0.0016034206306787535
655.9,-0.32690083207057796,0.015837471184468543,-5.373931285833734,0.0,-1,-0.013569141637444715
647.0,-0.9918194308012289,-0.21636037584872747,-20.642948256384525,3.36056994402918,-1,0.0015455950540959051
648.0,-1.158293777599738,-0.12761157421574554,-17.748986838933334,0.8285937446149774,-1,0.015972222222222276
658.35,-0.28250646953244996,0.24939191128384752,3.9470094654395993,0.0,-1,0.0
658.35,0.17892939029570698,0.23694259037066817,3.9470094654395993,0.0,-1,-0.009265588212956644
652.25,-0.1135967956482773,-0.018527865191105372,-6.247838872112517,0.0,-1,0.00268302031429668
654.0,-0.10456015564966492,-0.0031637417308310045,-3.052027866481758,0.0,-1,0.0006880733944953921
654.45,-0.05382848934618778,0.015855974857548708,-2.2045745884812504,0.0,-1,-0.0009168003667201496
653.85,-0.07397694874896388,-0.0014308281817424634,-3.309513831083585,0.0,-1,-0.0028293951212051693
652.0,-0.23205309938794016,-0.05316899294023961,-6.7360564541702175,0.0,-1,0.004601226993865115
655.0,-0.041753416425081014,0.04571023000753985,-0.10994569208285299,0.0,-1,0.0017557251908395521
656.15,0.15270920975854096,0.08005761873038729,2.2645669607082795,0.0,-1,0.0035052960451118498
658.45,0.4288814220370796,0.11874327700297532,6.81232989351048,0.0,-1,-0.006682360088085759
654.05,0.16456074300651835,-0.048525800675861985,-2.755080350666425,0.0,-1,0.0019111688708814967
655.3,0.12285367490744648,-0.030077622924977954,-0.09228688430056309,0.0,-1,-0.005646268884480277
651.6,-0.21657099871777064,-0.12316743218339837,-7.1977023681791295,0.0,-1,0.0003069367710251125
651.8,-0.35156908563726574,-0.08605517303429783,-6.712761965667923,0.0,-1,0.004525928198834128
654.75,-0.1439373719605328,0.04052551354747838,0.20611080416915684,0.0,-1,0.004505536464299409
657.7,0.2177065992078724,0.13405649490529456,6.1501317306420304,0.0,-1,-0.0004561350159648647
657.4,0.35538636819148905,0.09057875462963705,5.402835141511062,0.0,-1,0.0005324003650746256
657.75,0.42377738866730397,0.05298992503515065,6.159189091472328,0.0,-1,0.0025085518814138563
659.4,0.560158116516277,0.06312355096137456,9.736091942780881,0.0,-1,-0.0012132241431603852
658.6,0.5150019707310776,0.005989135058725004,7.22103507568751,0.0,-1,-0.0033404190707562176
656.4,0.2661737336109127,-0.08094636735381328,0.698767809751331,0.0,-1,0.008455210237660049
661.95,0.5820784705832693,0.07831945653951444,12.636424888955759,-0.6841207013671919,-1,0.0007553440592189542
662.45,0.7331909665208514,0.07647731749236553,13.52061041201852,-0.1444113447436166,-1,0.00030190957808118313
662.65,0.7643146339462419,0.035866994972585386,13.900289066069014,0.0,-1,0.0026409114917376186
664.4,0.8620169148300647,0.04452309195213611,17.217521807339793,0.0,-1,0.004214328717640159
667.2,1.0723666457028003,0.08495760760829052,21.820901406347033,-0.8875360162439847,-1,-0.006744604316546776
662.7,0.7131776239972396,-0.09141047136575675,7.422107685281212,0.0,-1,0.002414365474573632
664.3,0.6074849778113958,-0.06570103918386683,10.546901289052649,0.0,-1,-0.002408550353755645
662.7,0.3706815732341511,-0.10083481458703719,5.981886413880474,0.0,-1,-0.004904179870227843
659.45,-0.04944359349053684,-0.17365332710390835,-2.1589951648224215,0.0,-1,-0.006596406095989105
655.1,-0.617885877395338,-0.24736520366956982,-10.66565743516184,0.0,-1,0.003892535490764626
657.65,-0.6381165295648543,-0.08919861861302869,-4.368888372954622,0.0,-1,0.001140424237816573
658.4,-0.5325554781858273,0.005454144255332749,-2.585208026691987,0.0,-1,0.000987241798298788
659.05,-0.3812286626474588,0.052260319931233756,-0.9748152361517484,0.0,-1,-0.000986268113193245
658.4,-0.3279628663243557,0.035175372084778944,-2.5881073262214898,0.0,-1,-0.011846901579586788
650.6,-0.9239997293024089,-0.18695383029775814,-17.046824747605513,1.6627288099828093,-1,-0.0029203811865969875
648.7,-1.3033515166829375,-0.1887685392260956,-19.55936310702267,1.6782846183491529,-1,0.0016956990904886116
649.8,-1.2927481173162505,-0.05938837995313628,-16.307197302448934,0.0,-1,-0.00523237919359798
646.4,-1.463050741189818,-0.07656366794223457,-20.968712470296545,0.5004471702425235,-1,-0.0007735148514851353
645.9,-1.4679478246941926,-0.027153583815536342,-21.61050724035499,0.0,-1,0.0023997522836354257
647.45,-1.2189007143884965,0.07396450883005334,-16.543465567145603,0.0,-1,-0.0006950343655881541
647.0,-1.030302099703249,0.08752104117176684,-17.290078543084668,0.0,-1,-0.006800618238021583
642.6,-1.2168109507188092,-0.032995936614597765,-23.672930290289646,0.0,-1,-0.0018674136321196189
641.4,-1.3086644636665596,-0.04161648318744948,-25.14278300777755,0.0,-1,-0.0010134081696289154
640.75,-1.2997025148349621,-0.010884844785284065,-25.950873873013762,0.0,-1,-0.00015606710885684993
640.65,-1.1952463308494998,0.031190446400059413,-26.08377980680266,0.0,-1,0.002809646452821557
642.45,-0.8934143779526948,0.1110074664322882,-18.51131332732241,0.0,-1,0.0017900225698497252
643.6,-0.5722138700082269,0.1440693247922521,-13.990237146699108,0.0,-1,-0.0024860161591050423
642.0,-0.49726246020190956,0.07300691153285643,-17.323675063946666,0.0,-1,-0.003894080996884708
639.5,-0.6266815502820009,-0.01880405951574493,-21.84804570155186,0.0,-1,-7.818608287712969e-05
639.45,-0.6433342994652094,-0.011818936232984467,-21.93440056025925,0.0,-1,0.004065994213777291
642.05,-0.38138281576800637,0.08337751582140618,-11.104758654548846,0.0,-1,-0.0008566311034965413
641.5,-0.26445850593881914,0.06676727521686449,-12.434045561269755,0.0,-1,-0.0014809041309431503
640.55,-0.26312480886258527,0.022700324097699454,-14.746348692868281,0.0,-1,0.003278432596987013
642.65,-0.06553089291924152,0.07343141334701442,-6.243305982533151,0.0,-1,-0.001789465494437037
641.5,-0.057106360537659384,0.027285315242865524,-9.48112447550217,0.0,-1,-0.010833982852689106
634.55,-0.6273018976353342,-0.18097007395160308,-22.93113239348604,1.210936173028017,-1,-0.0020486959262469018
633.25,-0.968457841381337,-0.17404200589920193,-24.678072271946572,1.3599834376680064,-1,0.001973943939992173
634.5,-0.9541643264725508,-0.05324949699680526,-19.861169567707933,0.0,-1,-0.0023640661938534313
633.0,-0.9925038751454167,-0.03052968188989036,-22.247930328601285,0.0,-1,0.001737756714059957
634.1,-0.837298326553082,0.04155862223414808,-17.86857540290478,0.0,-1,-0.00023655574830461212
633.95,-0.7024206917108131,0.05881208569213903,-18.16099087067395,0.0,-1,-0.000709835160501715
633.5,-0.6139468166470579,0.049095320251964725,-19.098401871973557,0.0,-1,0.006077348066298338
637.35,-0.19771431106130422,0.15510927527923946,-3.9880697773537364,0.0,-1,-0.0012551973013259499
636.55,-0.03978853234661983,0.10434501799797463,-6.199493126431747,0.0,-1,-7.854842510401916e-05
636.5,0.03832340137296342,0.060818983905852636,-6.345196960250064,0.0,-1,0.0016496465043205344
637.55,0.16168575145161412,0.06139377799483445,-2.2867465157814877,0.0,-1,0.0037644106344600914
639.95,0.40989311386999816,0.10320038013773947,5.798917400196061,0.0,-1,0.0028127197437299856
641.75,0.6498390355900483,0.11438210061926324,10.844749829416912,0.0,-1,-0.0001558239189716204
641.65,0.7073254101508155,0.057289491726676856,10.418996151959128,0.0,-1,0.004519597911634143
644.55,0.9187914799186956,0.08958518716485231,17.70139624203216,0.0,-1,-0.0009308820107050142
643.95,0.8979585581427045,0.022917421796287085,14.954102724367985,0.0,-1,0.0008541035794704666
644.5,0.8585455507428605,-0.005498528534518932,16.345095050152366,0.0,-1,0.00046547711404176795
644.8,0.7922935844810581,-0.02391683159877378,17.135643940272075,0.0,-1,0.0014733250620349025
645.75,0.772309802643349,-0.014633537812160924,19.644509879411146,0.0,-1,0.005110336817653716
649.05,0.9729587615042874,0.06200514034959248,26.55305278553982,0.0,-1,-0.0009244280101685654
648.45,0.9422033441427402,0.010416574329348394,23.188059193840957,0.0,-1,0.005243272418844924
651.85,1.1316420234500129,0.06661841787887379,29.000052375026698,0.0,-1,-0.0055994477257037545
648.2,0.8278911944828451,-0.07904413702943136,12.769985465148892,0.0,-1,0.0036254242517739232
650.55,0.8028581804589976,-0.03469238368442629,17.540519362414216,0.0,-1,-0.0033817539005456254
648.35,0.5401034917421157,-0.09914902413376936,9.597039869347924,0.0,-1,-0.006709339091540145
644.0,0.001217523071886717,-0.21267833093466615,-2.6401291584024804,0.0,-1,0.0003105590062113528
644.2,-0.25166025485259524,-0.15518536961971607,-2.0936927314339613,0.0,-1,0.004656938838869973
647.2,-0.10712745591035855,-0.003550856892493126,5.58973198708069,0.0,-1,0.006180469715698411
651.2,0.3073995648865093,0.1369920546347916,13.55354743437703,0.0,-1,-0.003915847665847738
648.65,0.2765464448777948,0.03537964487535902,6.390740135040232,0.0,-1,-0.0007708317274338627
648.15,0.19640768113367812,-0.014919706289585888,5.03927912096065,0.0,-1,-0.004011417110236892
645.55,-0.07669567416621703,-0.09600768719649369,-1.6550583479601784,0.0,-1,0.0003872666718303108
645.8,-0.18602271230236056,-0.06844490844421242,-0.9924379633431712,0.0,-1,7.742335088267716e-05
645.85,-0.22101767201183975,-0.034479956051230526,-0.8474910569539418,0.0,-1,0.0017805992103430146
647.0,-0.1242636791989753,0.020758012253877967,2.596033493255092,0.0,-1,-0.005564142194744992
643.4,-0.3655313761926209,-0.07350322824658923,-7.431313722598198,0.0,-1,-0.004507304942492962
640.5,-0.6973709433400472,-0.1351142651313385,-13.636462189176399,0.7938367099230845,-1,-0.0006245120999218701
640.1,-0.8385098149686883,-0.09208437891999322,-14.431068898461128,0.23915256383804717,-1,0.001484143102640001
641.05,-0.7600367662023473,-0.0045371100512173745,-10.91825870749122,0.0,-1,-0.002573902191716715
639.4,-0.7949638446357312,-0.013154729494867068,-14.638784830026928,0.0,-1,0.0009383797309978625
640.0,-0.6961803967993774,0.028542906113828925,-12.244603954726976,0.0,-1,0.0
640.0,-0.5887736398145762,0.04531655436621007,-12.244603954726976,0.0,-1,-0.0010156249999999645
639.35,-0.5401724580042355,0.03130591205885025,-14.026661037607681,0.0,-1,0.0008602486900757267
639.9,-0.42502416226545847,0.048818069265875785,-11.306132272097145,0.0,-1,0.00046882325363339916
640.2,-0.307031334207295,0.05560363244134642,-9.76702060388164,0.0,-1,0.0009372071227740086
640.8,-0.17244897566092732,0.06339533032923805,-6.6088331630219415,0.0,-1,-0.0022627965043694465
639.35,-0.21162038174929876,0.008074641413622213,-12.000558401968732,0.0,-1,-0.008133260342535475
634.15,-0.6469043863144179,-0.14240312105049902,-24.584523634051997,0.0,-1,-0.003311519356619108
632.05,-0.9856376897373593,-0.16037880815781347,-27.872614685231717,0.9000930988429445,-1,-0.005379321256229641
628.65,-1.3562012006374289,-0.17698077301929427,-32.0501764345054,2.191937150823719,-1,-0.004215382168137993
626.0,-1.6492995227009715,-0.15669303169427895,-34.57255982467814,2.4164121803486296,-1,0.012140575079872207
633.6,-1.0250737235077167,0.155844255832992,-8.414863693444488,0.0,-1,-0.0029198232323233153
631.75,-0.7817046802854293,0.13307109968509312,-11.625072004099238,0.0,-1,0.008389394538979023
637.05,-0.15321143531707548,0.253854781551149,0.5309232592828366,0.0,-1,-0.007691703947884765
632.15,-0.23453052655656847,0.05751189677055202,-7.983099319278033,0.0,-1,-0.00023728545440160342
632.0,-0.26814586162993237,0.007965520565729356,-8.222525926883847,0.0,-1,-0.010838607594936711
625.15,-0.8334413740307127,-0.18577666394501702,-17.592706552164387,0.142848131907499,-1,-0.005038790690234274
622.0,-1.309135682395322,-0.2204903241032088,-20.924722873216723,0.9633477461644588,-1,0.0001607717041800516
622.1,-1.4295548630447001,-0.11363650158419558,-20.668429877565202,0.0,-1,0.0024111879119113055
623.6,-1.2456348814489502,0.023427826670518126,-16.654085611837246,0.0,-1,-0.0020846696600386183
622.3,-1.1582053171970301,0.03695246364081273,-18.38355089298821,0.0,-1,0.0043387433713644175
625.0,-0.7929734253046945,0.13406145184438278,-11.073807739395527,0.0,-1,-0.0012799999999999478
624.2,-0.6109430272498457,0.10536394996641052,-12.397099262853935,0.0,-1,0.001602050624799789
625.2,-0.3856825759514777,0.11020813375492622,-9.583840976933153,0.0,-1,0.0009596928982724684
625.8,-0.19091213563967813,0.1016595246889086,-7.8451558363371205,0.0,-1,-0.0030361137743687427
623.9,-0.23595090418052678,0.01887358538268663,-11.770280045844231,0.0,-1,0.0016028209648981662
624.9,-0.15547437976920264,0.033116703264670255,-8.580485072020124,0.0,-1,0.0010401664266281863
625.55,-0.04811325258276611,0.04682594348370227,-6.474260855442154,0.0,-1,0.0023978898569259055
627.05,0.1345767487256353,0.07650531493070123,-1.707327069961181,0.0,-1,0.0005581692050076192
627.4,0.24387368698603495,0.06193408439703363,-0.6000063881310851,0.0,-1,-0.015301243226012118
617.8,-0.5218006511325939,-0.2345800845738651,-20.10866242974869,0.0,-1,0.0011330527678861113
618.5,-0.8028210992641789,-0.17186684423515008,-17.93506674638172,0.0,-1,-0.0019401778496362931
617.3,-0.9764295650579697,-0.11515843667631365,-19.723036218482566,0.0,-1,0.0029969220800258878
619.15,-0.8276980008666897,0.011191042504988813,-13.643994017506216,0.0,-1,0.005410643624323752
622.5,-0.4051907186989183,0.14456610822425342,-4.1455548633238735,0.0,-1,0.007630522088353464
627.25,0.23566214894322002,0.26180632528879727,6.161926772296219,0.0,-1,-0.005340773216420902
623.9,0.257283403685733,0.09447586001043676,-1.1285170316595838,0.0,-1,-0.0008815515306939137
623.35,0.20082041408318219,0.012670956802628641,-2.259037707399628,0.0,-1,0.006336728964466021
627.3,0.4850205514416075,0.098957031387018,5.88438892311045,0.0,-1,-0.00015941335883928875
627.2,0.5783689075007032,0.06410179581537123,5.640497135953041,0.0,-1,-0.0011957908163264808
626.45,0.5143456765717929,2.6188295486950786e-05,3.6879468849041714,0.0,-1,-0.0023146300582649326
625.0,0.31863858805979817,-0.06522696673883593,-0.07552724085687856,0.0,-1,0.00015999999999993797
625.1,0.2025651614653725,-0.06043346444442055,0.19202004848356324,0.0,-1,0.00031994880819063987
625.3,0.14431468471275366,-0.039561313732346476,0.776453959966652,0.0,-1,0.03230449384295553
645.5,1.7864965559436996,0.5342068524995331,28.753524569784062,-8.809912281049947,-1,0.010611928737412901
652.35,3.0295461118972753,0.5924188028177029,32.50100335234626,-9.035777316309805,-1,-0.009044224725990646
646.45,2.906942047215921,0.1566049127121163,20.586102791344757,0.0,-1,-0.009436151287802619
640.35,2.0950615109405817,-0.21842520785440778,10.541759562281868,0.0,-1,-0.004450691028343945
637.5,1.2770327835578428,-0.34548464507904897,6.377117124573061,0.0,-1,-0.001803921568627409
636.35,0.6657656879033311,-0.31891724691118695,4.690392473036177,0.0,-1,-0.0025929127052721768
634.7,0.16715166608412346,-0.27251042291013156,2.2006149515514153,0.0,-1,0.0001575547502756791
634.8,-0.08775131699906069,-0.17580446866443855,2.34670344071111,0.0,-1,-0.004095778197857447
632.2,-0.4245568654574754,-0.1708700057076178,-1.9001587622108929,0.0,-1,-0.0021354001898133967
630.85,-0.6700799008984859,-0.1387976803828761,-4.050831834308816,0.0,-1,0.0014266465879368972
631.75,-0.6620014268775094,-0.04357306878729983,-2.3180320483571464,0.0,-1,0.0008705975464977644
632.3,-0.5569620709605942,0.020488762376538405,-1.2034227366987338,0.0,-1,0.0007907638779061088
632.8,-0.41636222042211557,0.05369620430500571,-0.12475342784924237,0.0,-1,0.0003160556257901792
633.0,-0.2946987767842302,0.0584532159809637,0.34020246439690993,0.0,-1,0.004739336492890933
636.0,0.04069117643336995,0.13128105639952128,6.989592568026005,0.0,-1,-0.0036163522012577776
633.7,0.01332855500606911,0.034639478324073485,1.154776967277705,0.0,-1,0.0008679185734574713
634.25,0.04436986470852844,0.02189359600884427,2.44834584002038,0.0,-1,-0.0011824990145841152
633.5,-0.006306969165848386,-0.009594412621844186,0.4250030901918578,0.0,-1,0.000473559589581507
633.8,-0.006119805339380946,-0.003135749598458916,1.2606728244811052,0.0,-1,-0.005285579047017874
630.45,-0.2846829063144014,-0.09389961685782647,-7.605944828955742,0.0,-1,0.0008723927353477823
631.0,-0.3544075479425146,-0.054541419495313215,-5.8438691660760895,0.0,-1,-0.0003961965134706702
630.75,-0.38056923976125745,-0.026901037104685332,-6.515646088233055,0.0,-1,-0.0017439556084026808
629.65,-0.45360264902387826,-0.0333114821224354,-9.526018108872805,0.0,-1,-0.0013499563249425028
628.8,-0.5231524662366382,-0.034287099778398444,-11.796776301388014,0.0,-1,0.0015108142493638343
629.75,-0.4351646693232851,0.017900232378318226,-7.771715971180676,0.0,-1,-0.0034140531957125297
627.6,-0.534073715089562,-0.02700293779598628,-13.714759664271178,0.0638463589531284,-1,0.0010356915232632158
628.25,-0.48485542838204765,0.007405116303842718,-10.838574093326535,0.0,-1,-0.001591723040191062
627.25,-0.5031749993297581,-0.0036381515479558812,-13.643989681979399,0.0,-1,0.003029095257074399
629.15,-0.31207020152601217,0.06248888208526332,-5.283272310814851,0.0,-1,-0.004450449018516989
626.35,-0.423845285830339,-0.016428734073021145,-13.19925262681285,0.0,-1,0.0026343098906362883
628.0,-0.30691238749659533,0.0335013880869075,-6.634760085610061,0.0,-1,0.0
628.0,-0.22286990603845425,0.03918128984834951,-6.634760085610061,0.0,-1,0.00047770700636928787
628.3,-0.13727617313952578,0.04159167424909266,-5.344387598626575,0.0,-1,-0.001750756008276122
627.2,-0.1747062922617033,0.0013871850423050336,-9.13742145199106,0.0,-1,0.0017538265306120682
628.3,-0.08719582746766719,0.029632549945447062,-4.0375008462940585,0.0,-1,-0.0023873945567404187
626.8,-0.1611742761150481,-0.014781966233977956,-9.349121283270414,0.0,-1,0.0023133375877473217
628.25,-0.06389897742906214,0.027497777484002672,-2.7958597756900474,0.0,-1,0.0036609629924393428
630.55,0.18173025336636783,0.09104233609314423,5.804864077683,0.0,-1,-0.0008722543810958383
630.0,0.24356734765024157,0.05095981012567266,3.489618917780824,0.0,-1,0.00182539682539673
631.15,0.3500219491545522,0.05247147054332779,7.578492378872959,0.0,-1,0.004832448704745307
634.2,0.6282474208104531,0.11023231406640954,16.30720670028751,-1.6356164904808566,-1,0.0011825922421948576
634.95,0.7775062049041708,0.08649703272004239,18.100561166626633,-1.3426956115043822,-1,0.0028348688873138794
636.75,0.9373434132090779,0.0821114136749832,22.065518098671305,-1.6359493865128343,-1,0.002748331370239443
638.5,1.0849833995940799,0.07658380001999499,25.372278304080808,-1.6224561008672254,-1,-0.000783085356303892
638.0,1.026721442820417,0.006107281082110783,22.642409541042767,0.0,-1,0.00015673981191222097
638.1,0.9203636775318955,-0.03341682806880353,22.860840406830278,0.0,-1,0.0004701457451810054
638.4,0.8154878217600299,-0.04609756128022302,23.564405035967,0.0,-1,-0.003524436090225569
636.15,0.5075925753940282,-0.11799760254874159,10.495246965224446,0.0,-1,0.00133616285467264
637.0,0.38217890426153645,-0.0811370912270778,13.236743823717433,0.0,-1,0.0009419152276295417
637.6,0.3376238266735072,-0.041897389605035695,15.13443245465453,0.0,-1,-0.002274153074027674
636.15,0.16637763565665864,-0.07104786020729476,7.205366987099815,0.0,-1,0.005423249233671434
639.6,0.35438973717691624,0.03898808043765428,17.62458813101719,0.0,-1,0.0016416510318948419
640.65,0.5063633098390028,0.06365388436658026,20.08738202658688,0.0,-1,-0.0006243658784047534
640.25,0.5068198203500742,0.021370131625883915,17.901043548887188,0.0,-1,0.009839906286606803
646.55,0.9898130905763765,0.1681211339507288,29.236114349715663,-1.0909705138392383,-1,-0.0007733353955610145
646.05,1.1071586348081155,0.09515555939415599,26.843207710823364,0.0,-1,-0.004179243092639728
643.35,0.8485681873567046,-0.05447829601908494,15.055304783747587,0.0,-1,0.002098391233387842
644.7,0.7610589480179897,-0.047329178452599985,17.79953594001691,0.0,-1,-0.00232666356444855
643.2,0.5288827493470762,-0.0931684590411711,11.807233561147243,0.0,-1,0.001088308457711351
643.9,0.42705442089936696,-0.06499892916296013,13.480835253791582,0.0,-1,7.765180928731574e-05
643.95,0.34471905493387567,-0.04911143170948379,13.607400225281609,0.0,-1,-0.0034940600978337066
641.7,0.08732478403999266,-0.1021685675344556,4.213053901733822,0.0,-1,-0.0012466884837152303
640.9,-0.11531608341022093,-0.10160314499488976,1.2242365564057778,0.0,-1,-0.005773131533780562
637.2,-0.515360176851118,-0.1672157461452623,-10.084342077261951,0.0,-1,-0.0018832391713747842
636.0,-0.7724355421673863,-0.14143037048717688,-13.025835674461128,0.0,-1,0.0
636.0,-0.8366035963115337,-0.06853280821044139,-13.025835674461128,0.0,-1,0.0021226415094339757
637.35,-0.6864706570243015,0.027200043692263587,-7.174017429978122,0.0,-1,0.0031379932533144306
639.35,-0.3875316326286793,0.10871302269596195,0.40577089379277,0.0,-1,0.0010948619691872885
640.05,-0.14743448437843654,0.11627005698206827,2.837316452224094,0.0,-1,0.0006249511756895032
640.45,0.01823363011146739,0.09397939049065741,4.2611395987866345,0.0,-1,0.0029666640643297715
642.35,0.2578815515138331,0.11120910396434106,10.547298903640055,0.0,-1,-0.0027243714485871706
640.6,0.21038204958892948,0.02123653401314582,3.0813661633404834,0.0,-1,-0.004917265064002474
637.45,-0.09339953883920771,-0.09418168480499715,-7.419595599332752,0.0,-1,0.004314063848144922
640.2,-0.008340371483313902,-0.0030408391497011153,1.8250075236522463,0.0,-1,0.004764136207435099
643.25,0.28905090981811554,0.09811681405057612,9.800743955586157,0.0,-1,-0.002487368830159431
641.65,0.2803256413172903,0.029797181849916976,4.537848166346592,0.0,-1,-0.0003116964076987916
641.45,0.23593587029051832,-0.004864196392284997,3.879269907653793,0.0,-1,0.013329176085431271
650.0,0.906579662252966,0.22192653185672095,20.690793178942897,-2.57084631906514,-1,-0.0017692307692307452
648.85,1.0705199197130923,0.12862226310561575,17.038828845587517,-0.28377351369817916,-1,-0.0023117823842182528
647.35,0.9382800551336459,-0.0012058671579435742,12.369176068271948,0.0,-1,-0.006487989495636115
643.15,0.4439701182494673,-0.16517193468070734,1.2606213587318607,0.0,-1,-0.0018658166835107126
641.95,0.05981763995328038,-0.18310813765896478,-1.4826816881383138,0.0,-1,0.009034971570994532
647.75,0.34608993080917116,0.03438805106564202,10.010497112745313,0.0,-1,0.0003859513701274242
648.0,0.48121858200295264,0.056505567419807834,10.433531621136297,0.0,-1,-0.0031635802469135443
645.95,0.3378480257663341,-0.028954996272270217,5.1208137484331075,0.0,-1,0.0010062698351265276
646.6,0.292175412167353,-0.024875869957083796,6.469013596301366,0.0,-1,-0.0009279307145066973
646.0,0.19499115435394287,-0.040686709256831294,4.781155719756761,0.0,-1,0.0004643962848296379
646.3,0.15514976258452862,-0.02684270034208186,5.519774169622174,0.0,-1,0.008277889524988424
651.65,0.5681332531510179,0.12871359674146915,16.396065665107713,0.0,-1,0.0066753625412414586
656.0,1.0897805606716702,0.21678696808737374,22.47622338407598,-1.7636530051523778,-1,-0.0022865853658536883
654.5,1.134789167709414,0.08726519170837244,17.777602418547986,0.0,-1,0.007333842627960108
659.3,1.4627277072524976,0.13840124375048535,23.81370240696981,-1.40214594739939,-1,-0.003943576520551995
656.7,1.2881363347529486,-0.012063376249687785,16.334927947477823,0.0,-1,0.004035328155931106
659.35,1.314329287273722,0.004709858757028451,19.800129811661165,0.0,-1,-0.0021233032532038676
657.95,1.1012316562613478,-0.06946259075178185,15.823029801324594,0.0,-1,-0.000379968082681037
657.7,0.8820802027333912,-0.09620468142657945,15.087203415388743,0.0,-1,-0.0004561350159648647
657.4,0.6739977924082723,-0.1014290305838994,14.131316796253799,0.0,-1,-0.0006084575600850961
657.0,0.4804567712116068,-0.0983233505935216,12.765698385331092,0.0,-1,0.016742770167427645
668.0,1.2603148630124679,0.22717824706911327,27.442682878797697,-1.8403394453209785,-1,0.003667664670658821
670.45,1.7493843369951492,0.2387492403505982,29.447560596743216,-1.1864830185962774,-1,-0.0008203445447089175
669.9,1.8023037125702785,0.0972228719752426,27.72445371065895,0.0,-1,0.005672488431109235
673.7,1.9952380909769545,0.09671908346063951,30.903920310661277,0.0,-1,-0.002671812379397509
671.9,1.7754354392654932,-0.04102785608360726,25.250858167132705,0.0,-1,-0.004464950141390034
668.9,1.267581160137638,-0.1829607117371541,16.62930138160911,0.0,-1,-0.001943489310808677
667.6,0.7996889238955873,-0.2169509826597349,13.145934496379667,0.0,-1,-0.008687837028160672
661.8,0.01576872878320046,-0.3336237259240406,0.14906088407114026,0.0,-1,0.0033998186763373184
664.05,-0.19000542950493582,-0.17979929473739228,4.211285788223115,0.0,-1,0.0021082749792937783
665.45,-0.16039205619017594,-0.05006197380754414,6.653307885065949,0.0,-1,0.0038319933879329415
668.0,0.08028063514962014,0.06353690584408397,10.876128211899783,0.0,-1,-0.006886227544910195
663.4,-0.18940640544292364,-0.06871671158281994,0.9311225923953259,0.0,-1,-0.0027886644558335894
661.55,-0.46263272528551624,-0.11398101047513753,-2.5339511308292018,0.0,-1,-0.004005744085858964
658.9,-0.7815264914330555,-0.14429159220755894,-7.171550406665446,0.0,-1,-0.019046896342388764
646.35,-1.9216795002207618,-0.42814820033175516,-21.71398783359802,3.8388953253933096,-1,0.0037905159743172323
648.8,-2.1274493795962144,-0.21130602656906916,-16.794441843034726,0.0,-1,0.005317509247842134
652.25,-1.7655468709842808,0.05019882734762149,-10.320125853841013,0.0,-1,-0.0005366040628593804
651.9,-1.4666333774296163,0.11637077363409531,-10.748981309526727,0.0,-1,-0.0032980518484430066
649.75,-1.3741238491998047,0.0696267672879689,-13.445534535487432,0.0,-1,0.0003847633705271747
650.0,-1.1925254309849151,0.08374172850095274,-12.887346690178084,0.0,-1,0.0019230769230769162
651.25,-0.8981824359620987,0.12602824117458966,-9.956821807572233,0.0,-1,-0.001458733205374374
650.3,-0.7553290687870913,0.08962720278319902,-11.472893093993584,0.0,-1,-0.00023066277102867794
650.15,-0.6334582961341084,0.07049932514539392,-11.72711177678027,0.0,-1,-0.003922171806506114
647.6,-0.7322347184630189,-0.009425699061172188,-15.968678402394303,0.0,-1,-0.0029339098208770453
645.7,-0.8789367030889252,-0.052042561229026174,-18.828649147163272,0.0,-1,-0.00015487068297970197
645.6,-0.8873763034778221,-0.02016072053930773,-18.981094131492306,0.0,-1,-0.0013166047087980193
644.75,-0.888481411715702,-0.007088609592395878,-20.350557634615697,0.0,-1,-0.00023264831329972147
644.6,-0.827493848191807,0.017966317977166413,-20.60502198710694,0.0,-1,-0.0031802668321441185
642.55,-0.8988755790804817,-0.0178051376371694,-23.994243855682168,0.0,-1,0.0014784841646564573
643.5,-0.7804934796014322,0.033525653947293343,-19.847520264945718,0.0,-1,0.004273504273504258
646.25,-0.42709463989513097,0.1289748312178649,-9.180307708478672,0.0,-1,-0.0018568665377176607
645.05,-0.3148040000506853,0.08042182368743683,-11.99449204100209,0.0,-1,-0.00038756685528251733
644.8,-0.2532583467909717,0.047322492315716835,-12.591485442221384,0.0,-1,-0.0006203473945408655
644.4,-0.2347139912617422,0.021955615948315466,-13.607755895983445,0.0,-1,0.0031812538795779055
646.45,-0.03504898089204289,0.07387354210600493,-5.085960160220068,0.0,-1,0.021192667646376284
660.15,1.2093709393672043,0.4394311541217508,22.385521673322017,-3.982168804977732,-1,0.002423691585245802
661.75,1.8641333212161726,0.3647311786569065,24.063946743718418,-3.1860393208646656,-1,0.0
661.75,2.036170068706042,0.17892264204892538,24.063946743718418,-1.1398048926830597,-1,-0.004760105780128421
658.6,1.6900076033921323,-0.05574660775499485,14.530772499517923,0.0,-1,0.00022775584573331287
658.75,1.3885924037858786,-0.11905393578708279,14.77069608215676,0.0,-1,0.0004554079696394986
659.05,1.1471687703339057,-0.12015918974635187,15.292410864053252,0.0,-1,0.003565738563083176
661.4,1.126692889413448,-0.0468783568889366,19.255231412664656,0.0,-1,-0.015119443604475369
651.4,0.18923054150207008,-0.3281135682667715,-5.024562043604043,0.0,-1,0.0017654283082590982
652.55,-0.19943651091216452,-0.2389268735603354,-2.665320195786812,0.0,-1,-0.0006129798482874538
652.15,-0.4104836612098097,-0.14999134128599356,-3.4368939613351017,0.0,-1,-0.0029901096373532443
650.2,-0.6443002645912657,-0.12793598155581654,-7.214580463959599,0.0,-1,-0.0024607812980621535
648.6,-0.8408502108993616,-0.1081619759546375,-10.161256973381604,0.0,-1,-0.001079247610237477
647.9,-0.9273876664784666,-0.06489981051124749,-11.451811010028038,0.0,-1,0.00015434480629727965
648.0,-0.8850407553948116,-0.007517633142530844,-11.137443762106194,0.0,-1,0.000694444444444553
648.45,-0.7526139035701362,0.04163640622738152,-9.612650229899309,0.0,-1,0.006168555786876473
652.45,-0.2903493190269728,0.16796699692351502,2.1692626884111306,0.0,-1,-0.007433519809947109
647.6,-0.4391879168364312,0.006376133038018872,-8.800725995192934,0.0,-1,-0.0010809141445337067
646.9,-0.5353415560048234,-0.029925835376791055,-10.144701456533461,0.0,-1,-0.0026279177616322924
645.2,-0.6804732459219167,-0.0583525084312948,-13.369161557665848,0.0,-1,0.00108493490390571
645.9,-0.6379996537203851,-0.005292972076587743,-11.107276769144896,0.0,-1,-0.0007741136398823345
645.4,-0.6052628864761118,0.009147931722561897,-12.178693684683175,0.0,-1,0.0048806941431669415
648.55,-0.27595592898103405,0.11281829640587993,-2.1267735327466752,0.0,-1,0.008711741577364984
654.2,0.38252721051492244,0.2571004786339455,10.575224695025717,0.0,-1,-0.001757872210333411
653.05,0.5840581793866022,0.15287714916854178,7.411373677729024,0.0,-1,-0.0014547125028709917
652.1,0.5569854822068692,0.041934817329602914,4.784945780537832,0.0,-1,-0.007130808158257951
647.45,0.1095336767665458,-0.13517232937024018,-6.13000873904835,0.0,-1,0.0013128426905550938
648.3,-0.052486699017549654,-0.09906423505144524,-3.947019411774079,0.0,-1,0.00030849915162733943
648.5,-0.11245632865814059,-0.05301128823067873,-3.4040204284239195,0.0,-1,-0.009637625289128704
642.25,-0.653903116090305,-0.19815269188761442,-15.471504398048602,0.44390209274638437,-1,-0.000622810432074683
641.85,-0.9034679167988315,-0.14923916419871364,-16.09589736556002,0.0,-1,0.005686686920620021
645.5,-0.6487946574197849,0.03514469839344436,-5.85510456597617,0.0,-1,-0.00030983733539902136
645.3,-0.4840584729453212,0.06662696095596932,-6.267635628763685,0.0,-1,-0.004261583759491705
642.55,-0.5905188412959888,-0.013277802464899402,-11.731256495214602,0.0,-1,-0.001011594428449114
641.9,-0.6487057886965886,-0.023821583288499704,-12.946992326542691,0.0,-1,0.0028041751051566255
643.7,-0.4737404466721955,0.05038125291196449,-7.341888699780036,0.0,-1,-0.000932111231940369
643.1,-0.3967794051039846,0.04244743149339181,-8.703818716738333,0.0,-1,0.00373192349556839
645.5,-0.1252339338944921,0.10466430090096143,-1.4090690896800737,0.0,-1,0.000929512006196731
646.1,0.0709749628681493,0.10029106588786761,0.3062438393422653,0.0,-1,0.0013929732239590376
647.0,0.2381648310104083,0.08916031134337554,2.924129820479216,0.0,-1,-0.001468315301391132
646.05,0.222746029164,0.024580503165655743,-0.1555415188786924,0.0,-1,-0.0023991951087376506
644.5,0.06730779247709506,-0.04361924450708307,-4.911935505283068,0.0,-1,0.0007757951900697613
645.0,0.025646358093922572,-0.02842689296341852,-3.0959267359900267,0.0,-1,-0.005426356589147252
641.5,-0.28898822227210985,-0.11435382444315034,-12.692265972128197,0.0,-1,0.002338269680436378
643.0,-0.29722316059917375,-0.040862920923404766,-7.126635306794867,0.0,-1,0.0010886469673405674
643.7,-0.21823869971274235,0.012707179987675538,-4.612676547249357,0.0,-1,-0.00015535187199011702
643.6,-0.16889324429348562,0.020684211802310754,-4.927516934854289,0.0,-1,0.0036513362336856314
645.95,0.06568725377394458,0.08508823662324701,3.495639971715903,0.0,-1,0.0030188095053795827
647.9,0.34000356499313966,0.11980151594748073,9.25626959423974,0.0,-1,0.0006173792251891186
648.3,0.48216142351998315,0.08731979149144142,10.375007478271314,0.0,-1,-0.006555606972080796
644.05,0.158893567490054,-0.07864935484616259,-4.4049113555018735,0.0,-1,-0.0018632093781537629
642.85,-0.11598149114900025,-0.11784147116173896,-7.656888093708915,0.0,-1,-0.008011200124445783
637.7,-0.6729205628728323,-0.22492684762852372,-18.403135358951783,1.603628967407417,-1,-0.0026658303277403705
636.0,-1.0369800518286638,-0.19632877886145172,-21.093826477573547,1.7811491016287846,-1,-0.0007861635220125507
635.5,-1.1742614586542004,-0.11120339522899614,-21.876477478463247,0.9384082765144512,-1,-0.001180173092053538
634.75,-1.2075470405125088,-0.04816299236243493,-23.090781342156447,0.22661705205803173,-1,0.0011815675462780728
635.5,-1.061060911398954,0.03277437891704005,-19.744774490823225,0.0,-1,0.0009441384736428304
636.1,-0.8493961042256615,0.08147972869677755,-17.017674555285588,0.0,-1,-0.003065555730231151
634.15,-0.8352806919534714,0.031865046989655865,-21.098521368774044,0.0,-1,-0.0037057478514547215
631.8,-0.9544495948211988,-0.029101285292690515,-25.206251899559863,0.0,-1,0.004669199113643607
634.75,-0.6886632466867013,0.07889502094726897,-12.763876817242405,0.0,-1,0.001102796376526216
635.45,-0.44004813539550014,0.10917004407949005,-10.140562412540206,0.0,-1,0.0024392163034070435
637.0,-0.1499032351337064,0.1331049814470946,-4.532800899057001,0.0,-1,0.003767660910517945
639.4,0.2076611512583213,0.1635564559463741,3.005988384798698,0.0,-1,-0.015483265561463844
629.5,-0.4558617514837806,-0.16665548226524263,-17.552943528872404,0.0,-1,0.006592533756949903
633.65,-0.4038013902312514,-0.03819837367090445,-7.216577498960518,0.0,-1,0.0025250532628422473
635.25,-0.21078776041895253,0.05160508538046482,-3.696905162508358,0.0,-1,-0.0035419126328217754
633.0,-0.2842152988112048,-0.007274151003929141,-7.757161708923569,0.0,-1,-0.0020537124802526563
631.7,-0.4055777931064313,-0.04287888176638521,-10.008444624687122,0.0,-1,0.0028494538546777193
633.5,-0.28246089082858816,0.026746006837152614,-5.461155755354056,0.0,-1,0.0006314127861088981
633.9,-0.1640306987872009,0.04839206629284665,-4.442509746499283,0.0,-1,-0.010727244044801965
627.1,-0.6578130445342367,-0.14846342648472977,-16.176772947247336,1.615902936313887,-1,0.00255142720459256
628.7,-0.7165531303633088,-0.06906783743793399,-12.00166285221048,0.0,-1,0.0008748210593287897
629.25,-0.6403770790808494,0.002369404614841808,-10.54276529336964,0.0,-1,-0.0004767580452919029
628.95,-0.5739242968495546,0.02294072894871224,-11.097537391134573,0.0,-1,-0.006041815724620481
625.15,-0.8095375476631261,-0.07089084062161977,-17.523979557087706,0.30560845321906527,-1,0.000559865632248302
625.5,-0.8307160440980397,-0.0306897790188444,-16.40141129913973,0.0,-1,-0.0003197442046363186
625.3,-0.7887456219740443,0.0037602143683836964,-16.752353086572022,0.0,-1,-0.0042379657764273215
622.65,-0.9228649424142077,-0.04345303535725986,-21.183610533664215,0.0,-1,0.0037741909580020216
625.0,-0.7171858574330372,0.05407534987463691,-12.920598377327842,0.0,-1,-0.0033600000000000296
622.9,-0.729580826823053,0.01389346016154036,-16.752594513890365,0.0,-1,-0.0021672820677476334
621.55,-0.7874799092828653,-0.014668540766090588,-19.038147270702254,0.0,-1,-0.0006435524092992528
621.15,-0.7841394580724454,-0.0037760298518902946,-19.723359164351773,0.0,-1,0.004105288577638255
623.7,-0.5046242776279541,0.09191305019753371,-10.274690482940514,0.0,-1,0.0020041686708354156
624.95,-0.21864799760339793,0.12596311007403,-6.131576503530098,0.0,-1,0.0024801984158731027
626.5,0.07172747554250236,0.13877952773997676,-1.275546455329895,0.0,-1,0.012210694333599337
634.15,0.8484379224869372,0.3051633248948039,15.223200572061188,0.0,-1,-0.0020499881731450564
632.85,1.057756652418675,0.17149401827551392,11.48754175713946,0.0,-1,0.002212214584814687
634.25,1.190936296349605,0.1015578874021481,13.957673350361688,0.0,-1,-0.002443831296807142
632.7,1.0291147602858928,-0.02008788288718799,9.28041620490422,0.0,-1,-0.003082029397818986
630.75,0.6999444288969698,-0.1164194047587036,3.7824785936351617,0.0,-1,0.0019817677368212383
632.0,0.5811972274610753,-0.07838886873153272,6.646310468551583,0.0,-1,-0.0113924050632912
624.8,-0.12660947554525137,-0.26206519057928646,-9.439001255444815,0.0,-1,0.0004801536491678693
625.1,-0.44496203741971385,-0.19347258415124968,-8.667736589161116,0.0,-1,-0.004319308910574415
622.4,-0.7920581485719822,-0.18018956510117268,-13.41491932175731,0.0,-1,-0.003856041131105381
620.0,-1.0996013584338016,-0.16257759165433072,-17.142185452791956,0.0,-1,-0.0040322580645161255
617.5,-1.3700728501619324,-0.14434969446082047,-20.60797474456053,0.0,-1,-0.004129554655870393
614.95,-1.6036358585124617,-0.1259709009371166,-23.746388496535996,0.0,-1,-0.0015448410439874438
614.0,-1.6659477078117106,-0.06276091674545525,-24.85767744434356,0.0,-1,0.009609120521172576
619.9,-1.066607990143666,0.1788596003075298,-7.935127491994983,0.0,-1,-0.00613002097112425
616.1,-0.9947207987977436,0.08358226388448409,-13.792665160602688,0.0,-1,0.007953254341827698
621.0,-0.4675504698916484,0.20358419759685975,-3.182253723053087,0.0,-1,-0.0017713365539452353
619.9,-0.2566694329476604,0.1381550781802826,-5.047224722963442,0.0,-1,0.003952250362961873
622.35,0.07432687160326168,0.15638379424373494,-0.10757809979904209,0.0,-1,-0.0018478348196352412
621.2,0.13779778457853809,0.07328490240633712,-2.3381714314297,0.0,-1,-0.0029781068898905305
619.35,0.0038834256846485005,-0.02020981882918416,-5.865120116094836,0.0,-1,0.0028255429078873906
621.1,0.08243596076397353,0.019447572083380285,-1.8336448446737919,0.0,-1,-0.002173563033328052
619.75,0.0023425649065984544,-0.020215274591331597,-4.639433430410165,0.0,-1,0.0006454215409439357
620.15,-0.004566013430917337,-0.009041284309615797,-3.6112959779013707,0.0,-1,0.00427315971942277
622.8,0.21319353185288037,0.06957275365806065,2.9110966942647707,0.0,-1,-0.0012845215157353262
622.0,0.23764051017371912,0.031339910659633125,0.836526618873144,0.0,-1,-0.0005627009646302916
621.65,0.20089395681964106,-0.0018022142314816358,-0.11428202416686162,0.0,-1,-0.00024129333226086125
621.5,0.1532795170743384,-0.016472217992261423,-0.554657721415694,0.0,-1,-0.0008045052292839916
621.0,0.07503233744546378,-0.03157313254037869,-2.1200983537996407,0.0,-1,0.0015297906602254052
621.95,0.10882271951061284,0.0007390831749234522,1.145247052883981,0.0,-1,0.00048235388696826753
622.25,0.14164935058397532,0.011188571416095305,2.196101002935059,0.0,-1,0.0038569706709521423
624.65,0.3462585535719427,0.07193259146802089,9.86905217178753,0.0,-1,-0.002481389578163684
623.1,0.29054160893497283,0.005405215610350345,3.6855506343391156,0.0,-1,0.0021665864227251586
624.45,0.3509713358718045,0.021944980849060658,7.894119208848615,0.0,-1,0.002241972936183778
625.85,0.46860525468423475,0.046526299887163614,11.88497362491907,-0.006964208743283962,-1,0.0030358712151472567
627.75,0.6467051095335137,0.07487538491214751,16.651312637060016,-1.3078585716584712,-1,-0.002548785344484328
626.15,0.5485296111637581,-0.007766704485869358,9.66954626749277,0.0,-1,-0.00023955921105167644
626.0,0.44123106104859744,-0.03835508486701,9.025488294957341,0.0,-1,-0.0007987220447284171
625.5,0.3091458642369389,-0.056813427226222846,6.756541136441221,0.0,-1,-0.008153477218225458
620.4,-0.2076588895220084,-0.19120606032839008,-10.466441490567469,0.0,-1,0.008784655061250923
625.85,0.0054103077253557785,0.007287712306324702,5.549511830526569,0.0,-1,-0.003435327953982492
623.7,-0.06767261929473989,-0.02193173823792366,-0.22897844373336085,0.0,-1,-0.0015231681898348892
622.75,-0.17774136453022038,-0.04400016115780139,-2.6473396061034578,0.0,-1,0.008269771176234508
627.9,0.2112027098961562,0.1149813044228584,9.272564971134067,0.0,-1,0.001911132345915112
629.1,0.48807452128471596,0.13061770527047273,11.52771695166578,0.0,-1,-0.0004768717215070106
628.8,0.5608375502052922,0.06779357806368302,10.595691016387711,0.0,-1,-0.0004770992366411875
628.5,0.525482602148486,0.010812876668958915,9.592675681021987,0.0,-1,0.0019888623707240427
629.75,0.5681815779411181,0.017837284153863653,12.468780782585888,0.0,-1,0.0007939658594680044
630.25,0.5838492676756459,0.011168324629463822,13.619657808388332,0.0,-1,0.01578738595795337
640.2,1.3721956735698768,0.2665049101745649,28.319569308485995,-5.219350497345545,-1,0.00671665104654795
644.5,2.0103525703862033,0.30155393566363053,31.842518747212438,-5.458824087214225,-1,0.00031031807602799333
644.7,2.178568304595501,0.156589889957643,31.993729026991318,-2.4682517838435842,-1,-0.009927097874980806
638.3,1.5477954796505173,-0.1580609783291136,13.262058816282732,0.0,-1,0.005718314272285863
641.95,1.4075927772071282,-0.09942122692416766,17.90790021484166,0.0,-1,-0.0007009891736117213
641.5,1.1826920278848547,-0.1081073254154803,16.751553469929448,0.0,-1,-0.000779423226812126
641.0,0.9300173175666941,-0.12026067857788036,15.377167038207872,0.0,-1,0.009828393135725255
647.3,1.2511785192770049,0.06696684104414352,23.124220967772615,0.0,-1,-0.005716051289973656
643.6,0.9991609101923586,-0.061683589346834156,13.807475958247082,0.0,-1,-0.0059042883778746
639.8,0.47322202980069505,-0.19587415657949925,5.707951698345369,0.0,-1,0.002188183807440014
641.2,0.2874840871214701,-0.1272040330862414,7.895790846156835,0.0,-1,0.00881160324391761
646.85,0.6414914418550097,0.07560110721576607,15.530644114432874,0.0,-1,-0.0023189302002010193
645.35,0.640037499067148,0.024715721475968122,12.203364071713565,0.0,-1,-0.0014720694196947992
644.4,0.506807402750951,-0.036171458280076285,10.057500969957367,0.0,-1,-0.01303538175046548
636.0,-0.3020415956364104,-0.2816734855558126,-5.144925015974842,0.0,-1,0.0016509433962264008
637.05,-0.5937959618603372,-0.19114261725991316,-3.2720343459578274,0.0,-1,0.005101640373597061
640.3,-0.4193568148173199,-0.005567823405631944,2.299575211800608,0.0,-1,-0.001405591129158168
639.4,-0.37219084006096637,0.01386605045024053,0.6690017125906635,0.0,-1,-0.0010947763528306176
638.7,-0.37592528267771286,0.003377202611164698,-0.6603839928291322,0.0,-1,0.0
638.7,-0.3464653970962672,0.010945696064203425,-0.6603839928291251,0.0,-1,0.000391420072021198
638.95,-0.2820300045474369,0.025127029537677925,-0.08103678574988038,0.0,-1,-0.010877220439784119
632.0,-0.8054764745608054,-0.16610648015856355,-13.111585763572904,1.260712539753854,-1,0.005537974683544222
635.5,-0.7084100033540608,-0.02301333631727298,-5.068202109625872,0.0,-1,0.0065302911093627625
639.65,-0.2550092674712232,0.1434624665218549,2.8487878867914276,0.0,-1,-0.0019541936996795295
638.4,-0.1112247939071267,0.09574898002865048,0.4227097366327328,0.0,-1,0.0028195488721804995
640.2,0.11993617570044535,0.10896998321207417,3.814983120283209,0.0,-1,0.0004686035613870043
640.5,0.25052197919580976,0.07985192890247955,4.392875529490048,0.0,-1,-0.004839968774395076
637.4,0.0366047160105154,-0.04468844476093828,-2.4397544349811042,0.0,-1,0.00015688735487917604
637.5,-0.0650709752496823,-0.04878804534037867,-2.204709249131689,0.0,-1,0.010901960784313713
644.45,0.46868042705773405,0.16165445232234593,11.21852867455604,0.0,-1,-0.009387850104740636
638.4,0.19233275928991134,-0.03823107181515892,-0.9741875661950559,0.0,-1,-0.003994360902255578
635.85,-0.17436880453476533,-0.13497754521327854,-5.156877939342138,0.0,-1,-0.0022804120468664646
634.4,-0.46402218606920087,-0.14154364224923804,-7.450444045047142,0.0,-1,-0.014974779319041565
624.9,-1.361847027997328,-0.34645616139245505,-18.99467103985659,4.632887733323628,-1,0.00016002560409678068
625.0,-1.688938863294993,-0.2245159988967067,-18.776426534761715,2.2276468752077108,-1,-0.019120000000000026
613.05,-2.7075732090025895,-0.4143834482014346,-28.011626012398484,8.255074816694218,-1,0.007014109778973987
617.35,-2.632925947772833,-0.11324539565722613,-19.761891659499543,0.835172592541312,-1,0.00016198266785449889
617.45,-2.3678584881768074,0.05060735464626642,-19.571782605693354,0.0,-1,-0.014252166167301072
608.65,-2.7713365510307995,-0.11762356940257535,-25.973717972962387,2.4890751678514107,-1,0.011254415509734716
615.5,-2.171297536538532,0.1608051483632309,-14.27718809823864,0.0,-1,0.001787164906580152
616.6,-1.59866990124749,0.24447759455142415,-12.55872139317544,0.0,-1,0.0031625040544922545
618.55,-1.0166335918313507,0.2755046346558545,-9.429161468521507,0.0,-1,-0.015115997089968358
609.2,-1.420062637804108,-0.04264147043896749,-17.96668296291307,0.0,-1,-0.0036933683519370097
606.95,-1.6909386076400779,-0.10450581342497922,-19.673059322472746,0.0,-1,-0.001318065738528773
606.15,-1.7521317085879673,-0.05523297145762296,-20.298119483949144,0.0,-1,0.0002474634991338487
606.3,-1.624217283346411,0.02422715126131103,-19.997556936369605,0.0,-1,-0.00024740227610087207
606.15,-1.4374086304467255,0.07034526805366559,-20.13941270176266,0.0,-1,0.0
606.15,-1.2242202514596556,0.09451121568024523,-20.139412701762666,0.0,-1,0.0017322444939371628
607.2,-0.9281077076778956,0.13020791982066848,-17.385989289686528,0.0,-1,0.008893280632411127
612.6,-0.25270912681378377,0.2685355002282601,-5.039411228632318,0.0,-1,-0.0026118184786158016
611.0,-0.02728407581389547,0.1646535170760495,-7.597147623718854,0.0,-1,-0.0008183306055646877
610.5,0.04603545600389225,0.07932434963127907,-8.418503597312501,0.0,-1,0.0009828009828010131
611.1,0.12885893391239733,0.05404927584659473,-6.9477112581771365,0.0,-1,0.000572737686139746
611.45,0.18869909504064708,0.03796314565828149,-6.033341741071588,0.0,-1,-0.00556055278436518
608.05,-0.08043908231525165,-0.07705834389920575,-12.527546244312994,0.0,-1,0.001562371515500427
609.0,-0.12913824746692626,-0.041919169683626786,-9.785948070805532,0.0,-1,-0.008292282430213405
603.95,-0.5635596427538303,-0.15878018832351026,-18.058098833188385,0.0,-1,-0.00016557662058125366
603.85,-0.7421403701678173,-0.1124536385791658,-18.202013923265692,0.0,-1,0.00016560404073873158
603.95,-0.7612523696942617,-0.043855212701870094,-17.8622857636395,0.0,-1,0.00182134282639268
605.05,-0.6157040053162746,0.03389771722537238,-13.967835356682201,0.0,-1,0.0033055119411617984
607.05,-0.32495448935083004,0.10821574439693898,-7.322215944021124,0.0,-1,0.0015649452269170805
608.0,-0.07333352392231518,0.11994556994181796,-4.342567249060387,0.0,-1,0.0
608.0,0.05858808578545904,0.0839557265498641,-4.342567249060387,0.0,-1,0.009375000000000133
613.7,0.5946665501572852,0.20667806364056346,10.764684665149659,0.0,-1,0.0026071370376403724
615.3,0.9464835698300931,0.18616502777112387,13.895180401002172,-0.2140136255690095,-1,0.0021940516821064016
616.65,1.1560184488472487,0.13189996892942646,16.40790200688329,-0.18735970434931914,-1,0.0010540825427713951
617.3,1.2186176842852774,0.06483306812248513,17.613708167614504,0.0,-1,0.004211890490847248
619.9,1.3650324949804826,0.07041595960589686,22.069603251773955,-0.397113616161505,-1,-0.0020164542668171803
618.65,1.2203205257463878,-0.02476533654273272,17.135374250785134,0.0,-1,0.003636951426493118
620.9,1.2337711639837607,-0.0037715661017865276,21.093524760991286,0.0,-1,-0.0028990175551617536
619.1,0.9876822194371471,-0.08328683688280014,14.218543163531265,0.0,-1,0.0008076239702794474
619.6,0.8239975622108204,-0.08232383136970889,15.255550706763643,0.0,-1,0.005003227888960682
622.7,0.931822103413424,0.008500236610964884,21.037886714805197,0.0,-1,-0.0013650232856914357
621.85,0.8372491987302055,-0.028690889357417815,17.609871617324288,0.0,-1,0.0008040524242181046
622.35,0.7618586464943746,-0.03469381386441628,18.6002197135646,0.0,-1,-0.002892263195950928
620.55,0.5106751498352651,-0.09529243684117528,11.124538304881213,0.0,-1,0.005076142131979822
623.7,0.6050271390195121,-0.000313482552309452,17.92175889913642,0.0,-1,-0.005932339265672715
620.0,0.2934508720267104,-0.10396324984837041,5.302136142504629,0.0,-1,0.003629032258064546
622.25,0.300708499194684,-0.03223520756013226,10.287562216668377,0.0,-1,-0.003294495781438256
620.2,0.1084449378457748,-0.0748329229696805,4.170951898564624,0.0,-1,-0.0013705256368913288
619.35,-0.0675572543158296,-0.08361170504376166,1.7519704631523894,0.0,-1,0.0026640833131508224
621.0,-0.012428579203628942,-0.009494343310520336,5.990676247730541,0.0,-1,-0.0035426731078905815
618.8,-0.16716186004725841,-0.0547425413847166,-0.45738093401647717,0.0,-1,0.00024240465416958124
618.95,-0.21809834546513684,-0.035226342267531685,-0.02097426135171787,0.0,-1,0.005897083770902256
622.6,0.07877494061472134,0.08721564793744217,9.459231283328549,0.0,-1,0.00289110183103114
624.4,0.3706470052700297,0.12636257086425018,13.273269232010357,0.0,-1,-0.0016816143497757619
623.35,0.3981957871585564,0.05130378425092563,9.63678634968197,0.0,-1,0.0018448704580091846
624.5,0.4746205291729666,0.042576175421778606,12.275264536911479,0.0,-1,-0.003763010408326717
622.15,0.27744785608240363,-0.051532165889594805,4.226860902399245,0.0,-1,-0.00032146588443293656
621.95,0.13907419819690858,-0.0633019412583633,3.572145093185739,0.0,-1,0.0016882386043892694
623.0,0.14579785273781454,-0.018859428905819126,6.626895069214832,0.0,-1,0.004173354735152568
625.6,0.3536765256134231,0.06300641465659651,13.275032791407426,0.0,-1,-0.006473785166240531
621.55,0.09064281825010312,-0.0666757642355745,0.008377985785344322,0.0,-1,0.0015284369720860447
622.5,0.03073906304769025,-0.0421931731459958,2.5986526018910467,0.0,-1,-0.0003212851405622885
622.3,-0.01844106980752258,-0.03045776866706955,1.968776752461153,0.0,-1,-0.0008034709946971308
621.8,-0.08316104708455896,-0.03172591531470198,0.2957267347727708,0.0,-1,8.041170794470531e-05
621.85,-0.10442428179931085,-0.01766305000981795,0.4728872488832465,0.0,-1,0.0014472943635923663
622.75,-0.03135387567340331,0.018469118705363198,3.7685354834394644,0.0,-1,-0.0077880369329587085
617.9,-0.39637251630438186,-0.11551650730853846,-11.550848940777946,0.0,-1,0.0022657387926847683
619.3,-0.42918412692779384,-0.049442705977316814,-6.3972042886931675,0.0,-1,-0.002583562086226232
617.7,-0.5431579216621003,-0.05447216690387441,-10.587667205871263,0.0,-1,0.0030759268253197636
619.6,-0.3965483255575464,0.030712476400226507,-3.769400728186703,0.0,-1,0.004680438992898717
622.5,-0.048531167042028756,0.1262432116385814,4.847872200579019,0.0,-1,0.00016064257028114426
622.6,0.13785500946914908,0.10420979604991974,5.123430688924827,0.0,-1,0.00160616768390609
623.6,0.302893513602271,0.08974943339434724,7.97325949094467,0.0,-1,-0.006013470173187985
619.85,0.04767163953533782,-0.055157480224195324,-4.156797240751899,0.0,-1,-0.0025812696620149955
618.25,-0.21724526745936146,-0.10669146240629822,-8.293766459155236,0.0,-1,0.0004043671653861658
618.5,-0.3107666153350692,-0.06673760342733531,-7.394567812208429,0.0,-1,0.0041228779304769425
621.05,-0.11913007132841358,0.04163298019310677,1.1460765490350582,0.0,-1,-0.001771193945736882
619.95,-0.10505096004771985,0.018570697157933497,-2.258959567167736,0.0,-1,-0.0021775949673361605
618.6,-0.20175715773666525,-0.026045166843670642,-6.232349659375593,0.0,-1,0.0019398642095052043
619.8,-0.13329716010309767,0.014138276929965637,-1.961121153223182,0.0,-1,-0.004356243949661054
617.1,-0.31295906461105005,-0.055174542525995574,-9.627528937621193,0.0,-1,0.005914762599254608
620.75,-0.07254342814746906,0.06174703131252848,1.902023518127713,0.0,-1,0.0005638340716875856
621.1,0.08287634242992681,0.07238893396330813,2.8729110464350427,0.0,-1,0.004105619062952703
623.65,0.3661798658495172,0.11856415246096619,9.492187691805107,0.0,-1,-0.0031267537881823904
621.7,0.3148166387385345,0.022400308449994466,3.149269116591846,0.0,-1,-0.001206369631655102
620.95,0.20040030528809893,-0.030672008333480355,0.8331526980823512,0.0,-1,0.0012078267171269363
621.7,0.1889921131222536,-0.014026733499775235,3.1038426460520583,0.0,-1,0.007962039568923718
626.65,0.5800386742791943,0.12567327588572186,14.968304811110784,-1.2337129193376768,-1,-0.004946940078193629
623.55,0.46889206533444394,0.004842222313657163,5.243022542375876,0.0,-1,0.0053724641167509635
626.9,0.6534110887507723,0.06312041524332845,12.061952904481764,-0.27741257754291837,-1,-0.001674908278832321
625.85,0.6037196763963948,0.004476334296316997,8.934935486172137,0.0,-1,0.0012782615642725759
626.65,0.5952306638528171,-0.0013375594157535309,10.614881026357196,0.0,-1,-0.00047873613659932257
626.35,0.5163836022599071,-0.026728207002887805,9.598982575901125,0.0,-1,-7.982757244362482e-05
626.3,0.42976143794180643,-0.037783457106996154,9.414578590832122,0.0,-1,0.0031933578157432585
628.3,0.5173035692877193,0.016586224746305556,14.320967871360097,0.0,-1,-0.0022282349196243167
626.9,0.4012993375199585,-0.03313933567381838,8.792911753658053,0.0,-1,-0.00853405646833627
621.55,-0.13597772315722523,-0.19013879878366743,-6.925889610493883,0.0,-1,0.0019306572278980916
622.75,-0.29328477656599716,-0.11581528406414648,-3.369782419777337,0.0,-1,-0.002890405459654688
620.95,-0.4974979052232129,-0.10667613757378741,-7.7668876062293535,0.0,-1,-0.0030598276833885274
619.05,-0.716479644116589,-0.10855262548905453,-11.972556942548792,0.0,-1,0.004846135207172253
622.05,-0.5162638765535803,0.030554380691318106,-2.7558133948775065,0.0,-1,-0.002572140503174891
620.45,-0.5064673363925749,0.013450306950774538,-6.582307473705676,0.0,-1,0.004109920219195651
623.0,-0.24686345494603756,0.09101806279910396,0.5151473829483635,0.0,-1,0.012279293739967834
630.65,0.5410104403561036,0.2929639860337484,15.105308621856466,-0.27282249751999643,-1,-0.0006342662332513571
630.25,0.8565298513107109,0.20282779899611858,14.008870763898003,0.0,-1,0.0022213407378024463
631.65,1.0595787358455482,0.1352922278436519,16.221140783655585,0.0,-1,0.00261220612681079
633.3,1.2103049501258738,0.09533948070799259,18.73753821838835,0.0,-1,0.007895152376440784
638.3,1.6014759780888426,0.16217016955698704,25.00660687794388,-2.3486533989355394,-1,-0.003681654394485201
635.95,1.467771827229626,0.009488672899256922,17.89640427359413,0.0,-1,7.862253321788693e-05
636.0,1.2827720995308027,-0.058503684933188804,17.968187603639194,0.0,-1,0.0007861635220125507
636.5,1.1250412273872143,-0.07207818569225899,18.744704697946275,0.0,-1,0.0035349567949725103
638.75,1.1399223556998095,-0.01906568579322121,22.123610169079882,0.0,-1,-0.0017221135029354961
637.65,0.9607027235477972,-0.0660951059817445,18.123107681436636,0.0,-1,0.0013330196816436768
638.5,0.8618676805094765,-0.05497671634002177,19.572185085668735,0.0,-1,-0.00046985121378217976
638.2,0.715627852281159,-0.06707218152277972,18.353652479653064,0.0,-1,-0.0073644625509246
633.5,0.19120561714362339,-0.19716480555343846,2.382906652906968,0.0,-1,0.0028413575374901523
635.3,0.06306069814615967,-0.10843657485030073,6.689093618796129,0.0,-1,0.034471903037935014
657.2,1.8187331804685982,0.549078635824046,30.512780631921345,-6.61096939155243,-1,-0.006771150334753617
652.75,2.1741749899240403,0.3015068150931628,21.618509441978375,0.0,-1,0.00045959402527762094
653.05,2.1957146454915346,0.10768215688688576,21.85143680353015,0.0,-1,-0.00229691447821756
651.55,1.898508252817578,-0.063174745262357,18.718259630007324,0.0,-1,-0.004911365206047069
648.35,1.3250293687458452,-0.2122178764446967,12.280727850874285,0.0,-1,0.005861031850080911
652.15,1.2445374793145447,-0.09756992195866565,16.43015104373397,0.0,-1,0.00023000843364262558
652.3,1.1130800779893661,-0.07634244109461474,16.59134493221171,0.0,-1,-0.002222903571975965
650.85,0.8337613708276876,-0.11855371608543108,13.32538210429113,0.0,-1,-0.0032265498962894545
648.75,0.4496219030111206,-0.16756439463399941,8.69315652226014,0.0,-1,0.0031599229287089248
650.8,0.3909170105185922,-0.07542309570884259,11.729611263063312,0.0,-1,0.0032267977873385867
652.9,0.503988146729057,0.012549346833874098,14.684449484613552,0.0,-1,0.0005360698422423038
653.25,0.5476913692735934,0.018750856459470167,15.182275354142718,0.0,-1,-0.0018369690011481588
652.05,0.4239020331064012,-0.03501282656924071,11.860316054825084,0.0,-1,0.0005367686527106841
652.4,0.35584886226399703,-0.03435533247054828,12.480002336626882,0.0,-1,0.00965665236051505
658.7,0.8171682049874107,0.14232133675095515,21.68208390520249,0.0,-1,0.011386063458326934
666.2,1.604730525933519,0.3099612192323544,28.618554420152535,-0.27905873298277584,-1,0.0047283098168717785
669.35,2.1272841425786737,0.27750494529250314,30.8119405383178,-0.6291244574696293,-1,-0.001867483379397905
668.1,2.1071206056864185,0.08578046946674922,27.314919198388694,0.0,-1,-0.000972908247268367
667.45,1.8672787867664056,-0.05135378315108796,25.429004873700904,0.0,-1,0.0027717432017377863
669.3,1.7459179784092385,-0.05757153050275177,27.18865155092314,0.0,-1,-0.0034364261168384758
667.0,1.348077742696546,-0.1518039220718148,20.239995703740192,0.0,-1,0.00704647676161918
671.7,1.4284844796155767,-0.023799061717594716,25.29053933233409,0.0,-1,-0.0013398838767307852
670.8,1.2746474747738148,-0.05921202218645227,22.66666804761141,0.0,-1,-0.0026088252832439096
669.05,0.9456750161217542,-0.12939482694617088,17.57847548770016,0.0,-1,0.0017188550930424817
670.2,0.798215868785519,-0.09228465809413533,19.155447713533107,0.0,-1,-0.0021635332736497093
668.75,0.5371349727186043,-0.11778851805368329,14.74365139780727,0.0,-1,-0.0011214953271028172
668.0,0.2993332769585777,-0.11853007127123666,12.453843857170497,0.0,-1,0.001422155688622917
668.95,0.2346546559987246,-0.0610695640770299,14.23413236988688,0.0,-1,0.005755288138126868
672.8,0.5035941241856108,0.06928996803661874,20.526943522422442,0.0,-1,-0.0023781212841853527
671.2,0.46276434793026056,0.009486730593756154,15.227577385255444,0.0,-1,-0.0037246722288438727
668.7,0.19545243080835917,-0.08594172884271511,7.7005065088752715,0.0,-1,-0.004934948407357642
665.4,-0.22949123031992258,-0.1702951299903323,-0.6516531403303816,0.0,-1,-0.0018785692816351007
664.15,-0.5270054583573938,-0.15593645267593453,-3.4854059294345916,0.0,-1,0.001580968154784479
665.2,-0.5443454508463219,-0.05775881505495423,-0.7646622458847929,0.0,-1,0.0004509921828022012
665.5,-0.4826533261868917,0.00131110320149197,0.04210070857488546,0.0,-1,0.0015026296018032514
666.5,-0.3282528200082879,0.051903869793365254,2.8191672410853172,0.0,-1,0.004426106526631779
669.45,0.022135168081717893,0.1340972859611237,10.090838349488017,0.0,-1,-0.002464709836432988
667.8,0.05798456478657954,0.056648894221995136,4.838269142321693,0.0,-1,-0.0004492362982928544
667.5,0.04607721607351323,0.014913848502976272,3.8867009483803514,0.0,-1,-0.0005992509363295095
667.1,0.0029504403775035826,-0.009404309064344458,2.536150979690767,0.0,-1,0.001798830760005865
668.3,0.08114118249795865,0.02292881101870354,6.195676530464468,0.0,-1,-0.0026934011671404523
666.5,-0.036525211649973244,-0.03157919437640945,-0.20330816602419333,0.0,-1,0.0046511627906977715
669.6,0.1660186922468938,0.05698823650681921,8.778752393763611,0.0,-1,0.006197729988052458
673.75,0.5992890865080653,0.16341954358933025,17.443016713764408,-0.50399092289706,-1,-0.0008163265306121437
673.2,0.7201501930962877,0.09476021672585089,15.418220272199946,0.0,-1,0.0014854426619133054
674.2,0.8039015636323938,0.05950386242065231,17.395708682651815,0.0,-1,-0.001779887273806069
673.0,0.6787854519310486,-0.021870749760230956,12.621220005513159,0.0,-1,0.0013372956909361022
673.9,0.6346619417528245,-0.02199808664615166,14.704885375636138,0.0,-1,-0.0002967799376760727
673.7,0.5430450248510397,-0.037871667849312174,13.826372779532193,0.0,-1,0.004378803621789995
676.65,0.6978161476624791,0.03896648498737576,20.41049806765639,0.0,-1,-7.38934456513407e-05
676.6,0.712883696763015,0.018011344695970544,20.16997163643012,0.0,-1,-0.0028820573455513587
674.65,0.4985104965830942,-0.06545395182798341,11.12211224516146,0.0,-1,0.0020010375750389997
676.0,0.46228135511125856,-0.03389436443327304,14.63029807002195,0.0,-1,0.0015532544378697999
677.05,0.49314333811594224,-0.0010107938095297864,17.18896020716734,0.0,-1,-0.0011077468429214754
676.3,0.40497905144195556,-0.02972502682783884,13.54088123521214,0.0,-1,-0.003844447730297018
673.7,0.11048198715150193,-0.10807403037276417,2.5505003939681146,0.0,-1,0.010019296422740132
680.45,0.5165266227436405,0.0993235350731248,18.344608656625624,0.0,-1,0.0074215592622528526
685.5,1.0973383886444026,0.2267117669912957,25.205294387473458,-2.3692697283707957,-1,-0.002844638949671796
683.55,1.1337994058743561,0.087724261407083,18.807148707140712,0.0,-1,-0.003876819545022281
680.9,0.8367132973331763,-0.06978728237803222,10.974275275665072,0.0,-1,0.0030107211044207993
682.95,0.7892774682848085,-0.03907437047546669,14.452532464523173,0.0,-1,0.011713888278790607
690.95,1.3664530980703375,0.17936708643668742,24.360982271261804,-3.2339567333848436,-1,0.0015196468630145343
692.0,1.6286698214572652,0.14719460327453837,25.362481930583783,-1.9174684839096017,-1,-0.007225433526011571
687.0,1.2073890313625952,-0.09136206227337729,12.454672265879573,0.0,-1,-0.0024745269286754468
685.3,0.7544662170349739,-0.18142829220033296,8.65916650133105,0.0,-1,-0.0024806654020136376
683.6,0.32346595845160664,-0.20414285026123347,4.948771073758188,0.0,-1,0.003510825043885335
686.0,0.28101033262225883,-0.08219949203019378,9.0153171548113,0.0,-1,-0.004227405247813398
683.1,-0.005301674677639312,-0.12283716644336398,2.6363669983927025,0.0,-1,-0.0002195871761089263
682.95,-0.16051587210438356,-0.09268378795670278,2.311405726666713,0.0,-1,-0.0015374478365913768
681.9,-0.3122466481423771,-0.08147152133156543,-0.08537889093324935,0.0,-1,-0.0060859363543041
677.75,-0.7079248154828974,-0.15904989622402854,-8.446371812918493,0.0,-1,0.0033198081888601294
680.0,-0.6592701645295165,-0.036798415090215864,-3.0892829721057566,0.0,-1,-0.0006617647058824172
679.55,-0.6175036586753322,0.0016560302546561045,-4.025709723539379,0.0,-1,-0.006548451180928505
675.1,-0.9159951008587086,-0.09894513730957344,-12.295584621071377,0.0,-1,0.005628795733965353
678.9,-0.6722412302120802,0.0482695777790183,-3.213477438653939,0.0,-1,-0.005376344086021501
675.25,-0.7985108590378331,-0.026000017015578192,-9.513051180803657,0.0,-1,0.001851166234727808
676.5,-0.6909364351975,0.027191468941584973,-6.61252009749272,0.0,-1,-0.006282335550628182
672.25,-0.9337378536775987,-0.07186998317950455,-13.35889244823182,0.0,-1,0.003941985868352482
674.9,-0.756493741777831,0.035124709573421065,-7.197263167728131,0.0,-1,0.004963698325678001
678.25,-0.3256638740131166,0.15531819244604517,-0.32321193724446573,0.0,-1,-0.008403980833026292
672.55,-0.5581102839629466,-0.02570940583459491,-9.520506997151514,0.0,-1,-0.002379005278417834
670.95,-0.7611576319409323,-0.07625225127086022,-11.730361058026539,0.0,-1,0.0024591996422982376
672.6,-0.6617515032681922,0.007717959133960006,-8.096250892119272,0.0,-1,0.0017097829319059343
673.75,-0.461069146992827,0.06946677180310845,-5.563121945462022,0.0,-1,0.0033395176252319914
676.0,-0.13480553993906597,0.13191012628562315,-0.7524234006039521,0.0,-1,0.0008875739644971237
676.6,0.08956005858271965,0.11875857493580294,0.5169921583554569,0.0,-1,0.006355305941472045
680.9,0.5526128529617154,0.19393712310493294,8.735584296655254,0.0,-1,-0.0030107211044205773
678.85,0.5672548457376934,0.06952637196030365,3.9859016481818017,0.0,-1,-0.0005155778154232182
678.5,0.4981379383142439,0.00013648817895139942,3.170251927950453,0.0,-1,-0.0016949152542372614
677.35,0.3262346564096106,-0.05725559790856066,0.3907835925033538,0.0,-1,0.0008858049752713537
677.95,0.2630967940898472,-0.040131153409441345,1.8499364108723668,0.0,-1,0.005605133121911576
681.75,0.5262697967558552,0.07434728308552219,10.106989219781951,0.0,-1,0.004033736707004021
684.5,0.8431671483591572,0.13041487822960807,14.941261133311528,-0.9460445887242486,-1,-0.002702702702702786
682.65,0.7771852284641909,0.021477652778213896,9.54747028927595,0.0,-1,-0.00036621987841500836
682.4,0.6585954994781105,-0.03237069206928889,8.814004428665903,0.0,-1,0.000512895662368118
682.75,0.5735843433618584,-0.039127282728513624,9.58830430194999,0.0,-1,-0.006371292566825337
678.4,0.12078007002355662,-0.16397718535560513,-2.6934319178885247,0.0,-1,0.003095518867924474
680.5,0.05931292751915862,-0.07514810928666771,2.5522493149918475,0.0,-1,-0.006024981631153614
676.4,-0.3180300543596104,-0.15083036372181227,-6.781164552345977,0.0,-1,-0.005913660555884048
672.4,-0.8135323741024649,-0.2154442278215556,-13.75849193524877,0.0,-1,0.006469363474122636
676.75,-0.6309891694652379,-0.010967007728109546,-3.351014480527624,0.0,-1,-0.009309198374584327
670.45,-1.0121351363578697,-0.1307043248735804,-13.055385015606134,0.0,-1,-0.002535610410918099
668.75,-1.2600301917743764,-0.12619979343002896,-15.224414615847607,0.6962707256608383,-1,0.003962616822429821
671.4,-1.0581418701681287,0.025229509392072913,-9.204082726525627,0.0,-1,0.00029788501638372544
671.6,-0.8523525535176759,0.07700627534750859,-8.74935133928141,0.0,-1,-0.00014889815366292414
671.5,-0.6867618490659879,0.08086565993306549,-8.924623251755065,0.0,-1,0.0004467609828739949
671.8,-0.5217363427512964,0.08196372208258562,-8.10171906725126,0.0,-1,-0.0007442691277166347
671.3,-0.4374122276980188,0.05542927904528777,-9.157967418188981,0.0,-1,-0.0019365410397734761
670.0,-0.4671324845297704,0.008569674071178701,-11.930507095406519,0.0,-1,-0.00014925373134333508
669.9,-0.45139823923489075,0.008101306455352786,-12.15011558166735,0.0,-1,0.0024630541871921707
671.55,-0.2684145966511551,0.0636949830130295,-6.205889901910496,0.0,-1,0.004243913334822436
674.4,0.0829451076949681,0.1383515624530509,2.5110545917305913,0.0,-1,0.01853499406880199
686.9,1.2933795342266876,0.4495953296615902,22.953052883334266,-1.0287004006096367,-1,-0.0002911631969717554
686.7,1.7741484529736908,0.3101214161361978,22.39901311134595,0.0,-1,-0.00014562399883499832
686.6,1.858353874599402,0.13144227925396956,22.09483419141594,0.0,-1,0.004223711039906819
689.5,1.9872604291956577,0.08678294461674185,25.42216229222727,-0.31022767790364014,-1,0.017984046410442378
701.9,2.919442004060784,0.3396548398272894,34.310248567069465,-7.16504098854648,-1,0.010827753241202442
709.5,3.7755792911549406,0.3985973756404819,37.41064636709207,-8.127563836646686,-1,-0.0033826638477800763
707.1,3.689016327105719,0.10401147053042026,31.742947221946963,-0.8977903704127357,-1,-0.01838495262339135
694.1,2.254983484489003,-0.4433404573620985,8.79771311156847,0.0,-1,-0.004538250972482283
690.95,1.0875517728064779,-0.5369240563482078,4.666406574444849,0.0,-1,0.0002894565453359643
691.15,0.42987326923139335,-0.3982008533077641,4.890009075779403,0.0,-1,0.0013021775302033411
692.05,0.14021124500789028,-0.22928762584375573,5.975731151842176,0.0,-1,0.009681381403077838
698.75,0.542029295812199,0.0575101416535177,13.285074514028814,0.0,-1,-0.003005366726297032
696.65,0.5227692132299353,0.012750019690418002,9.825862634050289,0.0,-1,0.0019378454030001269
698.0,0.5820750708363676,0.024018625765616752,11.335458496555951,0.0,-1,-0.0020057306590257618
696.6,0.4465550770698883,-0.037167122666954155,8.789981268341194,0.0,-1,-0.012273901808785626
688.05,-0.370917842902486,-0.28488001421310954,-4.128143776995714,0.0,-1,-0.0037061260082842384
685.5,-0.9612444826468618,-0.29173555131916173,-7.241642772073284,0.0,-1,-0.0011670313639677854
684.7,-1.2429707622984552,-0.1911539436569183,-8.229911622178612,0.0,-1,-0.001606543011537953
683.6,-1.371919671932801,-0.10670095109708799,-9.65456333465903,0.0,-1,0.0015359859566996814
684.65,-1.2345674874221686,0.010217077804514751,-7.571951344251026,0.0,-1,0.001971810414080233
686.0,-0.950510771215022,0.09809126467055385,-4.837055564898947,0.0,-1,-0.020772594752186624
671.75,-1.9167731821768257,-0.28939038209708334,-20.99631843911342,2.4556105667224983,-1,-0.004540379605507905
668.7,-2.4943399558096644,-0.2889857185766407,-23.270729068134738,1.883811626541842,-1,0.0002990877822639515
668.9,-2.5585950129752746,-0.11774692524741681,-22.854473916536794,0.0,-1,0.002391986844072491
670.5,-2.244172957143519,0.06555837686144628,-19.35230195410153,0.0,-1,-0.00037285607755410677
670.25,-1.9207808494655865,0.12965016151312625,-19.605959157304788,0.0,-1,0.0034315553897799056
672.55,-1.4073530581712248,0.21435931760249605,-14.176337297963983,0.0,-1,-0.0008177830644561235
672.0,-1.0791930743430385,0.18083976714356087,-14.903742354861237,0.0,-1,0.00037202380952372494
672.25,-0.8043469929003777,0.15189528286207388,-14.244902575041394,0.0,-1,-0.00245444403123829
670.6,-0.7373950361040897,0.07294907988612065,-16.722136062593265,0.0,-1,0.002684163435729081
672.4,-0.492469471363961,0.10595821487541646,-11.552930947881052,0.0,-1,0.0001487209994051053
672.5,-0.32063423304691696,0.09259781773082021,-11.259966067835428,0.0,-1,0.0006691449814126837
672.95,-0.17049709446780525,0.08091165210331064,-9.836000828870588,0.0,-1,-0.001411694776729422
672.0,-0.160387100639241,0.0303405486439583,-11.912690092033444,0.0,-1,0.0007440476190476719
672.5,-0.10029984533832703,0.030142601314957412,-10.095581022147819,0.0,-1,-0.007137546468401368
667.7,-0.4618978972430341,-0.11048515019658323,-19.60964084605077,0.0,-1,0.004118616144975329
670.45,-0.3750387650918583,-0.007875339348469124,-10.436957041637136,0.0,-1,-0.0021627265269595908
669.0,-0.4211893019252102,-0.018008625393940325,-13.27234826435646,0.0,-1,0.0013452914798206539
669.9,-0.3341654618481016,0.02300507156105608,-10.292340184153389,0.0,-1,0.000298552022689913
670.1,-0.246139753322268,0.03701026002896324,-9.599250770129018,0.0,-1,-0.006790031338606228
665.55,-0.5607819196158061,-0.09254396875485832,-18.695669380247754,1.194951325520833,-1,0.0014273908797235446
666.5,-0.5922045094612258,-0.04132218620009265,-15.285563414384939,0.0,-1,0.005026256564141018
669.85,-0.27939876192886004,0.09049452044409106,-4.65518804954074,0.0,-1,0.0017168022691647078
671.0,-0.0038793246685600025,0.12200465256813037,-1.4592010325993812,0.0,-1,-0.0036512667660208997
668.55,-0.06996299564946185,0.018640327195742837,-7.361261986623717,0.0,-1,-0.010246054894921697
661.7,-0.6680079148356981,-0.19313486399683116,-19.051402288671117,2.54480720557558,-1,-0.01465921112286539
652.0,-1.7196963815258641,-0.41494111022899904,-28.37839989405034,7.199062839420435,-1,-0.010506134969325176
645.15,-2.673065916410451,-0.45610354837119527,-32.51345442641325,8.145309678497938,-1,-0.005192590870340297
641.8,-3.206161857485199,-0.329733163148648,-34.15961044591974,6.09477790998244,-1,0.0
641.8,-3.2055296732321494,-0.10970032629853277,-34.15961044591974,1.8168492169476167,-1,0.007089435961358692
646.35,-2.558919441669673,0.17896996842131463,-22.68601801917538,0.0,-1,0.0013150769706815613
647.2,-1.9515377057492742,0.2621172347805709,-20.68573028977675,0.0,-1,0.00023176761433862936
647.35,-1.4727186956433798,0.24697874829548838,-20.30635764141686,0.0,-1,-0.005174944002471649
644.0,-1.389749299286791,0.10998271488402578,-23.796226748038023,0.0,-1,0.0021739130434781373
645.4,-1.1157854928345614,0.12798217377875187,-19.97728134156108,0.0,-1,-0.0012395413696931756
644.6,-0.9524881318722009,0.09709317824703745,-20.93235865305162,0.0,-1,-0.004964318957493052
641.4,-1.0581321070683316,-0.002850265649697814,-24.533028456905782,0.0,-1,0.003585905830994829
643.7,-0.8311097524107254,0.0747240296693028,-17.82354146845521,0.0,-1,-0.0025633058878360426
642.05,-0.785839429047769,0.039998117677419676,-19.97779462181767,0.0,-1,-0.00311502219453319
640.05,-0.8643843149455961,-0.012848922740135826,-22.460987218207755,0.0,-1,-0.001484259042262237
639.1,-0.9107913983157232,-0.019752002036754313,-23.612877073872845,0.0,-1,0.002347050539821538
640.6,-0.7330956568077909,0.0526479131570593,-18.58033588424977,0.0,-1,-0.0016390883546676394
639.55,-0.670656481319952,0.03836236288163275,-20.166656628317593,0.0,-1,0.006879837385662002
643.95,-0.2168821867992392,0.16404555246744856,-6.8115596605844075,0.0,-1,-0.004814038357015327
640.85,-0.23025485730568107,0.05022429398700223,-12.412110138400926,0.0,-1,-0.0015604275571506898
639.85,-0.3010866211168377,-0.006869156608051485,-14.081571305402441,0.0,-1,-0.0064077518168320635
635.75,-0.6530786179292818,-0.11962038447349854,-20.1260907672766,0.7289921828012211,-1,-0.0001572945340150289
635.65,-0.7829847315080087,-0.08317549935074187,-20.261713977104908,0.0,-1,0.0037756627074647664
638.05,-0.5826890606717825,0.03904005716182812,-12.67420017287104,0.0,-1,0.00289945929002422
639.9,-0.2798171368643807,0.11397066032307668,-7.368169857000929,0.0,-1,0.006876074386622966
644.3,0.26160358644472126,0.21846379454405956,3.120143198391169,0.0,-1,-0.0038025764395467343
641.85,0.3063469825622178,0.08773573022051873,-2.277774217713379,0.0,-1,0.0011684973124561626
642.6,0.36568976540741005,0.04902617102190365,-0.5312301833913153,0.0,-1,-0.00466853408029877
639.6,0.11488700971278831,-0.06725886155757271,-6.926900351610577,0.0,-1,0.0014071294559099279
640.5,0.05491171438939091,-0.04241138562699004,-4.574955762488955,0.0,-1,0.006088992974238927
644.4,0.34534809052865967,0.08267499683742624,4.480087944529373,0.0,-1,-0.001707014276846719
643.3,0.3701206043874663,0.03581583689874429,1.7872773553991053,0.0,-1,0.003886211720814492
645.8,0.5599968109512474,0.07523068115417514,7.137264131517554,0.0,-1,0.005419634561783848
649.3,0.8999351799872102,0.13838968339671265,13.446856576940867,-1.453339367620174,-1,-7.700600646842748e-05
649.25,0.9907430995061759,0.07639920097189279,13.298953434982593,-0.07000482035334699,-1,-0.0025413939160569
647.6,0.8160851343069453,-0.03275292140911257,8.314523966519872,0.0,-1,-0.002007411982705487
646.3,0.5524157238482985,-0.09880744395591978,4.553886084426637,0.0,-1,0.0028624477796688197
648.15,0.5287130416317041,-0.040836708724171444,8.759193931705632,0.0,-1,-0.000848569004088473
647.6,0.4269689470540925,-0.04752693443392769,7.016387360264034,0.0,-1,-0.0023934527486103585
646.05,0.21134948751080174,-0.08771546465907282,2.1709947139063956,0.0,-1,0.0018574413745067186
647.25,0.1859273004465649,-0.03771255057443654,5.42925805091032,0.0,-1,-0.0027809965237542977
645.45,0.007722265210531987,-0.07197252860348984,-0.22241938337686662,0.0,-1,-0.0005422573398404795
645.1,-0.11119044117504018,-0.06362841166302066,-1.295326117075966,0.0,-1,-0.0006200589055960215
644.7,-0.19471425760320926,-0.04905074269706325,-2.592867771547958,0.0,-1,0.0029471071816349337
646.6,-0.061916644350390015,0.027915623518585342,3.8903890680485844,0.0,-1,-0.0006186204763377612
646.2,-0.02369145069485512,0.02204693905804008,2.3799766224104104,0.0,-1,0.004487774682760737
649.1,0.23906210035761433,0.0949334967035032,11.151153382475073,0.0,-1,-0.00015405946695423722
649.0,0.34218370085397964,0.06601836573328951,10.72262627617232,0.0,-1,0.0006163328197226203
649.4,0.3985625260310144,0.04079906363677477,11.908978759974516,0.0,-1,-0.000615953187557694
649.0,0.3602050614503014,0.0008138663520205758,9.89874520497905,0.0,-1,-7.704160246524427e-05
648.95,0.3068425740391376,-0.017516207019714403,9.629824702438668,0.0,-1,-0.001695045843285392
647.85,0.1629244491634836,-0.05381144396512283,3.732887043213154,0.0,-1,0.0013892104653854265
648.75,0.1523883492953928,-0.021449181277737872,7.549298493834691,0.0,-1,-0.004932562620423964
645.55,-0.13224539641328192,-0.10202764232880421,-6.595149759820188,0.0,-1,-0.00023236000309811988
645.4,-0.27604181956644425,-0.08194135516065551,-7.143753644148191,0.0,-1,0.0
645.4,-0.324936546179174,-0.043612027257795116,-7.143753644148191,0.0,-1,0.00046482801363501025
645.7,-0.2973058639706778,-0.0053271150164329595,-5.414382952296421,0.0,-1,0.00023230602446955295
645.85,-0.2462150342021232,0.015254571584040533,-4.498102947067551,0.0,-1,0.00015483471394284187
645.95,-0.19181836646760075,0.023217079772854338,-3.8386765695279834,0.0,-1,-0.001470702066723506
645.0,-0.22780183539487098,-0.004255463051471953,-9.0667561409632,0.0,-1,-0.00015503875968991832
644.9,-0.23514341690884066,-0.0038656815218138796,-9.601885670299609,0.0,-1,-0.0017832222049929403
643.75,-0.31505225625676303,-0.0279248402899121,-15.384322772829861,0.0,-1,0.0012427184466019536
644.55,-0.2620856545760262,0.008347253796941567,-8.871023318061454,0.0,-1,-0.0064386005740438845
640.4,-0.5595952158543014,-0.09638743582711123,-23.87265055906122,1.4143378157592679,-1,-0.001483447845096686
639.45,-0.7408837285056507,-0.09255864949282022,-26.090789286856644,1.0597229373254322,-1,-0.00430057080303381
636.7,-0.9989543407891688,-0.11687642059211278,-31.21911854942447,1.940072805544446,-1,0.0015705983979896754
637.7,-0.9614101185317168,-0.026444066111553588,-24.741748458699547,0.0,-1,0.00807589775756612
642.85,-0.43335383085877766,0.1672040738537952,-1.3210185272498336,0.0,-1,0.00015555728396976498
642.95,-0.12487953445065614,0.15855945675397226,-0.9763858326302213,0.0,-1,0.003810560696788201
645.4,0.2439309082909631,0.17578996649853046,6.902071388536292,0.0,-1,-0.0028664394174156005
643.55,0.2538418873042474,0.06190031517060493,0.37058176251657216,0.0,-1,0.005827053065029952
647.3,0.550143886202136,0.1194007713561645,10.56538410627568,0.0,-1,0.00038621968175500676
647.55,0.6732828951342071,0.08084659342941192,11.156435081512498,0.0,-1,0.0006949270326617185
648.0,0.7162454916724528,0.041269729989219184,12.286931495073816,0.0,-1,0.0023148148148148806
649.5,0.8030396656355379,0.04268796798410146,15.956542312295682,0.0,-1,-0.0027713625866050418
647.7,0.6295167804807988,-0.04361163905687915,8.38216292293935,0.0,-1,-0.001389532190829268
646.8,0.4152956061967643,-0.0859442711136379,4.880800196428417,0.0,-1,-0.0006184291898577721
646.4,0.24024371853829507,-0.08699871959070238,3.3021827787698896,0.0,-1,-0.0036355198019801804
644.05,-0.0631358685025134,-0.13012610221050364,-5.12408299122869,0.0,-1,0.004658023445384574
647.05,0.04043566035238655,-0.008851524451867897,4.972584643617537,0.0,-1,-0.0005409164670425737
646.7,0.059685119750497506,0.003465978315414356,3.697626141389634,0.0,-1,0.0030153084892530213
648.65,0.2268360894702255,0.056872316011714136,9.510798061379312,0.0,-1,-0.007322901410622085
643.9,-0.10432476645905808,-0.09142951330585651,-5.582405609473476,0.0,-1,0.0005435626650101
644.25,-0.2320447972188049,-0.07304984802186779,-4.451752337079668,0.0,-1,0.0
644.25,-0.2765677461637779,-0.03919093232228027,-4.451752337079675,0.0,-1,0.0047341870391928165
647.3,-0.021615241789277206,0.07192052401740681,5.325163058935857,0.0,-1,-0.001313146917966801
646.45,0.036828947213734864,0.043454904340139634,2.4111578259854127,0.0,-1,-0.003480547606156681
644.2,-0.12451803721921806,-0.03929736003093777,-4.618967683517788,0.0,-1,-0.002716547656007484
642.45,-0.3406483596673979,-0.08514256082637256,-9.333018735129109,0.0,-1,0.005058759436532112
645.7,-0.1494928242525475,0.03533765819615928,1.1400853049460906,0.0,-1,-7.7435341489962e-05
645.65,-0.04562398785742516,0.046402164863760545,0.9862428798210985,0.0,-1,-0.000774413381863237
645.15,-0.03155423733835505,0.02015730512761022,-0.6628540482418828,0.0,-1,0.0004650081376424975
645.45,0.0031101576993251,0.01827390005509679,0.4065124238929556,0.0,-1,-0.006816949415136886
641.05,-0.3464834912567767,-0.110439916300335,-12.494433475648918,0.4871528327453234,-1,-0.0016379377583650712
640.0,-0.5799066914634068,-0.11462103883565505,-14.877902238219868,0.7584241401924601,-1,0.011484374999999991
647.35,-0.03579273394484517,0.14316430622763554,6.582375009863426,0.0,-1,0.002471615045956721
648.95,0.3725803059764985,0.18384578204965976,9.798760588665878,0.0,-1,-0.009939132444718446
642.5,0.008218467105848504,-0.060172018940330085,-5.099883188724313,0.0,-1,0.0004669260700387312
642.8,-0.14964732458827257,-0.07267927021148372,-4.399447807361305,0.0,-1,-0.0003889234598630775
642.55,-0.2369429433863388,-0.05332496300318332,-4.929943358165758,0.0,-1,0.002101003812932989
643.9,-0.14834550750310882,0.011757490960015549,-1.3459354054446706,0.0,-1,0.002950768752912003
645.8,0.06664866939706826,0.07558388928673089,3.4079524553568774,0.0,-1,0.004335707649427256
648.6,0.40192503539742575,0.13695341842902947,9.541534644880613,0.0,-1,-0.0037773666358310587
646.15,0.3319027987811296,0.022310393937577777,2.785628146971945,0.0,-1,0.0013154840207383334
647.0,0.3400664472411563,0.01015801413253481,4.764219148034655,0.0,-1,-0.0020865533230294275
645.65,0.20330940086785176,-0.04219967741358993,0.9931379425858111,0.0,-1,-0.007434368465887076
640.85,-0.282011572391184,-0.1758402168908752,-9.912338951192062,0.0,-1,0.004837325427166972
643.95,-0.2428377613214252,-0.045555468607038824,-1.94116069078418,0.0,-1,7.764577995184041e-05
644.0,-0.1988477090097831,-0.0005218054317989163,-1.817608794379197,0.0,-1,-0.0029503105590061862
642.1,-0.3186153737698305,-0.040096490063948775,-6.215083762024257,0.0,-1,-0.004827908425478977
639.0,-0.6102812583357036,-0.11058745820994065,-12.431062530268647,0.0,-1,0.0032863849765258912
641.1,-0.530257429090625,-0.01018787632162066,-6.40394612018963,0.0,-1,-0.0015598190609888984
640.1,-0.5293907287106094,-0.0031070586472017325,-8.522593322950044,0.0,-1,0.00015622558975159073
640.2,-0.4765081511279732,0.016591839645144824,-8.208286528701784,0.0,-1,-0.005154639175257825
636.9,-0.6853578497427861,-0.0640859529898894,-15.08411046469135,0.023697377476764814,-1,0.0023551577955722713
638.4,-0.6076695449048657,0.004534117282677053,-10.090918935994743,0.0,-1,-0.028743734335839655
620.05,-2.0473529304105114,-0.47838308940765617,-30.46364372189781,9.730026761879913,-1,-0.004354487541327168
617.35,-2.8215818789624336,-0.41753734598652636,-31.96849810769305,6.972451480358586,-1,-0.0021057746821091516
616.05,-3.0818978633249117,-0.22595111011633495,-32.68214296474576,3.668200085466424,-1,-0.0024348672997321907
614.55,-3.080231033562427,-0.07476142678461661,-33.51842789452728,0.9900435413799187,-1,-0.00016272068993561373
614.45,-2.8310450325509464,0.05814152474228784,-33.577173348042024,0.0,-1,-0.0004068679306696854
614.2,-2.491364945999294,0.13260720376464663,-33.738179433111654,0.0,-1,0.0012211006186910733
614.95,-2.0514111572235834,0.19085366418011906,-31.088269229782437,0.0,-1,-0.000813074233677491
614.45,-1.702149999733706,0.18003827388999882,-31.521423291765945,0.0,-1,-0.002115713239482564
613.15,-1.494006921010964,0.12939378420424696,-32.66821673919655,0.0,-1,-0.0035880290304165507
610.95,-1.448768138232026,0.058210855661061656,-34.479398563552905,0.0,-1,0.0009820770930517586
611.55,-1.2554180686565815,0.08385364174550203,-31.886316867615538,0.0,-1,8.175946365795994e-05
611.6,-1.049958194814053,0.0964378385293434,-31.654246118430653,0.0,-1,-0.002370830608240726
610.15,-0.9805650749916595,0.05527698611724574,-33.18938657282823,0.0,-1,0.003851511923297579
612.5,-0.6683214254977656,0.12250687853704656,-22.295536606247246,0.0,-1,-0.0008163265306122547
612.0,-0.49817281529271895,0.09755182958069775,-23.127457178794263,0.0,-1,0.004575163398692794
614.8,-0.13825077558237808,0.15249128976367954,-11.615087913356533,0.0,-1,-0.0015452179570590863
613.85,-0.02593552442874625,0.08826884697243713,-13.765536851778776,0.0,-1,-0.0004072656186364654
613.6,0.01155006151714133,0.041918144306108227,-14.34952998223892,0.0,-1,-0.0021186440677967155
612.3,-0.07900298396964445,-0.01621163372689252,-17.386523323236588,0.0,-1,-0.00865588763677927
607.0,-0.5593625913822962,-0.1655237470465148,-26.46756177838704,0.9740431454932832,-1,-0.000988467874794119
606.4,-0.8029288458067185,-0.13636333382364574,-27.26388174895162,0.939420232866155,-1,0.00032981530343012544
606.6,-0.8411345692016994,-0.058189685739542196,-26.307515525088395,0.0,-1,0.006758984503791643
610.7,-0.4484762167991221,0.11148955555434503,-9.524957666174025,0.0,-1,-0.0011462256427051676
610.0,-0.2731073558645676,0.09561947216296651,-11.146013946973092,0.0,-1,0.000245901639344126
610.15,-0.15016397907527335,0.07285428298408692,-10.568439625497867,0.0,-1,-0.0023764648037366554
608.7,-0.19701195909101443,0.008668767656115267,-14.200483761214251,0.0,-1,-0.002053556760308828
607.45,-0.30818495250787237,-0.0341680752535809,-17.10292809764114,0.0,-1,0.0015639147254917773
608.4,-0.2589227031739938,0.005031391360099224,-12.80321293331648,0.0,-1,0.013313609467455745
616.5,0.46228531342410406,0.24207980265273238,10.919937707902541,-0.16311160144971382,-1,-0.0036496350364964014
614.25,0.5968655456043734,0.12555334494433396,4.559121292007809,0.0,-1,0.0012210012210012167
615.0,0.6769168662275433,0.06853488852250134,6.250957063497928,0.0,-1,0.0022764227642275703
616.4,0.7771994543535357,0.056272492216164594,9.387126134772451,0.0,-1,-0.0006489292667098967
616.0,0.7292407938870156,0.0027712772498814653,8.065708535112151,0.0,-1,-0.0010551948051947813
615.35,0.5903247308298205,-0.04538159526910457,5.823005114790128,0.0,-1,0.001056309417404755
616.0,0.5258396383987929,-0.036622229233377435,7.640850081592774,0.0,-1,-0.005113636363636376
612.85,0.18727712231668647,-0.12506158177182797,-2.8142111334750908,0.0,-1,-0.0008974463571838065
612.3,-0.04344389591744857,-0.11859420000198768,-4.418185553752089,0.0,-1,-0.0003266372693123687
612.1,-0.1718507470413897,-0.08233368370864295,-5.035744505695675,0.0,-1,-0.0019604639764745357
610.9,-0.3217332770165058,-0.077405404561253,-8.760587906596882,0.0,-1,-0.0009821574725814575
610.3,-0.4198634355860804,-0.05851185437694256,-10.57501548524943,0.0,-1,-0.0036867114533836176
608.05,-0.6214398952387228,-0.08669610467652833,-16.682808564283754,0.0,-1,0.001562371515500427
609.0,-0.591274800461747,-0.01884366996651754,-12.164714142916232,0.0,-1,-0.0008210180623974273
608.5,-0.5685860197014563,0.001281703597924344,-13.606718350509986,0.0,-1,-0.004765817584223453
605.6,-0.75152612767954,-0.06055280146005315,-20.782882433534272,0.0,-1,-0.013210039630118908
597.6,-1.447035671028516,-0.2520207816030098,-31.7893201581952,4.127062423956772,-1,-0.013303212851405677
589.65,-2.3367041367839647,-0.38056308245281967,-37.13892162774475,7.092852526499769,-1,0.0024590858984143704
591.1,-2.4659796915964307,-0.1699462124217619,-32.242807190027676,2.3666625315339616,-1,-0.005075283369988193
588.1,-2.575119161369571,-0.0930285607316339,-34.2740714209765,1.7247587972925658,-1,-0.004250977724876703
585.6,-2.6234289661420007,-0.0471127885013547,-35.78019935362301,0.5294272858994873,-1,0.004696038251366108
588.35,-2.1997981213497724,0.12550601876362455,-26.79127698996153,0.0,-1,0.0024645194187131736
589.8,-1.6838328555078306,0.21382376153518878,-22.349575532192134,0.0,-1,-0.012207527975584775
582.6,-1.8855308179612393,0.004041933027260081,-29.038798037780957,0.0,-1,-0.006179196704428458
579.0,-2.129252231024452,-0.07989316001198432,-31.522223069977027,0.0,-1,-0.0014680483592400817
578.15,-2.1445085849707084,-0.031716504652747,-32.079236039072555,0.0,-1,0.005621378534982346
581.4,-1.7025943798629442,0.136732566818339,-22.76095311571501,0.0,-1,0.004385964912280826
583.95,-1.1272544123204398,0.2373575114536144,-16.208133107123373,0.0,-1,0.0009418614607414888
584.5,-0.6998132275225544,0.22159956541716663,-14.80935899717717,0.0,-1,-0.003934987168520032
582.2,-0.6194415328300238,0.10065708670323237,-17.955065951066118,0.0,-1,0.00034352456200603676
582.4,-0.5109688910812338,0.06970990948400746,-17.37318012008909,0.0,-1,-0.0012877747252747485
581.65,-0.47665182928346894,0.03467565709392406,-18.497149685898233,0.0,-1,0.001461359924353145
582.5,-0.348938979277591,0.05412950236660069,-15.649249745145646,0.0,-1,-0.006437768240343367
578.75,-0.5685043060015005,-0.05514527478576958,-21.46493534382512,0.0,-1,-0.0007775377969763131
578.3,-0.6684116105300291,-0.05168419310476602,-22.094858621160675,0.0,-1,0.005533460141794899
581.5,-0.39599762858347276,0.07357659628059676,-11.387471668623014,0.0,-1,0.00017196904557192916
581.6,-0.21845750189481805,0.08370557432308384,-11.072528194202732,0.0,-1,-0.0035247592847318376
579.55,-0.28231598005936576,0.006615698719512064,-15.1455980153927,0.0,-1,-0.001294107497196051
578.8,-0.35321888747000685,-0.021429069563709657,-16.567593406773327,0.0,-1,-0.0006910850034553828
578.4,-0.39256876721947265,-0.020259649771058486,-17.356797857931163,0.0,-1,0.0006915629322268302
578.8,-0.34619630982592753,0.008704269207495563,-15.635259965149928,0.0,-1,-0.000863856254319284
578.3,-0.33582705531023294,0.006357841241063367,-16.813317490575542,0.0,-1,-0.0076949680096833895
573.85,-0.6734901734432697,-0.11043509229732451,-25.215340824795174,1.3865811382557922,-1,0.006273416398013376
577.45,-0.48619755138940945,0.025619176585511938,-11.271601501309043,0.0,-1,0.0032037405836000676
579.3,-0.1978681110800835,0.104649538964946,-5.406686477377434,0.0,-1,-0.0013809770412566147
578.5,-0.10388104833543821,0.06621220056986377,-7.367425537343465,0.0,-1,-0.0013828867761451757
577.7,-0.11489742960191052,0.01839860643446381,-9.353217378521379,0.0,-1,-0.005279556863424073
574.65,-0.364997501101584,-0.07723382168840326,-16.05171419667409,0.0,-1,-0.0002610284521011863
574.5,-0.4721310784262869,-0.06145579967103537,-16.354701532290292,0.0,-1,0.000609225413402914
574.85,-0.4571869438864269,-0.015503888377058461,-14.854056253927865,0.0,-1,-0.0010437505436201588
574.25,-0.4616159646260485,-0.006644303038893351,-16.30551874506805,0.0,-1,0.006269046582499049
577.85,-0.12536247794366773,0.10986972788116248,-1.9912386023492203,0.0,-1,-0.003893744051224335
575.6,-0.13428886144049557,0.03364778146144487,-8.25031868223428,0.0,-1,0.0012161223071576188
576.3,-0.06922798140226405,0.0329028871665588,-5.738333912412948,0.0,-1,0.0006940829429118445
576.7,0.002404790400419188,0.03484521965641402,-4.252874161486467,0.0,-1,-0.0007803017166638782
576.25,0.000520777101769454,0.01098706878592143,-5.727727165719891,0.0,-1,-0.004598698481561803
573.6,-0.22129796097271992,-0.07027722309618933,-13.439993784197,0.0,-1,-0.007670850767085069
569.2,-0.6804324999288838,-0.17647058735078447,-22.331884088545035,2.079661784097084,-1,0.03056921995783557
586.6,0.5967029389204299,0.3668882838328432,15.034523588997914,-3.244618803795447,-1,0.0016195022161609174
587.55,1.2647120801017309,0.34496580833804813,16.09700533874573,-2.1683682007658263,-1,0.002893370776955173
589.25,1.6349906440171935,0.23841479075117022,18.028644012043188,-1.7321651801128155,-1,-0.004327535002121241
586.7,1.471380705640172,0.02493495079138297,12.128936270849024,0.0,-1,-0.00017044486108752643
586.6,1.2586273443149594,-0.0626061368446098,11.895046146420064,0.0,-1,-0.0034094783498125336
584.6,0.8806983849594872,-0.14684503206669408,7.116791849106306,0.0,-1,-0.004789599726308658
581.8,0.38500903986846424,-0.214178125719239,0.993138011584179,0.0,-1,0.0024063251976624844
583.2,0.22174694733394062,-0.12581340608458758,3.7480298852428433,0.0,-1,-0.004115226337448763
580.8,-0.07836301121119504,-0.14197445487657442,-1.4504197356239743,0.0,-1,0.0
580.8,-0.22188773954951557,-0.09516639440496497,-1.4504197356239743,0.0,-1,-0.003701790633608759
578.65,-0.4543261254227673,-0.10920159342607222,-6.1418356770185625,0.0,-1,0.0004320400933206514
578.9,-0.5118514745742004,-0.055575647525835103,-5.449565462582854,0.0,-1,-0.0009500777336326482
578.35,-0.5437931929354818,-0.029172455295705446,-6.753104803044991,0.0,-1,-0.0070891328780150475
574.25,-0.8561146193715103,-0.113831293910578,-15.189565695157057,0.0,-1,-0.005137135393992298
571.3,-1.186765780975179,-0.14816081850474894,-19.886011301122743,0.0,-1,-0.0027131104498511194
569.75,-1.3823608800290685,-0.1145853058528794,-22.084726201751952,0.0,-1,8.775778850367288e-05
569.8,-1.3607950228869186,-0.03100648290357655,-21.89657602032195,0.0,-1,-0.011319761319761201
563.35,-1.7741125090752803,-0.14810798969731276,-29.54802699458183,0.6212716841375823,-1,-8.87547705690217e-05
563.3,-1.8370952097465079,-0.07036356345618011,-29.595875712444847,0.0,-1,0.02556364281910195
577.7,-0.515495292603191,0.4170787845623789,4.481808367709284,0.0,-1,0.007616409901332721
582.1,0.5549292736853886,0.4958344502836529,10.258410024787231,0.0,-1,0.005497337227280408
585.3,1.3105641173559661,0.4171564313180769,13.95489162398512,0.0,-1,-8.542627712271322e-05
585.25,1.575001196078233,0.22719783668011462,13.851783269069884,0.0,-1,0.011106364801366952
591.75,2.1176363024328566,0.2566109810115793,20.679714369802852,0.0,-1,0.0011829319814111727
592.45,2.270817497074063,0.136597391884262,21.32776067602896,0.0,-1,-0.000421976538104496
592.2,2.1373399696385604,0.0010399548162531858,20.70760116932064,0.0,-1,0.03343465045592686
612.0,3.542489541784221,0.46872984232063786,33.40483409461427,-8.886073979310936,-1,-0.00645424836601316
608.05,3.6206901993749625,0.18231016663712651,26.093584864581885,-0.5607949604503801,-1,-0.004193734067922006
605.5,3.1455663448891755,-0.0976045626162203,21.59200005545054,0.0,-1,0.0002477291494631384
605.65,2.6583738889054302,-0.194932339533322,21.701418522802825,0.0,-1,-0.0001651118632873816
605.55,2.1849131701715123,-0.22279768608908013,21.497429579170557,0.0,-1,-0.0009082652134422275
605.0,1.7202733799568932,-0.2291458254345664,20.275619387908222,0.0,-1,0.0016528925619834212
606.0,1.4279307031865756,-0.17382950073496128,21.267548856490336,0.0,-1,0.00016501650165023918
606.1,1.1710984728691756,-0.14355391035078702,21.37369172332086,0.0,-1,0.001072430292031079
606.75,0.9992574849713947,-0.10513163274952264,22.117599576720764,0.0,-1,-0.00346106304079119
604.65,0.6550655339415243,-0.14977452792646428,15.964065077173942,0.0,-1,-0.0023153890680558398
603.25,0.3117140972648258,-0.1643753215343876,12.042674343966908,0.0,-1,-0.013261500207210952
595.25,-0.5526044625122495,-0.34289796043715426,-4.958104199573349,0.0,-1,-0.006887862242755172
591.15,-1.280380037191435,-0.35689117837211326,-11.03769443383284,0.0,-1,0.000592066311426942
591.5,-1.5084028214317868,-0.1949713208708217,-10.266129246957497,0.0,-1,-0.008114961961115719
586.7,-1.8967139784326719,-0.19442749262390224,-16.68359202543067,0.0,-1,0.0013635588886993233
587.5,-1.866143392063691,-0.05461896875164052,-14.747042277861802,0.0,-1,-0.001617021276595798
586.55,-1.7745128162072206,0.012337202368276623,-16.048008539462558,0.0,-1,-0.0020458613928905356
585.35,-1.6808214602616545,0.03534285277128091,-17.71994537512993,0.0,-1,-0.0022208934825319604
584.05,-1.602240660600387,0.03797455081084955,-19.526285795452004,0.0,-1,0.0016265730673743484
585.0,-1.3502635390531168,0.09665055745270656,-16.504563625638568,0.0,-1,-0.0017094017094017033
584.0,-1.195086350025008,0.08394258216027173,-18.124849446893627,0.0,-1,-0.010017123287671237
578.15,-1.5054072263422995,-0.07545943138567335,-25.749768493127885,0.0,-1,-0.002075585920608747
576.95,-1.635117062305767,-0.06838975578304685,-27.00356314538302,0.0,-1,-0.004939769477424472
574.1,-1.8012122250952416,-0.07816163952417376,-29.764438994939592,0.0,-1,0.0003483713638736674
574.3,-1.7174921210654475,0.0018528215018733807,-29.02467756116737,0.0,-1,0.00034825004353122857
574.5,-1.515841058961655,0.06783462786855532,-28.218649475181845,0.0,-1,0.0037423846823323448
576.65,-1.1095287729963275,0.15804897127796091,-19.72417036383624,0.0,-1,0.0013006156247290512
577.4,-0.7514118989306553,0.1720552817812111,-16.9078390926026,0.0,-1,0.018531347419466604
588.1,0.38193086301316725,0.4351326812416779,9.20988452096605,0.0,-1,-0.0013603128719607005
587.3,0.850108005400557,0.30110327454302255,7.350126676214508,0.0,-1,0.0011067597479994529
587.95,1.0675209094775937,0.1728387262066865,8.526153852366534,0.0,-1,0.006293052130283083
591.65,1.3956006190596781,0.16697281192959035,14.685064307181861,0.0,-1,-0.004901546522437239
588.75,1.201673755595607,-0.008984683844826868,7.277621345068184,0.0,-1,0.0009341825902333678
589.3,1.050404177564019,-0.05341808729213837,8.284289044033791,0.0,-1,0.001187849991515444
590.0,0.9455690404179222,-0.05275107481274499,9.62949185356694,0.0,-1,-0.008983050847457541
584.7,0.37268738514342203,-0.20854424336241506,-3.0950490558267987,0.0,-1,-0.006755601162989677
580.75,-0.2739773912559258,-0.285069673253921,-10.138884183487562,0.0,-1,-0.0005165733964700436
580.45,-0.5994783301842972,-0.2035235373940975,-10.637714060701057,0.0,-1,0.002670341976052981
582.0,-0.5831056054663577,-0.062383604225386025,-6.573435270522552,0.0,-1,-0.003092783505154517
580.2,-0.6763271093185494,-0.05186836935919259,-10.030208209714573,0.0,-1,0.00784212340572199
584.75,-0.28741060213474157,0.11234937927487176,0.9384401091046115,0.0,-1,0.0021376656690894613
586.0,0.03516520163498171,0.14497506101486501,3.5302870958483297,0.0,-1,-0.0010238907849829948
585.4,0.14352267005028807,0.08444417647672381,2.063391548779677,0.0,-1,0.0014519986334131652
586.25,0.2565745150870953,0.06583200717117701,4.045611202156685,0.0,-1,0.0010234541577824885
586.85,0.3417192280148811,0.05032557336632093,5.48918771920799,0.0,-1,0.0002556019425747902
587.0,0.36831498214428393,0.02564044249857461,5.874224892947986,0.0,-1,-0.00025553662691646384
586.85,0.3384199440303064,-0.001418198538467641,5.342298154803828,0.0,-1,-0.002982022663372219
585.1,0.14943742963748718,-0.06346690431042895,-0.7371495555466652,0.0,-1,0.0017091095539223389
586.1,0.12582638663786838,-0.029025982436682585,2.570894705447593,0.0,-1,0.0007677870670532716
586.55,0.14103533291824988,-0.00460567871876702,4.068261289592037,0.0,-1,-0.0006819537976301415
586.15,0.10355352831527398,-0.01402916110724764,2.4333442095915814,0.0,-1,0.00017060479399466644
586.25,0.0845164986542386,-0.011022063589427672,2.829550024737145,0.0,-1,0.006226012793177027
589.9,0.3721216089359132,0.09219434889741568,14.740465767073232,0.0,-1,-0.00042380064417701924
589.65,0.4640806966652917,0.06138447887559806,13.519821716929371,0.0,-1,0.004663783600440841
592.4,0.7005535158078828,0.09928576600606309,20.351994964126845,-0.5351612924725941,-1,-0.0019412559081700698
591.25,0.6645771323951521,0.021103127531110766,14.71999038161978,0.0,-1,-0.006004228329809624
587.7,0.29537417965593704,-0.11603327506936811,0.7773602870571068,0.0,-1,-0.001191083886336597
587.0,0.02782485498164533,-0.12786086658121995,-1.5112629917086053,0.0,-1,0.0
587.0,-0.10826854527067553,-0.08798475561118026,-1.5112629917086124,0.0,-1,-0.001192504258943905
586.3,-0.22562619995755995,-0.0684474700993549,-4.067155100084136,0.0,-1,-8.528057308532233e-05
586.25,-0.26966951063798206,-0.037496926926592344,-4.258510798447411,0.0,-1,-0.002217484008528725
584.95,-0.3775520400915866,-0.048459818793398945,-9.172171610365979,0.0,-1,0.0011112060859901352
585.6,-0.3458639681441582,-0.005590582281990164,-5.839707334062346,0.0,-1,-0.0044398907103825325
583.0,-0.5178646014917376,-0.05919707187652318,-14.68031793606459,0.0,-1,0.0034305317324185847
585.0,-0.3940428680413106,0.021541553857967966,-5.23012856593823,0.0,-1,0.0013675213675212738
585.8,-0.2326284289792966,0.06098533097332731,-1.8623899738429088,0.0,-1,-0.003243427791054909
583.9,-0.29086884036655647,0.0009149731953558282,-8.53459437241402,0.0,-1,0.005223497174173808
586.95,-0.04158330936297716,0.08340016806631172,3.0680535358465733,0.0,-1,0.000511116790186561
587.25,0.11152473191896206,0.07883606978275032,4.063193586656588,0.0,-1,0.003746275010642952
589.45,0.3621183582334879,0.10980989869909208,10.830589581459158,0.0,-1,-0.0011875477139707824
588.75,0.398905308204462,0.04886561622335539,7.819208070896167,0.0,-1,-0.005520169851380041
585.5,0.11322334083968144,-0.07893878371380841,-3.942856614010104,0.0,-1,-0.000256191289496166
585.35,-0.05155292124607058,-0.08123834859985349,-4.418374245039956,0.0,-1,-0.004783462885453282
582.55,-0.36297830885166604,-0.13088791206848302,-12.4576258723554,0.0,-1,-0.008325465625268036
577.7,-0.8926094769168458,-0.22017302671122096,-21.971654785127676,2.5180453389713193,-1,0.0011251514626968717
578.35,-1.028874271206405,-0.11881260700026008,-19.354400821344452,0.8775720503948605,-1,-0.0009509812397338058
577.8,-1.0571004790839424,-0.04901293829259923,-20.367516987856394,0.20438035397546628,-1,-0.01696088611976454
568.0,-1.7997885430991118,-0.2639003341025896,-32.08980388994605,5.816942176437237,-1,0.004049295774647854
570.3,-1.8294835298484031,-0.09786510695062689,-24.41344991605628,1.1398171671128239,-1,0.0020164825530424313
571.45,-1.5960407290690455,0.04519256460957699,-20.73851857115961,0.0,-1,-0.0022749146906991813
570.15,-1.454649267923628,0.06219467525166489,-22.447590635284946,0.0,-1,0.002192405507322581
571.4,-1.1585660983572552,0.11942594827267916,-18.192352308895043,0.0,-1,0.004550227511375571
574.0,-0.6973106720442956,0.19356045819521295,-10.042007671372154,0.0,-1,0.004965156794425107
576.85,-0.17107373621740862,0.23993246467403334,-2.4123824469442,0.0,-1,0.004853948166767763
579.65,0.3396342097141769,0.250213470201873,3.9722823606916364,0.0,-1,0.0018114379366860334
580.7,0.654185331870508,0.1882548641194014,6.1956447326447375,0.0,-1,0.0004305148958154703
580.95,0.7777787819593414,0.10394943806941159,6.748360163190945,0.0,-1,-0.0003442637059988263
580.75,0.7580939418405706,0.028088199316880225,6.118939165447287,0.0,-1,0.0016358157554887676
581.7,0.7642436932944747,0.01141265025692817,8.545602975444858,0.0,-1,-0.0011174144748153925
581.05,0.6494649279135274,-0.03445537170800639,6.1835537558808795,0.0,-1,-0.0004302555718096457
580.8,0.5171201345635836,-0.05560005501931675,5.231275484116857,0.0,-1,-0.01041666666666663
574.75,-0.09631227332499748,-0.2230108209692993,-12.059940437178732,0.0,-1,0.006176598521095977
578.3,-0.09916912115897958,-0.07528922293442714,-1.539958487194184,0.0,-1,0.002593809441466366
579.8,0.03266654835397276,0.018848815526175067,2.2594132611526447,0.0,-1,-8.623663332174569e-05
579.75,0.09169550408091709,0.025959257084373133,2.11711998819888,0.0,-1,-8.624407072010953e-05
579.7,0.10940202327105908,0.014555258758171707,1.959922419757774,0.0,-1,-0.005778851129894846
576.35,-0.1700282190731741,-0.08829166119535384,-7.567874570497487,0.0,-1,-0.0014747982996443643
575.5,-0.3664076553225186,-0.09489036581489946,-9.653614905057026,0.0,-1,0.012076455256298857
582.45,0.14510326449635613,0.1388735180013251,8.762005644862747,0.0,-1,0.013220018885741203
590.15,1.0304334523644911,0.34140123528982,20.117952557664722,-2.646784789177673,-1,-0.003982038464797166
587.8,1.1913957586015158,0.1674545138422816,14.12945350229775,0.0,-1,-0.004678462061925792
585.05,0.9434272651699303,-0.02683799319643465,7.7197821185237885,0.0,-1,-0.0035039740193144597
583.0,0.5699907463565523,-0.13342483733660415,3.306731229487383,0.0,-1,-0.0031732418524871298
581.15,0.1816065914201772,-0.1739363307576598,-0.48896635609361994,0.0,-1,0.0014626172244687208
582.0,0.04311396466698625,-0.10414298583695025,1.2819739496951286,0.0,-1,0.010309278350515427
588.0,0.47027482090140893,0.10767262346582418,11.79290668986792,0.0,-1,-0.0014455782312925436
587.15,0.573832347276948,0.07041004994712108,9.763302602622758,0.0,-1,-0.0011921996082771003
586.45,0.5194584148582635,0.005345372509478863,8.019554691747203,0.0,-1,-0.010742603802540773
580.15,-0.07601675258933938,-0.19670993164604136,-5.085426247683053,0.0,-1,0.009394122209773315
585.6,0.08674705973601249,-0.011315373106896495,4.740717451151056,0.0,-1,-0.008452868852459106
580.65,-0.2515999557459736,-0.11655412952962754,-3.6102145576715827,0.0,-1,-0.00025833118057350113
580.5,-0.4123068005080768,-0.09242032476391027,-3.8472784056441327,0.0,-1,-0.006201550387596955
576.9,-0.758301322846819,-0.14613828236755078,-9.382386433285198,0.0,-1,0.004506846940544262
579.5,-0.6514401404456294,-0.013092366655453769,-4.16913114286389,0.0,-1,-0.0007765314926662104
579.05,-0.5812228708746261,0.01904163430518313,-4.930044368369437,0.0,-1,0.003712978153872948
581.2,-0.31851233018289804,0.09391739166563706,-0.48079578058567307,0.0,-1,-0.0017205781142464183
580.2,-0.24394769898833601,0.05616067428673305,-2.4703701794466113,0.0,-1,0.002585315408479838
581.7,-0.06133640847542665,0.07959065493321416,0.822692689532964,0.0,-1,0.004813477737665384
584.5,0.26841393748736664,0.13644700029866916,6.48679661695418,0.0,-1,0.007185628742514938
588.7,0.7609212823447251,0.20965144838534255,13.494470322769011,0.0,-1,-0.00042466451503309077
588.45,0.9229315145779537,0.12388722687285703,12.82530164189464,0.0,-1,0.0017843487127198188
589.5,1.0145256711464299,0.07182712781377776,14.567923234454085,0.0,-1,0.008905852417302906
594.75,1.4132789435018367,0.15686013338972815,21.888792260800884,-1.8278732596646705,-1,-0.0021857923497267118
593.45,1.3865490010543908,0.04337673031409417,18.021948400226734,0.0,-1,-0.006234729126295413
589.75,0.9493049464094838,-0.13128910811027095,8.133312603929355,0.0,-1,0.0019499788045782562
590.9,0.7474075068862476,-0.1110621825445024,10.134721051294704,0.0,-1,0.0020308004738536223
592.1,0.6841748282174649,-0.05809828707109499,12.228232465982714,0.0,-1,0.0010133423408209552
592.7,0.6455439198649628,-0.03224306514119901,13.298977777575075,0.0,-1,-0.0006748776784208932
592.3,0.5390998056999479,-0.046229059768738034,11.997140322303501,0.0,-1,-0.003123417187236077
590.45,0.2867860981424428,-0.0995142557754144,6.071053505598542,0.0,-1,0.001524261156744755
591.35,0.21173040285179923,-0.058189983688686,8.229277944781835,0.0,-1,-0.001944702798680975
590.2,0.06072502163556237,-0.06973178830164095,4.432485922493868,0.0,-1,0.04261267366994237
615.35,2.0759952458911357,0.6485128119846442,32.36844683001921,-10.187280644518296,-1,-0.006662874786706796
611.25,2.568964087528002,0.3804938845405035,24.135797798682162,-2.413074828483218,-1,-0.0004089979550102596
611.0,2.5805348343857304,0.13068821046607715,23.637155209226307,0.0,-1,-0.0033551554828149532
608.95,2.2004423049490924,-0.08313477299018679,19.385099350978393,0.0,-1,0.009935134247475164
615.0,2.33119251481844,0.015871812293053456,24.25909158075065,0.0,-1,-0.010569105691056957
608.5,1.6606349101848537,-0.2182285974468443,12.399985832442354,0.0,-1,-0.005505341002465136
605.15,0.9078031986859969,-0.323686769648567,7.1715562339054415,0.0,-1,0.0007436172849708544
605.6,0.49323707637950065,-0.24608429731835446,7.70054535295359,0.0,-1,0.007513210039630014
610.15,0.624017592194491,-0.03843459383445469,12.85487971143381,0.0,-1,-0.004507088420880101
607.4,0.4082397174190646,-0.08473748953662708,8.100473558619534,0.0,-1,0.0009878169245967072
608.0,0.3163308035798309,-0.05888213445862028,8.854958935547153,0.0,-1,-0.0014802631578947345
607.1,0.16901544636186827,-0.06873249722552766,7.1400882792962435,0.0,-1,0.0049415252841376045
610.1,0.3312731472227597,0.031175067878454588,11.314825153826412,0.0,-1,-0.0004917226684151288
609.8,0.3597959020513599,0.01989927423568494,10.658338596881997,0.0,-1,0.0009019350606758181
610.35,0.3899076209613668,0.016670331048563913,11.498072599954902,0.0,-1,0.0032768083886294264
612.35,0.5391378453361995,0.05530018514113222,14.554894350706505,0.0,-1,0.0017963582918265608
613.45,0.660491470412353,0.05888460340576196,16.195061014321766,0.0,-1,0.000896568587496871
614.0,0.7119606604160253,0.0367845978031448,17.04231933342875,0.0,-1,0.00048859934853418
614.3,0.7033652003831321,0.00939637925675052,17.535449012919074,0.0,-1,0.0035813120625103334
616.5,0.8237870370014662,0.04327273862502823,21.063315828083788,0.0,-1,-0.0005677210056772575
616.15,0.786182368893833,0.0018893568391317173,19.72398509034265,0.0,-1,0.0012172360626470091
616.9,0.7643648374321401,-0.006642724874187045,21.02423831303919,0.0,-1,0.011103906629923888
623.75,1.2605923352487025,0.16319492431412508,29.81948848692693,-2.8623370899623524,-1,-0.0025651302605210757
622.15,1.2703233895529138,0.05764199287277871,23.990711474198903,0.0,-1,-0.0028128264887888887
620.4,1.0234953009089622,-0.06306203192372428,17.959631687321064,0.0,-1,0.007011605415860878
624.75,1.1772899815111941,0.03024421622616913,23.847297407495518,0.0,-1,-0.006642657062825075
620.6,0.8102464900197219,-0.11226642508843432,11.807871860025365,0.0,-1,0.0019336126329356773
621.8,0.6592042034390033,-0.08776957055638435,13.708789303685862,0.0,-1,-0.002331939530395566
620.35,0.40791604319542785,-0.11301924359998661,9.71817141525554,0.0,-1,0.0020149915370355487
621.6,0.35244562614070674,-0.05616322021823589,11.998220655826827,0.0,-1,-0.0013674388674389526
620.75,0.22450661543496153,-0.0613674103079937,9.455528987710856,0.0,-1,-0.000402738622633958
620.5,0.12099489212914705,-0.054959711204602746,8.66920191480314,0.0,-1,0.013215149073328103
628.7,0.742489456132148,0.1888449509327994,22.111373637556113,-0.18617049281408526,-1,-0.00946397327819315
622.75,0.4955292834559941,-0.019371740581118124,7.130851557014381,0.0,-1,-0.006824568446407109
618.5,-0.02341157650346304,-0.17943753351352512,-0.9553454082617208,0.0,-1,0.0029911075181892066
620.35,-0.1267643751078822,-0.09426344403931479,2.309381523427909,0.0,-1,0.00040299830740719855
620.6,-0.14704374315113,-0.038180937360854206,2.7638019216293372,0.0,-1,0.0024170157911698187
622.1,-0.019929781910150268,0.029644341293375176,5.585181362166857,0.0,-1,0.00024111879119104174
622.25,0.05778801386952637,0.035787379024350606,5.8780003530245395,0.0,-1,-0.0026516673362796395
620.6,-0.04566875606303711,-0.022556463636070962,1.7111694029678262,0.0,-1,-0.0057202707057687485
617.05,-0.3894247446908139,-0.12210415075461595,-6.112458360096447,0.0,-1,-0.010858115225670373
610.35,-1.0871840102804526,-0.27328780544808495,-16.682933625787413,3.7419953148357763,-1,0.0037683296469237515
612.65,-1.153798308885257,-0.11330070135096304,-11.072345559733769,0.08172693248332052,-1,-0.0013874153268588207
611.8,-1.1617889324471662,-0.04043044163762399,-12.372363096000406,0.0,-1,-0.002206603465184531
610.45,-1.1814684998576013,-0.02003666968268636,-14.466482807508015,0.0,-1,-0.008927840117945895
605.0,-1.5470192419079467,-0.128529137244344,-21.565004951799583,2.2606971900801227,-1,0.005123966942148783
608.1,-1.342543009440874,0.025315698407576193,-13.54238961177289,0.0,-1,0.005097845749054475
611.2,-0.8700929757538916,0.16592191069818618,-6.504307761422069,0.0,-1,0.00654450261780104
615.2,-0.22802687759758555,0.26932933628483074,1.2388867720948795,0.0,-1,0.0004876462938880888
615.5,0.13700841128036245,0.21145487505425958,1.7894402862468155,0.0,-1,0.004711616571892785
618.4,0.5497753547792854,0.20807393951772757,7.00368486218683,0.0,-1,0.006144890038809914
622.2,1.027010880297098,0.22843648834518016,12.853128459503104,0.0,-1,-0.0033751205400193163
620.1,1.0050444030313201,0.06882333702646737,8.007391400114962,0.0,-1,-0.004918561522335163
617.05,0.6561407974792246,-0.09336008950854269,1.5889751198602369,0.0,-1,0.007211733246900609
621.5,0.797843928246607,0.0161143470862799,8.95197040120049,0.0,-1,0.00876910699919553
626.95,1.2563751662763707,0.1582151950386812,15.99080257293221,0.0,-1,0.0037483052875029177
629.3,1.5767761881015758,0.15953873895462878,18.572728746700506,0.0,-1,0.0012712537740346974
630.1,1.6722453500055963,0.08500263361954974,19.450008577499005,0.0,-1,0.0023805745119822586
631.6,1.7056261517905114,0.039461145134821685,21.129013089464053,0.0,-1,0.0003166561114629207
631.8,1.5968477067003732,-0.02310576665177222,21.362185343913254,0.0,-1,-0.002928141817030605
629.95,1.2552211752637277,-0.12157743269613919,15.892638300996538,0.0,-1,7.93713786808592e-05
630.0,0.9839728116068045,-0.13094193211768745,15.970961184803414,0.0,-1,0.0031746031746031633
632.0,0.9330175621444141,-0.060632393860025946,19.122351814111155,0.0,-1,0.0005537974683544888
632.35,0.8589551405677867,-0.04489827181221784,19.668538900262817,0.0,-1,0.0020558235154581883
633.65,0.8586776680655248,-0.015058581438159857,21.732127567987263,0.0,-1,0.00015781582892770984
633.75,0.7953157928089922,-0.026140152231564184,21.895552754515634,0.0,-1,-0.0029980276134121686
631.85,0.5390252057799216,-0.09414357975354493,14.075190608518739,0.0,-1,-0.0021365830497744875
630.5,0.25346114511705764,-0.12656921347213634,9.00793391980406,0.0,-1,0.003885804916732738
632.95,0.2937240193591606,-0.028768779743344464,14.645789510206157,0.0,-1,0.0002369855438817403
633.1,0.301878454867051,-0.0068714480784846654,14.973502395610211,0.0,-1,-0.0032380350655505374
631.05,0.10996580138203171,-0.06626136718783465,6.956439355463608,0.0,-1,0.0045162823864988155
633.9,0.24234565785764062,0.022039496429258093,13.847230438268824,0.0,-1,-0.00299731818898874
632.0,0.13000678127400533,-0.030099793384792406,7.078605092548564,0.0,-1,-0.002768987341772111
630.25,-0.08282988879068398,-0.08097882114982725,1.4920912275372515,0.0,-1,-0.009440698135660508
624.3,-0.6781790664238088,-0.22544266626098403,-12.407572843677606,2.0754827030434626,-1,0.0014416146083615633
625.2,-0.8443387330383985,-0.13053411095852463,-9.699159019524558,0.7142844845607215,-1,0.0033589251439538614
627.3,-0.6820570052591393,0.010582538940244857,-3.6614221308781865,0.0,-1,0.0034273872150487605
629.45,-0.36491139093118363,0.10924271775606686,1.8752763658199356,0.0,-1,-0.006513623004210101
625.35,-0.5175959678563231,-0.014480619723024168,-7.431159778186043,0.0,-1,0.0019189254017748514
626.55,-0.45080525899754775,0.01743669637858375,-4.265242201688899,0.0,-1,0.0007182188173331383
627.0,-0.3423427996516466,0.041966385241494986,-3.046813620788143,0.0,-1,0.007336523125996752
631.6,0.12375032999227642,0.1693531716284727,7.732432641936583,0.0,-1,-0.0015832805573147146
630.6,0.2631510339815577,0.10291795853925134,5.03134380168725,0.0,-1,-0.0023786869647954845
629.1,0.18592213314434503,0.008563019234012897,1.0505627238843047,0.0,-1,-0.00039739310125574967
628.85,0.11098083829710959,-0.02212609187107417,0.3757458926551749,0.0,-1,-0.006042776496779978
625.05,-0.2524048789846347,-0.12850393638427282,-8.81802404295479,0.0,-1,-0.0038396928245739703
622.65,-0.6130639977101282,-0.1630543517032555,-13.493515722564183,0.0,-1,-0.00024090580582991628
622.5,-0.754804890597029,-0.1015984148633855,-13.779088620936868,0.0,-1,-0.007630522088353464
617.75,-1.158608262824032,-0.16846726236346288,-21.59672178487294,1.7499649834721822,-1,0.010683933630109221
624.35,-0.713959260368938,0.09206058003054374,-3.7023325421069373,0.0,-1,0.001281332585889361
625.15,-0.3654714874438696,0.14684945098520408,-1.9535238852486927,0.0,-1,0.004878829081020664
628.2,0.09339502297234503,0.2019053204671396,4.344567386826213,0.0,-1,-0.0021489971346705383
626.85,0.20254535959941222,0.10368521903140226,1.286889581822706,0.0,-1,-0.00534418122357827
623.5,-0.03892491872034043,-0.0459283530961168,-5.600878164305271,0.0,-1,-0.0005613472333600988
623.15,-0.1855829813201808,-0.06419547189865239,-6.282445427046078,0.0,-1,0.011233250421246899
630.15,0.33988656915653337,0.15375802619268727,8.033611697826103,0.0,-1,0.0008728080615727496
630.7,0.6201307969652134,0.1446674180004558,8.94527762450381,0.0,-1,0.003805295703186884
633.1,0.9085753444558122,0.14437065516368486,12.85740033627566,0.0,-1,-0.006002211341020525
629.3,0.6604163394964644,-0.03459611659855433,3.8328322795145056,0.0,-1,0.002701414269823621
631.0,0.6229688087254317,-0.024014549123195672,6.908136602579937,0.0,-1,-0.005546751188589494
627.5,0.26066430927949114,-0.1287730161897121,-0.6169182310847603,0.0,-1,0.0
627.5,0.05779003378324887,-0.11054909722865147,-0.6169182310847603,0.0,-1,0.0007968127490038945
628.0,-0.006796273446866508,-0.05837846815292229,0.5366304910366964,0.0,-1,0.01194267515923575
635.5,0.5864769290586764,0.17829824478420686,14.152556460524352,-0.16824866173362807,-1,-0.002517702596380844
633.9,0.7009071195565184,0.09757614509401624,10.223012346603113,0.0,-1,-0.002918441394541782
632.05,0.545546621509061,-0.0192614509844804,5.829600117379364,0.0,-1,-0.0034807372834426697
629.85,0.23907082069285934,-0.1085790839335607,0.9211320234618938,0.0,-1,-0.005874414543145301
626.15,-0.24242298143963126,-0.19669096202201708,-6.264316848791921,0.0,-1,-0.0003194122814020872
625.95,-0.4796346340525588,-0.1446342048783149,-6.63186342185265,0.0,-1,0.004393322150331391
628.7,-0.32910424085457635,0.001965396106555828,-0.188128673084762,0.0,-1,0.004215046922220411
631.35,-0.005580357517715129,0.10849642648113902,5.26219333981858,0.0,-1,0.0016631028747919885
632.4,0.2441466139438262,0.11940779931422682,7.3035273538466825,0.0,-1,0.0025300442757749675
634.0,0.4819978818459276,0.11908635573877607,10.365497611888252,0.0,-1,0.00425867507886446
636.7,0.7857570256431927,0.14094849984534707,15.063275007630452,0.0,-1,-0.007067692790953317
632.2,0.497156845404902,-0.04921722679764784,3.3526237948897304,0.0,-1,0.0004745333755140635
632.5,0.3364270181687061,-0.06998235134461456,3.966366876922635,0.0,-1,0.004110671936758958
635.1,0.44469318636981825,0.01276127228549917,9.14287369172542,0.0,-1,0.00031491103763170436
635.3,0.4784351716061792,0.015501085840620044,9.531819729912016,0.0,-1,0.00031481189988991076
635.5,0.47210323325725767,0.0030563824972328346,9.955387706894172,0.0,-1,0.002360346184107076
637.0,0.5545953279779496,0.0285161590726416,13.167967217832988,0.0,-1,-0.002904238618524402
635.15,0.39545843134010283,-0.04354024585506838,6.91125844136068,0.0,-1,0.0015744312367156343
636.15,0.36626844707620876,-0.024243410039654134,9.330628295019018,0.0,-1,-0.006523618643401674
632.0,-0.02468224897870641,-0.13839803536485645,-2.8713230673272037,0.0,-1,0.0040348101265821334
634.55,-0.005600742924571023,-0.039772176436907024,3.6383450407016724,0.0,-1,-0.0014971239461034624
633.6,-0.07475992798720199,-0.03631045383317933,1.0371894303516243,0.0,-1,-0.0011837121212121549
632.85,-0.1656095265195745,-0.04238668412185062,-1.0452894245019948,0.0,-1,-0.0005530536462037272
632.5,-0.22640019857578864,-0.03439245205935493,-2.0595744332817247,0.0,-1,-0.0010276679841897396
631.85,-0.29209551805593037,-0.033362590513165535,-4.025145217586285,0.0,-1,-0.0006330616443775972
631.45,-0.33393521795790093,-0.0250674301383787,-5.27887417442242,0.0,-1,0.0022171193285296376
632.85,-0.2103604664124532,0.03283577380235633,0.02134015610610618,0.0,-1,-0.015169471438729598
623.25,-0.9310430517720079,-0.22928227051906613,-21.094698099566266,4.238838153015763,-1,0.001203369434416457
624.0,-1.1512974234707372,-0.14984554740593192,-18.581584318767035,1.731325878415646,-1,-0.0029647435897436347
622.15,-1.3196498240309893,-0.10606598265539469,-21.356611762266965,1.552913500229124,-1,0.0005625652977578888
622.5,-1.2646885389751787,-0.017034899199861453,-20.05589865682209,0.0,-1,-0.000642570281124466
622.1,-1.1651505181993116,0.027501040525335307,-20.733337253064583,0.0,-1,0.0031345442854844308
624.05,-0.8557856312947933,0.11228864247661785,-13.01165938550541,0.0,-1,0.0
624.05,-0.6297877185679681,0.11276218506781432,-13.01165938550541,0.0,-1,-0.0032849931896481444
622.0,-0.6351397856572021,0.03580337265952682,-17.60195417651667,0.0,-1,-0.0013665594855305496
621.15,-0.6557208370637682,0.005074107084320212,-19.354101588827856,0.0,-1,-0.0007244626901713458
620.7,-0.6488679596783413,0.003975661489915683,-20.2989765058098,0.0,-1,0.004672144353149665
623.6,-0.3497025243458438,0.10104703227413775,-7.585649764109583,0.0,-1,-0.0021648492623477233
622.25,-0.2834779296507577,0.05575720898974129,-11.213765150451458,0.0,-1,0.0007231820008035683
622.7,-0.1892424714990284,0.04999755571382353,-9.33398094565068,0.0,-1,-0.0006423638991490677
622.3,-0.1596878697981765,0.026517385804891797,-10.531050642492445,0.0,-1,0.0018479832878035563
623.45,-0.035769913131275644,0.05014511415726422,-5.328328123092909,0.0,-1,-0.0005613922527869519
623.1,3.2246297223537113e-06,0.02863941730608741,-6.590066370938594,0.0,-1,-0.001765366714813088
622.0,-0.07377714187555284,-0.01504698306639593,-10.487295578903918,0.0,-1,0.0026527331189709624
623.65,0.03298077002807531,0.030570309612410744,-2.614625369769371,0.0,-1,0.0005612122183917823
624.0,0.11277799514425624,0.03678917824286389,-1.048654139594774,0.0,-1,0.009134615384615463
629.7,0.6182784414403386,0.1807632081796488,16.82069897847991,-2.9108603144781,-1,-0.00031761156106091537
629.5,0.8028387944683573,0.12177452040255587,15.921074134986497,-1.4191568851151715,-1,0.001429706115964935
630.4,0.9032157381100205,0.07405048801473968,18.070453988289458,-1.0513970153282344,-1,-0.0010310913705583458
629.75,0.823969565088305,-0.00173189500232529,14.791224565158089,0.0,-1,0.0008733624454146938
630.3,0.7615156814867987,-0.021395259534610522,16.316798774736725,0.0,-1,0.0043630017452007674
633.05,0.8959957662287934,0.037694941735794685,22.851864026126307,-0.41355538399068337,-1,0.0
633.05,0.8885694947474576,0.010089556751486262,22.851864026126307,0.0,-1,0.00315930811152354
635.05,0.9774755677777875,0.03299854326060536,26.879467318172644,0.0,-1,-0.0005511377056923727
634.7,0.9113056403114115,-0.011057128068590272,24.723899272146184,0.0,-1,-0.0015755475027572352
633.7,0.7189452065523483,-0.06780585394255112,18.616331265539145,0.0,-1,0.005286413129240719
637.05,0.8420195557933994,0.01842283176616666,25.93713051999994,0.0,-1,0.0
637.05,0.8333884340978557,0.0032639033568743203,25.937130519999926,0.0,-1,-0.0011773016246762191
636.3,0.6971238370753099,-0.04433356455522386,21.337687414241373,0.0,-1,0.0011001100110010764
637.0,0.6292312188077176,-0.037408727607605385,23.031634946109136,0.0,-1,-0.005494505494505475
633.5,0.25118230810664954,-0.13848587943622448,4.979861863743231,0.0,-1,0.00039463299131803353
633.75,0.06205932708053297,-0.10920295348744702,5.846041447370332,0.0,-1,-0.010729783037475293
626.95,-0.6043404406892705,-0.2585342404190835,-14.687264427332408,0.0,-1,-0.004466065874471736
624.15,-1.1205119545167008,-0.25823525141550463,-19.772141638826113,0.0,-1,-0.002723704237763247
622.45,-1.426888381887352,-0.18820389292871864,-22.448491418528647,0.1501440486157435,-1,0.002570487589364401
624.05,-1.3278358970820818,-0.02971713604114945,-16.308946601975002,0.0,-1,-0.0036856021152150698
621.75,-1.3593233299226313,-0.0204015229605663,-20.32551658631252,0.0,-1,-0.0006433453960594804
621.35,-1.2951234355159613,0.014599457148701145,-20.993740663446342,0.0,-1,-0.000563289611330231
621.0,-1.1842632020196788,0.04181989688166121,-21.615168658609374,0.0,-1,-0.0016908212560385882
619.95,-1.1176444851032556,0.036146204599361464,-23.507107979192703,0.0,-1,0.001371078312766949
620.8,-0.9203647528864849,0.07780864560537737,-19.349429556978837,0.0,-1,-0.0010470360824741398
620.15,-0.799194490704167,0.06632630259589845,-20.75491505155392,0.0,-1,-0.004676287994839878
617.25,-0.9136764853876684,-0.016051897362534318,-26.17151101383068,0.0,-1,0.000486026731470135
617.55,-0.8697777756137839,0.00928227080378341,-24.583702090322777,0.0,-1,0.0009715812484818453
618.15,-0.7253469394256626,0.05123770233063485,-21.28174462633438,0.0,-1,-0.0004044325810886873
617.9,-0.6135192763795203,0.0543551217922591,-21.858538234644982,0.0,-1,-0.013594432756109387
609.5,-1.206478838491421,-0.17953481343988043,-33.91754436634491,0.0,-1,0.0
609.5,-1.4024187163397528,-0.1251582304294041,-33.91754436634491,0.0,-1,0.006480721903199482
613.45,-1.054353762235678,0.07430224122489015,-17.20017129945242,0.0,-1,0.003667780585214775
615.7,-0.6049584716639629,0.17456584393220176,-9.676012132244388,0.0,-1,-0.003085918466785964
613.8,-0.48818095373951564,0.0971144539522163,-13.509515084583882,0.0,-1,-0.0015477354187030112
612.85,-0.4682771152989744,0.03900609746425254,-15.340088980436505,0.0,-1,0.0033450273313206935
614.9,-0.2484687698037078,0.08627148098650639,-8.324755743760669,0.0,-1,-0.009676370141486257
608.95,-0.6136921995724833,-0.09298398292742305,-19.043447249916508,0.0,-1,-0.005993923967485215
605.3,-1.0493295644924956,-0.17620711594914518,-23.66085909519408,0.7351446148441028,-1,-0.0008260366760284299
604.8,-1.2213707832447653,-0.11608277823380497,-24.24555867789278,0.0,-1,0.0007440476190476719
605.25,-1.168110494017128,-0.02094082966872257,-22.633182939879198,0.0,-1,-0.0003304419661297464
605.05,-1.060804474901829,0.028788396482192224,-22.923560004208767,0.0,-1,0.0009916535823486505
605.65,-0.8687510924357866,0.07361392631607822,-20.43246852425761,0.0,-1,-0.00033022372657465215
605.45,-0.7169951434997301,0.07512329175071153,-20.801882147532837,0.0,-1,0.02312329672144675
619.45,0.5852990929265616,0.45913917605900106,14.091808348225356,0.0,-1,-0.0056501735410444676
615.95,0.8960046200625129,0.2566149010649841,6.3742428651693075,0.0,-1,0.0018670346619042988
617.1,1.0725236652920103,0.14437798209816044,8.211305193024018,0.0,-1,0.0003240965807809193
617.3,1.0880728824656671,0.05330906642393907,8.548600083408687,0.0,-1,-0.007370808358982628
612.75,0.6260080841803983,-0.13625191062044328,-1.3727268936190171,0.0,-1,-0.012484700122398995
605.1,-0.29469165531054387,-0.3523172167037953,-13.064998546563913,0.0,-1,0.00470996529499268
607.95,-0.49298388711360985,-0.18353648283562046,-7.356253212294305,0.0,-1,-0.01924500370096227
596.25,-1.5260480124222795,-0.4055335360480967,-19.818403424102414,1.929158232148211,-1,0.004109014675052425
598.7,-1.7112427407080304,-0.19690942144461587,-15.37335867770507,0.0,-1,-0.002421914147319293
597.25,-1.7820698764586496,-0.08924551906507827,-16.76479702384183,0.0,-1,0.004688154039346859
600.05,-1.4356442879624183,0.08572668981038434,-11.46533963184283,0.0,-1,0.0062494792100658
603.8,-0.8302944697173871,0.23035883601847185,-4.972160228861206,0.0,-1,-0.0019046041735674146
602.65,-0.5542616881184586,0.16879720587246683,-6.536655733860883,0.0,-1,-0.0024890068862524206
601.15,-0.4950568233091417,0.07600069022726119,-8.620335991646101,0.0,-1,0.0005822174166181249
601.5,-0.3950329889620434,0.05867484152478647,-7.900678475199371,0.0,-1,0.0059850374064838174
605.1,-0.012101656041636488,0.14720205814839782,-0.7765362468776544,0.0,-1,0.0055362749958685065
608.45,0.4595391484220954,0.20628095420404324,4.9541134767741255,0.0,-1,-0.005505793409483095
605.1,0.3778979549520045,0.04154658691131746,-1.1692705176881049,0.0,-1,0.0004957858205254517
605.4,0.3305858619710307,-0.001921835356552104,-0.6081633671189834,0.0,-1,0.0023951106706310288
606.85,0.4002143269829048,0.02256887655177403,2.2063971198124435,0.0,-1,-0.003048529290599067
605.0,0.2475106989069218,-0.04337825050806965,-1.6088051860219394,0.0,-1,-0.0032231404958678045
603.05,-0.01196700670664086,-0.10095198537387744,-5.4239886585468895,0.0,-1,-0.00049747118812693
602.75,-0.16570860895456008,-0.08489786254059889,-6.016750890842758,0.0,-1,-0.00016590626296142386
602.65,-0.23710369266564157,-0.05209764875056014,-6.232311383500154,0.0,-1,-0.00414834481042059
600.15,-0.4613759267990645,-0.09212329429466104,-11.476784767305205,0.0,-1,0.005998500374906346
603.75,-0.23506404996578567,0.04472952751287257,-1.5865855479445443,0.0,-1,-0.0031469979296065986
601.85,-0.26065277405200504,0.006380267808884399,-5.760229084949792,0.0,-1,-0.0014953892165822102
600.95,-0.3267260715907696,-0.01989767657662672,-7.68039030152778,0.0,-1,-0.004659289458357696
598.15,-0.5658688810609647,-0.08634682868227395,-13.201517427301638,0.0,-1,0.0031764607539914724
600.05,-0.47995121237420335,-0.00014305333183756153,-7.541469575664202,0.0,-1,-0.003583034747104419
597.9,-0.5761631103330274,-0.03211831709688717,-11.838428458934544,0.0,-1,0.00025087807325641087
598.05,-0.5637554667846416,-0.006570224516167178,-11.357067213453007,0.0,-1,-0.004431067636485153
595.4,-0.7314053561117362,-0.05807337128108725,-16.479080561250626,0.11903269036588426,-1,-0.0015955660060462673
594.45,-0.8334465210992903,-0.05337151208954716,-18.160117676390648,0.0,-1,0.0005887795441161803
594.8,-0.7858465601681246,-0.0019238503861271905,-16.789020044016837,0.0,-1,-0.009751176866173439
589.0,-1.1798926996884802,-0.13198999663549427,-25.76525095264354,2.0304395886258817,-1,-0.0006791171477079638
588.6,-1.311924711141387,-0.08800733602946709,-26.256993210036203,0.7419734910894249,-1,-0.003058103975535298
586.8,-1.418613657605988,-0.06489876083135604,-28.443940801311193,0.468431448069623,-1,0.0015337423312884457
587.7,-1.2787403260377914,0.02499152357894685,-24.625237805901754,0.0,-1,0.012761613067891808
595.2,-0.4772419664171821,0.2754966277331854,-1.4391856802814758,0.0,-1,-0.0002520161290323619
595.05,-0.049222622738852806,0.23450532380383826,-1.7721719070287563,0.0,-1,-0.0013444248382488144
594.25,0.10222226766188669,0.12865007140152593,-3.655369755903223,0.0,-1,0.009676062263357155
600.0,0.6485928572237754,0.22500688698780485,9.09919066034712,0.0,-1,-0.005833333333333357
596.5,0.5760620805693861,0.050825370111138524,0.9137010491460842,0.0,-1,-0.002682313495389832
594.9,0.35845818552809305,-0.05559284164338485,-2.4327221020612413,0.0,-1,-0.0026054799125903028
593.35,0.09061805588009975,-0.10781099043045939,-5.575663910412416,0.0,-1,-0.008342462290385155
588.4,-0.46335351360050936,-0.22059418663702285,-14.012989413360124,0.0,-1,-0.000764785859959094
587.95,-0.7392265055408416,-0.16548905952578508,-14.690383902357027,0.0,-1,-0.000935453695042221
587.4,-0.8613941260492766,-0.09588556001140669,-15.57048874656445,0.0,-1,-0.01770514130064693
577.0,-1.7173617591327002,-0.3172843976982769,-27.403776361142068,4.3047256680721375,-1,0.002426343154246169
578.4,-1.8855654290800885,-0.1618293558818884,-23.619195267054995,0.6764923182752227,-1,-0.005013831258644519
575.5,-2.054203478297154,-0.11015580169965133,-26.28763826690104,1.0309104249829488,-1,-0.001216333622936605
574.8,-2.025672213047528,-0.027208178816675144,-26.913931056776217,0.0,-1,-0.0056541405706332926
571.55,-2.113433896001993,-0.0383232872570467,-29.682277486799165,0.0,-1,0.0055988102528212735
574.75,-1.7145285794790652,0.12019400975529382,-20.441224637713677,0.0,-1,0.00043497172683770735
575.0,-1.3513652062611072,0.1611191276577506,-19.739149037358562,0.0,-1,0.01947826086956539
586.2,-0.12383641913038446,0.4628826382628245,3.3868655221904334,0.0,-1,-0.0022176731490959334
584.9,0.39191434269594083,0.32621113336304997,1.1973189362463756,0.0,-1,-0.008975893315096628
579.65,0.17963019505111788,0.03797566190607568,-6.760187685453303,0.0,-1,0.004916760113861773
582.5,0.29601893830783865,0.05145480172093217,-1.8950127559938252,0.0,-1,0.0042918454935623185
585.0,0.5378783984104984,0.09777142060786398,2.106156875174925,0.0,-1,-0.0038461538461538325
582.75,0.42648492859427733,-0.004540683069452378,-1.6237145325322757,0.0,-1,0.0026598026598025903
584.3,0.4644144496367062,0.011129612657658827,1.057886750646034,0.0,-1,-0.011381139825432096
577.65,-0.1094886606451837,-0.18759116587474367,-9.075895662864198,0.0,-1,8.655760408560198e-05
577.7,-0.3831494940657194,-0.1537506664317598,-8.978103198585217,0.0,-1,-0.0009520512376667289
577.15,-0.5338841196038402,-0.10149509732329354,-9.7916113704988,0.0,-1,0.0007796933206272172
577.6,-0.5272610890725673,-0.0316240222640069,-8.732762625180214,0.0,-1,0.00043282548476453186
577.85,-0.4591778163842264,0.012153083474778004,-8.09766956628036,0.0,-1,-0.0025093017219002256
576.4,-0.507704695341431,-0.012124598494142214,-10.827429716266082,0.0,-1,8.674531575314504e-05
576.45,-0.4854927435414993,0.003362451101929842,-10.675982038317649,0.0,-1,-0.006158383207563678
572.9,-0.7297623723464994,-0.08030239256769012,-17.131845198069513,0.0,-1,-0.009425728748472695
567.5,-1.2410836557201037,-0.19720789198043143,-24.27094126810883,0.7626481982919131,-1,0.001321585903083733
568.25,-1.3308206594301737,-0.09564829856350054,-21.862182548463384,0.0,-1,-0.0006159260888694007
567.9,-1.2939541063327624,-0.019593915155363018,-22.327539725247547,0.0,-1,-0.0012326113752419987
567.2,-1.226024654256321,0.0161118456403595,-23.308511013012495,0.0,-1,-0.0021156558533146352
566.0,-1.1898912070300867,0.01741509762219784,-24.99679281654949,0.0,-1,-0.00017667844522972764
565.9,-1.0810002161645116,0.04210202949592423,-25.14237492863384,0.0,-1,-0.02456264357660365
552.0,-2.0948047027179655,-0.32390081901917656,-36.911932150962876,5.861528916509656,-1,0.004619565217391264
554.55,-2.214639887434828,-0.14791200124534631,-29.262147700812484,0.09469339098063756,-1,0.004147506987647764
556.85,-1.8983374891737412,0.05613013233858011,-22.83721923870432,0.0,-1,0.0008081170871867549
557.3,-1.5444914992787062,0.13665870741120512,-21.575938738429905,0.0,-1,-0.0008074645612774489
556.85,-1.2763608793912908,0.1349297757662069,-22.112507374593466,0.0,-1,-0.0032324683487475747
555.05,-1.1859321628317048,0.07511949744193092,-24.271132855354843,0.0,-1,-0.0006305738221780155
554.7,-1.0710567909826523,0.06333162309699447,-24.694326139589645,0.0,-1,0.006670272219217566
558.4,-0.6160310391428538,0.1727857916455977,-12.599954944726235,0.0,-1,-0.0010744985673353247
557.8,-0.38718224329431905,0.1338781958313775,-13.660150125485394,0.0,-1,-0.003406238795267136
555.9,-0.3988259917622372,0.0407448157878198,-16.955991260735615,0.0,-1,-0.010793308148947633
549.9,-0.8714123666827618,-0.14394718637756831,-24.9330080004726,0.0,-1,0.004091653027823217
552.15,-0.8475878569194037,-0.04004089220473672,-18.084660209501408,0.0,-1,0.0010866612333604309
552.75,-0.7150432806276967,0.03083456136232343,-16.289578903666055,0.0,-1,0.00036182722749900087
552.95,-0.5725173857629215,0.05778681874236624,-15.64852279379381,0.0,-1,0.0008138168007956192
553.4,-0.41604465618365793,0.0714198494405433,-14.098846440952784,0.0,-1,-0.007770148174918612
549.1,-0.6614712367120319,-0.058002243695943534,-21.293497864789266,0.0,-1,0.0022764523766163336
550.35,-0.6248952572502731,-0.007142088078061604,-16.959275881546326,0.0,-1,0.0016353229762877675
551.25,-0.47953266274851103,0.04607350214123351,-13.85373316278514,0.0,-1,-0.002448979591836764
549.9,-0.47939031026851353,0.015405284873743652,-16.44733070063723,0.0,-1,0.0010001818512457294
550.45,-0.3935366081727807,0.033752995656492146,-14.356970450465191,0.0,-1,0.0002725043146516448
550.6,-0.3053150397772697,0.040658188017334396,-13.749248769381559,0.0,-1,-0.01144206320377783
544.3,-0.7607613355980902,-0.13826270260116202,-24.83761785518442,1.453593304672836,-1,-0.006154694102516789
540.95,-1.204254372208652,-0.19391857973724136,-28.688997198261305,2.4636029971669586,-1,0.007486828727238937
545.0,-0.988146359496568,0.007396477658280887,-15.269338748403854,0.0,-1,-0.005412844036697284
542.05,-1.043580156515759,-0.01601243978697009,-19.481586338302787,0.0,-1,-0.0003689696522459762
541.85,-1.0009987086491492,0.008856336026546563,-19.757884803181465,0.0,-1,-0.005628864076774098
538.8,-1.1504580923284493,-0.04686768255091778,-23.780176919754815,0.0,-1,0.003247958426132236
540.55,-0.983482943140757,0.0400358222122581,-18.013173807002985,0.0,-1,0.013782258810470793
548.0,-0.19720512328501627,0.275437880689333,0.3456085037009302,0.0,-1,0.006113138686131503
551.35,0.4915342135832361,0.32139240585252854,6.246404531857429,0.0,-1,-0.00018137299356124625
551.25,0.7866093642187479,0.20548918549601347,6.025577637314541,0.0,-1,-0.007437641723356037
547.15,0.5269294925182066,-0.018063562068175942,-2.474538991334562,0.0,-1,0.004112217856163669
549.4,0.5406787656247616,-0.0014380963205403718,1.9688813159627898,0.0,-1,-0.0017291590826354897
548.45,0.42333017170926723,-0.03959556341201159,-0.016720182066308098,0.0,-1,0.0016409882395842512
549.35,0.4043783604424789,-0.019515791559599982,1.9170986431543326,0.0,-1,0.01774824792937113
559.1,1.1737042581055448,0.2499367020344887,17.187716903229926,-1.7219159087019307,-1,0.0016991593632622592
560.05,1.539725185428324,0.2053192097857559,18.278397419890837,-0.7500323421679695,-1,0.0
560.05,1.5944252169706488,0.08667308044269362,18.278397419890837,0.0,-1,0.00017855548611733774
560.15,1.4972397979943253,-0.003504112844543217,18.41483550771106,0.0,-1,-0.00017852360974746073
560.05,1.3155437720065493,-0.061733379610773076,18.08943537350494,0.0,-1,-0.0005356664583519022
559.75,1.0900671113455473,-0.09573668009059166,17.026774943202327,0.0,-1,0.015096025011165803
568.2,1.590656521736264,0.13495091010004168,27.847066531859724,-0.19174091741331267,-1,-0.008975712777191114
563.1,1.2833965167868655,-0.057436364949785546,13.805737187340952,0.0,-1,0.005150062155922619
566.0,1.264483471246649,-0.025449803496667256,17.50846291370783,0.0,-1,-0.0016784452296820795
565.05,1.0704866592059261,-0.07314887184579666,15.084949229078802,0.0,-1,8.848774444758511e-05
565.1,0.8884476982517526,-0.08506261093332335,15.158095641526742,0.0,-1,-0.0025659175367191978
563.65,0.6025575762537301,-0.12365091097711534,11.037743706493508,0.0,-1,-0.002838641000621034
562.05,0.2760660505667829,-0.15004747888802084,6.645928103264588,0.0,-1,-0.0021350413664263934
560.85,-0.010185216490526727,-0.14543291531511018,3.441552294472295,0.0,-1,-0.0013372559507889292
560.1,-0.21496208197822853,-0.11673659360093736,1.4215251335234953,0.0,-1,-0.0024995536511336347
558.7,-0.4161036745572346,-0.1059593953933145,-2.3167260056747097,0.0,-1,-0.0033112582781457123
556.85,-0.6361658313003318,-0.1086738507121372,-6.915535350042752,0.0,-1,-0.0008081170871869769
556.4,-0.7306830903969512,-0.06773036993625225,-8.010053420674168,0.0,-1,-0.0008986340762041634
555.9,-0.7587181290787157,-0.03192180287267221,-9.286936120978453,0.0,-1,0.0
555.9,-0.7095091376630762,0.00576239618098906,-9.28693612097846,0.0,-1,8.994423457475698e-05
555.95,-0.6216122138166611,0.03121977334246806,-9.065191914696236,0.0,-1,-0.005216296429535139
553.05,-0.7675294007420916,-0.03823247119432083,-17.015569404823403,0.0,-1,-9.040773890234277e-05
553.0,-0.7806938774763239,-0.017132315976184365,-17.137839598262033,0.0,-1,0.010397830018083143
558.75,-0.24305162605378428,0.17350331181545176,4.441439505712907,0.0,-1,0.0021476510067115484
559.95,0.14602380182861907,0.18752624656595174,7.601469917306346,0.0,-1,-0.002232342173408286
558.7,0.22422619895087337,0.08857621456273534,3.320868954748093,0.0,-1,0.01431895471630562
566.7,0.9113085475994467,0.2585528544037696,19.459939895413243,0.0,-1,-0.001058761249338347
566.1,1.1289073429570635,0.15871721658712878,17.514701324113545,0.0,-1,0.004946122593181279
568.9,1.376964462056094,0.1355914452287197,21.633814124727408,0.0,-1,-0.0002636667252592373
568.75,1.3737459831008891,0.044124322091171564,21.097202530283027,0.0,-1,-0.0050989010989010985
565.85,1.0159912450315005,-0.10454347199273895,11.2421951292378,0.0,-1,0.005831934258195615
569.15,1.027447938910882,-0.031028926037785842,17.02187556886527,0.0,-1,-0.00035140121233401267
568.95,0.9308889576080901,-0.04252930244685926,16.355536365518475,0.0,-1,0.0029879602777043157
570.65,0.9467020538226052,-0.008905402077448055,19.24350241111439,0.0,-1,-0.002190484535179227
569.4,0.7715500974446741,-0.06135245281845969,14.705758444122779,0.0,-1,0.0010537407797681642
570.0,0.6696782778019497,-0.05440809082039466,15.897669234706783,0.0,-1,0.000175438596491162
570.1,0.5712691781637886,-0.050939063486185265,16.10961397997478,0.0,-1,-0.0012278547623224556
569.4,0.4161255301643223,-0.06869423716188389,13.061317786896652,0.0,-1,-0.0028099754127152154
567.8,0.17054324531761722,-0.10475884066952967,6.450710090798431,0.0,-1,-0.003874603733708959
565.6,-0.1497931675488644,-0.14169841784533713,-1.3420659816126133,0.0,-1,-0.0021216407355022504
564.4,-0.3974786100196752,-0.12979462010538267,-5.09869099178686,0.0,-1,8.85896527287322e-05
564.45,-0.4840314470868634,-0.07211581905752362,-4.902453410967482,0.0,-1,0.0018602179112410244
565.5,-0.39947191169653706,0.0041479054442675745,-0.6899564236273221,0.0,-1,-0.0005305039787797394
565.2,-0.3489028180266587,0.01823899970471532,-1.8624784857858927,0.0,-1,-0.00017692852087758393
565.1,-0.30287636968955667,0.02142181601393911,-2.282718657015778,0.0,-1,-0.0010617589807113692
564.5,-0.30462344804686836,0.006558245885542491,-4.907121727024901,0.0,-1,-0.002568644818423449
563.05,-0.4009450332216602,-0.02992111309641643,-10.70962345422545,0.0,-1,0.00026640618062345744
563.2,-0.40319373970726247,-0.010723273194006233,-9.824774506091337,0.0,-1,8.877840909082835e-05
563.25,-0.366551947974358,0.008639506179632772,-9.503563210836411,0.0,-1,-0.003195739014647092
561.45,-0.46768505644342895,-0.03083120076314605,-16.66323593963633,0.0,-1,-0.0024935435034287856
560.05,-0.595944522641048,-0.053030222320255005,-21.081618912998323,0.0,-1,0.0014284438889387019
560.85,-0.5437455455196414,-0.00027708173294949123,-15.564315255588092,0.0,-1,0.0006240527770349225
561.2,-0.44316726149907026,0.03343373409587386,-13.180417547009831,0.0,-1,0.0009800427655024535
561.75,-0.31011418103059896,0.05549560485478172,-9.408837934363554,0.0,-1,0.0031152647975076775
563.5,-0.07191145904380392,0.0978994422805256,0.9441250960473013,0.0,-1,0.0003549245785270383
563.7,0.06984919020328562,0.07988669717587173,2.006183332881939,0.0,-1,0.008160368990597577
568.3,0.5182420823098255,0.17609319642747057,19.101572963008678,0.0,-1,-0.004223121590709145
565.9,0.4992516881707161,0.05236760076278707,7.2747562700057316,0.0,-1,0.0001767096660187928
566.0,0.45648551708688956,0.003200476559653498,7.6106354523545505,0.0,-1,0.00388692579505312
568.2,0.580395305121101,0.04237008819795496,14.443432733894653,0.0,-1,0.005191833861316386
571.15,0.8398172570447286,0.10059734670719422,21.329020084341536,-1.2984135540372108,-1,-0.004989932592138757
568.3,0.6620434615861086,-0.02572548291714194,9.053330532743075,0.0,-1,-0.0006158718986448708
567.95,0.4888196087247252,-0.06631644525950842,7.698378495768175,0.0,-1,-0.0031692930715733203
566.15,0.21147271490019648,-0.11455444636134571,1.0103273211920083,0.0,-1,-0.0020312637993463722
565.0,-0.04065679158702551,-0.12222798428285592,-2.867919257400956,0.0,-1,0.00035398230088512506
565.2,-0.14666681219841848,-0.07607933496474964,-2.102454610537478,0.0,-1,0.0006192498230712662
565.55,-0.15828292148762557,-0.02923181475131892,-0.6757673209262904,0.0,-1,0.002652285385907449
567.05,-0.025900732674926985,0.034383458020459896,5.169744314330551,0.0,-1,0.0009699321047527132
567.6,0.08828208945431015,0.04952209338323235,7.181974914890979,0.0,-1,-0.0007047216349541641
567.2,0.104683326397776,0.021974443442232733,5.180514205547681,0.0,-1,0.0004407616361072897
567.45,0.12499366766962794,0.014094928238028229,6.2440749417306165,0.0,-1,-0.005903603841748262
564.1,-0.1544339673336026,-0.08844423558840077,-8.439666762111067,0.0,-1,0.0015954617975535434
565.0,-0.2062782875574385,-0.046762851937412225,-4.214619556190833,0.0,-1,0.014867256637168147
573.4,0.4849894096271328,0.2148349484157197,19.015840835880553,-1.71372778488319,-1,0.004708754795954118
576.1,1.0152074740838088,0.2483510042907986,23.128110418313625,-2.503622546802717,-1,-0.0018226002430135058
575.05,1.1082158834718712,0.11378647122628693,19.161761348542,-0.2821044933155008,-1,0.00034779584383981543
575.25,1.0790354312098316,0.028202006321415896,19.511736697119545,0.0,-1,0.0004345936549325913
575.5,0.9953589191446781,-0.018491501914579267,19.984840081569274,0.0,-1,0.0051259774109471135
578.45,1.116407419850134,0.034185666263625514,25.059122117341076,-0.010686950713648002,-1,-0.0006915031549833417
578.05,1.0505643852152389,-0.010552456123756437,23.194847373174397,0.0,-1,-0.01842401176368824
567.4,0.04259583579653281,-0.33950700184748756,-7.807262296562101,0.0,-1,0.0010574550581601283
568.0,-0.4149380918958059,-0.26568030984660884,-6.314166970152975,0.0,-1,0.0006161971830986879
568.35,-0.579960214750713,-0.14356747756717197,-5.386938456215432,0.0,-1,-0.004750593824228155
565.65,-0.839141258282325,-0.13424950703292804,-10.904521269421508,0.0,-1,-0.004596481923450968
563.05,-1.1154700085245395,-0.13685941909171417,-15.473382250467068,0.0,-1,-0.0022200515051948866
561.8,-1.264845216268668,-0.09541154227861437,-17.502140595788525,0.0,-1,-0.00017799928800266152
561.7,-1.2424623854516312,-0.02434290382052584,-17.670996433353224,0.0,-1,-0.007299270072992692
557.6,-1.4693991045887742,-0.08375987431922294,-23.8587040606506,0.0,-1,-0.006187230989956993
554.15,-1.7479175387749137,-0.12075943616845408,-27.826617143978808,0.27255152082409495,-1,-0.0010827393305061772
553.55,-1.791516960970057,-0.05478628612119918,-28.458449188648693,0.0,-1,0.0017161954656310652
554.5,-1.5848569253201958,0.05062458317622065,-24.71306731351501,0.0,-1,-0.005680793507664483
551.35,-1.6119554970518948,0.00784200381484057,-28.49519608157746,0.0,-1,-0.0005441189806838498
551.05,-1.5161751581634917,0.03454078090108115,-28.83025712235993,0.0,-1,0.0015425097541057475
551.9,-1.2711037255389783,0.09320407117519824,-25.144385983423845,0.0,-1,-0.004801594491755767
549.25,-1.2634760320984242,0.03361058820525087,-28.609054054409818,0.0,-1,0.007919890760127446
553.6,-0.7918725160366193,0.16840470142235198,-12.674822502046275,0.0,-1,-0.001896676300578104
552.55,-0.5775813816693471,0.12756527859654143,-14.59936345752702,0.0,-1,0.0019907700660573013
553.65,-0.3306373660133204,0.12483643141752276,-10.94172404166681,0.0,-1,-0.0008127878623678253
553.2,-0.2171122443509148,0.07945385102664276,-11.92172661697505,0.0,-1,-0.007321041214750634
549.15,-0.4797569964904369,-0.06106363370429313,-19.55948819924914,0.0,-1,-0.0011836474551579768
548.5,-0.6252662895193453,-0.0688576422444005,-20.610708619539043,0.0,-1,0.0013673655423882547
549.25,-0.58341541190714,-0.009002254877398363,-17.617042203932883,0.0,-1,-0.000910332271279013
548.75,-0.5555386887754139,0.006291489418109197,-18.603063602457958,0.0,-1,0.0027334851936218207
550.25,-0.3703054364783611,0.06384158057172068,-12.281723015716132,0.0,-1,-0.00045433893684687643
550.0,-0.2676633572899618,0.055494553253373324,-12.914536366134023,0.0,-1,-0.0003636363636364548
549.8,-0.21070370458824073,0.0374847353183648,-13.459473082663834,0.0,-1,0.0002728264823574911
549.95,-0.15216523618835254,0.032007734572750995,-12.691807791386651,0.0,-1,0.0019092644785889679
551.0,-0.02271556563937338,0.05381913504057673,-7.300553792495116,0.0,-1,-0.0009074410163338875
550.5,0.0022355667717874894,0.026256755817245868,-9.158850890295895,0.0,-1,-0.030063578564940907
533.95,-1.364641830920391,-0.4468735472916443,-34.29539142711549,7.769584193374612,-1,-0.01788556980990741
524.4,-2.7301937105230536,-0.6041418089647692,-38.73908496315447,10.20643006289572,1,0.006674294431731509
527.9,-2.8937868411142063,-0.2559116465186406,-29.570709746209133,2.83441596361763,1,0.01951127107406725
538.2,-1.8761011696501555,0.2539246749818034,-9.477240928041638,0.0,-1,-0.006781865477517801
534.55,-1.5150832364473672,0.20498086939486382,-13.142008848328018,0.0,-1,0.0018707323917313001
535.55,-1.1249840001420353,0.1983600352333985,-11.450260261469857,0.0,-1,0.017458687330781375
544.9,-0.05701904864417884,0.4221083289104184,1.9299057698889186,0.0,-1,0.006973756652596919
548.7,0.7983816811583893,0.42583635290432886,6.233299288411942,0.0,-1,0.0030071077091307075
550.35,1.2970502392964818,0.30816830368080717,8.045364722633444,0.0,-1,-0.00018170255292093707
550.25,1.4299636650907814,0.14702724315836901,7.883980156413898,0.0,-1,0.0
550.25,1.3772567392304609,0.03144010576601608,7.883980156413884,0.0,-1,0.0029986369831893622
551.9,1.3736318813644175,0.009271749299990972,10.141415162553344,0.0,-1,-0.0018119224497191722
550.9,1.174016795650914,-0.06344777880450425,8.046262181440397,0.0,-1,0.008259212198221233
555.45,1.3555411864900861,0.039358870678222635,14.328721174353916,0.0,-1,0.00423080385273189
557.8,1.5291749497019964,0.07099754463004437,17.15156973299841,0.0,-1,-0.006633201864467475
554.1,1.180227252166219,-0.0926500509685777,8.985624968716188,0.0,-1,-0.0012633098718644042
553.4,0.8490677990511131,-0.14126983469456122,7.515385390852217,0.0,-1,0.0010842067220817597
554.0,0.662732422572617,-0.10920173705768577,8.50051934276523,0.0,-1,0.0023465703971117247
555.3,0.622670365785666,-0.04975459794821224,10.694661382352614,0.0,-1,-0.0005402485143165547
555.0,0.5257501402434173,-0.04889160783015367,9.88284115669692,0.0,-1,0.00441441441441448
557.45,0.6376441824520498,0.021000811459492952,14.224871881307848,0.0,-1,0.003587765718898517
559.45,0.8071208550187521,0.06349249467539841,17.42299568198038,0.0,-1,-0.00026812047546709294
559.3,0.8120991200504477,0.022823586569031384,16.924435552262395,0.0,-1,0.003218308600035913
561.1,0.8969133258954116,0.03587926413799847,19.892808602036055,0.0,-1,0.003564427018356797
563.1,1.031244318326685,0.05673675218975727,22.895854168942535,0.0,-1,-0.0001775883502043163
563.0,1.0041394546817628,0.009877296181611706,22.494135469045233,0.0,-1,-0.000355239786856254
562.8,0.8902420683024275,-0.03467336339924121,21.61708747295212,0.0,-1,0.001865671641791078
563.85,0.84660653608762,-0.026102965204682915,23.4881057837423,0.0,-1,0.007094085306375897
567.85,1.0875715586395245,0.0716206857824071,29.27185756328919,-0.35501374585805934,-1,0.0003522056881217761
568.05,1.1340897733622342,0.03937963350170559,29.520070741221105,0.0,-1,0.006953613238271261
572.0,1.3920080662766168,0.09909930880536266,33.78184535761463,-1.052221932389557,-1,0.00419580419580412
574.4,1.6049665405441829,0.10401926102430958,35.77961341879808,-1.0566101869620752,-1,-0.008443593314763298
569.55,1.1735318992992916,-0.10913846007352723,17.194495748300966,0.0,-1,-0.002897023966289103
567.9,0.7225202537351834,-0.18671670187921185,12.10789406972053,0.0,-1,0.010477196689558044
573.85,0.9326377431418678,0.007800262509157552,20.926218386117696,0.0,-1,0.001045569399668933
574.45,1.0099766759167323,0.028379731761340676,21.665060080597442,0.0,-1,0.0006963182174253291
574.85,0.9978147526444445,0.005405936163017655,22.188587165542828,0.0,-1,-0.002000521875271777
573.7,0.8127492282879984,-0.059886529397809474,18.16534796211083,0.0,-1,-0.004009063970716542
571.4,0.4608206970857509,-0.13727168686668567,10.653440344719186,0.0,-1,0.0012250612530626537
572.1,0.304788040060771,-0.09776811463055524,12.067054369936372,0.0,-1,-0.00017479461632585735
572.0,0.1930393748765482,-0.06983892660492602,11.715109181147284,0.0,-1,0.0027097902097901194
573.55,0.2502450943781014,-0.004211069034457615,15.121260001924426,0.0,-1,0.0026152907331531416
575.05,0.38299419626400777,0.042846010950482905,18.166604815521936,0.0,-1,0.0021737240239978473
576.3,0.5216192308516838,0.06049034851271967,20.54767153869335,0.0,-1,-0.0013014055179594308
575.55,0.48496347890784364,0.00794486552295981,17.196887021164216,0.0,-1,-0.0017374685083832997
574.55,0.3428886463602794,-0.0447099890082015,12.77938173946771,0.0,-1,-0.004003132886606808
572.25,0.051610509556439865,-0.11199604193734702,3.749400030900574,0.0,-1,0.0003494975972040404
572.45,-0.08166276797510363,-0.08175643982296352,4.383346961851586,0.0,-1,0.028124727050397258
588.55,1.2001724905903757,0.40002627291417203,29.50730294025395,-6.519018420457996,-1,0.004587545663070403
591.25,1.9660757456572355,0.38864317599367726,31.41465400353252,-5.336227428545271,-1,0.006596194503171171
595.15,2.5101877277193125,0.3109183860185847,33.83009927977126,-4.928576444825467,-1,-0.01453415105435596
586.5,1.8522280747736204,-0.11568042230903575,13.493979525662368,0.0,-1,0.007928388746803128
591.15,1.7563959087364083,-0.07050419611541603,18.11417271421648,0.0,-1,0.004398206884885347
593.75,1.778780166656361,-0.01603997939848778,20.438513469933085,0.0,-1,-0.0035368421052631716
591.65,1.466740615061667,-0.10935984366439389,16.11342307231358,0.0,-1,0.011831319192090017
598.65,1.7718257880092096,0.06524177642771622,22.391940746407286,0.0,-1,-0.0036749352710263583
596.45,1.5933828921489521,-0.03773370647751384,17.99273700778386,0.0,-1,-8.382932349748629e-05
596.4,1.3672128698730148,-0.08796790958448364,17.888556793485904,0.0,-1,0.0005868544600939885
596.75,1.1693601195789824,-0.0952735532928386,18.266732000013434,0.0,-1,0.0024298282362800183
598.2,1.093820401133712,-0.056937757246036336,19.898572715691344,0.0,-1,8.358408558994945e-05
598.25,0.9690655084832542,-0.060564216632164714,19.957763584889207,0.0,-1,-0.002340158796489744
596.85,0.709265936451061,-0.106787929554786,15.924732869777586,0.0,-1,0.007790902236742836
601.5,0.9077606557307263,0.030568929908293074,21.902576123534317,0.0,-1,-0.0016625103906899863
600.5,0.8480279607264265,-0.009721255032002274,19.00976332887643,0.0,-1,0.0009159034138217503
601.05,0.7933259498303187,-0.02147442197603666,19.75341976057831,0.0,-1,0.0011646285666750966
601.75,0.758197781896456,-0.018867529969966434,20.74613245877366,0.0,-1,-0.001495637723306964
600.85,0.6024505494381174,-0.05820492080943507,17.57764278058454,0.0,-1,0.0
600.85,0.4743727207558095,-0.06209424983058098,17.57764278058454,0.0,-1,-0.0014146625613714603
600.0,0.29996941301828883,-0.07883251918936723,14.223841911144845,0.0,-1,-0.0029999999999998916
598.2,0.03777030806463699,-0.11367720804767303,7.508372416500784,0.0,-1,0.0013373453694416337
599.0,-0.029810103417503342,-0.060419206509937796,9.59474982464561,0.0,-1,0.0016694490818029983
600.0,0.02221719945953282,-0.002797301210967211,12.174300013791452,0.0,-1,0.0012499999999999734
600.75,0.10887941760972808,0.027954972313076018,14.085034698331583,0.0,-1,0.0042446941323344145
603.3,0.3556372418839828,0.09157093219577694,19.840427869065834,0.0,-1,-0.011851483507376082
596.15,-0.14645361613588648,-0.13683997527469746,-3.4165952833048934,0.0,-1,-0.002432273756604819
594.7,-0.5061279104677396,-0.16550475653551688,-6.668030557942011,0.0,-1,-0.011182108626198284
588.05,-1.1979543984280099,-0.2857770814985957,-18.036641904289617,3.9072470382739084,-1,0.003401071337471251
590.05,-1.27737144253922,-0.12173137520326871,-12.55249047766798,0.609378313607408,-1,0.0005084314888570418
590.35,-1.1856323443832935,-0.009997425682447325,-11.723280879678327,0.0,-1,0.003980689421529737
592.7,-0.8451267666066542,0.11016938403139731,-5.338431475756558,0.0,-1,0.0029525898430908804
594.45,-0.45861341383454146,0.16556091226783665,-0.9753849277134776,0.0,-1,-0.007654134073513452
589.9,-0.6063056196288699,0.005956235491169415,-10.070150565342324,0.0,-1,0.002119003220884874
591.15,-0.5254595875569521,0.02893408918769569,-6.850787819491103,0.0,-1,-0.006681891228960346
587.2,-0.7704149392246791,-0.07200708749334372,-13.684382287708132,0.0,-1,-0.002895095367847489
585.5,-0.970358036789662,-0.0906500616861089,-16.241051595706544,0.0,-1,-0.001195559350982145
584.8,-1.047799749173123,-0.05603059135652333,-17.29448884890484,0.0,-1,-0.00393296853625158
582.5,-1.1908706262671558,-0.06636715615018529,-20.63931280706089,0.0,-1,-0.0008583690987123971
582.0,-1.204833512625214,-0.0267766808360812,-21.347128417434803,0.0,-1,-0.0019759450171821236
580.85,-1.20724549641875,-0.009729554876539037,-23.009940201795654,0.0,-1,0.0011190496685891116
581.5,-1.0536810302805861,0.04794497042054169,-20.44260055370645,0.0,-1,-0.0014617368873602876
580.65,-0.9599253780214667,0.047233540893220294,-21.87937741840341,0.0,-1,0.0021527598381123614
581.9,-0.7288871037235367,0.0927572717303834,-16.59026919011704,0.0,-1,-0.003093315002577701
580.1,-0.7026273745975686,0.03967233361878386,-20.109380804363873,0.0,-1,-0.004826754007929757
577.3,-0.8642785621514122,-0.04065961797835327,-24.713008950132338,0.0,-1,0.003724233500779661
579.45,-0.6939142757490799,0.0432348894746597,-16.035753519703327,0.0,-1,0.0
579.45,-0.5509059429020908,0.062081074107216305,-16.03575351970332,0.0,-1,0.0009491759427042723
580.0,-0.38765961457022513,0.07510913414636067,-13.699285057634704,0.0,-1,0.004051724137930979
582.35,-0.07789814919010496,0.1282901998421603,-4.5382481579127045,0.0,-1,-0.0047222460719498205
579.6,-0.145692570734127,0.020165259432712745,-11.700165354501522,0.0,-1,-0.0014665286404417222
578.75,-0.23828206727830548,-0.024141412370488585,-13.665970276560017,0.0,-1,0.00993520518358526
584.5,0.21444669005609285,0.1428624483213033,4.057965047680824,0.0,-1,0.0008554319931566301
585.0,0.4646071778853411,0.13100764538351717,5.2613250221585375,0.0,-1,0.011196581196581068
591.55,1.0968034903095258,0.25440131926923404,17.61009692749937,-2.5721699854359485,-1,-0.0035499957738144294
589.45,1.146501355662508,0.10136639487407217,11.557305127830077,0.0,-1,0.00610738824327739
593.05,1.3758085087005156,0.11022451597069316,17.157697666534304,-1.8046166588251253,-1,0.0032880870078408897
595.0,1.5383113761611185,0.09090912781043192,19.805144237993133,-1.6505212985832713,-1,-0.0037815126050420034
592.75,1.3038701952112888,-0.047844017713132514,13.266703209408362,0.0,-1,-0.00716997047659218
588.5,0.7238270884687381,-0.20929570815189447,2.872713463016595,0.0,-1,8.496176720473869e-05
588.55,0.37765327772513047,-0.18515650629850078,2.973705331087075,0.0,-1,0.0008495454931611857
589.05,0.21476193254284226,-0.11601595049359636,4.067391132930119,0.0,-1,0.0004244121891181507
589.3,0.13625276557309007,-0.0648417058211162,4.653293241191761,0.0,-1,0.008484642796538155
594.3,0.5023104516237709,0.1004053267431882,14.668384831562278,0.0,-1,-0.005384485949856854
591.1,0.3768134236805736,-0.00836390040000301,5.89059164214266,0.0,-1,-0.00025376416849931527
590.95,0.27016379106885324,-0.038337844337241134,5.49824373396023,0.0,-1,-0.004907352567899315
588.05,-0.04734134115949473,-0.11861432552186305,-1.774140847274019,0.0,-1,0.0029759374202873445
589.8,-0.056315462176939945,-0.04252948217976942,2.4073843021522734,0.0,-1,0.004323499491353022
592.35,0.1563904324957548,0.05672547083097511,7.9110217564290295,0.0,-1,0.0027855153203342198
594.0,0.38721084379074,0.09584862737532013,11.141710901909498,0.0,-1,0.004124579124579197
596.45,0.6745201457889607,0.1277193097911803,15.509537944551369,0.0,-1,0.001592757146449797
597.4,0.8411314513057278,0.09811020510264912,17.10268974947408,0.0,-1,-0.006193505189152848
593.7,0.5460094831220204,-0.06567058769368606,5.923976814934839,0.0,-1,0.00101061141990888
594.3,0.40294770876994335,-0.06957745401525434,7.208426648074898,0.0,-1,-0.00025239777889951576
594.15,0.28533784586306865,-0.06239577230737636,6.749047981003322,0.0,-1,0.0001683076664142913
594.25,0.21108809392114836,-0.045548508083098904,7.004787094101559,0.0,-1,0.0013462347496844274
595.05,0.2230392101233747,-0.011199130626957515,9.151740021087065,0.0,-1,-0.004621460381480591
592.3,-0.018738499285746002,-0.08432561334535939,-0.322829143930889,0.0,-1,0.007935167989194802
597.0,0.25360085428349066,0.06267124674129243,11.4138669280592,0.0,-1,0.0005862646566163754
597.35,0.3978037932112102,0.06895806188967063,12.144397918470183,0.0,-1,0.0035992299322005206
599.5,0.6159216132407437,0.09569196063973473,16.476376026653597,0.0,-1,0.001084236864053345
600.15,0.7278203888188273,0.06919691207260614,17.717336206013968,0.0,-1,0.0015829375989335759
601.1,0.8022847442063039,0.04788708915336093,19.54792784553095,0.0,-1,-0.0010813508567625307
600.45,0.7184931932162044,-0.011968153945579485,16.67368275928031,0.0,-1,-0.021067532683820667
587.8,-0.4374436817136029,-0.38930167629179574,-14.791175811710772,0.0,-1,0.011653623681524339
594.65,-0.4081251457023427,-0.11999438009351182,-0.46271631586249384,0.0,-1,-0.005044984444631306
591.65,-0.609455448888184,-0.10710822775978435,-5.275709757300319,0.0,-1,-0.0035493957576270274
589.55,-0.8343326464071197,-0.11066180842623996,-8.417984452243196,0.0,-1,0.0022898821134764713
590.9,-0.7647435246326495,-0.013690895550589888,-5.626382625234157,0.0,-1,-0.003976984261296335
588.55,-0.8620536700260573,-0.03700034698133259,-9.380699532771061,0.0,-1,0.004502591113754395
591.2,-0.6180376035538302,0.06900523983029816,-3.6891783690737654,0.0,-1,0.003805818673883632
593.45,-0.2570264366883066,0.14333880223194062,0.7629643560705262,0.0,-1,0.000926784059314123
594.0,-0.009268650198123396,0.1303655295740413,1.847487770494908,0.0,-1,0.0032828282828283317
595.95,0.27788263056345386,0.13917227011187286,5.6921413066114965,0.0,-1,0.0022652907123079657
597.3,0.5108013850639281,0.12403034153744907,8.255971539436757,0.0,-1,-0.003599531223840602
595.15,0.4055273135588777,0.006252090010799571,2.8450074927363858,0.0,-1,0.001848273544484691
596.25,0.41076300167640056,0.0038292593761074523,5.209985558166487,0.0,-1,-0.00016771488469602414
596.15,0.37081726226210776,-0.012038826679395098,4.931702159347083,0.0,-1,0.012664597836115288
603.7,0.9491096206999146,0.188751177252804,18.32506945359249,0.0,-1,0.0004141129700181434
603.95,1.1799966648604823,0.13987940713779068,18.66764956479689,0.0,-1,-0.006126334961503499
600.25,0.8887737982023509,-0.050447819840113595,8.298906973061406,0.0,-1,0.0028321532694710605
601.95,0.8107645483563601,-0.04281902322870146,11.28343344465754,0.0,-1,0.0039870421131322775
604.35,0.9041962110703707,0.01687087982843638,15.191266722942672,0.0,-1,-0.0003309340613882883
604.15,0.8588956915048129,-0.009476546579040512,14.587644967057983,0.0,-1,-0.0026483489199702337
602.55,0.631337457429936,-0.07901159355130583,9.676045135475029,0.0,-1,0.0057256659198408055
606.0,0.7524468856066733,0.014032611541810458,15.89052959000746,0.0,-1,-0.0024752475247524774
604.5,0.6252976925612757,-0.03770552716786235,11.324823534782546,0.0,-1,0.0027295285359800747
606.15,0.6471149549917072,-0.005296088245810293,14.344507961941844,0.0,-1,0.00016497566608930647
606.25,0.6124306732909872,-0.013326789982176734,14.530996348117895,0.0,-1,0.0016494845360823795
607.25,0.6273859763331302,0.0005428376866554174,16.479042588944964,0.0,-1,0.00032935364347475016
607.45,0.5992481298263783,-0.009198336273365526,16.883232710425503,0.0,-1,-0.0003292452053668127
607.25,0.5185751957541243,-0.02995709011520653,15.999004922546789,0.0,-1,0.00848085631947293
612.4,0.8641907957385229,0.10521950328973073,25.33035568719822,0.0,-1,-0.0007348138471585663
611.95,0.9274826960858036,0.056170467879003816,23.375271847049916,0.0,-1,-0.0004902361304028879
611.65,0.856838421585735,-0.004824602207021633,21.991255101886722,0.0,-1,-0.0004904765797432153
611.35,0.7251130825368364,-0.04551664708530678,20.513436954062485,0.0,-1,0.012022572994193181
618.7,1.2113243228009196,0.1468981977262589,31.083937695562952,-2.28538438408998,-1,0.0031517698399869953
620.65,1.5159862493662786,0.1505200414305392,32.89185699757904,-2.318552683344137,-1,0.0007250463224039994
621.1,1.5794850252018477,0.07133960575536946,33.30109107865577,-0.5039435413929141,-1,0.004830140074062239
624.1,1.7296106610194784,0.0738217471910001,35.81458185804087,-0.8464167348691944,-1,-0.0007210382951450267
623.65,1.6230392571766288,-0.01091655221728316,33.71448861029201,0.0,-1,0.0056121221839171564
627.15,1.7261669504904376,0.03073704703217528,36.557456527296,0.0,-1,-0.00430519014589803
624.45,1.4088835512731066,-0.0955154507283853,25.291462839278083,0.0,-1,0.00016014092401306357
624.55,1.1411682223916841,-0.12107692653660251,25.423102212854133,0.0,-1,-0.0005604034905130062
624.2,0.8830465394183875,-0.12639953650329971,23.892146629486305,0.0,-1,-0.004405639218199253
621.45,0.4512318196468641,-0.18607141875827438,12.769045967674778,0.0,-1,0.00016091399147133423
621.55,0.20605514145722736,-0.14374936564930374,12.994118828335587,0.0,-1,0.0008044405116240938
622.05,0.10796220724091654,-0.08061409995520485,14.196579764882785,0.0,-1,0.01310184068804765
630.2,0.7290855561960825,0.18016974966665378,27.46084027657811,0.0,-1,0.01086956521739113
637.05,1.549723434323937,0.33360254259816946,33.254441676404994,-1.4612173981957994,-1,-0.005886508123381207
633.3,1.518398753860879,0.10075928737837048,21.997363746346295,0.0,-1,0.000710563713879786
633.75,1.4137031841410135,-0.0013120941138315967,22.49326593524006,0.0,-1,-0.002761341222879632
632.0,1.0977134672692728,-0.10576727032852418,17.340323068385302,0.0,-1,0.004746835443038
635.0,1.0982424865609346,-0.03507941701228745,21.234931269731533,0.0,-1,-0.0015748031496063408
634.0,0.9236534556600873,-0.06988948263771155,18.221844870982537,0.0,-1,0.0007886435331230235
634.5,0.8010544855712851,-0.06416281757550457,18.951449203805083,0.0,-1,-0.0026792750197006665
632.8,0.5313337933960156,-0.11129450325025803,13.448255296803858,0.0,-1,0.0030815423514538587
634.75,0.5146956311920121,-0.042644221818087136,16.823076076901046,0.0,-1,0.0006301693580148537
635.15,0.49681858082396957,-0.020173757395376524,17.506857331605914,0.0,-1,-0.005431787766669194
631.7,0.15897850723797546,-0.11933794366045691,6.372504097848008,0.0,-1,-0.003482665822384101
629.5,-0.20652307182479035,-0.16161317424107427,0.47395113024877134,0.0,-1,0.008339952343129564
634.75,0.06543639462927331,0.036782097404329805,11.230296718626661,0.0,-1,-7.87711697517457e-05
634.7,0.19179642830386,0.054380710359638845,11.089896221955357,0.0,-1,7.877737513783956e-05
634.75,0.2431600761158279,0.03524811939053557,11.188778186369042,0.0,-1,0.0016541945647892131
635.8,0.33607856034552697,0.04272220120674486,13.361334907503732,0.0,-1,-7.864108210120513e-05
635.75,0.3503645890982625,0.01900274331982682,13.17422708617817,0.0,-1,-0.0011010617381046472
635.05,0.2699772210497713,-0.020461541576221487,10.399706338623218,0.0,-1,0.003149358318242701
637.05,0.3739521019380163,0.02783777977067453,15.24533953403997,0.0,-1,-0.0010988148496977601
636.35,0.33644353388740456,-0.0032235960933124086,12.281616990120824,0.0,-1,0.004792959849139633
639.4,0.543818955371421,0.06805060846356803,19.08104198752757,-0.7268664498670887,-1,0.007428839537066079
644.15,0.9980217531657445,0.1740844687526305,26.43263440487516,-3.151416382236903,-1,-0.004657300318248847
641.15,0.891954672632437,0.0226724627397743,15.50305902861146,0.0,-1,-0.005614910707322784
637.55,0.4645915763130688,-0.1348968778598646,5.014002208498717,0.0,-1,-7.84252215512149e-05
637.5,0.20802739679402293,-0.1304870191263035,4.878389245276004,0.0,-1,7.843137254903709e-05
637.55,0.06657635730164202,-0.09064601953956147,5.001637892702405,0.0,-1,0.004078111520665173
640.15,0.20696947444696434,0.01658236586858694,11.135225265422655,0.0,-1,0.007966882761852645
645.25,0.6849185768157895,0.164843822745804,20.03669759354321,-0.8355927852949208,-1,0.0010848508330105755
645.95,0.9251499132654999,0.13502505306517143,21.04797429428281,-0.0392385893349001,-1,0.006269835126557766
650.0,1.3056697553848835,0.17184829839485172,26.20969798784023,-1.7438295522177896,-1,-0.0076153846153846905
645.05,0.9746238634958218,-0.05306586449806994,11.354735708240703,0.0,-1,0.0010076738237347893
645.7,0.7820489289266561,-0.08188026635574519,12.42340752414357,0.0,-1,0.005420473904290013
649.2,0.9122573842314523,0.016109396316350333,17.757799519738867,0.0,-1,-0.01201478743068407
641.4,0.2513401631979377,-0.2149359415723881,0.1344685893408979,0.0,-1,0.00654817586529477
645.6,0.2499365390813182,-0.07211318856300253,6.849214548790982,0.0,-1,0.0029429987608426966
647.5,0.38674001543301983,0.021563429262899725,9.584713766983747,0.0,-1,0.003783783783783745
649.95,0.6270800856560754,0.0873011664953185,12.94988681999795,0.0,-1,-0.0013077929071467764
649.1,0.624160113629614,0.028127064822952352,10.992186210234266,0.0,-1,-0.0032352488060392037
647.0,0.3956867848139609,-0.06678208799756691,6.194793593294811,0.0,-1,-0.01174652241112828
639.4,-0.38485711166174497,-0.2824419948244243,-7.308135151762876,0.0,-1,0.002893337503909965
641.25,-0.5888909672611362,-0.16215861680793853,-3.810953359228364,0.0,-1,0.000779727095516547
641.75,-0.6001669811223564,-0.05781154355638629,-2.8425824542497224,0.0,-1,-0.0029606544604596774
639.85,-0.7141244062928536,-0.0572563229089611,-6.1726806615676395,0.0,-1,-0.003985309056810271
637.3,-0.9240927516869988,-0.08907488943436881,-10.348230487801942,0.0,-1,-0.002667503530519255
635.6,-1.0937358617435393,-0.08623933316363641,-12.962085637620092,0.0,-1,-0.0008653241032097192
635.05,-1.133246094959759,-0.04191652212661867,-13.819449883540123,0.0,-1,0.006692386426265573
639.3,-0.7043973703212032,0.12897740083731235,-3.238424196521109,0.0,-1,0.0010949475989363577
640.0,-0.3729398938086206,0.15347829244996503,-1.670643954384225,0.0,-1,-0.0032812500000000133
637.9,-0.3511328310681847,0.05842845173013361,-5.990644018171736,0.0,-1,-0.0011757328734911532
637.15,-0.37346823044231314,0.012031017452001747,-7.498220379068002,0.0,-1,-0.0013340657615946716
636.3,-0.4243469109258058,-0.012949221010496947,-9.255800951549546,0.0,-1,0.002043061449002126
637.6,-0.30609067525711,0.03510233821939962,-5.365114371993911,0.0,-1,0.0011762860727728697
638.35,-0.15895500115129835,0.06074600410840375,-3.1289584738856178,0.0,-1,-0.0114357327484923
631.05,-0.6804742473358374,-0.15359108069204508,-17.37822595914436,0.0,-1,0.013073449013548899
639.3,-0.19702768315016783,0.10995182783120816,1.236957133808744,0.0,-1,-0.0005474737994680678
638.95,0.03194790587190255,0.11297580561775952,0.578263836693516,0.0,-1,-0.0028953752249785136
637.1,-0.010393291773084457,0.023544869324257506,-2.9724330484734907,0.0,-1,0.009103751373410685
642.9,0.4526355503855939,0.16219123716097866,7.436395141900917,0.0,-1,0.002333177788147456
644.4,0.7714303422660578,0.16032867634714754,9.71126376286854,0.0,-1,-0.003724394785847296
642.0,0.6665418763508342,0.01848007014397468,4.53005243944785,0.0,-1,0.03426791277258556
664.0,2.3918858203639957,0.5812746713857122,25.862384560802937,-11.340190339715946,-1,-0.0008283132530120252
663.45,3.0094006406735616,0.3995964972317596,24.88646346967316,-5.9102364588517275,-1,0.0026377270329338565
665.2,3.2132079974388716,0.2011346179990232,25.978942685676074,-3.1756560523655253,-1,0.0027059530968129852
667.0,3.1973443427016264,0.06175698775392613,27.116615831590067,-0.7642857713290141,-1,-0.001274362818590724
666.15,2.852133820107838,-0.0944845116132873,25.246722272852992,0.0,-1,0.009457329430308636
672.45,2.966850740468658,0.006744136249177579,29.36687287592224,0.0,-1,-0.0015614543832256356
671.4,2.6894716389433597,-0.09021165509204021,26.99363410079731,0.0,-1,0.011021745606196065
678.8,2.9433261182687147,0.05454760807777159,31.35859794691791,0.0,-1,-0.005524454920447841
675.05,2.512476181409056,-0.12543410959396217,23.506014785314477,0.0,-1,0.003259017850529622
677.25,2.271011531195086,-0.12229958660264417,25.074233100192743,0.0,-1,0.001993355481727521
678.6,2.073528245155103,-0.10659429088087569,26.041159903776105,0.0,-1,0.006189213085764811
682.8,2.1519925817054855,-0.009376651443497863,28.87407648011927,0.0,-1,0.0001464557703574343
682.9,2.020225368171964,-0.047047954992339935,28.939953738622023,0.0,-1,-0.0013911260799530645
681.95,1.7068229807242687,-0.12015011414667831,26.424403652560784,0.0,-1,0.017816555465943296
694.1,2.420386538606749,0.19780448124526728,33.772768330156936,0.0,-1,0.008500216107189207
700.0,3.067136105997406,0.2815180162119746,36.108902573472875,0.0,-1,0.009785714285714286
706.85,3.7057495475262385,0.3067104859136025,38.28463393878944,0.0,-1,-0.0037490273749734015
704.2,3.4954104726634796,0.03212380368361467,32.71573133778844,0.0,-1,0.004402158477704976
707.3,3.357290062510174,-0.03533220215656385,34.02547349440988,0.0,-1,-0.004312173052452906
704.25,2.7542890188909723,-0.21277774859192178,27.597444143078263,0.0,-1,-0.00141995030173947
703.25,2.1399310788405046,-0.27571189621412984,25.49350052483976,0.0,-1,-0.010024884464983952
696.2,1.0669245189118328,-0.44957281871426735,12.268349446517178,0.0,-1,0.002872737719046281
698.2,0.6081775290382438,-0.3027732695292855,14.242828820395118,0.0,-1,0.006588370094528617
702.8,0.7114559066815218,-0.06649829729533585,18.460621727944314,0.0,-1,-0.004339783722253743
699.75,0.4496404366130946,-0.10943792245458772,12.987026207572185,0.0,-1,-0.001071811361200381
699.0,0.21876266519450382,-0.11343856462439283,11.640493569129049,0.0,-1,-0.0034334763948496994
696.6,-0.11490644261436955,-0.14903589081108876,7.286148212977139,0.0,-1,0.0020097616996841428
698.0,-0.15549879296759173,-0.06320941372143699,9.156214640039352,0.0,-1,-0.016977077363896864
686.15,-1.1503367353969907,-0.3526824520502787,-8.097315006788683,0.0,-1,0.014865554179115392
696.35,-0.701894311995261,0.03191999045048366,4.573993142318599,0.0,-1,0.004523587276513252
699.5,-0.15668190762812628,0.19237746493920616,7.7369556288157355,0.0,-1,0.0074338813438170614
704.7,0.5623144535244364,0.303791275363923,12.523272238295228,0.0,-1,0.0028380871292748022
706.7,1.0416197629737098,0.2610321949377322,14.253329148906914,0.0,-1,-0.018819866987406342
693.4,0.08613743745047486,-0.2314833768618343,-2.088975974442384,0.0,-1,0.0037496394577445358
696.0,-0.18211517843201364,-0.1665786642481076,0.6380494705800928,0.0,-1,0.004885057471264442
699.4,-0.01773188817060145,-0.0007317913288984769,4.127513394777658,0.0,-1,0.01351158135544761
708.85,0.8534374143076775,0.29014583704979346,12.347492071791585,0.0,-1,0.00035268392466680787
709.1,1.238735614354482,0.22514801236553272,12.54477816502407,0.0,-1,0.0023974051614721326
710.8,1.4698234131817571,0.15207860373093585,13.971107706952488,0.0,-1,0.008863252673044553
717.1,1.9878820281635399,0.22337907290423953,18.85479469153543,-2.0051590303620515,-1,-0.002370659601171443
715.4,1.9395878333075416,0.058361626016080415,16.165761944757207,0.0,-1,0.0018870561923400864
716.75,1.866308416437164,-0.004972596951432484,17.29282264614976,0.0,-1,0.0034182071852111306
719.2,1.8783096732988724,0.0023428866367587453,19.351507327878366,0.0,-1,-0.001877085650723087
717.85,1.6152844956216086,-0.0868940970135017,16.77811445411507,0.0,-1,-0.0020895730305774407
716.35,1.2241648654810433,-0.1593379090513556,13.852976731102196,0.0,-1,-0.00013959656592454905
716.25,0.918257978287329,-0.1550815987483567,13.646461228013507,0.0,-1,0.002443280977312501
718.0,0.8346163698332703,-0.07957440240080516,15.797391258135221,0.0,-1,-0.006058495821727017
713.65,0.3607442014533717,-0.1844821902602346,6.555458277840678,0.0,-1,-0.0009108106214530398
713.0,0.039579433808967224,-0.16854898596821305,5.266619394122927,0.0,-1,-0.008134642356241173
707.2,-0.607634569497236,-0.2719209964248055,-4.919044554532057,0.0,-1,0.0036057692307691624
709.75,-0.6681053570256381,-0.11079726131773582,-0.38297285598059005,0.0,-1,0.0015498414934835836
710.85,-0.5509986377043106,0.0021031526678638723,1.5356487734113884,0.0,-1,-0.005486389533656877
706.95,-0.7715287249016001,-0.07280897817647525,-5.186980559169498,0.0,-1,-0.0002829054388571173
706.75,-0.8341663747584107,-0.045148876011095296,-5.517610671405464,0.0,-1,-0.0006367173682348959
706.3,-0.8334713351237042,-0.014817945458796222,-6.323227891825944,0.0,-1,0.0010618717258954469
707.05,-0.7011678707126521,0.03916183965075193,-4.4955163838364385,0.0,-1,-0.01223392970794146
698.4,-1.2974188159478217,-0.1856963685281392,-17.860568032702936,2.609586430729678,-1,-0.0006443298969071032
697.95,-1.524926053903073,-0.13773453549446346,-18.397102043182944,0.88185079198729,-1,0.011390500752202826
705.9,-0.8491025017220863,0.17936300556217444,-1.5156338974228376,0.0,-1,-0.002974925626859415
703.8,-0.6154321838213264,0.13767777448764484,-4.790628851262419,0.0,-1,0.00824097755044062
709.6,0.036022323780798615,0.2630440940299233,4.6167869964844,0.0,-1,0.0019024802705749355
710.95,0.4712477172668059,0.2327564958386436,6.546327117367966,0.0,-1,-0.002883465785217032
708.9,0.47875643757095077,0.08008840538092948,2.7614410925716157,0.0,-1,-0.001833827056002213
707.6,0.33428109459202915,-0.021462312532664063,0.3851588705169675,0.0,-1,-0.015050876201243568
696.95,-0.6533133347801368,-0.33635224730161,-14.264917888664002,0.0,-1,0.0007891527369250362
697.5,-1.046834438234555,-0.243291116918676,-13.21029866710824,0.0,-1,-0.0014336917562723928
696.5,-1.2396921201088844,-0.1453829329310019,-14.390832260860208,0.0,-1,-0.012203876525484603
688.0,-1.94114661770368,-0.2822791435085992,-22.672655191127816,3.601676554429332,-1,-0.012500000000000067
679.4,-2.846778315025631,-0.3959702802768499,-28.336690354361888,6.931480319693264,-1,0.0016190756549896435
680.5,-2.970695970767906,-0.1732959786730417,-26.095196905719654,1.8753463922498668,-1,0.015650257163850156
691.15,-1.8975968010749966,0.2999343970066226,-8.185083687301173,0.0,-1,0.002242639079794717
692.7,-1.0737474828056293,0.3745945717586634,-6.051697700330621,0.0,-1,-0.0038977912516241497
690.0,-0.7973438667704613,0.21699939593127704,-8.963849098685387,0.0,-1,-0.0026811594202899025
688.15,-0.7468634031886268,0.0891599531710372,-10.934590681326853,0.0,-1,0.004577490372738469
691.3,-0.3968845544653732,0.1463796006314303,-5.85936485446603,0.0,-1,0.008173007377405117
696.95,0.28201191610173737,0.27509202373284697,2.092835674637975,0.0,-1,-0.0013630820001435673
696.0,0.5187924917100872,0.17062419978039894,0.7432445588631751,0.0,-1,-0.00653735632183905
691.45,0.2147834052051394,-0.04446162890818295,-5.405056333652915,0.0,-1,0.001156988936293235
692.25,0.11154691151898533,-0.04923270753144568,-4.123900240961618,0.0,-1,0.016395810762007912
703.6,0.9964664220492523,0.2785622676662738,10.334712287608049,0.0,-1,0.008953951108584324
709.9,1.8808873088103155,0.387661051475779,15.94539334114964,0.0,-1,0.001972108747710921
711.3,2.2830238097899382,0.2632658508184673,17.094648555767506,0.0,-1,-0.002038521017854511
709.85,2.17300674279727,0.05108292794193314,14.58635230536379,0.0,-1,-0.0038036204832007092
707.15,1.7119143140678261,-0.13666983359583695,9.94943556821707,0.0,-1,-0.0005656508520115455
706.75,1.3053752401974634,-0.18106963582206648,9.249230942329454,0.0,-1,0.003112840466926059
708.95,1.1766577665790692,-0.10326236981348691,11.96412839395036,0.0,-1,-0.0017631708865223361
707.7,0.9100775492216826,-0.12328086239029123,9.463147705055718,0.0,-1,-0.004592341387593568
704.45,0.4301143114411161,-0.20108136672361931,3.253730151706172,0.0,-1,0.003974732060472608
707.25,0.3876231665974501,-0.08119083718909509,7.501924658611593,0.0,-1,-0.007917992223400505
701.65,-0.1325910030408295,-0.20046833560912497,-2.1594899309083146,0.0,-1,0.0013539514002709474
702.6,-0.3024821709398111,-0.12345316783603552,-0.5582963596793746,0.0,-1,-0.010318815826928507
695.35,-0.9663875739777268,-0.2624528569579837,-10.770046633825089,0.0,-1,0.010642122672035681
702.75,-0.6011413109985142,0.034264468673743,0.7631182921968858,0.0,-1,0.003486303806474522
705.2,-0.164256403592276,0.15704979202666042,3.9762794763170817,0.0,-1,-0.001985252410663718
703.8,-0.0487925829231699,0.09083787089858886,1.8287831665483338,0.0,-1,0.002344416027280527
705.45,0.15050537598835945,0.09671194327003942,4.214249109373306,0.0,-1,-0.004677865192430408
702.15,-0.03738775922158766,-0.0303937306466359,-1.160345060522836,0.0,-1,-0.00149540696432382
701.1,-0.2157186802248816,-0.06957488388330996,-2.814122692338046,0.0,-1,-0.011481956924832448
693.05,-0.9577409173743945,-0.27053237367760763,-13.37776040060254,2.237765572005628,-1,-0.0025250703412452724
691.3,-1.3947736261679893,-0.23585502749040077,-15.256533242769294,1.640397869821527,-1,-0.0029654274555185323
689.25,-1.6678921783840224,-0.16965785990214455,-17.43125500686218,1.2424848833971964,-1,-0.0039898440333695495
686.5,-1.8946271062934557,-0.13213092927052594,-20.210519054093773,1.4169427104214947,-1,-0.009249817916970215
680.15,-2.3792756447236343,-0.20559315590023486,-25.561181094976227,3.8228045770285917,-1,0.0059545688451076995
684.2,-2.0858269435451575,0.02928518175941397,-17.029243134868402,0.0,-1,-0.00014615609470913782
684.1,-1.773617014327101,0.11383170365915674,-17.13106406578011,0.0,-1,-0.0031428153778686463
681.95,-1.6488772985240985,0.07952380648738644,-19.389338954912898,0.0,-1,0.002859447173546359
683.9,-1.2866009990790417,0.14726670197748115,-14.89606240514965,0.0,-1,0.0015353121801433556
684.95,-0.9107460994331404,0.17437386720779413,-12.475628590185764,0.0,-1,0.005255858091831378
688.55,-0.346923141324055,0.24606560843895986,-4.703175728166592,0.0,-1,-0.0005083145741048289
688.2,-0.0652680671591952,0.17590689420127323,-5.3038521588193746,0.0,-1,-0.0029787852368498013
686.15,-0.08983485781357103,0.05044670118229913,-8.854732472356496,0.0,-1,0.00021861109086929176
686.3,-0.08213201498961098,0.019383181335419733,-8.477033190913211,0.0,-1,-0.01777648258778952
674.1,-1.0881029256618149,-0.3288625764455948,-23.718815753825588,0.0,-1,0.0005933837709537482
674.5,-1.4670798038594057,-0.23594648488106196,-22.746036338726977,0.0,-1,0.01645663454410684
685.6,-0.6093115926365726,0.20727390878059038,-1.707688754112148,0.0,-1,-0.0032817969661610435
683.35,-0.317151520972061,0.16647799348170067,-4.66088532976579,0.0,-1,0.0076827394453793385
688.6,0.29285780827444796,0.2588291075760699,2.819309855642352,0.0,-1,0.0019604995643334178
689.95,0.6859576555415288,0.2173096516143836,4.594625131352025,0.0,-1,7.246901949420348e-05
690.0,0.8295111078799664,0.12028770131760713,4.664825633310208,0.0,-1,-0.010869565217391353
682.5,0.2071619083924361,-0.16735383272330773,-6.5352075970585375,0.0,-1,-0.0021245421245421614
681.05,-0.24210951705072148,-0.20554175272215514,-8.367553680441056,0.0,-1,0.0035239703399163602
683.45,-0.24656943668469467,-0.07000055745204276,-4.167907670141453,0.0,-1,0.0008047406540345747
684.0,-0.18241861011131277,-0.0019499102928869638,-3.193350153738585,0.0,-1,0.001827485380117011
685.25,-0.030974979315260498,0.04983124016772178,-0.8816504414289668,0.0,-1,0.00014593214155422807
685.35,0.0556614176923631,0.0454892123917818,-0.6858524159497961,0.0,-1,0.002407528999781139
687.0,0.23184116472168625,0.07388965314036833,2.6543201860048313,0.0,-1,0.01448326055312954
696.95,1.1297776078430388,0.3239420320872404,17.15638251153129,-1.4927357093262117,-1,0.006384963053303494
701.4,1.8554310287499902,0.3498651509980639,21.495117173683695,-2.832026673466544,-1,0.0029940119760478723
703.5,2.2386384868076448,0.24435753635190616,23.341670331888864,-1.9708917503273824,-1,-0.001918976545842277
702.15,2.1311890086025187,0.04563601938226025,20.09811823109466,0.0,-1,0.010111799473047078
709.25,2.4915318521163954,0.1353262876320458,26.23884416737893,-1.6958922074302336,-1,0.0028903771589707805
711.3,2.6349089528636114,0.09290112945975393,27.707541051559133,-0.015880751760164458,-1,-0.001968227189652727
709.9,2.370355090498606,-0.05721757763508384,24.226146918853104,0.0,-1,0.006338920974785278
714.4,2.415548568441295,-0.004008033230798347,27.78124590611054,0.0,-1,0.001539753639417718
715.5,2.32851626004242,-0.030346780543224483,28.58358291864151,0.0,-1,0.01383647798742138
725.4,2.91595708417276,0.18569801452903834,34.265453668072965,-1.227718128180868,-1,0.0017231872070582188
726.65,3.070847739223609,0.113529556526629,34.83007875352186,0.0,-1,-0.006880891763572539
721.65,2.475722421813657,-0.16053192029444086,23.161776557799897,0.0,-1,0.004572853876533056
724.95,2.2468495612910147,-0.12980159360569443,25.620882322747235,0.0,-1,-0.0024139595834195005
723.2,1.799342334255357,-0.19243627354711745,21.74731848911786,0.0,-1,0.005254424778760924
727.0,1.7423101928828828,-0.08315613830653046,24.85491817353399,0.0,-1,-0.001994497936726347
725.55,1.4477682727898582,-0.12589935279985176,21.51963596846454,0.0,-1,-0.0017917441940595857
724.25,1.0715166233441096,-0.16738366741520005,18.480085351491326,0.0,-1,-0.0004142216085605277
723.95,0.7690977466758113,-0.1566008480278328,17.741880784082696,0.0,-1,0.00089785206160653
724.6,0.6079634961187139,-0.10591169952831003,18.55785089416858,0.0,-1,0.002070107645597563
726.1,0.6017327461636341,-0.03738081649446323,20.47294754305436,0.0,-1,0.0009640545379423493
726.8,0.6068063090058331,-0.01076908455075476,21.376927891771544,0.0,-1,-0.001857457347275604
725.45,0.44627589800973055,-0.0570998318489524,16.982584288804276,0.0,-1,0.003515059618167893
728.0,0.5413210343442643,0.012648434828527066,20.76063667024283,0.0,-1,0.0005494505494505475
728.4,0.5770668496494409,0.016131416711234525,21.33237061777352,0.0,-1,-0.0015101592531576724
727.3,0.45518418649783143,-0.035250415480124975,17.31075364145167,0.0,-1,0.002406159769008598
729.05,0.5021441727139972,0.003903190245346966,20.27329036949989,0.0,-1,0.00013716480351155802
729.15,0.49211215142918263,-0.002042943679822551,20.443362558383953,0.0,-1,-0.002125762874579884
727.6,0.31692012816779425,-0.059078322313737,14.125020073490617,0.0,-1,0.00013743815283118188
727.7,0.21124743918971944,-0.05491700376393727,14.35421083679141,0.0,-1,-0.0010306444963583683
726.95,0.0783071414348342,-0.06261910050627417,11.10128229695222,0.0,-1,-0.000481463649494529
726.6,-0.02385526922887493,-0.05492717038999444,9.540738217677415,0.0,-1,0.0013762730525737066
727.6,0.010384797875076401,-0.0068957010953477026,12.575154615963648,0.0,-1,-0.005085211654755395
723.9,-0.28169390172922704,-0.0996581335665504,-2.1717514624550773,0.0,-1,0.002624671916010568
725.8,-0.2459254263873163,-0.021296552741546543,4.012010630153796,0.0,-1,-0.0005511160099200829
725.4,-0.24088073651739705,-0.005417287623875777,2.554893717559551,0.0,-1,0.003515301902398793
727.95,-0.005784996872648662,0.07655948400695754,10.16670432983127,0.0,-1,0.005288824781921608
731.8,0.4330782893558762,0.17180759007849417,18.613890648712655,-0.9804985842265523,-1,0.008198961464881194
737.8,1.1164200750237114,0.2850497919154432,27.043671376980015,-4.178021342200168,-1,-0.0004743833017076815
737.45,1.3358892949390793,0.1681730039436038,25.72543033398817,-1.943073036261353,-1,0.005491897755780073
741.5,1.6717997969851695,0.16802783532989807,30.10264360596105,-3.2100103200159538,-1,-0.002899527983816541
739.35,1.5212717315927193,0.00583325664581591,22.40182957076857,0.0,-1,-0.002231689997971187
737.7,1.1817350545971976,-0.111234473449902,16.916228549598927,0.0,-1,0.0012877863630200714
738.65,0.9926554615495888,-0.10010468883250367,18.445663064455204,0.0,-1,0.0014892032762472418
739.75,0.907061043230101,-0.061899702383997224,20.217037373724466,0.0,-1,-0.00013518080432584068
739.65,0.7803420804677899,-0.06287288838210281,19.821121505153656,0.0,-1,0.004191171500033786
742.75,0.910287425714273,0.022357485621460116,24.729077759702975,0.0,-1,0.00222147425109398
744.4,1.0369028128612854,0.049657624256157495,26.946340699925884,0.0,-1,-0.002619559376679126
742.45,0.8513019386963379,-0.045314416636263344,18.996944824593825,0.0,-1,-0.0032998855141761485
740.0,0.4833930067225083,-0.13774111620336427,10.300250004571033,0.0,-1,0.00425675675675663
743.15,0.5216557901753731,-0.03315944425016648,16.357962059501773,0.0,-1,-0.0014129045280225627
742.1,0.4098158660539184,-0.04833312279054042,12.80839964086389,0.0,-1,0.0012801509230560004
743.05,0.39891124848873005,-0.01974591345190957,14.706289036908885,0.0,-1,0.002624318686494931
745.0,0.5227163356653364,0.034686391241565584,18.385698494009006,0.0,-1,-0.01201342281879203
736.05,-0.20477414871845667,-0.23093469771407585,-5.3516470812908565,0.0,-1,0.0005434413423002216
736.45,-0.518121545183817,-0.18142736472647875,-4.413718612231712,0.0,-1,0.004820422296150317
740.0,-0.3357851146511166,0.00030302193540721056,3.3768112303419926,0.0,-1,-0.006824324324324227
734.95,-0.6374681398305029,-0.10046000108132636,-6.473183705193293,0.0,-1,0.00959248928498524
742.0,-0.147687307434353,0.1297736104382745,6.094551670247448,0.0,-1,-0.004110512129379962
738.95,-0.1446562822834494,0.044268211863059376,0.6737218676764911,0.0,-1,-0.0017592529941133916
737.65,-0.23941941285102075,-0.01683163956817066,-1.5439344514677344,0.0,-1,0.0015590049481462032
738.8,-0.17101602706395624,0.017190582072964616,0.5818062371799826,0.0,-1,0.0008798050893341625
739.45,-0.06839633191498251,0.03993675907397945,1.8294408470744514,0.0,-1,0.003245655554804161
741.85,0.1886132099856468,0.0989821003248696,6.350452886422751,0.0,-1,0.010716452112960795
749.8,0.9639002134372276,0.29142303459215013,17.557317202274163,-1.9148502739666355,-1,-0.0054681248332887344
745.7,0.9295520307099423,0.08569161728828822,8.892862175105442,0.0,-1,-0.0006705109293281275
745.2,0.793248603453776,-0.01687060332262602,7.886874644567818,0.0,-1,-0.0014761137949543812
744.1,0.567326172871276,-0.08093101130170866,5.566679298298581,0.0,-1,0.0008735385028892928
744.75,0.4612544431739707,-0.06233424699967127,6.70601108141431,0.0,-1,0.001275595837529453
745.7,0.44894737472759516,-0.0248804384820156,8.436700725731214,0.0,-1,-0.000536408743462613
745.3,0.37204822594367215,-0.033926529088646185,7.36388767816775,0.0,-1,-6.708707902847166e-05
745.25,0.29842796605646527,-0.03584892965861769,7.217993324316772,0.0,-1,-0.0032203958403219657
742.85,0.036748838941548456,-0.0991760189245115,0.38376819087256564,0.0,-1,0.00215386686410457
744.45,0.03618020547219203,-0.03324821746462264,4.416766322852574,0.0,-1,0.0010746188461279171
745.25,0.09954753828162666,0.010039705114937333,6.386262070350746,0.0,-1,0.0022811137202281007
746.95,0.26460224316281256,0.05836480333204108,10.423663492189348,0.0,-1,0.013120021420442995
756.75,1.1417460753398245,0.311836211836351,25.155215450112166,-3.5370962871210168,-1,-0.0025107367030062777
754.85,1.3268391518167846,0.16564309610443706,19.576187287409482,-0.37157907598816564,-1,0.0032456779492613386
757.3,1.5129824274036991,0.11726212389711721,22.500928432791056,-0.6658920201971341,-1,-0.002244817113429165
755.6,1.338305529580225,-0.01913825797545221,17.498206578171292,0.0,-1,-0.006551085230280584
750.65,0.7269416198702174,-0.21016738922848666,5.179750258703763,0.0,-1,0.007393592220076073
756.2,0.8231811966926443,-0.03797593746868655,13.482319611967753,0.0,-1,0.0024464427400157085
758.05,0.9568692187127681,0.03190402818381244,15.826868300705442,0.0,-1,0.001187256777257506
758.95,1.0189741281634497,0.03133631254483138,16.97304832533068,0.0,-1,-0.00026352197114443143
758.75,0.9484454055417473,-0.01306413669229034,16.42296147091261,0.0,-1,-0.005469522240527103
754.6,0.48831059376914254,-0.15773298282163173,5.847270668231033,0.0,-1,-0.0009939040551285583
753.85,0.15505063840203093,-0.16366431272958115,4.117073987264533,0.0,-1,-6.632619221336178e-05
753.8,-0.028666892481624018,-0.11579394787107872,3.993166215145294,0.0,-1,6.633059166905042e-05
753.85,-0.11397008355004346,-0.06703237964649938,4.109911842664481,0.0,-1,0.002852026265172114
756.0,0.032042494544953115,0.026326732816165724,9.072002763114426,0.0,-1,-0.004695767195767142
752.45,-0.1934547576196337,-0.06639017311614037,-0.7066973213146284,0.0,-1,-0.0007973951757591635
751.85,-0.3400821539003118,-0.07100585646560614,-2.192880681384487,0.0,-1,-0.005586220655716012
747.65,-0.7350556725489241,-0.15532645837140613,-11.274055337883887,0.0,-1,-0.005483849394770313
743.55,-1.2129544591608692,-0.2110750816611171,-17.889873075149396,0.8513812811767139,-1,0.0029587788312823715
745.75,-1.1674909808700704,-0.05520386779010611,-11.614221916641867,0.0,-1,-0.005698960777740569
741.5,-1.4016349933189076,-0.09644929341298103,-17.969581781183003,1.6472831286102974,-1,-0.0010114632501685428
740.75,-1.464404083433351,-0.053072794509141374,-18.9767160881601,0.3403371119975418,-1,-0.004589942625717103
737.35,-1.657088288204477,-0.0819189997600891,-23.21838433673891,1.1093751737327011,-1,0.0029158472909744937
739.5,-1.4361730332396974,0.04633208506823028,-16.801122973327956,0.0,-1,0.0040567951318457585
742.5,-0.9560343196540089,0.17549026621797292,-8.809785567935798,0.0,-1,0.006127946127945982
747.05,-0.2571287695566298,0.2914652721051174,1.056966592349795,0.0,-1,-0.0028110568235056865
744.95,-0.06124859704482333,0.16244848153897465,-2.987861076079838,0.0,-1,-0.004027115913819768
741.95,-0.20820446103516588,0.0051642058495440235,-8.239234647572623,0.0,-1,-0.008760698160253377
735.45,-0.8059986879441112,-0.1975433403531338,-17.0893503911946,0.0,-1,0.0010877693928885712
736.25,-0.9710625774032451,-0.12086907660408919,-15.199789821427217,0.0,-1,-0.002376910016977929
734.5,-1.118505974015875,-0.08943749107223975,-17.4294461468805,0.0,-1,-0.02498298162014978
716.15,-2.6281855078209446,-0.5330390082924366,-31.350622048440123,8.81620162523268,-1,-0.006143964253298884
711.75,-3.530676482405056,-0.47850999429218266,-33.257193689669165,7.034649798204441,-1,-0.0038637161924832686
709.0,-3.9168655961633476,-0.2882330360168246,-34.36705112031106,4.191486672037627,-1,0.0007052186177716191
709.5,-3.7418880200289095,-0.03775181996079535,-33.2521681170563,0.0,-1,-0.00577871740662439
705.4,-3.6842418969592927,0.006631434369607003,-35.05192201534289,0.0,-1,-0.004819960306209237
702.0,-3.631732010677865,0.019713773550344982,-36.398675994523984,0.0,-1,0.0019943019943020612
703.4,-3.186166066647388,0.1550932391936075,-32.97829844918946,0.0,-1,-0.005402331532556093
699.6,-3.0145359224114827,0.10890779447650445,-34.79381525516534,0.0,-1,0.0
699.6,-2.677509523425897,0.1486447311540302,-34.79381525516534,0.0,-1,0.002287021154945723
701.2,-2.1525371969809157,0.22453901919967034,-30.339530683183888,0.0,-1,-0.0016400456360525784
700.05,-1.8065062673434795,0.1901899829457021,-31.131111829476925,0.0,-1,0.00014284693950439298
700.15,-1.4746152802460983,0.17402699001436117,-30.816726359647717,0.0,-1,-0.0002856530743411412
699.95,-1.2024518466768086,0.1487301411945503,-30.980506586978475,0.0,-1,0.00178584184584607
701.2,-0.8619991426691058,0.16306094840075103,-26.447961183552316,0.0,-1,-0.0016400456360525784
700.05,-0.7157728621095885,0.10309574298675617,-27.722556567846635,0.0,-1,-0.0012141989857865632
699.2,-0.6538453166540421,0.0550077628141008,-28.67054318123649,0.0,-1,0.009582379862700163
705.9,-0.010061100871666895,0.2329306595321587,-7.311134398344663,0.0,-1,0.0004958209378098655
706.25,0.3418360987587903,0.19494261972087193,-6.421982111440933,0.0,-1,0.005946902654867303
710.45,0.8392983570107617,0.23080162599094778,3.248930004374273,0.0,-1,0.006967415018650058
715.4,1.4305879563859207,0.27403040845536886,11.818926296677134,0.0,-1,-0.00524182275649987
711.65,1.294517093041236,0.04598651503689477,3.55522704454453,0.0,-1,-0.006744888639078184
706.85,0.7186052369488607,-0.17664178035182687,-5.000024493349898,0.0,-1,0.002970927353752595
708.95,0.545765539156946,-0.1164938260479138,-1.036789590896774,0.0,-1,-0.0061358346850977075
704.6,0.05136522866462201,-0.20363137884674598,-8.002120406448583,0.0,-1,-0.0009934714731762995
703.9,-0.25844869563707107,-0.17114843438281302,-9.043855283762923,0.0,-1,0.0010654922574229175
704.65,-0.3293182664847336,-0.08067266841015855,-7.350349730659765,0.0,-1,0.0005676577024054108
705.05,-0.3039765297014583,-0.018443643875627747,-6.3918663114571075,0.0,-1,-7.091695624417138e-05
705.0,-0.27014095050139986,0.005130645108143539,-6.492855902507053,0.0,-1,-0.0037588652482268836
702.35,-0.45154474835965175,-0.05875771758336945,-11.71417761900139,0.0,-1,-0.0019221186018367753
701.0,-0.6171179182588276,-0.07477696249418175,-14.149521105612138,0.0,-1,-0.000641940085592041
700.55,-0.6859780100201078,-0.047879018085154046,-14.97468557985949,0.0,-1,-0.0007850974234528962
700.0,-0.7090765550657352,-0.023659187710260432,-16.03630335180891,0.0,-1,-0.0007142857142856673
699.5,-0.7032027813330615,-0.005928471325862272,-17.045251718681627,0.0,-1,0.0016440314510364207
700.65,-0.5458323293555623,0.050480660217212314,-12.314517475871753,0.0,-1,0.0
700.65,-0.42166107592061053,0.05821730455072133,-12.314517475871746,0.0,-1,-0.001998144580032779
699.25,-0.44110369287636786,0.012924895864988017,-15.927829773211734,0.0,-1,-0.0025741866285304837
697.45,-0.564066360281231,-0.03667925717995835,-20.032546730712674,0.0,-1,-0.0017205534446914639
696.25,-0.6785421639601736,-0.05038502028630032,-22.487689305497018,0.0,-1,0.0019389587073608272
697.6,-0.5667348854696002,0.02047408606809109,-15.753915654031985,0.0,-1,-0.006594036697247785
693.0,-0.846936672435163,-0.0865759002991573,-24.66448642756095,0.007915817630646416,-1,0.00952380952380949
699.6,-0.36645950988179266,0.13130042075140436,-2.773900349826704,0.0,-1,0.0032875929102342827
701.9,0.09598403055179006,0.19791465372832906,2.6063763733253396,0.0,-1,0.00014247043738424559
702.0,0.32754046488923905,0.14315702935525934,2.8386507464177697,0.0,-1,0.0014245014245013454
703.0,0.49935697665046064,0.10499118037216032,5.274200386350756,0.0,-1,-0.0014935988620198293
701.95,0.4561521511435558,0.020595451621751804,2.1331730746476794,0.0,-1,-0.008333926917871715
696.1,-0.09096294087180468,-0.1755065467978696,-11.433735007286472,0.0,-1,0.0016520614854187432
697.25,-0.2611069084734936,-0.11521683813318617,-8.12955868811735,0.0,-1,0.0028684116170669682
699.25,-0.15775331656823255,-0.003954415409308382,-2.656867301476943,0.0,-1,7.150518412579743e-05
699.3,-0.08876374423493871,0.021678385641328485,-2.519519353737415,0.0,-1,0.008937508937508998
705.55,0.4739613539512675,0.1948011612758449,11.447109789974,-0.42330528010586477,-1,0.000566933597902386
705.95,0.749160456881782,0.1566667547354531,12.162641900922367,0.0,-1,-0.00552447057157035
702.05,0.499329970273493,-0.031054577290945296,1.7563114897575005,0.0,-1,-0.0039883199202335184
699.25,0.09947056277997035,-0.14363799492815602,-4.341087637814553,0.0,-1,0.0014301036825170588
700.25,-0.02541502119845518,-0.08950785963552721,-1.9141078442717685,0.0,-1,0.0019278828989646168
701.6,0.026760105245557497,-0.012444244397171511,1.3454068154886798,0.0,-1,0.0004988597491448754
701.95,0.07978432636377875,0.013526658907016584,2.209774241917131,0.0,-1,0.02393332858465702
718.75,1.4996477430591995,0.4777966918674792,25.46056791158611,-7.192256777392231,-1,-0.011130434782608667
710.75,1.4179421394853762,0.13203036276455205,10.012374259502721,0.0,-1,-0.00379880408019706
708.05,1.0339274927413271,-0.08399476132649908,5.7337223753123325,0.0,-1,0.002118494456606168
709.55,0.8807595449741257,-0.07905423636456688,7.599756083651329,0.0,-1,0.005355507011486349
713.35,1.0474456090094009,0.02921060922356955,12.097217096683764,0.0,-1,-0.003574682834513343
710.8,0.8310015069429255,-0.0624111642809686,7.545993047817255,0.0,-1,0.0026730444569500467
712.7,0.8118626636644422,-0.027183335853150692,9.974628659629303,0.0,-1,0.005261680931668344
716.45,1.0471380200531257,0.06936400684517763,14.436192214463489,0.0,-1,0.007606950938655821
721.9,1.531680863243082,0.18463561667837802,19.86120031670336,-0.3142242333747163,-1,-0.0019393267765618338
720.5,1.5296455462344056,0.0608667665565672,16.946402696021153,0.0,-1,0.005829285218598157
724.7,1.7511574255438518,0.09412621528867104,20.982087791558172,0.0,-1,0.0026217745273906523
726.6,1.874316913069947,0.07242856760492211,22.659962203224765,0.0,-1,0.0004816955684008306
726.95,1.808870247410482,0.0023273006484856307,22.979744686539036,0.0,-1,0.000962927298988836
727.65,1.6837410606299272,-0.040933962044023,23.664268301882274,0.0,-1,-0.011750154607297447
719.1,0.7683647121871218,-0.3187701034956094,4.817277620514396,0.0,-1,0.001877346683354153
720.45,0.3591461452834892,-0.24266289013308073,6.758225136515563,0.0,-1,-0.00235963633839964
718.75,-0.017058650275316722,-0.20628922856396223,3.5401678630093443,0.0,-1,0.004869565217391347
722.25,0.08792717280152829,-0.033767801829039074,8.874203344261765,0.0,-1,-0.0037383177570093906
719.55,-0.09190718006016141,-0.07120071823024293,3.599564427433208,0.0,-1,0.004169272461955309
722.55,0.07583457518069281,0.03218034567020377,8.220653262230293,0.0,-1,-0.0035291675316586613
720.0,-0.059114095130553324,-0.03425610821368079,3.215295185553316,0.0,-1,-0.005833333333333357
715.8,-0.4716622556919674,-0.14893475625836494,-4.019098805212039,0.0,-1,-0.0018161497625034384
714.5,-0.7469644813317018,-0.14141232729936648,-6.072860987209225,0.0,-1,-0.0020993701889433503
713.0,-0.9473685540406223,-0.11393880000276235,-8.452043396723354,0.0,-1,0.0038569424964935983
715.75,-0.7394565442250496,0.031324403270936774,-2.643846129038103,0.0,-1,-0.0038421236465245867
713.0,-0.803045827298547,-0.010754959934186847,-7.352460568518126,0.0,-1,0.005539971949509281
716.95,-0.4387533165603372,0.11784585026800765,0.5021543248623246,0.0,-1,-0.0006276588325546673
716.5,-0.25754428481116065,0.09968496067239474,-0.3584257683085923,0.0,-1,0.010746685275645484
724.2,0.49618892146429516,0.2844727223159502,11.964336918597937,0.0,-1,0.0035211267605632646
726.75,1.0442064478133943,0.27749674955501646,15.106225868727734,0.0,-1,0.0039215686274509665
729.6,1.4686980070034679,0.23399610291502992,18.352610009700697,0.0,-1,-0.0058251096491228616
725.35,1.2043856193482725,-0.010105428246721893,9.223151169584817,0.0,-1,-0.0029640863031639153
723.2,0.7926972905750063,-0.14059791900666274,5.087445823817248,0.0,-1,0.008434734513274256
729.3,1.029128351973668,0.03194438079733297,13.19077707196432,0.0,-1,-0.0018510900863840662
727.95,0.9490831866752387,-0.016033594833698817,10.506310892290152,0.0,-1,0.010371591455456963
735.5,1.4591370051364265,0.16467340787582962,18.75455685388816,-1.5242833367597086,-1,0.0016995241332427025
736.75,1.6967358306056894,0.1340907444483641,19.910584456726795,-0.22537343402939314,-1,0.0034611469290803942
739.3,1.8866405907898525,0.10799850154417578,22.238721971858567,-0.032123296242161814,-1,-0.009603679155958167
732.2,1.2327062549827588,-0.1819786114209727,8.286626074035738,0.0,-1,0.005462988254575363
736.2,1.136346899163982,-0.09277932241324982,12.78584100896586,0.0,-1,-0.007742461287693625
730.5,0.5184716463243149,-0.23688485841763907,3.6274186190342377,0.0,-1,0.002737850787132068
732.5,0.33299471604414066,-0.14078726289927113,6.12265625535052,0.0,-1,0.0
732.5,0.2125066912336706,-0.08709176256991374,6.122656255350513,0.0,-1,-0.009488054607508567
725.55,-0.4446128787743646,-0.24807044419264973,-4.403148021807169,0.0,-1,-0.0046861001998483864
722.15,-1.0194549238805166,-0.2743041630996006,-8.621505326415424,0.0,-1,0.0014539915530016323
723.2,-1.1344213694435439,-0.1297568695542093,-6.817819316259204,0.0,-1,-0.007743362831858391
717.6,-1.564036144771535,-0.18645721496073353,-13.477075652553253,0.0,-1,0.0005574136008918984
718.0,-1.6151738537045048,-0.07919830796456773,-12.709565011322077,0.0,-1,0.00048746518105846626
718.35,-1.476978220362298,0.019665775125879748,-11.980961355039476,0.0,-1,0.0
718.35,-1.284798885327632,0.07061503672018188,-11.980961355039476,0.0,-1,-0.006055543954896714
714.0,-1.4441426440329224,-0.029576240661702835,-17.73334336399325,0.0,-1,7.002801120448154e-05
714.05,-1.399302636382913,0.005087922329435557,-17.602711554662875,0.0,-1,-0.003921294027028899
711.25,-1.493607412859319,-0.02973895138232341,-21.07392596409544,0.0,-1,-0.0031634446397188487
709.0,-1.6037925166925788,-0.04664135173852779,-23.59953610561459,0.0,-1,0.0029619181946403117
711.1,-1.3502356922181207,0.06897182424531012,-17.48868047613113,0.0,-1,-0.00014062719730001394
711.0,-1.1192709722961354,0.09997884805576507,-17.630879313054848,0.0,-1,-0.009704641350210985
704.1,-1.4855160313104534,-0.08875540365285106,-25.759398304107304,0.0,-1,0.0010651896037494613
704.85,-1.482345558208408,-0.0285283101836018,-23.529366731894612,0.0,-1,-0.0031921685464992855
702.6,-1.5447315251400369,-0.030304759038410234,-25.894568278064543,0.0,-1,0.004625676060347361
705.85,-1.1763635481775054,0.11268773930804032,-16.375969253719894,0.0,-1,-0.0033293192604660904
703.5,-1.089982597348012,0.06635623004584468,-19.4539080776105,0.0,-1,-0.001918976545842277
702.15,-1.0684602388209896,0.029292862857622337,-21.140178589976422,0.0,-1,0.004058961760307733
705.0,-0.7311607063223846,0.12219746511874241,-12.984271265702105,0.0,-1,0.004326241134751774
708.05,-0.24741421454621104,0.201981318964972,-5.428130624010166,0.0,-1,-0.005013770213967872
704.5,-0.28075645077933586,0.056213027577282415,-11.414673623944886,0.0,-1,0.011994322214336384
712.95,0.43013546866905017,0.2557016490085562,4.682976407930283,0.0,-1,-0.00511957360263704
709.3,0.4455701393375193,0.09037877322567511,-1.4274920588691487,0.0,-1,-0.006767235302410746
704.5,0.016156629726992833,-0.11301157879495047,-8.245149264540196,0.0,-1,0.006600425833924728
709.15,0.1876034891110976,0.01947842686305143,-0.6003305230851552,0.0,-1,0.0002115208348021369
709.3,0.2701932947105661,0.03402274415417331,-0.36340149051222426,0.0,-1,0.00916396447201473
715.8,0.8306387562844293,0.1981560685760122,8.902016720037523,0.0,-1,-0.0025146689019278634
714.0,0.8916415907143573,0.08638630100198008,5.746405572169408,0.0,-1,-0.0048319327731093376
710.55,0.5603395420363313,-0.08163858255868195,0.0374983366637025,0.0,-1,-0.008796003096193106
704.3,-0.17283977747240442,-0.2716059673558059,-8.514226539188726,0.0,-1,0.0023427516683232064
705.95,-0.38752612243729345,-0.1620974374402317,-5.720802221150876,0.0,-1,-0.0003541327289467988
705.7,-0.4834087847166302,-0.08599336657318951,-6.073832784971231,0.0,-1,-0.002692362193566833
703.8,-0.6493993837966627,-0.08399465521774074,-8.844662357692755,0.0,-1,-0.0049730036942313705
700.3,-0.9699447346869192,-0.1348466687026657,-13.550625462715587,0.0,-1,0.006211623589890136
704.65,-0.6868886822414879,0.04940312791425516,-4.884055506462474,0.0,-1,0.0012772298304122298
705.55,-0.4131199324986028,0.10772395921904676,-3.2157397018793077,0.0,-1,-0.0030472680887251302
703.4,-0.4209755632523411,0.03328944282176949,-6.708644095967173,0.0,-1,0.0031276656241114864
705.6,-0.20648874835808328,0.08259208590534245,-2.271593486296844,0.0,-1,0.006306689342403526
710.05,0.2887953881188423,0.19262540746075607,5.54565864701587,0.0,-1,-7.041757622694433e-05
710.0,0.5082045073473864,0.13734484222976673,5.442145409609701,0.0,-1,0.012887323943661988
719.15,1.3380586913493744,0.3223996754105849,17.686550164639016,-1.5380255442121324,-1,0.0050754362789404706
722.8,1.9456475590712898,0.3099961810441667,21.194965971502867,-2.8075104798102757,-1,-0.0011068068622024363
722.0,2.02063802967632,0.12832888388306563,19.36097359449225,0.0,-1,-0.0013157894736842701
721.05,1.8105800958391,-0.027243016651384844,17.08095400368221,0.0,-1,-6.934331877117561e-05
721.0,1.5505027876006352,-0.09577344162994983,16.952249879553307,0.0,-1,-0.00554785020804438
717.0,0.95792223451474,-0.2294513315719484,7.197468925628527,0.0,-1,0.001882845188284632
718.35,0.6943051050955091,-0.16435615366372647,9.41490050704963,0.0,-1,-0.0018793067446231104
717.0,0.3921377816279801,-0.15550782571041855,6.180992404809793,0.0,-1,-0.0027196652719665426
715.05,0.04587597142517552,-0.16725654530440773,1.6675442923318897,0.0,-1,0.0004894762604013003
715.4,-0.1019112646282565,-0.10501459378594662,2.4297037223885454,0.0,-1,0.0025859658932065877
717.25,-0.013145610602691704,-0.0054163132534606065,6.461865573427929,0.0,-1,0.007598466364586942
722.7,0.4864993506270139,0.1647428826587483,15.917928399439162,0.0,-1,0.004289470042894594
725.8,0.9541135520229318,0.21078569468488884,20.031576291773007,0.0,-1,-0.0017222375310003146
724.55,1.004244523385637,0.08697222201586463,16.438811424845156,0.0,-1,-0.006969843351045446
719.5,0.5247896321181997,-0.1308275564171909,4.002592500831504,0.0,-1,0.0011813759555248105
720.35,0.31216305047462356,-0.1144847126869224,5.558349356480761,0.0,-1,0.0037481779690426986
723.05,0.4048361721132778,-0.00727053034942271,10.297773342134612,0.0,-1,-0.0009681211534471323
722.35,0.3591030519231708,-0.017667883513176552,8.500610037522208,0.0,-1,-0.0022149927320551654
720.75,0.1729779041678512,-0.06793101042283206,4.384025384903914,0.0,-1,0.004439819632327424
723.95,0.3321671716095125,0.030419419006276427,10.55257179230766,0.0,-1,-0.0022791629256165846
722.3,0.24658120769618108,-0.018388848302351657,6.198625864902986,0.0,-1,0.013983109511283454
732.4,1.0249064584314738,0.25331213414431375,20.584173809036557,-3.2531885634102764,-1,0.003959584926269688
735.3,1.5703268789299045,0.26624418488091495,23.37400912081469,-3.2792213873101446,-1,0.0031959744322045402
737.65,1.9080098492681827,0.20130905173973113,25.468813287838273,-2.592204339949035,-1,-0.00027113129532962965
737.45,1.9011838469983786,0.06482768315664234,24.911491886471453,0.0,-1,0.0004068072411689272
737.75,1.7643388586135416,-0.024005768409398165,25.21652650010759,0.0,-1,0.00487970179600139
741.35,1.8488881262034056,0.020181166393488548,28.673750430795522,0.0,-1,-0.000202333580629932
741.2,1.724588749481427,-0.03470607010949678,28.168919802845238,0.0,-1,-0.006543443065299526
736.35,1.1145566653302694,-0.21491271808688484,13.524694633640763,0.0,-1,0.007876689074489018
742.15,1.1999942344772307,-0.04315838297997443,20.794739850599257,0.0,-1,-0.0012800646769519641
741.2,1.0635468328442812,-0.059868594870974734,18.316645645239873,0.0,-1,0.0022261198057205167
742.85,1.0441942292907243,-0.02640706614151056,20.321473062117178,0.0,-1,-0.000807700074039186
742.25,0.8975017417398021,-0.057699851230810895,18.56842111963337,0.0,-1,-0.036375884136072734
715.25,-1.5006363138473944,-0.8186126356060027,-19.477064349929957,0.0,-1,-0.0016777350576722139
714.05,-2.6746523154869237,-0.6642095457485109,-20.291094709807243,0.0,-1,0.01309432112597153
723.4,-2.259605956682776,-0.08305439564812112,-7.105984113021115,0.0,-1,0.0094000552944431
730.2,-1.2971156142239124,0.2931453156035808,0.4106991089006371,0.0,-1,-0.0016433853738702098
729.0,-0.8077774751424158,0.2608278182283592,-0.8576259838805029,0.0,-1,-0.001303155006858736
728.05,-0.5749602826731461,0.16454833689920967,-1.9216639941930325,0.0,-1,0.0013735320376346838
729.05,-0.32730499621573017,0.13740120778554188,-0.639267535695673,0.0,-1,-0.004252108908853858
725.95,-0.43453526996904657,0.010056978010741846,-4.509307420358702,0.0,-1,0.001446380604724684
727.0,-0.36443913434823116,0.026717704543852416,-2.9470216521489263,0.0,-1,-0.008803301237964245
720.6,-0.8323544720088876,-0.1470658777056013,-10.595629162031578,0.0,-1,-0.00291423813488767
718.5,-1.1719492681717156,-0.16222022462280972,-12.800241285579673,0.0,-1,0.0022268615170495387
720.1,-1.1107508939055606,-0.033673950118884965,-9.960297452595782,0.0,-1,0.010831828912650998
727.9,-0.33758913228029996,0.24649593716879192,1.83725202038071,0.0,-1,-0.0038466822365709197
725.1,-0.15620915711099315,0.14262530411269958,-1.9348163332166237,0.0,-1,0.0006895600606813268
725.6,-0.010835073100452064,0.09599979604108023,-1.1956534726124914,0.0,-1,-0.002273980154354982
723.95,-0.07474510833685599,0.010696586934892102,-3.616231032088919,0.0,-1,0.014780026244906264
734.65,0.7911952997396838,0.2922123316704774,10.499908111992909,0.0,-1,0.002858504049547461
736.75,1.3332325621329346,0.2780831980212428,12.644605316454061,0.0,-1,0.0035290125551408202
739.35,1.709815146485198,0.21822192745783542,15.240866415445467,0.0,-1,0.001014404544532388
740.1,1.8181218431209345,0.10884287469785736,15.998294056465568,0.0,-1,0.004323740035130363
743.3,1.9874317045120051,0.09271757869630926,19.181932995376627,0.0,-1,-0.0008072110856988113
742.7,1.8564673264983185,-0.012748933105792393,17.858248418405978,0.0,-1,0.0014810825366904368
743.8,1.7279461936165035,-0.0470900219958692,19.06399214495505,0.0,-1,0.010419467598816956
751.55,2.165523444374344,0.13016240958732395,26.086536117232413,-1.3794566409574145,-1,-0.0013971126338898632
750.5,2.1163517827219493,0.026996915978309666,23.572392043459317,0.0,-1,-0.00572951365756158
746.2,1.557069970002317,-0.17742829891377432,13.956228497957099,0.0,-1,-0.00046904315197005
745.85,1.1185065661422868,-0.20533056759126822,13.209051799671613,0.0,-1,-6.703760809823045e-05
745.8,0.8018493170337706,-0.17399593889992815,13.092054834501418,0.0,-1,0.0008715473317244538
746.45,0.6308665827266395,-0.11499289106901978,14.053129762678608,0.0,-1,-0.00535869783642573
742.45,0.1594696670125586,-0.19546326892770027,4.372174590083425,0.0,-1,0.006936494040002739
747.6,0.33964873690456443,-0.005094733011898167,12.483700758545304,0.0,-1,-0.0048154093097914075
744.0,0.10143421044188017,-0.08110308649152748,4.902811547181308,0.0,-1,-0.0067876344086020834
738.95,-0.4469592369930524,-0.20983217797548676,-3.828403172649388,0.0,-1,-0.0010826172271467538
738.15,-0.7505760242944461,-0.17114965509229352,-5.085652122233078,0.0,-1,0.0007451060082639405
738.7,-0.79400308258721,-0.07152557112835245,-3.9631836701234846,0.0,-1,-0.015770948964397014
727.05,-1.720383021518046,-0.3326351700197294,-18.88510427322614,3.7099246890649056,-1,0.003713637301423711
729.75,-1.8152077391903276,-0.14248662923067035,-13.578405866900532,0.0,-1,-0.008427543679342175
723.6,-2.223852786427301,-0.18371055882254783,-19.520914948197003,3.0464919216900626,-1,0.001520176893311298
724.7,-2.1511875778435297,-0.03701511674625868,-17.337467505641357,0.0,-1,-0.004415620256657982
721.5,-2.202256008731297,-0.029361182544675124,-20.347702472940593,0.0,-1,0.005197505197505281
725.25,-1.7317688901142674,0.14704197869078484,-12.810323501910261,0.0,-1,0.0037917959324371697
728.0,-1.1230445899628876,0.2519220929473882,-7.767081836520049,0.0,-1,-0.005494505494505475
724.0,-1.0584287240569665,0.10551265295110301,-12.618020984046844,0.0,-1,0.0013121546961325503
724.95,-0.8587517307659027,0.10172988208072231,-10.775862579852252,0.0,-1,0.0013794054762397145
725.95,-0.6040172565565172,0.11882145209670258,-8.754237063690802,0.0,-1,-0.001377505337833207
724.95,-0.5096485814054859,0.0710633757492446,-10.224329290290598,0.0,-1,-0.007517759845506622
719.5,-0.8741601953795453,-0.09781607940827164,-17.28527011087825,0.0,-1,-0.004239054899235484
716.45,-1.2377359860848856,-0.15379729003787057,-20.537461197061052,0.0,-1,-0.005443506176285973
712.55,-1.6413792159304421,-0.18581350662780904,-24.183728435306683,0.0,-1,0.0032278436600940985
714.85,-1.5147525628590301,-0.019728951185465693,-18.61900643677943,0.0,-1,0.002238231796880541
716.45,-1.191876522751727,0.10104902964061258,-14.85845893834285,0.0,-1,-0.01947100286133019
702.5,-2.093615459135549,-0.2668966355810698,-27.045278785917496,3.4818248601216055,-1,0.000284697508896814
702.7,-2.3533503057327607,-0.17554382739276075,-26.62199045432388,0.5718604483699892,-1,0.002775010673117917
704.65,-2.1246052035536422,0.017733758262119093,-22.317742958862958,0.0,-1,0.004328389980841729
707.7,-1.5790155521679026,0.1877744698826196,-15.885581902876403,0.0,-1,-0.006358626536668077
703.2,-1.5496360971277454,0.0723846416409255,-20.226766167869105,0.0,-1,0.0068259385665527805
708.0,-1.005810028180349,0.20540357019610722,-11.023286446477393,0.0,-1,0.0028248587570620654
710.0,-0.483412824691527,0.2426002578949764,-7.532609096712399,0.0,-1,0.004929577464788837
713.5,0.10973684577709264,0.278583309454532,-1.773954960591844,0.0,-1,0.010161177295024526
720.75,1.0013336105299686,0.3900600247358027,7.920165314986917,0.0,-1,-0.00624349635796051
716.25,0.988687525362252,0.1258046465226954,1.2962512732192977,0.0,-1,0.0002792321116928953
716.45,0.9166405223314769,0.017919214497306712,1.5697633197846415,0.0,-1,-0.001116616651545943
715.65,0.7375636439552409,-0.05371922129297646,0.3139644454303152,0.0,-1,0.0034933277440090116
718.15,0.794894901104044,0.0012040119519421966,4.1875732649925865,0.0,-1,0.0021583234700273124
719.7,0.8864859545864192,0.03093168847810579,6.522611749341003,0.0,-1,-0.0036126163679310874
717.1,0.6417409851121647,-0.07127109366538287,1.6189649879102888,0.0,-1,0.009552363687072907
723.95,1.0367234182823495,0.10790377983493393,11.417515956699717,0.0,-1,0.006215898888044746
728.45,1.5228210166771987,0.19800045940992783,16.386622282942156,-0.3968475930217892,-1,0.013384583705127406
738.2,2.4514680644848568,0.3755491690725288,24.341995709294977,-5.177933652756678,-1,0.004741262530479462
741.7,3.003169249681605,0.30908345142309246,26.555173749253527,-3.73222584613643,-1,-0.0003370635027639679
741.45,3.007922404806436,0.10461220218264122,26.03465721895897,0.0,-1,0.0024951109312831843
743.3,2.913805448635003,0.003498415337069183,27.30350073914603,0.0,-1,-0.0057850127808420915
739.0,2.26559651649643,-0.2149035056005011,18.004876558589856,0.0,-1,-0.005142083897158312
735.2,1.4360256740524164,-0.34815811601483837,10.82119438500171,0.0,-1,6.800870511414203e-05
735.25,0.9057381133260378,-0.29281522558040574,10.881607600282464,0.0,-1,-0.005100306018361089
731.5,0.25261615685235483,-0.3153123940180296,3.9491939006900765,0.0,-1,-0.0034176349965823194
729.0,-0.3033295011222208,-0.29041935066420177,-0.2472523227169816,0.0,-1,-0.0030864197530864335
726.75,-0.7435248716826663,-0.2435382404082158,-3.8379726183205847,0.0,-1,-0.002407980736154114
725.0,-1.047495484322667,-0.18250295101607217,-6.5480799962684415,0.0,-1,-0.008620689655172376
718.75,-1.6330228336157688,-0.25601010010305814,-14.758348122964819,0.0,-1,0.0032695652173913015
721.1,-1.5938679387943466,-0.07228506842721205,-10.020376858202809,0.0,-1,-0.0025655248925253726
719.25,-1.5956348298174134,-0.02468398648342629,-12.425051955107733,0.0,-1,-0.0031977754605491127
716.95,-1.655215372844168,-0.02808817650339357,-15.307533194459573,0.0,-1,0.0020921961085151874
718.45,-1.4220710299538268,0.06835205546231582,-11.868333210410157,0.0,-1,0.0038276845987890162
721.2,-0.9578262726791991,0.1775322709123146,-5.874474177948223,0.0,-1,-0.0016638935108154174
720.0,-0.7458850379853175,0.12982450186873207,-7.854171289171518,0.0,-1,0.004166666666666652
723.0,-0.32775733413961916,0.18265073523814346,-1.4430621915244686,0.0,-1,-0.0073305670816044
717.7,-0.533047037705046,-0.007546322775761172,-10.118347076308005,0.0,-1,-0.008708373972411865
711.45,-1.112104636345748,-0.1955346404721544,-17.68350988863547,0.0,-1,-0.0017569751915103016
710.2,-1.4131247159705254,-0.16551824003231053,-18.99065905914849,0.0,-1,-0.000422416220782984
709.9,-1.4708743627853664,-0.0744226289490506,-19.321563744778786,0.0,-1,0.0009156219185799674
710.55,-1.3230096559606181,0.02448069262523256,-17.58531355469701,0.0,-1,0.0005629441981565009
710.95,-1.1054931645516035,0.0806657280114158,-16.44735671636586,0.0,-1,-0.001336240241929909
710.0,-0.9837771551343621,0.06746057914288572,-17.87474190824077,0.0,-1,-0.012112676056338034
701.4,-1.5576043874979177,-0.16878888440688988,-27.501814973377872,1.086337706047857,-1,0.0006415739948675281
701.85,-1.6772176380549126,-0.09613404498796152,-26.17463572756431,0.0,-1,-0.016883949561872225
690.0,-2.584756126828779,-0.3345575112539425,-34.12753416821846,6.149651070747723,-1,0.007246376811594235
695.0,-2.406462360646742,-0.05208791502396837,-22.743657886755763,0.0,-1,0.04194244604316544
724.15,0.3123897191649121,0.8889213882625621,11.235484494282723,0.0,-1,-0.010218877304425833
716.75,1.02911661580697,0.5352160949682068,4.106649386390181,0.0,-1,-0.0017439832577607062
715.5,1.197553679477437,0.23455105287955802,2.949699116893022,0.0,-1,-0.00663871418588402
710.75,0.7861427380228179,-0.0589532961916871,-1.4348956796100225,0.0,-1,-0.008090045726345418
705.0,0.035758705793682566,-0.2697791094736075,-6.301885031610851,0.0,-1,0.006879432624113502
709.85,0.061753464196272034,-0.08126145035700602,-1.467914226723309,0.0,-1,-0.00014087483271119083
709.75,0.06127138804788501,-0.027247842168464348,-1.5631877865303423,0.0,-1,-0.0012680521310319826
708.85,-0.019075599030202284,-0.03586494308218388,-2.4957459725346993,0.0,-1,-0.0006348310644000987
708.4,-0.09515945931673286,-0.03731626778957149,-2.998481720445973,0.0,-1,0.001129305477131748
709.2,-0.05860476785028368,-0.0002538587743741022,-1.9132549739358993,0.0,-1,-0.006133671742808877
704.85,-0.39794369146295594,-0.11319759412901548,-7.207255301407827,0.0,-1,0.007235582038731758
709.95,-0.10945117898063472,0.05843163945110191,-0.03189165242822867,0.0,-1,0.0023241073315021232
711.6,0.18141600884223408,0.11643294242465692,2.1266378659375746,0.0,-1,0.001897133220910563
712.95,0.4242316020169028,0.1197495118664419,3.933414264606064,0.0,-1,-0.0009818360333825327
712.25,0.45195343176942515,0.0491571138729881,2.785661854598807,0.0,-1,-0.0014742014742014087
711.2,0.34065156066492364,-0.020714919077171157,0.977579293051356,0.0,-1,0.0004218222722158771
711.5,0.28161299505734405,-0.026584494894916932,1.5049177363285509,0.0,-1,0.007870695713281917
717.1,0.6952926293320161,0.129031713126585,10.351003455323557,0.0,-1,-0.00027890112954964685
716.9,0.8275247273583091,0.0870879370509593,9.9172878495134,0.0,-1,-0.0063467708188030825
712.35,0.4455137157582385,-0.09830769151637042,0.706027944171673,0.0,-1,-0.0012634238787112562
711.45,0.14238206697837086,-0.13381311343207936,-0.9512060238192035,0.0,-1,0.0007730690842644439
712.0,0.024784403673606903,-0.08380359224561444,0.15496881964255493,0.0,-1,-0.004985955056179714
708.45,-0.3319131282850094,-0.1468337080680769,-6.602138179701633,0.0,-1,-0.00014115322182228773
708.35,-0.49093580024043604,-0.10195212667450115,-6.784366909683612,0.0,-1,-0.007199830592221401
703.25,-0.9545358195314293,-0.1885173819884982,-15.090823293663092,0.6700874537683603,-1,0.009598293636686739
710.0,-0.5442911775493258,0.0739090866645351,-0.7467053303336542,0.0,-1,-0.0028169014084507005
708.0,-0.46047792509591545,0.05257411303931514,-4.078325715154378,0.0,-1,0.0028954802259886225
710.05,-0.20936480511113587,0.10122907767469824,-0.21025829370136506,0.0,-1,-0.00901344975705931
703.65,-0.5996945113595302,-0.09636687619123208,-10.108074789039584,0.0,-1,0.0024159738506359663
705.35,-0.6032181552037628,-0.03329684001182154,-6.776898421208216,0.0,-1,0.0002126603813710215
705.5,-0.5422117975256242,0.00923650588877234,-6.470078869338934,0.0,-1,0.0071580439404677065
710.55,-0.04569096889269986,0.16858577817389891,3.025676373824517,0.0,-1,-0.001055520371543217
709.8,0.14387702616477327,0.11938459107712403,1.594022982708232,0.0,-1,-0.004226542688081203
706.8,-0.023328728486831096,-0.015940387858160113,-3.933770598608241,0.0,-1,-0.009974533106960837
699.75,-0.6924875451054504,-0.22836640149225984,-14.003866945767633,0.7701582643326219,-1,0.0011432654519469843
700.55,-0.902692991322624,-0.14619061590314453,-12.28711504679837,0.0,-1,-0.0009278424095353621
699.9,-0.9867379651542478,-0.07674519657825607,-13.178737222618139,0.0,-1,0.0007858265466496039
700.45,-0.9006989549739046,0.0030979378673623437,-11.804944692209254,0.0,-1,-0.012777500178456802
691.5,-1.5284545369693205,-0.20821921470935112,-22.58384744714117,3.621949170588323,-1,-0.0039045553145337086
688.8,-1.9399611165528086,-0.2065752647642798,-24.95314114089533,3.153748230064366,-1,0.0033391405342626523
691.1,-1.7923843132984985,-0.019666153836656486,-19.285814073058035,0.0,-1,-0.0013746201707424133
690.15,-1.648397218896548,0.04144031352176469,-20.315881961750165,0.0,-1,-0.0020285445193073404
688.75,-1.555703903454173,0.04471120965471331,-21.861120599488427,0.0,-1,-0.006460980036297692
684.3,-1.7505485871118935,-0.05004449133433564,-26.231019837511134,0.0,-1,0.004603244191144329
687.45,-1.439591880014632,0.08697073858764193,-17.933357842251496,0.0,-1,0.007200523674449011
692.4,-0.7516475364648159,0.25830502737915273,-7.084283188323397,0.0,-1,-0.0012998266897746857
691.5,-0.42003806998445725,0.19663816461983719,-8.425597125777983,0.0,-1,0.0023861171366594824
693.15,-0.08173016424564139,0.17831535678621768,-4.928477009190431,0.0,-1,-0.000721344586308903
692.65,0.052567968977655255,0.10420449666983812,-5.818882113058933,0.0,-1,0.0033927669096947
695.0,0.311169704841177,0.1209354108444533,-0.5987603559644654,0.0,-1,7.194244604313837e-05
695.05,0.4187064307027413,0.07615737890200586,-0.48714089830076546,0.0,-1,-0.002517804474498231
693.3,0.29174925774157145,-0.016933264686388005,-4.399138778928162,0.0,-1,-0.010601471224577996
685.95,-0.40854176688412736,-0.23907476310402898,-16.6833797115916,0.0,-1,0.001093374152635107
686.7,-0.662142131956557,-0.16422504272548621,-14.70705487175438,0.0,-1,0.006917139944662809
691.45,-0.3379304701630872,0.053328873022661205,-3.5406323030281044,0.0,-1,0.0009400535107382257
692.1,-0.09349710008609691,0.09925408103321717,-2.1717224848939196,0.0,-1,-0.0016616095939893105
690.95,-0.059322323373748986,0.044476285915188374,-4.460590306438732,0.0,-1,-0.0010130979086765413
690.25,-0.09562474140307131,0.0027246226286220115,-5.888324042976514,0.0,-1,-0.0031872509960160222
688.05,-0.2891405553008326,-0.06359706375637975,-10.2411903617854,0.0,-1,-0.005159508756630959
684.5,-0.6576367493080397,-0.14403108592119562,-16.218010148482037,0.0,-1,-0.00876552227903582
678.5,-1.2870817838693256,-0.25782537349416046,-23.655242917332973,2.8368623361208165,-1,-0.009948415622697104
671.75,-2.0570474858275247,-0.3425970251507866,-29.34056014400022,5.452183286962963,-1,-0.0031261630070711366
669.65,-2.4456097129876753,-0.2437197507703126,-30.77474651462179,3.7866310715356803,-1,0.007242589412379541
674.5,-2.0319233504853855,0.056655537243992526,-18.56111400086044,0.0,-1,0.006523350630096347
678.9,-1.2890865566937464,0.2664974436785439,-9.493243303467565,0.0,-1,-0.0005155398438650982
678.55,-0.8394109467402586,0.23872435121067714,-9.961280629867424,0.0,-1,-0.011347726770318922
670.85,-1.186288896201745,-0.03605119941693635,-18.77937563990618,0.0,-1,0.006335246329283839
675.1,-0.9067037962489621,0.08117796684528222,-10.594974651409991,0.0,-1,-0.0060731743445415765
671.0,-1.0330192632519584,-0.015045833385904706,-15.05253076098726,0.0,-1,0.0039493293591654766
673.65,-0.7892587248157952,0.07623823501675286,-10.164800858066648,0.0,-1,0.000519557633786194
674.0,-0.5724402285296719,0.09768557710095871,-9.508651404867862,0.0,-1,0.002002967359050478
675.35,-0.3038276280091168,0.12209939254050461,-6.851446639614004,0.0,-1,-0.0014066780188051187
674.4,-0.22336902541474046,0.067519331711627,-8.307088270815136,0.0,-1,0.016978054567022616
685.85,0.7896410280002328,0.36017646170886686,9.837535133135056,0.0,-1,-0.005176058905008496
682.3,0.9345093023745221,0.16834824536105208,4.043869853207447,0.0,-1,0.001978601788069856
683.65,1.041567664363697,0.09180220245007564,5.850096999665325,0.0,-1,0.004753894536678072
686.9,1.279132873327967,0.10978913713811522,10.050118319440273,0.0,-1,0.003712330761391769
689.45,1.5038210716994627,0.11149244516987022,13.109610137650243,0.0,-1,0.000870258902023302
690.05,1.5408467482435526,0.04950604057132013,13.833722839191353,0.0,-1,-0.006811100644880663
685.35,1.0392890241620307,-0.15068389450340058,4.51945862417741,0.0,-1,0.010359670241482544
692.45,1.293569410107807,0.03453216381412516,13.46696661224972,0.0,-1,-0.0025272582857968073
690.7,1.1670788189049972,-0.030652809129561476,10.222293493885182,0.0,-1,-0.001013464601129388
690.0,0.9482436217282384,-0.08316266876877343,8.884341552880315,0.0,-1,-0.009855072463768044
683.2,0.19313905466242431,-0.27942241194486256,-2.5050182122031615,0.0,-1,0.007977166276346592
688.65,0.2536585165744327,-0.0729676500109514,5.209828386964823,0.0,-1,-0.003775502795324237
686.05,0.046113371149203886,-0.09350426514539342,1.2204587179942976,0.0,-1,0.0041542161650025555
688.9,0.17599801750748156,0.012126793737628094,5.166148488898038,0.0,-1,0.0001451589490493177
689.0,0.23460717256102726,0.023578649597057938,5.307089211938575,0.0,-1,-0.002177068214804012
687.5,0.11936115237438116,-0.030555790196529375,2.5536103164386574,0.0,-1,0.0027636363636363015
689.4,0.21012471291646762,0.020069256781852368,5.6604046714104825,0.0,-1,0.00014505366985795298
689.5,0.24632943377787342,0.018757992547752733,5.829544196320889,0.0,-1,-0.006598984771573502
684.95,-0.13526232527294724,-0.12094458883435599,-3.1965547764207543,0.0,-1,-0.002992919191181942
682.9,-0.4856196776922843,-0.1571006470845644,-6.7009593477262115,0.0,-1,-0.0020500805388782295
681.5,-0.736996714094289,-0.13615922782885637,-9.028767116120711,0.0,-1,0.004108584005869442
684.3,-0.5679355061207616,0.010967326714890313,-2.7292414586864524,0.0,-1,-0.0016074820984947058
683.2,-0.527743609957156,0.017053074292831982,-4.833285292744023,0.0,-1,0.0010245901639343025
683.9,-0.40533569437900496,0.046486996623661014,-3.1602239702337513,0.0,-1,0.001389091972510581
684.85,-0.23118709539176052,0.0735451985369685,-0.8219161429606459,0.0,-1,0.00014601737606767529
684.95,-0.116513871282109,0.06273947421554002,-0.5617976239311062,0.0,-1,-0.006204832469523303
680.7,-0.4036344366203366,-0.07479369704089589,-10.184888629328682,0.0,-1,0.0010283531658585865
681.4,-0.45522518290442804,-0.042128147774995794,-8.114724837380756,0.0,-1,0.010126210742588793
688.3,0.13191487586220774,0.1816706369972133,7.787738640215856,0.0,-1,-0.01002469853261656
681.4,-0.16050800107632313,-0.03691741331377252,-5.685727505242134,0.0,-1,0.007998238919870948
686.85,0.16082289387736637,0.09480449387997233,3.773208526382824,0.0,-1,-0.04622552231200405
655.1,-2.337746899802255,-0.8012550999332164,-24.38785524971157,13.975715151197392,-1,-0.017478247595786978
643.65,-4.346386221658463,-0.9366314739298081,-28.830257906932342,14.875710088453047,-1,0.023226909034413268
658.6,-3.742673697448481,-0.1109729832399422,-12.981997473619685,0.0,-1,-0.005314303067112003
655.1,-3.4205946272227266,0.0703686956619376,-14.821700956567184,0.0,-1,0.004961074645092323
658.35,-2.7036722065079175,0.26243037212558207,-11.660066570775037,0.0,-1,-0.004253056884635953
655.55,-2.3532383122748115,0.2042880887862295,-13.370305097449553,0.0,-1,-0.0041949508046678075
652.8,-2.211084839135424,0.11548052064187253,-15.070616266125604,0.0,-1,-0.0008425245098038214
652.25,-2.001584365971098,0.10832699793539957,-15.427245202598563,0.0,-1,0.00045994633959356435
652.55,-1.7050354322246903,0.13495864389393586,-15.024879212448724,0.0,-1,0.008351850432917196
658.0,-0.9605080126660823,0.2931620211508479,-7.844352056650749,0.0,-1,-0.003039513677811523
656.0,-0.6748686351646711,0.19293379955075307,-9.660688273929033,0.0,-1,-0.017225609756097437
644.7,-1.417476560150135,-0.18322470847823702,-18.248938062809756,0.0,-1,0.00023266635644492162
644.85,-1.6581574759636624,-0.14130187476392142,-18.03529893959816,0.0,-1,0.0013181360006202514
645.7,-1.569484810873405,-0.01754306989122134,-16.720292179615015,0.0,-1,-0.006969180734087033
641.2,-1.7693580774222255,-0.0724721121466807,-20.117778011623027,0.0,-1,-0.0012476606363069909
640.4,-1.7885148709113992,-0.03054296854528471,-20.708462120474614,0.0,-1,-0.0003903810118676132
640.15,-1.6698836950801024,0.0293627357620041,-20.908136093305806,0.0,-1,0.00046864016246206397
640.45,-1.446411132574326,0.08427843275592672,-20.269454202898434,0.0,-1,-0.004215785775626535
637.75,-1.4391405902736096,0.03051632501888113,-22.726064882492707,0.0,-1,-0.006428851430811511
633.65,-1.6572436032671476,-0.0625288959915522,-26.063222500709283,0.0,-1,-0.00031563165785519764
633.45,-1.6448581428250009,-0.016714478516468567,-26.2209210054722,0.0,-1,0.009866603520404027
639.7,-0.9807605673685202,0.21579436564667076,-12.031047608448134,0.0,-1,-0.0003908081913397421
639.45,-0.5878150656928938,0.20291328910743245,-12.342629209771808,0.0,-1,-0.009539447963093362
633.35,-0.8506910593806651,-0.01998756819344627,-19.19591471049217,0.0,-1,0.002605194600141969
635.0,-0.7737381346095162,0.018988452192567506,-15.607411548943801,0.0,-1,0.01716535433070865
645.9,0.23754983899345916,0.3434254752651809,2.4809935113751536,0.0,-1,-0.001083759095835135
645.2,0.6650646725455545,0.25698010293909207,1.4684413152249647,0.0,-1,0.004959702417854928
648.4,1.0900666999427813,0.2273273767787729,5.800026046984556,0.0,-1,0.0020820481184453676
649.75,1.3242288219795455,0.15382983293851238,7.574975371569835,0.0,-1,-0.0016160061562138228
648.7,1.2434574811662742,0.024352830708413764,5.643920186709138,0.0,-1,0.0032372437182055513
650.8,1.2744503539958032,0.018448567845980923,8.72059660139535,0.0,-1,-0.0013829133374307911
649.9,1.1087425942442906,-0.04908639730184383,6.843066661316996,0.0,-1,-0.009924603785197661
643.45,0.3959934981813831,-0.2539451644549171,-4.69254813335094,0.0,-1,-0.002875126272437689
641.6,-0.14754717469838852,-0.26582861244489625,-7.444783397654788,0.0,-1,0.005610972568578676
645.2,-0.10702191324685373,-0.07510111699778718,-0.7757821001845713,0.0,-1,0.0
645.2,-0.0778407897504394,-0.015306664500457617,-0.7757821001845642,0.0,-1,0.001394916305021754
646.1,0.018236504477044946,0.026923543242342245,0.9806553806512852,0.0,-1,-0.002785946447918408
644.3,-0.08524455711574319,-0.025519172783481973,-2.6585387194314336,0.0,-1,-0.0017848828185627053
643.15,-0.22571470815239536,-0.055329774606711374,-4.941804291952806,0.0,-1,-0.004664541708777059
640.15,-0.5271402246580692,-0.11891843037079508,-10.468203182745071,0.0,-1,-0.0032023744434896972
638.1,-0.8047579641894345,-0.1321787233007201,-13.835922725739366,0.0,-1,-0.0016455101081336299
637.05,-0.964003670272632,-0.09714147646130589,-15.508162770357643,0.0,-1,-0.0011773016246762191
636.3,-1.0257928841248258,-0.05297689677116657,-16.72915938353627,0.0,-1,0.0012572685840013254
637.1,-0.904538084040496,0.02275930110438773,-14.042262427143896,0.0,-1,-0.0008632867681683809
636.55,-0.8143658436616761,0.037643847161069166,-15.115265516461825,0.0,-1,-0.000471290550624337
636.25,-0.7264159031670943,0.04186459588521696,-15.734957593041095,0.0,-1,0.0129666011787819
644.5,0.06559372567744504,0.27795807490991875,7.39211566234674,0.0,-1,-0.0037238169123351428
642.1,0.2561323962931965,0.1561655818418901,1.531880261082165,0.0,-1,7.786949073351757e-05
642.15,0.3342240319100256,0.0780857391529064,1.64617071383595,0.0,-1,0.0
642.15,0.3454178470592524,0.029759851434044415,1.6461707138359358,0.0,-1,-0.0022580393988942404
640.7,0.20139660071231447,-0.038087131637631166,-2.37456660475506,0.0,-1,0.0021070703917589473
642.05,0.22510292747938365,-0.00479360162352066,1.5290933082778153,0.0,-1,-0.0006230044389066158
641.65,0.18486418023974238,-0.01501078295438732,0.2949665474267533,0.0,-1,-0.0008571651211719544
641.1,0.10350612493323297,-0.03212294608696559,-1.4803867378990248,0.0,-1,-0.005303384807362366
637.7,-0.22913174646441803,-0.12158693916153887,-10.94864490723905,0.0,-1,-0.00039203387172648263
637.45,-0.3971897032912466,-0.09654829866278919,-11.561472186056484,0.0,-1,-0.0022746882108400923
636.0,-0.568952873097146,-0.08943715615622955,-15.091799154873101,0.0,-1,-0.004245283018867951
633.3,-0.8324217185752332,-0.11763533387810554,-20.665893350608584,0.0,-1,0.00015790304752894002
633.4,-0.8864543314330149,-0.05722264891196238,-20.20456946192038,0.0,-1,0.002210293653299722
634.8,-0.7229327769092606,0.035432968537263965,-13.7325080935558,0.0,-1,0.0026780088216762366
636.5,-0.4392609349048371,0.1063682701805625,-6.68228338079404,0.0,-1,-0.0014925373134329067
635.55,-0.3399866026605878,0.06854753414160392,-9.466411270649424,0.0,-1,-0.0009440641963651686
634.95,-0.31201721965010165,0.03217230571736335,-11.215712410637238,0.0,-1,0.0016536735175998185
636.0,-0.1845310931739732,0.05321947739783062,-6.476432927985819,0.0,-1,-0.0014150943396226134
635.1,-0.1804104388380665,0.019113377244579094,-9.465174863044027,0.0,-1,0.0005510943158557602
635.45,-0.13414924176697696,0.02179152477188956,-7.751569731107303,0.0,-1,-0.002596585097175419
633.8,-0.23733953975079203,-0.02713292440397516,-13.292428689325106,0.0,-1,0.0010255601136006653
