close,MACD,MACDandSIG,RSI,Bollinger,Fibonacci,Percent
684.7,1.308084405570412,-0.3647380603738073,8.803603374846979,0.0,-1,-0.01161092449247847
676.75,0.030516483840415276,-0.5474353273679348,-1.2470307314039388,0.0,-1,0.001034355374953888
677.45,-0.552477184011309,-0.3768096650732198,-0.4041918138898737,0.0,-1,7.380618495833602e-05
677.5,-0.7937675859361661,-0.20603335566602565,-0.3384857463982982,0.0,-1,-0.0042066420664207405
674.65,-1.0857654880705923,-0.16601041926681726,-4.125867082327922,0.0,-1,-0.0019269250722596665
673.35,-1.2496173151318999,-0.10995408210937496,-5.8330212857689006,0.0,-1,0.0005940447018637496
673.75,-1.1940751190683159,-0.018137295348596982,-5.131598934456875,0.0,-1,0.003191094619666046
675.9,-0.8876310944474426,0.09610224309075877,-1.283863802199015,0.0,-1,-0.008951028258618043
669.85,-1.1646064909331244,-0.060291051131641016,-10.0101385942558,0.0,-1,0.008210793461222554
675.35,-0.7477103149315099,0.11886837495665781,-0.8158156283433442,0.0,-1,-0.007255497149626033
670.45,-0.8852863673531601,-0.006235892488330785,-7.292984615158986,0.0,-1,-0.002908494294876607
668.5,-1.0428005296179208,-0.05458335158436378,-9.643020173242448,0.0,-1,0.006133133881825126
672.6,-0.692990899948768,0.09840875936159632,-2.8491124178802707,0.0,-1,-0.0007433838834374207
672.1,-0.5020035101184703,0.09646538306396468,-3.565819087946693,0.0,-1,0.008852849278381036
678.05,0.13115714397326883,0.2432086790519013,5.398296915454047,0.0,-1,-0.0010323722439347094
677.35,0.3784743756880289,0.16350863692222048,4.212373338630705,0.0,-1,-0.0020668782756328996
675.95,0.3539267935713042,0.046320351601831955,1.7505182851422916,0.0,-1,-0.0031807086322954703
673.8,0.13299243638209646,-0.05820466852912526,-1.9711221657533855,0.0,-1,-0.001929355891955975
672.5,-0.09689077857774464,-0.09602929449632212,-4.184689450036245,0.0,-1,-0.001784386617100453
671.3,-0.3037581545095236,-0.10096555680936703,-6.252628053979429,0.0,-1,0.002308952778191653
672.85,-0.25271199626627094,-0.016639799522038118,-2.8303267305489044,0.0,-1,-0.024150999479824575
656.6,-1.5602962507891789,-0.441408018014982,-22.39420217056345,6.978888634143686,-1,-0.00030459945172101044
656.4,-2.1007303571515195,-0.32728070812577426,-22.54989554923724,3.8041978275197152,-1,0.0019804996953078913
657.7,-2.087553213903334,-0.1047011882925295,-19.710418408096714,0.21987296584063643,-1,-0.00030409001064324315
657.5,-1.9236685411206054,0.019727828163399685,-19.91171809926144,0.0,-1,-0.0065399239543725285
653.2,-2.039753826302558,-0.032119152339517676,-24.034107719584597,0.0,-1,-0.013854868340477777
644.15,-2.681983650035022,-0.22478299202399388,-30.334792954606883,4.153462019282642,1,0.007839788869052455
649.2,-2.3587665910649775,0.03281135564868354,-19.829172262813778,0.0,1,0.00608441158348727
653.15,-1.6714275123246125,0.24005014479634945,-12.702804781237582,0.0,-1,0.004133813059787217
655.85,-0.9634723469273467,0.31600177006453833,-8.192339964029244,0.0,-1,0.0008386063886558492
656.4,-0.4833720686514198,0.26536734944682183,-7.26006803578791,0.0,-1,0.0003046922608167524
656.6,-0.18637425712586264,0.18745505365745968,-6.891810756786242,0.0,-1,-0.000989948218093173
655.95,-0.07651082993595537,0.09910616028245567,-7.870239763179718,0.0,-1,0.0014482811189875378
656.9,0.06396345282041693,0.07986014767960933,-5.813056034365964,0.0,-1,-0.0011417262901507463
656.15,0.06637030646345465,0.027422333774215685,-7.149255576770116,0.0,-1,0.026746932865960638
673.7,1.5245428744131004,0.49519830057462055,18.00569216983,0.0,-1,0.01194893869674929
681.75,2.797417252186847,0.5893575594494558,23.867924169006983,-1.3094173289953233,-1,-0.001906857352401814
680.45,3.092403003391496,0.29478110355136833,21.51665453179386,0.0,-1,0.0008082886325224692
681.0,3.028028962044459,0.07680235406811065,21.9365721403055,0.0,-1,0.0011013215859030367
681.75,2.806006194533893,-0.048406804480818355,22.549734798198074,0.0,-1,0.01166116611661172
689.7,3.1236609612341226,0.0897493207398039,28.16789323767975,-0.6034961837291348,-1,-0.005437146585471897
685.95,2.7096832644814413,-0.10807612533762567,20.595296431892066,0.0,-1,0.001822290254391623
687.2,2.381054144064933,-0.1455684152513781,21.61379403720487,0.0,-1,-0.0029831199068685033
685.15,1.847485071851338,-0.22637916248832424,17.362116953519447,0.0,-1,-0.0024812084944901835
683.45,1.2850767797568778,-0.2629291515275949,13.868289710530469,0.0,-1,0.0012436901016898982
684.3,0.9676162353965765,-0.19346323196263215,14.880252581638473,0.0,-1,-0.003507233669443166
681.9,0.5282512769333607,-0.2109427301419493,9.639874886234558,0.0,-1,0.00146649068778415
682.9,0.34788119129063944,-0.1304376052615569,11.09468154741684,0.0,-1,-0.00263581783570066
681.1,0.07870604919503421,-0.13320424911905407,6.9864547408607365,0.0,-1,-0.0042578182352077665
678.2,-0.30410702595236216,-0.1720057747554835,0.8637619627568611,0.0,-1,0.0009584193453258116
678.85,-0.41600464469672715,-0.0946344644999495,2.1442565458788394,0.0,-1,0.0019886572880607467
680.2,-0.32478640034412365,-0.0011387400491153499,4.858977158221144,0.0,-1,0.010805645398412
687.55,0.3603882551941524,0.2280119718297203,16.39203263109127,0.0,-1,0.013889898916442434
697.1,1.4687765616971546,0.44546675944424097,25.447977683410244,0.0,-1,-0.0015062401377134993
696.05,1.813072668140535,0.2632542886292071,23.043522650165954,-0.8614482927218887,-1,0.005387543998276012
699.8,2.14663133235058,0.19893765094641735,26.069837835506362,-2.2877311081012977,-1,-0.009717062017719269
693.0,1.5678580534263347,-0.12661187599260937,12.037225678108818,0.0,-1,0.0007215007215006786
693.5,1.1894832428454265,-0.16832889552450592,12.60087124918281,0.0,-1,0.002883922134102379
695.5,1.067838900651168,-0.09665774590625476,14.915997957177112,0.0,-1,-0.0028756290438533005
693.5,0.7513634878330322,-0.13771105290813013,10.738332714317743,0.0,-1,-0.006488824801730408
689.0,0.15551215743801095,-0.2445207944343838,2.320608484892226,0.0,-1,-0.015820029027576177
678.1,-1.0637061875461313,-0.48791304647284217,-11.893088524679023,0.0,-1,0.002285798554785279
679.65,-1.4555065110760097,-0.2932377900009069,-9.345750466188235,0.0,-1,0.006547487677481145
684.1,-1.1592811302513155,0.0009958636079290262,-2.458496863530904,0.0,-1,-0.008770647566145318
678.1,-1.4145616789846827,-0.08476156170847937,-9.499928519938564,0.0,-1,-0.0047190679840731775
674.9,-1.6909884801025328,-0.12039612094210983,-12.76778622598659,0.0,-1,-0.016520966069047183
663.75,-2.6174528406530726,-0.34895349383088314,-21.630106376624937,2.953344423933004,-1,0.004745762711864332
666.9,-2.600063950873846,-0.11052153468388548,-16.650178327674986,0.0,-1,0.0105713000449843
673.95,-1.7871975100780446,0.23411496870397208,-6.825722740639591,0.0,-1,0.005712589954744329
677.8,-0.9109978305069717,0.3701048827583484,-2.1604443596229927,0.0,-1,-0.0019179699026260488
676.5,-0.5053148381791743,0.25859595836204863,-3.5899463978166253,0.0,-1,0.008647450110864874
682.35,0.2271362278329434,0.3303490081247222,3.3759588059030463,0.0,-1,-0.000952590312889301
681.7,0.5202670751862115,0.20782661849266348,2.5329330032337936,0.0,-1,-0.001686959072906058
680.55,0.5276435759307105,0.07173437307905417,0.9509937195254707,0.0,-1,-0.0008081698626110079
680.0,0.4415281949753762,-0.004793669292093405,0.14850580754707465,0.0,-1,0.00389705882352942
682.65,0.5825098215831304,0.04539598577188697,4.0250750411534,0.0,-1,0.0018310993920749308
683.9,0.7086248164216613,0.05717032687013934,5.825450656147211,0.0,-1,-0.00848077204269626
678.1,0.22929691247247774,-0.14071919235968144,-3.551996317464571,0.0,-1,-0.011428992773927171
670.35,-0.67530844887483,-0.34844151790232986,-12.823532538033625,0.0,-1,-0.001790109644215776
669.15,-1.171335425475604,-0.2814894981677013,-14.057846866920059,0.0,-1,0.011581857580512667
676.9,-0.675904294986367,0.07131387744051199,-1.7325019842056903,0.0,-1,-0.012261781651647152
668.6,-1.063530038492786,-0.10543728868863567,-10.72494047359605,0.0,-1,-0.0035895901884533954
666.2,-1.3687154070382803,-0.13687421907804342,-12.943050061578596,0.0,-1,0.0012008405884118556
667.0,-1.3405818073912315,-0.036246873143664926,-11.653436266668365,0.0,-1,-0.03395802098950518
644.35,-3.1022998569517313,-0.5993216409013882,-26.682450663091497,10.419451087214952,1,-0.009234111895708885
638.4,-4.220467226985988,-0.5724963369785483,-29.076062441180163,8.884903207737352,1,-0.005795739348370854
634.7,-4.736178643087669,-0.36273591769340996,-30.46184952082507,6.195483754138763,1,-0.0065385221364425705
630.55,-4.945186130881211,-0.19058113516231767,-31.95154337423777,3.5913886509642907,1,-0.017286495916263522
619.65,-5.545924363871222,-0.2637731227174429,-35.23655665246853,5.609810141942262,1,0.0065359477124184995
623.7,-5.046633116710268,0.07850604148117046,-29.279343747787927,0.0,1,-0.005772005772005762
620.1,-4.67643473340388,0.14956814159585274,-30.617284303778288,0.0,1,0.018867924528301883
631.8,-3.1266326473004256,0.566456742566436,-15.373980849296302,0.0,1,0.0010288065843622185
632.45,-2.037012216973608,0.5520257242977511,-14.619755324600803,0.0,1,-0.006087437742114066
628.6,-1.6432843170624665,0.3152512080696308,-17.116527044891264,0.0,1,0.011056315622017143
635.55,-0.7303133406850293,0.40940739481568933,-8.794379997101352,0.0,1,0.0009440641963653906
636.15,-0.16296840743916619,0.32558410935385085,-8.103296348301186,0.0,1,-0.007545390238151262
631.35,-0.26571524019630033,0.07427909219890555,-12.066655387054332,0.0,1,-0.00372218262453472
629.0,-0.49077905322519655,-0.05026157360999689,-13.923160548250621,0.0,1,-0.012718600953895098
621.0,-1.2290793719708972,-0.2628539641185659,-19.558506642786856,0.0,1,0.004830917874396157
624.0,-1.2458062503461633,-0.09319361416461058,-15.307939785519629,0.0,1,-0.007291666666666585
619.45,-1.5295191686716407,-0.12563551083002933,-18.546914043085533,0.0,1,0.008152393252078394
624.5,-1.1230823637783942,0.09360043135440566,-11.469500672843722,0.0,1,0.0032826261008807034
626.55,-0.6554404310169275,0.18708078803862416,-8.734244452734337,0.0,1,-0.0006384167265182095
626.15,-0.4003327620514483,0.14739615233470116,-9.128540205870934,0.0,1,0.006308392557693887
630.1,0.08974880260223017,0.2124925723294599,-3.5177417048109163,0.0,1,0.017774956356133798
641.3,1.260643851378859,0.46112920703536286,8.7993898610315,-0.7654175633977047,1,0.0026508654295962497
643.0,1.8827043881523196,0.36106324793627453,10.338839916444755,-0.6539135796494975,1,0.00023328149300150258
643.15,2.0493426241929456,0.17590049465896684,10.483596789255643,0.0,1,-0.0017880743216978079
642.0,1.866049856863924,-0.0024640908900182,8.65979192635912,0.0,1,-0.013239875389408073
633.5,0.9105659851273913,-0.3193159875421836,-2.9833677524761057,0.0,1,-0.010655090765588016
626.75,-0.20555644950138685,-0.4784794740569873,-9.990437982276617,0.0,1,0.001994415636218605
628.0,-0.642321296024079,-0.3050814401932265,-8.205541565689657,0.0,1,0.00835987261146487
633.25,-0.36967694461668543,-0.010812362928610986,-1.1091664554221694,0.0,1,0.0015791551519936942
634.25,-0.11921502352834068,0.0798831860532446,0.17643171158272253,0.0,1,0.0014189988175008494
635.15,0.09095052230986767,0.0966829106304843,1.3989410314893505,0.0,1,-0.0034637487207744844
632.95,0.005120751703202586,0.0036177133412730756,-1.8124269055562365,0.0,1,-0.0003159807251758018
632.75,-0.05488752957546694,-0.01879685597913215,-2.114633209513272,0.0,1,-0.006558672461477677
628.6,-0.4261510427501207,-0.13002012305126198,-8.163808860123062,0.0,1,0.002863506204263455
630.4,-0.42627021244163643,-0.043379764247592545,-4.825997286652658,0.0,1,0.009517766497461944
636.4,0.10919272041610384,0.16402772287004927,4.784257108362112,0.0,1,-0.0027498428661218988
634.65,0.22199146014361304,0.09227548753251952,1.8394746051910857,0.0,1,0.003781611912077487
637.05,0.4598915416620457,0.1100585230169841,5.485577141238352,0.0,1,-0.008162624597755186
631.85,0.10718395394951585,-0.08088302156518193,-3.0681422647468395,0.0,1,0.03703410619609082
655.25,1.871898163930723,0.5612770628053418,20.03163961010661,-6.289588543727746,-1,-0.00289965661961078
653.35,2.4399304219271016,0.37643644026724,17.38536556558971,-1.314548370791499,-1,0.001760159179612808
654.5,2.61645234909804,0.18431945581272613,18.193635245767652,0.0,-1,0.008861726508785361
660.3,2.9700089502586025,0.17929201899109604,22.07217722549794,-2.160055806446053,-1,-0.0029532030895046413
658.35,2.7367865049840248,-0.0179768087611607,18.93210172865477,0.0,-1,-0.004480899217741419
655.4,2.146276406931406,-0.20282896893792657,14.228352849368903,0.0,-1,0.004882514494964907
658.6,1.938831657327455,-0.1367579061806259,16.94680391951883,0.0,-1,0.0033404190707559955
660.8,1.8568733110815856,-0.07290541747549839,18.760311873987263,0.0,-1,-0.0017403147699757149
659.65,1.5653213620350925,-0.12148578884066374,16.63680902881832,0.0,-1,-0.0010611688016370913
658.95,1.2307686073422701,-0.1520128478444953,15.273452986593512,0.0,-1,0.004173306017148493
661.7,1.1900948460506697,-0.0642288697120319,18.120524685677893,0.0,-1,-0.0013601329907814153
660.8,0.9955833949005637,-0.08624677362071265,16.148448137716358,0.0,-1,-0.0009079903147698465
660.2,0.7653623864172232,-0.105489260701351,14.759720804898109,0.0,-1,0.0018176310209025992
661.4,0.6864716833074453,-0.06145998793704299,16.330521895856037,0.0,-1,-0.004309041427275506
658.55,0.35232035814362916,-0.1318704377002864,9.349485292321077,0.0,-1,-0.006833194138637921
654.05,-0.21911533428362873,-0.23443537670918146,0.09906858805961605,0.0,-1,-0.006192187141655814
650.0,-0.824073569306961,-0.2797978705775046,-6.656586266345435,0.0,1,0.016384615384615442
660.65,-0.17037988937636328,0.12463193645103104,9.356656941661292,0.0,-1,0.004919397563006189
663.9,0.4414986080370227,0.24550347795480565,12.91104422327858,0.0,-1,-0.0014309383943363896
662.95,0.6314796394071891,0.14516150310832404,11.173497975910053,0.0,-1,-0.004826910023380426
659.75,0.4071801851417831,-0.02637931705236063,5.442429524656966,0.0,-1,0.00030314513073137483
659.95,0.2777654425805167,-0.05193135320454234,5.730444421405863,0.0,-1,-0.003106295931510017
657.9,0.01907761775146355,-0.10353972601119851,1.9090826204897766,0.0,-1,-0.001367989056087482
657.0,-0.1868560961422645,-0.10315781330164218,0.22901615893966465,0.0,-1,0.006544901065449027
661.3,0.08408172158942762,0.05592666814335,7.526664236885196,0.0,-1,-0.002268259488885538
659.8,0.08754382032270769,0.019796255625543352,4.433161237713023,0.0,-1,-0.0054561988481356405
656.2,-0.2180204486708135,-0.0952560044559926,-2.3936097542985664,0.0,-1,-0.005486132276744882
652.6,-0.6526342124450366,-0.17662325607673862,-8.216211456752596,0.0,-1,-0.005056696291756202
649.3,-1.0905549099617247,-0.20484798453114217,-12.84472217155583,0.9331543539749418,1,0.0009240720776220179
649.9,-1.1686356828898852,-0.09430958581976756,-11.469143537586959,0.0,1,0.003692875827050246
652.3,-0.9102897624464958,0.054678778207873924,-6.019440245876204,0.0,-1,-0.001609688793499875
651.25,-0.7927593220209701,0.05740307287779989,-7.836574964126058,0.0,-1,-0.006218809980806039
647.2,-1.005430824973132,-0.05175614335812073,-14.179396435089068,0.0,1,0.01073856613102575
654.15,-0.44881400770145774,0.1682868913045179,0.12620940020372728,0.0,-1,0.00542688985706663
657.7,0.16272890157620168,0.2599432668607258,5.727014662940064,0.0,-1,0.0035730576250567747
660.05,0.6507729477503972,0.2493291043449738,9.104910533842869,0.0,-1,0.0014392849026589882
661.0,0.9197305585248614,0.17276223837314608,10.459967959768392,0.0,-1,-0.0016641452344932084
659.9,0.8858984840351241,0.04631005462780291,7.987954135766465,0.0,-1,0.0036369146840429245
662.3,0.9951575731206503,0.05185638123777636,11.776634386013782,0.0,-1,0.0001509889778046336
662.4,0.9751906532366093,0.010629820451245053,11.935554868684875,0.0,-1,0.000452898550724834
662.7,0.908941305524877,-0.018539842420162378,12.455876245645811,0.0,-1,-0.004904179870227843
659.45,0.5292381895419567,-0.13274765280102752,3.6313658385395655,0.0,-1,0.0022746227917203043
660.95,0.4202834490887426,-0.08056746441808049,6.764124638869184,0.0,-1,0.002345109312353433
662.5,0.45994912477135586,-0.013633929578489079,9.876549388260294,0.0,-1,0.0007547169811321641
663.0,0.48311953554843967,0.0031788270661982643,10.885767902418777,0.0,-1,0.018099547511312153
675.0,1.4544447796412214,0.3248346903863266,26.588709599880133,-3.9883935952211687,-1,-0.00014814814814823052
674.9,1.8105703367175465,0.22698674915421724,26.305064153328956,-0.9617854056983788,-1,-0.004593273077493021
671.8,1.5794189205292923,-0.0013882223446790576,17.672453208145882,0.0,-1,0.003274784161952926
674.0,1.515558302391014,-0.021749613494319142,20.320154123978156,0.0,-1,0.0018545994065282123
675.25,1.4614981347892808,-0.02526992703201736,21.779332168276582,0.0,-1,-0.004072565716401355
672.5,1.0835098730893833,-0.1344193962439717,14.07847633848634,0.0,-1,-0.0007434944237918462
672.0,0.7625565861485484,-0.15179089439493554,12.71911687439109,0.0,-1,-0.01123511904761898
664.45,-0.09063310616750186,-0.33499352890366196,-3.744351971765859,0.0,-1,-0.0036872601399654537
662.0,-0.713841860144953,-0.31940076096037107,-7.743702552803228,0.0,-1,0.01049848942598186
668.95,-0.38679274878825254,0.0025494501321097762,4.622614715421278,0.0,-1,0.006801704163240885
673.5,0.18813120262245775,0.19249113384760674,10.738833818864734,0.0,-1,-0.0044543429844098315
670.5,0.20991557810930317,0.07142516977815072,5.280239350727577,0.0,-1,0.004026845637584042
673.2,0.42831480101028774,0.0966081308930451,8.967800097622494,0.0,-1,-0.007055852644087923
668.45,0.10598817904326552,-0.07523949702465904,0.7823941791016438,0.0,-1,-0.04727354327174815
636.85,-2.6973408135271484,-0.9595228298650245,-24.93549705654361,12.42210489845263,1,0.001570228468242174
637.85,-3.790893575351788,-0.6843585305632214,-23.624460752520914,5.931011974081798,1,-0.009406600297875656
631.85,-4.521762158318097,-0.47174237117650986,-26.379483882715682,5.903364767970288,1,0.0015035214053966683
632.8,-4.4312162699413875,-0.12706549426660008,-25.001252099062064,0.029927085008125687,1,-0.008691529709228818
627.3,-4.475008636591269,-0.05695262030549397,-27.601211923568822,0.0,1,-0.0016738402678143638
626.25,-4.211487433533648,0.0688561942507091,-28.084693608688788,0.0,1,0.0027944111776447844
628.0,-3.5829362125437,0.2324691384135522,-25.083418648113074,0.0,1,-0.012261146496815312
620.3,-3.6117492510034026,0.06788536665128309,-29.024858785269547,0.0,1,0.0015315170078995521
621.25,-3.2460099993163567,0.1445415394461098,-27.34758632527686,0.0,1,0.014808853118712273
630.45,-2.0259728735296676,0.4548595550775998,-12.967053666762034,0.0,1,0.0008723927353477823
631.0,-1.2012899045088261,0.4265141746994805,-12.19890846360638,0.0,1,0.009508716323296307
637.0,-0.1888409279561074,0.4796543837507331,-4.18643537263911,0.0,1,0.0049450549450549275
640.15,0.595620304316526,0.421371872007789,-0.3991840974715757,0.0,1,-0.0010153870186674352
639.5,0.8840492284265338,0.23660026537259893,-1.1814930934908006,0.0,1,-0.0009382329945269996
638.9,0.9045929214460102,0.08571465279735846,-1.9586348209619544,0.0,1,0.0010956331194240665
639.6,0.8978153578352703,0.02631236306220619,-0.9081084077715929,0.0,1,0.0037523452157597337
642.0,1.0196086295435407,0.049368544923492186,2.7325669521099627,0.0,1,0.0003894080996884597
642.25,1.0163712129357236,0.01537704277189178,3.120595198287866,0.0,1,-7.785130400927986e-05
642.2,0.9258882368872037,-0.025035311092209356,3.023865419675431,0.0,1,-0.005917159763313751
638.4,0.4868227291223093,-0.15470027295236788,-4.042904016702906,0.0,1,-0.0026629072681703114
636.7,0.08505474781293287,-0.18548941808724811,-6.898302518528219,0.0,1,7.852991989931724e-05
636.75,-0.11875047182616072,-0.1297648792421139,-6.783007348831589,0.0,1,0.013349038084020437
645.25,0.4975761243398438,0.16218723897463022,8.934805122701114,0.0,1,0.002014722975590688
646.55,0.8726080787279216,0.1790730644542361,10.779679375276316,0.0,1,-0.000309334158224317
646.35,0.970740049361325,0.09240167836254654,10.316474666254209,0.0,1,-0.00827724916840722
641.0,0.49307769723122874,-0.12842022458918323,-0.8228569449116492,0.0,1,-0.004368174726989027
638.2,-0.020176620269808154,-0.2138915140300734,-5.592057386896748,0.0,1,-0.0014102162331558477
637.3,-0.35012239399782175,-0.1812790959193623,-7.07866870009515,0.0,1,0.003216695433861716
639.35,-0.31508508136198543,-0.048747261094508665,-2.6204612509481393,0.0,1,0.004457652303120341
642.2,-0.03380933493053817,0.07750949511231288,3.0447846390193902,0.0,1,-0.004671441918405517
639.2,-0.1403540171372697,-0.009678395698139552,-2.887647630665782,0.0,1,-0.003832916145181553
636.75,-0.3860968568125145,-0.08514041179112813,-7.228244872069354,0.0,1,-0.0039261876717706645
634.25,-0.685126871915827,-0.12805680896481353,-11.273571236142317,0.0,1,-0.0019708316909735624
633.0,-0.8817146401411264,-0.10821485906337103,-13.206835106651212,0.0,1,-0.0011058451816746695
632.3,-0.9648656375753717,-0.06378861883253872,-14.315273537643641,0.0,1,-0.011782381780800155
624.85,-1.5468689998278933,-0.21526399369502003,-23.688764948912656,3.4703941919688077,1,0.00560134432263748
628.35,-1.4172982643018486,-0.02856441938965837,-14.803205718503577,0.0,1,0.006604599347497464
632.5,-0.8885713745136172,0.166720823466191,-5.9196739110084025,0.0,1,0.002371541501976271
634.0,-0.4251603150767096,0.21004396096769962,-3.0017113405382148,0.0,1,-0.009069400630914881
628.25,-0.6371914257686058,-0.0006623832413988895,-11.547847676525421,0.0,1,-0.007162753680859502
623.75,-1.0651076956338557,-0.1428595510355496,-16.797814967777484,0.0,1,-0.0012024048096191953
623.0,-1.2528068559303165,-0.1101862371106701,-17.616590315126317,0.0,1,-0.013643659711075395
614.5,-1.9505891980842307,-0.26932285975486137,-25.28996770819848,2.8777742687988166,1,-0.002685109845402711
612.85,-2.2744312693208713,-0.19772164366383382,-26.491436739185115,1.4967557605943966,1,-0.007097984824998016
608.5,-2.6093163658291587,-0.1775355800573739,-29.422319764042538,2.3536801755658416,1,-0.0032867707477403085
606.5,-2.7259825502642343,-0.09806725483081635,-30.654436912866924,0.6325879788629436,1,0.012283594394064457
613.95,-1.9363170966264533,0.23053273293565502,-14.636186433262303,0.0,1,0.01498493362651665
623.15,-0.6134579450886122,0.5177972948244989,-0.7944112051318655,0.0,1,-0.004974725186552176
620.05,-0.15924020722900423,0.3240050108947023,-4.446716798866014,0.0,1,0.002338521087009271
621.5,0.20197201230325845,0.22840574347565498,-2.4243966209591434,0.0,1,-0.0032180209171359664
619.5,0.19908045437739474,0.07517139518326377,-4.986744692974085,0.0,1,-0.0038740920096852483
617.1,-0.018955362450356006,-0.047621473881495666,-8.00262889254384,0.0,1,0.004618376276130265
619.95,0.11110634267333808,0.027480077080732815,-3.291516870742093,0.0,1,0.0033067182837325237
622.0,0.3377116666790698,0.0846951336954882,-0.04299680123681071,0.0,1,-0.011414790996784552
614.9,-0.16879497687466483,-0.1406038366194155,-9.535196849806134,0.0,1,-0.001626280696048088
613.9,-0.49131538391191043,-0.15437474788555372,-10.703677579553272,0.0,1,-0.03477765108323838
592.55,-2.3907993054380086,-0.6846195564705506,-26.678935149886364,6.950700448467273,1,0.010294489916462757
598.65,-2.6329746574144792,-0.3089316361490071,-17.914071322570017,0.0,1,-0.005261839138060553
595.5,-2.797147778618182,-0.15770158578423654,-19.88891922606265,0.0,1,-0.017800167926112498
584.9,-3.5294720243351776,-0.2966752771670773,-25.522018908254722,4.909526700451124,1,-0.008548469823901561
579.9,-4.018178145165848,-0.26179379933258273,-27.707749528014656,4.142605364192036,1,-0.01733057423693729
569.85,-4.765183026817226,-0.33626622699465347,-31.414183261617424,6.676129151553027,1,0.00026322716504334487
570.0,-4.729086882074853,-0.10005669408409368,-31.190316689623412,0.2876861382835614,1,0.042105263157894646
594.0,-2.3169482361975042,0.7706939839310851,-4.532603784781621,0.0,1,0.0016835016835017313
595.0,-0.8344665602423902,0.7510585532953997,-3.716079311311546,0.0,1,-0.0005042016806722227
594.7,-0.0486868422445923,0.5122794237643993,-3.945937332999108,0.0,1,0.01513368084748623
603.7,1.0982602536080321,0.5530755065390079,3.716008453242601,0.0,1,-0.006377339738280585
599.85,1.2593787804003114,0.23806467777709583,0.3190628971713707,0.0,1,-0.0022505626406601476
598.5,1.1224898120964326,0.033725236491072286,-0.8909144229047996,0.0,1,-0.0001670843776107045
598.4,0.9521711769365311,-0.04553113288960975,-0.9879143908774353,0.0,1,0.0074364973262033285
602.85,1.1584975946118448,0.05359842826190131,3.548635778815253,0.0,1,0.02380359956871536
617.2,2.3609526705652115,0.4186845014050895,14.777347044109561,0.0,1,0.009640311082307118
623.15,3.261267485994722,0.43966643894486657,18.306892798746716,0.0,1,0.0036909251384098507
625.45,3.631319269876599,0.269906074275581,19.614656456191994,0.0,1,-0.0007194819729795521
625.0,3.4762352226612165,0.03827400902006639,18.995744435503852,0.0,1,0.0043999999999999595
627.75,3.338173597164996,-0.03326253882538488,20.760849859403947,0.0,1,-0.001672640382317736
626.7,2.9034616513198443,-0.15599149489017883,19.092097793912373,0.0,1,0.03127493218445809
646.3,4.077483874120617,0.3393435759701977,29.24430258144659,-1.3298404926971443,1,-0.00967043168807058
640.05,3.803871329344247,0.021910343731275983,20.983373187425286,0.0,1,-0.006796344035622126
635.7,2.9875757795107347,-0.26479506870074543,15.687807502623158,0.0,1,0.012584552461853082
643.7,2.997130022968122,-0.08508027508111926,20.22661859205529,0.0,1,0.00217492620786075
645.1,2.8688129761161463,-0.07113244064436497,20.973218715453456,0.0,1,-0.0013176251743916012
644.25,2.4947533713470875,-0.1483973484711414,19.792578637680876,0.0,1,-0.004811796662786194
641.15,1.8414941213502516,-0.26721886615599244,15.384987283629286,0.0,1,0.02012009670123982
654.05,2.43640665290593,0.1092312217998952,23.20812106429959,0.0,-1,-0.0023698493998929315
652.5,2.401662364275012,0.024828977722992196,21.063922909495957,0.0,-1,0.005287356321839187
655.95,2.471651689603277,0.03160610101708583,23.018348218603023,0.0,-1,-0.004573519323119113
652.95,2.0506753781338602,-0.12979007015077704,18.545172593780677,0.0,-1,0.009878244888582577
659.4,2.206797607554563,0.00877738642330872,22.560783315105382,0.0,-1,-0.006369426751592244
655.2,1.7509589216355153,-0.14902043316524627,16.425350309231945,0.0,-1,-0.0009157509157509125
654.6,1.3271263352062306,-0.19095100653151031,15.545626341525505,0.0,-1,-0.010922700886037195
647.45,0.4087828473910804,-0.36976483144888683,5.766534788724762,0.0,1,-0.00617808324967184
643.45,-0.4177874671323707,-0.39877838199077936,1.0336805929332726,0.0,1,-0.011500505089750757
636.05,-1.412923668799749,-0.4646381945527194,-6.546855129741644,0.0,1,-0.004323559468595195
633.3,-2.0219147972334213,-0.357876440995464,-9.057993232745723,0.0,1,-0.003315963998104965
631.2,-2.332917461680836,-0.2229597018142928,-10.97169041407495,0.0,1,-0.0010297845373892223
630.55,-2.3481756720977955,-0.07940597074375066,-11.58915143345586,0.0,1,0.002537467290460782
632.15,-2.026790137964781,0.0806598544630881,-9.03467952662296,0.0,1,-0.011310606659811762
625.0,-2.293031526067921,-0.061860511213350566,-16.030379227886712,0.0,1,0.013600000000000056
633.5,-1.5267329262804878,0.2348126961913608,-3.8771933548412534,0.0,1,-0.006393054459352676
629.45,-1.353855882529956,0.13589657998063087,-7.972388877984443,0.0,1,0.0021447295257763788
630.8,-1.042096037110582,0.14921880846666835,-6.126674638223214,0.0,1,-0.0009511731135065649
630.2,-0.849374777975072,0.11398002253405948,-6.805790337841955,0.0,1,0.013725801332910237
638.85,0.038600416423946626,0.3339850723110261,4.480746355499775,0.0,1,-0.00735696955466858
634.15,0.08770464558813273,0.12769643382507073,-1.354389722874366,0.0,1,-0.018449893558306285
622.45,-0.8700519602954273,-0.27668672401949646,-12.471948816849341,0.0,1,0.00698851313358495
626.8,-0.9139259332125675,-0.1068535656455456,-7.082666572234714,0.0,1,-0.01148691767708987
619.6,-1.4597024252367419,-0.2175433525565733,-12.959267173134705,0.0,1,-0.0012911555842479716
618.8,-1.677615469145735,-0.14515213215518874,-13.575021859596802,0.0,1,0.013574660633484337
627.2,-0.9467707020047555,0.19523087832859698,-3.2479372801428497,0.0,1,0.00430484693877542
629.9,-0.2774507599339131,0.28818360679981314,-0.3281948699156487,0.0,1,-0.0021431973329100185
628.55,-0.03216989223733435,0.1778214914987973,-1.7966033575686353,0.0,1,-0.006443401479595878
624.5,-0.24434863403598683,-0.0114524167666184,-6.120518619868967,0.0,1,-0.0028823058446756367
622.7,-0.4800756187655679,-0.08239313383206648,-7.981799655659593,0.0,1,-0.0029709330335635498
620.85,-0.7120994762332202,-0.10480566376657297,-9.923136537190196,0.0,1,0.006281710558105891
624.75,-0.4437697819475943,0.05450801017301765,-4.071440404917794,0.0,1,0.004401760704281665
627.5,-0.043457452975872,0.15160677971491335,-0.2285052191834822,0.0,1,0.0013545816733067095
628.35,0.2311534992579709,0.1420725773162521,0.9682793404442123,0.0,1,-0.00453568870852239
625.5,0.11169618377005008,0.007538420609443763,-3.1871353116901346,0.0,1,0.0208633093525179
638.55,1.1301595107119056,0.34200058251709975,12.406574219547053,-0.058785059158708464,1,-0.005246261060214419
635.2,1.2660445482902105,0.1592952066984683,7.590578752283847,0.0,1,0.007871536523929468
640.2,1.645150021388531,0.17946689326559628,12.402292464993991,0.0,1,0.0060137457044671105
644.05,2.018440256155259,0.1842523760107746,15.728984672911054,-0.5546169272246289,1,0.000543436068628278
644.4,2.066048685525743,0.0772869351270864,16.032568595477116,0.0,1,0.010086902545002996
650.9,2.459348843083717,0.15686236422835353,21.281964497066298,-2.6210239805390074,-1,-0.0021508680288830906
649.5,2.3343865182724812,0.010633346472372462,18.739667878176064,0.0,1,0.02517321016166285
665.85,3.439873146010882,0.37203999140359123,28.629804124316067,-7.563852459359055,-1,-0.0017271157167529916
664.7,3.610127031045863,0.1807646254795241,26.7325483542962,-1.3892412503246305,-1,0.0008274409508048919
665.25,3.4402433876429086,0.0036269940255233557,27.027110310544273,0.0,-1,0.0
665.25,3.0686146169711037,-0.12266725888209384,27.027110310544273,0.0,-1,0.006163096580233063
669.35,2.9687490135543158,-0.07417762076629408,29.424380098830653,0.0,-1,0.000672294016583086
669.8,2.7089204607163992,-0.11133539120140368,29.68293242985483,0.0,-1,-0.002985965959988013
667.8,2.186596145904332,-0.21121990200449048,25.027187609254923,0.0,-1,-0.0023210542078465624
666.25,1.6140509763396267,-0.26125502385639865,21.433148125664786,0.0,-1,-0.004803001876172663
663.05,0.926607476862273,-0.3162328411112507,14.360832997470553,0.0,-1,-0.0015835909810723026
662.0,0.418168437385134,-0.27489062686279664,12.11860226997321,0.0,-1,-0.004229607250755163
659.2,-0.10423178546886902,-0.26576361657226655,6.306376856776474,0.0,-1,0.008191747572815489
664.6,0.09325408522659018,-0.02275924862560247,13.603807084010292,0.0,-1,0.0031597953656334887
666.7,0.3592258468054297,0.08107083765107903,16.053596148951556,0.0,-1,-0.004049797510124575
664.0,0.23727624036109773,-0.013626256264417658,10.25932327893534,0.0,-1,-0.028012048192771144
645.4,-1.3934715828912658,-0.5481246931722605,-13.947724538247172,0.0,1,0.013015184381778733
653.8,-1.392722862609844,-0.18245865763027957,-3.2198218227945574,0.0,-1,-0.003976751300091674
651.2,-1.492954930584915,-0.09423024186845019,-5.7715977397092715,0.0,-1,-0.020193488943489046
638.05,-2.514491387023668,-0.37192223276906766,-16.14851370733396,4.3455544669538995,1,0.0025860042316434573
639.7,-2.678218666324483,-0.17854983735662744,-14.053319090125129,0.29634707972388696,1,0.0025011724245738165
641.3,-2.4035640837811343,0.03203491506224054,-11.939510883066234,0.0,1,-0.000779666302822446
640.8,-2.107606452194318,0.10933084888301892,-12.370689989525182,0.0,1,0.01716604244694131
651.8,-0.8673270987181922,0.44987006745304825,1.1555902332945323,0.0,-1,0.009742252224608894
658.15,0.35425650291313104,0.5571512230281239,7.120285342895919,0.0,-1,-0.0035706146015346274
655.8,0.7396935951526302,0.31419610508920776,4.3891855678262175,0.0,-1,-0.003888380603842556
653.25,0.6582710083430356,0.07759117275987104,1.424703657218764,0.0,-1,0.004209720627631031
656.0,0.7918704642429475,0.07039687621992763,4.402707852292039,0.0,-1,0.0006859756097561398
656.45,0.830180986839423,0.036235799605467744,4.905365195109482,0.0,-1,-0.003199025059029692
654.35,0.6051544992342315,-0.06293022933324122,1.9366328749308082,0.0,-1,0.020860395812638544
668.0,1.5797117138289423,0.3038756617538232,15.434607247033867,0.0,-1,0.0017215568862274377
669.15,2.031181011640456,0.2517816531884456,16.320026234191857,0.0,-1,0.02787117985503995
687.8,3.6418172429094966,0.620805961485829,26.95644288096159,-7.758088039165159,-1,0.005961035184646635
691.9,4.4853172549682085,0.48810199118151365,28.60674330017035,-5.789349708035729,-1,-0.008527243821361385
686.0,4.041624156416901,0.014802964210068659,20.53038813012924,0.0,-1,-0.0021137026239067547
684.55,3.362142260773112,-0.22155964381124038,18.605575332096294,0.0,-1,-0.0008034475202687297
684.0,2.6963894578868803,-0.29577081556582385,17.82546295486455,0.0,-1,0.016520467836257158
695.3,3.080480601619797,0.029440109389030855,24.456135781223594,0.0,-1,-0.0020854307493167745
693.85,2.8949861233512593,-0.052018122959835544,22.33085677882444,0.0,-1,0.0002161850544064592
694.0,2.5734900406043835,-0.1245047352355706,22.421340272809104,0.0,-1,-0.007925072046109483
688.5,1.7399511625139894,-0.31934787110865503,13.906999996282622,0.0,-1,0.000944081336238245
689.15,1.2323524599258917,-0.2756488578989176,14.45573434814004,0.0,-1,-0.01052020605093229
681.9,0.2716904036381038,-0.41210363806223516,4.236606821721814,0.0,-1,-0.0038128757882387454
679.3,-0.447948158142367,-0.37724739994756873,1.013810532473478,0.0,-1,0.006477255998822429
683.7,-0.40377175918740704,-0.11102366699753624,5.937047675431685,0.0,-1,7.313149041965339e-05
683.75,-0.343869246444342,-0.01704038475149039,5.992891448099634,0.0,-1,-0.007093235831809874
678.9,-0.6894288862024496,-0.12086667483653268,-0.7362253664234686,0.0,-1,0.010752688172043001
686.2,-0.1964229655645795,0.12404641526711246,7.754490974493258,0.0,-1,0.013042844651705021
695.15,0.8122819085513129,0.3775837631276682,15.597369596624432,0.0,-1,0.0010789038337049028
695.9,1.3114441865633353,0.29224868037989693,16.181943350273656,0.0,-1,-0.0012932892656990491
695.0,1.3767383100224606,0.1191809346130075,14.71573302351888,0.0,-1,0.008633093525179936
701.0,1.79465717925018,0.17903326794690888,19.68980160566744,0.0,-1,-0.0005706134094151105
700.6,1.8207285155931459,0.06836820142995825,18.969599141696875,0.0,-1,-0.007493576934056501
695.35,1.2445368074652379,-0.16927450223264984,9.936558217042233,0.0,-1,0.009275904220895859
701.8,1.3902295527791466,-0.007860585639580364,16.012972319651,0.0,-1,0.007694499857509474
707.2,1.797223462704551,0.13304444142860805,20.215248773009193,0.0,-1,-0.003181561085972895
704.95,1.663451795775245,-0.00024240850023260485,16.4135775225365,0.0,-1,-0.0041846939499256
702.0,1.2121116459959467,-0.15052751942651033,11.55816873696628,0.0,-1,0.01901709401709395
715.35,1.9979322672733133,0.2117643672836187,21.89120394917458,-1.4103646065789235,-1,0.0029356259173831667
717.45,2.399348222305889,0.20439344077206467,23.15251713178388,0.0,-1,-0.005435918879364565
713.55,2.075110514630069,-0.03994808896791868,16.953056569092084,0.0,-1,-0.0021722374045265447
712.0,1.6108991179063423,-0.16805316189721498,14.537799497867098,0.0,-1,0.0035112359550562022
714.5,1.4528851597189032,-0.10868904002821811,16.691167081624968,0.0,-1,0.001189643107067928
715.35,1.3236377506485724,-0.07931214969951639,17.438128643388467,0.0,-1,-0.0004892709862305278
715.0,1.1195442335593953,-0.09446855559623124,16.753243384357646,0.0,-1,-0.000979020979021028
714.3,0.8658687888848817,-0.1160480000902483,15.27998195043972,0.0,-1,0.004549909001819952
717.55,0.9377086674738848,-0.014736040500415104,18.828947081494135,0.0,-1,0.0011845864399693262
718.4,0.9663195511456024,0.004624947723767536,19.728142158773338,0.0,-1,0.008212694877505644
724.3,1.3917650303859546,0.14335680898803993,25.23736024244053,0.0,-1,0.0008283860278890387
724.9,1.538507350807322,0.09669970980313569,25.736318613155618,0.0,-1,-0.00337977652089938
722.45,1.279502898450687,-0.05410158085116645,19.392480258696153,0.0,-1,-0.004775416983874403
719.0,0.7558754307348181,-0.19257634952234515,11.351915647885136,0.0,-1,0.0031293463143253764
721.25,0.6185720776489916,-0.10995990086939056,14.345613827058685,0.0,-1,0.005199306759098743
725.0,0.8108727279686718,0.027446916483429895,18.81845890970044,0.0,-1,0.0007586206896550429
725.55,0.8852836591311188,0.03395261588195897,19.44315433502412,0.0,-1,0.0035834883881193935
728.15,1.0653821531179801,0.07135036995627342,22.35249661846092,0.0,-1,0.001098674723614801
728.95,1.1333162206849465,0.046428145841080015,23.224072009024454,0.0,-1,0.0026064887852390584
730.85,1.2311735694113395,0.048095164855824324,25.28048391010816,0.0,-1,-0.0013682698228090207
729.85,1.0941711129903524,-0.029635763855054176,22.04475709334504,0.0,-1,0.0007535795026374359
730.4,0.980322292030678,-0.04782819493824286,22.760261897152077,0.0,-1,0.00732475355969342
735.75,1.2875376905482199,0.08646240119309967,28.662762690647654,0.0,-1,-0.0023785253143051577
734.0,1.1880172489280767,-0.004352680142347909,22.919991745500454,0.0,-1,0.0011580381471389956
734.85,1.1100889240406104,-0.027427001676604723,23.946487027154788,0.0,-1,0.021296863305436453
750.5,2.282784017926815,0.3817560307365333,35.32579208164712,-6.910510262144157,-1,0.001732178547634744
751.8,2.7872328967093836,0.2954016365063672,35.89441838928947,-3.859347836959955,-1,0.0022612396914074573
753.5,2.948854594708223,0.15234111150173568,36.646279499935304,-1.7725155337338947,-1,-0.02461844724618445
734.95,1.2380942274819517,-0.5194730852415119,2.6325849586507744,0.0,-1,-0.0032655282672291452
732.55,0.07953952491197924,-0.5593425959371615,-0.17893832367567342,0.0,-1,0.005392123404545757
736.5,-0.17719945344902044,-0.2720271914327204,4.286600294806178,0.0,-1,-0.00773930753564156
730.8,-0.7658023215087724,-0.28687668649749076,-2.4921960608299116,0.0,-1,-0.010467980295566504
723.15,-1.633786895412868,-0.3849537534671956,-9.949935885860413,0.0,-1,-0.00871188550093338
716.85,-2.4566302744138966,-0.4025990441560747,-14.980217731622723,0.0,-1,0.005021971123666091
720.45,-2.363332774379842,-0.10310051470733983,-10.181025669871282,0.0,-1,0.011867582760774376
729.0,-1.4072396264978124,0.2843308777248965,-0.36497681473392873,0.0,-1,-6.858710562407389e-05
728.95,-0.8160897503487377,0.29182691795799043,-0.41752608606264374,0.0,-1,0.0021263461142739803
730.5,-0.32334066641180925,0.261525333964973,1.3563520871642893,0.0,-1,0.0028062970568103474
732.55,0.12081226442433035,0.23522608826703756,3.747765342013466,0.0,-1,-0.00191113234591489
731.15,0.21615437447371733,0.1101893994388082,1.8148432509436745,0.0,-1,0.002598645968679536
733.05,0.4041458982921995,0.09939364108576343,4.293492261372087,0.0,-1,0.0007502898847282502
733.6,0.5102961686772005,0.06851463715692147,5.037401138977145,0.0,-1,0.012949836423118866
743.1,1.3125132898131824,0.29024391943096783,15.739215463316498,0.0,-1,-0.00417171309379627
740.0,1.3459124095634252,0.10788101306040354,10.516732232369051,0.0,-1,-0.002567567567567486
738.1,1.092119268641568,-0.048637375953817896,7.410775860887028,0.0,-1,-0.00724834033328825
732.75,0.428379425793878,-0.23745907293383595,-0.532466442968861,0.0,-1,-0.0025929716820197735
730.85,-0.09752211444606473,-0.2544535377245929,-3.0933851694364947,0.0,-1,0.00047889443798321274
731.2,-0.3231793750288716,-0.1600369327691333,-2.5366992248159903,0.0,-1,0.0017095185995623652
732.45,-0.3049097240678975,-0.04725576060271974,-0.4381069151049246,0.0,-1,0.0021844494504743572
734.05,-0.1370324215816936,0.04020718062782805,2.273296816741457,0.0,-1,-0.005312989578366567
730.15,-0.3666744018735244,-0.06314493322133424,-4.370057930741481,0.0,-1,0.0048620146545230725
733.7,-0.15510585852996428,0.049474536707408645,1.8225375392855767,0.0,-1,-0.003271091726864017
731.3,-0.23639609864733302,-0.010605234469986707,-2.2617801421871278,0.0,-1,0.0024613701627240747
733.1,-0.10734154381873395,0.03948310678620412,0.9591240902198237,0.0,-1,0.0010230527895238595
733.85,0.028630862247155164,0.05848517095069775,2.3195661821233244,0.0,-1,-0.002180282073993345
732.25,-0.039102173240621596,-0.0030826215123596692,-0.9085134188579005,0.0,-1,0.0014339364970978874
733.3,0.017789823452289966,0.0179364583935173,1.2832091519672701,0.0,-1,0.002250102277376431
734.95,0.18225333651105302,0.06079999048409346,4.689240511533541,0.0,-1,0.011701476290904012
743.55,0.9659639816645722,0.2815035452125376,17.747929277578564,-1.506750445429475,-1,-0.005177862954743984
739.7,0.9564889724359773,0.09067617866131428,9.253537602789407,0.0,-1,-0.007435446802757872
734.2,0.4137107201187291,-0.1507006912186446,-0.5816745529213492,0.0,-1,-0.0018387360392263519
732.85,-0.0046542993832190405,-0.1896885702401976,-2.721892972761367,0.0,-1,0.0010916285733777453
733.65,-0.14678228418563322,-0.11060551834753729,-1.2601740869418663,0.0,-1,0.0027942479383902263
735.7,-0.034781086238012904,0.0004652265333610073,2.490222735484352,0.0,-1,-0.00040777490825072427
735.4,-0.00088206341104069,0.011454749786777742,1.8731102712773549,0.0,-1,0.01108240413380468
743.55,0.6953076199533825,0.23588147771706702,14.478816340504949,-1.6054739947956023,-1,-0.007531437025082299
737.95,0.5187934933061342,0.019789117023272906,3.733639923660526,0.0,-1,0.007520834744901395
743.5,0.8498036388737091,0.11693308753028264,10.907492794090281,0.0,-1,-0.00941492938802957
736.5,0.361158408417964,-0.12390404764182084,0.03511403757158149,0.0,-1,0.001968771215207221
737.95,0.20757259248864557,-0.09249662119037977,2.0069014662138045,0.0,-1,0.0006097974117487137
738.4,0.15098196848327916,-0.04969574839858207,2.651227851705329,0.0,-1,-0.003317984832069243
735.95,-0.09406184089300496,-0.09824651925828876,-1.3036628290927226,0.0,-1,0.0014946667572524053
737.05,-0.11707859217335681,-0.04042109017954687,0.5493650094786418,0.0,-1,-0.006241096262125878
732.45,-0.5021637517991167,-0.1418354166017689,-6.714942310671454,0.0,-1,-0.006758140487405306
727.5,-1.0653593522954452,-0.2350103390326992,-13.061804117675827,0.5701224263525546,-1,-0.0006872852233676952
727.0,-1.2998438731856368,-0.15649828664096366,-13.659843969611785,0.0,-1,0.00213204951856949
728.55,-1.1795991441985052,-0.012084519217943956,-10.297274161209351,0.0,-1,0.005421728090041933
732.5,-0.6920101843551265,0.1585014802084782,-2.452274128945085,0.0,-1,0.011604095563140016
741.0,0.31778514426275706,0.3894322696087874,9.993133543799551,0.0,-1,0.009446693657219951
748.0,1.3795340465499066,0.48372705729864574,17.129642800450085,-1.2598209801121811,-1,0.007352941176470562
753.5,2.2537806604808566,0.45265789040986526,21.558802283370014,-3.2957847205576627,-1,0.008095554080955525
759.6,3.0114222457395954,0.4034331585562012,25.608959312374196,-4.801302336347703,-1,-0.005200105318588832
755.65,2.8101245178906993,0.06737847690243504,18.582125653024008,0.0,-1,0.0008601865943227427
756.3,2.5294652774753104,-0.0710935878376513,19.107077132662553,0.0,-1,0.012693375644585503
765.9,2.9783468841446847,0.1259293396105745,25.75492731027107,-1.574205632278904,-1,-0.0015015015015015232
764.75,2.8587587804672694,0.002113745311052906,23.64555679581511,0.0,-1,0.0035959463877084374
767.5,2.789901496922994,-0.022247846077740885,25.461033174763926,0.0,-1,-0.0022149837133551564
765.8,2.3813143970738793,-0.14361164864228515,22.05181045912782,0.0,-1,0.001697571167406764
767.1,2.0869113140598756,-0.1460049105520964,23.084997550807927,0.0,-1,0.0016946943032198902
768.4,1.8741338297145376,-0.11959413163247823,24.146925332400627,0.0,-1,-0.004359708485163982
765.05,1.3324006017323882,-0.22044245320487588,16.620832674429877,0.0,-1,-0.019410496046009973
750.2,-0.28699939573641586,-0.6132808168912267,-5.584255343668964,0.0,-1,-0.0029992002132764872
747.95,-1.2602827781594215,-0.5288547331047442,-7.944097497725039,0.0,-1,-0.004746306571294934
744.4,-1.9377342378576259,-0.4021020642676496,-11.52753131091525,0.0,-1,-0.002552391187533587
742.5,-2.273315447885352,-0.24589442476512513,-13.382936154132402,0.0,-1,0.007407407407407307
748.0,-1.7933297655753222,0.078030419181635,-4.8715136263897705,0.0,-1,0.011631016042780828
756.7,-0.6788927772889792,0.3974891358226593,5.6061931186892195,0.0,-1,-0.0029073609092110653
754.5,-0.2484332183718152,0.2759828982466078,2.774758905807076,0.0,-1,0.020013253810470477
769.6,1.2458326626177723,0.5900829264120653,15.984009742271738,0.0,-1,-0.0012993762993762648
768.6,1.80581288122778,0.38335438167402436,14.653324296663186,0.0,-1,-0.004553734061930825
765.1,1.643651917097145,0.07373113918112972,9.951541198163696,0.0,-1,0.0014377205594040543
766.2,1.5172671086070295,-0.017551223102995284,10.94339653455203,0.0,-1,0.0014356564865569688
767.3,1.4193024453113594,-0.03850529546622172,11.989380354670018,0.0,-1,-0.0015639254528866386
766.1,1.152044909887536,-0.10192094363001503,10.040344966645478,0.0,-1,-0.002284297089152898
764.35,0.7765790663517009,-0.15912892905528342,7.129767395247555,0.0,-1,0.005036959508078809
768.2,0.8449645557211625,-0.030247813228607257,11.671653645632638,0.0,-1,-0.0040354074459776346
765.1,0.5504102540958229,-0.10826737161798228,6.332213922440907,0.0,-1,0.012482028493007391
774.65,1.153098915441774,0.16480709657598958,16.314894495905108,0.0,-1,-0.01187633124636922
765.45,0.5916850031613876,-0.1322022719014656,3.2779587696785555,0.0,-1,0.002678163171990322
767.5,0.43250429675765645,-0.09712765943506563,5.446510039975429,0.0,-1,0.0007166123778501454
768.05,0.3627052521593441,-0.05564223467779267,6.054544475310621,0.0,-1,-6.50999283899889e-05
768.0,0.29341362551360817,-0.04164462044117623,5.977378862211182,0.0,-1,0.017513020833333393
781.45,1.3551500100646763,0.3400305880366308,18.81047640289782,0.0,-1,-0.0025593448077292358
779.45,1.6064223681681824,0.19710098204671223,15.648590418834857,0.0,-1,0.00391301558791457
782.5,1.8523566832058123,0.1476784323614473,18.13001369618634,0.0,-1,-0.016613418530351476
769.5,0.7376274504574667,-0.32235026679563283,0.7636130002740913,0.0,-1,-0.006042884990253405
764.85,-0.26870612012146466,-0.4428946124581881,-3.9060189433869823,0.0,-1,-0.023795515460547922
746.65,-2.2661473954008216,-0.8134452959125151,-17.076725531918548,6.71542321588629,-1,-0.008370722560771426
740.4,-3.5968557500904126,-0.7147178835340355,-20.313349025875354,6.9974520928112725,-1,0.01681523500810389
752.85,-2.924971948260918,-0.014278027234846835,-7.748038596598953,0.0,-1,-0.008833100883310019
746.2,-2.8994490516578253,0.0037482897894154377,-11.799521629077304,0.0,-1,0.004020369874028429
749.2,-2.3950668490514317,0.169376830798603,-8.965381229960798,0.0,-1,-0.009810464495461857
741.85,-2.5557868436605986,0.002885612063145526,-13.51965150829892,0.0,-1,-0.005661521870998221
737.65,-2.773164603993564,-0.07149738275660678,-15.921100680907095,0.0,-1,0.0
737.65,-2.6507564338272687,0.01697026246989619,-15.921100680907095,0.0,-1,0.003456924015454499
740.2,-2.1561559792585285,0.17052357234621196,-12.82134460825175,0.0,-1,-0.004120507970818754
737.15,-1.9833427537025727,0.11444559930072273,-15.008040939969788,0.0,-1,-0.004748016007596778
733.65,-2.023324244782657,0.024821369406879512,-17.449127224759692,0.0,-1,-0.00497512437810943
730.0,-2.1788713032575515,-0.04357522968933836,-19.883575719059166,0.0,-1,0.0019863013698631082
731.45,-1.9542388905567805,0.06035239433714423,-17.65031013521172,0.0,-1,-0.0019823637979357045
730.0,-1.799902776660133,0.07156283607793057,-18.75958590649429,0.0,-1,0.004931506849315204
733.6,-1.2727428216567205,0.19957426369378095,-12.817461036968098,0.0,-1,0.004975463467829844
737.25,-0.5989342756836322,0.2911276032222898,-7.244451642272118,0.0,-1,-0.01037639877924712
729.6,-0.8496188130568498,0.013481021949690697,-14.565339209121994,0.0,-1,0.0026726973684210176
731.55,-0.7416595139886795,0.040480107005953725,-11.579030045550205,0.0,-1,-0.0022554849292597545
729.9,-0.7633749049555263,0.006254905346368966,-13.180151053237758,0.0,-1,-0.0010275380189066485
729.15,-0.773118025026065,-0.0011627382413899046,-13.939125056809623,0.0,-1,-0.004525817732976667
725.85,-0.9885630829758156,-0.07220259873038015,-17.240482591269398,0.0,-1,-0.0033753530343735294
723.4,-1.2180720217027101,-0.10057051248575832,-19.540783562666224,0.0,-1,0.0015205971799834295
724.5,-1.1396538225908444,-0.0073841044579641135,-17.1872618934434,0.0,-1,-0.03008971704623875
702.7,-2.822140237818985,-0.5632901732287015,-31.19879403740586,10.55669642507064,-1,0.0009961576775294745
703.4,-3.369871758948193,-0.37034056478596966,-29.980294990565326,5.420347586128514,-1,0.0065396644867785625
708.0,-2.9795815396004173,0.006649884853935362,-22.08222331796729,0.0,-1,0.004661016949152552
711.3,-2.2611379682931556,0.24169781872039886,-16.82237101811672,0.0,-1,0.003514691410094084
713.8,-1.5051546852818092,0.332560367243915,-12.95547545410772,0.0,-1,0.001891286074530818
715.15,-0.8892334866692408,0.31616052195216104,-10.84294941578436,0.0,-1,0.002516954485073164
716.95,-0.3571700968071809,0.28274130393807373,-7.96154167817209,0.0,-1,-0.0009763581839737911
716.25,-0.11970756047560371,0.17340128008988365,-8.804540250041278,0.0,-1,0.0025130890052356136
718.05,0.15899933772982422,0.1507027260984372,-5.617944669416644,0.0,-1,0.006058073950282017
722.4,0.6476028420216835,0.21310207679676557,1.446966448459797,0.0,-1,-0.00373754152823913
719.7,0.6129376906658308,0.05947897514697098,-2.6969668282791304,0.0,-1,0.0009031540919828274
720.35,0.5986936407657595,0.01507830841563318,-1.585522036412712,0.0,-1,0.0009717498438257532
721.05,0.6000138124186378,0.005466160022837174,-0.3156854264609521,0.0,-1,0.00041605991262749775
721.35,0.5756727472102057,-0.006291635061865031,0.2672801758845438,0.0,-1,-0.010743744368198471
713.6,-0.13030384766159386,-0.23742274331122154,-12.277822702961224,0.0,-1,-0.0002802690582960343
713.4,-0.4891001577923362,-0.1987396844806546,-12.545847268471398,0.0,-1,0.003714606111578256
716.05,-0.4069066330417854,-0.038848719910034635,-6.62283258966891,0.0,-1,0.0027232735144193665
718.0,-0.1694009845796245,0.0662189761840421,-2.5537694536978037,0.0,-1,0.010376044568245257
725.45,0.5843019216997618,0.27330729415447613,9.730692730527458,0.0,-1,-0.006616582810669347
720.65,0.5124615480310695,0.06715564016192793,1.1682902710378187,0.0,-1,-0.0021508360507874746
719.1,0.3046695655275471,-0.04687878078053148,-1.3347344257749114,0.0,-1,0.011333611458767878
727.25,0.8545511104817933,0.16766758805790494,10.07534774803026,0.0,-1,-0.0044688896528016775
724.0,0.7874459570854242,0.03352081155384523,4.689380600461526,0.0,-1,0.008632596685082872
730.25,1.209106217296835,0.15172702392175208,11.97393428092758,-1.38625489920139,-1,0.002396439575487852
732.0,1.4650108292944424,0.13587721197311975,13.785288951388061,-1.126597867987698,-1,0.000683060109289535
732.5,1.5125455661853948,0.06113731628802399,14.324772613486005,0.0,-1,-0.005255972696245781
728.65,1.089434137448734,-0.12065803748287895,7.053301710364366,0.0,-1,-0.003156522335826417
726.35,0.5954255782930886,-0.2048888655461748,3.0710706352074766,0.0,-1,0.009912576581537769
733.55,0.8988025005240843,0.032829352228273656,12.238661202671445,0.0,-1,0.004839479244768574
737.1,1.271424086595971,0.13515031276672018,15.889221614060943,0.0,-1,0.0009496676163340823
737.8,1.4101162057488636,0.09128081063987104,16.59672477696833,0.0,-1,-6.776904310101806e-05
737.75,1.3577859148463176,0.012983506579108406,16.487277550352204,0.0,-1,-0.0014232463571669518
736.7,1.1309719431578742,-0.07127682170311167,14.031863065750798,0.0,-1,-0.018189222207140032
723.3,-0.1933493712829204,-0.46519937871463546,-7.975293794284944,0.0,-1,0.004078528964468475
726.25,-0.5935642475631084,-0.2884714183316079,-3.4792759359584124,0.0,-1,-0.017693631669535304
713.4,-1.8150413317395078,-0.5033161675026692,-16.175085070334625,0.0,-1,0.007639472946453729
718.85,-1.8203597628494208,-0.16954486620419407,-8.634300516346542,0.0,-1,0.009320442373234927
725.55,-1.112988998166884,0.17927529949278087,-0.7369380749270249,0.0,-1,0.00013782647646620738
725.65,-0.6582211993116971,0.21134769944932263,-0.6238626344148059,0.0,-1,0.0005512299317853575
726.05,-0.34265219994153995,0.17563889960649326,-0.12734325553505954,0.0,-1,0.007850698987672988
731.75,0.3186866497387655,0.2789925830955996,6.610728582665239,0.0,-1,-0.0010249402118209794
731.0,0.5602988537673355,0.1735349290413899,5.519660997972622,0.0,-1,-0.0017099863201094356
729.75,0.5302467179676569,0.047827597747237105,3.6063933079049235,0.0,-1,-0.008564576909900645
723.5,-0.04979990976278259,-0.17740634332773414,-5.00745112093351,0.0,-1,0.0029025570145129187
725.6,-0.1606732311478254,-0.09609322157092566,-1.8943225972037538,0.0,-1,-0.003789966923925081
722.85,-0.43188712257801853,-0.12243570433370626,-5.554282600235233,0.0,-1,-0.006087016670125123
718.45,-0.8981701414116969,-0.1962395743891282,-10.84961809612863,0.0,-1,-0.008142529055605863
712.6,-1.543964139044192,-0.28067785734054107,-16.708991691124574,0.0,-1,-0.0014033118158854885
711.6,-1.821530792940166,-0.18608150374550503,-17.629167228371692,0.0,-1,0.0110314783586285
719.45,-1.1543532204763096,0.16036535623945047,-4.491953659635442,0.0,-1,0.003822364306067083
722.2,-0.49540166587132717,0.2731056369481444,-0.6613558431486624,0.0,-1,-0.0038078094710606303
719.45,-0.35380908307956815,0.13823273991330115,-4.235868915136926,0.0,-1,0.0021544235179651317
721.0,-0.12436203476033825,0.1225599294108437,-1.8818931429469075,0.0,-1,-0.010679611650485477
713.3,-0.6409416743707652,-0.13133990339986112,-11.181604761221486,0.0,-1,-0.008271414552081802
707.4,-1.3374863546450797,-0.27596152789139183,-16.66641655871019,0.0436747900798764,-1,-0.002332485156912645
705.75,-1.7118014985618402,-0.21675889060271736,-18.068373317891446,0.03718439169017529,-1,-0.025575628763726432
687.7,-3.2604756123067773,-0.588477668115885,-28.870225497591537,10.451721184060148,-1,-0.003417187727206672
685.35,-3.9589397014869974,-0.42898058576536835,-29.855985859261104,6.199410148785887,-1,0.004231414605675887
688.25,-3.736593437619831,-0.06887810729940069,-25.054861631681398,0.0,-1,-0.0030512168543407325
686.15,-3.4890375192178453,0.059559270367528505,-26.205884167071368,0.0,-1,0.009983239816366618
693.0,-2.5036731000820964,0.3483078965010926,-15.28753565830155,0.0,-1,-0.003896103896103953
690.3,-2.0273514655074223,0.27487651035858907,-17.337065870667338,0.0,-1,0.0013762132406200944
691.25,-1.5410780260943966,0.25371664992387166,-15.817814396644962,0.0,-1,-0.025605786618444926
673.55,-2.6445181375466973,-0.2832411538428099,-26.700382964436816,0.0,-1,-0.001336203696830185
672.65,-3.050861681810602,-0.2298615660355714,-27.11206780570171,0.0,-1,0.010034936445402431
679.4,-2.4372949804583186,0.1279017117722372,-17.215109161951943,0.0,-1,0.0027229908743009457
681.25,-1.7732370480772488,0.26398654805110233,-14.686854112564504,0.0,-1,-0.005137614678899061
677.75,-1.5851049945470095,0.1507062005271138,-17.274440522203946,0.0,-1,0.0002950940612320707
677.95,-1.3422802182363966,0.1311769922792423,-16.962901710184696,0.0,-1,0.001327531528873882
678.85,-1.0340111452279643,0.1464820217625582,-15.44750901063069,0.0,-1,-0.018192531487073782
666.5,-1.822875679954791,-0.2141275043214228,-24.311231488747815,0.0,-1,0.009602400600150052
672.9,-1.5320683073219925,0.025559956103791803,-14.747443888891297,0.0,-1,-0.0028235993461137587
671.0,-1.4173255953953685,0.0467675560101386,-16.183068133142456,0.0,-1,-0.016691505216095415
659.8,-2.175177106482465,-0.2370279850256527,-23.303759853329396,0.0,-1,-0.011670203091845965
652.1,-3.0145047698191547,-0.35878521612078096,-27.002830023237824,2.921361640698592,-1,-0.008664315289066082
646.45,-3.653793204002568,-0.3326912167680649,-29.337089724814014,4.614486226517329,1,-0.004640730141542315
643.45,-3.9189546540940228,-0.19928422228650655,-30.50454043068214,2.007355604530403,1,0.0034190690807365254
645.65,-3.54162249129854,0.05934931350299211,-26.96147352741344,0.0,1,-0.012158290095252933
637.8,-3.7119878689593406,-0.03700535471926969,-30.384181717886857,0.0,1,0.007447475697710981
642.55,-3.0920049020430724,0.19432587073233298,-23.084225307322747,0.0,1,-0.0024122636370709216
641.0,-2.653513010081383,0.21093925423134063,-23.942216294288954,0.0,1,0.013338533541341624
649.55,-1.5006409799270841,0.45460376146187986,-11.856949382989072,0.0,1,-0.001616503733353758
648.5,-0.8866515498559693,0.35619773051099823,-12.68905922247793,0.0,1,0.0016962220508867087
649.6,-0.4141025389991455,0.2762489137892741,-11.136574931643636,0.0,1,-0.03633004926108374
626.0,-2.109986155320712,-0.4732115675107642,-25.563029969288714,0.0,1,0.008865814696485508
631.55,-2.3195957838714776,-0.22760706535384312,-18.881728597479867,0.0,1,0.0013458950201885589
632.4,-2.160267616157512,-0.02275963254662594,-17.86066396051342,0.0,1,-0.0033206831119545477
630.3,-2.0755812309541852,0.020642250885567037,-19.117335615539027,0.0,1,-0.01499286054259863
620.85,-2.6477729357729913,-0.18384981797774635,-24.167654138992855,0.0,1,0.007489731819279921
625.5,-2.3257210435345996,0.04606735808688178,-18.080614754274855,0.0,1,-0.0007993605115906854
625.0,-2.0125516771207685,0.11974557483357096,-18.390558539653206,0.0,1,-0.0016799999999999038
623.95,-1.7757543541539462,0.11884763260013109,-19.09087117842212,0.0,1,0.011379116916419463
631.05,-0.9177094964909429,0.32563083008771154,-9.231398860028946,0.0,1,-0.010537992235163607
624.4,-0.9663779429517945,0.09232079454228659,-14.503030624899182,0.0,1,-0.0038436899423446302
622.0,-1.1101806709363018,-0.017160644480740173,-16.25288916312023,0.0,1,-0.025884244372990417
605.9,-2.4312336456839603,-0.4460712064094663,-25.320916448669184,3.6513440640406998,1,-0.01270836771744499
598.2,-3.5308239959174443,-0.5152205188809833,-28.404537921127602,4.9943991589962025,1,-0.002089602139752622
596.95,-3.890550504707676,-0.29164900922373826,-28.88052153344354,0.9393301830486962,1,0.03283357065080805
616.55,-2.1128678837104644,0.49534453725782424,-6.9945300660850975,0.0,1,-0.004703592571567605
613.65,-1.2896209162360037,0.43953050157742846,-8.870596777005233,0.0,1,-0.0069257720198810935
609.4,-1.1246956894791538,0.20148524277809288,-11.598454444636218,0.0,1,-0.005497210370856598
606.05,-1.227675101977411,0.03283527675994513,-13.706644628878564,0.0,1,-0.001320023100404133
605.25,-1.2435252163951418,0.005661720780738122,-14.227731623255764,0.0,1,-0.007930607187112693
600.45,-1.5478231722377132,-0.09954541168727782,-17.352657294599098,0.0,1,0.00757765009576139
605.0,-1.191820219139231,0.08548584713706808,-11.67786233175729,0.0,1,0.031074380165289073
623.8,0.6521662756716751,0.6431574473159914,5.525417759816698,0.0,1,0.007534466175056265
628.5,1.911479000104464,0.6341567239162602,8.723449994945312,0.0,1,0.0006364359586317203
628.9,2.415178778978884,0.37928550093022695,9.002223112092821,0.0,1,0.0052472571155988135
632.2,2.740763770167746,0.23495683070636275,11.392408821032596,0.0,1,0.008857956342929407
637.8,3.141825951581609,0.21200633737340846,15.21608715056739,0.0,1,0.007369081216682449
642.5,3.472204879656715,0.1807950884828382,18.15704827566563,0.0,1,-0.003112840466926059
640.5,3.1813772703894756,-0.03667750692813376,15.537129116419706,0.0,1,-0.006088992974238816
636.6,2.445848693223411,-0.25740202803139933,10.49848464397666,0.0,1,0.0022777254162738014
638.05,1.995097013538384,-0.2360512359054754,11.714452380148302,0.0,1,0.004701825875714993
641.05,1.853463089234424,-0.1258950534031451,14.244680628468942,0.0,1,-0.01084158801965518
634.1,1.0490242029795809,-0.3101113132193294,4.904526781977246,0.0,1,-0.0026021132313515105
632.45,0.421886076270539,-0.31241647997612376,2.876668638403359,0.0,1,-0.001897383192347335
631.25,-0.026840160106644362,-0.2537142387844357,1.3442547979963138,0.0,1,0.00110891089108911
631.95,-0.19063326495290767,-0.13916911454356634,2.24134953917239,0.0,1,-0.03338871746182459
610.85,-2.0149770452966322,-0.6545042982957638,-17.702670515030583,0.0,1,-0.0010640910207088128
610.2,-2.8134008483605157,-0.4843093671198826,-18.119266435183174,0.0,1,-0.012864634546050469
602.35,-3.632329345862445,-0.4344126215406039,-22.82319379514722,0.0,1,-0.005146509504440955
599.25,-3.9974328157915124,-0.266505363823224,-24.475673447884184,0.0,1,-0.007259073842302954
594.9,-4.209365149440146,-0.1594792324906189,-26.68592147577028,0.0,1,0.0075642965204236745
599.4,-3.589550887144469,0.15344500993501908,-19.744078185350805,0.0,1,0.003503503503503591
601.5,-2.8055145154011143,0.3124937938927914,-16.617207918405896,0.0,1,0.04239401496259343
627.0,-0.05470345324602022,1.0211016186826287,8.491268559604606,0.0,1,-0.0016746411483252732
625.95,1.2377606989352898,0.7711885902879798,7.499737312887142,0.0,1,0.0008786644300662338
626.5,1.826679383448095,0.45336909160026173,7.914953292469718,0.0,1,0.0022346368715082665
627.9,2.0855821104171355,0.2374239395231008,9.046560394885482,0.0,1,0.0033444816053511683
630.0,2.21623496470022,0.12269226460206184,10.803140164212309,0.0,1,0.0007142857142858894
630.45,2.134375144783462,0.013610814895101075,11.199387887592934,0.0,1,0.0007137758743753775
630.9,1.953080639426389,-0.0558945634873238,11.630371335108194,0.0,1,-0.11436043747028057
558.75,-4.312823333204392,-2.1072661787060354,-29.310381004758764,18.818998917334397,1,-0.017002237136465315
549.25,-7.878040041752797,-1.8908276290848134,-31.143023893040393,15.016801970248025,1,0.010286754665452813
554.9,-8.533311725880935,-0.8486997710709838,-26.656044338694148,0.10274798708871913,1,-0.0036943593440258438
552.85,-8.320671590788265,-0.21201987865943828,-27.16509959708862,0.0,1,-0.008591842271863936
548.1,-7.91679555734288,0.06395205159531603,-28.3789482314208,0.0,1,-0.001185914979018432
547.45,-7.1092912441748695,0.2904854549211091,-28.552298059592317,0.0,1,0.00045666270892308347
547.7,-6.092264817242949,0.43583729395100956,-28.284070042952504,0.0,1,0.007668431623151228
551.9,-4.726062869006796,0.6006797473957208,-23.593237550870832,0.0,1,-0.0012683457148032762
551.2,-3.7074566558047763,0.5397619868659138,-23.88304220469339,0.0,1,-0.001360667634252577
550.45,-2.95169882788673,0.43183993826131983,-24.219860882913824,0.0,1,-0.004995912435280192
547.7,-2.5570116782704417,0.27550902929253596,-25.506771925749266,0.0,1,-0.0012780719371919824
547.0,-2.2049171302730883,0.20920119242996327,-25.847763354781932,0.0,1,-0.012065813528336466
540.4,-2.395126762084942,0.006330520206036638,-28.921956309100448,0.0,1,-0.0028682457438933273
538.85,-2.419804347817262,-0.006115688508760986,-29.599534015466094,0.0,1,-0.005289041477220091
536.0,-2.4679927783652147,-0.018101373018904354,-30.856764227046444,0.0,1,-0.00223880597014936
534.8,-2.3864209287754647,0.021156825523615197,-31.393227080278592,0.0,1,-0.011686611817501857
528.55,-2.667599926582625,-0.08667405742784817,-33.98968066292123,0.0,1,0.006148897928294428
531.8,-2.315056098271043,0.0886232569612444,-27.723235933497435,0.0,1,-0.0073335840541556285
527.9,-2.2708628425926918,0.044272170879865236,-29.738810875541073,0.0,1,0.0014207236218981567
528.65,-1.997027644537411,0.10603578964504878,-28.226452800050094,0.0,1,0.0004729026766292499
528.9,-1.672857741798225,0.14340189746141152,-27.680777027796278,0.0,1,-0.010398941198714318
523.4,-1.8297013119455414,-0.00448055756196819,-30.932125319545158,0.0,1,0.00945739396255263
528.35,-1.3431479876903722,0.16069092223106707,-20.641446840403642,0.0,1,0.008422447241411835
532.8,-0.617108993255215,0.2955766388887415,-12.680449661661854,0.0,1,0.027308558558558627
547.35,1.0098362534002945,0.6408406285147503,5.527465999830248,0.0,1,-0.0008221430528912999
546.9,1.7016558556113068,0.44422007690858756,4.978646936752398,0.0,1,0.008685317242640433
551.65,2.3015943354159845,0.34805285223775506,9.655408629072205,0.0,1,-0.0008157346143387034
551.2,2.3722640473669117,0.13957418806289423,9.010155893685287,0.0,1,-0.002177068214804123
550.0,2.1099102327285664,-0.04092654219181702,7.177702437759734,0.0,1,-0.00545454545454549
547.0,1.552907472681909,-0.1993097674128248,2.6372716480125646,0.0,1,-0.01106032906764165
540.95,0.6408304699350538,-0.3704622567198934,-5.3139512044004675,0.0,1,0.0014788797485902894
541.75,0.19805609606714825,-0.2710788768625997,-4.112975901424463,0.0,1,0.009321642824180909
546.8,0.3809975677942248,-0.029379135045174365,3.038565120032807,0.0,1,0.002743233357717534
548.3,0.5657185063415682,0.051780601167389695,5.0012736457510485,0.0,1,0.001276673354003277
549.0,0.6692691000868081,0.05177706497087653,5.955755953669609,0.0,1,-0.01721311475409848
539.55,-0.12222802804785715,-0.2465733543879296,-7.55041798531537,0.0,1,0.002502085070892557
540.9,-0.39529092311124714,-0.17321208315043987,-5.426845055603316,0.0,1,-0.006285819929746639
537.5,-0.7822147937168893,-0.18671198458536065,-9.598590968591175,0.0,1,0.0029767441860466537
539.1,-0.7771588295432821,-0.06055200680391781,-6.818049655254974,0.0,1,-0.0023186792802819545
537.85,-0.8140342783278811,-0.03247581852950565,-8.498793774809407,0.0,1,0.002602956214557972
539.25,-0.6479691461928496,0.04452977120184198,-5.796207655159016,0.0,1,-0.0028743625405655004
537.7,-0.6401058179425263,0.017464366484055138,-8.173306897390518,0.0,1,0.012181513855309634
544.25,-0.03699866898898563,0.20685717181253196,3.554105710765043,0.0,1,0.0070739549839229365
548.1,0.5884714612369635,0.2774424340128271,8.957747603309151,0.0,1,-0.0015508118956395478
547.25,0.781333904580265,0.15676829245204282,7.321780417042291,0.0,1,0.008222932846048359
551.75,1.1876539675367894,0.1876961184695225,13.310412262027349,0.0,1,0.006343452650656944
555.25,1.583509501720414,0.194517217551049,17.27838820833162,0.0,1,-0.00855470508779832
550.5,1.2536448103354587,-0.04511582461130215,7.844862302885339,0.0,1,0.009990917347865613
556.0,1.4425753971149788,0.04793825405607266,14.287268539077616,0.0,1,0.023111510791366863
568.85,2.4876594074117975,0.36434075478429717,24.43119269075423,-6.946440388536416,1,-0.005273798013536113
565.85,2.5528964619425096,0.14319260310500326,19.323343749114102,-0.6108104756991679,1,-0.0023857912874437615
564.5,2.2602736173794256,-0.049810080486027086,17.02359295925227,0.0,1,0.0008857395925598865
565.0,1.9672727269829693,-0.11427032362749445,17.467722306496498,0.0,1,-0.0011504424778761013
564.35,1.6026662212027531,-0.15962560980257012,16.18025730914917,0.0,1,0.009479932665898971
569.7,1.732640783212446,-0.009883682597625842,21.205399502371506,0.0,1,0.002720730208881861
571.25,1.7824079989495658,0.013294511046497925,22.519816282411924,0.0,1,-0.016105032822757215
562.05,0.8920909402389725,-0.29234084922136505,5.739542070803985,0.0,1,-0.007205764611689314
558.0,0.035091499197051235,-0.38311343008776216,0.0723841466288917,0.0,1,0.010573476702508966
563.9,0.09533415374301057,-0.10762359184726761,7.127933238402065,0.0,1,0.007980138322397634
568.4,0.4925109682041011,0.09651774087127435,11.713128767254652,0.0,1,0.004046446164672979
570.7,0.8417234614175868,0.14857674469492,13.90541999209529,0.0,1,0.003854915016646032
572.9,1.12951941957283,0.14545756761672102,15.9759732887929,0.0,1,0.00017455053237913631
573.0,1.18762411368607,0.06785408724332043,16.074263104437563,0.0,1,0.0006980802792320162
573.4,1.151041117935506,0.010423697164252177,16.504323104216667,0.0,1,-0.0018311824206487248
572.35,0.9493295268989641,-0.06376263129076332,14.133119091860493,0.0,1,0.001747182667948044
573.35,0.8526962708058363,-0.05346529579463033,15.437175742249067,0.0,1,-0.009592744396965225
567.85,0.2749882868587292,-0.2103910932472458,3.5409521601242346,0.0,1,-0.006339702386193524
564.25,-0.33678139568644383,-0.2740535919308063,-2.7113351268168344,0.0,1,-0.004076207354895778
561.95,-0.8062677873184612,-0.2478466611876079,-6.331312067397711,0.0,1,0.0016905418631549818
562.9,-0.8946553341912704,-0.11207806935347242,-4.419451688461685,0.0,1,0.00737253508616087
567.05,-0.5184611631117377,0.08803870057535346,3.277433051625934,0.0,1,0.005819592628516057
570.35,-0.012158980645949669,0.19811362768038052,8.467492233622451,0.0,1,0.0065749101428946854
574.1,0.5545053589740974,0.2549259891001425,13.576144557740221,0.0,1,0.0029611565929279493
575.8,0.9332954155362359,0.211238681887427,15.701209201905115,0.0,1,0.0071205279610977446
579.9,1.3865824925226207,0.22150858629127068,20.338568674404,0.0,1,-0.0008622176237281787
579.4,1.4560108233056326,0.09697897235809427,19.073119630160903,0.0,1,-0.003106662064204291
577.6,1.2193907534217487,-0.0465470325085966,14.436085664016758,0.0,1,-0.006578947368421129
573.8,0.682798155694627,-0.1943798767452395,5.669733200041563,0.0,1,-0.00618682467758791
570.25,0.061768677189888876,-0.2718031184166592,-1.2190466874255534,0.0,1,-0.002104340201666055
569.05,-0.35389345182829857,-0.22915508247828228,-3.385525015575155,0.0,1,0.0021966435286882025
570.3,-0.4280667286851667,-0.10110945311171682,-0.7755007882989418,0.0,1,-0.0012274241627212579
569.6,-0.48781447305646,-0.05361906582767001,-2.228727421998009,0.0,1,0.004740168539325795
572.3,-0.2520371391540266,0.06071942269158781,3.637298655316357,0.0,1,-0.0020968023763758836
571.1,-0.21314537727334937,0.03320372819075501,0.8187010558873808,0.0,1,0.01173174575380842
577.8,0.3823959517731055,0.20958168574573666,12.910023142564299,0.0,1,0.0003461405330564826
578.0,0.664966953648559,0.16405089587373,13.210019537521966,0.0,1,0.004930795847750913
580.85,0.988338541782241,0.16247416133580406,17.386660127646152,0.0,1,-0.009124558836188457
575.55,0.6259961240338043,-0.0666227521375442,4.582777623596755,0.0,1,0.001650595082964168
576.5,0.4718252381568391,-0.07359787933816986,6.238785289458306,0.0,1,-0.0006938421509106174
576.1,0.32208769203862175,-0.07444514181879575,5.295537634102878,0.0,1,-0.005467800729040073
572.95,-0.04212172202369402,-0.14621818529370384,-1.7809322859500085,0.0,1,-0.0026180294964656126
571.45,-0.3457162855529532,-0.1499375829409877,-4.838876203296934,0.0,1,-0.0025374048473183475
570.0,-0.5895372101881549,-0.13125283585872982,-7.718869838543547,0.0,1,-0.007368421052631691
565.8,-1.0123195716566897,-0.18467839910908823,-14.918961255385582,0.0,1,0.0010604453870626251
566.4,-1.0893507880862217,-0.0872365385128735,-13.21036606631192,0.0,1,0.010063559322033955
572.1,-0.5620871639604275,0.1466756952043069,0.53228606879334,0.0,1,-0.0004369865408145879
571.85,-0.27244808823411404,0.14543825697687346,0.00250473644140925,0.0,1,0.0006994841304537314
572.25,-0.07159120968481147,0.11543171184205869,0.917320091326701,0.0,1,-0.011708169506334687
565.55,-0.5235301696031911,-0.11216908269210701,-12.017070174001113,0.0,1,0.006011846874723892
568.95,-0.4225388020954597,-0.0037259050614585343,-4.247112481468285,0.0,1,0.006591088847877735
572.7,-0.02433155150026778,0.1314937818445778,2.973296336499118,0.0,1,-0.002444560852104205
571.3,0.06013303642237133,0.07198612325573898,0.20153146448913617,0.0,1,0.0
571.3,0.09735424401515047,0.0364024436161727,0.20153146448913617,0.0,1,0.002450551374059362
572.7,0.22451866081030403,0.05452228680377544,3.223187290483679,0.0,1,-0.0015715034049241794
571.8,0.19439098080704298,0.008131535600171463,1.0122547446317824,0.0,1,-0.013553690101434035
564.05,-0.4827054409284983,-0.2229882953784566,-13.496396371390205,0.0,1,0.003989008066660693
566.3,-0.5935281983855702,-0.11127035094517618,-8.160369804767022,0.0,1,-0.00361998940490893
564.25,-0.7703122272486098,-0.09601812660273856,-11.440764862619766,0.0,1,-0.000708905626938372
563.85,-0.8278448894094481,-0.05118359625452562,-12.085245947463854,0.0,1,-0.004611155449144366
561.25,-1.004290813039006,-0.0758765066280278,-16.169066023100257,0.1062210501509071,1,0.005256124721603639
564.2,-0.7629895404339777,0.05514158865900021,-8.258239326343578,0.0,1,-0.0003544842254520342
564.0,-0.5954231090953499,0.07423600666587604,-8.630810583791096,0.0,1,0.0021276595744681437
565.2,-0.3620213010013913,0.10254593825327823,-5.337971126087311,0.0,1,0.014950460014154121
573.65,0.4890147114624597,0.3178606502390431,11.555309086482659,0.0,1,-0.001307417414800005
572.9,0.8112814917391233,0.2133758101719022,9.7562873711543,0.0,1,-0.002880083784255527
571.25,0.7673080908991778,0.05646746977731887,5.7718576513596815,0.0,1,-0.01120350109409185
564.85,0.14804571623756146,-0.1875983016280992,-6.677559022417931,0.0,1,-0.005399663627511875
561.8,-0.428089280779659,-0.2545777662151066,-11.256924834817042,0.0,1,0.0006229975080100925
562.15,-0.6513160058900667,-0.15926816377517145,-10.442297315263204,0.0,1,-0.0007115538557324053
561.75,-0.7419863679543823,-0.08331284194649569,-11.099216094078663,0.0,1,0.003916332888295626
563.95,-0.5421560183236807,0.038839169228068626,-5.469870082905551,0.0,1,0.0014185654756626587
564.75,-0.3303945086480553,0.08353355963456466,-3.4790554234310136,0.0,1,-0.00035413899955738515
564.55,-0.2136475447562134,0.06676017450880217,-3.938265561713365,0.0,1,-0.002745549552741089
563.0,-0.2666367674138428,0.004590317283724277,-7.546813124891258,0.0,1,0.000266429840142024
563.15,-0.2584116481249339,0.004271812190877744,-7.066098450615058,0.0,1,-0.00017757258279327282
563.05,-0.24109811780328982,0.007195114170840594,-7.33012868804493,0.0,1,0.003729686528727516
565.15,-0.03734984282561982,0.07031446304950355,-0.13597718428076888,0.0,1,-0.0059276298327878285
561.8,-0.21152988510129944,-0.0346218597420587,-9.20886353679488,0.0,1,-0.008009967960128206
557.3,-0.655992415814012,-0.1596947968182571,-17.920676719799225,0.0,1,-0.011304503857886172
551.0,-1.3485576465192253,-0.2840866758411569,-25.920435654669006,3.089474946288192,1,-0.0011796733212340316
550.35,-1.6366271246619135,-0.19071871799461504,-26.589686950796608,1.3234501249610275,1,-0.007722358499136939
546.1,-1.9984429366780887,-0.18417817667026348,-30.522526901089282,2.3793366326530077,1,-0.00018311664530312743
546.0,-2.0211472646296897,-0.06896083487395477,-30.607698923036846,0.0,1,0.0064102564102563875
549.5,-1.5724038232197017,0.12659420217867767,-18.892219728090755,0.0,1,0.010828025477707115
555.45,-0.7211651172463007,0.32594430271735964,-4.053035319047879,0.0,1,-0.002430461787739757
554.1,-0.3479486711557911,0.23305358293595646,-6.419532709015371,0.0,1,-0.001173073452445328
553.45,-0.1865113921808188,0.13149695397030958,-7.588153118333707,0.0,1,0.006052940645044469
556.8,0.18891652998831887,0.1689749587131491,0.07777065004111705,0.0,1,-0.006016522988505635
553.45,0.08172078024051643,0.020593069655115558,-6.374715852774614,0.0,1,0.007046707019604304
557.35,0.3463128403466271,0.0950617099204088,1.6789844057296222,0.0,1,-0.02996321880326558
540.65,-0.941917199629188,-0.39772277668513545,-19.233296875737583,0.9053425995358566,1,0.005178951262369447
543.45,-1.2742057863147238,-0.2433371211235571,-14.37999369565722,0.0,1,0.0035881865857023687
545.4,-1.1716662641312041,-0.04693253298001254,-11.067416362843431,0.0,1,-0.0024752475247524774
544.05,-1.135257647695198,-0.0035079721813355835,-12.549685981600703,0.0,1,-0.002481389578163573
542.7,-1.1349485355025308,-0.0010662866628894374,-14.069648700814987,0.0,1,0.014004053805048766
550.3,-0.4068816014477079,0.24233354913064453,-1.0974399532058925,0.0,1,0.0025440668726151028
551.7,0.10772533236695381,0.2523134943151021,0.935843187459227,0.0,1,0.025647997099873088
565.85,1.535218354910512,0.5599355056195534,16.089532756274124,-2.6238245051007425,1,-0.0005301758416542679
565.55,2.096030003272972,0.3735823846606712,15.612156663914746,-0.530304552535199,1,0.008840951286358312
570.55,2.618433327181492,0.29866190285639727,19.669269562767113,-2.0657998661839656,1,0.00858820436421004
575.45,3.06976554520395,0.2499980402929518,23.12221133450585,-2.710005262093432,1,-0.0028673212268660597
573.8,2.90211785878148,0.02745011795682739,20.134864138274125,0.0,1,0.004356918787033814
576.3,2.7847841940050557,-0.029961182273198883,22.05674694801209,0.0,1,-0.0024292903001907895
574.9,2.377385345449852,-0.14578667694280067,19.28258378452098,0.0,1,-0.052182988345799264
544.9,-0.5244295242819135,-1.0158671822248555,-13.852430413983853,0.0,1,0.017250871719581617
554.3,-1.1483011654576103,-0.5465796078001842,-4.738241680190477,0.0,1,-0.001533465632328923
553.45,-1.4353785555907734,-0.2778856659777824,-5.378177546516142,0.0,1,-0.0029812991236789488
551.8,-1.596802371024637,-0.14643649380388202,-6.698648908604341,0.0,1,-0.002899601304820476
550.2,-1.6777807478229079,-0.0758049568673842,-8.036616846406218,0.0,1,-0.00018175209014903437
550.1,-1.5867882072367365,0.005062527906262382,-8.126467526068978,0.0,1,0.0023632066896928094
551.4,-1.3007262530072694,0.09704149404524309,-6.382664952800127,0.0,1,0.010337323177366686
557.1,-0.5743014214752975,0.274488775192405,0.8071015942761193,0.0,1,0.013283073056901795
564.5,0.45343611274699924,0.4340754364715673,8.449947765482499,0.0,1,-0.010806023029229395
558.4,0.4211852037958579,0.1339415091734753,1.1685989217059856,0.0,1,-0.011103151862464022
552.2,-0.14670568432939035,-0.14464979298392433,-5.142208707825816,0.0,1,0.0021731256791015507
553.4,-0.31842565469787587,-0.10545658778413664,-3.7174419085170527,0.0,1,0.011022768341163669
559.5,0.130583164676068,0.11451741052993576,3.1235685049588398,0.0,1,-0.0018766756032170262
558.45,0.2567056439734188,0.08021329660909551,1.8604100606652736,0.0,1,0.01531023368251394
567.0,1.0108747466242676,0.27812746641998154,10.383240437969668,0.0,1,0.0024691358024691024
568.4,1.420386402397753,0.22921304073115567,11.619505059211718,0.0,1,-0.0019352568613653087
567.3,1.41511003008452,0.07464555613930757,9.98532594960897,0.0,1,0.007403490216816522
571.5,1.6445460080875591,0.10136051138078228,14.032113989353618,0.0,1,-0.004374453193350836
569.0,1.4138851630817726,-0.04310011120833468,10.017729682972266,0.0,1,-0.002460456942003475
567.6,1.0640643103221237,-0.13097365465599453,7.764389250300361,0.0,1,0.0012332628611697594
568.3,0.8588151914154878,-0.1120742578542101,8.627344233565402,0.0,1,0.0236670772479326
581.75,1.8054560326775118,0.278188861135938,21.193080012623938,-3.0342027807606655,1,0.008680704770090086
586.8,2.5491551172520985,0.3406293152368418,24.43264641148464,-3.402445513767816,1,-0.007583503749147846
582.35,2.337741733101666,0.043071977028803055,17.04995564628875,0.0,1,-0.0027474886236799057
580.75,1.9038898966012994,-0.13025995315718797,14.494369749808868,0.0,1,-0.005165733964700769
577.75,1.2783064869677219,-0.2519477875969218,9.749897457165687,0.0,1,-0.009952401557767221
572.0,0.3798225749036419,-0.383477233220334,1.6570751508304085,0.0,1,-0.0017482517482517723
571.0,-0.18440459570376788,-0.31590146794258134,0.33954142410579635,0.0,1,-0.0021015761821366885
569.8,-0.5511511313653727,-0.22754933453472875,-1.3160621844846716,0.0,1,0.010617760617760652
575.85,-0.18442847158246423,0.04639110841605992,6.667434211660314,0.0,1,-0.000868281670573956
575.35,-0.027364769059090577,0.06781827031314454,5.869283268752731,0.0,1,0.00017380724776216994
575.45,0.06178081295752236,0.052321284109919174,6.006979719815455,0.0,1,-0.0007819966982361981
575.0,0.06370520288601256,0.018081891346136456,5.14663833525929,0.0,1,0.003826086956521868
577.2,0.24269196427633233,0.06568955091215206,8.601134819006838,0.0,1,0.004677754677754553
579.9,0.5369610146152581,0.11998620041702596,12.535775501255152,0.0,1,-0.002931539920675852
578.2,0.497682121900084,0.02690243590061725,8.63697640008997,0.0,1,-0.00025942580422011474
578.05,0.4240691653841395,-0.015570173538442422,8.280749041637634,0.0,1,-8.649770781066213e-05
578.0,0.34775692334415,-0.03062747185947734,8.149908908579086,0.0,1,0.0014705882352941124
578.85,0.3514543920455253,-0.008976667719367337,9.852388735684592,0.0,1,-0.005269067979614905
575.8,0.06984859372562369,-0.09686082201308965,1.4996607348842446,0.0,1,-0.0010420284821116566
575.2,-0.1267750215780552,-0.0978281457722562,-0.024779735522081126,0.0,1,-0.0018254520166899324
574.15,-0.3020222440983389,-0.09102512276417998,-2.744676270095354,0.0,1,0.006705564747888193
578.0,-0.043644001683674105,0.055784373216828276,6.827916720893754,0.0,1,-0.02422145328719727
564.0,-1.0774845470026548,-0.32601872403405086,-17.213843681612666,3.6741420983801163,1,-0.011258865248226946
557.65,-2.0337811074119827,-0.427438428147793,-22.975697142856667,5.880235945529762,1,0.011028422845871022
563.8,-1.8299476286655363,-0.07453498313378226,-11.369652228001357,0.0,1,0.005853139411138741
567.1,-1.300535253570274,0.1516257973204933,-6.054532588621434,0.0,1,-0.0037912184799858695
564.95,-1.106617794891804,0.11518108533298776,-8.647197220088685,0.0,1,-0.006637755553588809
561.2,-1.2299409159783181,-0.002714011917842152,-12.890181158341989,0.0,1,0.003741981468282196
563.3,-1.0141074001900279,0.07103983462348262,-9.116046942705616,0.0,1,0.013314397301615433
570.8,-0.19668169227998078,0.2961551808445099,2.2541837503755033,0.0,1,-0.003416257883671947
568.85,0.06592130269837071,0.1862527252742871,-0.4964398367444076,0.0,1,0.007119627318273647
572.9,0.5292293582959928,0.21652026029063642,4.97320393525348,0.0,1,-0.0012218537266537322
572.2,0.6584476062367912,0.11524616941047827,3.8529706952317753,0.0,1,0.012845159035302256
579.55,1.2806860963542022,0.2458282198426298,12.71673391221968,0.0,1,-0.0035372271590026205
577.5,1.3142481667166521,0.09313009673502659,9.193262999167729,0.0,1,-0.05099567099567104
548.05,-1.2326581453284007,-0.8179254051033422,-18.792432492948258,4.944615702304418,1,0.004014232278076957
550.25,-2.220056455906956,-0.601774571893966,-16.19477201745518,0.0,1,0.0014538845979099602
551.05,-2.4620842398705918,-0.2812674519525338,-15.20002131488421,0.0,1,-0.0021776608293256894
549.85,-2.4779244451965496,-0.09903588575949707,-16.05032666805475,0.0,1,0.0016368100391015439
550.75,-2.2043508440932555,0.05817923844793249,-14.732265706224233,0.0,1,-9.078529278250258e-05
550.7,-1.888034806533824,0.12483175866912122,-14.775655584505628,0.0,1,0.000998728890502898
551.25,-1.5267072205430168,0.16205311488664287,-13.816053918342227,0.0,1,0.013696145124716397
558.8,-0.5896511591689659,0.3663697254202313,-2.0541795847738626,0.0,1,0.0006263421617753728
559.15,-0.04281886521789602,0.3044006731237671,-1.564651894827584,0.0,1,0.003308593400697557
561.0,0.3883321871925318,0.24518390851139832,1.1342517765728672,0.0,1,-0.002673796791443861
559.5,0.44654669779833966,0.10113280637240207,-1.1683240706548403,0.0,1,-0.010813226094727346
553.45,-0.06572493838189075,-0.13704627660260946,-9.367923915257698,0.0,1,-0.0015358207606830376
552.6,-0.38721701160682187,-0.15284611660918018,-10.405795663971084,0.0,1,0.001357220412594895
553.35,-0.4531949639188042,-0.07294135630705417,-8.930050665141664,0.0,1,-0.01662600524080604
544.15,-1.2150843597481753,-0.27827691737880844,-19.189348663336958,0.0,1,-0.0006432049986216937
543.8,-1.5239386943505906,-0.1957104173270745,-19.51128522596262,0.0,1,0.0034939315924973346
545.7,-1.3930376371225748,-0.021603120033019563,-15.390079131457604,0.0,1,0.010262048744731356
551.3,-0.7448339720816648,0.20886684833596347,-4.75819867707461,0.0,1,-0.007436967168510611
547.2,-0.7003293085543874,0.08445717062108027,-10.04316927854866,0.0,1,0.011056286549707472
553.25,-0.11554953441122962,0.22307898158807937,-0.3917508558921057,0.0,1,0.005151378219611535
556.1,0.42396948052794414,0.2541993321757511,3.518915498799849,0.0,1,0.0045855062039201755
558.65,0.8708981979535793,0.23370934986712877,6.848144026438533,0.0,1,-0.01190369641099076
552.0,0.4676210401702292,-0.05652260263874043,-2.9224350043362577,0.0,1,0.009963768115942129
557.5,0.6853473745977681,0.05373457726293285,4.296196751357392,0.0,1,-0.0029596412556053275
555.85,0.5995982605950303,-0.010671512246601678,1.9348867650246433,0.0,1,-0.0012593325537465505
555.15,0.4484238485440528,-0.05394864143252642,0.8916056795675757,0.0,1,0.037737548410339716
576.1,2.0813013218065635,0.5263096106099947,20.558765282924185,-7.003943514341927,1,0.00026037146328761196
576.25,2.736798281620622,0.3939355234746844,20.652268202484905,-3.40836230628679,1,-0.01136659436008669
569.7,2.290646904725918,-0.01740528447334011,11.21898621582541,0.0,1,0.0010531858873088495
570.3,1.9266839742180082,-0.12712273832708343,11.738935751729464,0.0,1,-0.0006137120813605179
569.95,1.554978844445941,-0.16627595603305023,11.207050712324339,0.0,1,-0.009211334327572596
564.7,0.8020447091893175,-0.30640336376322463,3.5221085995158816,0.0,1,0.0016823091907205434
565.65,0.43790724912855694,-0.22351360794132846,4.666514404087444,0.0,1,0.0007955449482897059
566.1,0.25684624833752423,-0.1348582029107871,5.246486594519816,0.0,1,-0.00017664723547083927
566.0,0.13657856058057405,-0.08504196355591243,5.0725191528729425,0.0,1,0.00927561837455837
571.25,0.5025631699869564,0.09364754861682334,12.044481528926596,0.0,1,-0.0035886214442012454
569.2,0.4728418771912857,0.02130875194038423,8.130666321791402,0.0,1,0.008432888264230387
574.0,0.818577741027525,0.12234820525887458,14.0332624586093,0.0,1,-0.0014808362369338468
573.15,0.8523975278600346,0.05205599736379474,12.305017800661446,0.0,1,0.008723719794120122
578.15,1.214940960621334,0.13819981004169812,17.957448582116115,0.0,1,-0.0015566894404566156
577.25,1.2199675969501413,0.04774214879016858,15.978722810278938,0.0,1,-0.0019922044174967013
576.1,1.0249836153686829,-0.049080610930430035,13.359496156499176,0.0,1,-0.009807325117167087
570.45,0.37124298996388916,-0.23427374544507462,2.074479318344025,0.0,1,0.0018406521167497747
571.5,0.10093576143117389,-0.16819365799259667,3.7745613573620744,0.0,1,-0.00017497812773403787
571.4,-0.05096249962105048,-0.1066973063482737,3.573457266818245,0.0,1,-0.0023626181309065464
570.05,-0.2351647551787437,-0.09696652063532232,0.7278079243414695,0.0,1,0.018156302078764952
580.4,0.5548311799739167,0.2310098048391127,16.077109802515537,-0.061433314060309385,1,-0.010509993108201332
574.3,0.3952598825524092,0.023812835805868404,4.881244384572433,0.0,1,-0.0038307504788437363
572.1,0.09920257696228418,-0.09074815659475222,1.3918412669383784,0.0,1,0.014158363922391226
580.2,0.6179070427536999,0.14265210306555454,11.425280047257104,0.0,1,0.0010341261633917131
580.8,0.8757670220865066,0.13350402746612045,12.069673235474312,0.0,1,0.005595730027548207
584.05,1.202549759912472,0.15342892176402856,15.534795912972427,0.0,1,-0.0021402277202294817
582.8,1.161561982166063,0.037480381339206614,13.0724128319155,0.0,1,0.004718599862731709
585.55,1.2734379281123438,0.04978544242849581,16.178782100157093,0.0,1,0.0035009819827513944
587.6,1.3940894070761942,0.056812307130782,18.381799635847756,0.0,1,0.0
587.6,1.3382410293016846,0.0003213097854242175,18.381799635847756,0.0,1,-0.006296800544588255
583.9,0.8904634213059808,-0.14915209940342655,9.714717054867847,0.0,1,-0.002140777530399096
582.65,0.4882026655326399,-0.18380428505892255,7.002692854724714,0.0,1,-0.0066935553076460375
578.75,-0.078611267815063,-0.2502060728022085,-0.751201907749568,0.0,1,0.0025917926565874883
580.25,-0.2304672955043543,-0.13402070016383327,2.0369441321156287,0.0,1,-0.003963808703145166
577.95,-0.47885636805699505,-0.1274699242388247,-2.416721564760877,0.0,1,0.01219828704905268
585.0,0.024353793004820545,0.12524674560766363,9.413781041289724,0.0,1,-0.0034188034188034067
583.0,0.10726272411864102,0.06938522557382806,5.467650220354102,0.0,1,-0.0015437392795882854
582.1,0.06477862933229517,0.008967043595827402,3.6848366637770766,0.0,1,-0.002920460401992897
580.4,-0.10352830383851597,-0.05311329652499458,0.2922487025884166,0.0,1,-0.007064093728463172
576.3,-0.5207210784373046,-0.15676869037459445,-6.991087644983473,0.0,1,-0.003557175082422259
574.25,-0.8567573758670051,-0.1642683292680983,-10.193728963996854,0.0,1,-0.0004353504571179556
574.0,-0.974212409926281,-0.09390778777579145,-10.59136421812751,0.0,1,0.0034843205574912606
576.0,-0.7850888927953292,0.03173857645172007,-5.650008713368642,0.0,1,0.0008680555555555802
576.5,-0.5834363931636517,0.07779702536113253,-4.417273929948088,0.0,1,0.016565481352992073
586.05,0.36184288941581144,0.3410254359801985,12.984101234901516,0.0,1,0.00844637829536743
591.0,1.2168289565876194,0.3986705010506688,18.74091710225187,0.0,1,-0.0049069373942469685
588.1,1.3012529104578334,0.16103148497362763,12.421480061789978,0.0,1,-0.003485801734399052
586.05,1.064193811521477,-0.02534253798757624,8.21777690666363,0.0,1,-0.002132923811961396
584.8,0.7528147777599088,-0.11224052391638151,5.677442449788785,0.0,1,0.0020519835841315004
586.0,0.6343906960657932,-0.07688820187016565,7.648645271184584,0.0,1,-0.002303754266211655
584.65,0.40981276387992693,-0.10048871135201065,4.612592567361993,0.0,1,0.0022235525528095934
585.95,0.3717060674636059,-0.04619846925611054,7.03370617603187,0.0,1,-0.0015359672326992202
585.05,0.24667721363346118,-0.05707577436208511,4.785669394400806,0.0,1,-0.0036748995812323493
582.9,-0.015560314417712107,-0.10643776747108614,-0.4032668116033875,0.0,1,0.000428890032595719
583.15,-0.12454905224171853,-0.07180883509836421,0.2060552896173462,0.0,1,0.0003429649318358319
583.35,-0.15199766680029825,-0.03308581655231464,0.7354387186343985,0.0,1,0.003428473472186555
585.35,0.013611164820417798,0.0441743383561338,5.94012504508796,0.0,1,-0.001793798582045092
584.3,0.0077813168957163725,0.01278149681047746,2.6927841534296917,0.0,1,0.024644874208454626
598.7,1.204217949858844,0.40307270992453514,24.897686871157845,-3.145302293496343,1,-0.0086854852179723
593.5,1.268751437185415,0.15586873241703536,13.027675894286084,0.0,1,0.001937657961246897
594.65,1.291122227749952,0.05941317432719084,14.413536450413062,0.0,1,-0.01168754729672905
587.7,0.6155474373863399,-0.20538720534547372,1.4607465814198832,0.0,1,0.0028926322953886086
589.4,0.36813108908904724,-0.15093451788092216,3.976057095167498,0.0,1,0.0016966406515099841
590.4,0.2970786575162947,-0.07399564981789158,5.483792863046311,0.0,1,-0.002371273712737043
589.0,0.12012922027020068,-0.08364836235466189,2.7934538055887757,0.0,1,0.007979626485568936
593.7,0.41331039995793617,0.06984427244435787,10.02394951328752,0.0,1,-0.0005053057099546621
593.4,0.5004584564720744,0.05233077631949873,9.378920821268245,0.0,1,-0.0026963262554769996
591.8,0.36899428002300283,-0.026377800043190958,5.823986890262709,0.0,1,0.0021966880702941616
593.1,0.38084600179661265,-0.004842026089860396,8.0891850461989,0.0,1,-0.011212274489967977
586.45,-0.19913197079961265,-0.1949399995620286,-5.019981815179442,0.0,1,0.0023872452894535545
587.85,-0.3558599595311307,-0.11722266276451557,-2.2611655363386163,0.0,1,0.0016160585183293552
588.8,-0.3254022906027103,-0.028921664612031717,-0.3573778834697805,0.0,1,-0.007048233695652106
584.65,-0.6288899319215489,-0.11080310197695675,-7.816153970403079,0.0,1,0.002651158812965182
586.2,-0.5990595915875474,-0.02699092054765173,-4.422758322885009,0.0,1,0.004094165813715467
588.6,-0.33422278878822453,0.07928196075055705,0.5686678185250784,0.0,1,-0.003737682636765327
586.4,-0.35728582165620537,0.01873964262752542,-3.7515915562814257,0.0,1,-0.005371759890859473
583.25,-0.6015435196188719,-0.07517268511171371,-9.285396890761334,0.0,1,-0.00034290612944709586
583.05,-0.6902104086319696,-0.05461319137493714,-9.62620007569106,0.0,1,-0.00017151187719732786
582.95,-0.6853596524191516,-0.016587478387373067,-9.813081287886291,0.0,1,-0.009949395316922627
577.15,-1.109154303277819,-0.1467940430820135,-19.046479251273613,1.999945644087802,1,0.0022524473707010717
578.45,-1.1202887701006148,-0.05264283663493652,-15.30945631387948,0.0,1,0.009767482064136912
584.1,-0.5616652726703251,0.16866022026511773,-1.7768255719697663,0.0,1,0.0005136106831020726
584.4,-0.2105480845659713,0.1732591361231572,-1.1515161513742953,0.0,1,0.0017111567419576534
585.4,0.06588951653338881,0.1498989124075058,1.0385153675398584,0.0,1,-0.00034164673727354877
585.2,0.1819508573719304,0.08865341774868246,0.5574934394830819,0.0,1,-0.0005126452494874645
584.9,0.19981895634350622,0.03550717224008609,-0.22437257232805763,0.0,1,-0.0018806633612583612
583.8,0.1004347594673618,-0.021292341545352783,-3.174610998401022,0.0,1,0.004881808838643309
586.65,0.27987309774027835,0.05271533224252126,4.575991958517378,0.0,1,0.004602403477371508
589.35,0.5712695087316888,0.11470391441131061,10.618289870884247,0.0,1,0.0011029099855772717
590.0,0.7235285884997893,0.08898766472647035,11.9714028805178,0.0,1,0.006271186440678145
593.7,1.047697412675575,0.13771882963408533,18.760209901553864,-0.8215277287700928,1,0.005305709954522397
596.85,1.3849737070404444,0.15833170799965157,23.27348505392608,-2.07907003967955,1,-0.0017592359889420095
595.8,1.350697378636255,0.041351793198487474,19.551891952672136,0.0,1,-8.392077878471849e-05
595.75,1.2168344328810008,-0.03083705085225552,19.36548433385967,0.0,1,0.0005035669324380265
596.05,1.0735000905966672,-0.058057131045529786,19.903237812199265,0.0,1,0.0052009059642648126
599.15,1.1707079119048558,0.013050230087553016,24.951596363580492,0.0,1,0.006425769840607609
603.0,1.4425861632335,0.09497616047206581,29.659684875240544,0.0,1,-0.001326699834162448
602.2,1.3916431086282728,0.014677701955612799,26.34653819494021,0.0,1,0.0011624045167717423
602.9,1.3085346556067634,-0.022810250355298933,27.26581644549036,0.0,1,0.00016586498590154264
603.0,1.1662692077953807,-0.055025232722227146,27.405202772138495,0.0,1,0.006550580431177622
606.95,1.3271140499067542,0.03527320312971538,32.19604513928263,0.0,1,0.009638355712991098
612.8,1.7844436334702323,0.16420092889773108,36.80127785054552,-0.8567622477323766,1,0.007016971279373507
617.1,2.222738122462829,0.20083180596344263,39.10325918324591,-1.5956588508025789,1,0.0052665694376923256
620.35,2.5274905234205107,0.1685280689737083,40.495380384614975,-1.0828335412121532,1,-0.007334569194809459
615.8,2.090075846947684,-0.08962886916637292,25.49264081601693,0.0,1,0.0019486846378695688
617.0,1.7971955214655964,-0.12750306488282015,26.628085021489127,0.0,1,-0.0008103727714748876
616.5,1.4593223986024668,-0.1551253959153165,25.018971671513228,0.0,1,0.02846715328467142
634.05,2.631275637287331,0.33894261425651573,36.26632072804878,-5.020394795820266,1,-0.005914360066240798
630.3,2.6854792868557524,0.13104875460831256,27.935516703181236,0.0,1,0.0019831826114549145
631.55,2.592957837735298,0.012842435162619292,28.697444103444397,0.0,1,0.007837859235215072
636.5,2.7431172933637527,0.05433396359702458,31.50723700181095,0.0,1,-0.007934014139827084
631.45,2.168770580064347,-0.17333758323412685,20.905730110521574,0.0,1,-0.004038324491250411
628.9,1.488366341742676,-0.2845806071852659,16.083263764047956,0.0,1,0.0035776753060901
631.15,1.2116336941032841,-0.187104418274886,18.203421122635987,0.0,1,0.0022973936465182643
632.6,1.0931312291082804,-0.10186896108996324,19.565682918856595,0.0,1,-0.003319633259563748
630.5,0.7677857275183442,-0.14240482089329987,15.078956914848646,0.0,1,0.0021411578112608964
631.85,0.6536308327636107,-0.08551990521601116,16.616875828622895,0.0,1,0.004827095038379303
634.9,0.7962508159893105,0.019033359336562916,19.940084051792056,0.0,1,0.005118916364781789
638.15,1.0720399062696515,0.09827414987230132,23.109442725591705,0.0,1,0.0004701089085639154
638.45,1.1455977925540992,0.057277345385583045,23.39712138482419,0.0,1,0.0027410133918082114
640.2,1.2327435863168148,0.048141046382766284,25.122145056910057,0.0,1,-0.011324586066854159
632.95,0.5694211843383528,-0.20506045186523192,7.853645466138026,0.0,1,0.0013429180819968245
633.8,0.26114155132097494,-0.1711133616275366,9.07902605270099,0.0,1,0.008835594824865955
639.4,0.5519066055354642,0.03988389752898425,16.259990436509725,0.0,1,0.01094776352830773
646.4,1.2346302488481342,0.2408691802805515,22.871860676524236,0.0,1,-0.0027073019801979736
644.65,1.327272883100477,0.1111706048442982,19.109878372449216,0.0,1,0.007058093539129784
649.2,1.6421547933016427,0.14201750501515464,23.11887080366128,-1.9097604033963762,1,-0.001848428835489857
648.0,1.562749515627047,0.020870742446853052,20.43993738925103,0.0,1,0.00285493827160499
649.85,1.5469844171541354,0.0017018813246472142,22.185561430468965,0.0,1,0.0
649.85,1.4101864998215206,-0.04503201200265594,22.18556143046898,0.0,1,-0.005078094944987455
646.55,0.9492719995034804,-0.16864883744023196,13.878333358963715,0.0,1,0.006882685020493495
651.0,1.0105420827190983,-0.03579291807487128,19.19073283618225,0.0,-1,-0.001536098310291889
650.0,0.8736319507670487,-0.057567683342307,16.739941990822047,0.0,1,0.004999999999999893
653.25,1.0032075555603797,0.02400264048367462,20.51173915778591,0.0,-1,-0.0005357826253349351
652.9,0.9552280616603639,-0.007992284472113753,19.567731872832397,0.0,-1,0.015239699800888351
662.85,1.6808026429052916,0.23919409892427135,28.61233945224761,-1.7475562978440848,-1,0.010032435694350195
669.5,2.4576897132856175,0.33869372310153256,32.4792502133169,-4.243313212917769,-1,-0.0034353995519043057
667.2,2.449659105701926,0.110221038505947,27.120836058412266,0.0,-1,-0.006444844124700366
662.9,1.8831722097683041,-0.1520886191425581,17.95055416188748,0.0,-1,-0.005355257203197961
659.35,1.1471644109874433,-0.29603213930780625,11.267728601119089,0.0,-1,0.006976567831955771
663.95,1.0668968106814418,-0.12543324653793597,16.07185288237642,0.0,-1,7.530687551771109e-05
664.0,0.9420216096383456,-0.08343614919367748,16.12260112277025,0.0,-1,0.005722891566265043
667.8,1.1177488749801796,0.030763705382718776,19.92173587057694,0.0,-1,0.004192872117400492
670.6,1.3458001014028014,0.08627164393511344,22.451097185720485,0.0,-1,0.0009692812406798534
671.25,1.4018423728306288,0.04743797178764697,23.03596246776293,0.0,-1,-0.005735567970204913
667.4,0.9922099774752269,-0.12073147452258493,14.082412678042857,0.0,-1,-0.002097692538207907
666.0,0.5880429483412399,-0.174966167885524,11.058100738012818,0.0,-1,0.002402402402402526
667.6,0.470289188079164,-0.09757330938253328,13.259898944964156,0.0,-1,0.0033702816057519236
669.85,0.559721542274815,-0.0027136517289607642,16.242219335500437,0.0,-1,-0.009629021422706607
663.4,0.020294257516411562,-0.18071364549578808,2.6336585582176752,0.0,-1,0.008139885438649408
668.8,0.19888942701084034,-0.0007061586671197606,10.233231088037478,0.0,-1,0.004111842105263053
671.55,0.5007795595071229,0.1003946579430543,13.542993036836002,0.0,-1,-0.006254188072369771
667.35,0.25999299579643775,-0.04679730192254361,5.679018298972657,0.0,-1,0.0017232336854724473
668.5,0.21376696429138065,-0.03100777780920025,7.287212165125325,0.0,-1,0.000448765893791947
668.8,0.19784003484789991,-0.015644902417560336,7.731765672776177,0.0,-1,0.002093301435406758
670.2,0.29005656722222284,0.025523876652254196,9.896065272449903,0.0,-1,-0.008057296329454067
664.8,-0.1380065471925036,-0.1341797459208241,-0.882536332699388,0.0,-1,0.003309265944644979
667.0,-0.15720422546712598,-0.051125808065148826,2.9501949091630095,0.0,-1,0.0014242878560719596
667.95,-0.07453604581553464,0.010514123862147506,4.591302576460279,0.0,-1,0.0003742795119394682
668.2,-0.006157285505082655,0.026297628057533162,5.049745522333701,0.0,-1,0.006210715354684204
672.35,0.3743785351089173,0.1356111495571777,12.10611019397809,0.0,-1,-0.0035695694206886452
669.95,0.3334482341567764,0.03156028286834561,6.415391664549077,0.0,-1,0.0005224270467945047
670.3,0.31436239750098594,0.004158148737518408,7.053037491939172,0.0,-1,0.008205281217365412
675.8,0.7369559460480559,0.1422505657615295,15.79146016095845,-1.4288736451666182,-1,-0.005622965374371014
672.0,0.5701730581508855,-0.008177440711880313,6.903219048362615,0.0,-1,0.0007440476190476719
672.5,0.48093385935646893,-0.032472213168765585,7.737939148372206,0.0,-1,7.434944237916241e-05
672.55,0.40040310501274234,-0.03766765583749737,7.828694152078299,0.0,-1,-0.001486878299011174
671.55,0.24343746908994035,-0.0648777639200998,5.1947580905262996,0.0,-1,0.0029781847963665786
673.55,0.311334862037711,0.0010065430092235927,9.312940963993675,0.0,-1,-0.0023012397000964357
672.0,0.19017232000840067,-0.04005199967336223,4.962785951004008,0.0,-1,0.01569940476190479
682.55,0.9929100223263276,0.25422856754818834,21.030986235427676,-4.03481619716581,-1,-0.006373159475496215
678.2,0.9490363716248567,0.07011830561557242,11.051931300257763,0.0,-1,0.002875258035977435
680.15,1.0105131819719873,0.0438650386542343,13.599093564174403,0.0,-1,-0.0019848562817026405
678.8,0.8445421553145707,-0.040701996001060725,10.552868055873923,0.0,-1,0.00022097819681810016
678.95,0.7036781290430554,-0.060522007424192004,10.784757516488362,0.0,-1,-0.0013992193828706867
678.0,0.4954396051535923,-0.0895868437712184,8.370151732072792,0.0,-1,0.0
678.0,0.35003370944605194,-0.07833091315958624,8.370151732072792,0.0,-1,-0.004424778761061954
675.0,-0.0018387141948323915,-0.14340111226682353,0.5426653728608315,0.0,-1,0.00592592592592589
679.0,0.1557116335009141,0.004716411809640997,8.739752529808364,0.0,-1,-0.005081001472754143
675.55,-0.06598916210953121,-0.07232812793360145,0.6886370900920795,0.0,-1,-0.004736881059877018
672.35,-0.43800712973893496,-0.14811536518766844,-5.585285929412144,0.0,-1,0.00044619617758590024
672.65,-0.5625155194087483,-0.09087458495249395,-4.877741737981843,0.0,-1,0.0018583215639633721
673.9,-0.47372675429301125,-0.0006952732789189398,-1.8237436738404895,0.0,-1,-0.002077459563733508
672.5,-0.5065218088774373,-0.01116344262111496,-4.944069881068415,0.0,-1,0.0007434944237918462
673.0,-0.43904251876313083,0.018771949164397173,-3.5672851359733215,0.0,-1,0.0011887072808320909
673.8,-0.30204933047571103,0.05192171248393901,-1.2827693547691794,0.0,-1,0.0010388839418224993
674.5,-0.15004862545902142,0.06797413916687622,0.7589108594444482,0.0,-1,-0.004447739065974843
671.5,-0.3115442208290915,-0.03117381873439795,-7.330462666872982,0.0,-1,-0.0014892032762472418
670.5,-0.4496633334450735,-0.05643097711679329,-9.708673723120995,0.0,-1,0.0036539895600298244
672.95,-0.2770842786326284,0.03871602589855061,-1.8428390890613215,0.0,-1,-0.001411694776729422
672.0,-0.2468710613403573,0.022976414396940592,-4.429312281332322,0.0,-1,0.0037202380952381375
674.5,-0.0028585309158870587,0.08899631494047029,2.9582987276059143,0.0,-1,-0.002446256486286158
672.85,-0.018114054793954892,0.02458026368746749,-1.835699370369106,0.0,-1,-0.0030467414728395648
670.8,-0.19506564550010808,-0.0507904423395619,-7.1859875055616484,0.0,-1,0.0023852116875373586
672.4,-0.13395263706149763,0.0034408553663495267,-2.16114302806416,0.0,-1,0.0015615704937537167
673.45,-0.004733413087137706,0.044220026446903156,0.9796289040751915,0.0,-1,-0.00037122280792933893
673.2,0.03943731665742689,0.029463585397155927,0.18029051138815078,0.0,-1,0.0019310754604870972
674.5,0.16656957180828158,0.052198613516003536,4.318698520901862,0.0,-1,-0.0045218680504076625
671.45,-0.0379117649337104,-0.050760907741996146,-5.349991532590302,0.0,-1,-0.004616873929555454
668.35,-0.39532645289352786,-0.13605853190060452,-12.823236329606274,1.161488802924623,-1,0.0036657439964089544
670.8,-0.33692325913227705,-0.025885112713117886,-4.772879721718951,0.0,-1,-0.003577817531305816
668.4,-0.4796447239906456,-0.0562021925238288,-10.308820845943764,0.23399002491748888,-1,-0.005236385397965337
664.9,-0.8027017294206189,-0.12641973265126738,-16.878154838067232,2.099193352478551,-1,-0.0013535870055647603
664.0,-0.9723384213506279,-0.09868547486042545,-18.373726801381135,1.4575655125265712,-1,-0.0013554216867469604
663.1,-1.0511285655363736,-0.05915853968205709,-19.88463611455076,0.8603024009335059,-1,-0.013723420298597522
654.0,-1.761262923834579,-0.25643096599342075,-30.4028133161382,5.7914223847401445,-1,-0.003593272171253825
651.65,-2.1653915259975065,-0.2201865227187827,-32.18787064679225,4.364516004973325,-1,-0.0023018491521522577
650.15,-2.3120065332458353,-0.12226717665570375,-33.26872777700922,2.409695285276257,1,-0.004537414442820742
647.2,-2.438480159099413,-0.08291360083642729,-35.227542852655304,1.7189503412540716,1,-0.002626699629171836
645.5,-2.4401769587680064,-0.028203466835007074,-36.257710621530464,0.0,1,-0.005422153369481042
642.0,-2.529343945371579,-0.03912348447952674,-38.148357324547604,0.0,1,0.00218068535825533
643.4,-2.2464821098924403,0.08124611699987083,-33.06901112441349,0.0,1,0.01173453528131807
650.95,-1.2886776829951714,0.3463501812990466,-11.748543869239256,0.0,-1,-0.0017666487441433398
649.8,-0.7982189959635662,0.27893628944355053,-13.340926886519476,0.0,1,0.0
649.8,-0.4864714027842183,0.1968946275409662,-13.340926886519483,0.0,1,0.0031548168667283605
651.85,-0.11922498929584435,0.18804701367644672,-8.024924684041174,0.0,-1,-0.0014573905039503288
650.9,-0.0048330334436741396,0.10081298984287232,-9.763709763857307,0.0,-1,0.0024581348901522304
652.5,0.18609903060269062,0.09724835129641235,-5.46418068276629,0.0,-1,0.0022988505747125743
654.0,0.3910568100756109,0.10073537692311091,-1.597479618690251,0.0,-1,-0.0025993883792049255
652.3,0.3192809656391091,0.009653177495536402,-5.503785222510373,0.0,-1,0.001149777709642752
653.05,0.3192862962843037,0.003219502713577016,-3.3915578539705606,0.0,-1,-0.0042875736926727415
650.25,0.05934843691647984,-0.08557278555141562,-9.746049717860075,0.0,1,-0.0036139946174548188
647.9,-0.27139952917707433,-0.13877358388165661,-14.28665816708152,0.0,1,0.001311930853526766
648.75,-0.3433235514590933,-0.07023253538789187,-11.498738175251027,0.0,1,0.004315992292870829
651.55,-0.11734193331187726,0.05191636091977475,-3.074310387071762,0.0,-1,-0.0009208809761337422
650.95,-0.04457262979553889,0.04156188814537104,-4.5564766131492505,0.0,-1,0.008526000460864713
656.5,0.45802640777890247,0.18138697523993752,8.813725726227396,0.0,-1,0.00038080731150036407
656.75,0.6919903925844437,0.13845032001515956,9.312787287026467,0.0,-1,-0.0005329272934907481
656.4,0.72213985227188,0.05619992656753192,8.215486549786455,0.0,-1,-0.0007617306520414369
655.9,0.6353695944262654,-0.010190110426027577,6.554730937480834,0.0,-1,-0.0011434669919194729
655.15,0.47653699930128823,-0.05634090185033491,3.987814709821137,0.0,-1,-0.011600396855681927
647.55,-0.27592404820290994,-0.2696006497848444,-14.271023765198692,0.0,1,0.0019303528685044036
648.8,-0.5249942346048329,-0.17289027872892243,-10.529906572988942,0.0,1,0.01895807644882863
661.1,0.41922019174455727,0.25710804920682256,13.010605516730337,-1.449730853508754,-1,0.0021176826501285717
662.5,0.973059055607223,0.27031563768982947,14.744616182177978,-1.0796865265624547,-1,0.007018867924528216
667.15,1.5563902329047323,0.2845489383291129,19.944370034953778,-2.907887808731175,-1,-0.0023982612605860654
665.55,1.5850233021446911,0.10439400252302389,16.210910743064503,0.0,-1,0.0048831793253700795
668.8,1.7380878949193175,0.08581953176588342,19.843829727647147,-0.3475195086836038,-1,-0.0029904306220095433
666.8,1.5031128667300209,-0.04971849880780432,15.060803372653552,0.0,-1,0.0004499100179964355
667.1,1.2853659470745242,-0.08915513948776699,15.455085957435728,0.0,-1,-0.03192924599010649
645.8,-0.7056213416760784,-0.6933808094127899,-15.372204840945805,0.0,1,-0.0010065035614741369
645.15,-1.6964798742450284,-0.5614131139939134,-15.916491265487132,0.0,1,0.004805084088971512
648.25,-1.792202484342397,-0.2190452413637607,-10.848257517580215,0.0,1,0.00123409178557643
649.05,-1.6240469156958852,-0.01696322423908292,-9.535677943275616,0.0,1,0.0018488560203375748
650.25,-1.304631888397921,0.10081726768629373,-7.469518632143291,0.0,1,-0.0016916570549788679
649.15,-1.1278717173825044,0.09252581290057016,-8.921528947674226,0.0,1,0.0028498806131094234
651.0,-0.7913356554262236,0.14302062495228363,-5.387900820044251,0.0,-1,0.010368663594469973
657.75,0.005377013504130446,0.3132444312942126,5.444760252871795,0.0,-1,0.005245153933865598
661.2,0.6907852635106337,0.3328842271002386,9.898766241897704,0.0,-1,0.00015124016938883322
661.3,0.9842572832212682,0.2087854156036244,10.027458425572853,0.0,-1,-0.0012853470437016457
660.45,0.9781385194747827,0.06755555061904628,8.261610350017293,0.0,-1,0.006056476644711983
664.45,1.2269009276452607,0.10543931959650821,13.82578832129839,0.0,-1,0.0028595078636466376
666.35,1.4073737210934496,0.0953040376815657,16.20364813179023,0.0,-1,-0.003376603886846241
664.1,1.1928289743931373,-0.039746903006248946,10.933423146016843,0.0,-1,-0.004366812227074246
661.2,0.7444875198434602,-0.16269611918530869,4.697668498963189,0.0,-1,0.006352087114337435
665.4,0.8082761659150037,-0.032969157704588414,11.103211749764142,0.0,-1,0.005109708446047412
668.8,1.0561474751245896,0.07163405050166582,15.491979319104558,0.0,-1,-0.009569377990430561
662.4,0.5587375068023448,-0.14192530594019304,2.9876117493661454,0.0,-1,0.0009812801932367332
663.05,0.3176377304076823,-0.12767502744495185,3.979171571358499,0.0,-1,-0.0015835909810723026
662.0,0.08311803134313323,-0.12073157550316699,2.0102475365595183,0.0,-1,-7.552870090632435e-05
661.95,-0.04523498746777932,-0.0830281981046932,1.9100648871027914,0.0,-1,-0.010574816829065692
654.95,-0.6889752479175968,-0.2422561528515036,-10.05789378223055,0.0,-1,0.011909306053897284
662.75,-0.3034307741493194,0.047762773638924616,3.27852219879842,0.0,-1,-0.0011316484345530453
662.0,-0.14787263941946094,0.0677736361229277,2.043819634520048,0.0,-1,0.0033232628398791597
664.2,0.12556248123053138,0.11373625225764002,5.4116520264093,0.0,-1,0.004140319180969687
666.95,0.48098316811967834,0.15638564638226238,9.374206495359473,0.0,-1,-0.0075717819926531815
661.9,0.19777824755419715,-0.04227309139440627,0.26046794105345583,0.0,-1,-0.0013597220123885423
661.0,-0.0353057333580864,-0.09178569076889662,-1.2221525570926772,0.0,-1,0.021180030257186067
675.0,1.0177610872989362,0.3204270432960421,16.0747818450604,-3.5966583687627462,-1,-0.006296296296296244
670.75,1.1053144070191365,0.13599345433874743,9.318331005666117,0.0,-1,0.009765188222139232
677.3,1.6028148662943522,0.211164637871321,15.380327713844196,-2.3214680761578848,-1,0.0017717407352724202
678.5,1.8179971904074819,0.14211565399481696,16.399528483292826,-1.1252940223928363,-1,0.004495210022107621
681.55,2.02825525326341,0.11745790561691494,18.978659667864548,-1.4122909952284317,-1,-0.0010270706477880642
680.85,1.9060296802526864,-0.001589222464602802,17.654380122266232,0.0,-1,0.0016890651391643363
682.0,1.7819144203929227,-0.04190149410812216,18.749542681363337,0.0,-1,-0.0037390029325512497
679.45,1.3588639220970435,-0.1549839974680005,13.45612135007579,0.0,-1,0.005298403120170603
683.05,1.3341000127743428,-0.059915968930233765,17.39417520472378,0.0,-1,-0.0008784130005122792
682.45,1.1605430570483577,-0.07782430821873954,16.075571834514108,0.0,-1,-0.0002930617627665555
682.25,0.9603859910980646,-0.09266045805634415,15.600200248199144,0.0,-1,-0.0003664345914253797
682.0,0.7594419588648407,-0.09786816342985605,14.95119687902249,0.0,-1,0.0031524926686217203
684.15,0.7748497795093954,-0.027486780928433818,17.978394865927697,0.0,-1,0.002119418256230521
685.6,0.8388162082059125,0.01215988258936107,19.92492607170236,0.0,-1,-0.006855309218203098
680.9,0.4092314052037409,-0.13914164013760355,7.365817713641476,0.0,-1,-0.0053605522103098435
677.25,-0.1438302800644351,-0.23073444180192654,-0.3318210388850886,0.0,-1,0.008490217792543442
683.0,0.07079140064013245,-0.005370920365786333,9.241363938396255,0.0,-1,0.003587115666178642
685.45,0.37636962427257004,0.10006910108888378,12.608370259439695,0.0,-1,-0.002407177766430957
683.8,0.3602946007325727,0.027998025849628794,8.963493515301046,0.0,-1,0.0010236911377596858
684.5,0.38056587223502447,0.016089765784026877,10.059555040292523,0.0,-1,-0.00021913805697582056
684.35,0.3464876852999623,-0.0059961403836784055,9.6800266489958,0.0,-1,0.004018411631475205
687.1,0.5297412847240821,0.059085819680147145,14.278285164716095,0.0,-1,-0.005530490467181015
683.3,0.2605563107091484,-0.07003305144492883,4.700354634542215,0.0,-1,0.0018293575296355336
684.55,0.20841746447592868,-0.04072396589271618,7.040028338064616,0.0,-1,-0.004747644437951948
681.3,-0.10585341401372261,-0.11833161479412249,-0.3657809397939715,0.0,-1,0.002862175253192545
683.25,-0.09166773542403917,-0.03471531206814635,3.6464381773215564,0.0,-1,0.002049030369557281
684.65,0.0397307484894327,0.03222772394844184,6.416095984105333,0.0,-1,-0.0009493901993719023
684.0,0.04795242807210798,0.013483134510372377,4.729137407274962,0.0,-1,0.019883040935672502
697.6,1.1814005655240862,0.3823104239874503,23.29403875716207,-5.928783002887712,-1,-0.008887614678899203
691.4,1.1330079204564072,0.11130592630659053,10.687799669436679,0.0,-1,-0.0067978015620479
686.7,0.6227276045511871,-0.13299146319954314,3.0084313516984125,0.0,-1,0.003713411970292624
689.25,0.5281934795526695,-0.0758418627326869,6.338994355909357,0.0,-1,0.0020311933260790394
690.65,0.5535769604240386,-0.016819460620439264,8.148476607504065,0.0,-1,-0.0062984145370303946
686.3,0.1576372874910703,-0.13758637785113587,0.8699919070206832,0.0,-1,0.0005828354946817438
686.7,-0.020135656266347723,-0.10511977386951799,1.4903733365770364,0.0,-1,0.00021843599825244198
686.85,-0.09484415678957703,-0.05994275813091577,1.7442657011979463,0.0,-1,-0.004294969789619296
683.9,-0.37012806065206405,-0.1117422206644676,-3.5663270001611522,0.0,-1,0.007676560900716556
689.15,-0.03942600752895942,0.07298661081954569,5.470627905810275,0.0,-1,-0.006457229920917018
684.7,-0.24162281367330252,-0.043070065108265804,-2.134568337216315,0.0,-1,0.0011683949174821073
685.5,-0.25591931560597914,-0.019122189013647484,-0.7448500166311973,0.0,-1,0.0024799416484317938
687.2,-0.10007429027189119,0.045574278773480165,2.259850557108578,0.0,-1,-0.0031286379511060725
685.05,-0.19297892008216877,-0.015776783678932482,-1.7544809913801274,0.0,-1,0.008539522662579513
690.9,0.26415034168621787,0.14711749269648472,7.999363801588267,0.0,-1,0.002243450571718153
692.45,0.5998691107631657,0.16094542059114425,10.207194486089357,0.0,-1,0.001805184489854783
693.7,0.8219060694048039,0.12766079307759415,11.997227273326807,0.0,-1,0.005045408678102881
697.2,1.1560990429419462,0.1539512555382454,16.66276329721036,-0.20421751641504216,-1,-0.004159495123350676
694.3,0.98518727613191,-0.005653503757263589,9.893332050931193,0.0,-1,-0.005041048538095949
690.8,0.5259657863825851,-0.15495833116886282,2.714897092602129,0.0,-1,-0.0011580775911985697
690.0,0.1858578926427299,-0.16502207496957266,1.157706421249138,0.0,-1,-0.006521739130434745
685.5,-0.37468421194739676,-0.2418547265198998,-6.8152417411936455,0.0,-1,0.005835156819839593
689.5,-0.29039824658013913,-0.05252292038421408,0.7635439868352663,0.0,-1,0.0019579405366207947
690.85,-0.11155541001494385,0.042106638726993745,3.1091452497945014,0.0,-1,0.003112108272417924
693.0,0.16632895910231582,0.10666366928141784,6.754737722376092,0.0,-1,0.004834054834054857
696.35,0.5705770637357546,0.1703039246382856,11.88500169595357,0.0,-1,-0.00610325267466072
692.1,0.37098636074108526,-0.009762259452127886,3.0188860998392784,0.0,-1,-0.000866926744690133
691.5,0.1902754791819916,-0.06349104700374053,1.8535628926197205,0.0,-1,-0.001446131597975464
690.5,0.0007304151372409251,-0.08434537034949709,-0.17446537357066205,0.0,-1,0.002027516292541609
691.9,0.022563681853512207,-0.020837367877741937,2.7030275821257064,0.0,-1,0.00346870935106236
694.3,0.231600008390501,0.06273298621974896,7.360828959315292,0.0,-1,-0.0082817225983004
688.55,-0.16234849570685128,-0.1104051726258678,-4.553338555421142,0.0,-1,-0.0034855856510056515
686.15,-0.545793706446716,-0.1646167944552442,-8.5464455388517,0.0,-1,0.005465277271733626
689.9,-0.37953350294606025,0.0005478030151371827,-0.7977135132331625,0.0,-1,-0.0013045368894042397
689.0,-0.3397756092836062,0.013435232225863736,-2.475051176024145,0.0,-1,-0.005007256894049461
685.55,-0.5790820283453968,-0.07529039561197559,-8.50077564170494,0.0,-1,0.004230180147327012
688.45,-0.4088117355141776,0.031659965739747886,-2.3066385150059574,0.0,-1,0.004067107269954073
691.25,-0.05627561113908541,0.12806536337161337,3.028780708165556,0.0,-1,-0.009041591320072317
685.0,-0.3961512480232159,-0.0706034245041724,-7.677970287451835,0.0,-1,-0.007372262773722604
679.95,-0.953909795796676,-0.20945399075921078,-14.172293768053038,2.0947503232459894,-1,0.009338921979557213
686.3,-0.624129920033738,0.040108628334575736,-2.8431741231074312,0.0,-1,-0.003934139589100827
683.6,-0.6322291554828325,0.010669797628493738,-6.473532908013944,0.0,-1,0.004607957870099488
686.75,-0.3210930102503653,0.10726864762032035,-1.3491398271809203,0.0,-1,0.004077175100109187
689.55,0.09456614655334761,0.1743092681413444,2.874246004027256,0.0,-1,-0.0007976216372995726
689.0,0.24868187940910502,0.10947500033236729,1.9418357752929225,0.0,-1,-0.00464441219158207
685.8,0.03834958921947873,-0.03361909661908634,-3.3736069356243874,0.0,-1,-0.0029892096821230174
683.75,-0.2408456883101735,-0.10427145804957952,-6.539377677661555,0.0,-1,-0.006654478976233946
679.2,-0.7395395197158905,-0.20098842981843223,-12.77275681374391,0.40641763906648976,-1,-0.004196113074204977
676.35,-1.164758142109008,-0.20873568407051668,-16.151519812848456,1.3037241026745505,-1,0.020181858505211814
690.0,-0.1428042747965037,0.27107272774732927,5.393278733721516,0.0,-1,0.005797101449275255
694.0,0.7134063484261333,0.37576111698998876,9.670042001717135,0.0,-1,-0.0016570605187319343
692.85,0.9862277976685618,0.2161941887441391,7.896812679200515,0.0,-1,-0.0009381540015875878
692.2,0.9862862058173505,0.07208419896430929,6.836080633947375,0.0,-1,-0.0005056342097660149
691.85,0.8749582260736588,-0.01308126025979417,6.219836511413554,0.0,-1,-0.005492520054925287
688.05,0.42971438402901185,-0.1527750341014804,-0.28305019259430253,0.0,-1,0.0
688.05,0.17128293100427072,-0.13706882904207385,-0.28305019259430964,0.0,-1,-0.001308044473512071
687.15,-0.04720637309185349,-0.1185193777127327,-1.9095330750703496,0.0,-1,0.005093502146547246
690.65,0.13914950595108166,0.022612167110067485,4.519598788729596,0.0,-1,-0.008035908202417952
685.1,-0.2417683466900371,-0.11943522851035043,-5.246380620179394,0.0,-1,0.003503138227995972
687.5,-0.21207991078642863,-0.02991559753558065,-0.8682779875360396,0.0,-1,0.002690909090909077
689.35,-0.025395700269086774,0.05225620432725374,2.3648829353779206,0.0,-1,-0.006600420686153741
684.8,-0.3091039533212552,-0.0771506829083049,-5.384440500799769,0.0,-1,-0.00043808411214951715
684.5,-0.45019941707062117,-0.07274871555255696,-5.862954074723206,0.0,-1,0.00021913805697582056
684.65,-0.47073053085614447,-0.031093276446026774,-5.532067417126115,0.0,-1,-0.008836631855692612
678.6,-0.9459352101774812,-0.1687659852557879,-14.859886660933547,0.0,-1,-0.0013262599469495706
677.7,-1.1797096156567477,-0.13418013024501807,-16.037433812468812,0.0,-1,0.005902316659288864
681.7,-0.8649543504250232,0.06019171166223547,-6.6610618069928265,0.0,-1,0.0027138037259790693
683.55,-0.4813305219404356,0.14793851338227437,-2.807937050581259,0.0,-1,-0.006875868627020609
678.85,-0.6410743975363857,-0.003935120737891928,-10.408032791151548,0.0,-1,0.0010311556308462144
679.55,-0.609190135539734,0.0093163804195866,-8.839911033030653,0.0,-1,-0.008167169450371548
674.0,-1.0049821599130837,-0.1288252146512544,-16.50069647815984,0.4011028544994133,-1,0.001112759643916883
674.75,-1.0566296587736588,-0.060157571170609825,-14.692779123888556,0.0,-1,0.003038162282326784
676.8,-0.8235676033061736,0.05763482809895848,-9.758726240973267,0.0,-1,-0.009013002364066103
670.7,-1.146739275296909,-0.08851228129725897,-17.86259295707942,0.29089793679963805,-1,-0.002683763232443792
668.9,-1.3627635050174831,-0.10151217033927762,-19.853098594171964,0.0,-1,-0.0010464942442816039
668.2,-1.4155453277929837,-0.051431331038259476,-20.638891408548876,0.0,-1,0.00037413947919784363
668.45,-1.3031407951980327,0.020324400518897168,-19.915722606150666,0.0,-1,-0.03186476176228603
647.15,-2.9133434626340886,-0.5299594223057196,-34.722234026668616,10.940845834206016,1,-0.012748203662211188
638.9,-4.163166174465914,-0.5932607113791817,-37.39259869998225,10.718334289209452,1,0.011582407262482386
646.3,-3.8244803491763832,-0.0848582953632171,-24.427408809994322,0.0,1,0.010908246944143718
653.35,-2.7489307407668093,0.3302304376821188,-14.32552326241889,0.0,-1,-0.007652865998316383
648.35,-2.3987450414981595,0.22680537898358955,-17.77247265991734,0.0,1,-0.0023135652039792953
646.85,-2.148756771738931,0.15893121624760598,-18.778051316745486,0.0,1,0.0017005488134806956
647.95,-1.7530329058811276,0.1848850273684699,-17.072776943787183,0.0,1,-0.01234663168454353
639.95,-2.0757515641287227,-0.04594454362637501,-22.568752048378105,0.0,1,-0.010703961246972482
633.1,-2.634964929575176,-0.2017193030242761,-26.327863354860245,0.0,1,0.006949928921181403
637.5,-2.3283245348337687,0.034973697239043755,-19.52773234061142,0.0,1,0.009098039215686304
643.3,-1.4976439595603779,0.2885514241708116,-11.502465062123576,0.0,1,-0.006062490284470701
639.4,-1.2825000086269256,0.16789845836808803,-14.558819543361054,0.0,1,-0.003753518923991228
637.0,-1.268053032441344,0.06078181151788997,-16.383661807137457,0.0,1,0.003061224489796066
638.95,-0.9926584583117801,0.11205879521581785,-13.434987076788126,0.0,1,-0.01549417012285792
629.05,-1.5972396330543006,-0.16417412650890095,-20.761250516376705,0.0,1,-0.003576822192194573
626.8,-1.9539269176710832,-0.17362047037522776,-22.169385874513175,0.0,1,0.0019942565411614765
628.05,-1.8652766501735414,-0.028323400959228584,-20.085850199682675,0.0,1,-0.007244646126900678
623.5,-2.0446784622437235,-0.06924173767647024,-23.21353003205264,0.0,1,-0.004731355252606373
620.55,-2.2098228297585365,-0.07812870173042796,-25.089782413682407,0.0,1,-0.006043026347594904
616.8,-2.420743111035904,-0.09634966100259845,-27.33236631550543,0.0,1,-0.0029182879377430693
615.0,-2.474474659088287,-0.05002706968499382,-28.370872090975187,0.0,1,0.018536585365853675
626.4,-1.3451342115238276,0.35977112595982197,-9.264201889240546,0.0,1,-0.009099616858237458
620.7,-1.143369470114635,0.1871786224563381,-14.123444299720603,0.0,1,-0.0020138553246334956
619.45,-1.0513729769005522,0.09305837189014032,-15.136778042102492,0.0,1,0.00145290176769719
620.35,-0.8427603155518,0.10055701107963089,-13.697469417183065,0.0,1,0.002740388490368284
622.05,-0.5265572919147417,0.13892001157222977,-10.874370838321717,0.0,1,-0.005706936741419422
618.5,-0.6204093391032757,0.015022654794565216,-14.522679681136907,0.0,1,-0.00153597413096207
617.55,-0.6948012511055595,-0.019789752402572858,-15.479778066354932,0.0,1,-8.096510404009827e-05
617.5,-0.678263769514615,-0.0010840902705427924,-15.534152984965722,0.0,1,0.006801619433198347
621.7,-0.26347304792625437,0.13790221043927264,-7.134518479976812,0.0,1,0.005468875663503292
625.1,0.24921173352845472,0.21686233063132726,-1.228540803457065,0.0,1,0.006798912174052152
629.35,0.8389531464617903,0.26886791452155423,5.202930518942807,0.0,1,0.004766822912528834
632.35,1.3139110907231952,0.24794195292765298,9.218535504158098,0.0,1,-0.0026883845971377163
630.65,1.3002308052937224,0.07808722249939337,6.0548056776762,0.0,1,0.0
630.65,1.1850380954712136,-0.012368495774371713,6.0548056776762,0.0,1,-0.007531911519860435
625.9,0.6328552326040153,-0.18818378621385667,-2.668000908951065,0.0,1,-0.0007988496564946823
625.4,0.26235919845339595,-0.18622660678815872,-3.5140565516310147,0.0,1,0.001119283658458592
626.1,0.11358124817365933,-0.11166818568929845,-2.0663298957844773,0.0,1,0.0013576106053345693
626.95,0.10056050235255043,-0.041562977170135795,-0.23281439918168445,0.0,1,-0.003588802934843316
624.7,-0.10182991242061235,-0.08131779731443287,-4.903606270095132,0.0,1,-0.0018408836241396997
623.55,-0.29037262710551204,-0.0899535039997775,-7.185578361463662,0.0,1,-8.018603159321014e-05
623.5,-0.3646129321891749,-0.05473126969448011,-7.289984947260123,0.0,1,0.020048115477145245
636.0,0.6703179929513681,0.326733218482021,15.845647243637245,-0.9381945145892132,1,0.00621069182389955
639.95,1.4610902894423816,0.3725018383243448,20.087024058329575,-2.173669947906319,1,-0.0030471130557075954
638.0,1.5722189135676672,0.16121015414987672,15.617363127981648,0.0,1,0.007445141065830718
642.75,1.8925983161662998,0.1605298522495031,20.678416011256218,-0.5565318730571107,1,-0.00194476857253989
641.5,1.7909048244517862,0.019612120178329917,17.76192061208704,0.0,1,0.0024162120031177015
643.05,1.7199826765569242,-0.017103342572177382,19.49615672083158,0.0,1,0.0028769147033667064
644.9,1.6953563795631226,-0.013909879855326324,21.52740772906033,0.0,1,0.03163281128857176
665.3,3.241763532769255,0.5108324244502689,34.32020216486862,-10.736454106611632,-1,0.002329776040884024
666.85,3.8739868149748418,0.3810185688852852,34.893221523804854,-5.923361001586841,-1,0.005848391692284682
670.75,4.192266221496425,0.2330993251356226,36.29359183713902,-3.5358943234816707,-1,0.0010436079016027389
671.45,4.060383739632584,0.03373894775726072,36.54238028469953,0.0,-1,-0.004095613969766876
668.7,3.4269105203978825,-0.19991142382581373,30.188882874190483,0.0,-1,0.00702856288320608
673.4,3.216264700747388,-0.13685241449210261,32.61289090850285,0.0,-1,0.0023760023760024396
675.0,2.9762530658598507,-0.12562134979321327,33.381992407323224,0.0,-1,-0.015111111111111186
664.8,1.7582261595944146,-0.44788275201954963,13.489267571755427,0.0,-1,-7.521058965098693e-05
664.75,0.9985271931622037,-0.40252723948392033,13.406875450788036,0.0,-1,-0.0037608123354644363
662.25,0.3271337771825529,-0.3579735518211904,9.142892848911309,0.0,-1,7.550018875046582e-05
662.3,-0.03165741223915575,-0.2389215804142997,9.203858560379373,0.0,-1,0.003774724445115396
664.8,-8.155593013725593e-05,-0.06911524136842707,12.32689428356045,0.0,-1,0.0006016847172083395
665.2,0.04904650188530013,-0.006662394517663227,12.832714496572272,0.0,-1,0.0024052916416115178
666.8,0.20285665563585553,0.04904925307763072,14.925722874751756,0.0,-1,-0.016946610677864404
655.5,-0.6788096554585081,-0.277539019338911,-4.972170120780447,0.0,-1,0.0009916094584285773
656.15,-1.0089086730507688,-0.2025460123103906,-3.916079928280851,0.0,-1,0.004800731540044234
659.3,-0.8273824590926324,-0.007006599450751438,1.1384424342256168,0.0,-1,0.0028818443804035088
661.2,-0.5093374805226176,0.10367945970642112,4.026900934843113,0.0,-1,-0.002041742286751358
659.85,-0.42037020119391855,0.06421557967837338,1.617900811609097,0.0,-1,0.009850723649314164
666.35,0.20081095523653403,0.22846557870294198,10.936229133954313,0.0,-1,-0.0017258197643880147
665.2,0.3988339538486798,0.14216285910502924,8.71326967904296,0.0,-1,-0.012402285027059534
656.95,-0.22289070966598956,-0.15985393480321342,-4.513459758933237,0.0,-1,-0.004338229697846141
654.1,-0.7526788156177417,-0.2298806802516552,-8.13363704826267,0.0,-1,0.002063904601742994
655.45,-0.842349633958861,-0.10651716619759144,-5.796416783751027,0.0,-1,-0.006255244488519329
651.35,-1.1586559069661462,-0.14094114640162547,-11.077044349832484,0.0,-1,-0.0009211637368542469
650.75,-1.2702543845558694,-0.08417987466378296,-11.818702259572873,0.0,-1,-0.011217825585862373
643.45,-1.8285324246378423,-0.21415263824858521,-19.639282159359556,3.3374563808471294,1,-0.004740073043748683
640.4,-2.209460409292319,-0.19836020763435425,-22.275528654682862,2.872145286576824,1,0.007261086820737006
645.05,-1.8283027008451427,0.06093250027094066,-13.007696008116085,0.0,1,-0.0001550267421128737
644.95,-1.4936986215510615,0.13184552652167403,-13.120694896953417,0.0,1,0.007054810450422444
649.5,-0.8227550301081692,0.26759637265485536,-4.676935590527805,0.0,1,-0.006081601231716749
645.55,-0.7478869818777412,0.11415480696176117,-9.856809092704601,0.0,1,0.00611881341491749
649.5,-0.31896237593934984,0.18102647096671753,-3.112270472612785,0.0,1,0.0017705927636644248
650.65,0.017913458358179923,0.1726341017547491,-1.2444142104053029,0.0,1,0.002305386920771646
652.15,0.30985858731037297,0.15485974356898072,1.2407577369681988,0.0,-1,-0.007820286743847271
647.05,0.005009602843983885,-0.04999641363246946,-6.693393447176582,0.0,1,-0.0015454756201220832
646.05,-0.23116568962620931,-0.09539056870088755,-8.106638431325358,0.0,1,-0.002244408327528702
644.6,-0.4508228617257828,-0.10501591360015367,-10.19921074734534,0.0,1,0.0031026993484331022
646.6,-0.35641620929845885,-0.0035364203909432623,-5.918551460378673,0.0,1,0.003711722858026567
649.0,-0.07951153230987984,0.09112275219921193,-1.075987420562221,0.0,1,-0.0006933744221880866
648.55,0.028066767210248145,0.06623368390644664,-1.943018590445078,0.0,1,0.0006938555238609201
649.0,0.11701701970275735,0.051727978799651964,-0.9399544959266279,0.0,1,0.002080123266563927
650.35,0.26424072764052653,0.06631722891247371,2.1407239535579805,0.0,1,-0.0058430076112863105
646.55,-0.0008341456940570424,-0.06625254814070329,-6.1527662529106095,0.0,1,-0.0004640012373365865
646.25,-0.15830207022008835,-0.07457349088891153,-6.756131053457096,0.0,1,-0.0026305609284333897
644.55,-0.3655108599648429,-0.09392742687788869,-10.204084753153012,0.0,1,-0.004809557055309721
641.45,-0.6969893498401234,-0.1418019722510564,-15.738958367287367,0.0,1,-0.001169225972406318
640.7,-0.8671461489577723,-0.10398625712290177,-16.973727683527805,0.2558534437291655,1,-0.0026533479007336824
639.0,-1.021629036103377,-0.08615638142283555,-19.72198744659901,0.715081317458953,1,-0.009546165884194102
632.9,-1.5220680600009473,-0.19553180177346863,-27.264827255613206,3.8880383320977216,1,-0.0033970611471005885
630.75,-1.8246152336163277,-0.16602632512961635,-29.285720903112512,3.019500966605733,1,0.0011890606420927874
631.5,-1.761337550956,-0.03424954748976283,-26.6450774719413,0.04902110588602682,1,-0.0019002375296912621
630.3,-1.6829205803794594,0.014722474362259375,-27.95061322958538,0.0,1,-0.004204347136284259
627.65,-1.7243020467262795,-0.008886330661520336,-30.610154894894688,0.0,1,0.004859396160280527
630.7,-1.3471342760058178,0.12276048001964712,-19.837764840417226,0.0,1,0.00206120183922609
632.0,-0.9379558676452007,0.17731296279342135,-15.6809314206672,0.0,1,0.0056962025316456
635.6,-0.3552036744944189,0.25335505198140107,-5.5139692184952835,0.0,1,0.0034612964128382107
637.8,0.14910606162209206,0.2525549293659707,-0.23404458462346867,0.0,1,-0.005957980558168652
634.0,0.0721687578785577,0.05853920854081213,-7.915836648165303,0.0,1,0.0012618296529967044
634.8,0.09435270951701114,0.026907720059755183,-5.897532023199979,0.0,1,-0.003465658475110156
632.6,-0.0857513737902309,-0.051065454415828944,-10.141750985449058,0.0,1,0.005453683212140348
636.05,0.11884253237201392,0.05117615058213863,-1.5052080111497617,0.0,1,0.0018866441317506588
637.25,0.311235941088853,0.08118985309965923,1.2029681919614177,0.0,1,-0.00494311494703803
634.1,0.11899631702317492,-0.03701659032200627,-5.6053957003644825,0.0,1,-0.0064658571203281
630.0,-0.32870652142833023,-0.16157314292450384,-12.765563519451398,0.0,1,0.0
630.0,-0.5251657305349227,-0.11934411734369876,-12.76556351945139,0.0,1,-0.003253968253968176
627.95,-0.7504648575436477,-0.11488108145080789,-16.13691843046248,0.0,1,0.0011147384345886469
628.65,-0.7422423495861494,-0.03555285783110318,-13.940390927654015,0.0,1,-0.00477213075638272
625.65,-0.9262775664751643,-0.07319602490670607,-18.864515420993598,0.0,1,-0.00023975065931425288
625.5,-0.9536053777134157,-0.03350794538165247,-19.098943073789787,0.0,1,-0.0075939248601119
620.75,-1.2836355018564518,-0.12117935650822953,-25.57072210926522,1.674927003503285,1,0.005557792992348043
624.2,-1.0541809387732428,0.03609173552499323,-14.644610213065604,0.0,1,-0.005126561999359236
621.0,-1.118271912333853,-0.009333079345205553,-19.22955603338513,0.0,1,0.006280193236714915
624.9,-0.7321280730864146,0.12560358663407756,-8.888169879741746,0.0,1,0.000960153624580018
625.5,-0.4280454807054639,0.14322872633834272,-7.4219165006891785,0.0,1,0.004556354916067207
628.35,-0.002833727789493423,0.18948015975143775,-0.7524773490220369,0.0,1,0.00015914697222885188
628.45,0.2183416259842943,0.1368851711750752,-0.5236966509518624,0.0,1,-0.006285305115761086
624.5,-0.018432499294249283,-0.033296318034489465,-8.695440045215221,0.0,1,-0.005844675740592442
620.85,-0.4394501869923033,-0.15143800191084783,-14.684233948002671,0.0,1,0.0021744382701136544
622.2,-0.50083818192536,-0.07094199894796815,-11.046740316724048,0.0,1,-0.0005625200900032379
621.85,-0.5189623308980345,-0.029688715973547553,-11.667695839965411,0.0,1,-0.004341883090777543
619.15,-0.7097775444761965,-0.07350130985056991,-16.275699814392937,0.0,1,0.004845352499394329
622.15,-0.4960370225588804,0.04674640402224872,-7.710839361196683,0.0,1,-0.0037772241420879205
619.8,-0.543663676387041,-0.0002934166019706863,-11.98654157270321,0.0,1,0.017263633430138814
630.5,0.3694949697311358,0.3042884098387354,8.990245201873023,0.0,1,-0.0014274385408405976
629.6,0.7202830453126126,0.21835882847340404,7.1817586331916345,0.0,1,0.01572426937738247
639.5,1.6606534959939836,0.3862430930515919,18.852695711961786,-4.745993813237305,1,0.0032056293979669803
641.55,2.1632842633351856,0.296291286797598,20.690747728666054,-3.733021291550358,1,0.0047541111370899
644.6,2.4884926250612125,0.20716654950787516,23.295821483255267,-3.1883209728295014,1,-0.003955941669252394
642.05,2.2312224205024904,-0.016701218350282154,17.705496644402103,0.0,1,0.004594657736936458
645.0,2.16248544984785,-0.028479396334974094,20.588918272514775,0.0,1,-0.002713178294573626
643.25,1.8020765103665326,-0.1296294452720972,16.665588771362962,0.0,1,0.0016323357947920503
644.3,1.5591989980953258,-0.12416898584776792,17.8566078143447,0.0,1,0.045475710072947484
673.6,3.749493658785127,0.6887085582806778,34.7502714278975,-13.446737255285143,-1,0.0014103325415675272
674.55,4.611349850897909,0.5168549167978203,35.03364647810517,-6.53577570241805,-1,0.00037061744866950797
674.8,4.678832126046132,0.19477906398201394,35.114525533860004,-0.2950503058838194,-1,0.0
674.8,4.322670586449817,-0.05379415853809988,35.11452553385999,0.0,-1,-0.000222288085358624
674.65,3.7718672677808627,-0.2015324924023516,34.77516997040155,0.0,-1,0.005558437708441444
678.4,3.4946433361312756,-0.15958547468397954,36.293214171224506,0.0,-1,0.005306603773584939
682.0,3.364811092295554,-0.0964725728399003,37.61086865723968,0.0,-1,-0.022360703812316696
666.75,1.7486607126863873,-0.5708743174830224,10.318497597859292,0.0,-1,0.0003749531308585574
667.0,0.8156971301579006,-0.5012793000038365,10.542391207941378,0.0,-1,-0.0008245877061469065
666.45,0.2354072447138833,-0.3605230618159513,9.7187380172819,0.0,-1,-0.0003751219146223006
666.2,-0.0951883017343107,-0.2303728694213818,9.311210990322763,0.0,-1,0.0009006304413088362
666.8,-0.20255371648056553,-0.1125794280558789,10.038416590886776,0.0,-1,0.005473905218956299
670.45,0.0648097191863144,0.05159466920366702,14.345611699845591,0.0,-1,-0.0006711909911254477
670.0,0.15559062708769034,0.04745852570168099,13.409381780570172,0.0,-1,0.0031343283582090375
672.1,0.36301519544770144,0.08496103135389738,15.976285498465984,0.0,-1,0.004240440410653301
674.95,0.6739762133404383,0.13197401641554474,19.231158393605668,0.0,-1,-0.00637084228461382
670.65,0.41495870450842176,-0.042347830805490594,9.66280775439958,0.0,-1,0.0010437635130098322
671.35,0.30920339138333475,-0.04936771464352585,10.646603145725642,0.0,-1,0.0013405824085797047
672.25,0.30555878553889215,-0.0176707734959895,11.971583150980805,0.0,-1,0.0038676087764968337
674.85,0.49493991715507946,0.057236786040065935,15.68057155083092,0.0,-1,-0.0006668148477440017
674.4,0.5108854898669506,0.024394119583979024,14.471336959761942,0.0,-1,0.016310794780545645
685.4,1.3929511520672122,0.302153260594747,26.31497539735686,-2.341696121275504,-1,-0.001677852348993203
684.25,1.6220713871617818,0.1770911652297722,23.469997185928733,0.0,-1,0.002922908293752302
686.25,1.7681255557789655,0.1077151112823187,25.25272946453684,0.0,-1,-0.008233151183970833
680.6,1.2229755104392552,-0.1458116446857971,12.144912818928397,0.0,-1,0.005436379665001434
684.3,1.1568191952327425,-0.07065598663076988,16.403041927038274,0.0,-1,0.002484290515855747
686.0,1.1690061046934943,-0.019489692390006086,18.22756659911353,0.0,-1,-0.001457725947521915
685.0,0.9943490506994976,-0.06471558212800099,15.888888058135748,0.0,-1,0.008467153284671403
690.8,1.3074914361442325,0.08280893443891135,22.060688003291034,0.0,-1,-0.005066589461493964
687.3,1.0634383425211809,-0.053748053061380086,14.26446262751243,0.0,-1,-0.00501964207769523
683.85,0.5652919338328957,-0.18396482058322183,7.456268373378606,0.0,-1,0.0022665789281275384
685.4,0.3982777350026936,-0.1169930064711413,9.59317655577663,0.0,-1,-0.0015319521447328954
684.35,0.19408082433733398,-0.10706330571216699,7.422247844269755,0.0,-1,0.0010959304449478235
685.1,0.13830896697652406,-0.0542783876909923,8.61866592921099,0.0,-1,-0.003795066413662229
682.5,-0.11776937561853629,-0.10345224342868423,2.8936898186858997,0.0,-1,0.005201465201465139
686.05,0.05983890105210321,0.024718677747318424,8.972581873949736,0.0,-1,-0.00051016689745631
685.7,0.11448979763304123,0.026456524776085483,8.150535637392956,0.0,-1,-0.004302172961936801
682.75,-0.11355890387926593,-0.06719739224540723,1.435880063535734,0.0,-1,-0.003368729403148918
680.45,-0.40978667931210566,-0.12114172255941569,-3.2414142554794623,0.0,-1,0.0009552502020722109
681.1,-0.4695850104192232,-0.060313351222177736,-1.7633480291633887,0.0,-1,-0.0016884451622375396
679.95,-0.5561854251044451,-0.0489712553024666,-4.259588129474444,0.0,-1,0.0009559526435767296
680.6,-0.4989701803550588,0.002747996482306614,-2.5516636048362145,0.0,-1,0.015721422274463714
691.3,0.4628849570492548,0.32153437796220674,16.649356758499366,-0.4920471685620669,-1,0.0020251699696225423
692.7,1.0219054459972767,0.29351828897007626,18.331515101931615,-0.6050197231934362,-1,-0.0020210769452866373
691.3,1.0995902366381642,0.12373435987032122,14.7052490595825,0.0,-1,0.008462317373065353
697.15,1.5343001122388387,0.186148078490332,21.682429106677105,-1.970421258516808,-1,0.0005020440364340573
697.5,1.6529633740192367,0.1016037800902434,22.04973292195585,-0.3995758119625634,-1,0.006523297491039415
702.05,1.9537147237410863,0.13411837660403103,26.460101384576603,-2.0638627660339353,-1,0.0007834199843317347
702.6,1.9871141716236025,0.055839274828848984,26.948634879199844,-0.35659158500561716,-1,0.016083119840591964
713.9,2.7798877145962706,0.28287093926717244,34.35886003319084,-6.223567307293138,-1,-0.008684689732455397
707.7,2.427950509866264,-0.02302208848761156,20.53551010120198,0.0,-1,0.0032499646742969457
710.0,2.241319365012373,-0.06988441111383414,22.3996995540448,0.0,-1,-0.00239436619718314
708.3,1.8195605121676408,-0.16388108798618872,18.823619718206075,0.0,-1,0.0010588733587462151
709.05,1.5195510430646664,-0.15463018569638765,19.560633955891987,0.0,-1,0.0
709.05,1.242917054924419,-0.14375472461221173,19.560633955891973,0.0,-1,-0.0026796417742048773
707.15,0.8426903062772908,-0.18132715775311326,14.77165940014271,0.0,-1,0.005868627589620257
711.3,0.9181860730973312,-0.03527713031102431,19.815038464564537,0.0,-1,-0.008857022353437327
705.0,0.35441845041589204,-0.19968158433082117,6.235376100952486,0.0,-1,0.005673758865248235
709.0,0.3763331015404674,-0.05925564440208192,11.516127149409371,0.0,-1,0.0003526093088856985
709.25,0.37676266864104946,-0.019608692433833286,11.835917114511197,0.0,-1,-0.0004229820232639625
708.95,0.3205805631379235,-0.02526359931231975,11.158306426222573,0.0,-1,-0.0028210734184357378
706.95,0.09910779679148618,-0.0822454552195857,6.5666817983800385,0.0,-1,-0.002475422589999332
705.2,-0.16572090278089036,-0.11569138493065409,2.71863267615349,0.0,-1,-0.006664775950085189
700.5,-0.6759918440021693,-0.208654108717311,-6.177382541856311,0.0,-1,0.0024982155603141543
702.25,-0.7289613276125237,-0.08720786410922188,-2.511461028518113,0.0,-1,0.0017087931648274157
703.45,-0.5946992921166157,0.015684723795562072,-0.02430291221840264,0.0,-1,-0.0015637216575450363
702.35,-0.5696766666923168,0.013569116406620285,-2.3242394530519803,0.0,-1,-0.0016373602904534712
701.2,-0.6055256317558815,-0.007426616218981441,-4.743594968129834,0.0,-1,0.00035653166001137215
701.45,-0.5521563116412835,0.015314234631872203,-4.080701052651584,0.0,-1,-0.0004276855085894038
701.15,-0.5044586256138928,0.021003973553087696,-4.810307795315971,0.0,-1,0.011481138130214674
709.2,0.23226176953426148,0.2525747895670807,12.80830407839818,0.0,-1,0.0011280315848842815
710.0,0.647933486313832,0.22274883544888374,14.083154498022736,0.0,-1,0.010352112676056402
717.35,1.4142748875108282,0.3296967455486266,23.393341860845695,-2.148386456630419,-1,0.001672823586812422
718.55,1.779589347483352,0.23167040184038346,24.588280711034045,-1.3780312761805362,-1,0.0003479229002854023
718.8,1.8347807985127247,0.09562061762325214,24.84974596334297,0.0,-1,0.0015998887033947806
719.95,1.8053114574846632,0.0220504255317302,26.106293103143173,0.0,-1,-0.0006250434057921694
719.5,1.6026341655136775,-0.0602089554797518,24.488227178696008,0.0,-1,0.006949270326615631
724.5,1.7844093390685885,0.0405220726917197,29.79228095749798,0.0,-1,-0.001242236024844634
723.6,1.6515961475903396,-0.030763706262176393,26.606873350409813,0.0,-1,-0.004215035931453892
720.55,1.1933898728854047,-0.16298999365570377,16.596097571067887,0.0,-1,-0.0012490458677398841
719.65,0.7898375794591175,-0.18884742902733032,13.860015156420559,0.0,-1,0.0034739109289236847
722.15,0.7305749677910853,-0.08270334689845416,17.927020062294957,0.0,-1,-0.0029772207990029775
720.0,0.4608957479745186,-0.11746085557167363,11.331812455836939,0.0,-1,-0.002777777777777768
718.0,0.12098149240159728,-0.15245837038153165,5.7382526666684655,0.0,-1,-0.006058495821727017
713.65,-0.4215574264183033,-0.2316657630671441,-4.328027354655212,0.0,-1,0.0030827436418412457
715.85,-0.47436376695998206,-0.0948240345362743,0.6775189835025373,0.0,-1,-0.002863728434728041
713.8,-0.6320699566508665,-0.08417674140905296,-3.7357625141390542,0.0,-1,0.004062762678621601
716.7,-0.41658388844200545,0.043769775599936056,2.7341103747557014,0.0,-1,-0.0004883493790986959
716.35,-0.30329219696739074,0.05235382235818359,1.896204062657759,0.0,-1,0.009003978502128751
722.8,0.3161279985171177,0.22392467261423066,13.70488063873426,0.0,-1,0.0013835085777531564
723.8,0.6828274297163262,0.19687470127114637,15.177464528330148,0.0,-1,-0.013539651837524147
714.0,-0.00739180716050214,-0.16444817853522734,-4.794049423191467,0.0,-1,-0.0046918767507002634
710.65,-0.6310521083354388,-0.2627028265700547,-9.506774642569702,0.38230773444990973,-1,-0.0014775205797508129
709.6,-0.977794583228274,-0.20314843382096337,-10.925416761724144,0.0,-1,0.0
709.6,-1.0696829387391062,-0.09834559644393193,-10.925416761724144,0.0,-1,-0.001832018038331551
708.3,-1.1348202049329075,-0.054494287545911124,-12.911505802184898,0.0,-1,0.0007059155724975508
708.8,-1.0311538209521132,0.016390698811627802,-11.574029552714073,0.0,-1,-0.0004232505643340101
708.5,-0.9183911438823316,0.04305112529380317,-12.11103352499903,0.0,-1,-0.00959774170783334
701.7,-1.3521438766905476,-0.13023386917147106,-21.97486285009434,1.2019347359907897,-1,0.002921476414422086
703.75,-1.2855082533704945,-0.021199415283805978,-16.201815389237446,0.0,-1,0.0004262877442273716
704.05,-1.1200647539295687,0.04808136138570651,-15.349517231485152,0.0,-1,0.010226546410056159
711.25,-0.34400427471507555,0.2747139468667332,1.351984185386634,0.0,-1,-0.0009841827768014566
710.55,0.01435965445182319,0.21102595867787735,-0.02765615590401893,0.0,-1,-0.0033072971641684434
708.2,-0.0034883521690289854,0.06439265068567507,-4.579504999030462,0.0,-1,-0.0018356396498164784
706.9,-0.12045499279872729,-0.017524663314674407,-6.98765856098737,0.0,-1,-0.0029707172160136075
704.8,-0.3439003970470367,-0.08032335585432793,-10.725150596372913,0.0,-1,-0.0018444948921679805
703.5,-0.5352980660840103,-0.09057367496376723,-12.940144142540582,0.0,-1,-0.0001421464108031234
703.4,-0.5947220617621269,-0.04999922354729458,-13.117925987962337,0.0,-1,0.002701165766278102
705.3,-0.4165405544542864,0.04272742792018197,-7.313591889239355,0.0,-1,-0.005245994612221638
701.6,-0.6010714212625317,-0.04726781296268778,-14.397675123804348,0.0,-1,0.010476054732041051
708.95,-0.030747569561413002,0.1743520129128103,2.867111190509476,0.0,-1,0.0007757951900697613
709.5,0.3028099870858796,0.16930318985336762,3.894828106963466,0.0,-1,-0.00577871740662439
705.4,0.1026879331524242,-0.01027295469336259,-4.349795468216342,0.0,-1,-0.002339098383895677
703.75,-0.14343042157702257,-0.08546376980760312,-7.272524494490305,0.0,-1,-0.00547069271758438
699.9,-0.575370397143729,-0.17246791512476983,-13.35517366901231,0.0,-1,-0.006858122588941251
695.1,-1.1433928518316634,-0.24683012327090137,-19.39141722448692,2.1891415162646126,-1,0.002589555459646009
696.9,-1.1821213415230432,-0.0951862043207603,-14.934655784655,0.0,-1,0.00021523891519592553
697.05,-1.0904754745752143,-0.0011801124576438227,-14.55077942687074,0.0,-1,-0.0009325012552900969
696.4,-1.0079462515532214,0.0271163701881163,-15.531876656562837,0.0,-1,0.005672027570361893
700.35,-0.5535194524128428,0.16051438977616495,-5.213890560288171,0.0,-1,0.0021417862497323803
701.85,-0.15517943180816474,0.18628480346028103,-1.774289048719055,0.0,-1,-0.00035620146754999915
701.6,0.03608886447818804,0.12585103324887795,-2.324289686956938,0.0,-1,-0.007981755986317007
696.0,-0.3379510594185149,-0.08272963021594165,-12.86506831991904,0.0,-1,0.00704022988505737
700.9,-0.08847509974873446,0.05558210981794626,-1.7428501163504677,0.0,-1,0.011271222713653772
708.8,0.7019691383985673,0.28200878265508267,10.709647042325265,0.0,-1,0.0012697516930024744
709.7,1.1136938292723926,0.23124449117630264,11.871182182734898,0.0,-1,0.0011976891644356336
710.55,1.2975816889365888,0.13837745028016624,13.018451610191718,0.0,-1,0.006122018154950393
714.9,1.6438938113572021,0.16156319090025995,18.42142077162586,-0.2569856089486393,-1,0.0025178346621905767
716.7,1.8300587216211852,0.11590936705474775,20.40910005009094,-0.008370493254460598,-1,0.0004185851820845965
717.0,1.7956362832848072,0.027162309572789978,20.750045701621616,0.0,-1,0.00216178521617838
718.55,1.7579553738427194,-0.003506199956432532,22.56474204496108,0.0,-1,0.0020875374017117476
720.05,1.717618637968144,-0.014614311943669245,24.280508607136028,0.0,-1,-6.943962224836842e-05
720.0,1.5501487168669428,-0.06069474434829014,24.108853991711968,0.0,-1,-0.0002777777777778212
719.8,1.3205680299106461,-0.09675847710152885,23.355445591971332,0.0,-1,0.0028480133370381022
721.85,1.266563683940035,-0.05025427435737995,26.120290389786277,0.0,-1,0.0038096557456535063
724.6,1.363181203959698,0.015454415220760964,29.318970267060124,0.0,-1,-0.0018630968810378068
723.25,1.1853915303062195,-0.054111752810905855,23.918246577371434,0.0,-1,0.0006913238852401804
723.75,1.039380732620657,-0.06670751683215603,24.629138901799394,0.0,-1,0.004352331606217508
726.9,1.142260272726162,0.012057341091116225,28.694167370383894,0.0,-1,-0.0008942082817443575
726.25,1.0443450200516509,-0.02861930386113154,25.905715482911276,0.0,-1,-0.0017211703958691649
725.0,0.8041919753767388,-0.08959078284534783,20.56311725151265,0.0,-1,-0.0021379310344826763
723.45,0.48793278842470045,-0.1352833232657954,14.325216375693898,0.0,-1,0.004837929366231286
726.95,0.5808087959131853,-0.014135771925770202,20.801368538006244,0.0,-1,-0.001650732512552544
725.75,0.478846066664687,-0.03869950039142289,16.221772314290263,0.0,-1,-0.001653461935928413
724.55,0.2879608631517385,-0.07652823463479047,11.781577550807299,0.0,-1,0.003795459250569344
727.3,0.39768818946583906,0.011066363893103337,17.355053376429282,0.0,-1,-0.002406159769008709
725.55,0.27357783683419257,-0.03768132957951437,11.059032898825215,0.0,-1,-0.016470263937702345
713.6,-0.8071088258844838,-0.3727893307660636,-14.276747555202071,1.0932442523296686,-1,0.002102017937219758
715.1,-1.1551930884201056,-0.24029119776722851,-10.760445614669258,0.0,-1,-0.004335058033841488
712.0,-1.4913024623195952,-0.19213352388890614,-15.139620624321388,1.1263118117478825,-1,0.0036516853932584414
714.6,-1.3184152774093718,-0.006415446326227592,-9.003227840906327,0.0,-1,0.0005597537083683601
715.0,-1.0887704118367765,0.07440980641545591,-8.068145159872358,0.0,-1,-0.0005594405594405716
714.6,-0.916550444730774,0.08220992450715281,-8.793741224530592,0.0,-1,0.0033585222502099388
717.0,-0.5540612574501438,0.1482330372625943,-2.7127389156806316,0.0,-1,0.009553695955369701
723.85,0.2441884409776094,0.3154942452301159,10.306831614417199,0.0,-1,0.0009670511846375796
724.55,0.6812975867767364,0.25086779700974765,11.389635818477018,0.0,-1,0.0008971085501345843
725.2,0.8972440274449127,0.1556047458926414,12.446590453324248,0.0,-1,0.003171538885824443
727.5,1.1221135788252923,0.12682476575767365,16.095641592875893,0.0,-1,0.009621993127147732
734.5,1.724372222946613,0.24302780329299822,24.481004254524436,-0.047504732461220556,-1,-0.003131381892443774
732.2,1.6901371930950972,0.06959759114716091,18.31283977683205,0.0,-1,-0.0011608850040972785
731.35,1.4613415787447366,-0.053066007734399845,16.066175553757986,0.0,-1,0.009366240514117719
738.2,1.7959986400074968,0.09386368450945337,23.785874179618844,0.0,-1,0.003386616093199679
740.7,2.0219939506382616,0.10661966504673948,25.99992256638565,0.0,-1,0.0015525853921964927
741.85,2.062325443400482,0.04898371926965339,26.993096299872605,0.0,-1,0.0009435869784994999
742.55,1.9689640694981563,-0.014792551544224208,27.61947999655831,0.0,-1,-0.0007406908625681163
742.0,1.7123697100888648,-0.0904623036511718,25.817403112493935,0.0,-1,0.0014150943396225024
743.05,1.528875054543505,-0.09131898639884395,26.952444148402165,0.0,-1,0.0011439337864209698
743.9,1.3805548055588588,-0.07987974512783014,27.88604691046379,0.0,-1,0.0032262400860330054
746.3,1.3913484472699338,-0.023028701138918306,30.37947925147658,0.0,-1,-0.000401983116709026
746.0,1.2557995641863045,-0.052859194740849214,29.140125059724113,0.0,-1,0.0027479892761392843
748.05,1.2542084922956747,-0.018150088877159742,31.326236075989314,0.0,-1,0.0022057349107680313
749.7,1.2863955819923376,0.00467900027316781,32.9264293548036,0.0,-1,0.0006002400960383181
750.15,1.232789495007978,-0.01630902890373065,33.358562400745114,0.0,-1,-0.004999000199960024
746.4,0.7907539935985142,-0.15278151010439822,17.5322248222828,0.0,-1,-0.000535905680600135
746.0,0.4705067434272223,-0.15767625342523006,16.046072180343202,0.0,-1,-0.0016756032171582058
744.75,0.16700755638930787,-0.1537251468210482,11.357631161305612,0.0,-1,-0.0005370929842228866
744.35,-0.031992666828728034,-0.11757512334636139,9.84709201821434,0.0,-1,-0.0026869080405723667
742.35,-0.2954933895354088,-0.12702528201768074,2.6466138565169004,0.0,-1,0.0033003300330032292
744.8,-0.1984526350942133,-0.009994842525495068,9.310060283928642,0.0,-1,-0.0023496240601503793
743.05,-0.27922787161571705,-0.030256693015666275,3.351714469228426,0.0,-1,0.0006729022273064267
743.55,-0.2546798339085399,-0.00190288510282971,4.793458201219394,0.0,-1,0.0013448994687648153
744.55,-0.13784916222925858,0.03830926219215053,7.698770746766314,0.0,-1,0.010610435833725118
752.45,0.5903869371294377,0.2555151205169489,22.955357895300054,-1.338479127730011,-1,0.0023921855272774906
754.25,1.0553060753813952,0.24014475292296888,25.21813271593517,-1.5076004058859098,-1,0.0001988730527013871
754.4,1.2123234715589888,0.13238738303352093,25.408643179948825,-0.28162495935566767,-1,-0.001458112407211054
753.3,1.098138547017811,0.006067486164114344,20.96356744710552,0.0,-1,0.003053232443913645
755.6,1.1412012058290202,0.0163767149917744,24.46103697098276,0.0,-1,0.0018528321863420238
757.0,1.1842991014156041,0.019824870192786115,26.384834510697374,0.0,-1,0.0011889035667107528
757.9,1.1821564574241847,0.005894075400455501,27.590588009885764,0.0,-1,-0.013392268109249206
747.75,0.23673876397651838,-0.31317453934907036,-2.6830793327238425,0.0,-1,-0.0076897358742895605
742.0,-0.734864979745339,-0.42825942769030934,-12.012522788860679,0.0,-1,0.0026954177897573484
744.0,-0.9927614366275748,-0.22871862819084843,-7.621708808321884,0.0,-1,0.0006048387096775354
744.45,-1.001479545349639,-0.07914557897097085,-6.619469474399942,0.0,-1,-0.0014776009134260804
743.35,-1.0140486375981936,-0.03057155707317516,-8.576380221725202,0.0,-1,0.005515571399744346
747.45,-0.5941624639226575,0.12977153886745363,0.644285270511979,0.0,-1,-0.0006020469596629274
747.0,-0.37220583842463384,0.11724272145515913,-0.30960481459308653,0.0,-1,-0.006358768406961146
742.25,-0.6260437058069783,-0.04553171530906175,-9.300374756699995,0.0,-1,-0.0021556079488043167
740.65,-0.8341256640142092,-0.08453789117209753,-11.881694951766498,0.0,-1,0.002497805981232837
742.5,-0.7144895044499435,0.011699422797389336,-7.219357715782614,0.0,-1,-0.0024915824915825446
740.65,-0.7492972992969271,-0.007702790683198124,-10.52405377351215,0.0,-1,0.000945115776682659
741.35,-0.6459264217791088,0.03188936227820671,-8.620277567817489,0.0,-1,-0.004586227827611755
737.95,-0.8237471145386053,-0.04864377682709664,-14.625351833121293,0.0,-1,0.0
737.95,-0.8440118680400701,-0.02296951010952053,-14.625351833121293,0.0,-1,0.0006097974117487137
738.4,-0.746309922454202,0.024910811825449186,-13.12841231250981,0.0,-1,-0.0023699891657638084
736.65,-0.781099789456789,-0.0032930183923792766,-16.483072673274073,0.0,-1,0.0072626077513067155
742.0,-0.28756974050327244,0.16341234352037914,-0.7872346436912849,0.0,-1,0.002830188679245227
744.1,0.15815942901531344,0.20304717101298836,3.9539692035907095,0.0,-1,0.0020830533530438178
745.65,0.4970107280233833,0.18063282334035274,7.228565540754147,0.0,-1,-0.0010058338362503028
744.9,0.5625188168588693,0.08204697072527956,5.121053159993075,0.0,-1,-0.000201369311316979
744.75,0.5358962932050417,0.018474815690484037,4.673625698734497,0.0,-1,-0.0013427324605572721
743.75,0.3945936736109843,-0.04094260130119115,1.5727008819169086,0.0,-1,0.0025546218487395578
745.65,0.4493928910130762,0.004618872033633592,6.751142584079126,0.0,-1,0.002145778850667135
747.25,0.572676425462987,0.04263413549451478,10.684772584648769,0.0,-1,-0.004951488792238279
743.55,0.2782618238993564,-0.08392682202303864,-0.8107410510086126,0.0,-1,-0.001143164548449871
742.7,0.037032704459193155,-0.10838531382106731,-3.079488142244685,0.0,-1,-0.0009425070688030557
742.0,-0.14500124729909203,-0.09680642185978418,-4.979526921569615,0.0,-1,-0.0019541778975742385
740.55,-0.344768119236619,-0.09885776459910373,-8.81780687165552,0.0,-1,-0.007426912429950749
735.05,-0.8742542119357495,-0.20944795243274472,-19.703779240399054,0.20839344337935017,-1,0.008638868104210662
741.4,-0.5369760739572484,0.0426100618485854,-2.052752205408595,0.0,-1,-0.0018883193957377475
740.0,-0.4402556654716818,0.04644349011138399,-4.853351475981228,0.0,-1,-0.002635135135135247
738.05,-0.5177074891061011,-0.010336111174345075,-8.59611547057029,0.0,-1,-0.0016259061039224365
736.85,-0.6132911101645959,-0.03530657741094667,-10.81720693360694,0.0,-1,0.005157087602632782
740.65,-0.29330866151337887,0.09489195708009013,-1.1606697614693218,0.0,-1,0.0018227232836023344
742.0,0.0036249512717176913,0.1306085232883956,1.8567649235243877,0.0,-1,-0.004514824797843708
738.65,-0.12737698827515942,-0.00013113875282716458,-5.396580222938539,0.0,-1,0.0006092195221012453
739.1,-0.14476320902565476,-0.005839119834440826,-4.263742086473215,0.0,-1,0.002705993776214388
741.1,0.025273948017911607,0.05473267906970852,0.7134905454417719,0.0,-1,0.0034408311968694427
743.65,0.32068636420490293,0.1167150317522333,6.381338712472207,0.0,-1,-0.00033617965440735365
743.4,0.42083537528128545,0.07228801427620529,5.683787287257658,0.0,-1,0.0008071025020177647
744.0,0.4858402662126764,0.04576430173586543,7.099174375292051,0.0,-1,-0.0012768817204301675
743.05,0.3986893561607303,-0.013795536105360218,4.061570789368332,0.0,-1,0.008613148509521773
749.45,0.8552231214546282,0.14757940972951256,17.144892487590027,-1.1460665733571886,-1,0.0010674494629394626
750.25,1.0788880773136498,0.12374812186284467,18.395049322147216,-1.1597152472696735,-1,0.005664778407197701
754.5,1.4549798821336708,0.1666133088942885,24.191703372725954,-2.921183433417923,-1,0.004705102717031062
758.05,1.817610794365919,0.1764147403755123,27.94583723380501,-3.3303813531831565,-1,-0.0003957522590857243
757.75,1.8224586842849249,0.060420876764839315,26.895564491904196,-0.5443270196749381,-1,-0.00032992411745302874
757.5,1.652177738887417,-0.03662002287755617,25.948015135962265,0.0,-1,0.002838283828382915
759.65,1.608522454614672,-0.02675843571676717,28.481761872628468,0.0,-1,-0.011847561376949867
750.65,0.7026512745937907,-0.31087653857921604,2.6732112120109406,0.0,-1,-0.0003330446945980503
750.4,0.17032807836721986,-0.28106657826859566,2.1439696381299385,0.0,-1,0.0025319829424306217
752.3,0.048305807056635786,-0.1343629498597266,5.886829062954611,0.0,-1,-0.003721919447029043
749.5,-0.2500641458533437,-0.14424430092323537,-0.45777173898687806,0.0,-1,-0.004936624416277624
745.8,-0.6867437768205491,-0.19364131063014695,-7.5358931798016755,0.0,-1,-0.0034191472244569088
743.25,-1.060354944235769,-0.18908415934845568,-11.723541208366107,0.0,-1,-0.00087453750420452
742.6,-1.2129642825904057,-0.11389783256769759,-12.763573540644096,0.0,-1,-0.007002423915970946
737.4,-1.621521928218499,-0.1741518260652637,-20.007516143832905,0.0,-1,0.00345809601301883
739.95,-1.47817392368097,-0.010267940509244955,-13.297998348655788,0.0,-1,0.0016893033313061245
741.2,-1.1791520944387912,0.09625129624431117,-10.15773933716929,0.0,-1,0.00674581759309234
746.2,-0.5147118386145166,0.2535638506895286,0.7102579454355293,0.0,-1,-0.004489413025998368
742.85,-0.4187657241511715,0.11650332171762456,-5.301277570294921,0.0,-1,0.0006057750555292785
743.3,-0.29839552324028773,0.07895784087616947,-4.3398137631606275,0.0,-1,-0.00013453518094974637
743.2,-0.22167746251477638,0.051891967200560274,-4.534986913947769,0.0,-1,0.0041038751345532365
746.25,0.08932135639088301,0.1209635953687399,2.36524462545308,0.0,-1,-0.0023450586264656126
744.5,0.0915439861445293,0.0410620750407954,-1.543490800238743,0.0,-1,0.0016118200134318528
745.7,0.18502663550930265,0.044848241468522926,1.2301199600310042,0.0,-1,0.0017433284162531315
747.0,0.32468240723255803,0.0615013377305928,4.196905173474562,0.0,-1,0.001874163319946387
748.4,0.48412009249136645,0.07364634099646705,7.304728832908594,0.0,-1,0.0014029930518439926
749.45,0.6109955940798955,0.06684061419499865,9.58965841636251,0.0,-1,-0.0023350457001801717
747.7,0.4776837120342634,-0.022157089283544484,4.216487421980631,0.0,-1,-0.01611608934064468
735.65,-0.6329458716580803,-0.3775955576586294,-17.916739964234793,0.7235853480476635,-1,0.0019030789098075651
737.05,-1.0188485075327662,-0.25449939784443854,-14.516700211582936,0.0,-1,-0.0012889220541346669
736.1,-1.2060624498424204,-0.14723778005136423,-15.807305812737582,0.0,-1,0.0030566499116968515
738.35,-1.0116642168436556,0.01572015098246693,-10.058707897592,0.0,-1,0.002302431096363522
740.05,-0.6884930822740216,0.11296376185070034,-5.9552273358817445,0.0,-1,0.008445375312478909
746.3,0.05130024186701121,0.2842523619972444,6.2543329959202865,0.0,-1,0.000937960605654542
747.0,0.4752552171153184,0.2360691124151839,7.41080287785222,0.0,-1,0.0021419009370817754
748.6,0.7809614366465212,0.18059177731546228,10.090322465172441,0.0,-1,0.002003740315255076
750.1,0.993734426691617,0.131121589120186,12.545008505814671,0.0,-1,-0.0022663644847353837
748.4,0.8756430528230794,0.0043434050838827565,8.048995143716006,0.0,-1,-0.0012025654730090096
747.5,0.6686271114868987,-0.06755751208409932,5.693977053515361,0.0,-1,-0.0040802675585284165
744.45,0.25523354819495125,-0.16031702512534896,-1.6864768230420566,0.0,-1,6.716367788284217e-05
744.5,0.03143397086603272,-0.12803886748475585,-1.5620160814194222,0.0,-1,-0.0028206850235057424
742.4,-0.25808531537052204,-0.13918605124043687,-6.455270862589245,0.0,-1,-0.005185883620689724
738.55,-0.7021711822079624,-0.19442397269262568,-13.886778485162118,0.0,-1,0.0031819105003045856
740.9,-0.6698665171094262,-0.054039769198029886,-7.259249867917482,0.0,-1,-0.005398839249561305
736.9,-0.9312253081343442,-0.10513285340764933,-14.269443613509644,0.0,-1,0.00474962681503599
740.4,-0.6926359279689223,0.04448550891925751,-5.430467399801451,0.0,-1,-0.0016882766072393585
739.15,-0.61978824388882,0.03911106433311995,-7.736987957434273,0.0,-1,-0.0015558411689101659
738.0,-0.6275487148579941,0.010450197787981952,-9.860415474046675,0.0,-1,-0.0018292682926829285
736.65,-0.6916332241044074,-0.017878103819477076,-12.329157697710066,0.0,-1,-0.014457340663815876
726.0,-1.553539376718959,-0.29326141881134293,-25.524245616596193,3.9624609761403917,-1,0.005578512396694046
730.05,-1.517530838299649,-0.08575096013067762,-15.787511275417174,0.0,-1,-0.005616053694952328
725.95,-1.7147323325650632,-0.09431748479869717,-20.12049142394272,0.4907184494077228,-1,0.006267649287140964
730.5,-1.291272051983924,0.10971426526081407,-10.649144553534086,0.0,-1,-0.001368925393566034
729.5,-1.05526924069477,0.11523902551665599,-11.905675423816334,0.0,-1,-0.0034270047978066653
727.0,-1.0576620649922006,0.03761540040640843,-15.009299557933808,0.0,-1,-0.0008253094910591896
726.4,-1.0207199717249296,0.024852497891226566,-15.753338750469723,0.0,-1,0.0072962555066080625
731.7,-0.47552226078084914,0.19001673627843574,-4.399987242309734,0.0,-1,0.004236709033756947
734.8,0.09503678308954022,0.2535252600496084,1.0885899003953625,0.0,-1,-0.0002721829069133319
734.6,0.35572990643402136,0.17140612779802986,0.7217462853484022,0.0,-1,0.0004083855159269234
734.9,0.48143230923676583,0.09903617686692479,1.304512699293781,0.0,-1,-0.0003401823377330304
734.65,0.48333081820169355,0.03364489527728415,0.7488115106601754,0.0,-1,-0.004559994555230373
731.3,0.16483583783406175,-0.09495002836344923,-6.298792370293896,0.0,-1,-0.001777656228633906
730.0,-0.11648130550258884,-0.12542239056669996,-8.76772341389114,0.0,-1,0.027260273972602667
749.9,1.4109002316209853,0.4673197155189581,20.03038291314688,-4.700119085985079,-1,0.010801440192025558
758.0,2.7320159808809876,0.5961451549263201,25.467373117484783,-7.440058837377023,-1,-0.0007255936675460983
757.45,3.1190725237709103,0.3277338992720811,24.44838805761323,-3.164528653348725,-1,0.003564591722225785
760.15,3.277678084901595,0.1621131534675886,26.201150696877335,-1.8314240307378213,-1,0.008485167401170779
766.6,3.621341025058541,0.16859203120817812,29.86694381052071,-3.0135929908502703,-1,-0.0015653535090008885
765.4,3.3913940763820847,-0.020451639156092938,27.40235106174859,0.0,-1,-0.0022863862032923565
763.65,2.8479710956787585,-0.18795820661980622,23.716343849199006,0.0,-1,0.0004583251489556073
764.0,2.368095347353915,-0.22261131831488346,23.991578751254096,0.0,-1,-0.00327225130890052
761.5,1.7224828609118958,-0.2894079349189673,18.314075659020673,0.0,-1,-0.00032829940906109467
761.25,1.2353030459482852,-0.25886258329419265,17.736570615552665,0.0,-1,-0.0003284072249589709
761.0,0.8679378846373993,-0.20874258153502612,17.106243480118877,0.0,-1,0.0005256241787121585
761.4,0.6452604802622091,-0.14380666197007208,17.641556607181258,0.0,-1,0.0003283425269240414
761.65,0.5009834047194772,-0.09602791250426801,18.00316536871486,0.0,-1,0.00045952865489407024
762.0,0.4162629165548424,-0.060249466889634284,18.549878093647933,0.0,-1,-0.009514435695538004
754.75,-0.26495257057365507,-0.2471549846727106,-0.798928365611772,0.0,-1,0.005631003643590482
759.0,-0.22931426659010867,-0.0705055602297214,7.089944911706702,0.0,-1,-0.0003952569169959341
758.7,-0.21738559238247035,-0.019525628674027684,6.402952276857874,0.0,-1,-0.0009226308158692964
758.0,-0.25163912258005894,-0.01792638629053875,4.696530014964431,0.0,-1,0.0031662269129286713
760.4,-0.047795960797316184,0.061972258497401345,9.378332722700812,0.0,-1,0.012624934245134112
770.0,0.8581086168272805,0.322625612040666,22.163648007487566,-0.6572709346494321,-1,0.0
770.0,1.2395518542372201,0.23468961648353526,22.163648007487566,-0.3134437423829013,-1,0.0051298701298700955
773.95,1.656144151755825,0.21709397133404673,26.000665203335927,-1.9842211537618368,-1,-0.0025195426061115356
772.0,1.5639282878687482,0.041626035815656603,20.65823088158062,0.0,-1,-0.0017487046632124192
770.65,1.2749929986028974,-0.08243641781673139,17.033542965133805,0.0,-1,-0.0012327256212287807
769.7,0.9451092707530506,-0.13744004855552605,14.44849864960797,0.0,-1,0.004027543198648731
772.8,0.959741634265356,-0.040935895014406976,18.809566191330134,0.0,-1,-0.005628881987577494
768.45,0.5245793464994222,-0.1586993942601136,7.762095439271889,0.0,-1,0.0027978398074044453
770.6,0.44244992374149206,-0.08027627233934786,11.184460698838294,0.0,-1,0.004217492862704342
773.85,0.6353477187174121,0.03754050754552407,15.834099884228223,0.0,-1,-0.00045228403437358455
773.5,0.6496843063122242,0.017292365046778668,14.90379374936549,0.0,-1,0.006205559146735595
778.3,1.0027122412503786,0.12344009999497774,21.12209019119581,0.0,-1,0.0012206090196582586
779.25,1.1748335219485853,0.09852046023106142,22.205061196132576,0.0,-1,-0.0011549566891241314
778.35,1.0879913688019087,0.0038927690281282956,19.46297654733212,0.0,-1,-0.004882122438491732
774.55,0.6372376781617959,-0.14895364053732818,8.958832478261193,0.0,-1,0.0020657155767864754
776.15,0.4920910263282394,-0.09803343079029492,11.67048758822471,0.0,-1,-0.00824582877021196
769.75,-0.15482321844922353,-0.24831589185591932,-2.328360852669924,0.0,-1,-6.495615459556348e-05
769.7,-0.4695450726338777,-0.1876792486801912,-2.422110065047491,0.0,-1,0.002858256463557085
771.9,-0.4044439103399782,-0.0408593621287639,2.1758478237980725,0.0,-1,-0.001101178909185152
771.05,-0.40902300333141284,-0.015146151706732836,0.2825391382423561,0.0,-1,-0.0003890798262109474
770.75,-0.40222729954950864,-0.002783482641609547,-0.4229533338659692,0.0,-1,-0.002530003243593981
768.8,-0.5278105060293683,-0.04278889637382305,-4.984461728812981,0.0,-1,-0.0016909469302809343
767.5,-0.6549512337669512,-0.056643208037135295,-7.856713206666186,0.0,-1,-0.025472312703582967
747.95,-2.2931089948217505,-0.5649336563639782,-29.603050859153488,10.310946972630859,-1,-0.00621699311451307
743.3,-3.3085954591140307,-0.5268067068854196,-32.05079799139332,8.551257809741173,-1,-0.00087447867617374
742.65,-3.5947890696673994,-0.27100010581292944,-32.379228988748125,4.125485260556957,-1,0.0008752440584394172
743.3,-3.3841534524717645,-0.020121496205764977,-30.737758154546512,0.0,-1,0.0002690703618997148
743.5,-2.9801561895012583,0.1279585889215804,-30.19147503708986,0.0,-1,-0.008742434431741719
737.0,-3.0714778755576617,0.012212300955058986,-34.08100837838479,0.0,-1,-0.0014246947082767747
735.95,-2.948682228956045,0.04500264918555841,-34.62294917374169,0.0,-1,0.005367212446497627
739.9,-2.3123942199088106,0.22709688607759748,-24.081265716388906,0.0,-1,0.00898770104068114
746.55,-1.2473840303929364,0.43070235853115735,-10.080876366474946,0.0,-1,0.0009376465072667983
747.25,-0.5525969331022225,0.3751631519406238,-8.78158399138453,0.0,-1,-0.0010036801605888268
746.5,-0.22165364003171817,0.23536881500370938,-9.816114430068815,0.0,-1,-0.0002679169457469044
746.3,-0.05437752349371294,0.13421497718057154,-10.112742587378328,0.0,-1,0.005426772075572961
750.35,0.37129199506648547,0.18662816524692336,-1.5506975185317842,0.0,-1,-0.0004664489904711022
750.0,0.524019088090995,0.11311841942381096,-2.204384056639654,0.0,-1,-0.014000000000000012
739.5,-0.318285622737676,-0.24306209713495336,-17.03157682052955,0.0,-1,-0.005273833671399553
735.6,-1.0379141762572317,-0.32089688355150303,-20.773390103482253,0.0,-1,0.003602501359434518
738.25,-1.0904022716621284,-0.1244616596521333,-15.187563589808775,0.0,-1,-0.0095496105655265
731.2,-1.6132794633928143,-0.2157796171276063,-21.772979594134554,0.0,-1,-0.00034190371991249524
730.95,-1.7611114373088412,-0.12120386368121117,-21.981811680702307,0.0,-1,-0.0008208495793146087
730.35,-1.7382681378243205,-0.032786854732230086,-22.523882816765273,0.0,-1,-0.003217635380297179
728.0,-1.7778241432633877,-0.02411428672376581,-24.65760553767053,0.0,-1,0.017239010989010817
740.55,-0.6036168007110518,0.3833643519428567,-1.107212104774682,0.0,-1,0.0010802781716292564
741.35,0.10045493729114696,0.36247869664835186,0.009686433623457447,0.0,-1,0.001753557698792596
742.65,0.5524528948512852,0.27149221806949675,1.907357887217998,0.0,-1,-0.0006059381943041009
742.2,0.6949141323937056,0.13798448520397233,1.1604006276751875,0.0,-1,-0.0016168148746968924
741.0,0.6082352401321032,0.017101864314123305,-0.9317531046310918,0.0,-1,0.002024291497975783
742.5,0.6392095239903028,0.016025382724107695,1.805557746266338,0.0,-1,-0.0013468013468013185
741.5,0.5180958722535252,-0.03502942300422329,-0.17790351966375084,0.0,-1,0.005731625084288705
745.75,0.7685310570306001,0.07180192059095059,7.505093558830154,0.0,-1,-0.005229634596044197
741.85,0.5047043946666463,-0.06400824725766774,-0.2601610218152004,0.0,-1,0.002628563725820543
743.8,0.49323236392910985,-0.025160092665068023,3.247230300679661,0.0,-1,-0.007394460876579689
738.3,-0.011939681767103139,-0.17677737945376035,-6.308120639649296,0.0,-1,0.0033184342408236756
740.75,-0.05936406446789988,-0.0747339207181857,-1.7148136792879995,0.0,-1,0.005669929125885931
744.95,0.27187074955395474,0.08550029776788964,5.23999600393045,0.0,-1,0.0007383045842002112
745.5,0.4606655941021245,0.09143171410535317,6.09903958450262,0.0,-1,0.009657947686116719
752.7,1.1166742168676365,0.24914677895695514,15.679838074709792,-0.4198449937849773,-1,0.0007307028032415008
753.25,1.3974556768447428,0.1766427463113538,16.30399498384608,0.0,-1,-0.0011948224361101323
752.35,1.3463917670962928,0.041859612187634676,14.181760390481372,0.0,-1,0.0008639595932744548
753.0,1.262827164964051,-0.013901663314868973,15.078718585561518,0.0,-1,0.0
753.0,1.115809266817564,-0.05363985382045189,15.078718585561518,0.0,-1,0.0015272244355908349
754.15,1.0451495455095028,-0.041433191709504325,16.889765442826416,0.0,-1,0.000132599615461082
754.25,0.9310572227296916,-0.05184183816310517,17.054844026339538,0.0,-1,0.0029830957905203626
756.5,0.9839229594457493,0.0003412995176508282,20.70612541069673,0.0,-1,0.005684071381361511
760.8,1.2866955811832668,0.10103797375172285,26.286806530116465,0.0,-1,-0.0017087276550998842
759.5,1.2225239269533859,0.012288773173947387,21.69849580160107,0.0,-1,0.0021724818959840686
761.15,1.2260611059257371,0.005275317382099631,23.911351293064214,0.0,-1,0.0007225908165278128
761.7,1.171491269917965,-0.0164315062085576,24.645583435002607,0.0,-1,0.0020349218852566686
763.25,1.1757487460876064,-0.004058010012972124,26.69902522615054,0.0,-1,-0.0003930560104814518
762.95,1.0548984219984732,-0.041636111367368445,25.38601945672498,0.0,-1,-0.0012451667868144112
762.0,0.8273983914540395,-0.089712047303934,21.103237106111166,0.0,-1,0.0072178477690287846
767.5,1.1030318435606432,0.061973801600889944,28.83723665261867,0.0,-1,-0.00247557003257326
765.6,0.9905959159839313,-0.01682070865860741,21.4926900880384,0.0,-1,0.0010449320794148065
766.4,0.9184949591968916,-0.02964055514854902,22.683263777793712,0.0,-1,0.0021529227557410824
768.05,0.9434032342036289,-0.0015774267139372355,25.069344786686614,0.0,-1,0.0014321984245817543
769.15,0.9689071021899736,0.007975480424135761,26.584398155527182,0.0,-1,-0.003380354937268404
766.55,0.6842501110007788,-0.0922271702550197,16.0438169739695,0.0,-1,-0.014284782466897017
755.6,-0.4275992271772111,-0.4013588361443366,-9.828689899460215,0.0,-1,0.0055584965590258495
759.8,-0.5978906273348912,-0.19055007876733893,-1.2690705494803325,0.0,-1,-0.0025006580679125534
757.9,-0.791545441802441,-0.12806829774496298,-4.538349363899819,0.0,-1,0.0007916611690197417
758.5,-0.7724107288860296,-0.03631119494285051,-3.2840544287166153,0.0,-1,-0.0027686222808174232
756.4,-0.8734758116872854,-0.04579209258136874,-7.1192343672450065,0.0,-1,0.002974616604970892
758.65,-0.6637187021140107,0.05465500566396864,-2.033812749484312,0.0,-1,0.0017794767020364866
760.0,-0.3910302554845657,0.10911448409780455,0.8815841018640853,0.0,-1,-0.0028289473684209865
757.85,-0.40126684421272785,0.03295929845654749,-3.708065616541255,0.0,-1,-0.002705020782476808
755.8,-0.5437795682257729,-0.03651780851883257,-7.746003225051069,0.0,-1,-0.0007277057422597766
755.25,-0.6155542995468295,-0.03609751327996302,-8.816880817024689,0.0,-1,-0.005627275736511117
751.0,-0.9543121402451789,-0.12495178465943746,-16.17676402844981,0.0,-1,0.0021970705725697925
752.65,-0.9066650489071435,-0.025768231107134,-11.440266837366956,0.0,-1,0.007506809273898796
758.3,-0.3364527491626177,0.18148135621246397,1.709914121867385,0.0,-1,-0.003033100356059526
756.0,-0.21497553686003812,0.10098618950501453,-2.85421944338286,0.0,-1,0.010052910052910091
763.6,0.4970110306961715,0.27099091902040806,10.08175648303807,0.0,-1,0.0011786275536929125
764.5,0.8865867285829836,0.2201888723024067,11.327165338062017,0.0,-1,0.001308044473512071
765.5,1.0908256834777603,0.14147594239906114,12.761491071509667,0.0,-1,-0.0028086218158066556
763.35,0.9228763539687179,-0.00882446236999379,7.653356492639929,0.0,-1,0.004061046702036997
766.45,1.0203286597168244,0.029542614459370897,12.538078489470827,0.0,-1,-0.00026094331006598637
766.25,0.967360757614415,-0.007808429214346213,12.025199601862681,0.0,-1,0.0016965742251222604
767.55,0.968596743428634,-0.002190814466709101,14.14867090638657,0.0,-1,-0.0020194124161291294
766.0,0.7593316743833611,-0.07048529450399399,9.724335344284462,0.0,-1,0.007637075718015751
771.85,1.0789215003288746,0.08303484381383985,18.75988663338181,0.0,-1,-0.005959707196994235
767.25,0.765472954940833,-0.07680456719140061,7.49121155918052,0.0,-1,0.002280873248615256
769.0,0.6907926026683526,-0.05049497315462703,10.245217031594812,0.0,-1,-0.0019505851755526882
767.5,0.4708863763098634,-0.09013373317103879,6.744017562563442,0.0,-1,-0.00990228013029315
759.9,-0.31164060156186224,-0.2908869036809215,-7.244364131585776,0.0,-1,0.0026319252533228976
761.9,-0.5102673737009127,-0.163171225273324,-3.3955548548650825,0.0,-1,-0.006825042656516511
756.7,-1.0003918119620039,-0.21776522117813846,-10.975438300470223,0.0,-1,-0.01176159640544483
747.8,-1.9037547134290662,-0.373709374215067,-20.194322138371117,1.3489994590247534,-1,0.0019390211286440806
749.25,-2.075956604710086,-0.18197042183202905,-17.31565232595417,0.0,-1,-0.005805805805805808
744.9,-2.3515611666248333,-0.15252499458225888,-21.246285941074316,1.9229959868384867,-1,-0.006846556584776509
739.8,-2.7184000170301488,-0.17312128166252494,-25.140761425930695,3.19256653037678,-1,0.0015544741822115515
740.95,-2.5794527741469437,-0.01139134625977345,-22.674592699953973,0.0,-1,0.0022943518456035594
742.65,-2.1533580881931584,0.13823444656467077,-18.957224828259605,0.0,-1,-0.010570255167306253
734.8,-2.4150309045335234,-0.04114612325856459,-25.410507938003533,0.0,-1,-0.007212847033206238
729.5,-2.786281403992575,-0.13746554090587226,-28.727883129865493,0.0,-1,0.005140507196710109
733.25,-2.4272165367226535,0.07386644212134996,-21.178574042363124,0.0,-1,-0.00034094783498128667
733.0,-2.0662493916941003,0.14494452904996757,-21.38185018785666,0.0,-1,0.0
733.0,-1.7135783698720388,0.16587185029067641,-21.38185018785666,0.0,-1,0.0006821282401090478
733.5,-1.3527779948050238,0.17555740845256373,-20.16003442620629,0.0,-1,0.002044989775051187
735.0,-0.9346463077043836,0.19789636518440124,-16.373091873044075,0.0,-1,-0.012040816326530646
726.15,-1.3851932718454236,-0.08421686631887959,-25.16185237308069,0.0,-1,0.00048199407835847197
726.5,-1.4658673145954708,-0.054963636356308854,-24.308435792872835,0.0,-1,0.0019958706125258185
727.95,-1.2632153930875347,0.04922942838387567,-20.617525053181236,0.0,-1,0.0008929184696750969
728.6,-1.0024548162429028,0.1033300017428358,-18.912632137280116,0.0,-1,-0.0008921218775733708
727.95,-0.8427032931336953,0.08769384161734772,-19.724769630309385,0.0,-1,-0.008311010371591543
721.9,-1.1967689238180128,-0.08879059635565656,-26.164519839867978,0.0,-1,0.0010389250588724863
722.65,-1.2115709955086231,-0.0345308893487557,-23.996534575681416,0.0,-1,-0.0057427523697501925
718.5,-1.4638411150615411,-0.09560033630055798,-27.869466208347266,0.0,-1,0.005358385525400244
722.35,-1.1471560819162505,0.07369489894824421,-17.50566767869914,0.0,-1,-0.0003460926143835641
722.1,-0.9140505585172605,0.10226680744907801,-17.81472973810748,0.0,-1,-0.0007616673590916667
721.55,-0.7671602502746282,0.0830523718972368,-18.546026687552796,0.0,-1,0.004434897096528445
724.75,-0.3631184086304984,0.16236473784712224,-9.767062241437607,0.0,-1,0.0015177647464643673
725.85,-0.039170953755842675,0.16210406424059268,-6.97977374571515,0.0,-1,0.001239925604463732
726.75,0.20106701982786035,0.1341140126080986,-4.662297919536506,0.0,-1,-0.014860681114550967
715.95,-0.5955695783659394,-0.22084086186190044,-20.603685335824938,0.0,-1,0.006634541518262482
720.7,-0.5484237459323822,-0.057898343142781084,-10.250894176504936,0.0,-1,0.0015262938809490478
721.8,-0.3874821842211986,0.034347739522800846,-8.060280579635169,0.0,-1,-0.0018703241895260403
720.45,-0.38722122134720394,0.011536234132265177,-10.041402019865068,0.0,-1,-0.0004858074814352298
720.1,-0.38398897146453237,0.004922828004978896,-10.577837857027042,0.0,-1,0.0012498264129980896
721.0,-0.27537376556790605,0.037846011300535054,-8.340112616164255,0.0,-1,0.004854368932038833
724.5,0.0935483178444656,0.13558936490430223,-0.3098612935610561,0.0,-1,-0.02242926155969638
708.25,-1.0839530002698439,-0.34730398440333576,-20.942726672907813,4.615606740822614,-1,-0.007200847158489232
703.15,-2.007374242637752,-0.42357507559041463,-24.617998772296605,5.561896666655116,-1,-0.0006399772452534425
702.7,-2.339303676935174,-0.25183483662927886,-24.928889690142388,2.7967895844047916,-1,-0.010103885014942415
695.6,-2.901993087672736,-0.27150808245561375,-29.36069411974198,5.21203508563417,-1,0.007834962622196517
701.05,-2.4873383690686524,0.04771554538282308,-18.96337922040587,0.0,-1,0.00014264317808998506
701.15,-2.0643994790109446,0.15688481181351044,-18.779667527063747,0.0,-1,0.011053269628467532
708.9,-1.0350634107312544,0.395406960031067,-5.94610296540133,0.0,-1,0.008181689942164061
714.7,0.049193240969543695,0.49322120391062174,1.5683934960951973,0.0,-1,0.0046173219532670284
718.0,0.8622221300724959,0.4354166976711913,5.358989477668153,0.0,-1,-0.002019498607242376
716.55,1.076051397117908,0.2164153215722011,3.32151283656561,0.0,-1,-0.0010466820180029535
715.8,1.0307950808808073,0.05705300177836681,2.2170090020123396,0.0,-1,0.0009779267951941506
716.5,0.9806006660221556,0.0022861956399050642,3.2218607103289614,0.0,-1,0.0009769713886951248
717.2,0.932120069757616,-0.015398133541544845,4.289926618882276,0.0,-1,0.0025097601784718204
719.0,0.9802030991455695,0.010894965282136182,7.089250603304741,0.0,-1,0.010570236439499281
726.6,1.5558943555774931,0.19552874057135328,16.666156439890443,0.0,-1,-0.0015827140104596182
725.45,1.6182487874951903,0.08596105749635008,14.255094200676496,0.0,-1,0.0033772141429455615
727.9,1.7187386044961386,0.06215029149909945,17.07392316995096,0.0,-1,0.013463387827998385
737.7,2.442421962621893,0.2619445498749511,25.61911063676763,-0.9765327908671679,-1,-0.009217839230039382
730.9,2.0340618114663584,-0.048805200426861095,13.01128312461838,0.0,-1,-0.00041045286632912514
730.6,1.6353765849330557,-0.14916347565338794,12.50047027789357,0.0,-1,0.0011634273200109568
731.45,1.3705859229219186,-0.13798471255484168,13.433681362254404,0.0,-1,-0.011825825415271107
722.8,0.40314176500612575,-0.3684762901568782,-0.4961964788624016,0.0,-1,0.008231876037631425
728.75,0.38165787229775106,-0.129986727621751,6.760892692711451,0.0,-1,0.003979416809605452
731.65,0.5807777699187682,0.023044389999755333,9.883152995835012,0.0,-1,-0.004168659878357128
728.6,0.37777290456938317,-0.05998682511654324,5.223281601561638,0.0,-1,0.003911611309360463
731.45,0.4822893965139201,0.01484322227599788,8.570481638672959,0.0,-1,-0.005400232415066042
727.5,0.16519019277666303,-0.10075199382041977,2.5240725847358263,0.0,-1,-0.0007560137457044425
726.95,-0.05295859182331242,-0.10630025947346508,1.69837931876652,0.0,-1,-0.002544879290185098
725.1,-0.31178643480473056,-0.12170936748496106,-1.1704805137033176,0.0,-1,-0.0026203282305888864
723.2,-0.57355148672832,-0.12782480646951683,-4.078440287791793,0.0,-1,0.008503871681415864
729.35,-0.14413805546269032,0.10052954159870431,5.461045542954288,0.0,-1,-0.0010283128813326492
728.6,0.02008016479192065,0.0882492539511051,4.166331462527673,0.0,-1,0.0032939884710403433
731.0,0.3005159278532119,0.12289500567079878,7.6790899025076556,0.0,-1,0.0006155950752395611
731.45,0.45319081539605577,0.09185663107121422,8.344206583143063,0.0,-1,0.0005468589787407385
731.85,0.5250956912177571,0.05458716896430521,8.980905164180243,0.0,-1,-0.02063264330122294
716.75,-0.7410431784728644,-0.4038505669087721,-14.060370289083629,3.1921829959709385,-1,-0.0005580746424833638
716.35,-1.3456923484453682,-0.33616657896042534,-14.468919179826415,1.4171703573498462,-1,-0.0018147553570183605
715.05,-1.644209237727864,-0.2115611560809738,-15.86995162505049,1.0630914848624116,-1,0.0008391021606881655
715.65,-1.6064502458917786,-0.05793405474829605,-14.564387527876598,0.0,-1,-0.0001397331097603427
715.55,-1.4620332294826994,0.02882765388692765,-14.693975862305848,0.0,-1,-0.005939487107819108
711.3,-1.6221552854880201,-0.04376480070613109,-19.89318409922516,0.0,-1,-0.002530577815267776
709.5,-1.7170367063666845,-0.04621540719493189,-21.84435346301069,0.0,-1,0.009372797744890748
716.15,-1.0672243579421092,0.20119898040988105,-6.74758055765701,0.0,-1,-0.006842142009355512
711.25,-1.0617161539013296,0.06890239481688698,-13.096389582523926,0.0,-1,0.002601054481546683
713.1,-0.8163190390557702,0.10476650322081549,-9.436498087790632,0.0,-1,-0.000771280325340129
712.55,-0.6714272283784339,0.08321943796605058,-10.199112327907535,0.0,-1,0.00021051154304974062
712.7,-0.5305290540081842,0.07470587077876678,-9.858093459202763,0.0,-1,0.0026659183387118812
714.6,-0.25753587898907426,0.11589968193262556,-5.438148399195875,0.0,-1,-0.003288553036663866
712.25,-0.29541130156371764,0.026008086452660728,-9.543531694202741,0.0,-1,0.01705861705861711
724.4,0.7227685956125924,0.34806266120965706,11.063433606285287,0.0,-1,0.0009663169519602555
725.1,1.2299611612330636,0.2850850756100427,11.907350884090796,0.0,-1,0.004551096400496446
728.4,1.6560606806071974,0.2370615316613922,15.79112859163402,0.0,-1,0.0027457440966502933
730.4,1.8977720502435886,0.15959096709926124,17.988922794467214,0.0,-1,0.003901971522453529
733.25,2.0979800642081727,0.11993299368794852,20.944541243580346,0.0,-1,-0.002591203545857401
731.35,1.8649190658397856,-0.03770933489347961,16.403012239116848,0.0,-1,0.0017091679770286916
732.6,1.6971453111689243,-0.06849436318811364,17.90489426834438,0.0,-1,-0.0059377559377559175
728.25,1.1093296579027765,-0.2187700054847539,7.8972835828525305,0.0,-1,0.0009612083762444712
728.95,0.7813110264444276,-0.18226287898103433,8.978244131867982,0.0,-1,-0.004664243089375297
725.55,0.26885912517821,-0.23157159341575073,1.8007311811270483,0.0,-1,0.001998483908759008
727.0,0.11106158078030148,-0.1297897126045531,4.428699608111728,0.0,-1,0.0013755158184318717
728.0,0.10624101018299825,-0.04487009440061879,6.256313949909142,0.0,-1,-0.006662087912087888
723.15,-0.30918935929764757,-0.15343348796042156,-3.7410998434076674,0.0,-1,0.000207425845260234
723.3,-0.4786387640964449,-0.10762763091973965,-3.4148984489205176,0.0,-1,-0.01099128992119447
715.35,-1.185976902821153,-0.27165525654814926,-15.681846697877866,0.0,-1,0.0
715.35,-1.4408145636150493,-0.17549763911401528,-15.681846697877866,0.0,-1,0.0052421891381841945
719.1,-1.1356655137108191,0.043217136930071565,-6.949019651028088,0.0,-1,-0.00020859407592821455
718.95,-0.9009521959494577,0.09264348489714436,-7.201921067339384,0.0,-1,-6.954586549834385e-05
718.9,-0.712682854073023,0.09363760892452633,-7.29483585682236,0.0,-1,0.00041730421477259583
719.2,-0.5341579452953056,0.09072083923408125,-6.477417952335919,0.0,-1,0.0005561735261401246
719.6,-0.3670489954652112,0.08594326302139188,-5.308413685604755,0.0,-1,0.002362423568649241
721.3,-0.11124043759468805,0.11391727363063836,-0.38373352529422533,0.0,-1,-0.0003465964231249563
721.05,0.0051005444734073535,0.07675275189957793,-1.095252402954415,0.0,-1,0.0004854032313987844
721.4,0.0920126568013302,0.05455495474250027,0.019675898917839163,0.0,-1,-0.0022872192958136583
719.75,-0.009699008434836287,-0.015718903497888737,-5.111054396354952,0.0,-1,0.0010420284821117676
720.5,0.0027534096500403393,-0.0010888284710040374,-2.396637561059592,0.0,-1,-0.00402498265093687
717.6,-0.23291649877830878,-0.07891957896645108,-10.71059026209651,0.0,-1,0.0008361204013378476
718.2,-0.2813417447609936,-0.04244827498304532,-8.367174573543842,0.0,-1,6.961849067099735e-05
718.25,-0.2779425556889237,-0.01301636197032513,-8.159310052914279,0.0,-1,0.002297250261051209
719.9,-0.11558108151211854,0.04978170406882668,-1.4419236833123392,0.0,-1,0.0032643422697598012
722.25,0.17106474570232422,0.11214251042775651,6.50751886924499,0.0,-1,-0.0006230529595016021
721.8,0.2626322638343481,0.06790334285326013,4.708737786486218,0.0,-1,0.0024937655860350905
723.6,0.43653000091410377,0.08060035997767195,10.32227173625354,0.0,-1,0.0008291873963515162
724.2,0.537101369377865,0.06039057614714438,12.063728935558672,0.0,-1,0.0010356255178127771
724.95,0.6051286061615428,0.042805937643607406,14.243394167793952,0.0,-1,-0.0002069108214360904
724.8,0.5762148407065979,0.004630724062887448,13.433475976826095,0.0,-1,0.004483995584988909
728.05,0.7845733879202044,0.0709964237588313,21.94748447578027,-1.3680754172805791,-1,-0.00563148135430247
723.95,0.48170487920026517,-0.077290694987036,4.243958823977557,0.0,-1,-0.003936735962428384
721.1,0.05262855157366175,-0.16878900753787981,-4.418668847912407,0.0,-1,0.0009014006379142181
721.75,-0.11212865820414208,-0.11118207243856121,-2.3020485458605293,0.0,-1,0.007620367163145181
727.25,0.2731701250907008,0.0913722369520939,11.702575043916475,0.0,-1,0.0006187693365418134
727.7,0.4805553396471396,0.09958581716951093,12.612665498863748,0.0,-1,0.0012367733956299976
728.6,0.6192016686214856,0.07941071538128563,14.487995325705242,0.0,-1,0.00034312379906675794
728.85,0.6577580273901731,0.03932235804999107,15.02938677858235,0.0,-1,0.00034300610550874744
729.1,0.6430563711586501,0.008206900606156031,15.61189484351894,0.0,-1,-0.0052804827869976645
725.25,0.26128417877964694,-0.12452176392428238,1.0590047006323502,0.0,-1,0.0020682523267838704
726.75,0.17362440102522214,-0.07072718055956906,5.346558901014163,0.0,-1,0.0013071895424836555
727.7,0.1944924787293303,-0.016619700951820304,7.93954747819825,0.0,-1,0.0017864504603544162
729.0,0.29705214435387006,0.02864665489090651,11.351879541959107,0.0,-1,0.002057613168724215
730.5,0.44857763180334587,0.060057380780127456,14.993019677746389,0.0,-1,0.0011635865845311955
731.35,0.557792239544483,0.05642399617375482,16.953317429575478,0.0,-1,-0.0011622342243795547
730.5,0.49508352345299045,-0.002094906639245886,13.031541213704578,0.0,-1,-0.002737850787132068
728.5,0.25580553845281884,-0.08045763054647248,4.660944809232767,0.0,-1,0.0017844886753601852
729.8,0.22318275108170837,-0.037693472639194314,8.62889693681469,0.0,-1,-0.002055357632227972
728.3,0.06327279480592551,-0.06586780963832572,2.7142676089435795,0.0,-1,0.002265549910751119
729.95,0.11554508376752892,-0.00453184022557411,7.904658030820642,0.0,-1,-0.0010274676347694633
729.2,0.06955247126779796,-0.01684148424176836,4.863173302378065,0.0,-1,0.0025370268787712202
731.05,0.19492679241227506,0.03617761230090291,10.54333237242281,0.0,-1,-0.002940975309486338
728.9,0.062203386950159256,-0.032181931053737636,2.0802803516004715,0.0,-1,-0.002675264096583807
726.95,-0.17184193136006343,-0.08874241645465346,-4.350327121173208,0.0,-1,-0.005777563793933571
722.75,-0.6245444295684592,-0.18048163822101648,-14.762769746148201,1.7276350263606446,-1,-0.0008993427879626648
722.1,-0.8530169762086643,-0.13631806162040716,-16.092702509149817,1.1847834418833827,-1,0.004016064257028162
725.0,-0.6545018348447229,0.02073235991451139,-5.675842047955285,0.0,-1,0.009310344827586192
731.75,0.06179755540767928,0.2456772500556379,10.446589409947535,0.0,-1,-0.003074820635462938
729.5,0.22729745424987868,0.13705904963261245,4.591603772310961,0.0,-1,-0.006511309115832753
724.75,-0.1047273841832066,-0.06498859626682428,-5.515587296864901,0.0,-1,-0.00013797861331499295
724.65,-0.2703458547177888,-0.07686902226713549,-5.707409812344295,0.0,-1,-0.0021389636376181187
723.1,-0.4597929354252983,-0.08877203432488168,-8.769378798119362,0.0,-1,-0.004701977596459628
719.7,-0.7995337311601816,-0.14283761001992168,-14.714616939129755,0.6174021852581291,-1,0.0014589412255106016
720.75,-0.8152763180976308,-0.05286006565245693,-11.663589914156539,0.0,-1,-0.01768990634755463
708.0,-1.817707918391534,-0.3517638886487868,-26.568348484524986,6.701609520234683,-1,-0.0014124293785310327
707.0,-2.2507813920058197,-0.26161245408769096,-27.33622786265534,3.952797413060239,-1,-0.0035360678925034916
704.5,-2.488086346145792,-0.16630580274255458,-29.227190078839502,2.714816262385966,-1,-0.006032647267565694
700.25,-2.753564961037,-0.14392813921125436,-32.055283038646515,2.7816096409992497,-1,-0.006711888611210304
695.55,-3.048507188396229,-0.14629012219016113,-34.62700157231327,2.75041815785562,-1,0.006397814679031111
700.0,-2.5711027030428113,0.11037145438775209,-23.539645445419282,0.0,-1,0.0
700.0,-2.118141901779154,0.18777741855046992,-23.539645445419282,0.0,-1,0.015785714285714292
711.05,-0.794316342665752,0.5038676592212907,-2.466880073824086,0.0,-1,-0.0022501933759930814
709.45,-0.1995438678869732,0.3662133780000232,-4.561656535286794,0.0,-1,-0.007682007188667295
704.0,-0.3396956415068644,0.07535386812671069,-11.05703407237116,0.0,-1,-0.0012073863636363757
703.15,-0.45229689152461106,-0.012415793963678645,-11.998411062910947,0.0,-1,-0.002488800398208091
701.4,-0.6167394422398047,-0.058952781559624134,-13.989715755827724,0.0,-1,-0.00042771599657820403
701.1,-0.6725657640773761,-0.038259701132398516,-14.34558460827553,0.0,-1,0.01162458993010973
709.25,0.034734888676894116,0.22301365054062394,0.4386907711804966,0.0,-1,-0.040676771237222464
680.4,-2.0186760256690377,-0.610132421268436,-23.504994801206546,4.80794222698853,-1,0.006687242798353976
684.95,-2.4979918140362543,-0.36314940321188427,-17.85999310807226,0.0,-1,-0.000875976348638674
684.35,-2.579483723716862,-0.14821377096416422,-18.2176206654306,0.0,-1,0.001022868415284428
685.05,-2.3469393682473765,0.028110194835107016,-17.247632819751274,0.0,-1,-0.0009488358513977113
684.4,-2.0892555764919507,0.09526466219684426,-17.721176697695533,0.0,-1,0.0018994739918176684
685.7,-1.6779757159066548,0.1688481742607133,-15.613056883245456,0.0,-1,0.0024063001312526477
687.35,-1.195004475955102,0.21727313807075532,-12.853749594795687,0.0,-1,-0.02378700807448897
671.0,-2.216435149649783,-0.26805251187464196,-24.609906980902224,1.5608206282083756,-1,0.0021609538002982376
672.45,-2.421614224026257,-0.15774386208370528,-22.353498715008907,0.0,-1,-0.0010409695888170534
671.75,-2.3807359092122624,-0.038955182423237034,-22.794825441287355,0.0,-1,0.005061406773353205
675.15,-1.8785687593709781,0.15440398913934894,-17.02093057805663,0.0,-1,0.004665629860031162
678.3,-1.2084377878360328,0.27484498689143133,-11.961739402165556,0.0,-1,0.00442282176028308
681.3,-0.5226691530823473,0.32020454054837233,-7.3783487523188995,0.0,-1,-0.003449288125642047
678.95,-0.33206240628180694,0.1702704291163043,-9.95644985992893,0.0,-1,-0.0033875837690552357
676.65,-0.4007538323581912,0.03385966767997334,-12.427904030853853,0.0,-1,-0.006354836326017854
672.35,-0.7600367260331495,-0.10847440866499503,-16.69757106390317,0.0,-1,0.00014873205919530008
672.45,-0.8680084457012072,-0.07214870944435092,-16.5022926504558,0.0,-1,0.000817904676927661
673.0,-0.8038269350601013,-0.0026557329344150116,-15.333333810897663,0.0,-1,-0.005126300148588503
669.55,-0.9922506018178865,-0.06369313323073345,-19.1168693406791,0.0,-1,-0.003211111940855771
667.4,-1.182941551711906,-0.0847946943749176,-21.286792257816867,0.0,-1,-0.0002996703626010344
667.2,-1.1963752306829747,-0.03274279111532885,-21.49381171398643,0.0,-1,0.012215227817745866
675.35,-0.4242274676115585,0.24646832398536245,-3.898675084254897,0.0,-1,-0.0007403568520026882
674.85,-0.04446796377487772,0.20874260927401445,-4.659320241108709,0.0,-1,-0.002593168852337513
673.1,0.0032841184580547633,0.08549823050231566,-7.3931629723374,0.0,-1,0.003639875204278553
675.55,0.23105314970291602,0.10442242058239232,-2.4716799036638335,0.0,-1,0.0004440825993636821
675.85,0.3506832361834995,0.07468416902099195,-1.866567570294393,0.0,-1,0.0017015609972625967
677.0,0.47710800974175527,0.06703631419308259,0.5617644941000464,0.0,-1,0.0013293943870014147
677.9,0.5755613957090873,0.055163233386804844,2.495758458493654,0.0,-1,-0.0034665879923292398
675.55,0.38099130571697515,-0.04646895220176911,-2.854947875984635,0.0,-1,0.0014802753312115335
676.55,0.33529031857790415,-0.03072331311361337,-0.42486399326946866,0.0,-1,0.0005912349419852081
676.95,0.3178322984601891,-0.016060444410442798,0.5848838142769566,0.0,-1,-7.38606987222834e-05
676.9,0.27845059686296736,-0.018480715335888187,0.44458621135794374,0.0,-1,-0.001994386172255891
675.55,0.12305552965915467,-0.05795859417990029,-3.430260754042159,0.0,-1,-7.401376656046565e-05
675.5,0.03093670191901765,-0.050025807306679104,-3.577006950982401,0.0,-1,-0.001998519615100003
674.15,-0.1302007704442758,-0.07038775988999085,-7.58649115039244,0.0,-1,0.008825928947563622
680.1,0.2959138909111516,0.11857563382181219,9.530402205233521,0.0,-1,-0.0014703720041170376
679.1,0.40097839734619356,0.07454671341895136,6.399837357853663,0.0,-1,0.0022088057723457233
680.6,0.5450957841183026,0.07288803339702016,9.91328217024855,0.0,-1,0.002718189832500828
682.45,0.7258964954943394,0.0845629149243523,13.899790774245815,0.0,-1,0.0017583705765988888
683.65,0.8558054765578618,0.07149063199595818,16.314175093421184,0.0,-1,-0.0025597893659036197
681.9,0.703609510709839,-0.026901777950688155,9.830333451042058,0.0,-1,0.0011731925502274088
682.7,0.635544068559966,-0.03165574003352034,11.730902602188323,0.0,-1,-0.005566134466090666
678.9,0.23188267510511196,-0.14510571116279147,-0.6038319736817925,0.0,-1,0.005965532479010216
682.95,0.34822842211883653,-0.009586654716355614,9.078998940580483,0.0,-1,-0.004319496302804038
680.0,0.13154892711577304,-0.07542204990647305,1.1567833737225826,0.0,-1,-0.004558823529411837
676.9,-0.2460865643120087,-0.1510191804447516,-5.768566385107981,0.0,-1,-0.0031023784901758056
674.8,-0.5893970963331867,-0.16477657082197655,-9.858764204666358,0.0,-1,-0.0005927682276229973
674.4,-0.745269270982817,-0.10688291515720227,-10.629285734200103,0.0,-1,0.0011862396204034287
675.2,-0.6944329190589542,-0.01868218774444652,-8.148879160659739,0.0,-1,-0.00644253554502372
670.85,-0.9736453331754547,-0.09929820062031569,-16.443152392740352,0.1772718106208231,-1,-0.00104345233658798
670.15,-1.0904477624691253,-0.07203354330466216,-17.591558937031984,0.0,-1,0.0014922032380810801
671.15,-0.974644996910115,0.014589740751449365,-14.109041973562,0.0,-1,0.0026819637934889506
672.95,-0.6855231977214089,0.10123717998005177,-8.120012228276181,0.0,-1,-0.0002971989003641706
672.75,-0.5005020316502851,0.0954194486837252,-8.597517908569344,0.0,-1,0.00512820512820511
676.2,-0.0787829459771956,0.1723795114522716,1.911454016781434,0.0,-1,-0.000517598343685366
675.85,0.1094751756908181,0.12021254437342845,0.8828252433049286,0.0,-1,0.007767995857068888
681.1,0.6319813052172094,0.2142395579666066,13.076763395740812,0.0,-1,-0.002642783732198062
679.3,0.6905692612123175,0.09094250465390497,7.626659889967549,0.0,-1,0.002723391726777491
681.15,0.8164824674421425,0.07228523696124334,11.432204993785163,0.0,-1,-0.002715995008441663
679.3,0.6572321982702078,-0.028988344070230432,5.858185430222832,0.0,-1,0.0047107316355072815
682.5,0.7895043804950319,0.03442794605153121,12.41281209536622,0.0,-1,-0.0017582417582417964
681.3,0.6898484398996061,-0.021742664847964832,8.776270478399574,0.0,-1,-0.00447673565242912
678.25,0.3283664329436533,-0.12774155726797254,0.4713444473588311,0.0,-1,-0.012311094729082206
669.9,-0.5755717732797621,-0.3438932544971294,-14.700696504006729,0.0,-1,0.0049261083743843415
673.2,-0.7045765619513986,-0.15763268105625527,-7.155936452005591,0.0,-1,-0.004530600118835548
670.15,-0.9645309094580625,-0.13919567618763973,-11.737872102347815,0.0,-1,0.010743863314183422
677.35,-0.4141305074231241,0.1370682419490996,1.7865006545934676,0.0,-1,-0.0037646711449029757
674.8,-0.3169194307871521,0.07809310619502385,-2.323440099325687,0.0,-1,0.006816834617664469
679.4,0.14142939342980299,0.17881397680399302,4.857477750229556,0.0,-1,0.00036797173977043407
679.65,0.3796513560857875,0.1390119798199925,5.228521205414779,0.0,-1,0.0057382476274552285
683.55,0.7921247244066763,0.18382844938029375,10.811654223229226,0.0,-1,-7.31475385852276e-05
683.5,0.9281843481998067,0.10662935772447468,10.70382028981146,0.0,-1,0.005267008046817789
687.1,1.2188654644131702,0.1324368246459462,15.585803197850836,0.0,-1,-0.007713578809489308
681.8,0.820967233818692,-0.08848713531617736,4.50835223000459,0.0,-1,-0.0055001466705778546
678.05,0.24110418236989517,-0.22278339558832472,-1.8810343712161028,0.0,-1,-0.005088120345107194
674.6,-0.3564193585519888,-0.27343564550340294,-7.029860163407648,0.0,-1,0.004002371775867042
677.3,-0.40047951580027075,-0.10583193425056164,-2.175206512307355,0.0,-1,0.0010335154289089488
678.0,-0.3308029681077187,-0.01205179551933655,-0.9264125374552563,0.0,-1,-0.0030235988200589814
675.95,-0.43923111358571987,-0.04015998033244589,-4.472229497699544,0.0,-1,0.007101116946519603
680.75,-0.0568425935259711,0.11407617990910096,4.147211885958278,0.0,-1,-0.011164157179581413
673.15,-0.4942447840355726,-0.10777533686683355,-7.643794230008396,0.0,-1,-0.0053479907895714884
669.55,-0.9717588139541249,-0.19509645559512867,-11.999067577038993,0.0,-1,0.005824807706668711
673.45,-0.8045359277505213,-0.009291189797175026,-5.170566136112633,0.0,-1,0.00022273368475755895
673.6,-0.6413798240029109,0.05128830465014511,-4.91210663889904,0.0,-1,0.012618764845605757
682.1,0.2019798798711463,0.2982160028414008,7.5956766802808815,0.0,-1,-0.0028588183550799506
680.15,0.4443280751522707,0.18018806604084175,4.435112974254565,0.0,-1,0.0013232375211349456
681.05,0.6034748331967421,0.11311160802843773,5.682260005934495,0.0,-1,0.002789809852433933
682.95,0.7910919761193327,0.10024291698367616,8.35593756305564,0.0,-1,-0.002782048466212883
681.05,0.6606428829039714,-0.010068725410561696,4.689906845545579,0.0,-1,-0.003083474047426593
678.95,0.3653647627210148,-0.10178228186450611,0.7728005899925705,0.0,-1,0.0030193681419838914
681.0,0.35811197240275305,-0.036345024060922604,4.321445752892515,0.0,-1,-0.03421439060205578
657.7,-1.6170237537899084,-0.6704935834178616,-21.564931491976107,7.267383646388794,-1,0.009578835335259273
664.0,-1.9448396374037884,-0.33276982234391395,-12.602357336473283,0.0,-1,-0.005496987951807197
660.35,-2.250844276093744,-0.21292482034462346,-15.392417513513841,0.3663369474378442,-1,0.0021200878322100714
661.75,-2.099609572430836,-0.020563372227238474,-13.377320863665226,0.0,-1,0.006195693237627475
665.85,-1.5073580895635814,0.19056270354667215,-7.601477309600995,0.0,-1,-0.0054817151009987075
662.2,-1.3897858406663772,0.10271165081462552,-11.10749393608009,0.0,-1,0.005738447598912622
666.0,-0.8985175628289426,0.19799330955068672,-5.77252633077223,0.0,-1,0.0016516516516515978
667.1,-0.48634029367440235,0.20339019290174232,-4.249185392009764,0.0,-1,0.0005996102533352143
667.5,-0.20638996795764797,0.1611135062061656,-3.657040067155741,0.0,-1,-0.0020973782771535054
666.1,-0.1658823077694933,0.06720705546477343,-5.54411805589227,0.0,-1,-0.0008257018465697152
665.55,-0.17763828536124038,0.01848369262434213,-6.320500801299069,0.0,-1,0.006535947712418277
669.9,0.19378691628958222,0.1299696314250549,1.1730895404209107,0.0,-1,0.01141961486789067
677.55,1.0008506074242405,0.31234444085323776,11.248111109891703,0.0,-1,-0.0002951811674414273
677.35,1.3043115690395553,0.20526846748951755,10.883180642543152,0.0,-1,-0.017494648261607737
665.5,0.35984941909384816,-0.24639789415206326,-6.269945674059144,0.0,-1,0.00232907588279474
667.05,-0.013202440803411264,-0.20648325134977424,-4.056520332618007,0.0,-1,-0.009819353871523773
660.5,-0.7444615006851336,-0.31258077041049886,-11.219154188820077,0.0,-1,0.004466313398940214
663.45,-0.8022192389022393,-0.12344616954253484,-6.788692905004638,0.0,-1,0.0005275454065867269
663.8,-0.7350798381022514,-0.018768922914182307,-6.252027843037553,0.0,-1,0.005875263633624783
667.7,-0.31525348452703383,0.1336858102203451,-0.3598003894655406,0.0,-1,0.0022465178972592703
669.2,0.04593081597113269,0.1649567035728372,1.7979013420296823,0.0,-1,-0.008218768679019717
663.7,-0.23563793511073072,-0.038870682503008736,-5.900038930502326,0.0,-1,0.0011300286273918658
664.45,-0.2942858160591868,-0.03250618781715492,-4.6690338750623255,0.0,-1,-0.0012792535179472209
663.6,-0.36991927186181783,-0.036046547873262,-5.8921803530947585,0.0,-1,0.0012055455093429313
664.4,-0.31024272710794776,0.007876665626869339,-4.358346621294736,0.0,-1,-0.0004515352197470568
664.1,-0.2795508941387652,0.01285616619868396,-4.874334630679606,0.0,-1,0.002710435175425241
665.9,-0.0909090698091859,0.06716599684275443,-1.0284244166984848,0.0,-1,0.0011262952395254544
666.65,0.07348759817307382,0.07718755494167139,0.5752657470294551,0.0,-1,0.0034500862521564812
668.95,0.3412286323164153,0.11497619636167097,5.356008609757282,0.0,-1,-0.008072352193736587
663.55,-0.003336569971679637,-0.07652966864214134,-5.797700620326864,0.0,-1,0.0021098636123879633
664.95,-0.05867445695128026,-0.043955851873913994,-2.7367276489752754,0.0,-1,-0.004060455673358998
662.25,-0.3064538623618773,-0.0972450857615037,-7.708277364421939,0.0,-1,-0.0015855039637598933
661.2,-0.49230574320370124,-0.09436565553444254,-9.546941428456286,0.0,-1,0.0016636418632787198
662.3,-0.45253953835765515,-0.018199816896132148,-6.678624151739207,0.0,-1,0.0010569228446324352
663.0,-0.33661147440477635,0.0325760823522489,-4.811794893330713,0.0,-1,0.00037707390648566985
663.25,-0.229763152894634,0.04647480128746373,-4.104632414499065,0.0,-1,0.0027892951375800834
665.1,-0.003025396064913366,0.09107085270572814,1.0843502794708044,0.0,-1,0.003157419936851591
667.2,0.2855955986885874,0.12656394915307634,6.362835947444033,0.0,-1,0.0019484412470023305
668.5,0.5144397961746563,0.11846938221304842,9.377957496908962,0.0,-1,-0.0014210919970083502
667.55,0.5068252452364277,0.03695161042493994,6.2236427239591094,0.0,-1,0.0005243052954835292
667.9,0.4899491993309084,0.006691854839806888,7.155347516912016,0.0,-1,-0.004641413385237381
664.8,0.18234874310064697,-0.10030286713015152,-2.742873747348604,0.0,-1,-0.004663056558363299
661.7,-0.24498054693958693,-0.1758773857234618,-10.368835344634284,0.0,-1,7.556294393218366e-05
661.75,-0.43406347971472314,-0.12165343949953267,-10.194754192617964,0.0,-1,0.001964488099735373
663.05,-0.3840996561260681,-0.02389653863695923,-5.565854295538713,0.0,-1,0.0034688183394917527
665.35,-0.135442772987858,0.0749201148337503,1.7309087095252167,0.0,-1,-0.005410686105057572
661.75,-0.2998274336698614,-0.029821515282751065,-7.886818455333646,0.0,-1,-0.006497922176048276
657.45,-0.7153674778717232,-0.14845385316153759,-16.221455977698454,0.7868552084484008,-1,0.004030724769944483
660.1,-0.6426902101499081,-0.025258861813240885,-8.318173785149696,0.0,-1,0.004014543251022573
662.75,-0.33196072544330946,0.09515687429778596,-1.4902140459253843,0.0,-1,-0.005281026027914026
659.25,-0.44059925596968696,-0.004493885409530496,-8.602941671731152,0.0,-1,0.00970800151687512
665.65,0.0751314167646342,0.17041226244159685,4.848012949961699,0.0,-1,-0.0024787801397130327
664.0,0.1892358017347533,0.09483888247057201,1.4642436479357244,0.0,-1,-0.0022590361445783413
662.5,0.10551834407522165,0.003707141603680117,-1.5547084820599935,0.0,-1,-0.004981132075471684
659.2,-0.2201335800941706,-0.10731492752190407,-7.630270947068624,0.0,-1,-0.0003033980582525242
659.0,-0.38128174383768965,-0.08948769708847437,-7.985094025157984,0.0,-1,0.004552352048558417
662.0,-0.1800823470563273,0.037237233230962646,-0.8831260925047459,0.0,-1,-0.003851963746223541
659.45,-0.2769757864109579,-0.019885402041222633,-5.9756356384054214,0.0,-1,-0.003184471908408537
657.35,-0.477341190554057,-0.0734169353947739,-9.790398193505723,0.0,-1,0.001064881722065758
658.05,-0.4794121267460696,-0.025162623862262146,-7.931210416766021,0.0,-1,-0.0016716055011015696
656.95,-0.5321632509464962,-0.025971249354229564,-10.097630302573194,0.0,-1,0.003196590303675917
659.05,-0.3391918754679182,0.05566670870811613,-4.17928885506754,0.0,-1,0.0021242697822625445
660.45,-0.09777353143954315,0.09902835091216372,-0.4957620721232914,0.0,-1,0.005072299189946117
663.8,0.3102501015279131,0.16901732795987337,7.234562257984379,0.0,-1,0.006176559204579712
667.9,0.8300744095510026,0.2296138786609877,14.603426390716905,-0.6386604325635972,-1,0.0007486150621349719
668.4,1.0624803627665642,0.15400661062551646,15.411012998825797,-0.4184213110484052,-1,-0.0008228605625373309
667.85,1.0443099758105063,0.045278741223152896,13.636479486485442,0.0,-1,0.008160515085722686
673.3,1.402365617681653,0.13444479436476664,21.99990418984291,-2.1845775012802733,-1,0.009950987672657119
680.0,2.0228629704770356,0.25164738238671647,28.6935779917672,-4.942528014884147,-1,-0.0050000000000000044
676.6,1.8812063993349284,0.0366636037482031,19.346209587465836,0.0,-1,0.017735737511084926
688.6,2.653610913819307,0.2696893727441938,29.087490058079453,-6.207199981174995,-1,-0.0006534998547779169
688.15,2.7811789282432073,0.13241912905603126,28.053977727497013,-1.8268165680007087,-1,-0.0018164644336263747
686.9,2.509031358101538,-0.04657614702854618,25.02786268572602,0.0,-1,0.004221866356092452
689.8,2.405538293188897,-0.05002307064706235,27.296802123794237,0.0,-1,0.00028993911278640816
690.0,2.1699969029667727,-0.0951881536230621,27.453777117354477,0.0,-1,-0.003260869565217428
687.75,1.6838931326085458,-0.1937639746604296,21.29215323714392,0.0,-1,0.001454016721192275
688.75,1.3838501530453868,-0.16460231807452952,22.377312509075566,0.0,-1,-0.011252268602540805
681.0,0.47267448384332056,-0.358592662425532,4.603748676887712,0.0,-1,-0.004405286343612369
678.0,-0.27230289107797034,-0.3678566791156077,-0.612585422033149,0.0,-1,0.004719764011799521
681.2,-0.3554330042820766,-0.15032893077323797,4.535029682449284,0.0,-1,0.0003669994128010501
681.45,-0.34654531052740367,-0.047147079006188364,4.932911929992365,0.0,-1,-0.00014674590945784605
681.35,-0.32155602110606196,-0.00738592986161557,4.720077523598377,0.0,-1,0.0015410581932926437
682.4,-0.19476504130318517,0.03980168331375375,6.678297690045774,0.0,-1,-0.00029308323563881356
682.2,-0.13180579795982794,0.034253642219036984,6.1642375867719394,0.0,-1,-0.008282028730577706
676.55,-0.5601756931248474,-0.1313720843153275,-6.281893875814035,0.0,-1,0.010716133323479315
683.8,-0.1235126662802486,0.10176364750975711,7.231054271092795,0.0,-1,0.0003656039777713005
684.05,0.1259449026654238,0.11707373881847653,7.620899865574835,0.0,-1,-0.0006578466486366619
683.6,0.20267827858288,0.06460237157864426,6.589260046168043,0.0,-1,0.0006582796957284032
684.05,0.2616551099930575,0.04119306766294059,7.435996048256158,0.0,-1,0.00285066881075946
686.0,0.43183893319860545,0.0704589636228295,11.090174162517144,0.0,-1,0.005830903790087438
690.0,0.8142776003682002,0.1509658769308081,17.457793641388463,0.0,-1,-0.008695652173912993
684.0,0.4376404672556191,-0.07522375206059095,3.0015584547389977,0.0,-1,0.0014619883040936088
685.0,0.2961851950947221,-0.07222634140716266,4.795510707528464,0.0,-1,0.002262773722627731
686.55,0.32994212608969065,-0.012823136804064716,7.583863488299528,0.0,-1,0.00043696744592547354
686.85,0.34432541441299236,0.0005200505064123506,8.139155196277933,0.0,-1,-0.004367765887748454
683.85,0.07282327404027455,-0.0903273632887685,0.7561044543586846,0.0,-1,-0.0024859252760108808
682.15,-0.21066306898285347,-0.1246045687706322,-3.001702129843707,0.0,-1,0.0020523345305283325
683.55,-0.21818431807912475,-0.044041939288967824,0.36112596579989287,0.0,-1,0.005047180162387699
687.0,0.08373708387932766,0.0859598208898282,7.708274282827496,0.0,-1,0.0010917030567685337
687.75,0.2902196945352671,0.09748081051525587,9.168084172743683,0.0,-1,0.003198836786623138
689.95,0.5526093586520346,0.11995682487734116,13.297216530276913,0.0,-1,0.0018117254873541988
691.2,0.7419200774893397,0.10308918123821542,15.4997671379639,0.0,-1,-0.0028935185185184897
689.2,0.6080820971171761,-0.010249599711316115,9.18554287039256,0.0,-1,-0.0017411491584445882
688.0,0.39048959883803036,-0.07594736599682061,5.611547633770861,0.0,-1,0.0021802325581394832
689.5,0.3741525497953262,-0.030761471679841612,9.046325908675271,0.0,-1,0.01189267585206677
697.7,1.0181379794577197,0.20440798599418397,22.14058193833904,-3.4329184582707057,-1,0.008384692561272722
703.55,1.7427858626674606,0.3096852897346416,27.77375982471409,-5.345379522011399,-1,-0.00021320446308004115
703.4,1.9473776490499404,0.17142569203904046,27.32829568644209,-2.327526945908744,-1,0.011160079613306895
711.25,2.5415587381536398,0.2552022603809134,32.992667405035604,-5.488640108827667,-1,-0.0008435852372583597
710.65,2.576852721192722,0.09683208113999875,31.268307654490002,-1.3462001887658062,-1,0.004151129247871754
713.6,2.6255953192795687,0.04852489307561525,33.1777260856544,-0.5928490222278242,-1,0.001961883408071685
715.0,2.5478336750496737,-0.009745583718093087,34.035818872030205,0.0,-1,-0.0037062937062937173
712.35,2.0758000466805697,-0.16059307069573237,25.893815687888704,0.0,-1,0.0034393205587139875
714.8,1.8709665619393263,-0.12180885181232526,28.075876146001377,0.0,-1,-0.0005595970900951208
714.4,1.5793026060737247,-0.13782426922597568,26.814533437060277,0.0,-1,0.0037094064949607652
717.05,1.52269541096814,-0.06481048811052004,29.278733194872444,0.0,-1,-0.0007670315877553735
716.5,1.321667195834607,-0.088612901081351,27.38213605703035,0.0,-1,0.0027215631542218954
718.45,1.2735141552817595,-0.04558864721139955,29.330121573957257,0.0,-1,-0.00027837706173017285
718.25,1.1266447887318236,-0.06415267125377855,28.559070146409468,0.0,-1,6.961364427415795e-05
718.3,0.963489706395876,-0.0757692511965753,28.61680198419093,0.0,-1,-0.004246136711680282
715.25,0.5474546896948596,-0.16393475596586393,16.483642699956263,0.0,-1,0.0006291506466271635
715.7,0.33131595720317364,-0.1266911628191833,17.310697608009676,0.0,-1,-0.0015369568254856025
714.6,0.10397026119039765,-0.11801228627731977,13.082784540638833,0.0,-1,0.002938706968933724
716.7,0.15663322475143104,-0.02178310757209545,17.423228021986375,0.0,-1,0.004743965396958316
720.1,0.4532452711359838,0.09160964627081913,23.110510930230888,0.0,-1,0.0009026524093875832
720.75,0.6179475217336403,0.08543729895615859,24.072028565439524,0.0,-1,-0.0027748872702046956
718.75,0.4821363535546652,-0.016791289740938853,16.003144757714026,0.0,-1,0.0017391304347826875
720.0,0.47821940666892715,-0.006902745542225641,18.3940664570587,0.0,-1,0.0014583333333333393
721.05,0.52390931600371,0.01292905459751914,20.340868585807442,0.0,-1,0.0002080299563138599
721.2,0.5155951610040574,0.0015382998659555502,20.628042856149804,0.0,-1,-0.0012479201331115908
720.3,0.3934718200872567,-0.040195013683615055,16.345448195293272,0.0,-1,0.001249479383590213
721.2,0.3746208312882118,-0.019682000827553336,18.46974306232039,0.0,-1,0.0009706045479755954
721.9,0.39231026761467547,-0.0006641881670298999,20.10070903095371,0.0,-1,-0.009350325529851822
715.15,-0.1940375365232967,-0.19567066410166734,-4.89647537614227,0.0,-1,0.00020974620708935632
715.3,-0.45854164388208574,-0.15339159048681883,-4.417347948618506,0.0,-1,0.004473647420662807
718.5,-0.2859152272378651,0.006411608719133932,4.910797957777625,0.0,-1,-0.0006958942240778976
718.0,-0.2174424166460085,0.024961473103663506,3.323870269011799,0.0,-1,-0.003272980501392797
715.65,-0.36091914329631436,-0.03950508451554746,-3.6685933751496265,0.0,-1,0.00537972472577386
719.5,-0.08174757801327814,0.07988882692249627,6.673578136779248,0.0,-1,0.0
719.5,0.06465050279598472,0.07542896924391972,6.6735781367792555,0.0,-1,0.014246004169562232
729.75,0.9866286679675795,0.3324690448051716,23.474502531712133,-3.7450149410195763,-1,0.0034258307639603025
732.25,1.573732028222821,0.30652413502013776,25.996940994307167,-3.461223567034267,-1,-0.004438374871969963
729.0,1.4653060393318356,0.066032715376384,16.818765956596394,0.0,-1,-0.0014403292181068839
727.95,1.2014842082753603,-0.06592970522669717,14.042310901175554,0.0,-1,-0.006044371179339314
723.55,0.6027829420575017,-0.22154365714818525,3.6606068416385824,0.0,-1,-0.0018658005666504218
722.2,0.14070039711043592,-0.22787540069841705,0.8504225684695115,0.0,-1,0.0019385211852671613
723.6,0.014600758211031462,-0.1179916798659405,3.647497876736182,0.0,-1,-0.0035931453841901995
721.0,-0.2663324577562207,-0.13297496527773092,-1.9903774234654037,0.0,-1,-0.001941747572815511
719.6,-0.5012713609268076,-0.12263795614943929,-4.83041615090562,0.0,-1,-0.003613118399110604
717.0,-0.7936348657682402,-0.13833382033029062,-9.744312801033459,0.0,-1,-0.0046025104602509526
713.7,-1.1486803793749232,-0.16445977797899125,-15.09880519494596,0.0,-1,0.0015412638363456743
714.8,-1.1388131045637238,-0.05153083438926398,-12.042366750788702,0.0,-1,0.001958589815333145
716.2,-0.9223117084444539,0.054990187243335265,-8.179535580804966,0.0,-1,-0.0009773806199385726
715.5,-0.7955350346810519,0.06058895366891237,-9.577723775415912,0.0,-1,-0.013487071977637988
705.85,-1.4700187782425473,-0.20463159663086095,-23.267641125729472,1.6831767935326525,-1,-7.083658001005855e-05
705.8,-1.6889257518364502,-0.14117952340825468,-23.319661273462707,0.0,-1,-0.0006375743836779524
705.35,-1.6951354259804248,-0.04912973251740982,-23.828940087716727,0.0,-1,0.004394981214999705
708.45,-1.2986456442206418,0.11578668308079099,-14.417145920424552,0.0,-1,0.000494036276377896
708.8,-0.9630136163224279,0.15047290365966837,-13.40318618100347,0.0,-1,0.0016224604966141865
709.95,-0.6191131343464349,0.1647911285452205,-9.957692714388685,0.0,-1,0.0035918022395942106
712.5,-0.1830701321629249,0.20027804357624351,-2.8779886291432675,0.0,-1,0.00014035087719310724
712.6,0.058540546609151534,0.1472962407827733,-2.6073226300969807,0.0,-1,0.000771821498736891
713.15,0.22030084044445175,0.1030188448726912,-1.011633854853713,0.0,-1,0.001121783635981366
713.95,0.34948925065839376,0.07740241836221107,1.372176019991933,0.0,-1,0.00021009874641086945
714.1,0.39745935154383005,0.04179083974921577,1.8410307764226488,0.0,-1,0.004831256126592853
717.55,0.6758227893578805,0.10671809252108877,11.361512689504558,0.0,-1,0.002020765103477151
719.0,0.8795192758184385,0.10347152632721557,14.627082884849003,0.0,-1,0.0020862308762170656
720.5,1.0330742460638476,0.08567549885754155,17.759117651715144,0.0,-1,0.00346981263011803
723.0,1.2320955440145553,0.09489893226941648,22.300911483078707,0.0,-1,0.006224066390041472
727.5,1.6039315643221244,0.15557831752566176,28.389485605240353,-1.9939956933690155,-1,0.0020618556701030855
729.0,1.7811886107823511,0.11094512132862944,30.016384001294654,-0.9113704897962407,-1,0.0
729.0,1.7213847497805546,0.017047086775610953,30.016384001294654,0.0,-1,-0.0030178326474623596
726.8,1.3647007567979017,-0.11321230206901389,20.417469104536053,0.0,-1,-0.002063841496973029
725.3,0.9476336972401214,-0.17675978720893148,14.551056026222668,0.0,-1,-0.0012408658486143809
724.4,0.585130692691223,-0.17975426391927662,11.154569600661105,0.0,-1,-0.011181667586968591
716.3,-0.319881700640849,-0.36158888575044956,-9.929399864932066,0.0,-1,0.0016752757224627324
717.5,-0.6457310889201153,-0.22914609134323866,-6.71096853851332,0.0,-1,0.0013937282229965486
718.5,-0.6715115256497484,-0.08497550935762388,-4.024561520786577,0.0,-1,0.0012526096033402823
719.4,-0.5534424502103548,0.011031188693923277,-1.5811545547392285,0.0,-1,0.003266611064776326
721.75,-0.2524543749732402,0.10400642131034599,4.402036208526198,0.0,-1,0.0031174229303776446
724.0,0.10657752722647729,0.15434610783668784,9.410737146953885,0.0,-1,-0.0013121546961326613
723.05,0.1980453510574307,0.0819379772225471,6.499211521666922,0.0,-1,0.0011755756863287559
723.9,0.29810881705145675,0.06066714773885773,8.520117037131094,0.0,-1,0.004696781323387134
727.3,0.6066314819607896,0.12306327088273022,15.618930231435897,0.0,-1,0.0005499793757735016
727.7,0.7436735242521308,0.08670177105802379,16.371241597880996,0.0,-1,0.004191287618524164
730.75,1.0043884183767204,0.11580555506087109,21.63052807964452,0.0,-1,-0.0013000342114266594
729.8,0.9718801639075991,0.02776576686391663,17.952599217980236,0.0,-1,0.0030145245272679144
732.0,1.0579693563474848,0.03795165310126736,21.69252413811276,0.0,-1,0.0003415300546447675
732.25,1.033683172871747,0.004555156541843131,22.103573020912933,0.0,-1,-0.004028678729942059
729.3,0.6895664833945148,-0.11318717764512976,10.571661289243607,0.0,-1,0.0014397367338545575
730.35,0.5475442650397326,-0.08506979866663733,12.917195991304645,0.0,-1,-0.004655302252344784
726.95,0.14757113377561382,-0.16168097664358538,1.824952272862113,0.0,-1,-0.003095123461035798
724.7,-0.2522130263376994,-0.1871550455856329,-4.122256502110602,0.0,-1,-0.0031737270594729416
722.4,-0.6227540208661821,-0.18589868003803856,-9.41243234221075,0.0,-1,0.004291251384274775
725.5,-0.49779501639159207,-0.020313225187816142,-0.6635079335527294,0.0,-1,0.001929703652653325
726.9,-0.27716592945500906,0.06677195391625562,2.822557674102356,0.0,-1,0.023593341587563543
744.05,1.2854124414678836,0.5431167749463828,25.638486261838494,-5.75781484764309,-1,-0.006115180431422562
739.5,1.5804172568069816,0.2793738634284937,16.200681677266616,0.0,-1,0.0030425963488844854
741.75,1.7837182264092917,0.16089161101026783,18.369217962858073,0.0,-1,0.004920795416245349
745.4,2.0408921923429943,0.13935519231465676,21.64798472073656,-1.0344797494735758,-1,-0.006104105178427632
740.85,1.6202381592813708,-0.09376628024898892,12.652672944454203,0.0,-1,-0.0038469325774448393
738.0,1.03739129614371,-0.2255377144622166,7.618105431248836,0.0,-1,-0.0014227642276422037
736.95,0.5720185898961745,-0.23030347356991743,5.783141781475756,0.0,-1,-0.01004138679693345
729.55,-0.3250026457188824,-0.3757749030616581,-5.351480013278874,0.0,-1,0.0015077787677335586
730.65,-0.6547630430499112,-0.235178433464229,-3.584899734612776,0.0,-1,0.0015739410114281593
731.8,-0.6692463214612872,-0.08322057062520172,-1.6693229857296856,0.0,-1,0.00150314293522813
732.9,-0.5290507672118565,0.01899166120807627,0.22192117864047134,0.0,-1,-0.0015691090189656753
731.75,-0.5106987594862176,0.012447889644571775,-1.8263480753689763,0.0,-1,0.001708233686368299
733.0,-0.3547978589995182,0.05611626337709036,0.6065971638128715,0.0,-1,-0.0016371077762620256
731.8,-0.34728092050625037,0.0212110672901194,-1.8066275707826733,0.0,-1,0.010248701831101492
739.3,0.31041762544930407,0.22630320441522467,11.081375315512446,0.0,-1,-0.004463681861220037
736.0,0.33839876297292903,0.08476144731294988,4.458098007912383,0.0,-1,-0.0014266304347825276
734.95,0.2366894348203914,-0.00564929361319591,2.4475154933589067,0.0,-1,0.0014286686169127094
736.0,0.25361065117567705,0.0037573075806965894,4.321345650704657,0.0,-1,0.00027173913043476716
736.2,0.25760370508862707,0.002583453831215554,4.69914533810676,0.0,-1,0.003056234718826323
738.45,0.42563325662115403,0.056871001787914155,8.943752995937714,0.0,-1,-0.002234409912655
736.8,0.3366785943355808,-0.010694553499219717,4.762796113260201,0.0,-1,-0.002239413680781732
735.15,0.1266447136648594,-0.0735761447233137,0.7621050285655073,0.0,-1,0.0001360266612255856
735.25,0.01940738052405777,-0.060271159288038445,1.0031461529656482,0.0,-1,-0.0027201632097926254
733.25,-0.20249523442328154,-0.09405792474512593,-4.000974624859452,0.0,-1,-0.00027275826798500713
733.05,-0.3132386056950054,-0.06826709867228328,-4.49702761750595,0.0,-1,0.003137575881590804
735.35,-0.15084040752299188,0.03137703316657675,2.102964399894681,0.0,-1,-0.001971850139389497
733.9,-0.17790460781009187,0.001437610959825586,-1.9714718685104131,0.0,-1,-0.00013625834582375873
733.8,-0.18494465730282172,-0.0018674795109680786,-2.2575595769097916,0.0,-1,0.006064322703734026
738.25,0.19778070605934772,0.1269526279504005,9.631765019834674,0.0,-1,0.0
738.25,0.3726616622356005,0.10061119470888441,9.631765019834674,0.0,-1,-0.002302742973247618
736.55,0.28738033513741357,0.0051099558702324965,3.8531584051974335,0.0,-1,-0.003801507025999573
733.75,-0.012542023006517411,-0.0982708007578995,-4.258703314286564,0.0,-1,-0.0016354344122657682
732.55,-0.2614580334945913,-0.11572893708199114,-7.320059552502727,0.0,-1,0.00027301890655939687
732.75,-0.34746120261411306,-0.06724403540050433,-6.6183317131172,0.0,-1,0.00047765267826682667
733.1,-0.33234102028939105,-0.01737461769192744,-5.301901985604147,0.0,-1,0.005388078024825882
737.05,0.03208082256378475,0.1156824083870828,7.182070815987792,0.0,-1,-0.000678380028491965
736.55,0.16995167544348533,0.08451775375559449,5.422411616232679,0.0,-1,-0.008824927024641882
730.05,-0.31694220440363097,-0.13412537536384062,-11.63205298402886,0.4294042968658687,-1,-0.0045887267995341485
726.7,-0.8131439606269169,-0.2101090438623755,-17.380144165790732,2.020745765515244,-1,-0.001857712948947321
725.35,-1.1059828420195572,-0.1676493084183387,-19.430768292804668,1.710399697657408,-1,-0.0015854415109947118
724.2,-1.256070379214293,-0.10591228187102497,-21.147524658720346,1.128869187633768,-1,0.0008975421154377994
724.85,-1.1722749495437483,-0.007372284066826662,-18.723686611974628,0.0,-1,-0.003931847968545288
722.0,-1.270187655579889,-0.035094996700989034,-23.175741614409123,0.2359292615327604,-1,0.0030470914127425086
724.2,-1.0299617039662508,0.06837698497088307,-15.213787009376098,0.0,-1,-0.004971002485501308
720.6,-1.124018586162265,-0.008559965741710363,-20.958948182658393,0.0,-1,0.004301970580072201
723.7,-0.8190454784133863,0.09880438066905606,-11.276104961510214,0.0,-1,-0.001312698632029874
722.75,-0.6774718013379015,0.0801260192481803,-12.995477315587529,0.0,-1,0.00235212729159473
724.45,-0.40856231268867305,0.1163451692991363,-7.8852347980051505,0.0,-1,0.0006901787562978434
724.95,-0.1983940423066315,0.10883781322705932,-6.390323917446025,0.0,-1,-0.005862473274018898
720.7,-0.43094373692349563,-0.041237293796601626,-14.941363889935886,0.0,-1,0.0006937699458859914
721.2,-0.46963993948827465,-0.02664449878712688,-13.318415611001683,0.0,-1,-0.005962285080421625
716.9,-0.8081847124799424,-0.12172975725959823,-20.389486025096424,0.0,-1,-0.0026502999023573226
715.0,-1.0684417062690272,-0.12732891701622773,-22.94956824477936,0.0,-1,-0.0030069930069930306
712.85,-1.28870006097452,-0.11586242390724011,-25.60178145650439,0.0,-1,-0.002665357368310306
710.95,-1.449770899912778,-0.09231108761516604,-27.74440590574793,0.0,-1,-0.0009845980730009973
710.25,-1.4678254110558555,-0.03678853291941442,-28.51671398690256,0.0,-1,-0.009785286870820142
703.3,-1.9337005490393722,-0.16755455696764376,-34.46415875017893,3.6056199540446414,-1,0.0019195222522394584
704.65,-1.8929964056112567,-0.04228347117984277,-29.701984355568968,0.10770375441632041,-1,-0.0019158447456184557
703.3,-1.8273946334295488,0.007772767000621794,-30.898602198596578,0.0,-1,0.0009242144177450395
703.95,-1.5881441945529104,0.0823410686257533,-28.42520075839037,0.0,-1,0.0007813054904466377
704.5,-1.2903402922352143,0.12671499031448308,-26.233867805075032,0.0,-1,-0.0029098651525903962
702.45,-1.2047433167234658,0.0707706552754106,-28.698802469838565,0.0,-1,0.001352409424158152
703.4,-0.9823828859073274,0.09771036203051642,-24.70903778678447,0.0,-1,0.0027722490759169993
705.35,-0.6268374300069581,0.1510852726436286,-16.966149674162352,0.0,-1,0.0033316793081448193
707.7,-0.2009949162228395,0.19230926214258243,-8.805272377956271,0.0,-1,0.0018369365550374717
709.0,0.13700925035448108,0.1767711429066344,-4.7073811640618075,0.0,-1,-0.0027503526093090036
707.05,0.13209389611358802,0.05728526288858045,-9.420414536977148,0.0,-1,0.0010607453503994613
707.8,0.18112839431705652,0.03543992036401633,-6.890549496533424,0.0,-1,-0.004097202599604333
704.9,-0.051115056107732926,-0.06560117668692438,-13.556680315939595,0.0,-1,0.0014186409419776336
705.9,-0.07964385997775025,-0.03137666018564724,-10.001798971632788,0.0,-1,0.001204136563252689
706.75,-0.01643794024789713,0.010609753181401962,-6.99123151870652,0.0,-1,-0.0038910505836575737
704.0,-0.21263181869562686,-0.06186137508877593,-13.563201361051256,0.0,-1,-0.002272727272727315
702.4,-0.4263427730282956,-0.09185744314048155,-16.838957127935267,0.0,-1,-0.0007830296127562253
701.85,-0.5435030191089254,-0.06967256307370379,-17.939830367802053,0.0,-1,0.0
701.85,-0.5567912238901727,-0.027653589284983737,-17.939830367802053,0.0,-1,0.00035620146754999915
702.1,-0.4962027242900149,0.010978303438391346,-16.69729248165799,0.0,-1,0.0005697194131890626
702.5,-0.39122491413240823,0.03865203786533267,-14.597022360471705,0.0,-1,-0.007473309608540979
697.25,-0.7436339328758095,-0.10458566029268956,-25.7384755177223,1.4791201513420447,-1,-0.001505916098960114
696.2,-0.9453689478413025,-0.10210689175272758,-27.324283340277947,1.1102427256829515,-1,-0.0017236426314277686
695.0,-1.0674557096705257,-0.07473121786065029,-29.062140908915293,0.7602316124341542,-1,0.0021582733812950394
696.5,-0.9145444481125651,0.026060014565770118,-21.456079204799334,0.0,-1,-0.001435750179468731
695.5,-0.8452101133242422,0.03179811645136432,-23.354862781133377,0.0,-1,-0.001222142343637711
694.65,-0.8109421031530246,0.022022042207527348,-24.929911945509488,0.0,-1,0.0004318721658389535
694.95,-0.7012295894713816,0.04391151862972342,-23.2322991415795,0.0,-1,0.012734729117202637
703.8,0.14956246649205696,0.2982345248643874,7.9755964647552275,0.0,-1,-0.012006251776072618
695.35,-0.14167171106714704,0.0023334491017277803,-10.07460248613988,0.0,-1,0.000503343639893572
695.7,-0.2463161572578656,-0.03410366569633025,-9.225973615672395,0.0,-1,-0.0021561017680034045
694.2,-0.4031120339151357,-0.06363318078453345,-11.795882767700483,0.0,-1,-0.0023768366464996804
692.55,-0.5854173027508978,-0.08197948320676518,-14.52841294600971,0.0,-1,-0.0007941664861742526
692.0,-0.6736184952727626,-0.05672689190954339,-15.44382514716964,0.0,-1,-0.002745664739884357
690.1,-0.819917550260925,-0.06767531563256857,-18.558336995276075,0.0,-1,-0.005289088537893005
686.45,-1.1289072819000694,-0.1255550157572376,-23.63118345097275,0.8331995610440117,-1,-0.004078956952436541
683.65,-1.4226598742279748,-0.13976920269504767,-26.81904976662654,1.4756221548562962,-1,0.0008045052292839916
684.2,-1.4051478475395243,-0.040752392002199045,-24.84421905771087,0.0,-1,-0.0021923414206372893
682.7,-1.4042961802337004,-0.013300241565458393,-26.662268307848656,0.0,-1,0.012377325325911626
691.15,-0.5826789982279479,0.2694389801467647,-2.7843690795080107,0.0,-1,0.005787455689792331
695.15,0.21001950929394297,0.3540458292228852,4.645712343358333,0.0,-1,-0.0021578076674099167
693.65,0.46386713728043105,0.20263115240312446,1.6182399702826729,0.0,-1,-0.004180782815540907
690.75,0.3104686898335558,0.016410901652083087,-3.87156647923441,0.0,-1,0.0066594281577996295
695.35,0.5912304086240283,0.09905754014751855,4.63232465176209,0.0,-1,0.004530092759042148
698.5,0.9448420673005558,0.15088973294134866,9.497016298901592,0.0,-1,-0.0027201145311380737
696.6,0.884577724363794,0.030208463334862268,5.5080077347233285,0.0,-1,0.010766580534022463
704.1,1.405730742531773,0.18378716050094712,15.618274294021646,0.0,-1,0.000852151682999569
704.7,1.599163023071469,0.12573981368021436,16.298998259666007,0.0,-1,-0.0028380871292749132
702.7,1.3959489114187136,-0.025824765990847043,11.769465076191501,0.0,-1,0.0010673117973529767
703.45,1.2405127796406532,-0.060420299256302545,12.827635039883987,0.0,-1,0.007889686544885866
709.0,1.5219186487815932,0.07366185662821256,19.718990024604494,0.0,-1,0.0020451339915374955
710.45,1.6566283626202676,0.0694571901556289,21.26539139172222,0.0,-1,-0.005911746076430524
706.25,1.235930855987931,-0.11708010549223591,11.20574259406034,0.0,-1,0.0004955752212389974
706.6,0.9517545313394749,-0.13375214338023067,11.706247472720847,0.0,-1,-0.003255024058873568
704.3,0.5386868247368284,-0.1822732833276257,6.393857404373151,0.0,-1,-0.0014908419707510001
703.25,0.19976240270750623,-0.173732568452316,4.034202362537108,0.0,-1,0.0014930678990401347
704.3,0.10115332480052075,-0.09078054878643382,6.076284815442577,0.0,-1,0.00035496237398846553
704.55,0.06425267544693725,-0.042560399380005776,6.586521010035931,0.0,-1,-0.002909658647363478
702.5,-0.13038537218369584,-0.0790661490035463,1.1706932973522441,0.0,-1,-0.002562277580071104
700.7,-0.3668389483170813,-0.10517324171231057,-3.199295940526106,0.0,-1,-0.0007135721421436259
700.2,-0.4961624906907218,-0.07816559469531703,-4.401193711322733,0.0,-1,-0.005427020851185516
696.4,-0.8361440543199024,-0.1393823861081659,-12.527587755267682,0.0,-1,0.00014359563469268366
696.5,-0.9281228316077659,-0.07712038779867647,-12.203447661147536,0.0,-1,-0.005096913137114023
692.95,-1.1926019842843516,-0.11386651349175403,-18.61997695458652,0.5120266042176809,-1,0.0033191427952954378
695.25,-1.0337913952656663,0.014981358508977083,-11.147207311533755,0.0,-1,-0.0030204962243797207
693.15,-1.043236817817501,0.0018453119857140265,-15.012584175281077,0.0,-1,-0.001731227007141234
691.95,-1.061023127608678,-0.005313665935154255,-17.09132092696116,0.0,-1,7.225955632628178e-05
692.0,-0.9773310218702136,0.02612614660110335,-16.907283026128177,0.0,-1,0.006791907514450912
696.7,-0.46237405051181213,0.18036103931983494,-2.0071718184292067,0.0,-1,-0.0016506387254199284
695.55,-0.2621977272898448,0.1268457875139341,-4.746985934836836,0.0,-1,0.004816332398821066
698.9,0.13890691159519974,0.1759834754663262,3.791337649326586,0.0,-1,0.00865646015166699
704.95,0.8320503217381656,0.289708961869764,14.805573002396102,0.0,-1,-0.007021774593942931
700.0,0.6967844999982162,0.05148104670993825,3.2638461122742015,0.0,-1,-0.0044999999999999485
696.85,0.3085862141283542,-0.1122390797199746,-2.6933692644730485,0.0,-1,0.005596613331420031
700.75,0.4137715533493065,-0.0023512468330074143,4.332913558343165,0.0,-1,0.0023546200499464653
702.4,0.5693832601807571,0.05108681999948106,7.026595107263859,0.0,-1,-0.0016372437357630165
701.25,0.5039071752480595,-0.004796421644405524,4.535481765563688,0.0,-1,0.004420677361853809
704.35,0.6875102015110315,0.059602201539522115,9.795765683030751,0.0,-1,0.00518208277134935
708.0,1.0261858645166058,0.1327592881816988,15.081241049326167,-0.589956286998472,-1,-0.003107344632768405
705.8,0.926674873976367,0.011082765880486734,9.814900391562695,0.0,-1,-0.00035420799093222044
705.55,0.7788631392081697,-0.04557632296257019,9.209946038560581,0.0,-1,-0.0009921337963290089
704.85,0.581718676890091,-0.08090692842688296,7.403733375478929,0.0,-1,-0.003404979782932527
702.45,0.23466988932352706,-0.14265190533114902,1.4273425186755588,0.0,-1,-0.0004982561036372957
702.1,0.012423004763263634,-0.12163292996380415,0.5741602374760504,0.0,-1,0.022361486967668265
717.8,1.2085976454194451,0.3581805702307925,22.945059052968148,-4.255466456255363,-1,-0.009055447199777134
711.3,1.1643018286292772,0.1046282511468748,10.37451135706867,0.0,-1,-0.000492056797413043
710.95,1.015962101181799,-0.014570492100201227,9.758385614370354,0.0,-1,-0.006962514944792275
706.0,0.44462872902624895,-0.1953012880852505,1.499632215306633,0.0,-1,0.0003541076487252326
706.25,0.1427429821961823,-0.16572901163843906,1.8728804923268996,0.0,-1,-0.003115044247787635
704.05,-0.20342847306847034,-0.17063348896769723,-1.7572714679597468,0.0,-1,0.001775442085079293
705.3,-0.2553951612784431,-0.07420005905922333,0.43263272627940097,0.0,-1,-0.01070466468169562
697.75,-0.8892622419435838,-0.23602237990812136,-10.72084506844245,0.0,-1,0.0010032246506628262
698.45,-1.0737572621142135,-0.14017246669291705,-9.368269203646904,0.0,-1,-0.007874579425871553
692.95,-1.5348583336900674,-0.20042451275625695,-15.983380032339788,0.7978295073874051,-1,-0.0007215527815859213
692.45,-1.6791706750037747,-0.11491228468998815,-16.533736199899963,0.0,-1,0.004621272294028422
695.65,-1.3447292894103384,0.07317636696781604,-9.668786637786901,0.0,-1,0.001150003593761273
696.45,-0.998781155829306,0.13970816684961607,-8.006263012710505,0.0,-1,0.005097279058080106
700.0,-0.44674199271980797,0.2305824433197048,-0.9999969490544913,0.0,-1,-0.005928571428571394
695.85,-0.4793272451049688,0.06599906364484798,-7.644979815529339,0.0,-1,-0.001077818495365368
695.1,-0.5181759342054875,0.009050124848109742,-8.76778669169093,0.0,-1,-0.0038124010933677788
692.45,-0.7152522842385451,-0.06267540839498265,-12.654484134099278,0.0,-1,0.0040436132572747585
695.25,-0.520852768901932,0.04390803564721013,-6.411640410244168,0.0,-1,0.00309241280115069
697.4,-0.2010819471584,0.12122628579691408,-1.9918329316776209,0.0,-1,-0.004158302265557801
694.5,-0.2661063740234795,0.0187339529772782,-7.036695394667703,0.0,-1,-0.002231821454283578
692.95,-0.4056097229540683,-0.04025646531777022,-9.560365690762666,0.0,-1,0.010823291723789596
700.45,0.18343941282682863,0.18293089015437555,4.7347310410181365,0.0,-1,-0.0029266899850097783
698.4,0.29184402964835954,0.09711183565863551,1.0160681074759168,0.0,-1,-0.0022193585337914046
696.85,0.19255933558849847,-0.0007242861337418416,-1.7385387328475375,0.0,-1,-7.175145296700602e-05
696.8,0.122703710592873,-0.02352663704312244,-1.8317587597295457,0.0,-1,0.0005022962112515295
697.15,0.10671725554561817,-0.013171030696792416,-1.0646017873086961,0.0,-1,0.013411747830452514
706.5,0.8689975900598483,0.2497031012724793,14.521926127777988,-3.272792448553105,-1,0.0
706.5,1.1777212914786332,0.18614226756375474,14.521926127777988,-1.5000382486518902,-1,-0.0026185421089880423
704.65,1.0797730345648233,0.029398003549981677,10.044986073786255,0.0,-1,0.0012062726176116367
705.5,1.0116511532274899,-0.012907959262450586,11.41187224933671,0.0,-1,0.0004252303330969376
705.8,0.9182859497898335,-0.0354243875667023,11.922714563844515,0.0,-1,-0.0019835647492206787
704.4,0.6784128522551782,-0.09176582836711922,7.945173299439723,0.0,-1,0.004187961385576422
707.35,0.7477752324665516,-0.007467816051915266,13.44295246908851,0.0,-1,0.005937654626422484
711.55,1.0701418198667625,0.10496625711609853,19.707519323296808,0.0,-1,0.0024594195769798155
713.3,1.287979961911219,0.10760146638685164,21.934131927538004,0.0,-1,-0.00021029020047658165
713.15,1.2770673694408288,0.03222962463882051,21.434067565624815,0.0,-1,-0.0031550164761972033
710.9,0.9776887924189168,-0.08904965079436389,14.01695821323868,0.0,-1,-0.002391334927556499
709.2,0.6048587712064091,-0.1539598906689572,8.884187301741754,0.0,-1,0.0033840947546530664
711.6,0.5680388629996287,-0.06359326629191253,13.477604690605226,0.0,-1,0.0020376616076447363
713.05,0.6231256703130157,-0.0028354863261751406,16.025569730577146,0.0,-1,-0.001051819647991059
712.3,0.5362419347768537,-0.029906407287445758,13.480355662513652,0.0,-1,0.0
712.3,0.4481132391107394,-0.039345034317853356,13.480355662513645,0.0,-1,0.006738733679629405
717.1,0.7667061213517172,0.09308261597437484,22.00667507112614,0.0,-1,0.003346813554594874
719.5,1.062110385692904,0.1294956267718539,25.220715369866653,0.0,-1,-0.003961084086171018
716.65,0.8838033190556871,-0.016270479955120987,15.324600972276173,0.0,-1,0.0002790762575874961
716.85,0.7376661758157752,-0.05413587439834433,15.676695252655989,0.0,-1,0.005858966310943625
721.05,0.9531254228778607,0.053774457554580435,22.2511443328074,0.0,-1,0.011025587684626581
729.0,1.6439279278357617,0.24819232083749387,30.219685112395354,-3.974876145728217,-1,0.0035665294924553947
731.6,2.0690018529950294,0.22442208199892044,32.08874590114435,-3.221319065476905,-1,0.024193548387096753
749.3,3.5841219944917384,0.5798474078318767,39.554531945229385,-12.299500598626423,-1,0.01628186307220081
761.5,5.059671899032537,0.6851324374575585,42.082103327085704,-14.081689014371022,-1,-0.014642153644123357
750.35,4.446640859716808,0.0240337993806099,23.91852726049487,0.0,-1,0.0011994402612114374
751.25,3.844571935082513,-0.19267837508456154,24.371912581918437,0.0,-1,0.0026622296173044457
753.25,3.3898231448418983,-0.2158090551083922,25.426650778414114,0.0,-1,-0.006770660471291157
748.15,2.454963487651412,-0.3835562374329595,17.549839022542102,0.0,-1,0.0028737552629820584
750.3,1.9621200350852632,-0.2921332299997026,19.063147761925762,0.0,-1,0.004065040650406582
753.35,1.806354972545023,-0.14929943084664754,21.181512498347317,0.0,-1,-0.008362646844096489
747.05,1.0529428602295638,-0.3009038477207022,11.514345452161102,0.0,-1,0.0007362291680610422
747.6,0.6343248990526718,-0.23984060296586485,12.014756121708949,0.0,-1,0.0019395398608881287
749.05,0.4929888435431167,-0.12705888615847327,13.408462059278477,0.0,-1,0.0033375609104866477
751.55,0.5895717454931173,-0.010158661402824176,15.811526610308619,0.0,-1,-0.004390925420796998
748.25,0.3137322176770567,-0.09533272973962825,10.029489854475614,0.0,-1,-0.0006682258603407654
747.75,0.10800143562926223,-0.10035450392914091,9.154545248494259,0.0,-1,0.0068204613841524875
752.85,0.4211359249695761,0.07092666180372431,14.945124350364935,0.0,-1,0.00033207146177849367
753.1,0.5634418425589729,0.07107752646437371,15.213728960690375,0.0,-1,-0.001460629398486235
752.0,0.49597464780697464,0.0012034439041251344,12.858990899615954,0.0,-1,-0.0033244680851063357
749.5,0.21257649644712728,-0.09406490248524074,7.606338568865013,0.0,-1,-0.001067378252168072
748.7,-0.013503953936719881,-0.10671511762302932,5.944175614520638,0.0,-1,-0.002270602377454356
747.0,-0.2670855163006536,-0.12009889332898768,2.3759549388992127,0.0,-1,0.00060240963855418
747.45,-0.3341191711241436,-0.06237751605082592,3.252900391358459,0.0,-1,0.008428657435279874
753.75,0.18520726572444346,0.15231630693258705,13.661621464791928,0.0,-1,-0.0009950248756218638
753.0,0.3669365453382625,0.11134852884880203,11.840276019423342,0.0,-1,0.003452855245684061
755.6,0.6438898063670422,0.1294339299591939,15.628083923721363,0.0,-1,0.008139227104287938
761.75,1.2412089530175763,0.24225102553657607,22.739755943241775,-3.51353838321495,-1,-0.00426649163111259
758.5,1.1656011135913786,0.05554772870345959,14.860034131741628,0.0,-1,-0.001582069874752845
757.3,0.9306637677456138,-0.05979653904743509,12.100172992665378,0.0,-1,-0.0008583124257229846
756.65,0.6814731141772654,-0.10299573087192782,10.549534821380938,0.0,-1,0.02220313222758219
773.45,1.9000883612116013,0.37187317205413617,27.0247550034655,-7.572853419893704,-1,0.0034908526730881295
776.15,2.5760552879611396,0.349280032934558,28.619218725972146,-5.51630957006364,-1,-0.007021838562133564
770.7,2.245200810672486,0.00614185188196803,18.030395125680883,0.0,-1,0.0016867782535356923
772.0,2.0010068378054484,-0.07935070699502322,19.132259571637164,0.0,-1,0.0016839378238342473
773.3,1.8204926148881668,-0.0866216433041016,20.270757476165983,0.0,-1,-0.0014224751066854724
772.2,1.4868611188554723,-0.14008437977893196,17.915684853395746,0.0,-1,0.002913752913752843
774.45,1.3836402776011028,-0.08110174034443385,20.18653971380317,0.0,-1,-0.0017431725740848503
773.1,1.1042265005072522,-0.12017183914609486,17.02400208538873,0.0,-1,0.0009054456085886287
773.8,0.9308340702514215,-0.09785475646730846,17.85839609357771,0.0,-1,-0.0036185060739208907
771.0,0.5332350159358157,-0.16515127026097143,10.998608908328613,0.0,-1,0.0028534370946822207
773.2,0.47333257078332736,-0.07501790513781992,14.16146505599447,0.0,-1,-0.0021339886187274892
771.55,0.26643696730855027,-0.09397116953753237,10.099913738599767,0.0,-1,0.000194413842265595
771.7,0.15328608496213292,-0.06904068396131657,10.353419720332049,0.0,-1,-0.0029804328106778355
769.4,-0.10772986329129708,-0.11001887740491553,4.458546244067264,0.0,-1,0.007928255783727689
775.5,0.2790729845229407,0.09226132346977411,14.636988860950382,0.0,-1,-0.0018052869116698123
774.1,0.3325516597199112,0.04857999955558151,11.15170083186542,0.0,-1,-0.0010334582095337108
773.3,0.2649116923415704,-0.00635332260758642,9.127441783689036,0.0,-1,0.003426871847924673
775.95,0.42984906762410446,0.05286135089164923,13.566326701332478,0.0,-1,-0.0025130485211676268
774.0,0.31399699962992145,-0.020996905700844615,8.3822751899881,0.0,-1,0.0017441860465117198
775.35,0.342404548997024,0.0024702145554192922,10.838979250585922,0.0,-1,-0.0003869220352099578
775.05,0.3030746112641509,-0.012286574392484595,9.96496786221207,0.0,-1,0.003161086381523903
777.5,0.46232009145910524,0.048986301934156595,14.581987104579142,-0.1626461276723603,-1,-0.003215434083601254
775.0,0.2950828239349903,-0.0394169885299861,7.114122633166531,0.0,-1,-0.0011612903225806104
774.1,0.1118739548448957,-0.07420861920669358,4.589179606872982,0.0,-1,-0.00400465056194288
771.0,-0.24738664260382848,-0.14448973888513927,-3.310414336081813,0.0,-1,-0.002658884565499342
768.95,-0.5772347211112674,-0.15811260579752606,-7.7977024360355,0.020790731990814493,-1,0.00390142401976723
771.95,-0.4440558669390384,-0.00831125054176568,0.013867947437958605,0.0,-1,0.0005829393095406754
772.4,-0.3029617842746575,0.044260944040871775,1.115031590427094,0.0,-1,0.014564992232004137
783.65,0.7303320724138302,0.35918493357645326,19.67296954394361,-3.464652810961411,-1,-0.0029349837299814663
781.35,0.9944513280568117,0.207768063073145,14.141666849792259,0.0,-1,-0.012414410955397748
771.65,0.23530667854026888,-0.18379219548113263,-3.250143041159994,0.0,-1,0.001101535670316789
772.5,-0.09304120276294725,-0.1707133589281163,-1.8804816335793646,0.0,-1,-0.0006472491909385036
772.0,-0.2911283765176904,-0.1229335108942865,-2.676058089139424,0.0,-1,0.0012953367875647714
773.0,-0.2825779320186257,-0.03812768879840725,-0.8092862921131072,0.0,-1,-0.0006468305304010435
772.5,-0.29642121543417943,-0.017323657404653692,-1.7590623089657953,0.0,-1,-0.015857605177993506
760.25,-1.2994744225225077,-0.3401256214976608,-18.37919713737126,4.039608265720972,-1,-0.00815521210128256
754.05,-2.2093781575230196,-0.41667645216605753,-23.51127213846685,5.8127154593277055,-1,-0.0015250978051852826
752.9,-2.5760485118963743,-0.261115602179804,-24.36861744758476,3.184205486022506,-1,0.005578430070394491
757.1,-2.1947129797583784,0.040073309986063954,-15.734868544206812,0.0,-1,-6.604147404576377e-05
757.05,-1.8253191320428641,0.13648905256719268,-15.787406589033985,0.0,-1,0.0025757875965921606
759.0,-1.326012280514874,0.21193196803172754,-11.688678846547376,0.0,-1,-0.0006587615283267789
758.5,-1.0075244980413345,0.1768065835017556,-12.356846106780985,0.0,-1,0.002636783124587927
760.5,-0.5976535653011297,0.19555917208065354,-7.871075140645843,0.0,-1,-0.004733727810650956
756.9,-0.6429136351558782,0.050099700741968345,-13.169967017050418,0.0,-1,-0.004954419342053096
753.15,-0.9244675338203479,-0.07715139930750048,-17.85021638828244,0.0,-1,-0.0013941445927105889
752.1,-1.075705522000817,-0.07612979582932322,-19.072920353176926,0.0,-1,0.0014625714665603695
753.2,-0.9700157225910289,0.009853334526821578,-16.144729448263398,0.0,-1,-0.0011285183218269212
752.35,-0.9071695126701798,0.02423318148255693,-17.333710958385915,0.0,-1,0.0003322921512594057
752.6,-0.7793156149872402,0.050695693055165525,-16.569692351367692,0.0,-1,-0.0017273452032953163
751.3,-0.7587790315634493,0.02374409215965212,-18.62650671874158,0.0,-1,-0.0005324104884866232
750.9,-0.7186124872213213,0.021303545500593324,-19.27283235661842,0.0,-1,-0.005859635104541239
746.5,-1.005311507781812,-0.08846515835329916,-25.453418905799133,0.0,-1,0.0015405224380442561
747.65,-0.9690517257469082,-0.017401792106131797,-21.2891999408086,0.0,-1,0.0025412960609911828
749.55,-0.7118341909172159,0.07993858090785355,-14.731061028055777,0.0,-1,-0.0025348542458808465
747.65,-0.6822392409259237,0.03651117696638195,-18.001759168847197,0.0,-1,-0.002741924697385101
745.6,-0.7814218291864563,-0.02089047043138359,-21.203230322189658,0.0,-1,-0.0031518240343347825
743.25,-0.9617279708845672,-0.06706553737649812,-24.458196907215967,0.0,-1,-0.003161789438277829
740.9,-1.1675703774932344,-0.09096931466172187,-27.30810595023045,0.04990097464292376,-1,0.0020245647185854754
742.4,-1.0481940493397133,0.009469004497266509,-21.639057148131734,0.0,-1,-0.006128771551724088
737.85,-1.2803230478180012,-0.07421999799367374,-27.259419721917265,0.0,-1,0.005692213864606499
742.05,-0.9396939597389746,0.08880303002845102,-14.208738287497205,0.0,-1,0.008355232127215118
748.25,-0.17440491905449562,0.28469735690431003,-0.27836427993901935,0.0,-1,0.0016705646508519134
749.5,0.32694001120887606,0.26201409572256057,2.051954644978558,0.0,-1,0.00813875917278195
755.6,1.0587008087397862,0.331258297751157,11.681752536542234,0.0,-1,-0.000794070937003788
755.0,1.2863561401103425,0.1863045430405712,10.356946103400055,0.0,-1,-0.0003973509933774544
754.7,1.267987460786344,0.05597862123885755,9.64524272259876,0.0,-1,-0.0016562872664634964
753.45,1.0489708327255585,-0.0543460022739759,6.557721677145125,0.0,-1,0.0033180702103656756
755.95,1.0603816159679127,-0.014311739677207225,11.03946069011252,0.0,-1,0.0086645942191943
762.5,1.523555206258493,0.14962061687112427,20.037865071432734,-1.2576050803714907,-1,-0.0006557377049180024
762.0,1.5865124008822704,0.07085927049830065,18.692208548790575,0.0,-1,0.01791338582677171
775.65,2.623281631454006,0.3692095003566789,30.22002742573521,-6.995294000778813,-1,0.0063172822793786665
780.55,3.331392777452038,0.3591068821182368,32.75299342529334,-5.933644495678777,-1,0.004355902888988572
783.95,3.691165618996706,0.2396265745543018,34.302763284429446,-3.586502731954056,-1,6.377957777914389e-05
784.0,3.5676215715193393,0.038694175692311816,34.32577707085744,0.0,-1,0.0031250000000000444
786.45,3.412714416820677,-0.0387376596687834,35.48442795448179,0.0,-1,-0.00642126009282229
781.4,2.63003463806956,-0.2738058128066334,23.10753821194109,0.0,-1,0.0035833120040953403
784.2,2.2528585288548584,-0.21699397400711185,25.30982011549429,0.0,-1,0.002486610558530833
786.15,2.0390322635096254,-0.14360674645078175,26.781172525955284,0.0,-1,0.00012720218787776183
786.25,1.7705331088778848,-0.13736863369417418,26.859747351695688,0.0,-1,-0.0041335453100158626
783.0,1.217905772488848,-0.22999865669440367,18.490020417287056,0.0,-1,-0.0011494252873562871
782.1,0.765099956586937,-0.22760149086543824,16.26955986612093,0.0,-1,0.00268507863444567
784.2,0.6499387189203389,-0.11425424284401209,18.884861474402456,0.0,-1,6.375924509050002e-05
784.25,0.5423632068437882,-0.07394325164018756,18.948554194912347,0.0,-1,-0.0014026139623845024
783.15,0.3517118502351195,-0.08819820274961876,15.662925664227046,0.0,-1,0.022281810636532118
800.6,1.6812435177445195,0.4137778215865937,31.33804139143244,0.0,-1,-0.008243817137147169
794.0,1.6559057250204887,0.12948000962085437,18.24541080305194,0.0,-1,0.0038413098236775856
797.05,1.7594113515734762,0.07766187872461394,20.669590062449316,0.0,-1,-0.0020074022959662985
795.45,1.5312132188855685,-0.050178751321097836,17.658934844115166,0.0,-1,0.0008171475265572603
796.1,1.3436797176344726,-0.07923741752406466,18.269119715508054,0.0,-1,-0.003265921366662483
793.5,0.9212729905393644,-0.1672147148730576,12.987367130262086,0.0,-1,0.0018273471959673326
794.95,0.7541302111135337,-0.11145249809962943,14.68060938333852,0.0,-1,-0.003019057802377656
792.55,0.4077146371411118,-0.1526226906906838,9.661101771310342,0.0,-1,0.0022080625828022615
794.3,0.34636396372650324,-0.07132445470176413,12.047338617578419,0.0,-1,0.008623945612489026
801.15,0.8576582967086779,0.1466566260934702,19.81358361549698,0.0,-1,-0.004368719965050283
797.65,0.7501672718072996,0.013055200397363964,12.547299450567259,0.0,-1,-0.0036983639440856253
794.7,0.3880744867060457,-0.11634586156796334,6.992112677319376,0.0,-1,0.0011325028312569874
795.6,0.24968855359657027,-0.08491059822581293,8.2491085134194,0.0,-1,0.0017596782302664593
797.0,0.27635487424208804,-0.01941475919343172,10.256776243408183,0.0,-1,0.00244667503136764
798.95,0.4291584617113813,0.044462942758620505,13.009604552114865,0.0,-1,-0.00550722823706129
794.55,0.10313038363676696,-0.09385504510533127,3.68657084419317,0.0,-1,-0.0016361462463029275
793.25,-0.17681118737039014,-0.12459887203749614,1.1996298125767169,0.0,-1,-0.001134572959344493
792.35,-0.377047707259635,-0.10827846397558033,-0.5620106235772013,0.0,-1,0.0008834479712247489
793.05,-0.3874119915993788,-0.039547582771774725,0.898021667166347,0.0,-1,-0.001324002269718072
792.0,-0.44780980113603164,-0.03331513076947584,-1.4390603654029377,0.0,-1,0.0018939393939394478
793.5,-0.3156912224762891,0.03293448263008891,2.0553406444546596,0.0,-1,-6.301197227465138e-05
793.45,-0.22749099794009453,0.04037823572209448,1.92469650934013,0.0,-1,0.00195349423404112
795.0,-0.03526663584364087,0.0775341992728494,5.749928559531604,0.0,-1,-0.0031446540880503138
792.5,-0.1445489018084345,-0.010582688897314757,-1.2075822694020246,0.0,-1,0.003154574132492094
795.0,0.02118904035989999,0.051718417757006585,5.0284067313513106,0.0,-1,-0.00037735849056597104
794.7,0.07729225808066076,0.035940545159255786,4.149178393421046,0.0,-1,0.0004404177677108656
795.05,0.1280695121010922,0.028905933059895736,5.079563996947712,0.0,-1,-0.002389786805861216
793.15,-0.015547653563885433,-0.038237077535027295,-0.9266969583035447,0.0,-1,0.006114858475698259
798.0,0.31810606806732267,0.09847221469872694,11.103439028937721,0.0,-1,-0.007080200501253131
792.35,-0.012409243455977048,-0.07734769894152427,-3.2049097081402707,0.0,-1,-0.005363791253865102
788.1,-0.5307994622629622,-0.1985793059161698,-10.864310940563819,1.301049781546567,-1,0.0011419870574800317
789.0,-0.6707612831445431,-0.11284704226591691,-8.607181643650364,0.0,-1,0.0
789.0,-0.6848454199899834,-0.04231039303711903,-8.607181643650357,0.0,-1,-0.0007604562737643095
788.4,-0.6848170367468356,-0.01409400326465704,-9.833166337261936,0.0,-1,0.0007610350076103778
789.0,-0.5777347587297754,0.03099609158413441,-7.926839444803406,0.0,-1,0.024017743979721118
807.95,1.1031176101729443,0.570616153495618,22.65118276853697,-6.025494741667103,-1,-0.0023516306702148215
806.05,1.6932839937765038,0.38692751236639267,18.616055966434857,-1.7660331450520061,-1,-0.008746355685131157
799.0,1.259760186096969,-0.015532098437714081,5.831472414949786,0.0,-1,0.00538172715894869
803.3,1.296351600082403,0.007019771849239964,10.7833323426037,0.0,-1,0.0034856218100336456
806.1,1.4399513404016488,0.050206504056161894,13.725728816190909,0.0,-1,0.006016623247736108
810.95,1.7959219321944602,0.13539236528299115,18.302845446529602,-0.5371277417556257,-1,0.0004932486589801499
811.35,1.8575804004079828,0.06568361116550459,18.665168848642608,0.0,-1,-0.00573118875947487
806.7,1.3461112678140807,-0.14859517380946574,9.83122817892582,0.0,-1,-0.002603198214949809
804.6,0.8032007625325832,-0.2305018930303211,6.202947230574175,0.0,-1,-0.0010564255530698397
803.75,0.3939787796808787,-0.2132412919606752,4.710828428411752,0.0,-1,-0.0018040435458787085
802.3,0.03570288994819748,-0.19050572723111883,2.089617050238644,0.0,-1,-0.004923345382026545
798.35,-0.4755769624136974,-0.23392852653100463,-4.5075126246704755,0.0,-1,-0.0017536168347216385
796.95,-0.808252141726939,-0.18886790194808212,-6.6687075057249885,0.0,-1,0.00382709078361243
800.0,-0.653068719572957,-0.011228159931366721,-0.82412550830432,0.0,-1,-0.004562500000000025
796.35,-0.8252212818648559,-0.06112690740775517,-6.754733783405001,0.0,-1,0.002762604382495093
798.55,-0.6591957895221867,0.034966194978304665,-2.513380658696498,0.0,-1,0.0033811282950348964
801.25,-0.29625006089054295,0.13263730786998285,2.3431511539400915,0.0,-1,0.004804992199687996
805.1,0.23074364183275975,0.2198770035310952,8.433646831378304,0.0,-1,-0.0031052043224444326
802.6,0.266678523041719,0.08527062824668485,3.5005219949428437,0.0,-1,0.0014328432594068463
803.75,0.3582560867259872,0.058949397310317675,5.423950354181038,0.0,-1,-0.004665629860031051
800.0,0.06169019467438375,-0.07920549824709527,-1.7998718482786416,0.0,-1,0.008187500000000014
806.55,0.45409973242567503,0.1044013465013987,8.657716742452891,0.0,-1,6.199243692273093e-05
806.6,0.6166295235991583,0.08897704589162736,8.728387622246935,0.0,-1,-0.004153235804612021
803.25,0.3673419588859588,-0.053436839607190756,2.098535409167269,0.0,-1,-0.0006847183317770789
802.7,0.16625301328895148,-0.08484192840139937,1.0472906592082794,0.0,-1,-0.005792948797807562
798.05,-0.3356458772836959,-0.19558027299134892,-7.086925510203201,0.0,-1,0.00682914604348106
803.5,-0.10445816612968883,0.011869146054219376,2.723528537241471,0.0,-1,-0.0009956440572495007
802.7,-0.04682613004194991,0.02316706071398611,1.2860457777465726,0.0,-1,-0.0014949545284664856
801.5,-0.11410793449454104,-0.014704914579535003,-0.9431420109175903,0.0,-1,0.003181534622582527
804.05,0.07426015782027662,0.05788772591176088,3.7984126501859095,0.0,-1,-0.01212611156022636
794.3,-0.6502441425071765,-0.22220552480523076,-11.446395111023264,0.19039494113155797,-1,0.0011330731461665078
795.2,-0.8833092807954017,-0.1517568876978187,-9.710985051551205,0.0,-1,0.0021378269617704504
796.9,-0.7845660765398179,-0.01767122781407826,-6.369686928541995,0.0,-1,0.010101643869996346
804.95,0.0010193652996122182,0.2559714046751173,6.451737401399463,0.0,-1,0.0009317348903659095
805.7,0.4562271391109789,0.2370597261621613,7.453528284852062,0.0,-1,0.003351123246865928
808.4,0.8708120977574936,0.21721489493622537,11.038622222913475,0.0,-1,-0.0019173676397822303
806.85,0.8763702356009162,0.074257677593216,7.925254871654239,0.0,-1,-0.00557724484104849
802.35,0.43111845155590345,-0.12366470215059888,-0.2589889550168323,0.0,-1,-0.0008101202717017975
801.7,0.1183993552371021,-0.14546126615646676,-1.3619125526230533,0.0,-1,-0.0025570662342523365
799.65,-0.21866013919202487,-0.16084025352853126,-4.868679135983328,0.0,-1,-0.002313512161570719
797.8,-0.523134874807397,-0.15510499638130115,-7.911452895417071,0.0,-1,0.0008147405364753446
798.45,-0.5776110030477639,-0.06986037487388941,-6.426296187839164,0.0,-1,-0.002129125180036384
796.75,-0.698381483580647,-0.0635436184689242,-9.448396705316668,0.0,-1,-0.00018826482585498905
796.6,-0.7130682668820327,-0.02607680059010331,-9.722269722140105,0.0,-1,-0.00702987697715296
791.0,-1.1276559696258346,-0.14688816777796843,-18.536787184030462,0.1610297060647099,-1,0.0
791.0,-1.2409784901955163,-0.08673689611588342,-18.536787184030466,0.0,-1,0.0018963337547408532
792.5,-1.069224876297426,0.028338905927402402,-13.911578719316282,0.0,-1,-0.00264984227129339
790.4,-1.069245996323616,0.009439261967070678,-17.34010783877381,0.0,-1,0.002024291497975783
792.0,-0.8468193899764174,0.07728862277142312,-12.32734920524942,0.0,-1,0.002525252525252597
794.0,-0.49837113763805974,0.14191229170326025,-6.487241500060165,0.0,-1,-0.0018891687657430767
792.5,-0.40761608333241384,0.0775557820029687,-9.638797649978123,0.0,-1,0.00309148264984227
794.95,-0.12410388256864735,0.12035599425557841,-2.7103400061258185,0.0,-1,-0.00408830744071953
791.7,-0.24283912530597718,0.0005402505060828622,-9.623969123858473,0.0,-1,-0.0012631047113805804
790.7,-0.36530348623250575,-0.04064137014014857,-11.545979675816241,0.0,-1,0.0007588212975842001
791.3,-0.3460937095096597,-0.007143864472434147,-9.652884987175028,0.0,-1,0.0017060533299633196
792.65,-0.19514767868906802,0.04793405544938584,-5.393276251912859,0.0,-1,-0.0017662272125149592
791.25,-0.22007902338805252,0.007667570250133787,-8.784457738092442,0.0,-1,-0.0032859399684044277
788.65,-0.4308714437886465,-0.06770828338348672,-14.373380683879354,0.0,-1,0.0013313890826096575
789.7,-0.4128617003398176,-0.016566179978219298,-10.681105752540468,0.0,-1,0.0
789.7,-0.36945168692045627,0.008947944480380665,-10.681105752540468,0.0,-1,0.006901354944915727
795.15,0.1372076270325806,0.17186908614447258,5.627691186253529,0.0,-1,0.004527447651386574
798.75,0.6791033150897192,0.2379215914005371,12.938352288207142,-0.8425688052412852,-1,0.0002503912363067684
798.95,0.9101258828608252,0.156314719723881,13.311481954944107,-0.49690860766600053,-1,0.002127792727955269
800.65,1.0914600098412848,0.11254961556811349,16.49710114688689,-1.187651679335545,-1,-0.006931867857365881
795.1,0.6286720725113355,-0.1167461072539453,0.5694015576811822,0.0,-1,0.016035718777512198
807.85,1.407388764470511,0.22065686156841013,19.324428636899768,-4.6784047382500376,-1,0.002661385158135854
810.0,1.8586313800775542,0.22396649239181787,21.36041258675519,-3.5271334441455338,-1,-0.006913580246913575
804.4,1.462700072874668,-0.057321604937022874,9.86195376611321,0.0,-1,-0.024987568373943336
784.3,-0.5321572534663801,-0.6840596437593569,-13.556817300936736,0.0,-1,0.004845084788983822
788.1,-1.1685728121814236,-0.4401584008248002,-8.730437653943198,0.0,-1,-0.01249841390686468
778.25,-2.2102328571903627,-0.4939394819445797,-16.136695111066615,0.45913931217796744,-1,0.001413427561837377
779.35,-2.4552101415956713,-0.24630558878329634,-14.696038179050461,0.0,-1,-0.002437929043433651
777.45,-2.531431271998713,-0.10750890639544597,-16.11272275710902,0.0,-1,0.0013505691684352339
778.5,-2.2710892312003352,0.05094437813431041,-14.52287113439646,0.0,-1,-0.0032113037893384266
776.0,-2.15999410820109,0.05401316704451853,-16.644857328229776,0.0,-1,-0.0008376288659793785
775.35,-1.97861370435146,0.07846452363138301,-17.211419459207697,0.0,-1,-0.0004514090410782101
775.0,-1.752205693730616,0.10162417808407564,-17.54127845220139,0.0,-1,0.022580645161290214
792.5,-0.03465121394265225,0.6063928859573465,6.673725873733574,0.0,-1,0.003596214511041085
795.35,1.0645136271132287,0.5685192423377425,9.313289612260164,0.0,-1,0.003897655120387311
798.45,1.7837199120483547,0.4292418424242894,12.103603438705171,0.0,-1,0.004195629031247927
801.8,2.273846395178566,0.30645610851816696,14.98679159976497,0.0,-1,0.0011224744325268876
802.7,2.404422437145513,0.145677383495038,15.76430767581266,0.0,-1,-0.00211785224866079
801.0,2.127675255033523,-0.04368993287231726,12.835786127580818,0.0,-1,-0.0012484394506866447
800.0,1.728662059391354,-0.1475677095048289,11.05867686867672,0.0,-1,0.005312500000000053
804.25,1.7392669566210088,-0.045654270758391347,15.646666081952546,0.0,-1,-0.0024246192104445674
802.3,1.4371304921841102,-0.11593024506509675,11.927073173805205,0.0,-1,0.006979932693506274
807.9,1.6329680522836725,0.026635771678155118,17.756613278090654,0.0,-1,-6.188884762958757e-05
807.85,1.5906394946430282,-0.00523092865416297,17.653847149518924,0.0,-1,-0.00043324874667327595
807.5,1.4077552579359462,-0.06270505512041491,16.86507211976553,0.0,-1,-0.0031578947368420263
804.95,0.9865002014211086,-0.16132003721175092,11.098462354352066,0.0,-1,6.211565935765329e-05
805.0,0.6978309897118606,-0.14999641630699967,11.171418198782312,0.0,-1,0.0018633540372670065
806.5,0.620343801381182,-0.07582786821255949,13.45590808927728,0.0,-1,-0.0058896466212027265
801.75,0.13407155710081042,-0.18736670416431034,2.572681272054375,0.0,-1,-0.003928905519176795
798.6,-0.38273719479775536,-0.23472515202095873,-3.325760566130505,0.0,-1,-0.00118958176809425
797.65,-0.6884134711805245,-0.18013380946790924,-5.016966357232143,0.0,-1,0.004387889425186531
801.15,-0.49221715344026507,0.0053541694241167614,2.0894734360014553,0.0,-1,-0.008050926792735336
794.7,-0.8906008984500886,-0.13100985852856895,-8.805850418389944,0.0,-1,0.001572920598968075
795.95,-0.91140936275076,-0.05060610760974682,-6.271389466491179,0.0,-1,-0.0007538161944845578
795.35,-0.8958628146718866,-0.011686519843624454,-7.253951041903171,0.0,-1,0.002703212422203949
797.5,-0.6342676394098135,0.08330288513948292,-2.552497402490175,0.0,-1,-0.00031347962382444194
797.25,-0.47144774849459736,0.08204092535156637,-3.050596566897248,0.0,-1,0.0071495766698024266
802.95,0.12424950933757373,0.22591272772791252,8.094134788858618,0.0,-1,-0.0005604334018307622
802.5,0.37424401247551486,0.15863574362195126,7.042956202464609,0.0,-1,0.0010591900311527347
803.35,0.5388875963382134,0.10775977582821661,8.614604023083295,0.0,-1,0.0015559843156780495
804.6,0.6804687552413498,0.08311364491045103,10.949137247707661,0.0,-1,0.014044245587869764
815.9,1.6362202717560876,0.3462883871417297,25.072904305813225,-2.7492268401355204,-1,0.0013482044368182677
817.0,2.0694110073671936,0.25982637425094524,26.011325685187074,-1.7680560288179095,-1,-0.003121175030599721
814.45,1.9010554578920846,0.03049027492527867,19.29216073968007,0.0,-1,0.0013506047025599877
815.55,1.750123061663544,-0.04014737376775401,20.540333821048264,0.0,-1,-0.0004291582367725866
815.2,1.4996466084106714,-0.0968746090068755,19.541025521835977,0.0,-1,0.0010426889106966986
816.05,1.3202711644165674,-0.0920833510003265,20.662510106997274,0.0,-1,-0.0012866858648367119
815.0,1.0330608453849663,-0.12643122334397594,17.263254876138674,0.0,-1,0.008098159509202452
821.6,1.3533672820869924,0.06462507111935012,25.495988001484406,0.0,-1,-0.002677702044790675
819.4,1.2174065602640667,-0.02377855023452513,19.063305224199055,0.0,-1,0.0003051012936294839
819.65,1.0688089859972933,-0.057458708167099415,19.392588506950787,0.0,-1,0.0020740559995120478
821.35,1.0471094500308027,-0.026386081377863357,21.670811873675362,0.0,-1,-0.0012175077616120022
820.35,0.8656672278783617,-0.06927610117676808,18.345822635554356,0.0,-1,6.0949594685055786e-05
820.4,0.7069738478121508,-0.075989827080993,18.42719717659878,0.0,-1,0.0006704046806436104
820.95,0.6145460037947714,-0.05613922369945745,19.38899820955018,0.0,-1,-0.011206529021255962
811.75,-0.24954675186347686,-0.3067439931192353,-5.695394970627305,0.0,-1,-0.0022174314752078095
809.95,-0.8107975670374117,-0.2893316027643901,-8.923506377453258,0.0,-1,-0.0007407864683005583
809.35,-1.0738565107045588,-0.1841301821438458,-10.002862579172458,0.0,-1,0.002347562859084329
811.25,-0.9575646066460877,-0.022612759361791523,-4.9247817644452425,0.0,-1,-0.011032357473035548
802.3,-1.5654549373963391,-0.21016769670401425,-18.76175696452779,1.7915258090024508,-1,0.0026174747600649084
804.4,-1.5639455246550824,-0.06955276132091925,-13.666478721573682,0.0,-1,-0.0026106414719045956
802.3,-1.6078620245632465,-0.03782308707636117,-16.43039369387099,0.0,-1,-0.006045120279197236
797.45,-1.8999984391369935,-0.109986500550036,-21.913162833409704,1.5059370758631303,-1,0.009091479089598176
804.7,-1.2835667764958316,0.16881505403037522,-6.567811191556352,0.0,-1,0.0019883186280600373
806.3,-0.735053713800653,0.23910937224185136,-3.7550848946100643,0.0,-1,-0.008247550539501436
799.65,-0.9537093729696835,0.006817904357606985,-12.391010893764104,0.0,-1,0.0011880197586444652
800.6,-0.9043947548066171,0.018710840840224452,-10.594870668690675,0.0,-1,0.004559080689482853
804.25,-0.5002045494912863,0.14096701538518508,-3.96293195045709,0.0,-1,0.004662729250854758
808.0,0.056074265624033615,0.23241527683350172,2.0303791461456555,0.0,-1,0.0004950495049504955
808.4,0.3628741510464124,0.17973838741862685,2.653603517322921,0.0,-1,-0.004453240969816918
804.8,0.18603458117036098,0.0009662725141918183,-3.4006179020473795,0.0,-1,0.004659542743538747
808.55,0.3946119144681006,0.06984786860397718,2.8713198106155104,0.0,-1,-0.0018551728402695922
807.05,0.3410162549113238,0.005417403015733457,0.24834167908951343,0.0,-1,0.0004956322408773417
807.45,0.31913373722375127,-0.005488371557279714,0.9690688287123734,0.0,-1,-0.0019196235060995326
805.9,0.15243133361127548,-0.05739692505658517,-2.023350385315176,0.0,-1,-0.002605782355130981
803.8,-0.11862247932924674,-0.10948357933236914,-5.919266810388017,0.0,-1,0.004416521522766947
807.35,0.05156915414465857,0.020236018047178728,1.481158605405355,0.0,-1,-0.0007431721062736152
806.75,0.0823675413695355,0.017011468424018558,0.23273371461507253,0.0,-1,0.002107220328478432
808.45,0.23256943986780243,0.05573778897409515,3.762633369482252,0.0,-1,0.006555754839507655
813.75,0.7299562691280244,0.18437487274477238,12.882386094215349,-0.9599476028723757,-1,-0.00018433179723498228
813.6,0.9053199946640689,0.11991286609360563,12.494765809468703,0.0,-1,-0.0007374631268436405
813.0,0.8675585245433695,0.027383798657635405,10.828284176230483,0.0,-1,0.0
813.0,0.7763812457710628,-0.021264493371557114,10.828284176230476,0.0,-1,-0.005719557195571934
808.35,0.2785941692372944,-0.17301718996844184,-1.5365409513562724,0.0,-1,-0.0048864971856250605
804.4,-0.32268221646597794,-0.2580978585572381,-9.337954010039482,0.0,-1,-0.001491795126802531
803.2,-0.6964302246121861,-0.21061528890114878,-11.433561950320666,0.0,-1,0.0031125498007968933
805.7,-0.6169350433008276,-0.04370670252993014,-4.885743720543722,0.0,-1,-0.0026064291920069316
803.6,-0.7007761990367953,-0.04251595275529929,-8.967573543505146,0.0,-1,-0.002737680438028911
801.4,-0.8676320936516504,-0.06979061579005141,-12.877260509687687,0.0,-1,-0.0017469428500124229
800.0,-0.9954240331547908,-0.06586085176439727,-15.22042058034824,0.0,-1,0.004375000000000018
803.5,-0.6847013334768235,0.08162061597118997,-5.491095046832754,0.0,-1,0.005600497822028538
808.0,-0.09728153918149474,0.2230134700888396,4.257110803726029,0.0,-1,0.0014851485148514865
809.2,0.3045351528979836,0.2082767207227727,6.520266796905048,0.0,-1,0.0028423133959465385
811.5,0.6717322361962488,0.19182460134034596,10.664806197067293,0.0,-1,-0.0003696857670979492
811.2,0.7743530914957546,0.09814848554661726,9.838162121780499,0.0,-1,0.015779092702169484
824.0,1.827800761520848,0.38386538519057023,25.600240749680268,-4.4507330537257985,-1,0.002063106796116543
825.7,2.34387453307329,0.2999797189143374,26.93600811779723,-2.8455020455992326,-1,-0.004117718299624706
822.3,2.123255207760053,0.02645346453370001,18.59146002497907,0.0,-1,0.002067372005351009
824.0,1.9776742777900154,-0.03970915514544604,20.376457708811557,0.0,-1,0.005339805825242738
828.4,2.1067442896559214,0.029786952240153486,24.537912328606396,0.0,-1,0.005673587638821864
833.1,2.387383938117523,0.1034755335672517,28.176517273442144,-0.417856460033704,-1,-0.005101428399951979
828.85,1.974588434171892,-0.10310665679279296,18.361302884118558,0.0,-1,0.003559148217409547
831.8,1.8494749793513847,-0.07607337053776675,21.15444449451641,0.0,-1,-0.0021639817263764405
830.0,1.4827953369951956,-0.14758433763131862,17.136176070726336,0.0,-1,-0.01512048192771076
817.45,0.1300559044008196,-0.5001079234085649,-3.2961662194025294,0.0,-1,0.005810752951250775
822.2,-0.1613184705963704,-0.26382743280191834,2.7511190450700127,0.0,-1,0.0010338117246411205
823.05,-0.22272911887864666,-0.10841269369473154,3.793556095316461,0.0,-1,-0.00066824615758454
822.5,-0.28070701644662677,-0.05546353042090388,2.953602912093679,0.0,-1,0.0005471124620062273
822.95,-0.24880371386007027,-0.007853409278115786,3.612074575908764,0.0,-1,-0.003280879761832445
820.25,-0.4371184197450475,-0.06538937172103099,-0.9634353221032512,0.0,-1,0.0014020115818347278
821.4,-0.3990159043755739,-0.009095618783852455,1.0150425092512307,0.0,-1,-0.02361821280740195
802.0,-1.9633799879927665,-0.5244865674670152,-20.471749788473016,3.6535283960104152,-1,-0.008104738154613433
795.5,-3.123613697468727,-0.5615734256476586,-24.47416712951337,6.352999909797859,-1,0.0062225015713388565
800.45,-3.0309294107509004,-0.15629637964327747,-16.81141682926085,0.0,-1,-0.003622962083827952
797.55,-2.9736764831627625,-0.0330144840183797,-18.894769223570073,0.0,-1,0.002570371763525925
799.6,-2.526410312438429,0.1380838955686512,-15.657550429663033,0.0,-1,-0.0007503751875937992
799.0,-2.1422430343731094,0.17408372454465715,-16.174425826700826,0.0,-1,-0.0006257822277847547
798.5,-1.813305809142662,0.16767364992503486,-16.639332275524247,0.0,-1,-0.006199123356293135
793.55,-1.9102283790989532,0.023583693322914545,-21.020623446242848,0.0,-1,-0.0032134081028289962
791.0,-2.012003965818849,-0.026063964465660394,-23.04676920108013,0.0,-1,0.0023388116308471485
792.85,-1.7410580953604722,0.08162730199757218,-19.149505749058576,0.0,-1,0.003090117928990166
795.3,-1.2563303188513828,0.18878502616888726,-14.115930681679743,0.0,-1,-0.0013202565069784233
794.25,-0.9967722373592096,0.1494477025536869,-15.318114491641296,0.0,-1,0.0007554296506138147
794.85,-0.7339288434998252,0.13743036547102372,-13.957668659015823,0.0,-1,0.00044033465433734875
795.2,-0.5121797429451362,0.11972648867523761,-13.105764125656592,0.0,-1,-0.004652917505030274
791.5,-0.6669568807557198,-0.011683549711781982,-18.09712824673848,0.0,-1,-0.0034112444725206137
788.8,-0.913765709598124,-0.08616412618472868,-21.250731549240065,0.0,-1,-0.005197768762677413
784.7,-1.3026896482193706,-0.1583626882686584,-25.360251858850923,0.0,-1,0.001465528227347912
785.85,-1.292760813511677,-0.04947795118698828,-22.146225586192596,0.0,-1,0.0019723865877712132
787.4,-1.0508996616985087,0.06412773354206003,-17.81487445968409,0.0,-1,0.002095504191008457
789.05,-0.7048941139837552,0.1367110937522712,-13.318619299626668,0.0,-1,-0.0013307141499270259
788.0,-0.5606501639610997,0.09365168125830892,-14.961240973214615,0.0,-1,-0.0006345177664974777
787.5,-0.4834740086196234,0.056942612199928355,-15.77221850318093,0.0,-1,-0.000888888888888939
786.8,-0.46292976356392046,0.02582895241854377,-16.961714891808334,0.0,-1,0.000889679715302627
787.5,-0.35574682740582375,0.04433729619221349,-14.47220204747817,0.0,-1,-0.0031746031746031633
785.0,-0.4808431237095192,-0.02691966670382734,-19.039828879568095,0.0,-1,0.00866242038216547
791.8,0.0633456551144036,0.17242303737336523,0.27924920204732473,0.0,-1,-0.006630462237938839
786.55,-0.10733876006656828,0.0005795407307977729,-9.453724315161814,0.0,-1,-0.0007628249952322808
785.95,-0.23373607098483262,-0.04193925672915552,-10.426495520537209,0.0,-1,0.004453209491698029
789.45,0.014209946138066698,0.06866892013124794,-2.2946149466043764,0.0,-1,0.008043574640572482
795.8,0.6661654591880506,0.240208144393744,8.864778622663735,0.0,-1,-6.282985674788133e-05
795.75,0.9324627607807088,0.168835148662134,8.755084628379898,0.0,-1,-0.0013195098963241225
794.7,0.9004061815119258,0.045592856464450326,6.306783460131918,0.0,-1,-0.003271674845853778
792.1,0.592677376751567,-0.08737864943196949,0.515371312467586,0.0,-1,0.0030930438076000044
794.55,0.5935898596420657,-0.028822055513823552,5.326269846953146,0.0,-1,0.0004405009124661685
794.9,0.5737469461171258,-0.016221656346254498,6.005187041222406,0.0,-1,-0.0025160397534280676
792.9,0.34934657717826667,-0.08020734176170458,1.0767699175392451,0.0,-1,0.0014503720519611907
794.05,0.3038675112773035,-0.04189546922088927,3.680911234409713,0.0,-1,0.0023298280964674234
795.9,0.409972352387058,0.021403123962955073,7.705019298686523,0.0,-1,0.00018846588767429395
796.05,0.44136041024296446,0.017597060606287185,8.033484645889558,0.0,-1,-0.0007537214999057129
795.45,0.3702744049840021,-0.01782964821755839,6.0972422672521205,0.0,-1,-0.0012571500408573577
794.45,0.22054186860589198,-0.05585406153188949,2.832927791105263,0.0,-1,0.0017622254389828562
795.85,0.2439637780329349,-0.010810717368282208,6.748020030577408,0.0,-1,0.0033297731984669454
798.5,0.4561777512437857,0.0671344186141895,13.17643923308006,0.0,-1,-0.0023168440826549785
796.65,0.3701032585788653,-0.006313358016910298,6.645886786836861,0.0,-1,0.0005648653737526654
797.1,0.3337240740315792,-0.014230847521398804,7.824188477601737,0.0,-1,-0.00012545477355419
797.0,0.27939080892190304,-0.022854704210358345,7.4387314129534445,0.0,-1,0.002634880803011219
799.1,0.40394160895698406,0.03389869860824091,13.167650307331613,0.0,-1,-0.002252534100863568
797.3,0.2825552082280183,-0.029162567373574977,5.990044205930737,0.0,-1,-0.001003386429198505
796.5,0.13164907384452817,-0.06002290058568838,3.0152256270657176,0.0,-1,0.006905210295040876
802.0,0.5035585838325005,0.10396220313409466,16.5794165771174,-1.5392832204368005,-1,-0.0016209476309226867
800.7,0.5392167901736684,0.0465401364917542,11.887223226474262,0.0,-1,-0.007118771075309116
795.0,0.03711116082979515,-0.1518551642840397,-3.930349122457997,0.0,-1,-0.002830188679245338
792.75,-0.4045342505779672,-0.19783352523060072,-8.574167542697062,0.0,-1,-0.00012614317250081442
792.65,-0.5999791020669818,-0.1310927922398718,-8.77935464958469,0.0,-1,-0.004794045291112048
788.85,-0.9643699359725133,-0.1651612087151344,-15.908887638976907,1.1314438160674172,-1,-0.001457818343157724
787.7,-1.1620345249275488,-0.12094193255672336,-17.78262282335688,1.0830724253606832,-1,-0.00336422495874078
785.05,-1.3848639423277973,-0.11459044998565737,-21.757114800798995,1.8168481113616508,-1,-0.006432711292274296
780.0,-1.801706655833982,-0.17714438783061404,-27.60656613804458,3.6640140582966296,-1,-0.0032051282051281937
777.5,-2.068319124600862,-0.14791895219916462,-29.896788422585722,2.884509797234614,-1,0.0005787781350483634
777.95,-1.9917654319342546,-0.023788419844185782,-28.295304240639876,0.0,-1,-0.003149302654412267
775.5,-1.9916747996063577,-0.007899262505429716,-30.64252095880124,0.0,-1,-0.0014829142488717029
774.35,-1.9214899168085822,0.020761873430781952,-31.676016541663166,0.0,-1,-0.0030348033834829424
772.0,-1.9221066490089243,0.006715047076813363,-33.65715570237599,0.0,-1,0.002590673575129543
774.0,-1.595572794358418,0.11108296724243982,-25.897504304542693,0.0,-1,0.0017441860465117198
775.35,-1.1868414675033137,0.1732714313658481,-20.96099376486331,0.0,-1,0.0
775.35,-0.883572348450457,0.15884685013956834,-20.960993764863307,0.0,-1,-0.0001934610176048679
775.2,-0.6708067598864318,0.12387081290119784,-21.21779031064942,0.0,-1,-0.0014189886480908687
774.1,-0.6001900689471995,0.06482916794681004,-23.152310476220045,0.0,-1,-0.0011626404857253414
773.2,-0.589865884398705,0.025051117498434805,-24.698298653284073,0.0,-1,0.0009699948266943537
773.95,-0.473048301757899,0.04728956671308027,-20.917125051726426,0.0,-1,0.006977194909231876
779.35,0.0747811813756698,0.19837301661554974,-0.4764679876840461,0.0,-1,0.0037852056200680106
782.3,0.5882974911611427,0.23729644213367423,7.039704492012724,0.0,-1,0.00012782819890078123
782.4,0.8043641884571571,0.15112104647656288,7.279301614418699,0.0,-1,0.0002556237218813706
782.6,0.8620338547336814,0.06959690425102905,7.8022884095327285,0.0,-1,0.0023639151546128723
784.45,0.9731991999775573,0.060254083164968275,12.518261606752944,0.0,-1,-0.0022308623876601263
782.7,0.8018486059346515,-0.03703217029264583,5.946535735872395,0.0,-1,-0.0002555257442188319
782.5,0.6326859250852976,-0.06873161704733322,5.209588333804618,0.0,-1,0.006773162939297084
787.8,0.93704742423688,0.07854329403474969,17.72682263760437,-0.6246462270078155,-1,0.0036811373445038154
790.7,1.25280755512631,0.1314344749747265,22.41381818270871,-1.271819619963594,-1,-0.00170734791956495
789.35,1.1937869909770598,0.024137970275158738,17.354275693390775,0.0,-1,-0.001520238170646837
788.15,0.9647944596543994,-0.06828485368250048,13.006378317309597,0.0,-1,-0.003869821734441392
785.1,0.5157319890219014,-0.17244910810499947,3.2912960809895893,0.0,-1,0.003693796968539109
788.0,0.48988975462043527,-0.06609711416882191,9.834245243776095,0.0,-1,-0.00431472081218276
784.6,0.1528111578680864,-0.13439190364039028,0.6006607612000678,0.0,-1,0.004652052001019591
788.25,0.27570426300292183,-0.0038329328351849323,8.280185095392099,0.0,-1,0.0002537266095783419
788.45,0.33084212698668125,0.017101643716191495,8.671349231944717,0.0,-1,-0.0020292979897267305
786.85,0.19750754839640194,-0.03874431162469594,4.157733182897495,0.0,-1,0.000889623181038246
787.55,0.17271463006818522,-0.02117907665097088,5.81028573349618,0.0,-1,-0.005904387023046076
782.9,-0.24157471493492721,-0.14515614055136114,-5.918604722637824,0.0,-1,-0.0010857069868438485
782.05,-0.49942149452533613,-0.13433430671392332,-7.7231539263968045,0.0,-1,-0.002173774055367228
780.35,-0.7283930931099576,-0.12110196843284826,-11.24840805848816,0.0,-1,0.02415582751329537
799.2,0.7886538653568778,0.46531499667799575,19.78855682953069,-4.507394597926691,-1,-0.0020645645645647193
797.55,1.343956189143796,0.34020577348830483,16.51058449148566,-0.9075202884976079,-1,-0.0026330637577580696
795.45,1.334611001941994,0.11028686209550087,12.36796108816192,0.0,-1,-0.0007542900245144368
794.85,1.168720824845991,-0.018534438333500658,11.158666406231553,0.0,-1,0.0026420079260238705
796.95,1.1633823342274354,-0.007957642984018687,13.882110685422674,0.0,-1,0.011606750737185534
806.2,1.8345978943992804,0.2210859723959422,23.109884766024962,-3.2066739380090894,-1,0.0009923096005952647
807.0,2.0839891832852118,0.15682575376062458,23.754260459543588,-1.0497396999055582,-1,0.016728624535315983
820.5,3.1600190624544666,0.410951877643293,31.890894168411734,-8.074641918547172,-1,-0.006946983546617935
814.8,2.959699080167752,0.070210631785526,21.49294445755274,0.0,-1,-0.006320569464899339
809.65,2.1837308323438265,-0.23525253867946638,13.410163058467731,0.0,-1,0.0027789785709875225
811.9,1.8012691390698592,-0.2059047439844779,15.313812585753624,0.0,-1,0.0012316787781747607
812.9,1.5432658641771013,-0.15463600629241192,16.18265497679363,0.0,-1,-0.0034444581129289276
810.1,1.0523254047159298,-0.2151921552511944,11.397963654546984,0.0,-1,-0.0008640908529811142
809.4,0.6608280579257553,-0.2022298340137897,10.189242517288974,0.0,-1,-0.007659995058067581
803.2,-0.10665628696324347,-0.3232380596342629,0.42065498349822406,0.0,-1,0.0022410358565736477
805.0,-0.33151043549412407,-0.18269740272171447,2.8872057783538736,0.0,-1,0.001925465838509277
806.55,-0.2871449734683438,-0.04611064689864475,5.027874088714043,0.0,-1,-0.0008678941169176779
805.85,-0.2993668279998474,-0.019444167143382762,3.8012079519552984,0.0,-1,0.0014270645901841572
807.0,-0.18469718626556642,0.03174182486363272,5.607590186625146,0.0,-1,0.010780669144981436
815.7,0.6130290667904319,0.27648935930654367,16.588796584833673,0.0,-1,6.12970454823003e-05
815.75,0.9649731044191867,0.20947779897843288,16.641489984586073,0.0,-1,-0.00349371743794058
812.9,0.8230306978653061,0.02251179747485077,10.589555547986073,0.0,-1,-0.006027801697625734
808.0,0.27514026976621153,-0.17512621020808128,1.6322168091013296,0.0,-1,0.0017945544554456294
809.45,0.09910003323614092,-0.11705548224605064,3.8743093123896486,0.0,-1,-0.0019148804743962522
807.9,-0.1263450877985406,-0.11416686776024404,1.062900448893565,0.0,-1,0.0019185542765194352
809.45,-0.09937222433268289,-0.029064668098128785,3.744904134038599,0.0,-1,0.006485885477793607
814.7,0.3598952260946362,0.14340092744306346,11.653991978978205,0.0,-1,-0.002086657665398395
813.0,0.4178710158004151,0.06712557238294747,8.080876254210033,0.0,-1,-0.0030750307503074614
810.5,0.20370299266994607,-0.04901415024917383,3.0565961559016444,0.0,-1,0.005613818630475054
815.05,0.45881039838229754,0.0686977518210592,10.045858811732408,0.0,-1,-0.0037421017115514266
812.0,0.2939632347065526,-0.03204980395156193,4.051900892133496,0.0,-1,-0.001662561576354693
810.65,0.07454271664312273,-0.08382344067166395,1.5224927321155661,0.0,-1,0.0062295688644915526
815.7,0.37945389789115325,0.07369591352545551,9.416119899939488,0.0,-1,0.00527154591148693
820.0,0.858621663690883,0.1842878931083951,14.833616048970072,-0.26551429935250326,-1,-0.0024390243902439046
818.0,0.8599870746165834,0.06188443467803184,10.649611942343995,0.0,-1,-0.0010391198044009675
817.15,0.7181708571946501,-0.02664392758130052,8.855997859372522,0.0,-1,-0.005445756593036699
812.7,0.21658184371744937,-0.17607764701950046,0.21722144623519313,0.0,-1,0.007259751445797935
818.6,0.439405516669126,0.015582008644058731,9.06787413371675,0.0,-1,-0.0036647935499632966
815.6,0.2642002267557473,-0.053207760423106654,3.676414050036705,0.0,-1,0.0033717508582638
818.35,0.3837475629028404,0.02211319190799549,7.6166253839086835,0.0,-1,-0.0030549275982159063
815.85,0.2032089340677885,-0.05280847897568547,3.0580084955818663,0.0,-1,-0.0010418581847153607
815.0,0.025172208477897584,-0.0769484015218588,1.5181461077785272,0.0,-1,0.006441717791411117
820.25,0.3715561616430705,0.08981185054777135,9.570567280850874,0.0,-1,0.0035964644925328138
823.2,0.7596184580887666,0.1592913823311558,13.369093536469926,-0.10639687622699512,-1,0.00036443148688047877
823.5,0.9153480681375186,0.10500699745996922,13.753893985943655,0.0,-1,0.002671523982999524
825.7,1.100267200817143,0.09664204337986448,16.61175081258874,-0.45881338542017147,-1,-0.0021799685115659884
823.9,0.9510378337555494,-0.017529107893909712,12.156492154059706,0.0,-1,0.0011530525549217074
824.85,0.876336664078508,-0.030743425856983753,13.584773235306272,0.0,-1,-0.002242832030066144
823.0,0.6117913572333009,-0.0984295775673969,8.784246760650085,0.0,-1,-0.0018226002430133947
821.5,0.3035360907080076,-0.13556161469756345,5.040591446050016,0.0,-1,0.0018259281801582539
823.0,0.2491137832196273,-0.06332797406198126,8.011713802364838,0.0,-1,-0.004434993924665842
819.35,-0.10302351912616814,-0.1384884254692589,-0.7821834489008097,0.0,-1,-0.00018307194727529286
819.2,-0.28300687703847416,-0.10615726112718832,-1.1205194085324948,0.0,-1,0.00128173828125
820.25,-0.2619146495748055,-0.028355011221173204,1.4739938535772055,0.0,-1,-0.0056080463273392445
815.65,-0.6128756483784628,-0.1264386700082768,-8.723426054069634,0.0,-1,-0.000735609636486223
815.05,-0.7872831770820312,-0.10028206623728175,-9.875455194003706,0.0,-1,-0.006932090055824736
809.4,-1.2797133433435874,-0.1975707441662793,-18.944362428685952,1.782988850852803,-1,0.0027180627625402742
811.6,-1.2359523145290723,-0.05126990511725471,-12.80310013166568,0.0,-1,0.001293740758994577
812.65,-1.0235757739111477,0.05370221183355661,-9.97027954999146,0.0,-1,0.002030394388728096
814.3,-0.694589522442925,0.12756282110059314,-5.592009964489982,0.0,-1,-0.0025789021245240518
812.2,-0.6472139365051817,0.058312802346112136,-9.747759159401866,0.0,-1,-0.002400886481162323
810.25,-0.732091648827577,-0.008854969992094452,-13.291988963615978,0.0,-1,-0.0001234186979327534
810.15,-0.721856200919774,0.0004601593052362407,-13.475238161688331,0.0,-1,0.014873788804542487
822.2,0.3475828731106958,0.35663307777856873,11.954049868713234,0.0,-1,-0.004925808805643528
818.15,0.5158371707001379,0.17496245845600367,3.891448538458299,0.0,-1,-0.0031167878750839595
815.6,0.3444778886031372,0.001201058786334308,-0.6055835991052021,0.0,-1,0.0001226091221186998
815.7,0.23842509017106295,-0.0349505798819133,-0.42224848525334835,0.0,-1,-0.00521024886600463
811.45,-0.18863673322584873,-0.154004134426275,-7.6648520976853405,0.0,-1,-0.0020950150964323955
809.75,-0.5281145838222301,-0.16449399500755213,-10.245962691515174,0.0,-1,0.0017906761346095923
811.2,-0.5330106271352406,-0.05646334610685422,-6.955064468500538,0.0,-1,-0.0020956607495069557
809.5,-0.6327077631971179,-0.05205349405624382,-9.814585927564409,0.0,-1,-0.003644224830142151
806.55,-0.8756640176283099,-0.09833658282914526,-14.377350876655264,0.0,-1,0.0027276672245986067
808.75,-0.7408368100415146,0.012163541585883397,-8.841300106040755,0.0,-1,-0.0024111282843894966
806.8,-0.774186805411432,-0.007062151261344685,-12.054901918417478,0.0,-1,0.0014253842340110623
807.95,-0.6305129026453642,0.04553725050157442,-9.034551030034365,0.0,-1,0.006745466922458032
813.4,-0.05196654270855561,0.20802787014612767,3.0089467788116195,0.0,-1,-0.0004917629702483328
813.0,0.2083038491522302,0.15609942066897117,2.1414842136702177,0.0,-1,-0.002275522755227577
811.15,0.16691372431989748,0.03823643194554616,-1.9032202485089158,0.0,-1,0.0003698452813907238
811.45,0.15730918487713552,0.009543964167594732,-1.1877745607973011,0.0,-1,-0.0033889950089346366
808.7,-0.08976885025072079,-0.07917802365342054,-7.1970850345952755,0.0,-1,6.182762458251112e-05
808.75,-0.20166046362703582,-0.06368987900991188,-7.055183874947211,0.0,-1,0.002225656877897997
810.55,-0.09080123167962029,0.015723117645834547,-1.9043688460948758,0.0,-1,-0.0023440873480969904
808.65,-0.1861381797325521,-0.026537943469032432,-6.509229887756682,0.0,-1,0.0009274717121128262
809.4,-0.15579513878128637,0.0012683658274111054,-4.231875199234089,0.0,-1,-0.01006918705213733
801.25,-0.8068073567405918,-0.21658128404396482,-19.212723231588928,2.20809778304033,-1,-0.007925117004680238
794.9,-1.5942461859918922,-0.33467337109842177,-26.010514442945446,5.143282115786974,-1,0.0031450496917850845
797.4,-1.646778418451504,-0.12906853451934452,-19.315511786419677,0.9266874999455013,-1,-0.0061449711562577836
792.5,-1.9441463331436353,-0.14214548307049202,-24.254060939975098,2.8063720207924234,-1,-0.007760252365930587
786.35,-2.443318096061148,-0.213772415329335,-28.973443447478882,4.6662499860856315,-1,0.00019075475297247735
786.5,-2.476794136181411,-0.0824161518165325,-28.583071076273832,1.180124611314227,-1,0.0006357279084552303
787.0,-2.2454659782264343,0.04963733537948123,-27.170259660966078,0.0,-1,-0.0025412960609910717
785.0,-2.109346401063476,0.06191897084747966,-28.859487360386584,0.0,-1,-0.0016560509554139902
783.7,-1.97384107905998,0.06580809761699191,-29.93190563035817,0.0,-1,-0.002169197396963196
782.0,-1.8832683281366371,0.052126949513444876,-31.30953341286185,0.0,-1,-0.00703324808184147
776.5,-2.1393762586634466,-0.06799366033778842,-35.00892150864413,0.0,-1,-0.0018673535093368665
775.05,-2.2099822023716342,-0.046199868015325496,-35.83046069768344,0.0,-1,0.0033546222824334393
777.65,-1.844453324028109,0.10644300344273327,-27.381638607033857,0.0,-1,0.0014788143766475415
778.8,-1.4121511078539015,0.17958173987231363,-23.81090669652218,0.0,-1,-0.0010272213662043672
778.0,-1.144987407445683,0.14891514676017747,-24.712829157846034,0.0,-1,0.0025706940874035134
780.0,-0.7493232732878141,0.18152642697268218,-18.189576057206203,0.0,-1,-0.002307692307692233
778.2,-0.6390476001014349,0.09726736671968716,-20.743951414171626,0.0,-1,0.0010280133641735745
779.0,-0.4639891301666239,0.09077527888483272,-18.045649180378415,0.0,-1,-0.0027599486521180383
776.85,-0.5169608010186266,0.012601202677610002,-21.312977092382095,0.0,-1,-0.004569736757417897
773.3,-0.7961999030263769,-0.08887929977671338,-25.844341497414657,0.0,-1,0.001551791025475202
774.5,-0.7694694621114877,-0.020716286287274732,-21.596708838822497,0.0,-1,0.003615235635894054
777.3,-0.4586484531446331,0.09670157422652659,-12.519112870105147,0.0,-1,0.0003216261417728905
777.55,-0.2441839108990962,0.1037220388240212,-11.742505501519574,0.0,-1,-0.0022506591215999405
775.8,-0.2624363138681929,0.02848987861830815,-15.113100731707654,0.0,-1,0.004447022428460956
779.25,0.0378071774697446,0.10957778998541523,-4.579879886529085,0.0,-1,-0.0037215271093999913
776.35,-0.056888341650505936,0.0049607569550549,-10.541565343124667,0.0,-1,0.005216719263218872
780.4,0.23800459392691664,0.09995123084415919,-0.2973166653216097,0.0,-1,-0.00019220912352635455
780.25,0.35311734555511975,0.07168799415745408,-0.6410220620651543,0.0,-1,0.007882089074014775
786.4,0.8937472759062075,0.20410597483618065,11.490509562966409,-2.4546474755279633,-1,-0.003051881993896166
784.0,0.8895833014229311,0.06664733345096807,5.7042836901571405,0.0,-1,-0.0024234693877550617
782.1,0.6550360390626793,-0.05596664296976128,1.445962301814788,0.0,-1,-0.0028768699654775354
779.85,0.29567607129399676,-0.13844220357948128,-3.255832575346865,0.0,-1,0.0012822978777971006
780.85,0.17468974813516525,-0.0864761755794376,-0.9560685864366576,0.0,-1,-0.0023692130370750464
779.0,-0.05452755912210705,-0.10523116094556997,-4.954559790926119,0.0,-1,0.0005134788189986583
779.4,-0.13125891615732144,-0.06065417266026146,-3.898870093925858,0.0,-1,0.0020528611752630432
781.0,-0.02535301832847381,0.015083908389528722,0.34095908355813265,0.0,-1,0.004161331626120424
784.25,0.3005460154466846,0.11366098072156239,7.828052097249795,0.0,-1,-0.002040165763468327
782.65,0.30511669771362904,0.0394105543295023,3.422191864609978,0.0,-1,-0.0033859324091227716
780.0,0.0611423140376246,-0.06818794311550072,-3.1470131567848867,0.0,-1,0.0
780.0,-0.06594007063677054,-0.06509010926329863,-3.1470131567848796,0.0,-1,-0.0002564102564103221
779.8,-0.14065292375425997,-0.046600987460262686,-3.677750755649818,0.0,-1,0.00025647601949230214
780.0,-0.14962160666675572,-0.01852322345758614,-3.010541132743569,0.0,-1,0.004743589743589904
783.7,0.1666958524325537,0.09926474521390778,7.777471540728357,0.0,-1,-0.005997192803368745
779.0,-0.08070340572055557,-0.04937817097973382,-5.114951177794239,0.0,-1,-0.004172015404364515
775.75,-0.46851108432042565,-0.14572861652653463,-11.683957041966806,0.0,-1,-0.0012890750886238589
774.75,-0.7067056665936207,-0.12797439959990986,-13.509739543629088,0.44969294059433196,-1,-0.0037431429493384183
771.85,-1.0085774855140244,-0.14328207284010452,-18.366736937033064,1.6468612150279114,-1,-0.008939560795491297
764.95,-1.6504652711814742,-0.2617232861691847,-26.600608023084874,4.922069488814941,-1,0.007647558663964826
770.8,-1.3463703914167127,0.014123864531858876,-11.516602634919295,0.0,-1,0.005319148936170137
774.9,-0.7404587522496513,0.2066785012329735,-3.3375499488504303,0.0,-1,-0.0018066847335139746
773.5,-0.4924647033119527,0.15155751672355733,-5.578369218917487,0.0,-1,0.008144796380090469
779.8,0.19757104643292678,0.2805310888228123,5.182691228734946,0.0,-1,0.00211592716081066
781.45,0.6636246674358972,0.2488615699419276,7.573200479008122,0.0,-1,0.0019195086057968158
782.95,0.9663494223177622,0.18386210827459748,9.742200197845683,0.0,-1,-0.004342550609872986
779.55,0.7538493478988357,-0.009545988714776299,2.927513918891968,0.0,-1,-0.001667628760182116
778.25,0.47644519836455856,-0.09565004608301786,0.4811781653117251,0.0,-1,-0.011757147446193383
769.1,-0.46446064293297695,-0.34551862912685116,-12.92150832730853,0.0,-1,-0.00019503315563640378
768.95,-0.9087085100039758,-0.26325549873261667,-13.099958464958384,0.0,-1,0.001495545874244053
770.1,-0.9592734010392405,-0.10460679658929384,-10.614890751915382,0.0,-1,-0.00012985326580960965
770.0,-0.9129497298035858,-0.019427708451213,-10.76418787874966,0.0,-1,-0.0005194805194804752
769.6,-0.8470420833687058,0.015493312661222336,-11.414263193670244,0.0,-1,0.0016891891891890332
770.9,-0.6351680865371918,0.07578910316424547,-7.947255902051573,0.0,-1,-0.0011674665974834575
770.0,-0.5513004142433147,0.05321892515270754,-9.697405458645498,0.0,-1,-0.012597402597402607
760.3,-1.2717582102427514,-0.22241295694890972,-23.102697187492925,1.2632827530052282,-1,-0.00019729054320660744
760.15,-1.5385072573889147,-0.16305400136502435,-23.255543181745857,0.0,-1,-0.005722554758929244
755.8,-1.9061728428462175,-0.17690652894077563,-27.394693651091046,0.9128757443965014,-1,-0.0017200317544323607
754.5,-2.039491232004366,-0.10340830603297468,-28.4996244141415,0.0,-1,0.0025844930417495693
756.45,-1.7736928239164627,0.054130034018309514,-22.5863456846225,0.0,-1,0.000727080441536021
757.0,-1.4471525512127528,0.1268901022406732,-20.912297716732116,0.0,-1,-0.0012549537648613995
756.05,-1.2424530355932575,0.11052987262005609,-22.145207501522375,0.0,-1,-0.0014549302294820654
754.95,-1.1282321914840168,0.07491690557643227,-23.585626269877842,0.0,-1,0.003245248029670744
757.4,-0.7729357534724386,0.14340444786267015,-15.237022242287608,0.0,-1,-0.0019144441510429155
755.95,-0.6517095550105978,0.08821021544150365,-17.65052354465216,0.0,-1,-0.0025133937429725473
754.05,-0.6951206595286976,0.014933036974467906,-20.620282941780925,0.0,-1,0.0016577150056362733
755.3,-0.5547328234937368,0.051773624336476254,-16.179194823240586,0.0,-1,-0.0011253806434528002
754.45,-0.5091445035185416,0.03245398143722378,-17.7132826783225,0.0,-1,0.0035124925442375776
757.1,-0.22308830157101056,0.10617006112825161,-8.5184552785312,0.0,-1,0.0044908202351077176
760.5,0.2218638245336706,0.18370739574431091,0.9723181499588591,0.0,-1,0.0032215647600264408
762.95,0.6300179022081238,0.19728715780625472,6.6070423374497125,0.0,-1,-0.0016383773510715294
761.7,0.6774267825280731,0.081565346042068,3.1445302710195335,0.0,-1,0.003150846790074713
764.1,0.8446789908107348,0.08293918477490991,8.552980706253322,0.0,-1,0.0011778563015312216
765.0,0.9329151790511787,0.057058457671784635,10.454907981889527,0.0,-1,0.0006535947712418277
765.5,0.940957008250507,0.02170009562370434,11.54420760527767,0.0,-1,-0.0035271064663618956
762.8,0.6415648388292539,-0.09256402459918289,2.815198788271431,0.0,-1,-0.009504457262716315
755.55,-0.16576164911714386,-0.29996350418186024,-12.888907355210584,0.0,-1,-0.0011250082721194765
754.7,-0.626444755663897,-0.25354887024287115,-14.272767154419626,0.0,-1,0.0006625149065853098
755.2,-0.7629159126320246,-0.13000667573699964,-12.743560836933597,0.0,-1,-0.002184851694915335
753.55,-0.9050751650634083,-0.09072197605612775,-15.732980251553037,0.0,-1,0.0015261097471968021
754.7,-0.8048985275238465,0.003151553827811404,-11.887422910258927,0.0,-1,0.003047568570292869
757.0,-0.4960686647937109,0.1039938055193157,-4.7673392460263955,0.0,-1,-0.001387054161162471
755.95,-0.3878146780292582,0.07074926409458948,-7.261480934167395,0.0,-1,0.005952774654408355
760.45,0.07363020518880603,0.17739804910421791,4.6469857885679176,0.0,-1,0.0033532776645406326
763.0,0.5107167963655002,0.20482821342697066,9.898013553659723,0.0,-1,-0.000655307994757548
762.5,0.6450336922566748,0.11304836977271515,8.424280428589881,0.0,-1,0.0026885245901637767
764.55,0.8292726658474976,0.09909578112117934,12.614623070678,0.0,-1,0.011248446798770573
773.15,1.5689527638223808,0.27959195969868755,24.56428826017239,-2.702018657364647,-1,-0.0011640690680979615
772.25,1.7330467491580066,0.1478953150114377,21.892280100724477,0.0,-1,-0.0007122045969568669
771.7,1.6248398460626277,0.01322947063868618,20.184523665126505,0.0,-1,0.010690682907865678
779.95,2.122833074009691,0.17040756619524977,28.640775428314512,-2.7696324628126376,-1,-0.0046797871658440515
776.3,1.8907602651490834,-0.02055508088845248,19.01810542582342,0.0,-1,0.0034780368414273344
779.0,1.842160505289712,-0.023051613582607988,21.849274392312097,0.0,-1,-0.0017329910141207217
777.65,1.5518472499192058,-0.10445495631770485,18.377902923902496,0.0,-1,-0.0009001478814375519
776.95,1.2190366847406722,-0.14575517383207948,16.526109276097074,0.0,-1,0.0006435420554733451
777.45,0.9927116784230066,-0.12402672671658177,17.23044038790853,0.0,-1,-0.0017364460737024912
776.1,0.6843232020622736,-0.14413840102577158,13.238591249301535,0.0,-1,0.011982991882489413
785.4,1.2481020303766854,0.13988014242954683,24.725395184728356,0.0,-1,0.0018461930226636447
786.85,1.5468162753359138,0.14619812912959174,26.02328914847982,0.0,-1,-0.001461523797420039
785.7,1.4714387082041185,0.023606853999265542,22.731987967094568,0.0,-1,-0.0008909252895508146
785.0,1.2527966989546258,-0.06501171841674247,20.662940906902577,0.0,-1,-0.0036305732484076536
782.15,0.8015759694169446,-0.1720774826514746,12.606082188404159,0.0,-1,0.002045643418781662
783.75,0.6425009405299988,-0.1103841705128068,15.089035217687822,0.0,-1,0.000956937799043045
784.5,0.5719216810424541,-0.06032114333345051,16.256013294626683,0.0,-1,-0.012619502868068788
774.6,-0.33602808878822543,-0.3227569710547101,-5.540830572262166,0.0,-1,0.0012264394526206868
775.55,-0.6828339663046563,-0.22318761619038036,-3.658680690754281,0.0,-1,-0.0013538778931080353
774.5,-0.8868340745374326,-0.14239590814105219,-5.5101886496340455,0.0,-1,0.004519044544867734
778.0,-0.6232646224423206,0.040391181318019886,1.6451969713538332,0.0,-1,-6.426735218501012e-05
777.95,-0.4437078445246243,0.0733159864119054,1.5397432180700008,0.0,-1,-0.0003856288964587673
777.65,-0.3419538018553112,0.058356676360406146,0.8475758869824404,0.0,-1,-0.0034077026940140254
775.0,-0.4834139636994905,-0.02770116182792437,-5.07413746308135,0.0,-1,0.013032258064516133
785.1,0.3278071190201217,0.26117330696389596,13.116340827829006,0.0,-1,0.00038211692777978534
785.4,0.7311004004616279,0.2214888628018008,13.51406253512156,0.0,-1,0.004901960784313708
789.25,1.1926553411439045,0.22768126782802578,18.376482202199057,0.0,-1,0.005828318023439971
793.85,1.7073781997230526,0.2474680421357247,23.13031681485286,-1.0387049734586071,-1,-0.00283428859356305
791.6,1.6349581123689632,0.05834931826054501,17.606908570428416,0.0,-1,-0.000757958564931771
791.0,1.4125015593277794,-0.05470241159354616,16.12706716912497,0.0,-1,-0.001769911504424737
789.6,1.0668981528632457,-0.13343527268602662,12.575943646594709,0.0,-1,0.004559270516717451
793.2,1.1051882702257672,-0.031715051774501735,17.5541970517217,0.0,-1,-0.001449823499747982
792.05,0.9364009730547878,-0.06683411631516045,14.508438310149245,0.0,-1,0.0020200744902467704
793.65,0.9073072433814104,-0.03197594866284592,16.82096396777831,0.0,-1,6.30000630001959e-05
793.7,0.8213181082629717,-0.03932169459376156,16.895858703000656,0.0,-1,-0.004472722691193254
790.15,0.41404703168188917,-0.14886425705828132,6.784032521098148,0.0,-1,-0.000316395621084653
789.9,0.1550742407511052,-0.13594568266302176,6.120260130115064,0.0,-1,-0.0011393847322445083
789.0,-0.06233500811015347,-0.11778497717476016,3.613421001780047,0.0,-1,0.00773130544993661
795.1,0.34248828480167504,0.09567943857902281,15.289810833922203,0.0,-1,-0.006917368884417074
789.6,0.05802590752421111,-0.06292764623281372,2.1410129289324757,0.0,-1,-0.0009498480243160801
788.85,-0.1515407734082146,-0.09083144238841315,0.5971016344809925,0.0,-1,-0.000507067249793991
788.45,-0.2770290494237315,-0.07210657280131003,-0.27540818962948777,0.0,-1,0.00012683112435785127
788.55,-0.30835409997951047,-0.03447720778569635,-0.035733345013987616,0.0,-1,-0.004692156489759625
784.85,-0.6066537835924919,-0.11092563046622594,-8.223384280427034,0.0,-1,-0.002803083391730965
782.65,-0.8885824767662598,-0.13095144121333124,-12.304405440498847,0.9580539120547655,-1,-0.008624544815690305
775.9,-1.51799828362266,-0.2534557493565772,-21.721721417448986,4.833470471325086,-1,0.0032865059930404783
778.45,-1.4937063300822047,-0.0763879319387073,-14.914467623672508,0.44003453693903793,-1,-0.002119596634337584
776.8,-1.494584825805191,-0.02575547588723115,-17.15567881666795,0.14219106942607596,-1,0.0008367662203914161
777.45,-1.3163086715161398,0.050840226133940014,-15.32905960263718,0.0,-1,0.0016721332561580038
778.75,-1.009144871745434,0.11933467530154851,-11.605387281231252,0.0,-1,0.0031460674157304247
781.2,-0.5673008992146151,0.18705954927745583,-5.036442295211671,0.0,-1,-0.002816180235535093
779.0,-0.48243717134801045,0.09064109238135354,-9.360031126406582,0.0,-1,-0.008279845956354337
772.55,-0.937302209802283,-0.12140798202430636,-19.053679508268896,0.0,-1,-0.002653549932043142
770.5,-1.2574595448792252,-0.14718843903374945,-21.457885508640835,0.0,-1,-0.0032446463335495945
768.0,-1.521083250344418,-0.13693738149964751,-24.17635146244905,0.0,-1,-0.005078124999999933
764.1,-1.8511381655483774,-0.15566409890120236,-27.835483675142054,0.2390794569910213,-1,0.0015050386075121658
765.25,-1.7660707760213654,-0.02353223645806346,-24.382291280904887,0.0,-1,-0.0009147337471415717
764.55,-1.634697849922759,0.035946896546847684,-25.128570894255827,0.0,-1,0.009286508403636207
771.65,-0.8411198993799189,0.2765082823632292,-6.5596776481048025,0.0,-1,-0.00868269293073276
764.95,-0.9325709324934905,0.06168574974988583,-15.500339304444196,0.0,-1,0.0025491862213216088
766.9,-0.738082204675834,0.0853914925225141,-11.41288050624258,0.0,-1,-0.00658495240578949
761.85,-1.0001643237106919,-0.0588968755041146,-17.287019405531495,0.0,-1,-0.0002625188685437818
761.65,-1.0645250229189287,-0.04108585823745048,-17.504699400401044,0.0,-1,0.0017068207181776263
762.95,-0.8996616206130739,0.04125918135613482,-14.409292282288291,0.0,-1,-0.01939838783668668
748.15,-1.9755914510757293,-0.3448902163688401,-27.47483784924581,4.929295327754176,-1,-0.002740092227494384
746.1,-2.5197570787173618,-0.29635194800349085,-28.67942827636769,2.7486752054130648,-1,0.0190323013000937
760.3,-1.398526802645165,0.27495944268956873,-5.738210156167405,0.0,-1,-0.0019729054320662964
758.8,-0.8463677643885603,0.2757061603153912,-7.202848983746982,0.0,-1,-0.005732735898787422
754.45,-0.8622575982278704,0.0866054421586937,-11.326402477778593,0.0,-1,-0.01564053283849176
742.65,-1.7816810486285704,-0.2776060027473355,-20.02992169082372,0.7219473495796365,-1,0.012320743284184976
751.8,-1.33041935310996,0.0578852309237583,-8.656458321548477,0.0,-1,-0.0024607608406489456
749.95,-1.1480868925913228,0.08007256381413175,-10.111789295812343,0.0,-1,-0.005467031135409028
745.85,-1.302913421282824,-0.024917988292456394,-13.293540457864815,0.0,-1,-0.013675672052021248
735.65,-2.1217505671883146,-0.2812517113993156,-19.924899580240606,1.9892324431508541,-1,0.003942092027458655
738.55,-2.1126899262086454,-0.09073035680654895,-16.149672615824883,0.0,-1,0.0037235122875904914
741.3,-1.7029354452014331,0.10634137473355443,-12.58923760529229,0.0,-1,-0.007284500202347166
735.9,-1.8061469175977436,0.0010433007790813242,-16.52083094495648,0.0,-1,-0.004280472890338283
732.75,-1.96974041066278,-0.054183397428651636,-18.655854869379855,0.0,-1,-0.004503582395086969
729.45,-2.1623921229733014,-0.08227836991305759,-20.821799993007488,0.0,-1,-0.0021934334087326812
727.85,-2.2118519688808647,-0.043912738606873614,-21.869023450313662,0.0,-1,0.0007556502026515588
728.4,-2.006427561094597,0.05383722305979788,-20.89714973240273,0.0,-1,-6.864360241620737e-05
728.35,-1.740679727110205,0.10652835234806335,-20.936848370415788,0.0,-1,0.0036383606782453004
731.0,-1.2419158328588082,0.20176408219982012,-15.662252175560063,0.0,-1,-0.005608755129958953
726.9,-1.2307075663281921,0.07099078291014549,-19.553986912050057,0.0,-1,0.001994772320814464
728.35,-1.001711135868959,0.09999573778979287,-16.58839357162133,0.0,-1,0.005217271915974431
732.15,-0.4870703259836091,0.20487884922504762,-9.234198133051699,0.0,-1,-0.00020487604998975506
732.0,-0.2016607272088322,0.16342948266660817,-9.43071468677482,0.0,-1,0.0015710382513660637
733.15,0.053682466112491056,0.13959089199597716,-7.08648311607859,0.0,-1,-0.00027279547159508866
732.95,0.1602138572638978,0.08204076104912798,-7.411103354456863,0.0,-1,0.0011596971144005597
733.8,0.2709617314009165,0.06426287839538222,-5.431031874001327,0.0,-1,0.001907876805669284
735.2,0.4204221908526051,0.07124111261569027,-2.1400676154764824,0.0,-1,0.0007480957562566726
735.75,0.5059505713408043,0.05225649770129648,-0.8229569217120414,0.0,-1,-0.0020387359836900876
734.25,0.3815522139731229,-0.024047286555461678,-4.319714729937161,0.0,-1,0.00027238678924068616
734.45,0.30422368412484957,-0.03379193880124498,-3.7534678059616553,0.0,-1,-0.0048335489141535515
730.9,-0.05562588780958322,-0.1312138369118926,-11.639950914631818,0.0,-1,-0.0006840881105486529
730.4,-0.2725818497928003,-0.11605659963170326,-12.637063836835068,0.0,-1,0.002806681270536737
732.45,-0.18751134330159402,-0.01032869771349898,-6.005209703984185,0.0,-1,0.00013652809065445304
732.55,-0.12101681144758913,0.01872194471350197,-5.685651107321561,0.0,-1,0.0017063681659954533
733.8,0.026481855433416968,0.0554068705315027,-1.5967035801267357,0.0,-1,0.004020168983374317
736.75,0.34385770092114853,0.12426090533974479,6.734044924824822,0.0,-1,-0.001560909399389132
735.6,0.37805748192158717,0.05282022878006115,3.0256866680884755,0.0,-1,-0.011827079934747187
726.9,-0.36134741773832957,-0.22886155695995192,-15.77741932928474,0.02261784044117121,-1,0.0035080478745357357
729.45,-0.48843758275677374,-0.11865057399279871,-8.96760599097972,0.0,-1,0.0004798135581600693
729.8,-0.48211286670289155,-0.03744195264630551,-8.05106078171248,0.0,-1,-0.003631131816936084
727.15,-0.6596077697840883,-0.07164561857583407,-12.90200374786545,0.0,-1,-0.0009626624492882208
726.45,-0.7517212405093687,-0.05458636310037146,-14.11978661378322,0.0,-1,-0.0035790487989538766
723.85,-0.9518012058294971,-0.08488877614016666,-18.400641193011513,0.8069905825918795,-1,0.0006907508461697631
724.35,-0.9308577546704555,-0.021315108327041643,-16.700218617629304,0.0,-1,0.006074411541381997
728.75,-0.4761478828684176,0.1444649211583321,-3.657520261955419,0.0,-1,0.0002744425385934335
728.95,-0.1924472900617502,0.14272183798833316,-3.1327881902705883,0.0,-1,-0.00240071335482539
727.2,-0.18039305281979523,0.05159202507676272,-7.201877927466697,0.0,-1,0.004537953795379579
730.5,0.11566682020270491,0.11588396603308762,1.6022561625040765,0.0,-1,0.0039014373716632633
733.35,0.49155785503046445,0.16392500028694906,7.830470222133336,0.0,-1,-0.00020454080589071832
733.2,0.6260402178584172,0.09946912103830063,7.398510822798428,0.0,-1,0.00020458265139122744
733.35,0.653611381117571,0.042346761432484836,7.749164979999165,0.0,-1,0.010499761369059613
741.05,1.2545960143206685,0.21444379821186077,21.24763912187693,-1.5972456378251536,-1,0.005127859118817968
744.85,1.7672053297287675,0.24235103787332002,25.533781507890154,-2.7403580497626763,-1,0.00020138282875747926
745.0,1.888742876622132,0.1212961949222282,25.69270746085985,-0.6591990757741542,-1,0.0030872483221475733
747.3,1.9837830770169376,0.07211213177234455,28.114708763060975,-0.5202276734814859,-1,-0.004616619831392943
743.85,1.5784879207963058,-0.11106100814942899,16.989827297453942,0.0,-1,0.004100289036768068
746.9,1.4984663492862182,-0.06369419321983893,21.041029562384267,0.0,-1,-0.003815771857008987
744.05,1.0960833677573874,-0.15535905824955654,13.012018875449861,0.0,-1,0.011692762583159766
752.75,1.5285515963464604,0.09236972344650551,23.261838357733183,0.0,-1,-0.006376619063434008
747.95,1.2174064109455003,-0.07292515398481814,12.623529270785504,0.0,-1,-0.0014038371548901196
746.9,0.872883283999613,-0.1391494269769018,10.48864565134651,0.0,-1,0.001405810684161235
747.95,0.7153814468599649,-0.09888375470551669,11.930659749970154,0.0,-1,0.006350691891169102
752.7,0.9728487410518483,0.05286117982878891,17.831802468243566,0.0,-1,0.0031220937956688566
755.05,1.2163449930601473,0.09878581061236269,20.357639335679863,0.0,-1,-0.0009270909211309686
754.35,1.1783977029758717,0.02027950684269575,18.575525732933258,0.0,-1,-6.628222973426023e-05
754.3,1.0570575826857294,-0.03368687114914892,18.437947237641296,0.0,-1,0.002253745194219947
756.0,1.0499660573168512,-0.01359279883934228,20.661539423577153,0.0,-1,0.0003968253968253954
756.3,0.9839231231893564,-0.026545244322279116,21.061298889171027,0.0,-1,-0.006611133148221593
751.3,0.45224139585980083,-0.18607565721727826,6.743301611310073,0.0,-1,-6.655131106081402e-05
751.25,0.14454708254004345,-0.16458999017901188,6.616551008365732,0.0,-1,-0.0037271214642262684
748.45,-0.25467899766488244,-0.18793869012797929,-0.2922831188698467,0.0,-1,-0.00033402364887435976
748.2,-0.4539021212951866,-0.12905393791942782,-0.8868471592802791,0.0,-1,0.00200481154771448
749.7,-0.3906885063357777,-0.0219467743200063,2.87126187206637,0.0,-1,-0.00200080032012806
748.2,-0.4515243233280444,-0.027594197104091,-1.1382400704183766,0.0,-1,-0.0006682705159047897
747.7,-0.4859818715468691,-0.020683915107638562,-2.4731322279931334,0.0,-1,0.009897017520395845
755.1,0.1539545103059936,0.20641748891507475,13.79311695937465,0.0,-1,-0.001456760693947845
754.0,0.3694264920401338,0.14062982354973833,10.686001364633789,0.0,-1,0.004045092838196318
757.05,0.7005436085706833,0.15724898002676269,15.815526152048747,0.0,-1,-0.003236245954692518
754.6,0.6035568661216075,0.02008741252589563,8.950514907181386,0.0,-1,-0.0036443148688046767
751.85,0.2756004227203448,-0.10262301029178905,2.164538229602819,0.0,-1,-0.00033251313426885254
751.6,0.06782216579290434,-0.1034670890730765,1.5649621903020545,0.0,-1,-0.0007982969664716011
751.0,-0.09171880982012226,-0.08766935489536772,0.03147230003682466,0.0,-1,0.003595206391478145
753.7,0.06115393652498824,0.021734463816580937,6.499741102169921,0.0,-1,0.0009287514926361595
754.4,0.19082748165374142,0.05046933631511136,8.063519648980787,0.0,-1,-0.004838282078472922
750.75,-0.06440470258633013,-0.06825428264165341,-1.945085057897387,0.0,-1,0.0012654012654014224
751.7,-0.10748706949073039,-0.03711221651535122,0.5213855253905919,0.0,-1,0.00013303179459889236
751.8,-0.11173766381887162,-0.01378760361449749,0.794646566910906,0.0,-1,0.0022612396914074573
753.5,0.0371151776687384,0.04502174595770418,5.442839132471846,0.0,-1,0.002786994027869971
755.6,0.28344866694010307,0.09711841174302296,10.556949701833659,0.0,-1,0.0015881418740073538
756.8,0.4829946893307806,0.09888814471123353,13.236080124136294,0.0,-1,0.0006606765327694664
757.3,0.5841848097485354,0.0666927550429961,14.356923161232288,0.0,-1,-0.0032351776046479763
754.85,0.38193113581178295,-0.04518697296458546,5.195187251221213,0.0,-1,-0.0023183413923295593
753.1,0.1031433708590157,-0.10799157930578424,-0.40786597562258464,0.0,-1,0.005178595140087561
757.0,0.2801542074777217,0.02300641910430723,9.717747282284108,0.0,-1,-0.0005944517833553764
756.55,0.30781344183060355,0.016888551152396347,8.21844560443126,0.0,-1,0.0038331901394488277
759.45,0.5376586055211874,0.08224457161432674,14.585141371886053,-0.176381039782882,-1,-0.001843439331094987
758.05,0.49110963690634435,0.011898534333161237,9.705048485406188,0.0,-1,-0.00237451355451479
756.25,0.2769093495234074,-0.06743391768325857,3.8881593879110383,0.0,-1,0.002776859504132201
758.35,0.32173342670489546,-0.00753661350059015,9.058802362333708,0.0,-1,0.0003296630843279136
758.6,0.3381676797368982,0.0029658798438041978,9.657181623178538,0.0,-1,0.0039546533087266855
761.6,0.5682041662748816,0.07766745546059584,16.236769864509142,-0.07423595413092698,-1,-0.0021008403361344463
760.0,0.5025387290208982,0.004000672735537503,10.399349602052986,0.0,-1,0.022828947368421115
777.35,1.873661116308881,0.4583743533411735,30.793532248277685,-9.04359990137118,-1,-0.006046182543255951
772.65,2.011417216927157,0.1987101513198164,19.95050154054158,-1.5511590941581517,-1,0.0021355076684139718
774.3,2.0501771658256303,0.07915670007276332,21.445341306201954,-0.6254070481006693,-1,0.00019372336303780102
774.45,1.911209043122767,-0.019937140876699955,21.588106519257337,0.0,-1,-0.0005810575246949501
774.0,1.6449575615110916,-0.09539620749612521,20.414596333573726,0.0,-1,-0.0009043927648579864
773.3,1.3164186905793258,-0.141311692809297,18.47452354757283,0.0,-1,-0.001357817147290774
772.25,0.9549476975652169,-0.16759422860780204,15.468208198040543,0.0,-1,-0.0077695046940757795
766.25,0.1946332262609758,-0.30930289997068106,1.1967757013093916,0.0,-1,0.006786296900489486
771.45,0.23158988842044437,-0.09078207927040416,9.663975192040418,0.0,-1,-0.0007777561734396699
770.85,0.1807690621318443,-0.047200968519668096,8.365736221076816,0.0,-1,-0.002659401958876706
768.8,-0.030538772856857577,-0.08616960116945666,3.91234564925459,0.0,-1,0.0005853277835587978
769.25,-0.09614779261312378,-0.050592873641907635,4.754371806559419,0.0,-1,-0.002469938251543735
767.35,-0.27927331977343783,-0.07790613360074058,0.43178342310882556,0.0,-1,0.002541213266436415
769.3,-0.18506330670584248,0.005434626488951599,4.525618849188163,0.0,-1,0.0017548420642141682
770.65,-0.010036357946546559,0.060153858416082506,7.242061214778317,0.0,-1,0.0009083241419580723
771.35,0.13664681292868863,0.06894567643043924,8.664642711092121,0.0,-1,-0.0029169637648278623
769.1,0.011101163955572702,-0.018866657514225567,2.434224334717946,0.0,-1,0.0009101547263032916
769.8,0.005736575806054134,-0.008077081887914712,4.1186430082929135,0.0,-1,0.0009742790335152129
770.55,0.06507623374750438,0.017087525351178516,5.974647488021965,0.0,-1,-0.0020115501914216294
769.0,-0.03984362342748682,-0.0292774439412709,1.217074503128437,0.0,-1,-0.0032509752925877766
766.5,-0.297316583396082,-0.09558346796995537,-5.553120378952215,0.0,-1,0.0023483365949119595
768.3,-0.2512766814306815,-0.01651452200151829,-0.24026150004512203,0.0,-1,-0.0020174411037354734
766.75,-0.3364836736620873,-0.03390717141097471,-4.4117357131335595,0.0,-1,0.0009781545484186527
767.5,-0.2885468636392261,0.004676546203962184,-2.0651022714685467,0.0,-1,-0.0031270358306189072
765.1,-0.4405328866578202,-0.049103158938210656,-8.438249804215516,0.0,-1,-0.00150307149392237
763.95,-0.5756481576123633,-0.06140614329758465,-11.185748363243029,0.28607849553804954,-1,-0.0034688134040187224
761.3,-0.8160684466218981,-0.10060881076903982,-16.80437329426873,1.6039449678895608,-1,0.0022330224615789707
763.0,-0.7266062205749222,-0.003715528240687993,-10.556135951111258,0.0,-1,0.011992136304062928
772.15,0.14117541082987373,0.288022034388036,11.16573974235714,0.0,-1,0.009195104578126001
779.25,1.1549682756296988,0.4339382997292871,20.338935269303263,-3.2193139592120588,-1,-0.002887391722810384
777.0,1.3781173517271554,0.21902912527558116,14.937802401400319,0.0,-1,-0.0003217503217503026
776.75,1.3540154437986303,0.06497573911568533,14.327979176002884,0.0,-1,-0.0018023817186997304
775.35,1.1124632028511314,-0.05885883394393776,10.776667616924108,0.0,-1,0.0005158960469464624
775.75,0.9323151488065378,-0.07966896266284373,11.452248517445895,0.0,-1,-0.0007734450531743375
775.15,0.7145481927170749,-0.0991453062507689,9.73739163740187,0.0,-1,-0.0007095400890150261
774.6,0.5002856986125153,-0.10446926678510948,8.086442067818489,0.0,-1,-0.0005163955589981839
774.2,0.31813064334244245,-0.09554144068506076,6.817549530324108,0.0,-1,-0.005424954792043413
770.0,-0.14945777123773496,-0.18770995175507943,-4.721899140965519,0.0,-1,-0.002272727272727315
768.25,-0.5166304975913363,-0.18496089270289356,-8.61332979513871,0.0,-1,-0.0027985681744223667
766.1,-0.836330985968857,-0.16822046036013805,-12.959044181458133,0.0,-1,0.002480093982508702
768.0,-0.7681536479935858,-0.0333477074616223,-7.074467907774654,0.0,-1,0.0035156250000001332
770.7,-0.44505217500648087,0.09658458850849416,0.265327973010713,0.0,-1,-0.00019462826002347722
770.55,-0.25891375726234855,0.09424100208420882,-0.13055030484392205,0.0,-1,0.00136266303289867
771.6,-0.05676840195178556,0.09879545246492394,2.762999706427891,0.0,-1,0.0019440124416796323
773.1,0.17403497586622052,0.10986627676097668,6.727596200255348,0.0,-1,-0.00019402405898327757
772.95,0.26243375011972603,0.06608835033816074,6.2034682875109795,0.0,-1,0.001487806455786167
774.1,0.3805969914030811,0.061417197207171925,9.39900394480513,0.0,-1,0.001614778452396326
775.35,0.5121288627611875,0.06431635618842613,12.687017337488356,0.0,-1,0.0016121751467079726
776.6,0.6393840598767611,0.06385718443466659,15.767332294660946,0.0,-1,0.008047901107391287
782.85,1.1705629867781226,0.19834537044534273,26.530948284831553,-1.698538271206985,-1,0.0008941687424155464
783.55,1.396938867997278,0.14157375055483268,27.414677593498183,-0.9585978215973228,-1,0.0014676791525749522
784.7,1.4895485696071091,0.0780611507215545,28.867247599329787,-0.5111199940309916,-1,-0.001975277175990886
783.15,1.2825577062781122,-0.04297657086914741,21.938372477096436,0.0,-1,-0.002043031347762292
781.55,0.9388491324237975,-0.12889504824115394,15.35304120331628,0.0,-1,0.0009596315015034662
782.3,0.7512574177945908,-0.10549558762345357,16.92975615951883,0.0,-1,-0.0031957049725169773
779.8,0.3865234423304855,-0.15674318769585294,7.275987465404967,0.0,-1,0.0016029751218260557
781.05,0.2761128344042163,-0.08905126520737405,10.445557880680155,0.0,-1,0.0004481147173676092
781.4,0.22706479424073223,-0.046033101790286024,11.337895862558348,0.0,-1,-0.0008318402866649421
780.75,0.12945204130562615,-0.0478819515751307,8.60951469315171,0.0,-1,0.00019212295869364127
780.9,0.0823579947292501,-0.03165866605050226,9.076267352862956,0.0,-1,0.0005762581636574726
781.35,0.08944780521369466,-0.008189618522019229,10.558835802652588,0.0,-1,0.0016637870352593787
782.65,0.1938720600213628,0.0320782120952163,14.667513255309274,0.0,-1,-0.0010860537916054236
781.8,0.15909484909013827,-0.0008996662786694143,10.117756756960802,0.0,-1,0.006011767715528249
786.5,0.5201150062002853,0.12004016361049258,22.154198901114768,0.0,-1,-0.000445009535918639
786.15,0.6281155009053236,0.07601355277184363,20.39629142875164,0.0,-1,0.0015900273484703575
787.4,0.7339394565158273,0.060612502794115786,23.006049828346136,0.0,-1,0.003048006096012079
789.8,0.9256898129447109,0.0841209530743331,27.279103654512767,-0.5448596827253596,-1,0.002089136490250887
791.45,1.0819241734137677,0.0801184378477966,29.730155671245896,-1.1357303663949097,-1,0.0025901825762839614
793.5,1.2407143391972113,0.07963620121041348,32.35748740382101,-1.691225426518372,-1,0.001260239445494582
794.5,1.300049893822461,0.04632391861188778,33.51557629615975,-0.8527732493799931,-1,-0.00018879798615478727
794.35,1.2088801799832254,-0.014948598409115998,32.6117766400578,0.0,-1,0.0052243973059733495
798.5,1.4083886413983464,0.06151995433533508,36.95238161397222,-1.0358373365949092,-1,-0.0008140262993111547
797.85,1.3366104853226943,-0.0034194005801055916,33.33219765857575,0.0,-1,-0.0012533684276493373
796.85,1.10600386684132,-0.07800867302049341,27.795536191835808,0.0,-1,0.007655142122105829
802.95,1.4068669020305151,0.07428478738956734,34.689968855300506,0.0,-1,-0.0007472445357743496
802.35,1.3900595111226721,0.019159132160574854,31.910407676748903,0.0,-1,-0.00479840468623427
798.5,0.944984189741831,-0.14197206307342203,16.378098083581733,0.0,-1,0.004007514088916864
801.7,0.9103645132395286,-0.05886391319190809,21.388615382139704,0.0,-1,0.00012473493825604365
801.8,0.8255242988851705,-0.04790137584875542,21.53590265374187,0.0,-1,0.00018707907208792562
801.95,0.7268105001340928,-0.048871724866611066,21.77804026805802,0.0,-1,0.003803229627782123
805.0,0.8710527257474041,0.0317901669155668,26.327633683286038,0.0,-1,0.01018633540372682
813.2,1.5539194447418367,0.23821896196999992,34.02207749826404,-1.5737419781704602,-1,-0.003320216428922884
810.5,1.5408595171771822,0.07505301146844845,25.09234169250486,0.0,-1,-0.0030845157310301907
808.0,1.1975912602968037,-0.08940508180397666,17.69100913808711,0.0,-1,0.009158415841584056
815.4,1.5428245268318506,0.08527606157702339,25.60044320173175,0.0,-1,0.003372577875889071
818.15,1.8160391161966345,0.11949688364726918,27.840412907858365,-0.44753059126117023,-1,0.004339057630019072
821.7,2.0971431511960645,0.13353363954889974,30.418823827277393,-1.1274459021684606,-1,-0.002008032128514192
820.05,1.925433239429367,-0.012725424072599356,25.86036063245423,0.0,-1,0.00018291567587347402
820.2,1.6916255135935216,-0.08217771663614815,25.99778912666399,0.0,-1,-0.002194586686174227
818.4,1.2837528578762658,-0.16335012411780125,20.635987203763847,0.0,-1,0.0019550342130987275
820.0,1.106170458527913,-0.113644174488718,22.54881499369735,0.0,-1,0.0
820.0,0.925198387309706,-0.09820541523564175,22.548814993697363,0.0,-1,0.0051219512195122
824.2,1.1076124860915115,0.028069561182054503,27.333826310940225,0.0,-1,-0.008917738413006582
816.85,0.49401849497473904,-0.19517480997823933,7.757681689304178,0.0,-1,0.00018363224582240711
817.0,0.15855329150178932,-0.1768800044837297,7.998772722052458,0.0,-1,0.0028151774785800665
819.3,0.16927458214013313,-0.05538623794846198,11.720883429976446,0.0,-1,0.003234468448675809
821.95,0.3813623456143205,0.052233841841908435,15.621149101756671,0.0,-1,0.0009732952126040306
822.75,0.5222926985501317,0.06438806492590654,16.7572852322336,0.0,-1,6.077180188390763e-05
822.8,0.5534001501388275,0.03183183883820073,16.833401494893195,0.0,-1,0.0005469129800681483
823.25,0.560337196754972,0.01292296181811503,17.575821982434732,0.0,-1,-0.0013969025204979557
822.1,0.42127762033351246,-0.04204553820111484,13.537316296389044,0.0,-1,-0.0004257389611969087
821.75,0.2874746970949218,-0.05861615381323515,12.278690784629035,0.0,-1,0.009126863401277774
829.25,0.8216170107176595,0.15850871993650084,24.367988300475545,-0.7164622552580795,-1,-0.006089840217063602
824.2,0.5993867499693124,-0.02124051360394874,9.985121562369613,0.0,-1,0.001577287066246047
825.5,0.5466560570977208,-0.02465706882518015,12.082645457498217,0.0,-1,-0.001756511205330158
824.05,0.35390270590369255,-0.07247014000640278,8.295576958190786,0.0,-1,-0.0008494630180206908
823.35,0.16970080481473815,-0.08555734703178575,6.448549874002396,0.0,-1,0.0016396429222080844
824.7,0.1759581205357108,-0.02643334377027104,9.217437845757402,0.0,-1,-0.0020613556444768477
823.0,0.022756935018151125,-0.05987817642927691,4.380008048156149,0.0,-1,-0.0011543134872418204
822.05,-0.13490673565877387,-0.07251394903540065,1.7548912134954264,0.0,-1,-0.004561766315917537
818.3,-0.5149963430257003,-0.15086785213410903,-7.288294262794473,0.0,-1,0.004338262251008196
821.85,-0.3662914514569593,-0.0007209868551226739,1.6060802835341406,0.0,-1,0.031088398126178696
847.4,1.8677519486154779,0.7444408044057718,28.41065802115608,-11.220922234020804,-1,0.0036582487609158054
850.5,3.087460986267047,0.6547166140191134,29.91072520280521,-8.211022880746782,-1,-0.008877131099353286
842.95,2.810860422903829,0.12603868355196512,17.26354259758108,0.0,-1,-0.007355121893350747
836.75,1.921655105980335,-0.25438887779050967,8.77584621017622,0.0,-1,0.001254855094114049
837.8,1.4044145220202608,-0.25720982058352804,9.731994642178812,0.0,-1,0.0009548818333731113
838.6,1.0954263532051982,-0.18873266313286363,10.50743270165848,0.0,-1,0.0008943477223943841
839.35,0.9121467393638341,-0.12400409232474252,11.284047585496218,0.0,-1,-0.002025376779650978
837.65,0.6028280374961241,-0.14444093139748415,8.392105277584726,0.0,-1,0.00023876320658988703
837.85,0.41459968343758646,-0.11088976181867394,8.647190774087889,0.0,-1,0.0014322372739750122
839.05,0.3859355327886078,-0.04651797082255088,10.270969088785762,0.0,-1,0.001728144925809083
840.5,0.46027549639836707,0.009273997595736105,12.26054968312966,0.0,-1,0.006067816775728652
845.6,0.884089186836718,0.14436256267802905,18.437625093410816,0.0,-1,-0.0013599810785240862
844.45,0.9264885998194359,0.062253991886915605,15.741666625037425,0.0,-1,0.002427615607792033
846.5,1.0413142563257907,0.05902654946442343,18.221196366309726,0.0,-1,0.0012994683992912925
847.6,1.1036175632185632,0.040443285452398614,19.535783619088406,0.0,-1,0.012446908919301558
858.15,1.9219677530634272,0.2862644917657542,28.85645122252531,0.0,-1,0.0004078541047602968
858.5,2.200145535230604,0.18814742464431022,29.09224776306263,0.0,-1,-0.0017472335468841083
857.0,2.0308889650449373,0.006296951486214564,25.103815214472107,0.0,-1,-0.0032088681446907907
854.25,1.5478532661983309,-0.15891291578679723,18.10760474653989,0.0,-1,-0.0014632718759145513
853.0,1.0731809779251762,-0.2111950680199839,15.047298150013233,0.0,-1,0.0023446658851113966
855.0,0.9130797522948342,-0.1237654312167753,17.632839049406584,0.0,-1,-0.0029239766081871066
852.5,0.5486058267885028,-0.16274645224103557,11.331646023334628,0.0,-1,-0.005102639296187705
848.15,-0.041848288197115835,-0.2510668557422181,1.970504027665001,0.0,-1,-0.005482520780522249
843.5,-0.7210879883401731,-0.3101021852950918,-6.0051645146240205,0.0,-1,-0.003556609365737984
840.5,-1.250617172716602,-0.2798771232238403,-10.365404478305095,0.0,-1,0.007138607971445499
846.5,-0.9111636671784709,0.019858794104763655,0.529891695829555,0.0,-1,0.00614294152392203
851.7,-0.23217327547786226,0.23294972860179075,7.854892478933969,0.0,-1,-0.0018198896324997937
850.15,-0.0024969733376565273,0.15420867691399884,5.150319574679571,0.0,-1,0.008998412044933124
857.8,0.7500492588438874,0.30225163636518093,14.301813296036656,0.0,-1,-0.00431335975751912
854.1,0.7554849366977123,0.10256243807300192,7.947546238721948,0.0,-1,0.001990399250673125
855.8,0.8369123642330578,0.061329955202782505,9.967137912785574,0.0,-1,-0.005141388174807138
851.4,0.441216714314578,-0.11145523157189907,2.6899842708123956,0.0,-1,-0.0014681700728211844
850.15,0.10243416316245657,-0.15007926090800683,0.7461201955100805,0.0,-1,-0.004705052049638336
846.15,-0.4088266260105229,-0.2204466833603288,-5.138507742130535,0.0,-1,-0.00017727353306151716
846.0,-0.6428881350960864,-0.15150273081529747,-5.354225197220217,0.0,-1,0.02511820330969261
867.25,1.064488454952425,0.5186246197444047,18.493185597910255,-3.1866177295061107,-1,-0.002594407610262306
865.0,1.6419693787307779,0.365368514507586,15.189134566273154,0.0,-1,-0.005491329479768825
860.25,1.3980457257256376,0.04048162050081516,8.562574709951534,0.0,-1,0.0008718395815170421
861.0,1.2220800887459973,-0.045161338826275044,9.288603847243195,0.0,-1,0.004645760743321681
865.0,1.3655905961940107,0.0327830562072462,13.118013363861145,0.0,-1,0.005202312138728349
869.5,1.698546633568526,0.1219130311939205,16.99828667255096,0.0,-1,-0.004025301897642275
866.0,1.4318124327916166,-0.04827372319432954,11.414463063633931,0.0,-1,-0.005773672055427226
861.0,0.7624609630039458,-0.2392083976606667,4.239157806876982,0.0,-1,-0.00923344947735194
853.05,-0.2982531854735271,-0.43330751537937995,-5.040745282662606,0.0,-1,-0.0012308774397749023
852.0,-0.891255827589589,-0.342103385831814,-6.141928776458791,0.0,-1,-0.002640845070422504
849.75,-1.3009858296817356,-0.2506111293079869,-8.55864283685667,0.0,-1,0.005119152691968276
854.1,-1.0349353449209957,0.00514645181758433,-2.360727471763397,0.0,-1,0.00011708230886320337
854.2,-0.8073321571306451,0.07758321320264494,-2.2195530483914254,0.0,-1,0.0033364551627252936
857.05,-0.3887528834745808,0.16538749561956978,1.8881998267519364,0.0,-1,-0.010209439355930217
848.3,-0.8762338396902578,-0.10736448686536904,-9.089804476293942,0.0,-1,0.0021218908405045145
850.1,-0.8969548311572453,-0.042695159444118835,-6.364096738299672,0.0,-1,0.0031760969297729424
852.8,-0.6075690909609648,0.08223019358405392,-2.340165289077518,0.0,-1,0.001289868667917471
853.9,-0.32057879661601874,0.12307349597633332,-0.7016279681639119,0.0,-1,0.00685091931139481
859.75,0.3371312502744104,0.2602611809555875,7.213357592234402,0.0,-1,-0.0009886594940390347
858.9,0.5670586695300699,0.16339620007041572,5.806868316776338,0.0,-1,-0.00017464198393291053
858.75,0.6222674900303673,0.07286834019023769,5.539156161418482,0.0,-1,0.00122270742358066
859.8,0.6855162761113434,0.045372375423737954,7.138363300522165,0.0,-1,0.0005233775296580312
860.25,0.6975143128092895,0.019123470707228085,7.86013665775446,0.0,-1,-0.0015111886079627324
858.95,0.5370538050907498,-0.047112345670437206,4.893001021144286,0.0,-1,-0.007392746958495899
852.6,-0.11709759919278895,-0.23375458331799204,-7.058512185650926,0.0,-1,-0.009383063570255645
844.6,-1.101081834735055,-0.4059129396200861,-17.08897694221948,0.34876174653936687,-1,-0.004143973478569762
841.1,-1.7929837996116476,-0.36593830149889306,-20.44489968568126,2.050930042184291,-1,0.0005944596361906473
841.6,-1.9478527987489542,-0.17360243354539984,-19.322864382998812,0.0,-1,-0.006119296577946742
836.45,-2.292132898421869,-0.17262751107277152,-24.05267980269727,1.9223243253119335,-1,0.0017335166477374653
837.9,-2.152428540056576,-0.010974384235826307,-20.64522231295417,0.0,-1,0.002148227712137629
839.7,-1.75320731586919,0.12941561331718643,-16.429128960428237,0.0,-1,0.005239966654757566
844.1,-1.0408294274531045,0.2805978339110906,-7.16333493069034,0.0,-1,-0.00041464281483238885
843.75,-0.6270713642906003,0.2314519656911983,-7.6849994428220185,0.0,-1,-0.002370370370370356
841.75,-0.5346030523518266,0.10797342587665737,-10.72199725352489,0.0,-1,0.0023760023760024396
843.75,-0.2771519753530356,0.12180816762514945,-6.237310046660156,0.0,-1,0.005629629629629651
848.5,0.27050289442570374,0.22315434580129628,2.9354693063085335,0.0,-1,-0.001767825574543358
847.0,0.3967884214462174,0.11647995760726998,0.06991650797152715,0.0,-1,0.0017709563164107767
848.5,0.5518654831693084,0.09051900644345368,2.9027108612595356,0.0,-1,-0.0027106658809663564
846.2,0.3917485571000725,-0.023199306541927422,-1.7601530900202889,0.0,-1,0.005495154809737723
850.85,0.6665443809737326,0.08386550577724428,6.794402292584699,0.0,-1,0.006287829817241519
856.2,1.1942302611628293,0.20385046198878032,14.330653443319008,0.0,-1,-0.0037374445223079533
853.0,1.0918873461604335,0.03383584899546155,7.647940187439197,0.0,-1,0.009378663540445586
861.0,1.6163919431459135,0.1861134819936472,17.132192478022347,-0.477694501410042,-1,-0.002206736353077776
859.1,1.5856115797097345,0.05177770618582267,13.386383394254572,0.0,-1,0.002095215923640925
860.9,1.5880870996825251,0.01808440871953776,15.417556237929787,0.0,-1,-0.004123591590196263
857.35,1.1611509346954563,-0.13628391875584378,8.326899207866532,0.0,-1,-0.003207558173441427
854.6,0.6217536076438819,-0.2252270819358061,3.349690014830955,0.0,-1,-0.0032178797098058043
851.85,0.07107547681448523,-0.25863507092173427,-1.2705642717286736,0.0,-1,0.003580442566179398
854.9,0.04398012166529952,-0.09524347535697333,3.673541111810131,0.0,-1,0.017487425429874914
869.85,1.272600767285212,0.3777923900876464,19.625827091418884,-2.7939627167415892,-1,-0.00390871989423458
866.45,1.4975276928214498,0.20090643854129486,14.052374974846359,0.0,-1,0.00017312020312765242
866.6,1.497697181187732,0.06702530896919234,14.19288041066315,0.0,-1,0.0007500576967458539
867.25,1.4271404936052932,-0.0011771262044155684,14.854296496055014,0.0,-1,0.0037474776592678616
870.5,1.5437671086802993,0.038483162956863604,18.125286047150652,0.0,-1,0.004595060310166543
874.5,1.8067664904943967,0.10049418159032042,21.724085873466223,0.0,-1,0.006174957118353364
879.9,2.2377023071935582,0.17714333276316063,25.81925894019284,-1.0418848138904195,-1,-0.002272985566541652
877.9,2.1000283566103235,0.013156460726642116,21.554576033605315,0.0,-1,0.005068914454949391
882.35,2.2270223516012493,0.046716818572522634,25.02722946147992,0.0,-1,-0.0044200147333823825
878.45,1.7799341531299433,-0.13345712663292786,17.055615297769606,0.0,-1,-0.0010814502817463323
877.5,1.32889554113342,-0.19483191287648371,15.181198401279161,0.0,-1,0.00039886039886050106
877.85,1.0218016067074132,-0.16730861576749678,15.575116062606284,0.0,-1,0.0025630802528906482
880.1,0.9706045056020685,-0.0728352389576139,18.14898744423671,0.0,-1,0.0021588455857288746
882.0,1.0224555795825836,-0.006994721659032921,20.23693947699286,0.0,-1,-0.009070294784580546
874.0,0.29650981827433043,-0.24431349432242877,3.752045849717099,0.0,-1,0.0010869565217392907
874.95,-0.012005547235958147,-0.1842762866109058,5.141227581159946,0.0,-1,0.00394308246185493
878.4,0.12223723227850769,-0.016677835698813315,9.990560348075242,0.0,-1,0.0058060109289617134
883.5,0.6041721860125335,0.15508570601173755,16.023415440078765,0.0,-1,-0.007413695529145392
876.95,0.2489586473784584,-0.06670927754077921,4.332495377657395,0.0,-1,0.0022236159416157975
878.9,0.21310532411325767,-0.03418753360199331,6.859393608265577,0.0,-1,-0.0004551143474798014
878.5,0.14408655213787824,-0.034402101859124234,6.15124769805486,0.0,-1,0.00011383039271484208
878.6,0.10590328680530092,-0.024195122397233843,6.302421105417068,0.0,-1,0.0013658092419757129
879.8,0.17798638023862168,0.01596265701202898,8.222839329988297,0.0,-1,0.0021595817231190306
881.7,0.3575290619353382,0.06516844623624851,11.221064029875706,0.0,-1,-0.0014177157763411996
880.45,0.31333964762245614,0.006993010641122177,8.169419859765817,0.0,-1,0.0015900959736498965
881.85,0.38179996983080855,0.025151110949824862,10.61265485799823,0.0,-1,-0.005726597493904917
876.8,-0.036619866550950064,-0.13108957514397793,-0.8849370758258743,0.0,-1,-0.0010834854014597495
875.85,-0.32194479586246416,-0.13880483481849737,-2.758038206122862,0.0,-1,-0.001769709425129995
874.3,-0.566945194196478,-0.1279350777175038,-5.813005515297107,0.0,-1,-0.01229555072629529
863.55,-1.5380332938469792,-0.36634105912266834,-20.50907720946104,5.7145083801631245,-1,0.0033582305598982565
866.45,-1.6537412358517258,-0.16068300037580507,-14.117200688650577,0.8662850690634514,-1,-0.0014426683593975476
865.2,-1.6779501038664648,-0.061630622796847945,-15.610275431603931,0.12936614595480478,-1,0.004103097549699397
868.75,-1.254392029218252,0.12064248395045496,-7.995371973966435,0.0,-1,0.0012086330935250356
869.8,-0.8505803227926663,0.17481806345868023,-5.864549454827873,0.0,-1,0.00022993791676251263
870.0,-0.5611261093471285,0.15475742563473938,-5.433502632687073,0.0,-1,-0.02678160919540229
846.7,-2.3113051601786765,-0.5318072083989362,-27.703194511141092,9.68745886027466,-1,-0.005255698594543556
842.25,-3.364619255579669,-0.5283737679333096,-29.840857957335782,7.503836171984517,-1,-0.003621252597209801
839.2,-3.865058031981789,-0.3429375147784768,-31.212565374631087,4.64606774689139,-1,0.0023832221163011535
841.2,-3.6265225841843858,-0.03480068899369115,-27.37649856648032,0.0,-1,-0.0023181169757490183
839.25,-3.36754464493697,0.07472575008457483,-28.477813261905176,0.0,-1,-0.0024426571343461045
837.2,-3.1282602882351966,0.1046700355954493,-29.635780122529496,0.0,-1,0.0002388915432391947
837.4,-2.7312630858647253,0.16722241265530702,-29.17400981769304,0.0,-1,0.0031048483401003857
840.0,-2.0884925608573894,0.2699976458875475,-23.055163801418217,0.0,-1,-5.952380952378711e-05
839.95,-1.597232918282316,0.2537524294875404,-23.09958599439177,0.0,-1,-0.0027977855824751208
837.6,-1.4143336871379688,0.1455505535439625,-25.23199641858447,0.0,-1,0.0002984718242597939
837.85,-1.1841895976375554,0.12523154768145872,-24.533613439102314,0.0,-1,0.002088679357880263
839.6,-0.8246017530842664,0.1616064640782492,-19.514554085309243,0.0,-1,-0.0033349213911386677
836.8,-0.8094243513838819,0.05892795525954453,-22.773917485817346,0.0,-1,-0.0007170172084128845
836.2,-0.7843836212516635,0.027989561797254314,-23.449781072607838,0.0,-1,0.008729968906959984
843.5,-0.09816462108130963,0.2380695206558694,-4.994449515471935,0.0,-1,-0.007528156490812066
837.15,-0.2760414025726732,0.020064246388168616,-13.788455400948088,0.0,-1,-0.0028668697366063256
834.75,-0.541976343104011,-0.08195689804772305,-16.53453162781362,0.0,-1,-0.0008385744234801207
834.05,-0.6881124514442263,-0.0760310021293128,-17.337248865523165,0.0,-1,-0.004915772435705179
829.95,-1.0455044679940784,-0.14447433955972167,-21.747522417025177,0.0,-1,-0.0018073377914332722
828.45,-1.2620751039361267,-0.12034832516725658,-23.217557950916255,1.088009052946859,-1,-6.035367252110735e-05
828.4,-1.2693541632457936,-0.04254246149230778,-23.269071512037154,0.24822896943089745,-1,-0.0004828585224528892
828.0,-1.2005475126301235,0.008754729707787456,-23.71840684004931,0.0,-1,-0.0029589371980677237
825.55,-1.2702652279365338,-0.020320995199540892,-26.416340691295613,0.06961697096051012,-1,0.00030282841741868793
825.8,-1.1784353165950279,0.023836305380654954,-25.53717293692637,0.0,-1,-0.0006660208282877056
825.25,-1.0801507512079525,0.040706956922576865,-26.20632858054006,0.0,-1,0.0009694032111480233
826.05,-0.8743292392471176,0.08217615629447061,-22.97999607494078,0.0,-1,-0.005084437988015167
821.85,-1.048557713329501,-0.030684105929304373,-28.331380221849724,0.0,-1,0.00018251505749211638
822.0,-1.03579214092656,-0.005972844508787878,-27.720556240587673,0.0,-1,0.006326034063260488
827.2,-0.5097600096478345,0.17335309558997924,-9.768244679286212,0.0,-1,0.0021155705996132035
828.95,-0.05843060987115223,0.20822749845555388,-5.016333481687788,0.0,-1,-0.0008444417636770396
828.25,0.11376997417312396,0.1268093608332767,-6.551618116871246,0.0,-1,-6.036824630240023e-05
828.2,0.18622276834753393,0.06642071833589556,-6.668989527560775,0.0,-1,-0.005010866940352687
824.05,-0.13890273192760105,-0.08623492731307983,-15.311020589651932,0.0,-1,-0.0024877131242035944
822.0,-0.4607235877377889,-0.1360185943744226,-18.73363272679746,0.0,-1,-0.0013990267639902854
820.85,-0.6790737166647887,-0.11812290776714085,-20.545079149632144,0.0,-1,-0.006273984284583034
815.7,-1.1608259714062115,-0.19995838750285455,-27.136248129152424,1.6464740418409747,-1,0.008152507049160151
822.35,-0.7507999344931022,0.07002254980341827,-8.389980173778305,0.0,-1,0.002492855839970831
824.4,-0.3123869214954311,0.16947852093369647,-3.902954201657529,0.0,-1,-0.0005458515283841558
823.95,-0.10464817153865624,0.1257390902968238,-4.751049986769935,0.0,-1,0.002123915286121658
825.7,0.15377521773461922,0.12805415985669977,-0.7190033446385939,0.0,-1,0.004783819789269561
829.65,0.5993389775601372,0.1912059732274059,7.188049590353884,0.0,-1,-0.0007834629060446963
829.0,0.7180092760095249,0.10329209055893118,5.603095606389829,0.0,-1,-0.0006031363088058184
828.5,0.675843652233425,0.02037548892761043,4.3164559403999405,0.0,-1,-0.0025950512975255746
826.35,0.41927386932593436,-0.07873143132662674,-1.0907724682337943,0.0,-1,-0.0026623101591335407
824.15,0.07271615542833842,-0.14176304840807424,-6.063662474350892,0.0,-1,0.0026694169750651753
826.35,0.07671095219382096,-0.045922750547530575,-0.37287603711028083,0.0,-1,-0.005385127367338316
821.9,-0.2985175621062126,-0.14038375494918806,-9.59136643784052,0.0,-1,0.00012166930283497024
822.0,-0.45292202241409996,-0.09826273841902511,-9.316252946358262,0.0,-1,0.0006690997566909385
822.55,-0.44654741736690085,-0.030629377790608647,-7.6886841401455115,0.0,-1,0.006017871254027085
827.5,0.0063521699373723095,0.14075673650455486,4.732256706898994,0.0,-1,-0.0019335347432024586
825.9,0.09893928276142105,0.07778128310953454,0.8037130037249725,0.0,-1,-0.002905920813657814
823.5,-0.06301210105675636,-0.028056700236214295,-4.624517032673772,0.0,-1,-0.0024893746205221223
821.45,-0.3095701178776835,-0.09153823901904715,-8.80221262190674,0.0,-1,0.002069511230141652
823.15,-0.2653849497984311,-0.01578435697993158,-4.2038987965794945,0.0,-1,0.0016400413047439333
824.5,-0.10867695327556248,0.04697454651431235,-0.7052510816495641,0.0,-1,0.0029714978775015055
826.95,0.18290012442548687,0.1128505414051206,5.134234346741749,0.0,-1,-0.0041114940443800485
823.55,0.03011365290728918,-0.013311976704359033,-3.180018087948575,0.0,-1,-0.001942808572642729
821.95,-0.18212238726073338,-0.07518267229079388,-6.601944643074326,0.0,-1,0.008333840257923164
828.8,0.29776979159362327,0.13490316885452094,8.00015255009371,0.0,-1,-0.0012065637065636903
827.8,0.42956839838802807,0.08890059188297528,5.670578417564606,0.0,-1,0.00012080212611742525
827.9,0.46800366858610687,0.04244528736035136,5.867531647967816,0.0,-1,-0.0039255948786085515
824.65,0.17738766463639877,-0.08272357219645227,-1.8565844612710407,0.0,-1,0.002243375977687423
826.5,0.17146402394189408,-0.029549070963652307,2.313374305607155,0.0,-1,0.0027223230490018846
828.75,0.3417135349328646,0.04690014667577275,6.98740710776611,0.0,-1,-0.002051282051282133
827.05,0.2566954958505221,-0.012705964135523273,2.6547288701479275,0.0,-1,-0.002176410132398221
825.25,0.042795184988449364,-0.07553542499919867,-1.6683232991017078,0.0,-1,-0.003332323538321691
822.5,-0.2968879025249862,-0.13840617083754475,-7.580367551274186,0.0,-1,0.017933130699088196
837.25,0.7871778789287873,0.31521987020540965,16.697142108656777,-4.280096842355647,-1,-0.006270528515974871
832.0,0.8261126130781804,0.11805153478493424,7.165109559786806,0.0,-1,0.0005408653846155076
832.45,0.814237262396432,0.035392061367728656,7.7403048902247065,0.0,-1,-0.009309868460568249
824.7,0.09461314852251235,-0.22807735083539704,-4.063505418382199,0.0,-1,-0.00048502485752410784
824.3,-0.30641667079123636,-0.20970239004971528,-4.595803526365302,0.0,-1,-0.009341259250272849
816.6,-1.1230635245489111,-0.34211641460246345,-13.613998639670903,0.9418860173744861,-1,-0.0012858192505511568
815.55,-1.5252983243819926,-0.24811707147851503,-14.677008217806424,0.45218881504024466,-1,0.0008583164735456172
816.25,-1.540974197266678,-0.08793098145440004,-13.307007289570336,0.0,-1,-0.003246554364471632
813.6,-1.6412309506034717,-0.062729244930398,-16.308876441371325,0.0,-1,-0.004117502458210409
810.25,-1.8337567480549524,-0.08508501412729297,-19.78135830524481,0.24066251564590857,-1,-0.017587164455414972
796.0,-2.9647065844427516,-0.40534495017169725,-29.680002130888397,8.268766278525959,-1,0.007726130653266328
802.15,-2.770622620599738,-0.07042032877622795,-18.86305329981176,0.0,-1,0.0037399488873652853
805.15,-2.1926954202949673,0.16916895717618097,-14.143390411296544,0.0,-1,-0.0034155126373968114
802.4,-1.9501738684513157,0.1372301696732774,-16.483077454209415,0.0,-1,-0.0019317048853438878
800.85,-1.7955652701584768,0.09727958932203884,-17.798953637467157,0.0,-1,0.0034962851969781994
803.65,-1.3352971984988926,0.18584922032720774,-12.846548706874735,0.0,-1,0.0016798357493934546
805.0,-0.8813883961274769,0.21325267423287442,-10.479880859454795,0.0,-1,0.011863354037267015
814.55,0.21484837140212676,0.43649648058749274,3.333210777132919,0.0,-1,-0.0009207537904364349
813.8,0.6825627242167229,0.3014036111340297,2.291078263781465,0.0,-1,0.0011673629884492165
814.75,0.9387063402726881,0.18584907572999831,3.5679947322703285,0.0,-1,0.0011046333231052863
815.65,1.0635526199446304,0.10356511846731353,4.840297163574384,0.0,-1,0.0
815.65,1.0373463747852156,0.025786291102632974,4.840297163574391,0.0,-1,0.0014099184699318812
816.8,1.0336310543067384,0.007356990208051917,6.711478933492764,0.0,-1,0.0017752203721841386
818.25,1.0664708062085992,0.01339891403663751,9.086457213522216,0.0,-1,-0.005560647723800716
813.7,0.6148514483088547,-0.14607348128770237,-0.4011993120513111,0.0,-1,0.0009217156200074239
814.45,0.40030414866657793,-0.12020692697665969,1.0386973483751518,0.0,-1,-0.0002455644913745836
814.25,0.24300515312313564,-0.09250197417336736,0.6102913784191344,0.0,-1,-0.0010439054344488774
813.4,0.07327189259126499,-0.08741174490174602,-1.3192735800293534,0.0,-1,-0.0056552741578559385
808.8,-0.40103406205741976,-0.187239233183477,-10.398155651291383,0.0,-1,-0.00018545994065277682
808.65,-0.6172675342102139,-0.134490901778757,-10.663956837331156,0.0,-1,-0.0024114264514931705
806.7,-0.8364453091023734,-0.1178895588903055,-14.140492329879145,0.0,-1,0.005950167348456548
811.5,-0.4763304207899637,0.08074177647403469,-1.654379358060666,0.0,-1,-0.004744300677757218
807.65,-0.5774121082345118,-0.006779970323504525,-8.801811963828243,0.0,-1,-0.006747972512845868
802.2,-1.034001942937266,-0.15445660167541952,-16.574396433670948,0.0,-1,-0.004238344552480844
798.8,-1.4594633650439164,-0.19330600792735675,-20.440113011241618,1.2915654404683892,-1,-0.005696044066099137
794.25,-1.9297387956769398,-0.22119381285346007,-24.77750579653811,3.405445173634689,-1,-0.0046584828454517835
790.55,-2.3123982780202823,-0.2012844317322675,-27.73002980124717,3.7304197264672894,-1,-0.002593131364239998
788.5,-2.481861496023612,-0.12358254991186568,-29.22700353786101,1.9979954335373122,-1,0.009258084971464742
795.8,-1.7514379803566271,0.20228032191837308,-12.582406242440271,0.0,-1,0.007162603669263801
801.5,-0.7652730574933457,0.3961484149272183,-2.9342127207553546,0.0,-1,-0.007860262008733576
795.2,-0.7334178412706933,0.14266787704995687,-10.426601158013966,0.0,-1,0.006539235412474698
800.4,-0.22303874638669186,0.21768232397798615,-2.728545702241867,0.0,-1,0.010432283858071045
808.75,0.7465706965874688,0.3957639223173823,7.036845613425427,0.0,-1,0.00358578052550218
811.65,1.4108278600256199,0.35334036191851115,9.902539140389997,0.0,-1,-0.0021561017680034045
809.9,1.4795541200759317,0.14068887398960772,7.338201594248716,0.0,-1,-0.0004938881343375945
809.5,1.3572877400947618,0.006140831336145958,6.721525244095808,0.0,-1,-0.0065472513897466555
804.2,0.7413805717629884,-0.20325544566520914,-1.0319962426560707,0.0,-1,0.008952996766973254
811.4,0.9716452732834568,0.00900308528508642,7.696534699558491,0.0,-1,0.000924328321419754
812.15,1.0683071846034409,0.03522166553502348,8.517731696102395,0.0,-1,0.00018469494551487387
812.3,1.040112541546364,0.00234234082598217,8.695908828475375,0.0,-1,0.0021543764618983108
814.05,1.0851725082223993,0.01580076916733919,10.874395036473572,0.0,-1,0.005343652109821351
818.4,1.3797714492085333,0.10346657005115767,15.849152664276176,0.0,-1,-0.008919843597262944
811.1,0.8037566322675502,-0.15751608229660852,3.229336996011021,0.0,-1,0.006595980766859855
816.45,0.8946028377747552,-0.022223292263134464,9.543044152325443,0.0,-1,-0.004838018249739728
812.5,0.5363090373805335,-0.1268390308857854,3.606555835219595,0.0,-1,0.00012307692307689244
812.6,0.3208030507350941,-0.11411500584374162,3.736303427979017,0.0,-1,0.0006768397735663623
813.15,0.23214980318437028,-0.06758941779815514,4.513701521032424,0.0,-1,-0.002705527885383918
810.95,-0.014855970856274325,-0.1048650639462666,0.7253873056208064,0.0,-1,0.0020346507182933404
812.6,0.0003791396947008252,-0.02987665113176382,3.4227122643183634,0.0,-1,0.012183115924193855
822.5,0.8329650999957039,0.2675697697230798,15.875888724821934,0.0,-1,0.004255319148936065
826.0,1.4715109884798494,0.30203855273574187,19.1191743043656,-2.355207874054713,-1,-0.0003631961259079608
825.7,1.6431580170152529,0.15789519375704852,18.499134420609593,-0.8430345931252532,-1,-0.003693835533486789
822.65,1.3378850298649922,-0.04912593113107078,12.196486965303322,0.0,-1,0.0014587005409347764
823.85,1.1737581171345255,-0.07108428128717925,13.658268411369704,0.0,-1,-0.012987801177398839
813.15,0.10221481767473506,-0.38087586024898995,-3.974157104901984,0.0,-1,-0.0011682961323248309
812.2,-0.5212414001947536,-0.33477735937282627,-5.198346458650754,0.0,-1,0.0030164983994089845
814.65,-0.5853660591131984,-0.13296733943042371,-1.2892769414259604,0.0,-1,-6.137605106482091e-05
814.6,-0.572814550313069,-0.040138610210098125,-1.3673743195612573,0.0,-1,0.0023324330959979545
816.5,-0.36047091672026,0.05740167446090366,1.8894426563284554,0.0,-1,-0.003674219228413933
813.5,-0.4742598568637959,-0.018795755227544064,-3.3045969695652957,0.0,-1,0.0017824216349109356
814.95,-0.37079933886354866,0.028221587590901043,-0.5853108028516942,0.0,-1,0.0056445180685931184
819.55,0.09516419837507328,0.16472837494317433,7.1245458379413975,0.0,-1,-0.00433164541516684
816.0,0.024382283796626325,0.03131548678824246,0.5217445061098758,0.0,-1,-0.004227941176470629
812.55,-0.3005405304758142,-0.09786910916139938,-5.084246449236382,0.0,-1,0.0008614854470494482
813.25,-0.3796235600722184,-0.05898404625260123,-3.73991165833003,0.0,-1,0.0015370427297878297
814.5,-0.28336311153123006,0.012425467429462378,-1.2578646689846735,0.0,-1,-0.007120933087783832
808.7,-0.6949526279663587,-0.13305468300188872,-10.632011421701336,0.0,-1,-0.004204278471621192
805.3,-1.1261680005201242,-0.18809001851855145,-15.01452603503072,0.0,-1,-0.00533962498447782
801.0,-1.606261686753669,-0.222727901584032,-19.74706963496914,1.5832128000422472,-1,0.0027465667915107517
803.2,-1.5291200559743174,-0.04852875693489356,-14.766606603936232,0.0,-1,0.006660856573704965
808.55,-0.917289235920066,0.1877673543731193,-4.291384023009229,0.0,-1,0.007791725929132465
814.85,-0.00993305623296692,0.3650411780200728,5.191073647994116,0.0,-1,0.008897343069276475
822.1,1.048739454963311,0.4745712297387835,13.371317422963472,0.0,-1,-0.009852815959129124
814.0,0.8156807559812478,0.08050417691890677,1.6631902389767887,0.0,-1,0.007493857493857448
820.1,1.1395113434916766,0.13477825480977845,8.135288537787488,0.0,-1,0.00298744055602973
822.55,1.410634025289255,0.1353003122024523,10.49578983916399,0.0,-1,0.0009117986748525819
823.3,1.491142530747311,0.07193627255350266,11.239154738803101,0.0,-1,0.0034009474067777656
826.1,1.6404682392474115,0.07375399368453439,14.04565032761586,0.0,-1,-0.005507807771456319
821.55,1.19925874022681,-0.12248516844535562,6.64087426786346,0.0,-1,0.0037733552431380435
824.65,1.1370490956976482,-0.06156493765817239,10.130441005203458,0.0,-1,-0.002970957375856287
822.2,0.8070235154582406,-0.13053017263252664,6.1613555064099685,0.0,-1,-0.000668936998297287
821.65,0.528925432383744,-0.1362094185690077,5.251661149717812,0.0,-1,-0.007119819874642497
815.8,-0.14170072851879922,-0.2689451931571837,-3.625735433566909,0.0,-1,-0.0036160823731306024
812.85,-0.7110387482601936,-0.2794277376328594,-7.455785346333791,0.0,-1,-0.002398966599003516
810.9,-1.0989545291091645,-0.22244783949394342,-9.888897264550508,0.0,-1,0.0005549389567147678
811.35,-1.1638328754412441,-0.09577539527534107,-9.023369573242817,0.0,-1,0.001479016454057902
812.55,-0.9992859756538337,0.022923834837356383,-6.599691480734641,0.0,-1,-0.003138268414251355
810.0,-1.0462386944557238,-0.008009627988177836,-10.435629837533206,0.0,-1,0.004876543209876516
813.95,-0.6533618293186692,0.1282890790496256,-2.455910157321213,0.0,-1,0.00669574298175557
819.4,0.0516900890264651,0.27778033246491995,6.374686369860392,0.0,-1,0.0007322431047107614
820.0,0.4499085407801431,0.22533292807286603,7.254912118047649,0.0,-1,0.009939024390243967
828.15,1.29069205492533,0.35537214740601775,17.233153429484943,0.0,-1,0.0010263841091588954
829.0,1.674359474087396,0.24634652218936126,18.096189897591202,0.0,-1,0.003015681544028981
831.5,1.9349965608278126,0.1689945363099259,20.624650097099533,0.0,-1,0.010102224894768419
839.9,2.6040653907957676,0.27935445542596016,27.33167321027301,-3.3670410132266397,-1,-0.0002976544826764904
839.65,2.700761023213431,0.12535002928120775,26.752170285211903,-0.1510378866804558,-1,-0.0035133686655153262
836.7,2.278212087487759,-0.0990663021481546,19.885808001323696,0.0,-1,-0.0005975857535556184
836.2,1.8354199456675815,-0.18061948132277728,18.727898564739434,0.0,-1,0.0027505381487682445
838.5,1.6527388792852662,-0.12110018256836419,21.1693876729678,0.0,-1,-0.016457960644007064
824.7,0.27367010615364507,-0.5000563185666619,-3.192904927180493,0.0,-1,0.0030920334667150495
827.25,-0.2261701225916113,-0.3332988491039728,0.3000986992868917,0.0,-1,0.0009066183136898776
828.0,-0.3947427267482908,-0.16729048442021746,1.3442373823088118,0.0,-1,-0.007910628019323629
821.45,-0.9919671349309738,-0.2548382975343002,-7.350461113681064,0.0,-1,0.0012173595471423049
822.45,-1.1245820777779727,-0.12915108012709975,-5.749001098592053,0.0,-1,-0.0005471457231442933
822.0,-1.13467437605334,-0.04641445946748912,-6.358328302403123,0.0,-1,-0.009428223844282213
814.25,-1.6909976605198835,-0.20091258131134415,-15.45959090663186,0.0,-1,-0.010746085354620849
805.5,-2.557409497709955,-0.35577480616713864,-22.622087649046733,0.0,-1,0.0022346368715082665
807.3,-2.627497958162394,-0.14195442220652588,-19.335721545521295,0.0,-1,0.0022296544035675936
809.1,-2.2935840252084745,0.0639865035824645,-16.016347483740788,0.0,-1,0.004078605858361062
812.4,-1.6604950566307934,0.23235849072004844,-10.150419307556078,0.0,-1,-6.15460364351561e-05
812.35,-1.2097426509560592,0.22770363213159417,-10.209940742105395,0.0,-1,-0.0006770480704131332
811.8,-0.929387893872331,0.16935279640510736,-10.923315144758291,0.0,-1,-0.00591278640059123
807.0,-1.1117615241745398,-0.0043402779657004675,-16.710714462337457,0.0,-1,0.0011771995043370342
807.95,-1.0311348789776957,0.02542878907704793,-14.60653844012625,0.0,-1,-0.0022897456525775572
806.1,-1.0590603164645245,-0.0008322161365936775,-16.867758879399645,0.0,-1,0.0014886490509862238
807.3,-0.8847680088358629,0.057820030497355956,-13.924333180518012,0.0,-1,0.010033444816053505
815.4,-0.04889118761855116,0.29789895057155596,1.9416346033570449,0.0,-1,-0.006561196958547955
810.05,-0.07271184470835124,0.09135943116058531,-6.061682710678248,0.0,-1,-0.0019751867168692483
808.45,-0.21189618619416706,-0.015941636775076845,-8.201791180644463,0.0,-1,-0.0017935555692993876
807.0,-0.3846636747542789,-0.06290304177839623,-10.15595641115987,0.0,-1,0.0030359355638167607
809.45,-0.23482544613807477,0.028978395612602625,-5.301957369195456,0.0,-1,-0.001667799122861191
808.1,-0.2528375446518112,0.0036554323662887356,-7.406185213319901,0.0,-1,0.0026605618116568586
810.25,-0.06160713185431632,0.06496194838792788,-2.9917541836065737,0.0,-1,-0.0009256402344954839
809.5,-0.023357997801099373,0.03440369414704828,-4.352306299974487,0.0,-1,0.00364422483014204
812.45,0.24354640237561398,0.10043603144125388,1.750782071365542,0.0,-1,0.0006769647362914188
813.0,0.40253640226603693,0.0864753437772256,2.8475977970874737,0.0,-1,-0.011808118081180874
803.4,-0.3515132979775899,-0.22252478548880048,-13.322409652288187,0.30709629015643714,-1,-0.0023649489668906565
801.5,-0.8575787066013163,-0.242863398037509,-15.634712973299138,0.9560782306820101,-1,0.002744853399875291
803.7,-0.8558131853631039,-0.08036595893309884,-10.71052559577899,0.0,-1,0.0016175189747418273
805.0,-0.6752793259637428,0.03338930015542074,-7.860421418485167,0.0,-1,0.004844720496894439
808.9,-0.20373911910041897,0.1683098356729149,-0.031233806803840025,0.0,-1,0.004635925330696011
812.65,0.36150924425635367,0.24451939967656255,6.287942951630399,0.0,-1,0.0009229065403311143
813.4,0.6765076555799396,0.18650593700004953,7.481343705572421,0.0,-1,0.0031349889353331495
815.95,0.9901312232767623,0.1667098348989574,11.456652766323508,0.0,-1,-0.003615417611373295
813.0,0.8185987385188582,-0.001607549952982179,4.863214512978118,0.0,-1,-0.0026445264452644723
810.85,0.48544926792999377,-0.11158567351394888,0.47773734119819267,0.0,-1,-0.0003699821175310314
810.55,0.25342042697468514,-0.11453817148975254,-0.14017467781960136,0.0,-1,0.003824563567947692
813.65,0.37462097091588475,0.002220790817149043,6.0385232794983565,0.0,-1,-0.0014748356172801236
812.45,0.3040028286435472,-0.022799117151729498,3.217894986947165,0.0,-1,0.0009231337313064802
813.2,0.3058601884537211,-0.006980585780518522,4.797888857795904,0.0,-1,0.005164781111657524
817.4,0.6313005193210302,0.10615324836226347,12.647390846994192,0.0,-1,0.003731343283582156
820.45,0.9955789748112238,0.15681056795081905,17.23792130935695,0.0,-1,0.0024376866353830184
822.45,1.26141995465548,0.14088384926502506,19.93042818444188,0.0,-1,-0.002918110523436157
820.05,1.0892221150229489,-0.01043799678916879,13.024335769512405,0.0,-1,0.000731662703493674
820.65,0.9623546856214489,-0.04576847539688966,14.0115841446964,0.0,-1,-0.0007311277645768444
820.05,0.7687247471188812,-0.07979947129981912,12.167291310093333,0.0,-1,-0.0018901286506919357
818.5,0.47868271560776066,-0.12328050093697984,7.4187221743640706,0.0,-1,-0.0019547953573610943
816.9,0.1604381402181616,-0.14717502544219296,2.793554334234429,0.0,-1,0.0044069041498346895
820.5,0.28794600750518384,-0.006555719385056891,10.706447124365184,0.0,-1,0.004265691651432091
824.0,0.619371107189977,0.10828979343324541,16.730670441067033,0.0,-1,-0.0008495145631068901
823.3,0.6751360647665479,0.05468491700327205,14.532086961376763,0.0,-1,-0.0007895056480019536
822.65,0.5925905381576513,-0.009286869868541547,12.410560928846301,0.0,-1,-0.003525192973925728
819.75,0.2602685633399915,-0.11386961489540048,3.664683976548197,0.0,-1,-0.00036596523330278963
819.45,0.04741852898621346,-0.10890654974972619,2.8139868279434737,0.0,-1,-0.004820306303008115
815.5,-0.3921246989395968,-0.1828165925585122,-7.1283771086179755,0.0,-1,-0.0022685469037400097
813.65,-0.7333859213241567,-0.174692604981024,-10.95357657361312,0.0,-1,0.005100473176427256
817.8,-0.49706770573936865,0.02054187020125464,0.13579468613331613,0.0,-1,0.0040963560772804275
821.15,-0.058319622468729904,0.15309665115729781,7.131066711085509,0.0,-1,-0.005114778055166469
816.95,-0.18408561229432507,0.00911022044390089,-2.208529008148332,0.0,-1,0.005508293041189827
821.45,0.14337186048408057,0.11218923107410221,6.296776691080929,0.0,-1,0.0006695477509282011
822.0,0.3409862751661876,0.10326788191873643,7.242722338155325,0.0,-1,0.02372262773722622
841.5,2.036377959576839,0.5995531887764627,26.92129420123824,-9.53209527256729,-1,0.0032679738562091387
844.25,2.943542305150686,0.5022391781167697,28.473710790032655,-7.036234264818972,-1,0.005863192182410382
849.2,3.5643292858418363,0.37434205293597334,31.026289224515722,-6.314173457861557,-1,-0.005181347150259197
844.8,3.2110286690337944,0.007013812042643952,22.5316935696829,0.0,-1,-0.009706439393939337
836.6,2.0834593048770103,-0.3735185173713802,9.594462506483211,0.0,-1,-0.0066339947406168776
831.05,0.8835530140588617,-0.5244749360631764,2.5460657454032827,0.0,-1,-0.005775825762589393
826.25,-0.19002954918846626,-0.5326858331035015,-2.8165854191568656,0.0,-1,0.0020574886535553727
827.95,-0.5693183683797542,-0.30399155076492984,-0.7773175727481743,0.0,-1,-0.0031402862491696215
825.35,-0.9281862472770399,-0.22095314322073856,-3.808079920530801,0.0,-1,0.0009087053977101522
826.1,-0.967771332785901,-0.08684607624319984,-2.7667405690663642,0.0,-1,6.052536012579601e-05
826.15,-0.9027495978082243,-0.007274780421841043,-2.691205409525111,0.0,-1,0.0007867820613689513
826.8,-0.7408429305020263,0.05154396229478564,-1.6237752082787225,0.0,-1,0.002177068214804123
828.6,-0.44815268597369595,0.11474473560770537,1.405279254721961,0.0,-1,-0.0015085686700458956
827.35,-0.36862817321173225,0.06475641612322303,-0.8212568649921295,0.0,-1,0.004774279325557407
831.3,0.031019764270240557,0.15480145120173194,5.887315153851034,0.0,-1,-0.008360399374473637
824.35,-0.35090791401137267,-0.07570874235996045,-5.5767828838571205,0.0,-1,-0.0012130769697337174
823.35,-0.5959627603178888,-0.10692119622215884,-6.987355584938975,0.0,-1,0.00024291006254917313
823.55,-0.6521599534446523,-0.05437279644964077,-6.588057031724759,0.0,-1,-0.00261064901948882
821.4,-0.8050785538875971,-0.06909713229752856,-9.940708805931543,0.0,-1,-0.0020087655222790213
819.75,-0.9519479746184061,-0.07198885100944585,-12.415780237425572,0.0,-1,0.0033546813052760527
822.5,-0.7168870204324094,0.054357367725516914,-6.0075607873517,0.0,-1,-0.010820668693009128
813.6,-1.2812826249700038,-0.1700127456040259,-17.86989029861634,0.0,-1,-0.004056047197640189
810.3,-1.7317068751578972,-0.20681233193063986,-21.08234116889558,0.8940278198782607,-1,-0.0024065161051461947
808.35,-1.9751100939887465,-0.15007185025382963,-22.863706423712333,1.901763062904024,-1,0.0028453021587182548
810.65,-1.7405525289050274,0.0281619049432964,-17.42075829369592,0.0,-1,-0.0020970825880465283
808.95,-1.6198943689544194,0.049606688297968216,-19.303906992488262,0.0,-1,0.00018542555164091645
809.1,-1.4120740915661827,0.08580898856206831,-18.91338360748635,0.0,-1,-0.0006179705846002248
808.6,-1.232157778575015,0.08857510051774531,-19.548902566675114,0.0,-1,0.0030299282710857245
811.05,-0.835353140531538,0.16179324618707414,-12.583178824592657,0.0,-1,0.005671660193576233
815.65,-0.18400472646544586,0.2710472200843888,-1.7669105614943135,0.0,-1,0.0003065040152026022
815.9,0.1778365411064442,0.2109628292187597,-1.2322198097711308,0.0,-1,0.0035543571516116756
818.8,0.5856041298001173,0.20624347263747767,4.7868657790112294,0.0,-1,-0.0021372740595994033
817.05,0.5948542466636582,0.07183119650033953,0.7862142271340105,0.0,-1,0.0029985924973991995
819.5,0.7540747845401938,0.07701724479229177,5.806186055117948,0.0,-1,-0.0025015253203172216
817.45,0.6000121547667732,-0.025681794993709595,0.9723244575447367,0.0,-1,-0.002630130283197807
815.3,0.29381316031617644,-0.11062692981476879,-3.7009964340202117,0.0,-1,-0.006255366122899453
810.2,-0.30877076693548133,-0.2377369523554755,-12.711603952509236,0.0,-1,-0.002838805233275843
807.9,-0.7759984999833023,-0.23498822846776546,-16.024886657878803,0.0,-1,-0.008850105211040904
800.75,-1.5407791581753827,-0.33325629555328207,-24.003611750127014,1.6352828536907964,-1,0.007680299719013295
806.9,-1.2822712240900955,-0.02491612048933156,-10.438769036704201,0.0,-1,-0.009790556450613441
799.0,-1.70449465503998,-0.14904651714640527,-18.642519972445303,1.2164626084194197,-1,-0.002252816020025028
797.2,-1.9235651492615489,-0.12270567045599146,-20.20662282978649,0.6084478390988579,-1,0.002257902659307476
799.0,-1.7228033006006171,0.026018726068313347,-16.519958352968807,0.0,-1,0.0043178973717146185
802.45,-1.1913554345533157,0.18582219737187167,-9.8292351526417,0.0,-1,-0.0006230917814193937
801.95,-0.8680185486502978,0.16971969442496326,-10.469503109911543,0.0,-1,0.0004987842134795972
802.35,-0.6006818933112754,0.1456854499213286,-9.624757832097359,0.0,-1,-0.0066055960615691856
797.05,-0.8586234078658208,-0.037418688211072304,-16.51208679618786,0.0,-1,0.005018505739915913
801.05,-0.5827088811543035,0.0794986128334817,-8.188433795540831,0.0,-1,0.002683977279820393
803.2,-0.2170258777023264,0.14839387209515298,-4.141902837758309,0.0,-1,0.03436254980079667
830.8,2.2839011138322576,0.8831069545432457,22.81916553608208,-3.7881314199397593,-1,-0.005296100144439042
826.4,2.977372850113511,0.5255262302748331,16.916628520394326,0.0,-1,0.007502420135527599
832.6,3.592660980744654,0.38027145363532533,20.642353257583125,-0.6764252109668405,-1,-0.0018616382416527522
831.05,3.4717499643314795,0.08645347907405032,18.499531228063233,0.0,-1,-0.00012032970338715643
830.95,3.1136486257639717,-0.09054928649781901,18.350906519627642,0.0,-1,0.00517479992779335
835.25,3.033460570999864,-0.056912447087309026,21.32362394789328,0.0,-1,-0.0014965579167913745
834.0,2.6364114960344978,-0.15132050735089164,19.22349986513558,0.0,-1,0.0055755395683452225
838.65,2.6056860005488716,-0.0606820009455058,22.562774761263398,0.0,-1,0.006021582304894801
843.7,2.794016086093734,0.042549361533118724,25.73916984330498,0.0,-1,0.0014815692781795509
844.95,2.7595131216917252,0.002682132377036517,26.487793988512294,0.0,-1,-0.02621456890940299
822.8,0.6664688793497362,-0.6967873699883176,-2.419539049412357,0.0,-1,0.0021268838113757127
824.55,-0.289758981767136,-0.5510050770350633,-0.7362598825354638,0.0,-1,0.0003031956824934845
824.8,-0.7228929971782918,-0.3280463641487397,-0.4789640011229679,0.0,-1,-0.0004243452958291316
824.45,-0.9083855884522336,-0.17117965180756056,-0.8665580500264696,0.0,-1,0.004245254412032162
827.95,-0.6337664183848801,0.034479839419930935,3.2031347808268578,0.0,-1,-0.005012379974636216
823.8,-0.789476298485738,-0.04041001356030893,-1.8700664016774837,0.0,-1,0.0014566642388929019
825.0,-0.7015415469957134,0.015841579309905263,-0.3281994630927514,0.0,-1,-0.005878787878787928
820.15,-1.003279042334384,-0.0952986386762551,-6.177990634264148,0.0,-1,-0.009266597573614588
812.55,-1.7038745364759507,-0.26529804427260717,-13.63469661567683,0.0,-1,0.006091932804135114
817.5,-1.49968273884042,-0.0203687488790254,-6.6577821426854555,0.0,-1,-0.001529051987767538
816.25,-1.3767799451192104,0.0341780149473947,-7.95133430147704,0.0,-1,-0.0017764165390505848
814.8,-1.3214302194986658,0.029842580189313184,-9.508905162823645,0.0,-1,0.004172803141875514
818.2,-0.900302838396783,0.15032332043039864,-4.271283845631402,0.0,-1,0.005072109508677647
822.35,-0.26888057797953024,0.2605818602825505,1.516029339998994,0.0,-1,-0.019030826290508895
806.7,-1.2349293996059032,-0.23515565378127423,-14.393565319086548,0.0,-1,-0.0014875418371141924
805.5,-1.7150430271185542,-0.23842309376464166,-15.30639664762915,0.0,-1,-0.0027312228429547947
803.3,-1.9955129219483752,-0.17296432953148755,-17.028275661605313,0.0,-1,-0.000622432466077405
802.8,-2.0111217925342544,-0.0628577333724556,-17.436398101894113,0.0,-1,0.004359740906826115
806.3,-1.5596660784493679,0.1295326602374769,-11.514239870662315,0.0,-1,0.008619620488651947
813.25,-0.6247993815361497,0.3547997857168984,-1.5299031691643847,0.0,-1,-0.00030740854595756595
813.0,-0.12613275128478563,0.28448880532275417,-1.8423109838934195,0.0,-1,0.02915129151291529
836.7,2.1087116264479846,0.8397777276851748,19.12149394771629,-1.745423182629338,-1,-0.0046014103023783726
832.85,2.729574513110265,0.48688020478248495,14.419591669435718,0.0,-1,-0.0061235516599628115
827.75,2.387541413682243,0.04828236845148748,8.556796402826684,0.0,-1,0.006946541830262776
833.5,2.49672974616135,0.05249023364353134,12.79816732907448,0.0,-1,-0.0011997600479903836
832.5,2.259929766887467,-0.06143658187678369,11.58034289223744,0.0,-1,-0.0018618618618617688
830.95,1.8240356300099165,-0.1657769062514447,9.590122456536477,0.0,-1,-0.0010229255671220239
830.1,1.383252259070332,-0.20218675906367634,8.43929876849748,0.0,-1,0.002951451632333457
832.55,1.251756218677997,-0.11122759981867048,10.86009865650356,0.0,-1,-0.0077472824454987155
826.1,0.5441951802587255,-0.27292954607931397,2.0001406552184378,0.0,-1,-0.0008473550417625875
825.4,0.08673172936084939,-0.24346433232573006,1.1030392096895127,0.0,-1,0.006905742670220594
831.1,0.3257723597985205,-0.0014745672960196354,7.704834756296499,0.0,-1,-0.000601612321020295
830.6,0.3764783117007937,0.016410461535417864,6.955342225582143,0.0,-1,-0.0013243438478208747
829.5,0.2787914283435384,-0.027092140607279158,5.2026908944863735,0.0,-1,-0.0006027727546714656
829.0,0.16504870096957802,-0.04694495599374654,4.357882153369438,0.0,-1,-0.008986731001206283
821.55,-0.5264100544649182,-0.24613457047608095,-6.630350009803074,0.0,-1,-0.001582374779380391
820.25,-0.9366052609766484,-0.2187765923292705,-8.266034449838457,0.0,-1,0.001280097531240365
821.3,-0.9761524258178724,-0.08610791905683146,-6.358482674177353,0.0,-1,-0.0010958236941434052
820.4,-0.9895799727536314,-0.033178488664196815,-7.67806676803928,0.0,-1,-0.0009751340809360798
819.6,-0.9804954151587708,-0.008031310356445442,-8.905302485399773,0.0,-1,-0.004026354319180192
816.3,-1.1692451850981342,-0.06559369343193633,-13.726289040193421,0.0,-1,0.00018375597206921057
816.45,-1.1536829713096495,-0.016677159881150594,-13.35093768399031,0.0,-1,-0.004286851613693465
812.95,-1.341428283472851,-0.06814082401478405,-18.206038769146225,0.0,-1,-0.002214158312319414
811.15,-1.4735152492651196,-0.06674259660235093,-20.443475316835602,0.0,-1,-0.013252789249830532
800.4,-2.3125991280558083,-0.30194215846434647,-29.852146951978,5.445776911755502,-1,0.005184907546226913
804.55,-2.193591140113199,-0.06097805684057889,-20.25874861497404,0.0,-1,-0.011372817102728194
795.4,-2.7137878844657735,-0.19372493373105115,-27.02167591177217,3.215849672457466,-1,-0.004526024641689719
791.8,-3.0477372662699054,-0.17589143851172784,-29.09933584595162,2.098859944421747,-1,-0.001704976004041292
790.45,-3.0732338516494337,-0.06712934129708525,-29.85816482927204,0.0,-1,-0.03263963565057881
764.65,-4.979879323368436,-0.6579249376720293,-38.62654835125456,14.050524458928408,-1,0.022101615118027773
781.55,-4.109878782280589,0.07069186780527303,-17.3022566318039,0.0,-1,0.0049261083743843415
785.4,-3.0115552798798717,0.38967179006866326,-13.43862212164327,0.0,-1,0.0002546473134708016
785.6,-2.194763922022844,0.4021543826418972,-13.22910948022355,0.0,-1,-0.003054989816700604
783.2,-1.8034712495924623,0.26448235169075973,-14.780011758260073,0.0,-1,0.0034473953013278713
785.9,-1.2325356425778864,0.2784726529017785,-11.535736446766862,0.0,-1,-0.00012724265173691407
785.8,-0.8526898688556912,0.21943947554132448,-11.614846865466951,0.0,-1,-0.003563247645711365
783.0,-0.8250428262566629,0.08236217271345092,-13.923287641346356,0.0,-1,-0.001979565772669112
781.45,-0.8716324027691371,0.011924198733658908,-15.21017021741968,0.0,-1,-0.0019834922259902577
779.9,-0.9514578241278286,-0.02263374087501091,-16.536468563486643,0.0,-1,0.008013847929221773
786.15,-0.3912490494632266,0.1791916779298638,-6.829787385959499,0.0,-1,-0.0008268142212045637
785.5,-0.13270724134224565,0.14591116201694826,-7.545478781053603,0.0,-1,-0.0063653723742839174
780.5,-0.4090440671699298,-0.04347522127024528,-12.814493881386596,0.0,-1,0.0019859064702112406
782.05,-0.38395880781968117,-0.00612998730666553,-10.239330337953831,0.0,-1,0.01739019244293849
795.65,0.7939137225071136,0.3905808476733765,6.961991406690302,0.0,-1,-0.0012568340350657126
794.65,1.2333571774615848,0.2766747675426159,5.663407387733777,0.0,-1,0.008368464103693407
801.3,1.9044658068170293,0.3159277989660201,12.05511961955441,0.0,-1,0.0052414825907900475
805.5,2.4313146375933457,0.28092554324744556,15.541220330418923,-1.6624836355664456,-1,-0.007386716325263887
799.55,1.9962961665153216,-0.05136430927685964,7.260517891019532,0.0,-1,0.0059408417234694255
804.3,2.008262250433404,-0.013132741786259228,11.567610208423815,0.0,-1,-0.001181151311699491
803.35,1.7677234381897051,-0.08455718467665263,10.219031867078463,0.0,-1,-0.00043567560838986275
803.0,1.470977078885312,-0.1271011813270153,9.683872895540802,0.0,-1,-0.008094645080946483
796.5,0.6583558093260535,-0.3132408169620913,0.4350889328226373,0.0,-1,0.0017576898932831764
797.9,0.3138488571025846,-0.21924925639518678,2.207480731700514,0.0,-1,0.0058277979696703675
802.55,0.5029413095655855,-0.010052267977395335,7.779257122689131,0.0,-1,-0.0003115070712105261
802.3,0.5347424266666394,0.007249616374552903,7.379647281098819,0.0,-1,-0.0026174747600646864
800.2,0.33108111632839154,-0.06547056465456497,3.9003421286690454,0.0,-1,0.0034991252186953314
803.0,0.4349937014652596,0.012814006827434388,7.700214726962564,0.0,-1,-0.009589041095890427
795.3,-0.19096614775514809,-0.20438194746432448,-3.9084620155316117,0.0,-1,-0.003143467873758299
792.8,-0.6963655600524135,-0.23659378658719665,-7.027379604968367,0.0,-1,0.0033425832492433027
795.45,-0.6702014695299567,-0.07014323202158002,-2.8179109896350454,0.0,-1,0.0013828650449430047
796.55,-0.5096026351412775,0.030151867455699755,-1.0789489042204252,0.0,-1,0.0003138534931894643
796.8,-0.3660029983518598,0.05791716808170583,-0.6577765744550348,0.0,-1,-0.0015687751004016537
795.55,-0.36786959676112474,0.01868352322414696,-2.819061144140612,0.0,-1,-0.0006913456099553184
795.0,-0.3839804295689646,0.0008575634721023628,-3.8082245912924506,0.0,-1,0.021949685534591312
812.45,1.0941291898245709,0.49298906095521267,19.05938154217465,-3.0244889148333414,-1,-0.0027078589451658974
810.25,1.5586732337025069,0.3191777016110495,15.17908395855352,0.0,-1,-0.00419623572971306
806.85,1.377722486166249,0.04607565135826386,9.443707084508112,0.0,-1,0.002044989775051187
808.5,1.3099369052176826,-0.007236643196767423,11.280846358861915,0.0,-1,0.0003092145949288305
808.75,1.1877160393084978,-0.04315250303531748,11.573884311580265,0.0,-1,0.006120556414219491
813.7,1.4401292697449435,0.069753575800376,17.058693427092436,0.0,-1,-0.002089222072016783
812.0,1.3046584458177222,-0.02190574937561518,13.594850459332221,0.0,-1,0.004741379310344795
815.85,1.4490348300359983,0.04082354494755358,17.782448073236694,0.0,-1,0.0026352883495739388
818.0,1.579636786308697,0.05714183374008419,19.928740825454625,0.0,-1,0.004339853300733498
821.55,1.8091346989193653,0.09554658211691747,23.203785651930957,0.0,-1,0.009981133223784466
829.75,2.456455763648137,0.24762254894856284,29.057559236698793,-2.511175082047771,-1,-0.0028924374811689635
827.35,2.37541164904178,0.055526144780735365,23.813662712605392,0.0,-1,-0.005439052396204791
822.85,1.76193862098512,-0.18598229442530823,14.851922887298471,0.0,-1,-0.0034635717323935333
820.0,1.070873888541314,-0.2923490089563714,9.747299642518882,0.0,-1,0.0029268292682926855
822.4,0.836102031607652,-0.1757069552966779,12.508497654731151,0.0,-1,-0.003283073929960967
819.7,0.4240409338402742,-0.1959226843546853,7.571948425147667,0.0,-1,0.0034158838599487318
822.5,0.41600697380317797,-0.06798554813059382,11.110821138897151,0.0,-1,-0.0006079027355623268
822.0,0.33565607930108854,-0.049445480877561065,10.115940535308496,0.0,-1,0.0024330900243310083
824.0,0.4341759587748584,0.01635813286540294,12.80704762518576,0.0,-1,-0.003337378640776656
821.25,0.21808790194711491,-0.06657664132078017,6.937676702745129,0.0,-1,0.0016438356164383272
822.6,0.20436988170445147,-0.02676488718781453,9.02623963351079,0.0,-1,-0.0003646973012400023
822.3,0.15548004810773364,-0.025218240261510788,8.327733560110964,0.0,-1,-0.0016417365924843441
820.95,0.005578460633728355,-0.05837327591183869,5.069330032735053,0.0,-1,0.002801632255313935
823.25,0.12182946184384491,0.01929257509942596,9.366348099695657,0.0,-1,0.005466140297601063
827.75,0.5448025072953442,0.1474218735169751,16.360245690295372,0.0,-1,-0.0014497130776200962
826.55,0.6108888210798114,0.07116939576714743,13.140174920839357,0.0,-1,-0.011614542374931869
816.95,-0.20697542378457,-0.24889828303241135,-5.886914049488837,0.0,-1,0.002509333496542032
819.0,-0.42782626090138365,-0.15658304004974166,-2.1576374343045117,0.0,-1,0.011416361416361376
828.35,0.27656717561524147,0.18260346548896117,11.02303864646126,0.0,-1,0.005673930102009894
833.05,0.9973832959055926,0.3011398619264374,15.843969539024513,-1.4158925310957784,-1,-0.004681591741191982
829.15,0.9496760813919991,0.08447754913761463,9.103914922467439,0.0,-1,0.007658445395887448
835.5,1.3758494673525092,0.17021697836604166,15.494024790261875,-2.072021366945023,-1,-5.984440454809281e-05
835.45,1.4701153713867825,0.08816096080010505,15.404614244103087,-0.11841421893643655,-1,-0.009755221736788666
827.3,0.7155720424550509,-0.22212745604387552,2.4391563545404935,0.0,-1,0.0078568838389943
833.8,0.8203360411179119,-0.039121152460338204,9.545685692232773,0.0,-1,0.03831854161669468
865.75,3.466856703689473,0.8691331700370744,27.724152143917607,-17.02936553838481,-1,0.00762344787756275
872.35,5.05121230966779,0.8178295920051308,29.806853319762354,-13.368863587807823,-1,-0.0025219235398636908
870.15,5.239122420184685,0.33524656750734216,27.135785818644692,-4.01616917012791,-1,0.0013216112164569083
871.3,4.992317273761046,0.02948047369456752,27.5717715704928,0.0,-1,0.0
871.3,4.45288826106912,-0.16998284633245309,27.5717715704928,0.0,-1,0.00017215654768754085
871.45,3.8245997329673855,-0.2660904581447294,27.64042905418141,0.0,-1,-0.001032761489471623
870.55,3.1167388245025904,-0.3246504555365082,26.087628417724076,0.0,-1,-0.005054276032393279
866.15,2.136413468228284,-0.43499193727027174,18.631414163194393,0.0,-1,0.0010390809905904685
867.05,1.5432163344054288,-0.3427296903643757,19.3148225341546,0.0,-1,0.0015570036330085912
868.4,1.2305164062935319,-0.2184765394920909,20.389981742106883,0.0,-1,0.0029940119760478723
871.0,1.1882900750465524,-0.08690095691302346,22.455265811397467,0.0,-1,0.003903559127439671
874.4,1.3514860698358007,0.025431679292075016,24.989922888093645,0.0,-1,0.0065759377859102575
880.15,1.799626894744165,0.15785750140014643,28.676950267497958,0.0,-1,-0.003578935408737105
877.0,1.6112283993030587,-0.010180331346986593,22.198245696571476,0.0,-1,-0.0038768529076396163
873.6,1.0994267849738435,-0.17399398189206727,15.709038711788153,0.0,-1,-0.0027472527472527375
871.2,0.5519070790614933,-0.24050456260147257,11.38195298477055,0.0,-1,0.0013774104683195176
872.4,0.3321549695168642,-0.15341889071536724,12.744914051280333,0.0,-1,0.003897294818890451
875.8,0.4779326672847901,-0.002547064315813752,16.470351728709943,0.0,-1,-0.004795615437314327
871.6,0.1609937938950452,-0.10649531256851957,8.44820217856843,0.0,-1,-0.002983019733822867
869.0,-0.22755845895778748,-0.16501585514045075,3.9681615831618444,0.0,-1,-0.0018411967779056182
867.4,-0.536204713804409,-0.1578873699956908,1.2805436037036557,0.0,-1,0.0029974636845746527
870.0,-0.4291774484106554,-0.016953368200645746,5.299838415795243,0.0,-1,-0.008965517241379284
862.2,-0.9898990283462581,-0.19255831604541618,-6.6274372730904645,0.8827455135932496,-1,-0.005451171421943957
857.5,-1.579434899285161,-0.26069806232810633,-12.100292934869834,2.850280806881983,-1,0.004256559766763868
861.15,-1.4384165931475081,-0.039893252063484486,-6.002675370431369,0.0,-1,0.0024966614410961707
863.3,-1.0688727239830769,0.109883539033649,-2.6210233956563087,0.0,-1,-0.0019112707054326217
861.65,-0.932528062402298,0.08207606687147595,-4.941106963523659,0.0,-1,0.0009864794290024292
862.5,-0.7158117264116299,0.09959746762071464,-3.4431394768780095,0.0,-1,-0.013217391304347847
851.1,-1.49780258121541,-0.22746446239435514,-16.894110982561834,2.546343210007194,-1,0.006050992832804525
856.25,-1.3348144601826561,-0.021492113787200395,-8.421750943601225,0.0,-1,0.002744525547445198
858.6,-0.9462525279843703,0.12235660613702848,-4.896581922141884,0.0,-1,0.0038434661076169885
861.9,-0.3981171845531435,0.22349731652275184,-0.1729248290584735,0.0,-1,-0.002726534400742553
859.55,-0.28670641412475106,0.11163602898371477,-3.3491003555051577,0.0,-1,-0.003490198359606733
856.55,-0.4571088277335775,-0.01958879487503723,-7.217375897537558,0.0,-1,0.0021014535053411887
858.35,-0.3542176322268915,0.027767466877216262,-4.220101881487956,0.0,-1,0.004951360167763763
862.6,0.08091276821210158,0.15429928910540314,2.33092196418675,0.0,-1,0.004521214931602069
866.5,0.6167352377472071,0.23004058621350287,7.5592740116027315,0.0,-1,0.0037507212925562694
869.75,1.1040852027025494,0.23913018372294848,11.472011002658519,0.0,-1,0.0
869.75,1.2557530849550176,0.13026602199180548,11.472011002658519,0.0,-1,0.0037367059499855415
873.0,1.4977742690016385,0.12409573534614204,15.409095627238074,0.0,-1,0.004581901489117968
877.0,1.8273036719415359,0.15120837942867982,19.65028056215324,-1.3257477400391053,-1,-5.701254275936041e-05
876.95,1.8356264007496748,0.05317703607893964,19.5318737388276,0.0,-1,0.004903358230229804
881.25,2.0451522317579247,0.08756762236239646,23.78964819105886,-1.0021559333862342,-1,0.004425531914893588
885.15,2.304485794615516,0.11563372840666286,27.025160349014158,-1.3466898220530084,-1,0.0020335536349771477
886.95,2.3921120931596533,0.0677533423169332,28.39298476750372,0.0,-1,-0.011218219741811919
877.0,1.4074159013350709,-0.3056476165025497,7.402702845209198,0.0,-1,0.0
877.0,0.7977831469781904,-0.3050934569531434,7.402702845209205,0.0,-1,-0.0022805017103763037
875.0,0.25981817421825326,-0.2810194765710269,3.8262145691480427,0.0,-1,-0.0022857142857143353
873.0,-0.19748249334656975,-0.24610671471195,0.3411930945207189,0.0,-1,0.013974799541809801
885.2,0.6069907139832367,0.18612216420595218,15.48673924006782,0.0,-1,-0.006834613646633625
879.15,0.45447809148288343,0.011203180568532978,6.064954715905877,0.0,-1,0.0021043052948870322
881.0,0.4945152726091919,0.017080120564947177,8.112520546723346,0.0,-1,0.0033484676503974242
883.95,0.7191575904548699,0.08057414613687508,11.307454436031009,0.0,-1,-0.004412014254200014
880.05,0.4465489501732236,-0.06401149804825712,5.130560581959429,0.0,-1,0.00392023180501111
883.5,0.5605322175179026,0.016657256432140666,9.173616463785486,0.0,-1,0.0
883.5,0.5708128330637692,0.008979290659335781,9.173616463785471,0.0,-1,-0.01658177702320318
868.85,-0.6924479285853522,-0.4180938236632619,-9.810940129692995,0.0,-1,0.0044311446164471135
872.7,-0.9455409820277509,-0.22372895903522028,-4.687722784386963,0.0,-1,0.005901226079981559
877.85,-0.5641257602466112,0.052562087581973116,1.4883472582137856,0.0,-1,-0.008771430198781127
870.15,-0.9680743360022461,-0.1171288293912206,-6.645524112706141,0.0,-1,-0.00390737229213356
866.75,-1.3727090958798271,-0.1739211964229339,-9.764042918581701,0.0,-1,-0.0016729160657629194
865.3,-1.5814673844953404,-0.12755982834614898,-11.090273921662678,0.0,-1,-0.003813706229053415
862.0,-1.829057580095082,-0.12505000798196342,-14.083899279392774,0.09801348661778775,-1,0.007134570765661152
868.15,-1.287931212887088,0.13869211974201012,-5.277360721260308,0.0,-1,0.002130968150665158
870.0,-0.7558737615424889,0.2235831903622031,-2.849887315890463,0.0,-1,0.00022988505747134624
870.2,-0.41018888907490236,0.18975602094326327,-2.572566722811473,0.0,-1,-0.008159043897954521
863.1,-0.7948307120849449,-0.0649619340222598,-10.705631198307195,0.0,-1,0.00017379214459500858
863.25,-0.9084157309162038,-0.05951565095117284,-10.46224314905659,0.0,-1,-0.003127715030408429
860.55,-1.1145069294221912,-0.08853561648572006,-13.397280422954175,0.0,-1,-0.000464819011097517
860.15,-1.158010284556667,-0.044012990540065244,-13.839149840951912,0.0,-1,-0.0037784107423123325
856.9,-1.3540944384108116,-0.08003238146473657,-17.392802114033145,0.0,-1,-0.0016921461080638966
855.45,-1.4601286454703768,-0.06202219617476734,-18.907526781220596,0.0,-1,-0.004149862645391411
851.9,-1.6873016952108628,-0.09639841530508453,-22.395819480578616,0.0,-1,-0.00956685056931561
843.75,-2.3394464121469127,-0.2495143774137114,-28.537912149485486,2.2439763416190317,-1,0.0042074074074074375
847.3,-2.174731569602727,-0.028266511623175283,-20.902518975114916,0.0,-1,-0.0015932963531215538
845.95,-2.0236465175303238,0.040939513483075896,-22.05063785982007,0.0,-1,-0.0012412081092263438
844.9,-1.8669667816999436,0.06587308310448536,-22.972262711124703,0.0,-1,0.0007101432122145201
845.5,-1.5830463486431654,0.11659783872042118,-21.475817404372705,0.0,-1,0.010940272028385545
854.75,-0.5383322697279027,0.387103972545228,-2.8949742134413867,0.0,-1,0.0003509798186602797
855.05,0.05388579220709744,0.3264406781600761,-2.404057055982129,0.0,-1,0.002923805625401954
857.55,0.5538376738239776,0.27546418659231875,1.7429151868679682,0.0,-1,-0.009970264124540829
849.0,0.04516047514709953,-0.07773767069485313,-10.219524990048562,0.0,-1,-0.00565371024734973
844.2,-0.6129414971202323,-0.245279880987395,-15.233301288625633,0.0,-1,0.005685856432124936
849.0,-0.4909140251605777,-0.041084136342580124,-7.220180288419286,0.0,-1,-0.0037102473498232813
845.85,-0.6514907870839579,-0.06722029942198682,-10.73694444711407,0.0,-1,-0.007034344150854244
839.9,-1.173321602455303,-0.19635037159777735,-16.514282792130373,0.0,-1,0.004881533515894709
844.0,-0.9947935432696795,-0.00594077080405131,-9.77954495987948,0.0,-1,0.008234597156398182
850.95,-0.24346338507109522,0.24846312913151103,-0.205128702687027,0.0,-1,0.006522122333862068
856.5,0.6149903094508318,0.3689722745511461,6.04178388544009,0.0,-1,0.011091652072387603
866.0,1.784634630924188,0.5128721986748341,14.45377714962919,-2.9322109211766474,-1,-0.002655889145496526
863.7,2.029070572417254,0.2524360467226334,11.298272577891133,0.0,-1,-0.002720852147736541
861.35,1.7863659954622335,0.0032438232558709146,8.070707029239323,0.0,-1,0.001335113484646211
862.5,1.6119832073629823,-0.057046321614460105,9.237712394363754,0.0,-1,-0.00011594202898557171
862.4,1.3821265460330778,-0.09563432764812152,9.078840553726721,0.0,-1,-0.005681818181818121
857.5,0.7436876698653805,-0.2446910679386063,1.5514703495497315,0.0,-1,-5.8309037900827754e-05
857.45,0.3583275926260967,-0.21001704839263002,1.4771073564624828,0.0,-1,-0.0022741850836783817
855.5,-0.026713078712305105,-0.1983525732436773,-1.5513376608160527,0.0,-1,0.0010520163646989822
856.4,-0.14200732448887265,-0.10454893967341498,-0.04159782158694725,0.0,-1,0.004670714619336769
860.4,0.14551282966351664,0.060990404826324784,6.28115022776872,0.0,-1,0.0028475127847513715
862.85,0.48131350426785957,0.1322636931435559,9.742790680704026,0.0,-1,-0.0025496899808773454
860.65,0.42577104954762035,0.02557374614110558,5.36866395366512,0.0,-1,-0.0038343112763608023
857.35,0.0875189013918316,-0.10422613400489439,-0.6529857313856553,0.0,-1,-0.0014579809879279315
856.1,-0.19306708113526838,-0.1282707055106648,-2.812860908827723,0.0,-1,-0.004964373320873738
851.85,-0.6714378156376597,-0.2022138133376854,-9.508182616761864,0.0,-1,-0.0010565240359218242
850.95,-0.9296700315856015,-0.15348200976187576,-10.816351294652627,0.0,-1,0.01674598977613262
865.2,0.20618636307244742,0.3274581282987244,11.223055706861707,0.0,-1,0.007801664355062465
871.95,1.3194323634788816,0.4802347095683863,17.43439308975273,-1.8610464643854812,-1,0.003956648890417913
875.4,2.05360266672551,0.4048016709383384,20.149780950195378,-2.6535255275942973,-1,0.007882111034955397
882.3,2.824554262788297,0.3919177556670417,24.816179216665205,-5.04361152578781,-1,0.00011334013374142415
882.4,2.982983872254067,0.1834491217109373,24.879416383511767,-1.849077201014552,-1,0.0006799637352674637
883.0,2.8636166876324296,0.021360645696433256,25.293015186845793,0.0,-1,0.0022650056625141968
885.0,2.7319650380188705,-0.03676366797237529,26.71304816186796,0.0,-1,-0.0008474576271186862
884.25,2.3759754600438328,-0.13091774864913752,24.918897873378924,0.0,-1,-0.00039581566299129456
883.9,1.9708160493860305,-0.17869238643564644,24.021241301190457,0.0,-1,0.0
883.9,1.6040016732749791,-0.18183558751556594,24.021241301190443,0.0,-1,-0.001357619640230734
882.7,1.1869276791131824,-0.19963652722578762,20.448365347425565,0.0,-1,0.00860994675427662
890.3,1.512813375439464,0.042083056366831295,27.94103445517881,0.0,-1,0.0193754914073907
907.55,2.9871884423159827,0.5054860410811166,36.54467472279987,-3.5624785438857316,-1,-0.003911630213211392
904.0,3.179610272227933,0.2326359569976888,29.458165159583245,0.0,-1,-0.006747787610619449
897.9,2.5025203311649875,-0.14815132802175235,18.715635372137,0.0,-1,-0.001614879162490146
896.45,1.8345986663697431,-0.2720243309389989,16.346543017919487,0.0,-1,0.0016732667744994156
897.95,1.4727546117746897,-0.2112894618446841,17.629342263620998,0.0,-1,0.002282977894092042
900.0,1.3399363668291926,-0.11470256893006048,19.400523883416795,0.0,-1,-0.009111111111111181
891.8,0.4785325471206079,-0.32536879621288173,5.824970120078746,0.0,-1,-0.003476115721013584
888.7,-0.25038040832703246,-0.3514272505535074,1.5862558227701697,0.0,-1,0.0014628108473049295
890.0,-0.48563851869027985,-0.19556178697225157,3.240555325594009,0.0,-1,0.008033707865168438
897.15,0.03303563601900805,0.10770412257901213,11.318008875091735,0.0,-1,-0.0013933010087499031
895.9,0.1854530770386873,0.08670718786623047,9.32724049285143,0.0,-1,-0.0003906686014064631
895.55,0.21704070779537687,0.039431606207640024,8.73399052769954,0.0,-1,-0.0012841270727486087
894.4,0.11891446419076601,-0.019564879132323604,6.665334346436225,0.0,-1,-0.002347942754919563
892.3,-0.11505819629405778,-0.08451251320571579,2.8859743541897984,0.0,-1,0.0035862378123949767
895.5,0.044210323154629805,0.024918668747657267,7.666475309017748,0.0,-1,0.00039084310441106496
895.85,0.14932705594947038,0.04334513384749929,8.182131978767707,0.0,-1,-0.005748730256181278
890.7,-0.2397251656489061,-0.11523569591695908,-1.4803842845671085,0.0,-1,-0.0021892893230044397
888.75,-0.5767741793106325,-0.1507615698595618,-4.649018928284349,0.0,-1,0.001969057665260232
890.5,-0.5514008378656854,-0.04179607613820491,-1.3078418814910933,0.0,-1,0.0010668163952836096
891.45,-0.41359743065447674,0.03200244369100125,0.51696331997735,0.0,-1,-0.0010656795109091899
890.5,-0.3893959411608421,0.018734644394878652,-1.4034541777912963,0.0,-1,-0.009545199326221221
882.0,-1.053178867984002,-0.21501609414276035,-14.732206954245441,2.632786055804445,-1,0.001700680272108901
883.5,-1.172305425730201,-0.1113808839629864,-11.428627566300946,0.0,-1,0.004357668364459499
887.35,-0.8133432524591626,0.0825270964360173,-3.6240263914808324,0.0,-1,0.0038316335155237358
890.75,-0.2827502281187435,0.20437337359214547,2.3201350623343586,0.0,-1,0.002750491159135615
893.2,0.21027546972800337,0.2324663571462975,6.206844493647004,0.0,-1,-0.0040864308105688085
889.55,0.13509869617416825,0.05242986119748745,-0.47580595428083683,0.0,-1,0.0033162835141364866
892.5,0.33208541804935976,0.08313886102422632,4.393559399353151,0.0,-1,-0.003977591036414485
888.95,0.10707166081613195,-0.04729163206966716,-1.8210046267088487,0.0,-1,0.0016311378592721582
890.4,0.10647547713153926,-0.015962605251419945,0.733529883581177,0.0,-1,0.006794699011680283
896.45,0.601471095528268,0.15967767104843633,9.89816287289851,0.0,-1,-0.008477884990797047
888.85,0.1655129800992654,-0.09209348146018881,-2.448363920596236,0.0,-1,-0.01603195139787361
874.6,-1.2537588259567656,-0.5037884291720733,-16.73379437097649,4.985326085652559,-1,-0.0036588154584953347
871.4,-2.1255814934884256,-0.45853703223457787,-19.053495693991067,4.3425040303782225,-1,0.00017213679137029203
871.55,-2.3718610361303263,-0.23493885829215966,-18.803611487216976,1.3367005005836745,-1,0.0054500602375078255
876.3,-1.9015123877737778,0.07846993002146285,-11.032642832517979,0.0,-1,-0.000912929362090531
875.5,-1.5745453646143233,0.13514565106030574,-11.839200192732612,0.0,-1,0.0021701884637350677
877.4,-1.121516405983357,0.1960582032304241,-8.636449901050561,0.0,-1,0.01202416229769776
887.95,0.07762444049740225,0.4650663499037278,5.562721905561908,0.0,-1,0.003772734951292156
891.3,0.9498928270296574,0.4457782454786611,9.06046634557449,0.0,-1,-0.00785369684730175
884.3,0.7235359513766753,0.07314045660855961,-0.06502372660071387,0.0,-1,0.0015831731312903052
885.7,0.6667295176021071,0.005444674277997108,1.5969329288278544,0.0,-1,-0.0049113695382183575
881.35,0.2202655075814164,-0.14700644524756457,-3.7083290642003774,0.0,-1,-0.0015317410790265384
880.0,-0.13382195639405836,-0.16703130307434647,-5.293427814051114,0.0,-1,-0.010568181818181754
870.7,-1.0747138586822302,-0.3693077351208395,-14.57751418071284,0.0,-1,-0.019065120018376014
854.1,-2.838933654936227,-0.711175843791612,-24.91077979526229,7.033096551722338,-1,-0.0011122819341997658
853.15,-3.563632415151801,-0.47862486800239523,-25.367696042032907,2.952173404441737,-1,0.000937701459297946
853.95,-3.562345760663675,-0.15911273783808966,-24.104937099639105,0.0,-1,0.007670238304350319
860.5,-2.7190069533642145,0.2280753564871234,-14.303717929375672,0.0,-1,-0.002672864613596726
858.2,-2.262420303600834,0.228220668750168,-16.055370831429578,0.0,-1,-0.002563505010487077
856.0,-2.028925286752383,0.15390522853287303,-17.737927375527654,0.0,-1,0.011156542056074636
865.55,-0.9472673377654246,0.4118543925066105,-4.668077910310181,0.0,-1,-0.009878112183004939
857.0,-1.0399994184581374,0.10637410393796598,-11.96785692977084,0.0,-1,0.008109684947491314
863.95,-0.42053217393299747,0.2419471161543687,-4.099643004155993,0.0,-1,-0.0020255801840384224
862.2,-0.2215875371759921,0.14696391763712469,-5.674265171157948,0.0,-1,0.0005219206680584509
862.65,-0.0661495906995242,0.10080062137119755,-5.133870897562375,0.0,-1,0.0019127108328986786
864.3,0.1545818484303254,0.10717735350034907,-3.036570685622557,0.0,-1,-0.0015041073701260732
863.0,0.14373241395946934,0.032109306343164334,-4.550103742219733,0.0,-1,-0.01164542294322124
852.95,-0.7111700044392819,-0.27426437068519566,-14.404098111433889,0.0,-1,-0.0028723840787854282
850.5,-1.2835237132686643,-0.2822060265048594,-16.378579244998107,0.0,-1,0.0018224573780127873
852.05,-1.3335735915776468,-0.11075196827128053,-13.887475475525932,0.0,-1,-0.010504078399154904
843.1,-1.993300731434033,-0.256826369375889,-20.89520379744403,0.0,-1,-0.0018977582730399511
841.5,-2.290389240409354,-0.1846382927837369,-21.97542543707389,0.0,-1,-0.010338680926916255
832.8,-2.973067724862858,-0.2891055924124135,-27.10851689078041,4.852254899268132,-1,0.002641690682036568
835.0,-2.8833179900177583,-0.06645195252243807,-23.334455468996946,0.0,-1,0.02107784431137727
852.6,-1.1314999567604218,0.5617886935782996,-1.1018374040251544,0.0,-1,-0.00645085620455077
847.1,-0.6196326104015952,0.3578853466457088,-5.758937733445769,0.0,-1,0.0031283201511036474
849.75,-0.09122955302211722,0.29542946800839565,-3.053854273067799,0.0,-1,-0.0007649308620182316
849.1,0.12640777175283802,0.17102226426111697,-3.6664677698348953,0.0,-1,0.0007066305499940917
849.7,0.27469245316092383,0.10643564855640092,-2.9576884738053835,0.0,-1,0.00400141226315176
853.1,0.6092770894349542,0.14700676161014375,1.107972974053581,0.0,-1,-0.00011721955222132596
853.0,0.7174629834523785,0.08506421854252266,0.9800698386951154,0.0,-1,-0.016412661195779554
839.0,-0.45489931816007356,-0.36243269435664327,-13.30506119142558,0.0,-1,0.005184743742550735
843.35,-0.6406721924528256,-0.18273518954979845,-7.721161879497615,0.0,-1,0.00563229975692181
848.1,-0.28433594689488473,0.05786701866938082,-2.141074896305831,0.0,-1,0.005895531187360081
853.1,0.3341935047919833,0.22546549011874964,3.1555359346748943,0.0,-1,0.007502051342163751
859.5,1.148942105236074,0.3467380301876135,9.068951668670756,0.0,-1,-0.0013961605584642545
858.3,1.360571230021833,0.1861223849911242,7.555305846452434,0.0,-1,0.00198065944308512
860.0,1.494671523246211,0.10674089273850074,9.200965620916257,0.0,-1,0.016337209302325517
874.05,2.6079990429212785,0.40668947080452256,19.913154005288163,-5.455598193681681,-1,0.0010296893770380677
874.95,3.022329549182018,0.27367332568842073,20.465088661380065,-2.093519188511891,-1,0.0032573289902280145
877.8,3.2151340065472596,0.15549259435122087,22.255867649616974,-0.47988624532138147,-1,0.0002848029163817767
878.05,3.0644417346842374,0.0016001074960660944,22.418861473034084,0.0,-1,0.003188884459882857
880.85,2.9670587875291403,-0.031927613219676854,24.297934018038987,0.0,-1,0.001475847193052049
882.15,2.779445748324065,-0.07318021747491743,25.170585145179388,0.0,-1,-0.0007368361389785694
881.5,2.399852083027895,-0.15092462759036263,23.77892736581866,0.0,-1,-0.01418037436188313
869.0,0.9684009101275706,-0.5274586001635624,2.8659899863711615,0.0,-1,0.006271576524741196
874.45,0.6261419144999536,-0.2899058652637265,8.556867684207127,0.0,-1,-0.00011435759620337382
874.35,0.3945005904779464,-0.17384906309524462,8.413081893105911,0.0,-1,0.000571853376794218
874.85,0.28747154592713287,-0.0936260358820194,8.972759506449165,0.0,-1,-0.001771732296965256
873.3,0.0808343948244783,-0.10008772899489132,6.360161380268025,0.0,-1,-0.0027481964960494043
870.9,-0.229220380295601,-0.13671416803832354,2.368716596897144,0.0,-1,-0.0004018831094270148
870.55,-0.3943127361643519,-0.10060217463569149,1.7745766576923288,0.0,-1,5.74349549136155e-05
870.6,-0.43983285275169237,-0.04870743040767733,1.8612670408440692,0.0,-1,-0.0014357914082242518
869.35,-0.53010683998275,-0.04632713921291165,-0.6051907386362743,0.0,-1,0.007361822050957478
875.75,0.0022650697336530357,0.1620149235011638,10.170846637824901,0.0,-1,-0.0006280331144732365
875.2,0.22242893544728304,0.1273929297382646,8.971766074849285,0.0,-1,-0.0030850091407679248
872.5,0.08897512368355365,-0.0020202940084882576,3.190116715919565,0.0,-1,0.015587392550143297
886.1,1.1481669574948228,0.35239051326759374,19.77485550509104,-1.5961496608825883,-1,-0.0023699356731745613
884.0,1.407082294609154,0.20376861679397495,15.776514673569395,0.0,-1,0.0035067873303167296
887.1,1.677616438615587,0.15810092026680267,18.716815165514475,0.0,-1,0.012287228046443444
898.0,2.581415474067512,0.35396665190624255,26.57834890039379,-5.825172855784217,-1,0.013363028953229383
910.0,3.818197035621097,0.5302494044866091,32.085366729653444,-10.238114480317108,-1,0.0003296703296702397
910.3,4.143404730096108,0.2851523663205402,32.201612492694025,-4.7803314078005315,-1,-0.001537954520487772
908.9,3.8440581831589498,-0.004731393538872641,29.52588433383599,0.0,-1,-0.0020904389921883038
907.0,3.215713394427212,-0.21102539409020338,25.80502948004569,0.0,-1,-0.003307607497243681
904.0,2.3835648838589805,-0.3477246348861449,20.05465210309744,0.0,-1,-0.011670353982300874
893.45,0.8896935549199725,-0.6138653212750511,4.037586195726675,0.0,-1,-0.0022385136269517103
891.45,-0.09804990579289097,-0.5338695939959716,1.5547411330568224,0.0,-1,-0.0007291491390432059
890.8,-0.6379174773331897,-0.35791238851209006,0.7133139836593614,0.0,-1,0.026605298607992767
914.5,1.120308526674421,0.46677120516517356,20.330878167037085,0.0,-1,-5.467468562048161e-05
914.45,1.9018958181220569,0.41611949887093647,20.26531866689571,0.0,-1,0.007162775438788183
921.0,2.6800314790023094,0.39808505325039656,23.81774750161574,0.0,-1,0.006406080347448384
926.9,3.3374300195255273,0.35182786459120496,26.614056707520533,0.0,-1,-0.004099687129140106
923.1,3.0713434548266605,0.028580433297446195,21.174172124596453,0.0,-1,0.0010833062506769853
924.1,2.7656882179082913,-0.09235826787364099,21.76046241461067,0.0,-1,-0.0018396277459149513
922.4,2.240719914623469,-0.20577552371948782,19.10554968233768,0.0,-1,-0.010190806591500401
913.0,1.0081757700958178,-0.479439889415713,6.306926167051984,0.0,-1,0.0008762322015334334
913.8,0.3745557169906988,-0.37101998084027743,7.058968749717373,0.0,-1,0.004596191726854881
918.0,0.37653271402211885,-0.1230143279362858,10.976994964734743,0.0,-1,0.0032679738562091387
921.0,0.5961434863693285,0.032198814803641285,13.612005991022379,0.0,-1,-0.0017915309446253636
919.35,0.5187702486788339,-0.015058140962284416,11.091082152115476,0.0,-1,-0.006036873878283666
913.8,-0.02564722422300747,-0.18649187128804195,3.210085860431043,0.0,-1,0.006784854453928624
920.0,0.22094797467798344,0.02003444253764966,9.668217822371226,0.0,-1,-0.015815217391304315
905.45,-0.8866667570946447,-0.3625267630783262,-6.1231273461712945,0.0,-1,-0.0045833563421504575
901.3,-1.7124185598897839,-0.3960928552911551,-9.518412028754682,0.0,-1,0.008265838233662448
908.75,-1.3617595812964964,-0.015144625565955971,-1.5601161377695405,0.0,-1,0.0026960110041265306
911.2,-0.8687834602252451,0.1592771651684317,0.8416638606658893,0.0,-1,0.004170324846356488
915.0,-0.2332301113375479,0.26494350468537636,4.494718320142653,0.0,-1,0.001366120218579292
916.25,0.20814907238445812,0.2354408961357942,5.6979970515711,0.0,-1,0.0019099590723055115
918.0,0.5573262415467752,0.19487268843270378,7.448275422008379,0.0,-1,-0.006862745098039191
911.7,0.16047097266562105,-0.06732752681615015,-0.3914412179668645,0.0,-1,0.007952177251288717
918.95,0.5528374238363085,0.10834630811817914,7.095158587509232,0.0,-1,-0.0007617389411829212
918.25,0.6446175307686417,0.0667088050168374,6.199428297198914,0.0,-1,-0.0015246392594608915
916.85,0.5201227900040521,-0.01926197858258405,4.306149908902746,0.0,-1,0.0010906909527186315
917.85,0.4978651871215334,-0.013839860488367606,5.496050256067129,0.0,-1,-0.010459225363621538
908.25,-0.3547523799132932,-0.28881914250773144,-6.567962025340108,0.0,-1,5.505092210289497e-05
908.3,-0.7473317984378127,-0.22713285367741698,-6.496888070068998,0.0,-1,5.504789166588253e-05
908.35,-0.8771771911635824,-0.11899274880106225,-6.418126185280556,0.0,-1,-0.0028623328012330473
905.75,-1.0856684549295323,-0.10916133752233736,-9.666862164315077,0.0,-1,0.0056306927960254605
910.85,-0.6744417155683777,0.10068846727960579,-1.3278284661605824,0.0,-1,-0.0008783004885547507
910.05,-0.4792915362570511,0.0986128821969775,-2.485241470304125,0.0,-1,0.0015383770122521234
911.45,-0.2251088185799972,0.11759853329134384,-0.16565962489762853,0.0,-1,-0.01080695594931158
901.6,-0.9000917248597489,-0.18579479099613594,-12.961998479910648,0.0,-1,0.0015527950310558758
903.0,-1.045908867594676,-0.11053731124368771,-10.50829961376477,0.0,-1,0.0021594684385382035
904.95,-0.869158366662532,0.022071063229485377,-7.066481466377681,0.0,-1,0.00033151002817821684
905.25,-0.6833532523079384,0.06929205919469295,-6.516945918898195,0.0,-1,-0.0029273681303506605
902.6,-0.7543379241050161,-0.0005642042007949488,-10.27182076232804,0.0,-1,0.006425880788832217
908.4,-0.24363543299477897,0.17004609563648077,0.1884931158182468,0.0,-1,0.00148612945838833
909.75,0.1445187653098401,0.1860667646470333,2.3282044181974655,0.0,-1,-0.002802967848309912
907.2,0.11405263401968568,0.05186687778562629,-1.9992950090680566,0.0,-1,-0.0025352733686068163
904.9,-0.10235148446042786,-0.05484574689816242,-5.6730811947454,0.0,-1,-0.0020996795225991516
903.0,-0.36035758666207585,-0.10428394969993682,-8.58266998475856,0.0,-1,0.0007198228128459938
903.65,-0.4051641722077193,-0.049696845081860064,-7.15657800874807,0.0,-1,0.0011619542964644847
904.7,-0.3063037839632443,0.01638784772087165,-4.7637842947294615,0.0,-1,0.005195092295788628
909.4,0.1603183921560003,0.16100334128003876,4.673684101618804,0.0,-1,-0.004563448427534644
905.25,0.034436280869272196,0.011707076664436891,-3.2332322361199886,0.0,-1,-0.0028169014084507005
902.7,-0.24387446484661268,-0.08886788968381601,-7.435871594358126,0.0,-1,0.0003323363243601385
903.0,-0.33770696563396996,-0.06090013015705775,-6.769011597647406,0.0,-1,-0.030952380952380953
875.05,-2.6856476355582117,-0.8029469333604333,-30.366535621631925,14.17713844509808,-1,0.006628192674704492
880.85,-3.152480667557029,-0.42325998845308366,-21.38258759704478,3.930372088144509,-1,0.0011352670715785163
881.85,-3.039857127926666,-0.10354548294090682,-19.88596787328845,0.0,-1,0.0016442705675567826
883.3,-2.6093905974510108,0.10897368251158301,-17.60243631462012,0.0,-1,5.660590965694823e-05
883.35,-2.1725414490922503,0.18194094362344782,-17.5179093035553,0.0,-1,0.0002830135280467161
883.6,-1.7522384208218682,0.20074799063127657,-17.052137401679666,0.0,-1,0.00345178813942959
886.65,-1.141900371618135,0.27036201327833664,-11.318102546613595,0.0,-1,0.0017481531607737022
888.2,-0.6124063160481228,0.26661868961611634,-8.493578708056624,0.0,-1,-0.0012384598063499563
887.1,-0.38829209525908936,0.16357763680171655,-9.948352277932003,0.0,-1,0.005298162552135999
891.8,0.14778935640697455,0.23321969615592686,-1.3962276721380036,0.0,-1,0.0005606638259698649
892.3,0.4451809692061488,0.17687043631836702,-0.5439220658475108,0.0,-1,0.0005603496581867429
892.8,0.5984450281717955,0.11004483176133789,0.37053058595763133,0.0,-1,-0.015344982078852931
879.1,-0.5164600280262448,-0.33495340814556746,-17.519817721856683,0.0,-1,0.0021613013309065288
881.0,-0.8725408871231366,-0.23034475574748647,-14.016154327696519,0.0,-1,0.040124858115777595
916.35,1.9679637572553474,0.8700532962103327,19.11483292184664,-1.7526022888644093,-1,-0.004365144322584169
912.35,2.8908857663399203,0.5976584350983019,14.89236405551874,0.0,-1,-0.0010412670575985494
911.4,3.0322729570204956,0.24634854192629252,13.862774611525943,0.0,-1,0.0013166556945358732
912.6,2.9502771392758405,0.054784241393879274,14.649957343786127,0.0,-1,-0.0009861932938856066
911.7,2.5884228021304807,-0.10235669858382668,13.497314218396461,0.0,-1,0.004716463749040223
916.0,2.5501270667135714,-0.04688414466691215,16.653485109531374,0.0,-1,-0.0037663755458515746
912.55,2.0309686101123816,-0.18868086708936715,11.883483018038753,0.0,-1,-0.015615582707796838
898.3,0.4146419976357265,-0.6016691598553408,-3.416238357937459,0.0,-1,-0.041801180006679206
860.75,-3.5572414750721464,-1.5245175441877379,-22.977238817355385,3.192352273926872,-1,-0.030729015393552217
834.3,-7.450913088503512,-1.8060630525397015,-29.661444888612902,17.186583697058495,-1,0.024092053218266907
854.4,-7.1018394711773,-0.4856631450711628,-15.898181811978695,0.0,-1,-0.000117041198501866
854.3,-6.343816039915964,0.09078676206339065,-15.930720318580946,0.0,-1,-0.00848648015919462
847.05,-6.040319654292375,0.1314277158956596,-18.362466263275827,0.0,-1,0.0034236467740984544
849.95,-5.143544823622847,0.342734182188396,-16.260492033729143,0.0,-1,-0.01129478204600276
840.35,-5.066528672986237,0.13991677760833543,-19.68854252562091,0.0,-1,0.009936336050455186
848.7,-3.9099765415857064,0.43215630300295516,-13.457455039148066,0.0,-1,0.010133144809708838
857.3,-2.2892024307533347,0.6843101379451091,-7.567040780428528,0.0,-1,0.0007581943310395189
857.95,-1.2338818394409827,0.5798769097524872,-7.12175673017699,0.0,-1,0.013695436797016125
869.7,0.3757686095019608,0.729842452898477,0.5594358281195113,0.0,-1,0.011728182131769405
879.9,1.9992797831815778,0.7844512088593647,6.235749518702086,0.0,-1,-0.005568814638027053
875.0,2.236095388089552,0.34042227125577984,2.988483560426104,0.0,-1,0.013085714285714367
886.45,3.1223285748694707,0.40888515267856596,9.117732304717194,0.0,-1,0.005696880816740801
891.5,3.726084453687008,0.3375470104987013,11.572914973465842,0.0,-1,-0.006113292204150356
886.05,3.263288688621742,-0.041749584855521604,7.436719331135713,0.0,-1,-0.0062073246430788265
880.55,2.3016167487040775,-0.3344738415910622,3.413393488356455,0.0,-1,0.006075748111975532
885.9,2.0748127163532217,-0.18709262464730614,6.692161382026676,0.0,-1,0.0022575911502427104
887.9,1.9551763071483492,-0.10224301128405955,7.922248377645026,0.0,-1,-0.0011262529564139978
886.9,1.6490934102835126,-0.13610863604963197,7.022455140756577,0.0,-1,0.00913293494193268
895.0,2.0336275109941653,0.08280848822034015,12.294131829581325,0.0,-1,0.0044134078212290095
898.95,2.3855922687665725,0.14492441533091593,14.643981525938173,0.0,-1,0.006118249068357562
904.45,2.821108625255647,0.1934802572733303,17.753132148036414,0.0,-1,0.0064680192382109425
910.3,3.291274418062244,0.22121535002664228,20.788953384298424,0.0,-1,-0.0023618587278918524
908.15,3.072917779627005,0.0009529038638009801,18.16829057984286,0.0,-1,0.004349501734294936
912.1,3.036829645440548,-0.011711743440885325,20.404859022130253,0.0,-1,-0.002192742023900851
910.1,2.5990497745605126,-0.14983053810697378,17.727671652877603,0.0,-1,-0.0018679266014723916
908.4,2.0219056912404767,-0.24232487380900336,15.379686302543888,0.0,-1,-0.004073095552619921
904.7,1.2565081753103868,-0.33590746324636456,10.322393531132413,0.0,-1,0.006410964960760435
910.5,1.25243373606952,-0.11332730082907716,15.033387845393548,0.0,-1,0.007084019769357575
916.95,1.6835270384433443,0.10592200051491574,19.5069833824908,0.0,-1,0.0016903866077757623
918.5,1.8879464364266596,0.10344713283274376,20.514250834681462,0.0,-1,-0.002286336418072965
916.4,1.657827265716037,-0.04222401262595965,17.173914814736122,0.0,-1,-0.003273679615888203
913.4,1.1546154082177509,-0.1818119567080818,12.476193268033498,0.0,-1,0.0
913.4,0.8067915287837195,-0.1765452787140378,12.476193268033498,0.0,-1,0.00010948105977659495
913.5,0.5739802950014337,-0.13645217083210792,12.583874286384422,0.0,-1,0.0
913.5,0.4097429868602376,-0.10022982632443467,12.583874286384436,0.0,-1,-0.0014230979748220962
912.2,0.1851457505512144,-0.10827568754448597,9.828390155718239,0.0,-1,0.004275378206533675
916.1,0.38241831985078534,0.02966562725169497,14.96953786152919,0.0,-1,-0.0072044536622639654
909.5,-0.10081358882041513,-0.1511887604731685,2.367529804648427,0.0,-1,0.0006047278724572447
910.05,-0.2881950774209372,-0.11285674969123019,3.207915425995992,0.0,-1,0.005494203615185933
915.05,0.05879710139731742,0.07804514304234147,10.28556010936719,0.0,-1,0.005027047702311327
919.65,0.6107267656899467,0.20999160244499027,15.603844788727173,0.0,-1,-0.0005436850975915064
919.15,0.794131034028851,0.13113195692796487,14.559715188524322,0.0,-1,0.002447913833433013
921.4,1.0071555820290996,0.11471883497607116,17.17210596985592,0.0,-1,-0.004069893640112898
917.65,0.7172382241935793,-0.05839950761981638,9.104123260286059,0.0,-1,-0.00016346101454800532
917.5,0.5000096932596989,-0.09187601285123226,8.790289920804703,0.0,-1,-0.0016348773841962094
916.0,0.22472795335431783,-0.1223859175855378,5.515004382231837,0.0,-1,-0.0024017467248909075
913.8,-0.11497357937787456,-0.15402915010591006,0.8943639964671704,0.0,-1,-0.006237688772160133
908.1,-0.7502432141291138,-0.2630995949523831,-8.943181418274982,0.0,-1,0.007433102081268572
914.85,-0.44285776366064056,0.014761951838696719,3.0083632395729296,0.0,-1,0.0024047658086023826
917.05,-0.06892689145468012,0.1295642746815524,6.222868668417313,0.0,-1,-0.00038165857913952106
916.7,0.09461578560285488,0.09770231724636248,5.551146819645922,0.0,-1,-0.0004363477691721185
916.3,0.13516914199806251,0.04608522454719005,4.720952872765835,0.0,-1,-0.003383171450398237
913.2,-0.11415160830426885,-0.06774517525171378,-1.5181851743590542,0.0,-1,0.0006570302233901426
913.8,-0.17929934942992531,-0.04429763879245677,-0.28519911888494676,0.0,-1,0.0006018822499453957
914.35,-0.1510982742070155,-0.005365521189848982,0.9113959826242493,0.0,-1,0.0024607644774976567
916.6,0.06309378625508089,0.06960884642408248,5.702778580782876,0.0,-1,0.005891337551821918
922.0,0.6149320009648136,0.20714902037793842,14.851421340114996,0.0,-1,0.00027114967462038564
922.25,0.8604401082392314,0.15088570921745215,15.220910861872923,0.0,-1,-0.0009758742206559257
921.35,0.8364908195231919,0.04231214016713758,12.589109408245406,0.0,-1,-0.0036359689585934163
918.0,0.47564194020492323,-0.10617891305037708,3.637615621633529,0.0,-1,0.0017429193899782813
919.6,0.38891400552870437,-0.064302282575532,6.908190804320846,0.0,-1,0.0020117442366245353
921.45,0.4673072043965476,0.00469697209743708,10.48903365285809,0.0,-1,0.0020619675511421853
923.35,0.6258948701307645,0.05442821261055131,13.911208793800952,0.0,-1,0.0028158336492121183
925.95,0.8696974638203301,0.09941026876670567,18.11078654026676,0.0,-1,-0.001889950861277634
924.2,0.7732906386800096,0.0010011478754616832,12.657843917629563,0.0,-1,0.00108201687946341
925.2,0.7439796728865531,-0.009436605972664935,14.464188938990318,0.0,-1,0.0004863813229571967
925.65,0.7048258839158734,-0.016196798314448202,15.30337555015889,0.0,-1,-0.0017825311942958333
924.0,0.4890134991042032,-0.07733639437537276,9.571945231791048,0.0,-1,-0.001948051948051921
922.2,0.19035618177315428,-0.1253312372354739,3.8438581835083525,0.0,-1,0.0022229451312079096
924.25,0.19599784129309228,-0.03989652590517864,8.850754013173436,0.0,-1,0.0002163916689208456
924.45,0.19915218427865966,-0.012247394306537096,9.32900674635173,0.0,-1,-0.0045432419276326685
920.25,-0.16586665958516278,-0.1257554127234532,-3.327948747725614,0.0,-1,-0.006030969845150724
914.7,-0.7970538598848407,-0.2523142043410438,-14.460109010309623,0.0,-1,0.0006559527714002922
915.3,-0.996226305044388,-0.15049554983353042,-12.66470850565652,0.0,-1,0.009887468589533599
924.35,-0.25862700220375245,0.1957012510023684,7.277767113819401,0.0,-1,-0.0018391301995998033
922.65,-0.00994176726646856,0.14812882864655078,3.710211582612729,0.0,-1,0.00953774454018319
931.45,0.8485626641410136,0.335544420018011,15.919324245399054,-1.3201108038661005,-1,0.0029523860647377997
934.2,1.4362679911663463,0.30774991568111454,18.778616583775857,-1.8578391984159452,-1,-0.0004281738385785161
933.8,1.5770983220817243,0.14952674886549744,17.85850721504933,0.0,-1,-0.005140286999357424
929.0,1.1160886273659116,-0.10382764861677174,7.586698284273197,0.0,-1,0.002475780409041839
931.3,0.9842430610608517,-0.0785577383072773,10.74990404414892,0.0,-1,0.00461720176097935
935.6,1.1946333561533038,0.043944185595058194,16.015046760734805,0.0,-1,-0.004435656263360399
931.45,0.8544423906868133,-0.09874892662381074,7.713083034793634,0.0,-1,0.00016103923989474467
931.6,0.6256433753962938,-0.10918264730477678,7.925581925439808,0.0,-1,-0.004240017174753197
927.65,0.12994025313469137,-0.20162858985545973,0.5003748014103166,0.0,-1,0.016169891661725888
942.65,1.1212603375760182,0.2632304981952891,17.87545470329539,-1.5131629712295762,-1,-0.009123216464223205
934.05,0.8068153516652501,-0.01707149590515966,5.47151585433636,0.0,-1,-0.0014453187730848471
932.7,0.46985824607111226,-0.1180095338330992,3.7580204632438594,0.0,-1,-0.0056288195561273735
927.45,-0.17527516056509285,-0.2543809801564348,-2.5723295800891393,0.0,-1,0.006469351447517369
933.45,0.016764399497105842,-0.020780473364745373,4.266315791962029,0.0,-1,0.007016980020354557
940.0,0.6572204795701282,0.20655853556942572,10.498917805179573,0.0,-1,0.0
940.0,0.922680146309176,0.15733940076949116,10.498917805179573,0.0,-1,-0.0015425531914894375
938.55,0.8576866341529694,0.030781962871094803,8.326512281898879,0.0,-1,-0.003462788343721712
935.3,0.4828826585620618,-0.11467400423993757,3.538731889554782,0.0,-1,-0.0018175986314550308
933.6,0.11357378255308959,-0.16132762674963663,1.1008139529448329,0.0,-1,-0.003856041131105381
930.0,-0.3805451373308415,-0.21848218221118926,-3.8444142677185695,0.0,-1,0.00010752688172055436
930.1,-0.5875591691618638,-0.1418320713474039,-3.684067973067613,0.0,-1,0.0
930.1,-0.6421029209806193,-0.06545860772205314,-3.68406797306762,0.0,-1,-0.001128910869799049
929.05,-0.7033662201416746,-0.04224063562770286,-5.405553323807055,0.0,-1,0.003982562833001468
932.75,-0.367050684710307,0.09802496660122162,1.6331214564135763,0.0,-1,-0.003966764942374801
929.05,-0.4766386932686828,-0.0038543473190513766,-4.753614796582909,0.0,-1,0.0008072762499327091
929.8,-0.42921280644225135,0.014523846502460025,-3.269570626873133,0.0,-1,-0.004355775435577525
925.75,-0.7072321291587969,-0.08783182540469514,-9.806076849914561,0.0,-1,-0.001998379692141561
923.9,-0.9414724464204483,-0.10735738088878222,-12.470440902499632,0.0,-1,0.0017859075657538082
925.55,-0.8426365678495813,-0.0028405007726384213,-8.619681965632495,0.0,-1,-0.0051320836259521885
920.8,-1.1188322479100634,-0.09301206027770692,-15.43486041465217,0.024363083297771482,-1,0.0022806255430061206
922.9,-0.9886940672811306,0.012375373450408622,-10.537197456641067,0.0,-1,-0.0042799869975077565
918.95,-1.170400471359926,-0.056443676876128945,-15.875267433647359,0.0,-1,0.0012514282605147198
920.1,-1.0678869674526368,0.015356609010386713,-13.113562544343345,0.0,-1,0.016845995000543512
935.6,0.3640270317887371,0.48242353608392025,11.22855010930278,0.0,-1,0.000641299700726794
936.2,1.0996484454269648,0.40601498324071605,11.861223217785756,0.0,-1,0.006675923947874418
942.45,1.8966551151272597,0.40100721764700364,17.920035178840976,-0.15902960977712155,-1,-0.005252268024828921
937.5,1.724603857050056,0.07631865318993336,9.58949621240636,0.0,-1,-0.0022400000000000198
935.4,1.3198612399239664,-0.1094746546453853,6.332581131166158,0.0,-1,0.007964507162711243
942.85,1.6283348280338714,0.06633297782150649,14.072819359719261,0.0,-1,-0.001962136076788523
941.0,1.4927103864193896,-0.023097154597658376,11.085327973573776,0.0,-1,0.000956429330499553
941.9,1.375505633410512,-0.04676730253551198,12.042002890453205,0.0,-1,-0.0017517783204161752
940.25,1.0647777874552276,-0.11916504949693207,9.083213541279164,0.0,-1,-0.0011167242754586137
939.2,0.7331823821897387,-0.15025348492080692,7.155900955418701,0.0,-1,-0.0012776831345826523
938.0,0.4062861477078741,-0.15904990646755723,4.882523451928421,0.0,-1,-0.0013326226012793096
936.75,0.10481418482459048,-0.1535072897836136,2.4671503925820844,0.0,-1,-0.007579396850813991
929.65,-0.6463229786857028,-0.301548151097969,-8.937898363139738,0.0,-1,0.004786747700747718
934.1,-0.5971979788837416,-0.0841410504320026,-1.188914728146493,0.0,-1,0.011294293972808012
944.65,0.3562976859242326,0.2897848714586572,11.979147895445209,0.0,-1,0.0005292965648653336
945.15,0.8450207111678765,0.2595026322341004,12.487306455341809,0.0,-1,-0.0038089192191715915
941.55,0.7189638311923545,0.04448191741952612,6.451404980984151,0.0,-1,-0.0009558706388401728
940.65,0.5210217386052136,-0.0511533917225383,4.976298627549127,0.0,-1,0.0035082124063148257
943.95,0.653632214094614,0.027152361255620705,9.308252650918803,0.0,-1,-0.0008475025160231686
943.15,0.5988014339981191,-0.009226139613624729,7.8100198543316495,0.0,-1,0.001961511954620132
945.0,0.6756525911166591,0.02254167250163841,10.381601506994272,0.0,-1,-0.002275132275132208
942.85,0.4786071204161999,-0.0581679327329403,5.975888385876907,0.0,-1,0.009121281221827537
951.45,1.0568671250313173,0.1733640239607257,16.756357732431752,-1.220826151706433,-1,-0.008828629985811243
943.05,0.5579248669195067,-0.10852607805036163,2.7402461579919546,0.0,-1,-0.0006892529558347738
942.4,0.2077933322869967,-0.15288587089429057,1.8050587629544808,0.0,-1,-0.0034486417657045854
939.15,-0.2554218793865175,-0.20536702752260158,-2.8406482169496456,0.0,-1,-0.0011712718947984868
938.05,-0.5574109952743811,-0.16911871447015503,-4.379190530585383,0.0,-1,0.0019188742604339115
939.85,-0.5119546369453474,-0.04122078538037377,-1.334201453903482,0.0,-1,0.0043623982550407
943.95,-0.10489690470217283,0.12194564895426693,5.037716849443264,0.0,-1,-0.0012182848667833257
942.8,0.011540036811197751,0.07946086348921251,2.9879158504328416,0.0,-1,0.0006364022061944308
943.4,0.11879683783365635,0.062239221503890385,3.981477595006453,0.0,-1,0.0018019927920289724
945.1,0.3041921685254465,0.08254485073189352,6.852249435118495,0.0,-1,0.0042852608189609676
949.15,0.7090404864942457,0.16246438956689757,12.967480362422826,0.0,-1,0.001791076226097088
950.85,0.9940446049374714,0.14915616933670772,15.263582074297602,-0.04105090158066105,-1,0.00015775358889413837
951.0,1.06620961374756,0.07377372604893218,15.473457110388793,0.0,-1,-0.0004731861198739029
950.55,0.9759413170070275,-0.00549819023053344,14.180869192340666,0.0,-1,0.002367050654884073
952.8,1.0369787255527854,0.018513072771741523,17.72116951909814,0.0,-1,-0.00299118387909314
949.95,0.7435825360296349,-0.09162770558380295,9.451173070875797,0.0,-1,-0.000315806095057658
949.65,0.5099192299322794,-0.10843033722705275,8.613998349148247,0.0,-1,-0.003738219343968785
946.1,0.05476097438929628,-0.18786286425667867,-0.542909269628268,0.0,-1,-0.0014269104745798789
944.75,-0.28988156791467645,-0.17750180218688383,-3.6054201286355863,0.0,-1,0.0012701772955809876
945.95,-0.3380460417405402,-0.07522209200424923,-0.5159596275766347,0.0,-1,0.007029969871557684
952.6,0.22020889149166578,0.1610109470759856,12.715329107619688,0.0,-1,-0.000419903422212875
952.2,0.44765228381675115,0.129484779800357,11.636366473943617,0.0,-1,0.00215290905271992
954.25,0.694902956327951,0.1255784841038523,15.059423437382662,0.0,-1,-0.0035630075975896514
950.85,0.47728637955628983,-0.03067936422260298,5.872410141247556,0.0,-1,-0.001367197770416051
949.55,0.22037089287402978,-0.09586495030162101,2.7102687081414274,0.0,-1,0.004791743457427167
954.1,0.452715575126831,0.04549324398372673,11.240931111891214,0.0,-1,-0.0024106487789540276
951.8,0.339494951659276,-0.022575793161276114,5.606908450860125,0.0,-1,-0.00583105694473629
946.25,-0.20790660604609457,-0.18999245028888226,-5.3953039790748605,0.0,-1,-0.0025363276089828135
943.85,-0.6642818343949557,-0.21545589287924782,-9.267587580936855,0.0,-1,-0.005032579329342535
939.1,-1.232945962369854,-0.26137334028471537,-15.797208697850799,2.48158655873965,-1,-0.001810243850495219
937.4,-1.5561991961598096,-0.194875524691557,-17.846878015584913,1.9385338110816974,-1,-0.0012801365478983806
936.2,-1.68814254670815,-0.10893962507996569,-19.29028197930758,0.9403762332545966,-1,0.0011749626148258585
937.3,-1.5217690097565537,0.019144637290543498,-16.26065339802083,0.0,-1,0.006081297343433212
943.0,-0.8367681571344292,0.2347151633042226,-2.934727269773113,0.0,-1,-0.008483563096500557
935.0,-1.0912037177288312,-0.006573465763393127,-14.171526361199852,0.0,-1,0.002941176470588225
937.75,-0.8983211882152773,0.062103021250053625,-8.808812287339812,0.0,-1,-0.002985870434550786
934.95,-0.9603531577739659,2.368389712170682e-05,-12.366738664415436,0.0,-1,-0.0009091395261778823
934.1,-0.9821730460720346,-0.007265401466982291,-13.432133650083323,0.0,-1,0.0017664061663633657
935.75,-0.7737352363817536,0.06705746940776625,-9.78181800943836,0.0,-1,-0.00032059845044074553
935.45,-0.6300383951714821,0.07025143687267921,-10.244005852924907,0.0,-1,-0.002084558234005107
933.5,-0.6681867749687171,0.010701019025148084,-13.290791825413166,0.0,-1,-0.007712908409212682
926.3,-1.2315787336199264,-0.1842303132086871,-22.071696468185927,0.0,-1,-0.005505775666630575
921.2,-1.8356431518105865,-0.2627649104664491,-26.496482524436455,1.1871641564530364,-1,0.002062527138514847
923.1,-1.826371764921646,-0.08449784119250281,-21.78841176277314,0.0,-1,-0.0016791246885494715
921.55,-1.7987050910670632,-0.01894372244597342,-23.27910442402506,0.0,-1,-0.000868102653138636
920.75,-1.70164632988417,0.026038346245639943,-24.064996073909374,0.0,-1,0.005647569915829598
925.95,-1.0779797551357433,0.2165683069980222,-11.08888116027564,0.0,-1,-0.002105945245423624
924.0,-0.8388148215001365,0.1519110802112097,-13.736128975123002,0.0,-1,-0.0005411255411255089
923.5,-0.6909977862241021,0.09990937182908133,-14.425655021082036,0.0,-1,-0.001678397401191023
921.95,-0.6886727864007298,0.03407812388415121,-16.612318542826273,0.0,-1,-0.001952383534898905
920.15,-0.7801208876223882,-0.019123325779169087,-19.065797143601177,0.0,-1,-0.0023365755583328873
918.0,-0.9400015309313403,-0.05966798969604037,-21.814600389732767,0.0,-1,0.006100217864923874
923.6,-0.4749417250081933,0.13513060540903554,-7.1242462309736965,0.0,-1,0.0009744478129058987
924.5,-0.12783334496259613,0.16074632848487758,-5.111121251423064,0.0,-1,0.0005408328826392861
925.0,0.09804029047381846,0.1288733213070974,-3.937769505792616,0.0,-1,0.00108108108108107
926.0,0.2861404173191886,0.10565781605082253,-1.5011196076174045,0.0,-1,0.007613390928725705
933.05,0.9438454459651666,0.2544542815656001,11.960139267266214,0.0,-1,-0.0030544986871013924
930.2,0.9565441731243709,0.08905100290826817,5.450087055341491,0.0,-1,0.00327886476026662
933.25,1.1373481889436334,0.08995167290917694,10.397793662393305,0.0,-1,0.001982319849986647
935.1,1.2871378477747157,0.07991377724675308,13.155565626704814,0.0,-1,-0.0008555234734253236
934.3,1.188104523208949,-0.00637318243967111,11.110849419234285,0.0,-1,0.0011238360269720804
935.35,1.1270791506586875,-0.022466184996644323,12.864208618872311,0.0,-1,0.0019778692468059855
937.2,1.1568098684953156,0.0024215109466612095,15.876110921461958,0.0,-1,-0.005868544600938996
931.7,0.6169410717056962,-0.1791490952809861,1.9562613621711336,0.0,-1,-0.0004293227433723734
931.3,0.2622615840019762,-0.17794286099490209,1.0840007054545922,0.0,-1,-0.001771716954794389
929.65,-0.07443329184991399,-0.17154591228226412,-2.5658957062119967,0.0,-1,-0.003173237239821325
926.7,-0.48241128878839845,-0.19317463640691618,-8.461662653074121,0.0,-1,0.0048019855400884826
931.15,-0.27536601319195597,0.004623546396508749,1.6176717302541803,0.0,-1,-0.0005369704129302155
930.65,-0.19056287429441454,0.029808895098016736,0.5300499349790471,0.0,-1,0.004190619459517597
934.55,0.19271893467896462,0.13769690135713197,8.168942881446704,0.0,-1,0.003424107859397729
937.75,0.6349665946090681,0.1933148537624118,13.331084129807827,0.0,-1,-0.0012263396427618645
936.6,0.7073432083566331,0.08856382250332562,10.356929563499904,0.0,-1,-0.0024023062139654217
934.35,0.49708624786740074,-0.04056437932863555,4.765815646859316,0.0,-1,-0.00042810509980195643
933.95,0.3172005803005504,-0.07348334896516195,3.7817121163930096,0.0,-1,-5.3536056534131404e-05
933.9,0.19665769815867407,-0.06467541036901275,3.647821289835406,0.0,-1,0.00010707784559382816
934.0,0.12833144890782933,-0.044333886539952516,3.9028433929584025,0.0,-1,-0.0019807280513919334
932.15,-0.07069262979325686,-0.0811193217470129,-1.5738319241907917,0.0,-1,-0.006973126642707772
925.65,-0.7059802833276763,-0.23880232509381083,-15.326843722375877,0.972329405924711,-1,0.0031869497110139644
928.6,-0.718959086484233,-0.08392704275012253,-7.143171920689859,0.0,-1,-0.0006999784622011562
927.95,-0.7197018975220999,-0.028223284595996434,-8.41845324527263,0.0,-1,0.006196454550353003
933.7,-0.18093147824754396,0.17018237822618654,4.801312920036061,0.0,-1,-0.0024633179822213247
931.4,-0.08813531208966197,0.08765951479468953,-0.2066651130031829,0.0,-1,-0.0057977238565599665
926.0,-0.4843926196699613,-0.10286593092853663,-9.792000835203233,0.0,-1,-0.014146868250540012
912.9,-1.7338218884875687,-0.45076506658204796,-23.527950842825245,6.984893367585187,-1,-0.0023551319969328244
910.75,-2.393218032189111,-0.3700537367611969,-25.08038174534667,4.918560217467075,-1,-0.01284655503705745
899.05,-3.4984812680240793,-0.49177232419872174,-31.60360604919158,9.507364715915855,-1,-0.0031143985317835243
896.25,-3.9929061136062955,-0.3287323899269792,-32.800785361879434,6.135341302223537,-1,-0.0015620641562064108
894.85,-4.024043026930144,-0.11995643441694259,-33.40090575890264,2.0052730883091954,-1,-0.006034530926970927
889.45,-4.154274564681259,-0.08339599072268555,-35.560210111638,1.3769443431174295,-1,-0.0029793692731464594
886.8,-4.094034119833282,-0.0077185152915690836,-36.51660723205296,0.0,-1,0.0011840324763194854
887.85,-3.635244387423313,0.15035707237279983,-34.065314685743196,0.0,-1,0.001295263839612426
889.0,-3.0070791555997403,0.25950743473212423,-31.263388912732733,0.0,-1,0.002193475815523094
890.95,-2.2799066100545815,0.32889332675909433,-26.461866713689695,0.0,-1,-0.0032549525787082256
888.05,-1.9679947864441374,0.2136017167898463,-28.55558871412673,0.0,-1,0.0005630313608468995
888.55,-1.6063726424353035,0.19174128693289338,-27.239408269814426,0.0,-1,-0.0006752574418996682
887.95,-1.341697183561223,0.15213891526899137,-27.736762036147123,0.0,-1,0.002533926459823199
890.2,-0.9100513554941472,0.19459491444535582,-21.24962320048107,0.0,-1,-0.008312738710402279
882.8,-1.2350574951693716,-0.043470408409956196,-27.96827269939554,0.0,-1,0.0036814680561849666
886.05,-1.023805773742879,0.0559271043388454,-19.98711870314174,0.0,-1,-0.0028779414254274105
883.5,-1.0453627652177602,0.011456704287988062,-22.446047707534262,0.0,-1,-0.0011884550084889645
882.45,-1.0565276971869935,9.725743958499677e-05,-23.441561862604953,0.0,-1,0.006572610346195162
888.25,-0.49073285507267883,0.18863069985129988,-10.111873745775526,0.0,-1,0.0058542077117929026
893.45,0.26639230390708235,0.3152519529436871,-0.9075278323598468,0.0,-1,0.0006155912474117287
894.0,0.66858885807153,0.23914950236937826,-0.007645124329080488,0.0,-1,-0.00928411633109616
885.7,0.12230473031445399,-0.10237820846256593,-11.437525534898931,0.0,-1,-0.0017500282262618017
884.15,-0.2901960610903416,-0.1716263332891205,-13.184090414555278,0.0,-1,0.0015268902335576762
885.5,-0.35976345170183777,-0.08039790796687224,-10.53096963569427,0.0,-1,0.002371541501976271
887.6,-0.18956685936575468,0.029932894789736958,-6.435139801269671,0.0,-1,-0.005689499774673368
882.55,-0.5095046582505347,-0.09666830136501436,-13.105580527796498,0.0,-1,-0.0017562744320435142
881.0,-0.7561815028387855,-0.11444838198442175,-14.936508159523513,0.0,-1,0.0028944381384790052
883.55,-0.6040047998964155,0.012576106985982771,-9.535754912278229,0.0,-1,-0.013694754116914565
871.45,-1.4859160484337508,-0.28977838051711746,-21.87049838725983,4.477453271691843,-1,0.0004590051064317091
871.85,-1.7697120019996646,-0.19119144469434368,-21.07469497760835,1.6178242166440668,-1,0.0006881917761083489
872.45,-1.7141339786160188,-0.04520447377023262,-19.786809539529308,0.0,-1,0.006476015817525438
878.1,-1.0726671353728534,0.19875412315764418,-8.664557865500889,0.0,-1,-0.0002277644915158472
877.9,-0.6792114524702129,0.1974032686867616,-8.922051889585994,0.0,-1,-0.005182822644948071
873.35,-0.8050493233130283,0.023855132614648777,-14.510412358710326,0.0,-1,0.0007442606057135315
874.0,-0.746714148458409,0.02739676915642264,-13.146813710315278,0.0,-1,0.024599542334096114
895.5,1.1363462846737775,0.6368190674295365,14.461448125564829,0.0,-1,0.003238414293690761
898.4,2.224847644183683,0.5751068089798139,16.646898159326852,0.0,-1,0.001168744434550284
899.45,2.6711943535900673,0.3404845061287327,17.45211476416496,0.0,-1,0.0037244983045192637
902.8,2.950934845494089,0.20674166601091803,20.018070007268804,0.0,-1,0.005150642445724607
907.45,3.2323938543216855,0.16273355827950464,23.26832950811017,-0.11118724002528779,-1,-0.0069425312689405105
901.15,2.578757204208614,-0.16363436394452213,12.988929519560855,0.0,-1,-0.002385840315152876
899.0,1.857875778801258,-0.29483859645062616,9.807220243474788,0.0,-1,0.004449388209121219
903.0,1.6759454178642272,-0.1589229857958856,13.607275075622873,0.0,-1,0.0006644518272425071
903.6,1.4953181192403235,-0.11318342813992976,14.17184151272626,0.0,-1,-0.0007746790615317245
902.9,1.222061293325055,-0.12881341801839952,12.906806915905022,0.0,-1,-0.0041532838631077595
899.15,0.67109443925699,-0.22659342402882154,6.300471076268451,0.0,-1,-0.0023911471945726737
897.0,0.16051980895156248,-0.245722684778083,2.770136192257567,0.0,-1,0.0020066889632106566
898.8,0.04185584305287193,-0.12146221689225786,5.373235927680483,0.0,-1,0.001223854027592397
899.9,0.07070253984920782,-0.03087184003197399,6.983106027990395,0.0,-1,0.001166796310701157
900.95,0.1667340099265857,0.02171987668180131,8.568299589347241,0.0,-1,0.002608357844497311
903.3,0.39668857747142283,0.08389148140887948,12.04632784745828,0.0,-1,-0.0008302889405512603
902.55,0.41610847978790844,0.034437127908455045,10.252718387937229,0.0,-1,-0.0011633704503904996
901.5,0.3036427242971058,-0.026009542527449192,7.65990505318338,0.0,-1,0.0018302828618967926
903.15,0.3596062861936389,0.009984673123027976,10.618838916845831,0.0,-1,-0.0013286829430326774
901.95,0.25762087662576505,-0.030666912148281933,7.378521350185174,0.0,-1,0.0011641443538998875
903.0,0.27265976545641024,-0.005209341105878895,9.484097821774895,0.0,-1,0.011351052048726551
913.25,1.1116242294169751,0.2779183742848954,23.619699561844882,-4.095930681762297,-1,0.005693950177936058
918.45,1.871804442279199,0.3460328623823732,27.955138971013696,-5.371532640320424,-1,-0.001742065436332929
916.85,1.9625775118537376,0.1456019773189705,23.808159467206153,-1.3354760389346438,-1,0.007634836669029754
923.85,2.4277492539864625,0.2035912398172317,29.18964498477753,-4.526785130443727,-1,-0.0021107322617308633
921.9,2.295522687220682,0.023788224350483667,24.45462413775485,0.0,-1,0.0029287341360235697
924.6,2.263115846569349,-0.002872872100283086,26.606582275340315,0.0,-1,0.010166558511788937
934.0,2.841652772362977,0.19188801789778154,32.356162627349846,-3.8039415858785333,-1,0.00845824411134899
941.9,3.552450170896236,0.3008951388103469,35.64968510153466,-5.315462858608726,-1,-0.007644123579997775
934.7,3.011811355921509,-0.07991455872146025,22.033248150370213,0.0,-1,-0.0060447202310902615
929.05,2.019674335440641,-0.35735052640077614,13.263903551860857,0.0,-1,0.0016683709165277172
930.6,1.484466297246854,-0.29751952153152095,14.5783522441086,0.0,-1,-0.00021491510853222096
930.4,1.076490086712738,-0.235165244021879,14.248764389090582,0.0,-1,0.004890369733448141
934.95,1.1619611408862056,-0.049898063282803884,18.333993588458767,0.0,-1,-0.004224824856944309
931.0,0.7786999062325322,-0.14438643264549245,11.549842567136615,0.0,-1,-0.0234693877551021
909.15,-1.2986557032803603,-0.7405806807194616,-11.774977110725857,0.0,-1,-0.004564703294285821
905.0,-2.574945532763536,-0.6722901700675459,-14.605588140654973,0.0,-1,5.524861878458687e-05
905.05,-2.9943449864414333,-0.36389654124848114,-14.541607053745729,0.0,-1,0.004198663057289664
908.85,-2.637849297743628,-0.0024669508502253024,-9.560658007584976,0.0,-1,-0.003135830995213751
906.0,-2.4772806785827015,0.05270055610356694,-12.004236288047274,0.0,-1,-0.007064017660044164
899.6,-2.7238896457870396,-0.06463613703359039,-16.982311424988346,0.0,-1,-0.0012227656736327752
898.5,-2.711869992240281,-0.017538827828944115,-17.78826601824064,0.0,-1,-0.023650528658875958
877.25,-4.250704332780288,-0.5187910561229834,-28.86296137764523,8.10131052194754,-1,-0.01424907381020235
864.75,-5.707562808651915,-0.6585498439982036,-32.74121693730183,10.20907202162789,-1,-0.004567794160161953
860.8,-6.289528479200044,-0.4135051715154443,-33.78577605213171,4.4550775108274365,-1,-0.00034851301115235156
860.5,-6.081383941207378,-0.06845354450759267,-33.868168646110426,0.0,-1,0.007553747821034351
867.0,-4.92886301044382,0.36135579541865503,-24.726673158232742,0.0,-1,-0.0040369088811995635
863.5,-4.233530627525056,0.35222939277913934,-26.273915495637528,0.0,-1,-0.0028951939779965352
861.0,-3.7414035504385765,0.2814521566218726,-27.373292731032986,0.0,-1,0.03164924506387923
888.25,-0.9127230493587604,1.0367108859005632,0.43932506062270704,0.0,-1,-0.006360821840697972
882.6,0.10684412196098947,0.6854260190734379,-3.4181813824040574,0.0,-1,0.00832766825288922
889.95,1.220224030790746,0.5996019759677315,1.8990706153110466,0.0,-1,-0.0029776953761447844
887.3,1.4543953159731018,0.2779244203833624,-0.09110819011087301,0.0,-1,-0.003888200157781907
883.85,1.1627813488998981,-0.004563182229947005,-2.7140882849046406,0.0,-1,-0.002206256717768862
881.9,0.7575759196216723,-0.13658953716939093,-4.224930419616143,0.0,-1,0.0024946139018029445
884.1,0.6751752116807666,-0.07299674837009884,-2.1367092367713028,0.0,-1,0.017362289333785696
899.45,1.8568769234035472,0.36956832111756066,9.850133097384997,0.0,-1,0.007560175662905122
906.25,2.8596547023146286,0.4574487000095475,13.93185158559271,0.0,-1,0.0025379310344826322
908.55,3.314405699910594,0.3040665658685042,15.259171245248169,0.0,-1,-0.0018711133124208468
906.85,3.123914057049319,0.037858307669076385,13.34473555408362,0.0,-1,-0.0027016595908916363
904.4,2.564175397531244,-0.17396011728299943,10.502580421131348,0.0,-1,0.002874834144183991
907.0,2.287291451311262,-0.150281354500994,12.48721829871672,0.0,-1,0.00033076074972426817
907.3,1.9832418572586903,-0.15144364951785505,12.72732732414378,0.0,-1,-0.016091700650280982
892.7,0.4492802387942447,-0.5618017559941002,-3.40115380442343,0.0,-1,-0.002800492886748107
890.2,-0.5634739236709265,-0.5248519728197572,-5.574427213250921,0.0,-1,0.009773084700067214
898.9,-0.2978948445976357,-0.0864242979154888,2.9163270450796475,0.0,-1,-0.0070641895650239706
892.55,-0.6694474013445415,-0.15265895155413156,-2.9173709816397846,0.0,-1,0.0010643661419529327
893.5,-0.7202697296058886,-0.06782709327182623,-1.9650723513962873,0.0,-1,-0.007274762171236682
887.0,-1.2273250829360904,-0.19162748220067605,-7.7459114322563,0.0,-1,-0.0035512965050732426
883.85,-1.6410756693564963,-0.20179268954036056,-10.317421956719997,0.0,-1,0.012106126605193168
894.55,-0.8195279901203776,0.20658499656525264,0.9492560136196602,0.0,-1,0.003856687720082741
898.0,-0.05296015132557841,0.32438427845335066,4.025779884042521,0.0,-1,0.013363028953229383
910.0,1.3347371140156383,0.5706938479315226,12.995665911507338,0.0,-1,0.00027472527472527375
910.25,1.938190987184953,0.39138257370027896,13.162039500442702,0.0,-1,0.0018126888217522286
911.9,2.215902008170815,0.22303119822871365,14.337858928075704,0.0,-1,-0.00800526373505861
904.6,1.561765684649572,-0.14370170843084318,5.611968967322113,0.0,-1,0.004753482202078274
908.9,1.4628837158347778,-0.0808612257485457,9.230877280238616,0.0,-1,0.009682033226977804
917.7,2.0248690884411644,0.1603747156192803,15.606960351401042,0.0,-1,0.006647052413642607
923.8,2.6454560173741584,0.26032054818409156,19.30441737512251,-0.5232891138412015,-1,-0.0024897163888286666
921.5,2.5436281470595077,0.05283089262314711,16.317546049282186,0.0,-1,-0.0029842647856754834
918.75,2.0515785329805567,-0.14640624048526796,12.72612436956586,0.0,-1,0.0027210884353741083
921.25,1.8429221815260917,-0.11835419731324426,14.659327826999274,0.0,-1,-0.0027679782903663464
918.7,1.3725171573383932,-0.19625307383364765,11.069645064368274,0.0,-1,0.000272123652987899
918.95,1.0437715487996684,-0.17499956079079082,11.303664561575502,0.0,-1,0.0044072038739866315
923.0,1.129917782130292,-0.02961777582005576,15.081882501086668,0.0,-1,-0.004062838569880878
919.25,0.7663310836181836,-0.13106815811072137,9.141141678046125,0.0,-1,-0.002882784878977418
916.6,0.2998434773938925,-0.19918525477833748,5.185834560681059,0.0,-1,-0.0036002618372246165
913.3,-0.23338728216776872,-0.24413867144666626,0.5116326424980642,0.0,-1,-0.004543961458447376
909.15,-0.826387055101236,-0.27904614812671125,-4.833824146013853,0.0,-1,-0.001814882032667886
907.5,-1.1915213536428837,-0.21472681555611972,-6.85106092214189,0.0,-1,-0.000550964187327807
907.0,-1.3164617234434672,-0.11322239511890109,-7.4903171555307395,0.0,-1,-0.001378169790518191
905.75,-1.3733934313901273,-0.056718034355186964,-9.1705738143813,0.0,-1,-0.013635109025669334
893.4,-2.316576499414282,-0.33330036745978053,-21.525860042228718,4.672473497219926,-1,0.00313409447056201
896.2,-2.361786658475239,-0.12617017550691267,-16.45961794686336,0.0,-1,0.0052443650970763755
900.9,-1.795909516466054,0.14656898883409086,-8.704450254478658,0.0,-1,-0.0019425019425018952
899.15,-1.5091451524226613,0.14444445095916114,-10.606223154729264,0.0,-1,-0.010398709892676439
889.8,-2.0191675410324024,-0.12185931255019322,-19.06391423450946,0.08130154817501989,-1,0.00022476961114858973
890.0,-2.089248106917921,-0.0639799594785706,-18.71329089486573,0.0,-1,0.002808988764045006
892.5,-1.7418510476175015,0.09447236660728309,-14.187372342330121,0.0,-1,-0.0074509803921568585
885.85,-1.9771649306658219,-0.046947172147012495,-20.023064185451588,0.0,-1,0.008974431337133826
893.8,-1.2675581279678454,0.220886543516988,-7.563417980199766,0.0,-1,-0.0008950548221078325
893.0,-0.8737915492881712,0.20488437406555415,-8.391226444921891,0.0,-1,0.011982082866741406
903.7,0.2875743691589605,0.4554167641708953,4.731799274613969,0.0,-1,0.006086090516764342
909.2,1.3026261309526035,0.4901561753215129,9.881347426844954,0.0,-1,-0.0035195776506820042
906.0,1.4349331676033898,0.20748773732409975,5.779361125893267,0.0,-1,0.008002207505518832
913.25,1.98567558862851,0.25274338611640657,12.28336893458156,0.0,-1,-0.00793868053654534
906.0,1.4914071667552662,-0.08050834525227901,3.534580131760947,0.0,-1,0.005849889624724103
911.3,1.5616556919223967,-0.003419940028382751,8.293170952123482,0.0,-1,0.004060133874684624
915.0,1.7749753135125275,0.06996656052058259,11.362483043855654,0.0,-1,0.0003825136612021218
915.35,1.7628871815147704,0.019292809507608588,11.659048508546555,0.0,-1,0.0020210848309389906
917.2,1.764102517056358,0.00683604834973206,13.31286143324266,0.0,-1,0.0008722197993893399
918.0,1.6843683084057375,-0.02429938676696275,14.05777217532544,0.0,-1,-0.0037581699346406205
914.55,1.2166371783799832,-0.16401017226423908,8.378056111141852,0.0,-1,-0.00038270187523914423
914.2,0.8522185151687154,-0.17614294515850237,7.800370096290862,0.0,-1,0.00010938525486747785
914.3,0.6073243072989953,-0.14034571767607418,7.9325234326743015,0.0,-1,0.0021874658208465014
916.3,0.600933511089238,-0.04891217129527714,10.669590529506387,0.0,-1,0.0004911055331224823
916.75,0.5851603203935838,-0.021561787330310445,11.299096844644474,0.0,-1,-0.0002727024815926127
916.5,0.5076770316795773,-0.03301502534810563,10.699387361162628,0.0,-1,-0.0005455537370431252
916.0,0.38496230134933285,-0.05190991855945004,9.40781743445838,0.0,-1,0.009334061135371163
924.55,1.0040247444051147,0.18905084149877727,21.094048843784165,0.0,-1,-0.006489643610405049
918.55,0.7298872372325604,-0.028362221891259032,8.060676643244449,0.0,-1,0.00440912307441077
922.6,0.8694945472102518,0.03708169602881073,13.130081643632877,0.0,-1,0.0014632560156080388
923.95,0.9793403232648643,0.04897582402780776,14.709961067231632,0.0,-1,0.0011905406136694108
925.05,1.0443181843534148,0.037984561705452835,16.027886212700224,0.0,-1,0.000432409058969796
925.45,1.0231139328683412,0.005593436740126467,16.532875084841507,0.0,-1,-0.0010265276352044994
924.5,0.8480856460533914,-0.05647828335827443,14.02153001079705,0.0,-1,0.004164413196322325
928.35,1.010731032141507,0.03538903424328044,19.248304687338617,0.0,-1,0.0010233209457639614
929.3,1.0869928058403957,0.037216935980723065,20.426231018265156,0.0,-1,0.0022059614763800806
931.35,1.205374292203146,0.05186614078115781,22.91385120885427,0.0,-1,-0.0009663391850539549
930.45,1.0891171777009276,-0.021463657907020206,20.03996571140931,0.0,-1,0.0017733354828308734
932.1,1.0777288556414533,-0.010950659988831601,22.26665966425321,0.0,-1,0.001287415513356871
933.3,1.082223956641542,-0.0021518529962476496,23.837910231596865,0.0,-1,0.0016072002571521082
934.8,1.1192861774214862,0.011636789261232128,25.74638836740438,0.0,-1,0.0011767222935388233
935.9,1.1362101063597265,0.00952023939982416,27.1071248058132,0.0,-1,0.0012821882679774355
937.1,1.1499878952988638,0.007766009446320554,28.56483275935969,0.0,-1,-0.0011738341692455467
936.0,0.9693777984934968,-0.05761469578634881,23.779886182063564,0.0,-1,0.0036324786324786196
939.4,1.081624600216287,0.018210701978813804,28.315551549544764,0.0,-1,-0.0005854800936767601
938.85,1.0017792843930238,-0.02054487128148308,25.953995167861137,0.0,-1,0.0029291154071471315
941.6,1.1075416861153826,0.028405843480291848,29.404278861831415,0.0,-1,-0.00026550552251491943
941.35,1.0472944131334998,-0.01061380983386373,28.26986566654051,0.0,-1,0.002177723482232885
943.4,1.1007295755481437,0.014273784193593375,30.772623029299737,0.0,-1,-0.005511977952088132
938.2,0.6023863587931828,-0.1613564775204558,10.978369885021067,0.0,-1,0.004210189725005309
942.15,0.6321825538495887,-0.04385342748801668,17.66617053985368,0.0,-1,0.008809637531178804
950.45,1.2860654385569887,0.20334315240646106,26.906784193199016,-1.7023948555992092,-1,0.002893366300173561
953.2,1.7350014276976253,0.2174263805156993,29.105127369629727,-1.8125230031843103,-1,0.011749895090222395
964.4,2.7482193032931264,0.4102147520370667,35.39615011283598,-7.670365895294481,-1,-0.0016072169224388144
962.85,2.896643299149787,0.18621291596457556,31.617505811541747,-2.20396028814298,-1,-0.010905125408942173
952.35,1.854468355482254,-0.28532067590098587,11.226021091931457,0.0,-1,0.002730088727883606
954.95,1.395508520691692,-0.2480935035638494,13.719900978573918,0.0,-1,-0.003979265930153519
951.15,0.7330695599054025,-0.3035108214500464,7.693854751288242,0.0,-1,0.0006308153288125951
951.75,0.3907609495200859,-0.21527314394512098,8.384316373476743,0.0,-1,-0.0045179931704754095
947.45,-0.17129010146584278,-0.25910806497701655,1.669350822741663,0.0,-1,-0.002955301071296712
944.65,-0.6713747851699736,-0.25306424956038254,-2.299945578893656,0.0,-1,-0.0008998041602710227
943.8,-0.9363025615912193,-0.17266400866054277,-3.504725514622308,0.0,-1,-0.006463233735960916
937.7,-1.499074569669233,-0.24514533891285217,-11.299055907865515,0.0,-1,-0.0012797269915751919
936.5,-1.7555376929025215,-0.16720282071538017,-12.667010449255947,0.0,-1,0.010090763481046539
945.95,-0.9499744467772189,0.21278680846997422,2.136445262374373,0.0,-1,-0.0013742798245151011
944.65,-0.5763616198165664,0.19546654514354223,0.31954991035768643,0.0,-1,0.006245699465410537
950.55,0.15014159531517635,0.30732325342509503,7.745144980099717,0.0,-1,-0.00026300562832048957
950.3,0.4800480699381069,0.2124099093493419,7.341628523293153,0.0,-1,-0.004840576660002038
945.7,0.22166396808802347,-0.015324730833580519,0.17364870753237938,0.0,-1,0.0034894786930315114
949.0,0.3489999198222904,0.037337073633562146,4.688550470658903,0.0,-1,-0.008535300316122263
940.9,-0.2914154309623882,-0.20102609238370547,-6.1483228610593414,0.0,-1,-0.00191306196195129
939.1,-0.737338487107877,-0.21564971617639805,-8.193793827172932,0.0,-1,0.0061761260781598715
944.9,-0.4155218079216638,0.035388987669938365,0.13391223178318512,0.0,-1,-0.009948142660598958
935.5,-1.0033199843351213,-0.18413639624783973,-10.138260502086652,0.0,-1,0.004917156600748207
940.1,-0.8302757405139118,-0.003697384142210103,-4.109953683333082,0.0,-1,-0.0020210615891925743
938.2,-0.8328973068937557,-0.00210631684068463,-6.128240122277958,0.0,-1,0.008793434235770725
946.45,-0.07729998117588366,0.25116366962572917,3.696777935359286,0.0,-1,0.005018754292355654
951.2,0.7027736801144329,0.3437457769720153,8.359746120269577,0.0,-1,-0.0017346509671993804
949.55,0.8967460374167331,0.17923937809143853,6.1762529774939665,0.0,-1,-0.001632352166815787
948.0,0.7898367129497501,0.02411001787481848,4.064908225623434,0.0,-1,-0.003428270042194148
944.75,0.39972899130384576,-0.121999234590362,-0.28797478193189363,0.0,-1,-0.003598835670812317
941.35,-0.1119689521278815,-0.21123239267402977,-4.542222457867084,0.0,-1,0.002815105964837805
944.0,-0.13765384449959583,-0.07897242834858137,-0.77891921610086,0.0,-1,0.0
944.0,-0.13902513697723862,-0.026781240275408055,-0.77891921610086,0.0,-1,0.0025953389830508655
946.45,0.07604131153209437,0.062761736077975,2.9281669956527807,0.0,-1,0.0015320407839822803
947.9,0.2980710931590238,0.09493050590163482,5.084448122369409,0.0,-1,-0.006857263424411841
941.4,-0.15741994045743013,-0.12018684257160639,-5.14894732676904,0.0,-1,-0.001221584873592474
940.25,-0.46788046222752655,-0.14354912144723425,-6.729203929606861,0.0,-1,-0.0003190640787024135
939.95,-0.6091206845936767,-0.09492978127112817,-7.1666434196870625,0.0,-1,0.0005851375073142595
940.5,-0.5831474053939019,-0.022985500690451133,-6.013158061923264,0.0,-1,-0.004997341839447111
935.8,-0.9132318153444885,-0.11768997021367922,-13.085442495541002,0.0,-1,-0.0029386621072878816
933.05,-1.2313380357078358,-0.14526539685900897,-16.578860220364014,0.0,-1,0.002357858635657406
935.25,-1.1044463095805668,-0.0061245569105798925,-11.412802585599565,0.0,-1,-0.0002673082063618937
935.0,-0.9697965873851899,0.04284172176159906,-11.787177573361177,0.0,-1,-0.002566844919786093
932.6,-1.0216553440054668,-0.003005678286225999,-15.370893660427178,0.0,-1,-0.002466223461291106
930.3,-1.1541134436483844,-0.045154592643047886,-18.515033150256727,0.0,-1,0.0008599376545201931
931.1,-1.0574997064991294,0.01715304816873564,-16.192360368066858,0.0,-1,-0.010793684888841248
921.05,-1.7585678623828471,-0.22797170257166077,-27.051408518399963,3.532752836482473,-1,-0.002931436946962629
918.35,-2.187554618459558,-0.21898615288279055,-29.05922853092403,2.8108630115214055,-1,0.00696902052594317
924.75,-1.6864184449595996,0.09405000687238929,-14.253238129107316,0.0,-1,0.001513922681805946
926.15,-1.1786488211296273,0.20060654356745378,-11.455844172832101,0.0,-1,0.005992549802947833
931.7,-0.3640432741204904,0.3384040301921969,-1.5668589248974385,0.0,-1,0.002146613716861756
933.7,0.24026310556075714,0.31423680329114817,1.5544512162569006,0.0,-1,-0.0013387597729463963
932.45,0.4182277032713273,0.16406713366723946,-0.5251875739459138,0.0,-1,0.010027347310847645
941.8,1.251524360187318,0.3324545968610768,12.160767051810659,0.0,-1,-0.004831174346995093
937.25,1.1847123252963456,0.08854752065670146,4.730537836541025,0.0,-1,-0.0037343291544411628
933.75,0.7609136140762303,-0.1117503968544713,-0.3426773628669082,0.0,-1,-0.004016064257028162
930.0,0.17310479062655304,-0.23318640676804953,-5.277794811954131,0.0,-1,-0.0037634408602150726
926.5,-0.42689168698393587,-0.27772762812617946,-9.456395021238293,0.0,-1,-0.0021586616297895045
924.5,-0.8579822852071857,-0.23627274211647642,-11.726891290662216,0.0,-1,0.0023796646836127255
926.7,-0.8186957272182553,-0.06566206137584873,-7.772584138247865,0.0,-1,-0.013111039171252892
914.55,-1.7433278042889242,-0.3300980461488392,-19.68824560105703,1.5917751917552323,-1,0.002350882947897981
916.7,-1.8811998591335168,-0.15599003366447728,-16.025114306775848,0.0,-1,0.016253954401658
931.6,-0.5517025649613743,0.39116908683588847,2.99902819283038,0.0,-1,0.0002146844139114812
931.8,0.1756879625381771,0.37285320477848005,3.2001419051453937,0.0,-1,0.0012878300064391723
933.0,0.6247425627431085,0.2739692683278038,4.498136166533314,0.0,-1,0.0
933.0,0.7972079826170102,0.14881156273390184,4.498136166533314,0.0,-1,-0.002143622722400873
931.0,0.6503400273359148,0.0006478691509355095,1.5559460807125234,0.0,-1,-0.0026852846401718145
928.5,0.31437771408400295,-0.11177148136699211,-2.0401739634284297,0.0,-1,0.0047388260635432555
932.9,0.4868650812843498,0.020238628611118248,4.206254169342095,0.0,-1,-0.003483760317290141
929.65,0.2617033414441039,-0.06830770374304257,-0.6547555330721551,0.0,-1,0.0019362125531114938
931.45,0.27731385973709166,-0.017565728483351584,1.994447235516816,0.0,-1,-0.001341993665789909
930.2,0.1578429639054093,-0.04567887477167798,-0.0223659306663464,0.0,-1,0.004568909911846886
934.45,0.4391206023307177,0.0785329212178768,6.370881957195998,0.0,-1,-0.002835892771148929
931.8,0.32233270468259434,-0.012751658810082167,1.7854572699150992,0.0,-1,-0.0003219575016097931
931.5,0.21207769713498692,-0.04100222211922988,1.260958673286808,0.0,-1,0.0018786902844873943
933.25,0.28511038526653465,0.010676822004105968,4.26340095318379,0.0,-1,0.003482453790516926
936.5,0.5687008638934685,0.09808910021034661,9.421571647355108,0.0,-1,0.009717031500267037
945.6,1.4214376978825385,0.3169419780664722,19.96128347173392,-2.0913555898262075,-1,-0.002115059221658222
943.6,1.5626863067201384,0.1527301956346907,15.78846618007212,0.0,-1,-0.005086901229334528
938.8,1.103086752245531,-0.10228978627997232,6.760560576493326,0.0,-1,0.00021303792074989225
939.0,0.7980297456543894,-0.13578226429037132,7.033529481174703,0.0,-1,-0.005750798722044759
933.6,0.1289987635543639,-0.26827108213013234,-2.048037015352641,0.0,-1,0.0035882604970007836
936.95,0.06290004220818446,-0.1114566011587706,3.099682114988944,0.0,-1,0.001974491701798309
938.8,0.17877567801770056,0.0014730115502485097,5.783070182932292,0.0,-1,-0.0038346825734979495
935.2,-0.07818447724559974,-0.08516238123768392,-0.35801472800743994,0.0,-1,-0.007538494439692123
928.15,-0.7876491817735314,-0.26487569525520516,-9.95144006979892,0.0,-1,-0.0010235414534287557
927.2,-1.155910768889612,-0.21104576079042858,-11.077640520952556,0.0,-1,-0.0023188093183780234
925.05,-1.422882331707001,-0.15933910786927252,-13.648196688190481,0.0,-1,0.009729203826820187
934.05,-0.687794585473398,0.19191621278811022,1.3086829913089488,0.0,-1,-0.0019270916974465369
932.25,-0.4129344969004478,0.15559210045368677,-1.237715825403093,0.0,-1,-0.002306248323947435
930.1,-0.42025991120567596,0.04942222871615287,-4.25100336406166,0.0,-1,0.006289646274594052
935.95,0.09859904090887994,0.18942706027690295,4.288902439465815,0.0,-1,0.013248570970671558
948.35,1.3831452635570258,0.49132442764168294,16.652230766186534,-1.0865500517786586,-1,0.007486687404439252
955.45,2.501822936251415,0.5366673667786905,21.547997777474322,-4.1283928237287455,-1,-0.00047098225966824003
955.0,2.815176527911035,0.28334031947943705,20.815854448920007,-0.5663596354803531,-1,0.012041884816753834
966.5,3.6955886130815543,0.38791746821665196,27.386513914704977,-6.181673401362559,-1,-0.008484221417485838
958.3,3.1444956045767185,-0.05439184676272779,15.672195715299992,0.0,-1,0.000365230094959923
958.65,2.636074466609557,-0.18760432824329643,15.916878144432559,0.0,-1,0.0011996036092420947
959.8,2.2580243587418636,-0.1885514787036633,16.781301820027778,0.0,-1,-0.0034903104813501784
956.45,1.6016639415795453,-0.28163729862199394,11.715092522429913,0.0,-1,-0.0023001725129385697
954.25,0.9566784045333634,-0.30887427855605853,8.477992870294734,0.0,-1,-0.0013099292638197868
953.0,0.450295768965816,-0.2717523047078687,6.603629505983534,0.0,-1,0.015529905561385116
967.8,1.3929131371015728,0.22362168780929603,19.475029254426417,0.0,-1,-0.007129572225666458
960.9,1.1731457264110077,0.0012847590395770325,10.222212838372805,0.0,-1,-0.0009366219169528733
960.0,0.8904998771980672,-0.09378703005778777,9.081831591755204,0.0,-1,0.012395833333333384
971.9,1.6666352961584607,0.2274494629675352,17.987634291714897,0.0,-1,0.0004115649758205109
972.3,1.9491500642920983,0.16998807703372432,18.245758742306776,0.0,-1,-0.0013370358942712546
971.0,1.8196449430013217,0.0134943185809826,16.314844516183555,0.0,-1,-0.0007209062821833534
970.3,1.544921970439077,-0.08707621799375409,15.210968883090644,0.0,-1,-0.006647428630320418
963.85,0.7413169866214275,-0.2968937339371345,5.715720918343422,0.0,-1,0.0023343881309332293
966.1,0.4652380791608266,-0.19099088046591184,8.081487098698872,0.0,-1,-0.00165614325639174
964.5,0.15509545216707465,-0.1670445024865546,5.729149707173995,0.0,-1,0.00425090720580612
968.6,0.32876618432305804,0.002208743223142906,10.306391277728544,0.0,-1,-0.0006710716498038449
967.95,0.3340377017074161,0.0024934202025003183,9.22769838628534,0.0,-1,-0.003925822614804564
964.15,-0.00782968140936191,-0.11312465430475924,3.0624636556340263,0.0,-1,-0.001607633666960484
962.6,-0.3072775661836431,-0.13752417969301348,0.6719145672447908,0.0,-1,0.0052981508414711165
967.7,-0.006395044722125931,0.05445278058950124,7.647563623075982,0.0,-1,-0.00020667562261034167
967.5,0.12791246973552006,0.06292009834904909,7.294526150159278,0.0,-1,-0.0037209302325581506
963.9,-0.11559314551368516,-0.06019517230005206,1.0427437250600704,0.0,-1,-0.007210291524016976
956.95,-0.8068798576787231,-0.25049396148836334,-8.638421321278003,0.0,-1,-0.006217670724698254
951.0,-1.5811165589547045,-0.3415768875881151,-14.960269006370488,1.7952730251154208,-1,0.006466876971608748
957.15,-1.3239751963465096,-0.02814517499330682,-5.260196376711335,0.0,-1,-0.001723867732330353
955.5,-1.2225732486801917,0.024418924224337113,-7.1668571512109835,0.0,-1,0.00026164311878607016
955.75,-1.04915783745696,0.06594477848252289,-6.759633963179169,0.0,-1,-0.003400470834423186
952.5,-1.14585364539073,-0.01025034315041573,-10.79371584343749,0.0,-1,0.00020997375328080103
952.7,-1.0820470789083174,0.017852074443998944,-10.40836478844129,0.0,-1,-0.005563136349323039
947.4,-1.4016398724247665,-0.10058023969081664,-16.635470428846325,0.0,-1,-0.0023221448173949
945.2,-1.6279662798142454,-0.1089688823600985,-18.892087961940884,0.0,-1,0.004602200592467076
949.55,-1.2429656268577673,0.0920105901987931,-9.979570914600785,0.0,-1,0.00047390869359165144
950.0,-0.9093848314747675,0.141863795193931,-9.10074126306462,0.0,-1,0.03057894736842104
979.05,1.7540209688396544,0.935089865169451,21.184077802696564,-2.370510217197534,-1,0.005209131300750736
984.15,3.364555454926858,0.8485414504188848,23.802685056006283,-3.3029981801506665,-1,-0.004775694761977256
979.45,3.4977764100599416,0.32725413518398927,17.519865531049163,0.0,-1,0.0038797284190106307
983.25,3.589572186788132,0.1396833039707266,19.82735157925248,0.0,-1,-0.002339181286549641
980.95,3.144672392919915,-0.10173882996582995,16.643304234069987,0.0,-1,0.0002548549875120987
981.2,2.680999796575861,-0.18847047543662798,16.825997057867028,0.0,-1,0.003668976763147036
984.8,2.5257468486890957,-0.114574474441131,19.498847716168953,0.0,-1,-0.0060418359057675675
978.85,1.7418081373549512,-0.2995043952584253,10.541095486312493,0.0,-1,0.002554017469479586
981.35,1.4130214369082523,-0.20943036523504133,12.780694367117931,0.0,-1,0.0020380088653386697
983.35,1.2975429669425012,-0.10830294506693083,14.5682724579857,0.0,-1,-0.003305028728326609
980.1,0.8608418180477884,-0.18166803132054787,9.415866786433504,0.0,-1,0.0028058361391694042
982.85,0.799921092096497,-0.08086291909061305,12.248145550304699,0.0,-1,-0.0008648318665106514
982.0,0.6319673047795504,-0.0829389021358532,10.791131726623426,0.0,-1,-0.0002545824847250966
981.75,0.4744931357228097,-0.08013769039753127,10.329658304505543,0.0,-1,0.021135727018079864
1002.5,2.0853816232174722,0.5102502656990437,26.66547856501444,0.0,-1,-0.01007481296758106
992.4,1.8753773983634119,0.10008201361499447,12.701380995537434,0.0,-1,-0.0054413542926239344
987.0,1.1640938360726523,-0.2037338495585883,6.579282201059733,0.0,-1,0.005268490374873425
992.2,1.1447775685878696,-0.07435003901445691,10.6863653826179,0.0,-1,-0.00010078613182828988
992.1,1.0313879707965725,-0.06257987893525141,10.563958763684866,0.0,-1,-0.0016631387964922695
990.45,0.751244174334488,-0.11424122513244528,8.404228563114422,0.0,-1,-0.0028269978292695397
987.65,0.31523526157559445,-0.1834167126304463,4.724636214295977,0.0,-1,-0.0036956411684301305
984.0,-0.23320546660181662,-0.24395248026928584,0.14843489098281992,0.0,-1,-0.005081300813008172
979.0,-0.9046587084736757,-0.305135240713715,-5.513734052463285,0.0,-1,-0.004749744637385089
974.35,-1.5524971037035584,-0.3176578786478659,-10.161735836577598,0.0,-1,0.002206599271308951
976.5,-1.567874876009796,-0.11101188365136783,-7.096976068597364,0.0,-1,0.0035330261136712338
979.95,-1.1574075224954186,0.09981848995433662,-2.342841200062793,0.0,-1,0.0028572886371753814
982.75,-0.6223898855303105,0.21161204230648156,1.3128473879381204,0.0,-1,0.0
982.75,-0.303015243253526,0.17699556152775536,1.3128473879381204,0.0,-1,0.0036631900279826546
986.35,0.18192334815591948,0.22064471764573362,6.171621958483527,0.0,-1,0.002129061692097256
988.45,0.5842323648477077,0.20765124477917396,8.834320189958987,0.0,-1,0.007891142698163822
996.25,1.3867008427896508,0.3367065742403723,17.086571924596115,0.0,-1,0.002559598494353832
998.8,1.8848766781948143,0.2782941365485119,19.320592708691947,0.0,-1,0.003103724469363245
1001.9,2.2352248727144115,0.20954744368936984,21.897169871454295,0.0,-1,0.004641181754666102
1006.55,2.6116302305814543,0.1953176005188042,25.347815404748815,0.0,-1,-0.0063086781580645734
1000.2,2.0530303902997957,-0.12109407992095145,13.514614914567503,0.0,-1,0.012647470505898761
1012.85,2.656811270967296,0.16089560024884975,22.92607604982649,-2.388671639144036,-1,-0.0029125734314064955
1009.9,2.4914674387205196,-0.001482743999309033,18.35718038802328,0.0,-1,-0.0034161798197840376
1006.45,1.9136732360370843,-0.19309231556091477,13.211102784816632,0.0,-1,-0.0038750062099459637
1002.55,1.140303365025602,-0.322154062190799,7.750381041629851,0.0,-1,-0.0008478380130665375
1001.7,0.5877598157677539,-0.2915658704828824,6.56698124026088,0.0,-1,4.991514425478627e-05
1001.75,0.2666747231581894,-0.2042169876974823,6.625074259898767,0.0,-1,-0.0017469428500124229
1000.0,-0.06192405007641355,-0.17760525364402846,3.8253434261108055,0.0,-1,0.020999999999999908
1021.0,1.5289369008127096,0.47108523241503164,22.17126919822114,0.0,-1,0.00352595494613106
1024.6,2.496955967856138,0.4797014331528202,24.12915462941268,0.0,-1,0.0026351747023229954
1027.3,2.9978858373898447,0.3268771008955089,25.56193444424187,0.0,-1,-0.0006327265647813052
1026.65,2.9443602857074893,0.09111718307105132,24.458891342837617,0.0,-1,0.0001948083572782533
1026.85,2.6889008193907102,-0.0547807610819091,24.585726962838493,0.0,-1,0.0033597896479524714
1030.3,2.6245960179496706,-0.03969518750764944,26.794443901564435,0.0,-1,-0.0002911773269921314
1030.0,2.3487272823999774,-0.10518797435244753,26.154973727306952,0.0,-1,-0.010339805825242743
1019.35,1.1275656410920192,-0.44211653855346866,7.32595669637648,0.0,-1,-0.00034335606023450094
1019.0,0.39385435034694183,-0.391942609766182,6.813032397898851,0.0,-1,0.008488714425907817
1027.65,0.7150108424455084,-0.023595372555871852,15.33120227017345,0.0,-1,-0.0006811657665548587
1026.95,0.7576715182910903,0.006355101096570004,14.192739278352434,0.0,-1,0.0013632601392472576
1028.35,0.832529229689726,0.027070937498401948,15.527663087193815,0.0,-1,-0.0009238099868720262
1027.4,0.7214139829147825,-0.028014769758847202,13.736132819961277,0.0,-1,-0.00014599961066774636
1027.25,0.5932385276178138,-0.05206340835193868,13.431881683635396,0.0,-1,0.02311998053054265
1051.0,2.4588809226677313,0.6045263288993263,30.123872125340824,-3.980066800046643,-1,0.00033301617507119907
1051.35,3.2159620433037617,0.45386914984511906,30.27132908105557,0.0,-1,-0.009606696152565708
1041.25,2.4848391000132324,-0.09241793114847008,14.846199259389806,0.0,-1,4.801920768304768e-05
1041.3,1.916374370033509,-0.2202942203760645,14.88331755067567,0.0,-1,0.004273504273504258
1045.75,1.8432774742075253,-0.09779703873401613,18.203365394689968,0.0,-1,-0.005976571838393507
1039.5,1.1322892367772965,-0.2695950920547483,9.434437208561128,0.0,-1,0.0009620009620010528
1040.5,0.7657710149974264,-0.21203777127820622,10.340922557383337,0.0,-1,0.002787121576165452
1043.4,0.7603643195243421,-0.07248148891709683,13.004742274551262,0.0,-1,0.007283879624305101
1051.0,1.3276306118275443,0.1649282677953685,19.05677050431575,0.0,-1,0.011037107516650657
1062.6,2.4672945403267477,0.4348640654315239,25.777007270412923,-2.2011267875593603,-1,-0.01637492941840757
1045.2,1.3815186262156658,-0.21697061622651925,5.637961286277928,0.0,-1,-0.0029659395331038674
1042.1,0.46517078364217923,-0.377772819600002,2.85712806639944,0.0,-1,-0.0071970060454851215
1034.6,-0.6567673696147267,-0.49990365761896943,-3.4034515562963676,0.0,-1,-9.665571235251136e-05
1034.5,-1.1713391654418501,-0.338158484482031,-3.485072114379136,0.0,-1,-0.006621556307394805
1027.65,-1.9018467995686024,-0.3562220395362612,-8.95691780001031,0.0,-1,-0.008076679803435072
1019.35,-2.80028005000122,-0.4182184299896261,-14.568396378560863,0.0,-1,0.0006376612547212002
1020.0,-2.961973337717609,-0.1933039059020052,-13.809270362489833,0.0,-1,-0.0017156862745097978
1018.25,-2.9418222034325936,-0.05771759053899661,-15.03886396223956,0.0,-1,0.0004419346918733691
1018.7,-2.6490947860040706,0.07833660896317562,-14.413585193073729,0.0,-1,-0.0009325611072936724
1017.75,-2.361139845122807,0.12209718328147989,-15.198402369791111,0.0,-1,0.0027511667894866143
1020.55,-1.7870673875886496,0.2320565469385456,-10.80674984940238,0.0,-1,-0.031649600705501935
988.25,-4.042775543189123,-0.6745505362206425,-28.966380500252704,11.477824377200477,-1,0.006830255502150218
995.0,-4.27123165905698,-0.30100221736283306,-21.2959564773456,0.0,-1,-0.0038190954773869024
991.2,-4.346190412069518,-0.12532032345845678,-22.940103269802574,0.0,-1,0.0073143664245358675
998.45,-3.4173205875698613,0.26784983368039983,-15.042316395972783,0.0,-1,0.0026541138765086014
1001.1,-2.4472756263559177,0.41263159829811435,-12.302570051671289,0.0,-1,-0.0033962641094795742
997.7,-2.0416468435525985,0.27275346036714465,-14.438026618194414,0.0,-1,0.00330760749724357
1001.0,-1.3936952151882451,0.3069016962438327,-10.728133109241526,0.0,-1,-0.009390609390609317
991.6,-1.7369114664070366,-0.012104851658319538,-16.781189184420597,0.0,-1,0.015127067365873437
1006.6,-0.5137769698159218,0.4036765483109318,-2.447996245411673,0.0,-1,-0.005612954500297973
1000.95,-0.3302283073689978,0.19574173691928531,-6.36735500432372,0.0,-1,0.0
1000.95,-0.21093495053150946,0.10501169791892456,-6.367355004323727,0.0,-1,0.0005994305409859901
1001.55,-0.08371035956849937,0.07741209629397822,-5.764762346432548,0.0,-1,-0.005541410813239445
996.0,-0.4756222007895303,-0.10483324830901758,-10.143914587428874,0.0,-1,-0.0022088353413655115
993.8,-0.8152762713342554,-0.1481624396179142,-11.809122640944594,0.0,-1,0.010817065808009563
1004.55,-0.02133028399543946,0.21526118257363394,-0.3808063840794844,0.0,-1,-0.004728485391468862
999.8,-0.018413099993153992,0.07272612219197315,-4.510200457686651,0.0,-1,-0.0006501300260052245
999.15,-0.06958674965926548,0.007184157508620559,-5.078617356280553,0.0,-1,0.0018515738377620217
1001.0,0.0647919879793335,0.04718763171573985,-2.984886616746799,0.0,-1,0.004195804195804342
1005.2,0.4765820244671204,0.15299255606784223,1.6512682883694652,0.0,-1,0.0027855153203342198
1008.0,0.8760952073387216,0.18416857964648115,4.594221049586736,0.0,-1,0.004811507936507864
1012.85,1.407010531496212,0.2383613012679906,9.355672347430911,-1.6535100285598219,-1,0.011255368514587527
1024.25,2.50521731595029,0.44552269524068944,18.093887148645408,-7.504874050486478,-1,-0.0071759824261654614
1016.9,2.233052598514746,0.05778599260171502,9.006072525510454,0.0,-1,0.0018192545973054752
1018.75,2.065049189920728,-0.036739138664100945,10.48109329002461,0.0,-1,-0.006478527607362006
1012.15,1.2589600531304086,-0.28094275848480676,2.9315159932784454,0.0,-1,-0.003853183816627914
1008.25,0.4260021469743833,-0.3713002215469441,-1.0779438376114001,0.0,-1,0.00203322588643684
1010.3,0.14485634831521566,-0.2174820067353706,1.0860261147371801,0.0,-1,0.009056715826982087
1019.45,0.7547120866260002,0.1307912438584713,9.578835300784661,0.0,-1,0.005149835695718252
1024.7,1.434247281895864,0.27010881304277845,13.607206750530352,0.0,-1,-0.00419635015126385
1020.4,1.2961609393728395,0.04400749017325123,8.318006622481356,0.0,-1,0.0008820070560564552
1021.3,1.1941043564968368,-0.019349697567583757,9.108767939314141,0.0,-1,-0.009203955742680847
1011.9,0.26023403535077705,-0.31774000623788123,-1.55657070274097,0.0,-1,-0.0010870639391243886
1010.8,-0.3200539615014577,-0.29934266769670537,-2.667045429905997,0.0,-1,0.0020775623268698418
1012.9,-0.4085267964691184,-0.12927183422145538,-0.2248707305710198,0.0,-1,-4.9363214532527344e-05
1012.85,-0.4228859809138612,-0.04787700622206609,-0.28585613904643026,0.0,-1,-0.011600928074245953
1001.1,-1.3739917413934108,-0.3329942555672052,-12.335434598654132,0.0,-1,0.004395165318149985
1005.5,-1.3683786431837461,-0.10912705245251342,-6.624961268549548,0.0,-1,0.0008453505718548637
1006.35,-1.180707207146952,0.02618146119476017,-5.532988270367959,0.0,-1,-0.007800467034332015
998.5,-1.6426458885330248,-0.1452524067304375,-12.878721164016959,0.0,-1,-0.0010515773660489947
997.45,-1.8242280718483244,-0.108944863348579,-13.768257197187644,0.0,-1,0.004762143465837809
1002.2,-1.367166824185233,0.11603879477150403,-6.913138873989375,0.0,-1,-0.0006485731390940552
1001.55,-1.0788722983382968,0.13477777353948017,-7.606071967920229,0.0,-1,-0.005741101292995876
995.8,-1.32398567721998,-0.0367785351140677,-13.392706406838954,0.0,-1,-0.003163285800361515
992.65,-1.5987102268924218,-0.10383436159550308,-16.20090406398353,0.0,-1,-0.0071022011786631145
985.6,-2.1903466494875374,-0.2318235947302063,-21.615618310708225,0.7797618767549466,-1,-0.000202922077922163
985.4,-2.3203026399945657,-0.12059319507907817,-21.75823183465655,0.0,-1,0.0026385224274405594
988.0,-1.9752554152485118,0.0748180098889919,-16.902815127964537,0.0,-1,0.0009109311740891357
988.9,-1.5631271849381392,0.16231541339978817,-15.205868758668537,0.0,-1,-0.000910102133683921
988.0,-1.3018024710380587,0.14121337576662296,-16.159580123997443,0.0,-1,-0.005718623481781315
982.35,-1.5334899081682352,-0.030158020454517764,-21.591178059109073,0.0,-1,-0.0013742556115438065
981.0,-1.6340428010526011,-0.043570304446294505,-22.75226589566614,0.0,-1,-0.003109072375127364
977.95,-1.8023156807404348,-0.07061439471137598,-25.287680154561077,0.0,-1,-0.0020962216882254303
975.9,-1.9070924805226923,-0.05846373149787776,-26.89338727616269,0.0,-1,-0.005994466646172758
970.05,-2.288056507036913,-0.14647591933736637,-30.84062777274383,0.0,-1,0.012318952631307667
982.0,-1.2920338113742673,0.2831822587750932,-8.253955446585863,0.0,-1,-0.0015784114052952436
980.45,-0.8155196459283616,0.25323214140699957,-9.86985580655044,0.0,-1,0.004640726197154388
985.0,-0.13013592604477253,0.31287195376352955,-3.1585152524602833,0.0,-1,0.0023857868020304984
987.35,0.41923392773412615,0.2874139358474761,0.05449026016647451,0.0,-1,0.007494809338127295
994.75,1.275649360645616,0.38127645625298867,8.772990928704672,0.0,-1,-0.0024126664991203084
992.35,1.3975529637143609,0.16772668644057775,5.294700226912987,0.0,-1,0.0034262105104045926
995.75,1.6253753516058396,0.1318496914440188,9.10439263070647,0.0,-1,-0.004217926186291798
991.55,1.2538385995844692,-0.07989568685911719,2.9151335689305853,0.0,-1,0.00448792294891831
996.0,1.3344170069417487,0.00022757349938751226,8.08264010876433,0.0,-1,-0.009387550200803285
986.65,0.48433812670850784,-0.2832837689112845,-3.7638662957862365,0.0,-1,-0.001114883697359792
985.55,-0.07272949063383294,-0.2801171287512084,-4.964572620221013,0.0,-1,-0.004363046014915439
981.25,-0.7035358417521138,-0.3036411599564965,-9.529436196404,0.0,-1,0.000968152866242189
982.2,-0.8811443638319361,-0.16041656067877297,-8.08418267152856,0.0,-1,0.0003563429036854693
982.55,-0.8673532612192503,-0.04887515268869569,-7.512602417424468,0.0,-1,-0.0011195359014807282
981.45,-0.8798449381446289,-0.020455609871358083,-8.92412644170819,0.0,-1,-0.00040756024249843925
981.05,-0.8461036984285784,0.004428543281564168,-9.468189135782062,0.0,-1,-0.007084246470618116
974.1,-1.3378911037015087,-0.162452953997122,-17.721947749149464,0.0,-1,0.000205317729185861
974.3,-1.4556272143628348,-0.09339635488614939,-17.283851754108362,0.0,-1,-0.0025659447808683566
971.8,-1.6015263351632711,-0.07976515856219524,-19.980992873527992,0.0,-1,-0.001337723811483782
970.5,-1.6493487009665841,-0.04252917478850282,-21.345858025142295,0.0,-1,-0.0011334363730036712
969.4,-1.6274808254543132,-0.00688709975874402,-22.520509221499786,0.0,-1,-0.00907778007014648
960.6,-2.2142568189102576,-0.19788769773822956,-29.85953592385508,2.174720449539791,-1,0.007026858213616594
967.35,-1.7606234140624792,0.08524856903651634,-15.052382246891476,0.0,-1,0.0004651884013024965
967.8,-1.34958809379998,0.16542796309967178,-14.171028944452644,0.0,-1,0.00020665426741062198
968.0,-1.0149380925187188,0.16669265479364426,-13.74454290984579,0.0,-1,-0.00588842975206616
962.3,-1.2380349175015226,-0.018801390063053258,-20.048182123756654,0.0,-1,0.00015587654577586818
962.45,-1.2339137535344662,-0.004893408698665613,-19.693869654703306,0.0,-1,-0.0017143747727155212
960.8,-1.2665270254229881,-0.012502226862395771,-21.458357630366425,0.0,-1,-0.007025395503746923
954.05,-1.7397897425820474,-0.1619216480071517,-27.431123333455254,0.0,-1,0.0009957549394685739
955.0,-1.7522719559464122,-0.058134620457172215,-24.977516936113147,0.0,-1,0.004973821989528782
959.75,-1.2166570662997174,0.15916008972984086,-13.754103231229273,0.0,-1,-0.002500651211252869
957.35,-1.0474615326180583,0.10945187447049998,-16.563958175779867,0.0,-1,-0.0013579150780801408
956.05,-0.9839086380590061,0.057668256343184066,-18.0544349955124,0.0,-1,0.00439307567595848
960.25,-0.5201398042745495,0.17381236337588024,-8.666613660229523,0.0,-1,-0.0026555584483206607
957.7,-0.45741040369284747,0.0788472546525274,-12.185573287421867,0.0,-1,0.000678709407956557
958.35,-0.3337615030941379,0.067498718417079,-10.721422186295186,0.0,-1,-0.0020869202274742538
956.35,-0.4107902608702716,-0.003176679786351555,-13.647617216301313,0.0,-1,-0.009672191143409892
947.1,-1.1859054513525962,-0.25943062342289214,-23.711784513002176,1.2859840446863018,-1,-0.006599091964945569
940.85,-1.9954709256476235,-0.35633203257264,-28.235449564648523,4.0660667823342465,-1,-0.001328585853217823
939.6,-2.338131085657892,-0.23299739752763626,-29.03707004458743,2.183394120469984,-1,0.0035121328224776427
942.9,-2.039616908524863,0.021838926535131087,-21.330585536502305,0.0,-1,-0.006787570261957754
936.5,-2.2537250775812936,-0.06408974750709984,-26.308444407377092,0.16974804411790956,-1,0.0082754938601175
944.25,-1.5271354056443442,0.22083330814328317,-11.857524031480125,0.0,-1,0.009743182419910124
953.45,-0.2699126192055701,0.4926853648606858,0.5054715526400599,0.0,-1,0.002674497876133941
956.0,0.593691492280982,0.45209649211574593,3.3753070927050146,0.0,-1,0.01365062761506275
969.05,2.0635192570008485,0.6406414189452041,14.936104763756418,0.0,-1,0.0013931169702285917
970.4,2.738973201277304,0.4386984544072199,15.907751092617104,0.0,-1,-0.001751854905193695
968.7,2.7067857399757713,0.13550366436856232,13.447741149013602,0.0,-1,0.0023743160937337304
971.0,2.656793197660477,0.028503707351089425,15.389708956653507,0.0,-1,-0.002523171987641626
968.55,2.2062308266977197,-0.14068622120388907,11.521160310494508,0.0,-1,0.0037168963915130693
972.15,2.0970970723248,-0.08327332519226971,14.91046190802247,0.0,-1,-0.013372421951344915
959.15,0.7844387724446733,-0.465310541690799,-2.039545168576417,0.0,-1,-0.011885523640723483
947.75,-0.8872602751990826,-0.7123365297781851,-11.767237975093103,0.0,-1,0.006172513848588856
953.6,-1.1616714427543684,-0.32891589911115693,-5.364490582695112,0.0,-1,-0.003303271812080566
950.45,-1.4645710729691928,-0.21060517644199384,-7.971057209123487,0.0,-1,0.006891472460413439
957.0,-0.9481399653291191,0.10194197706602659,-1.0794182997971333,0.0,-1,0.0019853709508881323
958.9,-0.45257941439831484,0.199167509332277,0.8055213403105697,0.0,-1,0.0004692877255187966
959.35,-0.12958418773314406,0.1740542453324826,1.27865859449291,0.0,-1,0.0033877104289361526
962.6,0.3135454412439458,0.20572795810319083,4.769502914225413,0.0,-1,0.004051527114065978
966.5,0.833981468962179,0.24205466194047476,8.713677923773368,0.0,-1,-0.0012415933781686483
965.3,0.9247010270743203,0.11092474001753871,7.0139474641349935,0.0,-1,-0.0006733657930176884
964.65,0.838835720540942,0.008353144494720133,6.037587854901524,0.0,-1,-0.0043020784740579465
960.5,0.38016675722917626,-0.1501052729390152,-0.03266910623248265,0.0,-1,-0.003331598125976054
957.3,-0.14751495419579896,-0.22592899478799683,-4.276217553885566,0.0,-1,-0.0014624464640133894
955.9,-0.5157295637252446,-0.1980478681058142,-6.089024860760489,0.0,-1,0.0037660843184432746
959.5,-0.3568594048462046,-0.013059236408924757,-0.38191633238618294,0.0,-1,0.003022407503908253
962.4,-0.006019375002892957,0.1125935978114623,3.8235287939747167,0.0,-1,-0.002389858686616786
960.1,-0.021764412164316127,0.03228285355001305,0.13569249374958758,0.0,-1,0.0010415581710239152
961.1,0.055510103602046,0.03651912310545839,1.7333236308494122,0.0,-1,-0.005722609509936527
955.6,-0.3688118138150003,-0.12926759810386265,-6.737383815088791,0.0,-1,0.008424026789451533
963.65,0.12059487862768492,0.12004636477960755,5.193681974483091,0.0,-1,-0.001452809630052343
962.25,0.238581984963389,0.07934449037177055,3.0384672528687915,0.0,-1,0.002857885164977869
965.0,0.5068603727177106,0.11587429270869737,6.726426295307611,0.0,-1,-0.010673575129533597
954.7,-0.25957213113167654,-0.21685273704689656,-7.246261228729459,0.0,-1,-0.011312454174086217
943.9,-1.5211573721286413,-0.4928126593479538,-16.779572285779146,5.750658951961896,-1,0.0075219832609387804
951.0,-1.4335202116163828,-0.13505849961189842,-7.426133204241388,0.0,-1,-0.0025236593059936308
948.6,-1.470241613725534,-0.057259967240349985,-9.553856696826386,0.0,-1,0.00458570524984192
952.95,-1.0035821803030558,0.1364664887273761,-4.107967304398713,0.0,-1,0.0021512146492470574
955.0,-0.5157872818998612,0.20808712904352356,-1.63550625294382,0.0,-1,0.0011518324607329156
956.1,-0.13724089253992133,0.19554450613448782,-0.2660771656184764,0.0,-1,0.018146637381027064
973.45,1.5093023765183489,0.614029258397586,15.683730823474278,-2.1369300038010124,-1,0.008064101905593368
981.3,2.8609654796709947,0.6552307871834109,20.404697333022995,-5.756329534035331,-1,-0.0013757260776520175
979.95,3.1858832412747233,0.32671618292904636,18.601326790213335,-0.9620048539910613,-1,0.00581662329710686
985.65,3.5578518519703266,0.2328949312082167,21.969626985736653,-2.1162166480930864,-1,0.00431187541216449
989.9,3.8015151696539533,0.15885274963061446,24.25745096342156,-1.4558083873419037,-1,0.01045560157591674
1000.25,4.469053897691197,0.2754638258892861,28.914286863053817,-4.9026507029632285,-1,0.0002999250187452063
1000.55,4.455402103568986,0.08727067725569171,29.036422717468128,0.0,-1,0.008795162660536704
1009.35,4.810626031210404,0.14749820163237004,32.36558422916018,-1.1030752863315456,-1,-0.01718928022985089
992.0,3.1415191590969016,-0.5072028901603773,11.10698570810652,0.0,-1,0.009828629032258007
1001.75,2.8576724597820657,-0.2636831964917379,16.504972447828806,0.0,-1,0.003593711005740019
1005.35,2.777609738476258,-0.1145819725991819,18.309425936169106,0.0,-1,-0.0006465410056198939
1004.7,2.451944232950268,-0.1467491593750574,17.579051122086597,0.0,-1,0.003334328655319796
1008.05,2.363949460774734,-0.07824797718353071,19.449607849777124,0.0,-1,-0.0014880214275085901
1006.55,1.9979562862890816,-0.14808038388972777,17.511721572313206,0.0,-1,0.002632755451790869
1009.2,1.8692966751888207,-0.0922466649966629,19.198810899781066,0.0,-1,-0.010800634165675893
998.3,0.7408588133729381,-0.4068948422708485,5.925991463749071,0.0,-1,-0.0058098767905439
992.5,-0.36843168531606807,-0.5053951136532849,0.22979515753165458,0.0,-1,-0.0026700251889169024
989.85,-1.1132076275509917,-0.4167236852960695,-2.2397297039262583,0.0,-1,0.0028792241248674078
992.7,-1.1553282963724314,-0.15294811803916986,0.6590548379630263,0.0,-1,-0.003022061045633073
989.7,-1.3301112727521058,-0.10924369813961476,-2.428373601849323,0.0,-1,0.001263008992623993
990.95,-1.2024934882126672,0.006124695466607877,-0.9896798690320807,0.0,-1,0.0007568494878651411
991.7,-0.9759768052585969,0.07754712614022607,-0.07362862011275695,0.0,-1,-0.0017646465665019928
989.95,-0.9272203966766028,0.04210117824074,-2.2955596152131363,0.0,-1,-0.006363957775645357
983.65,-1.3505738259959799,-0.12708408369287905,-9.504442046919849,0.0,-1,0.0015757637371016653
985.2,-1.3205360551559124,-0.032348770950937134,-7.1438169374348774,0.0,-1,-0.0021822980105563605
983.05,-1.3746391651396834,-0.02881729364490271,-9.61316177403647,0.0,-1,0.013783632572097027
996.6,-0.15797078970319944,0.3959503605971938,7.52487991218328,0.0,-1,-0.0016054585591009918
995.0,0.33019429715704973,0.294705149152481,5.433979848453404,0.0,-1,-0.00819095477386933
986.85,-0.1324060175093109,-0.055965055171293215,-4.0240988283753225,0.0,-1,0.003647970816233581
990.45,-0.052672340050094135,0.007922874095974523,0.15028097119957806,0.0,-1,-0.005149174617598118
985.35,-0.43341613964958015,-0.12427364183450385,-5.287911240845531,0.0,-1,0.00025371695336673383
985.6,-0.5668366944785248,-0.08589806555448287,-4.963286809501106,0.0,-1,-0.013697240259740284
972.1,-1.7113105806864723,-0.4101239839208102,-16.69600425596832,2.317570800685189,-1,0.00858965127044553
980.45,-1.445104975399886,-0.047972792878074655,-6.568216173748191,0.0,-1,0.0005609669029527087
981.0,-1.1457434248067102,0.08379625257170042,-5.946458585033568,0.0,-1,-0.009531090723751245
971.65,-1.6797506974428416,-0.1500703400214769,-13.52015665015292,1.5915133647774837,-1,0.002727319508053272
974.3,-1.5859417756406629,-0.0187538060730994,-10.257794666315526,0.0,-1,-0.006466180847788161
968.0,-1.9318755001028194,-0.12156251017841857,-15.005392086985651,0.5346764848156909,-1,-0.004132231404958664
964.0,-2.277186070658672,-0.15562436024475712,-17.72533967228913,1.1133225589625226,-1,-0.003319502074688896
960.8,-2.5267425167149895,-0.13506026876702482,-19.811054030154292,0.5672206738108798,-1,-0.004163197335553703
956.8,-2.774292196683632,-0.12753664957855593,-22.297503105687206,0.5001866323653985,-1,-0.0020380434782607537
954.85,-2.829376020277664,-0.06087349105752926,-23.48061853940877,0.0,-1,-0.014295439074200167
941.2,-3.7586365970514635,-0.3300446892771096,-30.093133178114016,5.511118476321485,-1,-0.001753081172970794
939.55,-4.047547169017548,-0.20631842041439796,-30.738206041342348,1.0321941696079193,-1,-0.004949177797881954
934.9,-4.24220685758246,-0.1336593696597701,-32.51262802262409,0.0,-1,-0.0002674082789603238
934.65,-4.006852797066358,0.03389823028544381,-32.608335500378,0.0,-1,-0.00037447172738458434
934.3,-3.5844380337194934,0.1521043312107695,-32.755149102034885,0.0,-1,-0.002301188055228498
932.15,-3.2536941492360256,0.16094940523141243,-33.69462131577938,0.0,-1,0.005095746392747902
936.9,-2.4213476945578805,0.3310986199698527,-23.82219120115475,0.0,-1,0.010193190308464217
946.45,-1.0075621593390451,0.5816280517295627,-8.426375111743276,0.0,-1,-0.006656453061440137
940.15,-0.7417058784512847,0.2824947775391078,-13.93888742808187,0.0,-1,-0.0007977450406849718
939.4,-0.6094689148031875,0.1382439137290683,-14.560468605587943,0.0,-1,0.002874175005322499
942.1,-0.2675613567455457,0.16005049059557008,-10.396293249110514,0.0,-1,-0.004405052542192922
937.95,-0.42014413132119444,0.002489238673307137,-14.325965961653644,0.0,-1,0.0017591556053093704
939.6,-0.32392350766554046,0.03290328744298704,-11.624691925498759,0.0,-1,0.00042571306939120923
940.0,-0.21548623686555857,0.04711351941432296,-10.93542771412158,0.0,-1,0.00047872340425536564
940.45,-0.10581041506020483,0.05226311373989223,-10.09523097857322,0.0,-1,-0.0006379924504227308
939.85,-0.09215496956915104,0.02197285307698202,-10.894053237501787,0.0,-1,0.007181997127201134
946.6,0.4848523339737767,0.19966005220663657,1.2936294356849203,0.0,-1,0.005757447707585017
952.05,1.1871182912474296,0.3006420031600966,8.7078278592287,0.0,-1,0.002835985504963112
954.75,1.6643247456136123,0.2592828191754264,11.900283915149444,-0.38752353597237743,-1,-0.004294317884262933
950.65,1.4225675773288913,0.0058418836302351895,4.75734167976092,0.0,-1,-0.0006837427023614895
950.0,1.1289750284091724,-0.09591688842982782,3.6664679070281565,0.0,-1,0.004578947368421016
954.35,1.250597501581865,0.008568528247621554,9.644620195328578,0.0,-1,0.0004191334416094872
954.75,1.240525613036425,-0.0005011200992728337,10.169685743714005,0.0,-1,-0.0003142183817752553
954.45,1.1071125343440826,-0.04463806626387168,9.524291521161643,0.0,-1,0.00571009481900564
959.9,1.4023132838025276,0.0835208943981911,16.7280388081667,0.0,-1,-0.007136160016668391
953.05,0.8622208848814807,-0.1521905015076186,3.4443824355450445,0.0,-1,-0.006085724778343127
947.25,0.0369896116808377,-0.32580725823608725,-4.986073812874373,0.0,-1,-0.002375296912114022
945.0,-0.56620849255944,-0.30966845415878835,-7.851833183701153,0.0,-1,-0.006613756613756627
938.75,-1.3414568369663584,-0.36163893285523563,-14.77358820197147,0.0,-1,0.003994673768308976
942.5,-1.3047929394225548,-0.10832501177047726,-8.381781694245518,0.0,-1,0.001061007957559701
943.5,-1.0943949123654875,0.03402433842886343,-6.723290007651087,0.0,-1,0.006571277159512556
949.7,-0.3813296561397692,0.24902986488486056,2.560498728249918,0.0,-1,-0.0067389702011162456
943.3,-0.526352890015346,0.03466887700309462,-5.746710847277029,0.0,-1,0.0007420756917206894
944.0,-0.49666843278509987,0.021451111411113555,-4.696133877704767,0.0,-1,0.0025423728813558366
946.4,-0.24043716810456317,0.09256079203055012,-1.0323890364825985,0.0,-1,0.007924767540152144
953.9,0.5327148949110097,0.288570951682041,8.597165135750096,0.0,-1,-0.0022539050214906986
951.75,0.6957313518429373,0.15052913620465624,5.274981939679634,0.0,-1,0.0044654583661676295
956.0,1.0734286343218855,0.17607547289453485,10.227619202795054,0.0,-1,0.010774058577405876
966.3,2.031158222701265,0.3779350204246381,19.363184120774548,-2.734421619505838,-1,0.009158646383110813
975.15,3.078259831665946,0.47501220979643977,24.873217567271027,-6.31339437084921,-1,0.0009742090960365157
976.1,3.424455650176128,0.2737360094355408,25.400894070877072,-2.7933980085846315,-1,-0.001126933715807854
975.0,3.2205155885832255,0.023265315947546217,23.417286414604504,0.0,-1,-0.02010256410256417
955.4,1.21683592540478,-0.6601381157436332,-1.7256726446807065,0.0,-1,0.006123089805317061
961.25,0.6010931000319033,-0.42529364703883665,3.5498169942566165,0.0,-1,-0.006137841352405693
955.35,-0.2485360709906672,-0.4249742726871358,-1.9426798138093702,0.0,-1,-0.006385094467996066
949.25,-1.1609726505859044,-0.4458036174274578,-7.008290931233631,0.0,-1,0.002897023966289103
952.0,-1.2912765528348018,-0.19203583989211848,-4.1492204925597775,0.0,-1,0.0022584033613444188
954.15,-1.0696554578896666,0.009861751684338893,-1.8886280147423236,0.0,-1,0.0005764292826075934
954.7,-0.8238736222596117,0.08521452910479799,-1.280127589241296,0.0,-1,0.005237247302817716
959.7,-0.21565990258955026,0.23114274959161984,4.150925828598595,0.0,-1,-0.0011461915181827376
958.6,0.014751949127912667,0.15385153376969427,2.784391125801065,0.0,-1,0.0005215939912373013
959.1,0.17039521255924228,0.10316493240034129,3.3785942797043162,0.0,-1,-5.2132207277733045e-05
959.05,0.22985057656171648,0.05420676546760517,3.304058101250561,0.0,-1,0.0005213492518638674
959.55,0.2820907105160586,0.035482299807315765,4.0174861675244316,0.0,-1,0.005783961231827561
965.1,0.7472032182836301,0.16686493585829576,11.30820567894466,0.0,-1,-0.003730183400683873
961.5,0.6174925373104543,0.01238475162837327,5.0207986210293,0.0,-1,0.0070202808112325155
968.25,1.0636794853812717,0.15285723323306355,12.939034942228268,0.0,-1,-0.0029950942421894666
965.35,0.9564663356349001,0.015214694495564007,8.059880426680664,0.0,-1,-0.009167659398145789
956.5,0.08565423279219431,-0.28519913611571396,-4.025146219621043,0.0,-1,0.010402509147935168
966.45,0.47227699530481004,0.03380787546563391,7.12362159685572,0.0,-1,0.0019142221532411074
968.3,0.7803986269523193,0.11397650237104773,8.876791668082781,0.0,-1,-0.00010327377878749378
968.2,0.8610928905301307,0.06489025531628634,8.732556680451943,0.0,-1,0.0022206155752944046
970.35,1.0088489481081524,0.07088210429810271,11.014106358619124,0.0,-1,-0.0003091667954862043
970.05,0.9736562312215256,0.01189646247049192,10.495561700226489,0.0,-1,-0.00422658625844019
965.95,0.5332551868430073,-0.1428348606360088,3.5806874871692287,0.0,-1,-0.0003105750815259878
965.65,0.24361673241685367,-0.14415777168738753,3.0873470861817935,0.0,-1,-0.002899601304820587
962.85,-0.15483722249757648,-0.18087057553393923,-1.5398444004623215,0.0,-1,-0.005140987692787036
957.9,-0.7536610980799878,-0.2598981503721169,-8.623881881609528,0.0,-1,-0.004541183839649299
953.55,-1.3527679443645866,-0.2863349988855719,-13.792101016149928,0.0,-1,0.0051911278905143465
958.5,-1.127090705476462,-0.020219253332482534,-5.0915008170080185,0.0,-1,0.0002608242044861431
958.75,-0.8994945272426094,0.06912564163379009,-4.673046663622252,0.0,-1,0.01016949152542379
968.5,0.10176143914441127,0.3567938693402702,8.86595861088606,0.0,-1,-0.00010325245224573898
968.4,0.5855759690759896,0.2802027997572829,8.700302791089143,0.0,-1,-0.0023234200743494915
966.15,0.5911852366187986,0.09527068910003067,4.842004454654813,0.0,-1,-0.00015525539512495357
966.0,0.5322244340052293,0.012103295495487165,4.576283591498729,0.0,-1,0.0
966.0,0.45839199653141804,-0.020576380659441396,4.576283591498743,0.0,-1,-0.0008281573498963857
965.2,0.3166097780834889,-0.0541195330357902,2.8889875136190355,0.0,-1,0.010256941566514799
975.1,1.044334520685993,0.22453506985557137,16.941935960028616,0.0,-1,0.000410214336991066
975.5,1.354502348596725,0.17823429925543444,17.378781078621415,0.0,-1,0.0037929267042542403
979.2,1.705044400169072,0.17625878360926062,21.279473376192243,-0.2151256752338213,-1,0.0026041666666665186
981.75,1.9507283926077434,0.14064759201597732,23.688710710432403,-0.3565536163425804,-1,0.006671759612935979
988.3,2.4568430227765248,0.21558740739491977,28.771150608543223,-3.042702474687985,-1,0.001163614287159831
989.45,2.6009967526294986,0.11991371241596438,29.542064647882995,-0.7691642128752392,-1,0.0017686593562080688
991.2,2.6021572215034894,0.04035806042998491,30.72554051313567,0.0,-1,0.0019168684422921078
993.1,2.5442243541485823,-0.005858268974974212,31.982889371735553,0.0,-1,0.001913201087503813
995.0,2.461572557625459,-0.02950335516603264,33.20054967100165,0.0,-1,-0.0016080402010050232
993.4,2.0817822795618213,-0.13643121107655665,28.252188761868652,0.0,-1,0.0005033219247030374
993.9,1.7600719505663847,-0.15271384669066435,28.692217398917393,0.0,-1,0.005131300935707905
999.0,1.8775441235214885,-0.011747224578520177,32.66687645666441,0.0,-1,0.0006506506506507304
999.65,1.8339848663722478,-0.018435493909253697,33.1129596252657,0.0,-1,-0.004501575551443038
995.15,1.284373165599959,-0.1893490648938474,19.37826290945368,0.0,-1,0.0014068230919961344
996.55,1.0192028847470738,-0.15150644858224416,21.032992274070907,0.0,-1,-0.0016055391099291105
994.95,0.6683508372584583,-0.16745283202361994,16.47174449789253,0.0,-1,-0.007990351273933438
987.0,-0.22527108959070574,-0.353691586290928,-0.9256067002897339,0.0,-1,0.003242147922998928
990.2,-0.38664279554939185,-0.17168776408320474,4.4107938913779705,0.0,-1,0.0016663300343364718
991.85,-0.29760841556640116,-0.027551128033404704,6.992730295414816,0.0,-1,0.0036295810858497646
995.45,0.07170947572240038,0.11392225441846562,12.184647010999491,0.0,-1,-0.0013059420362651064
994.15,0.1420592983899951,0.06142402569535345,9.31171928809946,0.0,-1,-0.013428557058793977
980.8,-0.9471040651420708,-0.34257977927890426,-11.16190873904862,0.0,-1,0.0002039151712887044
981.0,-1.3960937414796035,-0.263856485205479,-10.812484312230083,0.0,-1,0.011824668705402663
992.6,-0.5375807678583442,0.19821882947192682,5.552209727764357,0.0,-1,0.0039290751561555926
996.5,0.2614741162738028,0.332424571201358,9.612237858246978,0.0,-1,0.007325639739086842
1003.8,1.2475453819836275,0.43949861230372755,16.059968079517077,0.0,-1,-0.0028392109982067204
1000.95,1.3991188996732262,0.1970240433311088,11.781438170836992,0.0,-1,-0.0029472001598481734
998.0,1.1124790835452814,-0.029871924265612027,7.4984488820752375,0.0,-1,0.0001503006012024688
998.15,0.888952585185848,-0.08446614087501514,7.6642635049719985,0.0,-1,0.002153984872013126
1000.3,0.8822766205740891,-0.030380701828924717,10.140835351129617,0.0,-1,-0.00044986504048782905
999.85,0.7679155865536131,-0.04824724528313351,9.333644223348855,0.0,-1,0.006300945141771264
1006.15,1.1717421039971896,0.1185264240534809,16.357568576971843,0.0,-1,-0.0036276897082939685
1002.5,0.9718435207192897,-0.027124053074806365,9.717728004406531,0.0,-1,0.0034413965087283227
1005.95,1.0784072690203175,0.026479898408740432,13.548340437608587,0.0,-1,-0.001143197972066301
1004.8,0.9459885374191117,-0.035312944397488444,11.386308958120637,0.0,-1,-0.0054239649681527835
999.35,0.3467801268336643,-0.21150711832764535,2.059848522883442,0.0,-1,-0.0010006504227747515
998.35,-0.06505575569531175,-0.2077810002855405,0.49576033729999125,0.0,-1,-0.00015024790904993868
998.2,-0.2780523839850275,-0.14025920952508547,0.24417068936138975,0.0,-1,0.010218393107593648
1008.4,0.48862033386876647,0.20880450277623613,13.851992607186148,0.0,-1,-0.0008925029750098679
1007.5,0.7562383316400201,0.15880750018249656,12.184639448183255,0.0,-1,0.0030272952853598323
1010.55,1.0811941362222797,0.16125443492158542,15.57000039689001,0.0,-1,0.0022759883231904254
1012.85,1.3452391938282062,0.14176649750917059,17.97240705107241,0.0,-1,0.006269437725230809
1019.2,1.8943251231455633,0.2302841422755093,23.619189096582872,-3.302045179951506,-1,-0.001717032967032961
1017.45,1.8651743275420358,0.06704444889066052,19.848212514508518,0.0,-1,-0.005553098432355519
1011.8,1.2243344024451517,-0.19126515873540795,9.005811136132593,0.0,-1,-0.0023225933979046376
1009.45,0.606053239692983,-0.26984877382919226,5.056208628366576,0.0,-1,0.0006934469265440502
1010.15,0.30474155500917277,-0.19038681950433417,6.0303001743400415,0.0,-1,0.002821363163886481
1013.0,0.3661905830831529,-0.04297926381011802,9.956450678457628,0.0,-1,9.871668311944859e-05
1013.1,0.3747325485298916,-0.011479099454459796,10.095365763125528,0.0,-1,0.003602803277070299
1016.75,0.6519424855423495,0.08857694585266607,15.017148161931246,0.0,-1,-0.0056552741578559385
1011.0,0.25705224692012507,-0.1021044309231861,3.4729081108275963,0.0,-1,0.0032146389713154644
1014.25,0.30901944036565965,-0.01671241249255051,8.140612161459416,0.0,-1,-0.00571851121518363
1008.45,-0.17408191627532688,-0.16660458971117903,-1.506235607480555,0.0,-1,-0.0035202538549259366
1004.9,-0.6969591015729293,-0.22982725833626055,-6.423423290382317,0.0,-1,-0.003980495571698661
1000.9,-1.2336511024240053,-0.25550641972911214,-11.33216190841538,0.0,-1,-0.002897392346887795
998.0,-1.6408595109808175,-0.2209049427619747,-14.549078652279299,0.0,-1,-0.00415831663326649
