close,MACD,MACDandSIG,RSI,Bollinger,Fibonacci,Percent
19.418848,-0.10629013566054013,0.029083592381823148,1.1295927262505927,0.0,1,-0.09878052498273837
17.500644,-0.2092945922998375,-0.024640288085824746,-16.325150487155618,0.0,1,-0.025710368144166718
17.050696,-0.28085127126116305,-0.032065655682383426,-19.07655255408473,0.0,1,0.011111100684687791
17.240148,-0.2774376714700644,-0.009550685297094907,-16.533343261173002,0.0,1,0.11263731610656702
19.182032,-0.09078739895200627,0.059033195740321065,3.1226845936492253,0.0,1,0.0
19.182032,0.010103353886353972,0.05330798285956044,3.1226845936492182,0.0,1,-0.007407557238982676
19.03994,0.047865784148338975,0.030356804373848485,1.7417941609696257,0.0,1,-0.004975015677570527
18.945216,0.05486451726696728,0.012451845830825599,0.7643633104133087,0.0,1,0.025000084454038562
19.418848,0.09326117405403522,0.016949500872631182,5.440852457019815,0.0,1,-0.024390324287002052
18.945216,0.06521840460973394,-0.003697756190556706,0.1484222789552092,0.0,1,-0.018750063340528755
18.589992,0.016160152836771857,-0.017585335987839595,-3.5469502302036844,0.0,1,-0.04458592558834873
17.76114,-0.07878665245277361,-0.03751071375912836,-10.998036632407306,0.0,1,0.05333328829117945
18.7084,-0.040756167393148246,0.00017325710016567047,-0.6761579913758453,0.0,1,0.012658271150926659
18.945216,0.0013900890860938375,0.014106504526469252,1.598924945753943,0.0,1,0.0
18.945216,0.0223473765685398,0.011687930669638408,1.598924945753943,0.0,1,-0.019999983109192265
18.566312,-0.0006115944042832666,-0.003757013434394887,-2.6041487909970655,0.0,1,-0.017857073607294827
18.234772,-0.039668447023672115,-0.014271288684594582,-6.08216433638767,0.0,1,-0.012987055719698715
17.997956,-0.07562583608139306,-0.016742892580771843,-8.499185275247477,0.0,1,0.0
17.997956,-0.08730237760347137,-0.00947314470095005,-8.499185275247477,0.0,1,-0.013157938601472186
17.76114,-0.105600116897552,-0.009256961331676888,-11.13954070934927,0.0,1,-0.010666657658235823
17.571688,-0.12173664346979862,-0.008464495967974509,-13.219564407917261,0.0,1,-0.002695472398553944
17.524324,-0.12360718646677427,-0.0034450129883167174,-13.758422141202601,0.0,1,0.02702711956250048
17.997956,-0.07477252575969473,0.015129882572920944,-4.832635044490345,0.0,1,0.045789421865460644
18.822072,0.02455218174048568,0.03815153002436712,6.8469043995712155,0.0,1,-0.018621116739963472
18.471584,0.042961187012203084,0.01885351176536151,1.6483200116158585,0.0,1,-0.02564089793273827
17.997956,0.009116590730375407,-0.0049970281721553895,-4.58727053409774,0.0,1,-0.0014474977047393978
17.971904,-0.010736423304734899,-0.008283347402421901,-4.919905119524145,0.0,1,-0.011727416304916694
17.76114,-0.03733189504689349,-0.0116262730481935,-7.704709316255396,0.0,1,-0.013333378375487204
17.524324,-0.06725330633073412,-0.013849228110678048,-10.733078363370858,0.0,1,0.0
17.524324,-0.07660956977842659,-0.007735163852790175,-10.733078363370858,0.0,1,-0.027026891308332468
17.050696,-0.11437257068740436,-0.015166054920589311,-16.63218056363813,0.0,1,0.0312498680405775
17.583528,-0.07932035691794326,0.006628719616290593,-6.097671113939086,0.0,1,-0.016835074280883933
17.287508,-0.0798525536233825,0.0020321743036171153,-10.001266344929846,0.0,1,-0.041095801662101805
16.577064,-0.13266793917415498,-0.016927737082385125,-17.667510579859055,0.12509413911340772,1,0.0
16.577064,-0.14801997035169379,-0.010759922753307977,-17.667510579859055,0.0,1,0.014285762545164893
16.81388,-0.12362632174448862,0.004544575284632396,-12.72050788248135,0.0,1,-0.01971847069207111
16.482336,-0.1287559706288448,-0.00019502453324127256,-16.527151673787273,0.0,1,0.004310554037971315
16.553384,-0.11467046418528426,0.004630160636773087,-14.948062602870927,0.0,1,-0.026752717148348704
16.110536,-0.13497583894806553,-0.005225071375336066,-19.89666568088357,0.0,1,0.005438925185357046
16.19816,-0.12657853975045086,0.0010574092740928687,-17.792508515005373,0.0,1,-0.005848071632827412
16.103432,-0.1197256785057732,0.002636756839590179,-18.916503481552066,0.0,1,0.002941236377437928
16.150796,-0.10237510800795491,0.00666244244580283,-17.605757177348657,0.0,1,0.005865221751299332
16.245524,-0.07727456375838315,0.010587662231791528,-14.864256622405954,0.0,1,0.005830775295398327
16.340248,-0.0503910779870651,0.012490382667703193,-12.067787224471402,0.0,1,0.014492803291602518
16.577064,-0.01301541193581457,0.016622016239651243,-5.429526614812929,0.0,1,-0.00928584217325823
16.423132,-0.006070627915537585,0.007855600086642744,-8.625452190909066,0.0,1,-0.016582464294873756
16.150796,-0.024787016912441118,-0.00362026297008693,-13.736941676960328,0.0,1,-0.0307917950297929
15.653484,-0.07352229333485383,-0.017451846464166552,-21.00500395903247,0.0,1,0.01664140711422446
15.91398,-0.070055073768156,-0.004661542299156246,-13.587533857753918,0.0,1,0.04166676092341448
16.577064,-0.007226541170794576,0.0193889967660684,0.9149158628051524,0.0,1,0.0011427837884923076
16.596008,0.026368603558786674,0.017661380498549886,1.2677305455177077,0.0,1,-0.008276207145718417
16.458656,0.029522792293676048,0.006938523077813088,-1.5384475255939378,0.0,1,0.007338144742802699
16.579432,0.03870432063664708,0.005373350473594711,1.077808157605567,0.0,1,-0.009570171040841569
16.420764,0.026847391421746636,-0.0021611929137685774,-2.4459232911892244,0.0,1,-0.016296440287431047
16.153164,-0.0036183558041820163,-0.01087564671323241,-7.889842459913659,0.0,1,0.015980027194672175
16.411292,0.0029609668998666905,-0.001432108003061234,-1.5632391583721201,0.0,1,-0.0014429089434274678
16.387612,0.004030547676901364,-0.00012084240867551999,-2.0968642610364725,0.0,1,0.017340903604503133
16.671788,0.027910792425679176,0.007919800780034097,4.575965610273016,0.0,1,-0.00568169412902797
16.577064,0.029631348764596055,0.00321345237298366,2.104232395232998,0.0,1,-0.017142963313648285
16.292884,0.004340681203672148,-0.007359071729313417,-4.730162543534142,0.0,1,0.0029070359796337097
16.340248,-0.004719376010431375,-0.005473042981138981,-3.4322574242710076,0.0,1,-0.02028977773164764
16.008708,-0.036484456616616256,-0.01241270786244129,-10.683833736958533,0.0,1,-0.023076940375200694
15.639276,-0.0801126255349871,-0.01868029226027071,-17.038714982764596,0.063556179790897,1,-0.0006056546351634884
15.629804,-0.09603999119959106,-0.011535885974958221,-17.189795991519716,0.0,1,0.01818167393525849
15.91398,-0.07231900809859404,0.004061699042012937,-8.284257098723977,0.0,1,-0.021874854687513823
15.565864,-0.08344159920654448,-0.0023536306886458302,-14.65983471061709,0.0,1,0.0543129504407851
16.411292,-0.011597094826640841,0.023163624563752608,4.220224331700372,0.0,1,-0.02741697606745397
15.961344,-0.012204084734470655,0.007518878218640931,-3.7633646465426196,0.0,1,0.008902007249514954
16.103432,0.00035009403948649265,0.0066910189975326936,-1.122179843650855,0.0,1,-0.01176469711549688
15.91398,-0.009189657743490898,-0.0009495775951482328,-4.438166867538364,0.0,1,-0.002083199802940583
15.880828,-0.015956395489689967,-0.0025721051137824347,-5.03133662724656,0.0,1,0.01386804264865793
16.101064,0.00034293526135087404,0.004575741879086136,-0.2065890397660084,0.0,1,-0.005736018439526869
16.008708,0.0007676893650909733,0.001666831994275412,-2.1608488307859304,0.0,1,-0.008875669416919751
15.86662,-0.010924574363460948,-0.003341810578092171,-5.16860384731207,0.0,1,0.014925169947978878
16.103432,0.0038740083025530225,0.0038189240293072676,0.5847820537959407,0.0,1,-0.029411618591614563
15.629804,-0.02851853438965435,-0.009524539554300035,-8.932642170616937,0.0,1,0.07560606646123014
16.811512,0.05613740546338164,0.025043800099578652,11.269057400894589,-0.03151194282242287,1,-0.013945681982679536
16.577064,0.07424992493461602,0.014385439856937673,6.9644849872606756,0.0,1,-0.02471438850691532
16.167372,0.04297769092568515,-0.005628931383997733,0.12654849356859899,0.0,1,0.009814087286418527
16.32604,0.036982433010742,-0.003874729766313631,2.576212269911501,0.0,1,-0.03568311727767415
15.743476,-0.017644065364287087,-0.019500409380447576,-6.200266559372601,0.0,1,0.007821906674231327
15.86662,-0.03322497577144645,-0.01169377326253565,-4.079979625336875,0.0,1,0.014925169947978878
16.103432,-0.01851234966073889,0.0010062842827239689,-0.045657252060806286,0.0,1,-0.01176469711549688
15.91398,-0.025401007466989256,-0.0019607911745087997,-3.152192792128858,0.0,1,-0.010416501717357973
15.748212,-0.04054258574786651,-0.005700789818462018,-5.82309134781238,0.0,1,-0.00150391676210615
15.724528,-0.046708492742650876,-0.003955565604415463,-6.219335006092599,0.0,1,0.001506181934364026
15.748212,-0.04392540517815391,-0.00039082601330616557,-5.664577218057509,0.0,1,-0.03759410909632155
15.156172,-0.08821007763105904,-0.014891832822070433,-15.20190417745141,0.11703028363935886,1,-0.00937492659756034
15.014084,-0.11484224072159144,-0.013841331970867607,-17.089767748393676,0.0873724064051018,1,0.003312356584657339
15.063816,-0.11444380220672379,-0.004480964485333319,-15.703523363211843,0.0,1,-0.025153254660040925
14.684912,-0.13628293276539516,-0.008773365014668244,-20.809469760384303,0.08340791144953741,1,-0.00016125394554633576
14.682544,-0.13604292031428145,-0.002844450854518177,-20.839615780568653,0.0,1,-0.03225816997381381
14.208912,-0.16405533739586886,-0.01028562264536853,-26.282955092691367,0.11222691892286463,1,-0.030500012949619237
13.77554,-0.20050460115367308,-0.01557829546772424,-30.066017748356153,0.20385097077623549,1,0.01426847876743853
13.972096,-0.1856408496031019,-0.00023818130571767737,-24.108898874147407,0.0,1,0.033728940883314795
14.44336,-0.12346690302755725,0.020645255089942333,-11.849723669803211,0.0,1,-0.016232234050802652
14.208912,-0.10162835448748986,0.014161267876669908,-15.045886801014234,0.0,1,0.019499874444996346
14.485984,-0.059150717343497305,0.018879635006887482,-8.599334222043055,0.0,1,0.005395008029830617
14.564136,-0.026470005659543716,0.017186782230280362,-6.834023968222141,0.0,1,-0.01024406803122413
14.41494,-0.02035681601260464,0.007766657292406481,-9.426672028011588,0.0,1,-0.018235525087166526
14.152076,-0.037509153188084454,-0.0031285599610244436,-13.695370108811076,0.0,1,-0.0015059274695811142
14.130764,-0.04473555901015125,-0.0034516552610304105,-14.03622588209636,0.0,1,0.021786507792501686
14.438624,-0.01896579867033843,0.0074393683595941375,-5.650104017310156,0.0,1,-0.012629181284864899
14.256276,-0.01969610194457161,0.0022363550284536515,-9.169180961793032,0.0,1,0.03405293219631833
14.741744,0.02203575491369314,0.014656070628906136,2.0789334896687848,0.0,1,-0.0200801207781115
14.445728,0.016397370433352876,0.0030058953828552906,-3.86321578314228,0.0,1,0.003278754798650585
14.493092,0.016158730657068077,0.0009224185355234966,-2.792330410931484,0.0,1,-0.019607962193298745
14.208912,-0.008988816785830522,-0.008075042969125035,-8.317067335735914,0.0,1,0.0
14.208912,-0.020813522441793353,-0.0066332495416959545,-8.317067335735914,0.0,1,0.0003333119383102101
14.213648,-0.024596748399625668,-0.003472158499842757,-8.176984986655874,0.0,1,0.0
14.213648,-0.024438632345239242,-0.0011046808151521093,-8.176984986655874,0.0,1,-0.003998691961416112
14.156812,-0.02705935495594325,-0.0012418011419520376,-9.614268636267617,0.0,1,0.012044237078234765
14.32732,-0.011905770014967842,0.004637261266341123,-3.487161888757079,0.0,1,0.001652786424816366
14.351,-0.0013634967098994366,0.00505984485713651,-2.652106267370982,0.0,1,0.02607260818061463
14.725168,0.03520193133512706,0.01387509096738767,8.675044464814782,0.0,1,-0.03505943022178082
14.208912,0.007529817746380729,-0.004599007540452886,-5.877048149029022,0.0,1,0.0016665596915512726
14.232592,-0.004960390526857594,-0.0056964052712304035,-5.179579825549105,0.0,1,0.001664067936465674
14.256276,-0.008818462119572601,-0.003184825621315137,-4.424631244726633,0.0,1,0.0
14.256276,-0.010012626072631647,-0.0014596631914580611,-4.424631244726633,0.0,1,0.0
14.256276,-0.009775322543109866,-0.00040745322064542587,-4.424631244726633,0.0,1,-0.009966978753778277
14.114184,-0.020683060566422995,-0.003771730414652851,-9.036940477187045,0.0,1,-0.008389007823619177
13.99578,-0.03428034119754386,-0.0057896703485912394,-12.546368920322003,0.0,1,0.001691938570054674
14.01946,-0.03624895307997633,-0.002586094077007904,-11.377869163029288,0.0,1,0.0
14.01946,-0.03421251293119454,-0.0001832179760753727,-11.377869163029288,0.0,1,-0.02364855707709146
13.68792,-0.05797158344587139,-0.007980762830250739,-20.805405057908988,0.11038155399775818,1,0.003459985154793399
13.73528,-0.06107348674938606,-0.003694222044588469,-18.164496018540216,0.0,1,-0.023103424174825582
13.417948,-0.08397931450536156,-0.00886668326685465,-25.083377230191832,0.16275463304837956,1,0.006000917576964859
13.498468,-0.08172395217456874,-0.002203773645353943,-20.748387446475757,0.0,1,-0.003508842633104692
13.451104,-0.07773294166129041,0.0005957456226414609,-21.81206415760519,0.0,1,-0.014084494477182075
13.261652,-0.08504735793287921,-0.002239556882982441,-25.733734591534287,0.0,1,-0.042857104077229535
12.693296,-0.1289802862409335,-0.015390828397012238,-33.42188308593636,0.2871823012864425,1,-0.019029887903031728
12.451744,-0.16032772654154925,-0.015579422899209328,-35.57938107385002,0.24354802864032798,1,0.007987636109447749
12.551204,-0.15435246948006132,-0.0032013886125737967,-30.77029888909502,0.0,1,-0.026414995724712953
12.219664,-0.16613046849264457,-0.004993129208385683,-34.08310726851724,0.026323654127766716,1,0.00775209531129506
12.314392,-0.15028126229121597,0.003618692331014306,-29.722903225261263,0.0,1,-0.01923083169676576
12.077576,-0.1495678873329016,0.0014440224297762316,-32.275911047522996,0.0,1,0.0
12.077576,-0.13674720924266914,0.004754900173336241,-32.275911047522996,0.0,1,-0.0039216478538408595
12.030212,-0.12288826942732989,0.006204613329558489,-32.81031134895614,0.0,1,-0.0118109306801909
11.888124,-0.1175587770673836,0.0038447018965015872,-34.380120879659245,0.0,1,0.0059760480291086715
11.959168,-0.09917713279846119,0.007408782055141339,-30.30581670448533,0.0,1,0.04950478160353633
12.551204,-0.03238521626412805,0.024733566196491495,-5.49483016618715,0.0,1,-0.030188657598107738
12.1723,-0.02786582330828402,0.009750986384111843,-13.511463793429058,0.0,1,0.052529431578255625
12.811704,0.02999969177866113,0.02253883382368567,2.523387781580219,0.0,1,0.027726210346414426
13.166924,0.08603414167391321,0.026191094572979252,8.924752381542959,0.0,1,-0.010791282762777299
13.024836,0.09504118814871099,0.01173271368259235,5.593306017120028,0.0,1,0.018181879602936935
13.261652,0.1113592790403839,0.009350268191421748,9.8020288335792,0.0,1,0.007142699868764479
13.356376,0.11813205123285542,0.005374346794631085,11.42680655782059,0.0,1,0.06010642407790856
14.15918,0.17857443305968523,0.021938909540486967,22.061055203827536,-0.2477994588904835,1,0.023582721598284673
14.493092,0.22174042121812754,0.021701632566309748,25.218455047429487,-0.321586512602984,1,0.007516132513337936
14.602024,0.2339227135291715,0.011294641625784557,26.193654085915895,-0.15036228660533268,1,0.019948193483314336
14.893308,0.24479396689059563,0.007388631662402889,28.68569262238438,-0.0859013321832851,1,0.03355063898497246
15.392988,0.2714700963304253,0.01135492036741087,32.231026777803166,-0.15248545117986545,1,-0.015384667356331372
15.156172,0.24245098635613616,-0.005888063202292765,25.60836800350347,0.0,1,-0.006406103071408764
15.05908,0.19964618250598143,-0.016230955684149173,22.932601174386974,0.0,1,-0.03758450051397555
14.493092,0.11444093203873784,-0.03381206871713091,9.332240728155824,0.0,1,-0.03251645680576665
14.021828,0.023029562468554587,-0.0417411460957714,0.6022621192751245,0.0,1,-0.0035467558152901812
13.972096,-0.02873958585558256,-0.03117009813996952,-0.2559462661867684,0.0,1,0.016949210769808598
14.208912,-0.032494527863018874,-0.01164168004913528,3.8823589052545984,0.0,1,-0.006666801793128174
14.114184,-0.03955812154481819,-0.006235091243644866,1.9799843825102599,0.0,1,-0.0067112629394656675
14.01946,-0.04768707492364932,-0.004788014874158662,0.017915888159805604,0.0,1,0.006756608314442802
14.114184,-0.0398839620360949,0.0010050326711319169,2.029818132387909,0.0,1,-0.01493277967752149
13.90342,-0.05022240875597639,-0.003111138016249855,-2.679280107892275,0.0,1,-0.012093427372545817
13.73528,-0.06521809805292023,-0.006035609104397897,-6.193703512105195,0.0,1,0.02413813187645264
14.066824,-0.039652434530314196,0.006510018139402711,1.6703118411999114,0.0,1,-0.019865465011860484
13.78738,-0.04685223322481846,-0.00022992685170052096,-4.316884717194455,0.0,1,0.009962153795717521
13.924732,-0.03510177980333573,0.0038401755232607346,-1.0841764151858584,0.0,1,-0.0017005713287695512
13.901052,-0.0282747381089834,0.0035557390725376864,-1.6355702896860933,0.0,1,-0.011073118782664815
13.747124,-0.03533232241939288,-0.0011672817459572674,-5.276728508952303,0.0,1,0.009474563552347437
13.877372,-0.025062754372980223,0.0030340954334851303,-1.6227535018839987,0.0,1,-0.027303728688688245
13.498468,-0.049414740818694014,-0.007105963670742885,-10.139627316493225,0.0,1,0.021052463138779842
13.782644,-0.033791505639991115,0.002839090502653338,-2.445443975769919,0.0,1,-0.017525809996978725
13.541092,-0.04329326258064192,-0.0022208888126658208,-7.572098809139639,0.0,1,-0.00839459624083505
13.42742,-0.05390903583591289,-0.004278887355978929,-9.836107536394813,0.0,1,0.004409186574934054
13.486624,-0.04979083614388813,-5.356255465138737e-05,-8.04370034180765,0.0,1,-0.023529387339633723
13.169292,-0.07002683328588688,-0.006763186565550042,-14.395521765405263,0.10258729972019331,1,0.010609833846800587
13.309016,-0.06266559574972774,0.00019935032353636528,-9.954932056733803,0.0,1,-0.006939656545607797
13.216656,-0.061459510669170214,0.0004684784680312956,-11.88533297915017,0.0,1,0.010571509162378145
13.356376,-0.04409150890646174,0.00594549341024659,-7.246788227827317,0.0,1,-0.00709204353037074
13.261652,-0.03962688228290112,0.0034700400112690696,-9.531692466320997,0.0,1,0.0
13.261652,-0.0340923287808792,0.0030015311710969994,-9.531692466320997,0.0,1,0.024821342016816628
13.590824,-0.0010530246314619518,0.01201361177350475,1.572129041616634,0.0,1,0.0024395871802915803
13.62398,0.018317379495867314,0.010461338633611338,2.562376868993212,0.0,1,-0.005736356042800983
13.545828,0.0199634666015438,0.004035808579762608,-0.10941471051382479,0.0,1,-0.008741289199892477
13.42742,0.00925555460425187,-0.002224034472509774,-4.042074998236096,0.0,1,0.005291262208227732
13.498468,0.009050969055252267,-0.0008095400071697918,-1.3438121919189498,0.0,1,-0.001754569481514534
13.474784,0.006220762192814533,-0.001213248956535842,-2.2272843080054585,0.0,1,0.0017576534065408822
13.498468,0.006260928578861069,-0.00039102752349643496,-1.194439546167665,0.0,1,0.0
13.498468,0.005759267723645323,-0.00029756279290406046,-1.194439546167665,0.0,1,-0.010526527899314297
13.356376,-0.006812501680931504,-0.004289777399160297,-7.429941379098032,0.0,1,0.008865279024789396
13.474784,-0.002663344576475879,-4.687343156822366e-05,-1.3548541758196393,0.0,1,0.005272366518082938
13.545828,0.005553512690458007,0.002723327945121887,2.028164022081512,0.0,1,0.013986003661053292
13.73528,0.02498681526638613,0.00738554350701667,9.86250360783739,-0.00742275824510763,1,0.03448287912587156
14.208912,0.07209056528215285,0.018163097840927796,22.388363168107702,-0.28163504034464104,1,0.0
14.208912,0.08963489318318985,0.011902475247321603,22.388363168107716,-0.13900943505628938,1,0.004999960588115471
14.279956,0.0968578160351079,0.006375132699746558,23.896882849847714,-0.08207950371780193,1,-0.02155888995736399
13.972096,0.06674279279147477,-0.007913296847962187,8.506587731153758,0.0,1,-0.03033904147237465
13.548196,0.010798381770369403,-0.021285902623022518,-5.630822213594811,0.0,1,0.020800702912771474
13.830008,0.005410644445618118,-0.008891213315924603,2.794906966444003,0.0,1,0.01626694648332827
14.05498,0.0210135554127735,0.0022372325504102612,8.385560108875914,0.0,1,-0.00589712685468069
13.972096,0.020156881278621697,0.0004601861387528196,5.6858432742167935,0.0,1,-0.006440551224383251
13.882108,0.010549804104993399,-0.0030489636782918272,2.7437582195843717,0.0,1,-0.0011943431069690869
13.865528,0.0034854485094300003,-0.0033711064246184086,2.1793844873844392,0.0,1,-0.011955404799586455
13.69976,-0.014151183330804784,-0.007002579421617732,-3.3641788093967264,0.0,1,0.009507319836259853
13.830008,-0.010936233973355414,-0.0012625433547227873,1.1652828864254303,0.0,1,-0.003424726869283079
13.782644,-0.012364406463516886,-0.0008969052816280871,-0.5312508091293324,0.0,1,0.013745693496835631
13.972096,0.003739541163362503,0.005069014115083768,5.958884264195319,0.0,1,-0.006779512536988053
13.877372,0.003586219879853303,0.0016385642771915227,2.231977879761203,0.0,1,0.013993139335026772
14.07156,0.019393040914778226,0.00581512843737215,8.524074376995486,0.0,1,-0.006900158902069187
13.974464,0.017589031356008533,0.0013370396262008186,4.533307193820491,0.0,1,0.006609198034357666
14.066824,0.022917940630289735,0.0022219829668273412,7.589858145144859,0.0,1,-0.01936044696372119
13.794484,0.0009775668815734662,-0.00657279692729631,-2.8050136757413426,0.0,1,-0.05562223277072209
13.027204,-0.0740140838995842,-0.027188149236151322,-19.84407634395453,0.3259230989305628,1,0.017996801155489628
13.261652,-0.0858047356318643,-0.012992933656143818,-12.217767262679757,0.0,1,0.03214290346330917
13.68792,-0.049027333528682604,0.007928156149012627,-0.9736737517062011,0.0,1,0.0
13.68792,-0.026553021349702277,0.010134156109330987,-0.9736737517062082,0.0,1,0.003459985154793399
13.73528,-0.009156446814403196,0.00917691021487669,0.2593333329500851,0.0,1,0.00689669231351675
13.830008,0.008198877687780382,0.00884407823902009,2.7968826021686723,0.0,1,-0.003424726869283079
13.782644,0.012246300131556254,0.004297166894265321,1.3417549755714049,0.0,1,-0.0034364959292281227
13.73528,0.009302486342480876,0.00045111770172998056,-0.18377624410243243,0.0,1,-0.010344747249418917
13.593192,-0.004785294413929719,-0.004545554351560206,-4.673024763655285,0.0,1,-0.01742166225563513
13.356376,-0.031165076924308366,-0.010308445620646284,-11.155533828156024,0.0,1,-0.013829799340779214
13.17166,-0.05715087843580413,-0.012098082377380685,-15.439248502875067,0.0,1,-0.00755106038266995
13.0722,-0.07366953932190157,-0.00953891442115938,-17.578333967250096,0.0,1,-0.04166674316488428
12.527524,-0.12117940815479322,-0.019016261084683683,-26.44818929705798,0.2624803942092644,1,-0.020793893510002492
12.267028,-0.15654405855833886,-0.01812697049607645,-29.43753832156825,0.25765940679666066,1,-0.027027247349561745
11.935484,-0.18880971221358323,-0.016797541383773595,-32.566709332060164,0.2849288365927496,1,-0.003967999957102841
11.888124,-0.19315506302340602,-0.007047630731198795,-32.977855712415625,0.07270898596531516,1,-0.11155401811084731
10.561956,-0.28974548317636817,-0.03454601696138698,-40.18201977031657,0.793077921554671,1,0.0
10.561956,-0.31389523632148375,-0.01956525670216752,-40.18201977031657,0.32827924210937987,1,-0.008968414562605775
10.467232,-0.30770584320058525,-0.00445862119375634,-40.5352477074532,0.028810455581327332,1,-0.022398280653376013
10.232784,-0.29850632637342045,0.001580298544469505,-41.38738919117382,0.0,1,-0.022911457918001643
9.998336,-0.2885683740953855,0.003839416940834839,-42.17061599331929,0.0,1,-0.02889600829578043
9.709424,-0.28362803344841936,0.002926585862600306,-43.03755942152435,0.0,1,-0.03902435407084914
9.33052,-0.28909752700423574,-0.0008476358977386744,-44.0049024738315,0.0,1,0.010659641691995736
9.42998,-0.2594524798651232,0.009599137080457953,-40.343943888603235,0.0,1,0.029633572923802642
9.709424,-0.1997219163068067,0.023109900212924833,-30.550883233202303,0.0,1,0.019512177035424516
9.898876,-0.13742547483541578,0.02846878056143859,-24.470051979157816,0.0,1,-0.023923524246591166
9.66206,-0.11455979786343562,0.017111485844472918,-26.892805343219695,0.0,1,0.019607826902337422
9.851512,-0.07779264288882537,0.017959546939694385,-20.911174627157,0.0,1,0.033653717317707166
10.183052,-0.02529801182745217,0.023484726000355866,-11.594329931888879,0.0,1,0.0
10.183052,0.003057471355523589,0.01728006972777721,-11.594329931888879,0.0,1,0.0
10.183052,0.016980423667382283,0.010401007346545303,-11.594329931888872,0.0,1,0.03720927674728558
10.561956,0.054102197851031875,0.015840927176731634,-1.0741924793334547,0.0,1,0.03139039776344443
10.8935,0.09578323512193698,0.019173988149212243,6.19913065946205,0.0,1,0.017391288382980763
11.082952,0.12442948416389399,0.015940079063723078,9.831058978921213,0.0,1,-0.017094001670313164
10.8935,0.11259581833788168,0.001368804412570257,4.7837085606853975,0.0,1,-0.015217515031899609
10.727728,0.08348166723005157,-0.009248448898419956,0.631076946314991,0.0,1,-0.0022073639450963523
10.704048,0.05999445274029824,-0.010911887796057756,0.029178310366184235,0.0,1,-0.007743612509958919
10.62116,0.03634397443373061,-0.011520788700875133,-2.1817143074836807,0.0,1,0.010033555656820958
10.727728,0.030370737410969184,-0.005831341907878852,0.9169093088691653,0.0,1,-0.006622464700820174
10.656684,0.01893289078200766,-0.005756396178946792,-1.2283321056599803,0.0,1,-0.004444534528752042
10.60932,0.00768922656902582,-0.005666686797309545,-2.7044230762711834,0.0,1,-0.006696376393586112
10.538276,-0.004493707751551668,-0.0059498737059623455,-4.975495488036259,0.0,1,0.001123523430208051
10.550116,-0.009224032599210119,-0.0035600661845402656,-4.490969831069727,0.0,1,0.014590550473568387
10.704048,0.0020071410268940326,0.002557035813854629,1.66308367650592,0.0,1,-0.009955859689717461
10.59748,-0.0014252005789607836,-0.00029176859733339583,-2.46637443437789,0.0,1,-0.003352117673258048
10.561956,-0.005982938000308025,-0.001616502006226879,-3.8331448464062845,0.0,1,0.020179595521890192
10.775092,0.009998104789044504,0.004788180261041884,4.8260102234109254,0.0,1,-0.008351854443563012
10.6851,0.009656117451299906,0.0014820643077657625,0.9790138302861564,0.0,1,-0.011524833646853971
10.561956,-0.0015815526718476747,-0.003251868605127273,-3.935375044618226,0.0,1,-0.008744213666483813
10.4696,-0.014764925010767982,-0.005478413648015861,-7.360668798679868,0.0,1,-0.00022617865056928643
10.467232,-0.020323534095997076,-0.0036790075777483194,-7.4508042654356,0.0,1,-0.03506791480307303
10.100168,-0.05199787746394513,-0.011784450315232127,-18.80752121397328,0.14830081042622822,1,-0.02461899643649501
9.851512,-0.0842232260259248,-0.014669932959070597,-24.025709848777588,0.22598803187969807,1,-0.007211481851719714
9.780468,-0.09923763147141962,-0.009894779468188467,-25.33557570604197,0.16699982431941507,1,-0.021792004227200623
9.567332,-0.11623636490488387,-0.008964504300550902,-28.88502237989478,0.19790430778050272,1,0.00470308754833626
9.612328,-0.11129970121287514,-0.0013426135361807173,-26.30905513245442,0.013029226697979013,1,0.024883046021733746
9.851512,-0.0796243942657977,0.010110897803632238,-13.9710494448111,0.0,1,0.0
9.851512,-0.057151374603440885,0.010861305821996348,-13.971049444811108,0.0,1,0.0
9.851512,-0.04115225022197677,0.00895347673448682,-13.971049444811108,0.0,1,-0.012019271762547579
9.733104,-0.03959066717941262,0.0035050199256836598,-17.53554737969978,0.0,1,0.0024333450048410477
9.756788,-0.03353698672651184,0.0031862334595281483,-16.082549297247155,0.0,1,-0.007039201835686182
9.688108,-0.03343873093951899,0.0010948297488403355,-18.28132239313011,0.0,1,0.0024446465708269915
9.711792,-0.028629375467730256,0.001968061740209689,-16.626369570984636,0.0,1,-0.005120785123898908
9.66206,-0.0279832497761916,0.000871395810582782,-18.412593982151193,0.0,1,0.012500025874399467
9.782836,-0.01526358278240636,0.004530354268122674,-9.779142433200441,0.0,1,0.01428215703503577
9.922556,0.004011549279686832,0.007935162110071956,-1.435647027224121,0.0,1,0.01193321559485283
10.040964,0.023182152870759865,0.009035255233714998,4.539061300576151,0.0,1,0.0011791696494478643
10.052804,0.03182227526039938,0.005891792541118171,5.118289963217769,0.0,1,0.003533740436996613
10.088328,0.03645081351685242,0.003506776932523735,6.946991378905977,0.0,1,0.010563494763453196
10.194896,0.04460818151867407,0.0038880483114484624,12.094927837492286,0.0,1,-0.004645854160748697
10.147532,0.041022517059696284,0.00010079461749022689,8.632752925772103,0.0,1,0.04550741993225538
10.60932,0.07429347507523332,0.011123917544342415,24.210117919102643,-0.230750890223975,1,0.02678588260133541
10.8935,0.10841949782673233,0.015083313431947146,29.490842849064677,-0.2887128657863407,1,-0.012608619819158173
10.756148,0.10500155105025222,0.0038884555518223507,21.615815031040015,-0.014500637997606702,1,0.01343008668158907
10.900604,0.10658044840782566,0.0018224509697985919,24.56088174276013,-0.017057548903544273,1,0.03410820171065754
11.272404,0.12947152638596116,0.008237842982644697,30.381982506373177,-0.1710389113040609,1,0.03361341555891717
11.651308,0.16170310484286432,0.013489807146515959,34.41911114216795,-0.2576956113231823,1,0.04878044593791531
12.219664,0.21170663533441036,0.02116444587935401,38.398254283722224,-0.4224958328349988,1,0.03100772656269446
12.598568,0.2506415143023162,0.020033108282419942,40.243869510487755,-0.37087075477935727,1,-0.022368256455813085
12.31676,0.2257381609277438,-0.0016234150307174733,29.75865623378489,0.0,1,0.036339102166478954
12.76434,0.2317733041631449,0.001470576068227869,33.20273436337948,0.0,1,-0.004638234330956448
12.705136,0.21054276710058417,-0.00658665366477762,31.172799752843275,0.0,1,-0.010251602186706177
12.574888,0.1715282679775889,-0.01520038426259096,26.604285150544868,0.0,1,0.007532790749309459
12.669612,0.14562066275129304,-0.013702663162962286,27.62201368710545,0.0,1,-0.004859817333001226
12.60804,0.1154008049088695,-0.014640840335128608,25.25758282206435,0.0,1,0.010518367644772653
12.740656,0.10172547557858636,-0.009438723221803919,26.938691589153507,0.0,1,0.003717547981830771
12.78802,0.09035768794856125,-0.006935503617276337,27.544161957627267,0.0,1,-0.024074094347678487
12.48016,0.05148898680450387,-0.015268068253777911,15.184282803242084,0.0,1,-0.017077665670952924
12.267028,0.01000288733209942,-0.018918055908727454,8.065055649582042,0.0,1,0.0038610819181303935
12.314392,-0.007626736348445462,-0.012182559863090778,9.166256054779524,0.0,1,-0.00173098273954575
12.293076,-0.017582320159680975,-0.00737938122477543,8.399400600573074,0.0,1,0.0021192417585313983
12.319128,-0.018923918718657617,-0.0029069932612506913,9.11893973836375,0.0,1,0.020761209721986917
12.574888,0.0032956085617428243,0.006437511339716585,15.607742350443402,0.0,1,-0.0018834362580405495
12.551204,0.012157071488463345,0.005099658088812368,14.553496016697864,0.0,1,-0.03773566265037198
12.077576,-0.0238942863388818,-0.010317233246177593,-2.4309472775970207,0.0,1,0.019803973909996442
12.31676,-0.019996774724313937,-0.0021399072105365777,4.313842630335444,0.0,1,0.007113883846076252
12.40438,-0.009079954356669973,0.002925637719035796,6.586998172378081,0.0,1,0.00038180062203818643
12.409116,-0.002470214643127022,0.003178459144192916,6.716338646367191,0.0,1,-0.007633420462827445
12.314392,-0.006853160232759947,-0.0004014954818133366,3.1943651174394674,0.0,1,-0.011154103263888326
12.177036,-0.01991986967484749,-0.004489401641300293,-1.6437440609550862,0.0,1,0.014974744264532047
12.359384,-0.009597568589652994,0.0019442998146314006,4.46517742165603,0.0,1,-0.014945405046076665
12.174668,-0.019029620664586133,-0.0024959174201005796,-1.9342816004634358,0.0,1,0.015366661333187759
12.361752,-0.0065695116466688575,0.0033213971992722326,4.130781242030594,0.0,1,-0.0011493516453007224
12.347544,-0.000975997833821296,0.0029716370040399316,3.6025544135405454,0.0,1,0.004794799678381478
12.406748,0.006835758892085764,0.003594464576648998,5.608201392332354,0.0,1,0.00019086387504607671
12.409116,0.01036932401403412,0.002376009899532452,5.6933186813122845,0.0,1,-0.007633420462827445
12.314392,0.0033783295738381014,-0.001538328180221189,1.3197551601242026,0.0,1,0.011538369088786693
12.45648,0.01144197155591975,0.002175104600620153,6.953819773300218,0.0,1,-0.011026550036607574
12.319128,0.003074294917301046,-0.002064190679332851,0.6567117736371202,0.0,1,0.01499424309902464
12.503844,0.014027265354883411,0.0029629265860831727,7.653003589819605,0.0,1,-0.013068301236003999
12.34044,0.004717811794099802,-0.0021155089915668125,0.6009706152784631,0.0,1,0.017079131700328487
12.551204,0.017233600697533547,0.0034667599706223115,7.969029004715509,0.0,1,0.007547323746789569
12.645932,0.029949361757788395,0.005394173676959053,10.882715169645408,-0.0036817243874853745,1,-0.014981260376854766
12.45648,0.01802379547476818,-0.0021771308686870557,2.7558623932529756,0.0,1,-0.005323173159672789
12.390172,0.005033362710358702,-0.005055854544365511,0.15243979554549725,0.0,1,0.012996752587454141
12.551204,0.011538032768958928,0.0004829385047449043,6.010177268094367,0.0,1,0.0037736618733947846
12.598568,0.017775865067513053,0.0022402569344330096,7.637094331648065,0.0,1,-0.007518632276303117
12.503844,0.011519792461163192,-0.001338605223972283,3.260022301742751,0.0,1,-0.003787955128038978
12.45648,0.003484773452891332,-0.003124541410748048,1.103861405494598,0.0,1,0.0019010185863099771
12.48016,0.0011501994943472482,-0.0018197051230973774,2.1793022975625718,0.0,1,0.04648978859245401
13.06036,0.04823706255721483,0.015089052646590072,20.08921090943079,-0.2374430777096883,1,0.02611045943603396
13.401372,0.09617840554221324,0.021010131877196164,25.9672270362217,-0.34696925237065557,1,-0.003357566673024337
13.356376,0.10838454323952718,0.011072089858170028,23.839797727992362,-0.14195039784324237,1,-0.0035458720239681663
13.309016,0.10150890015155589,0.0013988155900662436,21.498163661139955,0.0,1,-0.028470023629094676
12.930108,0.058036336928275034,-0.014024582544404876,5.774781262987119,0.0,1,0.047619091812690195
13.545828,0.08277369390594558,0.0035709248110885605,18.344120541813,-0.033303377403372636,1,0.015209996760626288
13.75186,0.10541389790261846,0.00873704293592048,21.369502813154668,-0.06530953350982216,1,0.005682722191761691
13.830008,0.11446184174240415,0.005928328925235385,22.478029319153976,0.0,1,-0.03527402153346548
13.342168,0.06879399351709736,-0.013246506433357133,7.134294311153177,0.0,1,-0.022896728627611274
13.036676,0.01476956994468459,-0.022423643335256635,-0.20111360411391388,0.0,1,0.013624025019874697
13.214288,0.0013275606630873682,-0.011955217538951287,3.643625037088839,0.0,1,0.0035843020827153182
13.261652,-0.0015570740329682309,-0.004946617411668963,4.672236409997964,0.0,1,0.024999901972996952
13.593192,0.02475869812175091,0.007123051581016726,11.343517495099753,0.0,1,-0.0034843913041174845
13.545828,0.0319063593556308,0.004756904271632206,9.943110875285612,0.0,1,-0.003496279444859307
13.498468,0.028874660026268373,0.0005750683140899257,8.460361371832,0.0,1,0.01736819319051608
13.732912,0.04448958869273234,0.005396665660184631,13.435176136142942,0.0,1,-0.01310574188489666
13.552932,0.033591253968236146,-0.0018338896881038569,7.555619861075527,0.0,1,-0.004018613832047491
13.498468,0.020804148775301456,-0.004873664960346181,5.816149427823447,0.0,1,-0.008771958417799763
13.38006,0.0028095837808930213,-0.007622743318251539,2.0184896396164618,0.0,1,-0.0012391573729864103
13.36348,-0.007803497364720968,-0.006078608154621845,1.4736085074301783,0.0,1,0.01718953446258009
13.593192,0.006682920176199758,0.002802603128766294,8.211946895415025,0.0,1,0.010452879647399937
13.73528,0.025209885598643567,0.007109856183736701,11.852536265773658,0.0,1,-0.003275652189107081
13.690288,0.028623211176643792,0.00350772725391231,10.01303316428563,0.0,1,-0.003459678861394311
13.642924,0.023997606367590407,-0.0003726258517136906,7.99555750616652,0.0,1,-0.009546927037048625
13.512676,0.008831003432431928,-0.005179742928957391,2.593322023107234,0.0,1,0.015422259809973804
13.721072,0.01787811834548414,0.0012891239946982748,9.328442828019533,0.0,1,0.011391238235613166
13.877372,0.03393683260655145,0.005782612751921861,13.633992291908129,0.0,1,-0.00921500122645691
13.749492,0.028481453686540092,0.00010907794397016848,8.047696670991947,0.0,1,0.005855925440736209
13.830008,0.03008997641932254,0.0005725335589175373,10.475103339280992,0.0,1,-0.011986399429414596
13.664236,0.014572406417435957,-0.004981678814323015,3.406015408413687,0.0,1,0.019064073542055304
13.924732,0.027307254215040544,0.002584389661093856,11.303757283592532,0.0,1,-0.024319606294756713
13.586088,0.0031787402625891303,-0.007181374763785853,-0.7534942588988045,0.0,1,0.0221370566715009
13.886844,0.015912588264482608,0.0018508244127025415,7.495874521157653,0.0,1,0.0061390478642950885
13.972096,0.028057796576721472,0.004665344241647135,9.56578495711851,0.0,1,0.0515255549346354
14.692016,0.09178558435144701,0.02279771067212423,22.24713409451452,-0.39588893704466166,1,0.009026399100028115
14.824632,0.12705201287618983,0.01935471306562235,23.921202432119102,-0.29159451746062004,1,-0.015974494341579604
14.587816,0.11436289273221156,0.002221864307214688,16.01967041078929,0.0,1,-0.012175366072618377
14.410204,0.08368709159920584,-0.009484645608597006,10.619889079129038,0.0,1,0.0024651975780496382
14.445728,0.0643356000661015,-0.009612045713900452,11.32290270310915,0.0,1,-0.008032824652381643
14.329688,0.03962855429404222,-0.011439697161986583,7.5913674714824495,0.0,1,0.00809787344986157
14.445728,0.033642651883509345,-0.005808533190839821,10.27710301707966,0.0,1,0.03278671729109117
14.919356,0.06731514635461622,0.00928798709342235,19.140259033370526,0.0,1,0.028571474532814944
15.345624,0.11406413139395077,0.01867899071091897,24.769779251823522,-0.13897375357261765,1,-0.015432151862967647
15.108808,0.1081986129641237,0.004271157427030631,17.202334367080354,0.0,1,-0.04388698301017524
14.445728,0.04099263600219949,-0.02097827317829786,1.1093693181223756,0.0,1,0.0077049768623635995
14.557032,0.013248927854386139,-0.016240660442037074,3.199643259229866,0.0,1,-0.014316105096148668
14.348632,-0.019093670207386282,-0.016194419501269833,-1.1457064835097057,0.0,1,-0.0031359087054432244
14.303636,-0.0374234967209901,-0.011508082004957884,-2.084617978576162,0.0,1,-0.0203640528883704
14.012356,-0.0677431185843762,-0.013942567956114663,-7.903766089485998,0.0,1,-0.004394121873580681
13.950784,-0.08238866963403702,-0.009529373001925162,-9.071229400263569,0.0,1,-0.005092473655960883
13.87974,-0.08876605602269727,-0.005302253130195139,-10.476490841271385,0.0,1,0.013478926838687233
14.066824,-0.06896724454846925,0.004832186114677631,-4.955623618850815,0.0,1,0.01060594772494472
14.216016,-0.04088790176564849,0.010970509632499466,-0.843006117412024,0.0,1,0.016325248930502134
14.448096,-0.004100905227103269,0.015919168723681567,4.980167326384667,0.0,1,0.012948695800470977
14.63518,0.030224668477762506,0.01674824747618245,9.168841939546269,0.0,1,-0.0030745095038120507
14.590184,0.04111906629038131,0.009214215096267082,7.733370963485562,0.0,1,0.005193902969284014
14.665964,0.049454676339159676,0.005849941715015149,9.568875047928657,0.0,1,0.036492930161290404
15.201168,0.09410159166861831,0.01683228568149127,19.84517541391112,0.0,1,0.01028184150060052
15.357464,0.12160791669429649,0.014779536902389812,22.14263070883463,0.0,1,0.020817499555916275
15.677168,0.15186908614927752,0.015013568785790271,26.25441911912617,-0.046809693281526066,1,-0.018731189204580834
15.383516,0.1298729136976604,-0.0023275345552756233,16.27145428534243,0.0,1,-0.014778416065612032
15.156172,0.08910675133038026,-0.014364565640851923,9.563601844349492,0.0,1,-0.023437580412784986
14.800948,0.031696107535875484,-0.02392506981178557,0.6611725910604349,0.0,1,0.004800233066152293
14.871996,0.006270110010634156,-0.01645035577900897,2.247280518685116,0.0,1,-0.015445942831076587
14.642284,-0.02610806458620729,-0.01627617679195014,-3.161911420217308,0.0,1,0.018922730907281915
14.919356,-0.017032146502444334,-0.0024000862360623945,3.3155835386948027,0.0,1,-0.004444427762163583
14.853048,-0.01660050858535911,-0.0006561494396590574,1.6423995896248655,0.0,1,0.0012756977557737414
14.871996,-0.013422313911370054,0.0008406817447766651,2.119492763907452,0.0,1,-0.03789807366812081
14.308376,-0.05768302374842804,-0.01447334269742711,-10.696454242300987,0.0,1,0.004799706130171666
14.377052,-0.0692834600212553,-0.008691259656751452,-8.740911596014136,0.0,1,-0.028166831419960126
13.972096,-0.10305638982256404,-0.014154729819353395,-15.932223099674388,0.0,1,-0.01694921076980871
13.73528,-0.13108948890467076,-0.014062609633820042,-19.397988350822427,0.029052351606155824,1,-0.025861868123547516
13.38006,-0.16378358103700208,-0.015585567255383792,-23.83438313124196,0.18859957166407249,1,-0.06902659629329011
12.45648,-0.24344699535008374,-0.031749660522821826,-31.55802638800147,0.6326888659685821,1,-0.04942969442410705
11.84076,-0.31430145289411726,-0.03420137268895179,-34.86693240279933,0.6699503879630182,1,0.09900006418506924
13.012996,-0.22585056059162412,0.018083173204513775,-11.51794154570372,0.0,1,-0.00818935162970924
12.906428,-0.17168490105774303,0.02408294424613161,-12.558466475846735,0.0,1,0.007339598531832303
13.001156,-0.1224009962026571,0.024455616367072525,-10.93125732323655,0.0,1,0.009107190160628775
13.11956,-0.07769196075822649,0.023054883937167717,-8.80688348131816,0.0,1,0.010830546146364695
13.261652,-0.03702211297282609,0.02124157724085604,-6.194451537319189,0.0,1,0.023214302411192822
13.569512,0.012052987000943816,0.02343889240487532,-0.7653796962955184,0.0,1,0.00663163126278965
13.6595,0.04308512140441678,0.0181570089361161,0.7790597402948052,0.0,1,-0.04212892126358947
13.08404,0.0070557618224516006,-0.005957450215283027,-8.246671177026663,0.0,1,-0.008144884913222517
12.977472,-0.02042756478706842,-0.011146925608267681,-9.719858191994518,0.0,1,-0.06551075586986443
12.127308,-0.10331393102624098,-0.03134443061581341,-19.316260553209297,0.0,1,0.036906789206640145
12.574888,-0.09884928656030567,-0.008959928716626028,-10.837810167794757,0.0,1,-0.03540484813860767
12.129676,-0.12548052378064511,-0.011863721978988495,-15.501552888784367,0.0,1,-0.0218667011385959
11.86444,-0.1504424320757618,-0.012275210091368394,-18.02234659441897,0.0,1,0.001996217267734357
11.888124,-0.14841285021700656,-0.0034152094108710618,-17.532756850464168,0.0,1,0.009960192205263008
12.006532,-0.12516298843621243,0.0066115507899743575,-14.936468919451137,0.0,1,0.012820354786877708
12.16046,-0.09028047517612947,0.013831354683352434,-11.520213892584223,0.0,1,0.005063295302973669
12.222032,-0.06018484561474402,0.014642328081579295,-10.11460423761384,0.0,1,0.0036815482073684347
12.267028,-0.03637196036615542,0.012818404443389303,-9.019660659005837,0.0,1,0.0038610819181303935
12.314392,-0.017487521044682097,0.010567614588287543,-7.788582169892436,0.0,1,0.030384610137471846
12.68856,0.02459265870311178,0.017549264778693806,1.1545371404071858,0.0,1,-0.0014933136620703946
12.669612,0.042004360351748815,0.011653655475776948,0.7129463043461968,0.0,1,-0.004112201699625895
12.617512,0.042868181146754836,0.004172492090260993,-0.5901638950291712,0.0,1,0.030405677442589374
13.001156,0.07169807644869408,0.011000795797400084,8.198157040634754,0.0,1,-0.00910749782557796
12.882748,0.07027085106227382,0.0031911901369932744,4.926044217390732,0.0,1,-0.00018381171470549518
12.88038,0.06350400078054008,-0.0011918867149134926,4.857509083674195,0.0,1,0.011031351559503522
13.022468,0.06666924224129467,0.00065778491528036,8.32447237175139,0.0,1,-0.0070923576084040985
12.930108,0.05499942611823094,-0.003670677069261122,5.259311943164882,0.0,1,-0.005494463000618399
12.859064,0.03866089921351268,-0.006669734657993129,2.8839633203826764,0.0,1,-0.014732954124810238
12.669612,0.011482227493361918,-0.011282802126047965,-3.0906594868203996,0.0,1,-0.016822298899129673
12.45648,-0.020824960657826352,-0.014529996759078748,-8.895412525423978,0.0,1,0.0
12.45648,-0.03524314134526918,-0.00964939248217386,-8.895412525423971,0.0,1,0.0
12.45648,-0.0395153032435509,-0.004640518126818531,-8.895412525423971,0.0,1,0.015209112044494155
12.645932,-0.022570775589063174,0.004101336509223067,-1.173999459800811,0.0,1,0.0
12.645932,-0.012217613796064342,0.004818166100740633,-1.173999459800804,0.0,1,-0.015355768163232253
12.451744,-0.022205231749891752,-0.0017231506176955923,-8.121719842464536,0.0,1,-0.004374327001904321
12.397276,-0.029887604747647956,-0.003135174538483932,-9.900046659868075,0.0,1,-0.0057306137251441625
12.326232,-0.037158490850888626,-0.0034686868805748686,-12.224780329962549,0.0,1,-0.024207559942081236
12.027844,-0.06256305966493514,-0.009624418564873796,-20.26850977903822,0.06963950144744224,1,-0.025398733139538443
11.722352,-0.09550942243321359,-0.014190260444384081,-26.066018234855274,0.22050625190748185,1,0.005252529526497796
11.783924,-0.09889248528125272,-0.005857774430807733,-22.883331889536528,0.022600704229899904,1,-0.046623858062899926
11.234512,-0.1381273095985005,-0.015030866249351835,-30.83404383077988,0.2995924977520801,1,-0.0345699038818954
10.846136,-0.17859877929058143,-0.01850077864714425,-34.42163739248908,0.3544871143702917,1,-0.048034802440242275
10.325144,-0.2273672825290749,-0.022423093961879248,-37.81991727168058,0.46297013621579275,1,0.0
10.325144,-0.23280426060423132,-0.009286690679011889,-37.81991727168059,0.13424180310179246,1,-0.03188100814865147
9.995968,-0.24355372792479102,-0.00667871933319053,-39.591068261643656,0.1088109795072345,1,-0.045012949221125864
9.54602,-0.266127984258004,-0.009750991888801186,-41.47402753449359,0.16097061592860662,1,-0.032746212557694276
9.233424,-0.2812874470697775,-0.00830348490019156,-42.518721676394186,0.06647425095430926,1,0.0002564595755594201
9.235792,-0.2652292245531829,0.0025849125388009986,-42.423401912977795,0.0,1,0.052564198067691414
9.721264,-0.1946416779154525,0.024390819725510465,-24.85559406014669,0.0,1,0.04823364533665586
10.190156,-0.10405343143696655,0.03832635540133214,-12.173109596935035,0.0,1,0.01882444194181132
10.38198,-0.03410285557797721,0.03609231042010716,-7.727318303599176,0.0,1,-0.03581205126575093
10.01018,-0.02726899635031721,0.014308723215922386,-13.368444052561031,0.0,1,-0.025076871744563967
9.759156,-0.042498317040628564,-0.0003068658247963249,-16.70185859287497,0.0,1,0.025236608575577524
10.005444,-0.02604745096573069,0.005381333416700516,-10.682087605300943,0.0,1,-0.007337605407616077
9.932028,-0.021769397014470115,0.0032197957893203635,-11.823246156939042,0.0,1,0.010968152727720781
10.040964,-0.00873825362096703,0.005416979727607817,-9.00001860684339,0.0,1,-0.009197921633819273
9.948608,-0.009190827455801909,0.001654801964257645,-10.690994126477541,0.0,1,0.06117559361068392
10.55722,0.042066454581430435,0.01763736133383,3.3858254774568906,0.0,1,-0.013010243226910134
10.419868,0.052743557718262224,0.00943815482355393,0.4515123908547025,0.0,1,0.02250009309139056
10.654316,0.07322414614348816,0.009972914416259956,5.129025613015401,0.0,1,0.004890037051651364
10.706416,0.0817040948441452,0.0061509543723056725,6.151121849638955,0.0,1,-0.012386591367269939
10.5738,0.06808406129079358,-0.002489693060348644,2.7526309987499147,0.0,1,0.0029113469140704673
10.604584,0.058165706073220136,-0.0041360160926407,3.478845255003982,0.0,1,-0.008262464609644193
10.516964,0.04105771962499638,-0.007081334180288154,0.9997627228552162,0.0,1,0.006530021401613517
10.58564,0.03480524976546917,-0.004444601346605119,2.901183318588231,0.0,1,0.005369160485336755
10.642476,0.03351491068858259,-0.0019116468078305693,4.523887470550093,0.0,1,-0.02202946006173756
10.408028,0.010539498592757823,-0.008295686301218446,-2.911812277930352,0.0,1,0.006143334741220974
10.471968,0.0035018343287820386,-0.005111116855064744,-0.8119793806258144,0.0,1,-0.0018090200428421133
10.453024,-0.001887483997270678,-0.003500145060372487,-1.4463030910559382,0.0,1,-0.003171905086987281
10.419868,-0.007187852827190255,-0.0029335046300973545,-2.6341617367135797,0.0,1,0.009091094052247062
10.514596,-0.0013450495065505663,0.0009697662301807785,1.1589949273771225,0.0,1,0.005180227561762729
10.569064,0.006227439612647601,0.002847418449792983,3.3087506589298954,0.0,1,0.0026886013747291493
10.59748,0.011862730871191829,0.0028275699027790705,4.470406033751452,0.0,1,-0.004469364414936394
10.550116,0.009744815594531886,0.00023655154203970977,2.0711219888257304,0.0,1,-0.00897847947832986
10.455392,-1.9876676676133798e-05,-0.0031760469097227703,-2.571171547737471,0.0,1,-0.014949224285421336
10.299092,-0.017925566422556827,-0.007027245551867822,-9.234416311304408,0.0,1,-0.008967392465277557
10.206736,-0.03308094742695111,-0.007394208852087369,-12.67699299796817,0.06015018708679776,1,-0.0027844356903126144
10.178316,-0.04027022564356919,-0.004861162356235148,-13.724412983770293,0.029347164679597526,1,-0.044904481252105
9.721264,-0.07859667928157954,-0.01439587199808183,-25.83992065705242,0.28893506684176984,1,-0.04993918486320292
9.235792,-0.13166618282711973,-0.022488458514540677,-32.670632258228416,0.45446020832132206,1,-0.028461446511571564
8.972928,-0.16913408603096336,-0.019985453906128103,-35.189779408487766,0.4038667686652815,1,-0.01029318412005531
8.880568,-0.18147019713030588,-0.01077385500182354,-35.98515007979254,0.22566184530003675,1,-0.013332930956668543
8.762164,-0.1823827362524515,-0.00389546470798971,-36.981067568984784,0.09355994704652915,1,-0.045135425449694844
8.36668,-0.20059744445915406,-0.007370057638230759,-39.697988364980255,0.1744959309652394,1,-0.04019228654615692
8.030404,-0.22101134485757612,-0.009261319345550939,-41.39464787725376,0.16456443241812124,1,-0.049838090337671836
7.630184,-0.2461523496519895,-0.01146744137998812,-42.93361796558793,0.17762805541402038,1,-0.027001707953569598
7.424156,-0.25537915624486285,-0.006898082657620486,-43.58938033872109,0.005235409458892448,1,0.01594901831265405
7.542564,-0.22884362985422868,0.006545814577671227,-38.35354876379362,0.0,1,0.0043958526570009315
7.57572,-0.19374256417105862,0.01388229342028044,-36.84198177888554,0.0,1,-0.04313886996879501
7.248912,-0.18728081764855187,0.006781346647595721,-38.91831575274794,0.0,1,0.07481233045731561
7.79122,-0.12325087624991937,0.023603762682076063,-18.878231720561306,0.0,1,-0.013070096852610957
7.689388,-0.08945099919644317,0.019134546578517417,-20.27592664393162,0.0,1,0.004003959742959973
7.720176,-0.06253114407000115,0.015351467234986482,-19.231432200500166,0.0,1,0.020245134307818713
7.876472,-0.03083562116761307,0.015682330045791525,-13.876379812703327,0.0,1,-0.010823627634301225
7.79122,-0.019522557952451614,0.00899846442031766,-15.493973924329744,0.0,1,0.015197619884947278
7.909628,-0.0023718131821670596,0.008716403063534073,-11.260537402097874,0.0,1,-0.009281346733373441
7.836216,0.0002835436348229692,0.0037905866268413677,-12.911999572180832,0.0,1,-0.0108797409361866
7.75096,-0.005517073259583505,-0.0006700100891883689,-14.845783086582088,0.0,1,-0.009165832361410664
7.679916,-0.013877958935155199,-0.0030102985882533555,-16.464742719479034,0.0,1,0.011409499791404043
7.76754,-0.009599905195011083,0.0004225850506302531,-12.519042639134192,0.0,1,-0.03963416989162605
7.45968,-0.03231588622535497,-0.007431131993237881,-19.570979252513375,0.0,1,0.047618664607597117
7.8149,-0.011379219555080589,0.004501844892345501,-6.05083195268417,0.0,1,0.024242408732037646
8.004352,0.015825048742979853,0.010568704396801982,-0.26246129267654794,0.0,1,0.011242883871174003
8.094344,0.03560776216342809,0.010117139272416743,2.335493395605404,0.0,1,-0.00702169317241752
8.037508,0.037795472026700416,0.004101616378563024,0.5036527011407799,0.0,1,-0.017383497472102105
7.897788,0.02409637095611128,-0.0031991615640087033,-3.9034425278748017,0.0,1,0.036581382027474074
8.1867,0.039314789507807646,0.004006418995895891,5.098823796777054,0.0,1,0.014752708661609493
8.307476,0.05371243299133788,0.006134687493142041,8.331179275847354,-0.0004067250244901288,1,0.050741284115656926
8.729008,0.09156288531715795,0.014661713272987376,17.425111843632962,-0.23151413838162682,1,0.026044654787806376
8.956352,0.12180320437030545,0.01496734410871163,21.19262397881505,-0.2762501280008376,1,0.00026439336015360304
8.95872,0.1269704301993535,0.006711523312586565,21.23113191054628,-0.09955508064068574,1,0.049960262180311465
9.4063,0.15627150726393246,0.012004200125721842,27.537179488455877,-0.2740228017102204,1,-0.03826796933969778
9.04634,0.12790275352422675,-0.0054548512046612985,14.837279180445563,0.0,1,-0.015706683586953485
8.904252,0.09121914719402113,-0.014046152511622306,10.491708554488945,0.0,1,-0.03404261245077078
8.601128,0.040015415096084084,-0.021749961536519785,2.1988644938012527,0.0,1,-0.0313875110334364
8.33116,-0.011418402210891188,-0.024394592947831688,-4.036605569989646,0.0,1,0.028993801583452772
8.572712,-0.01605444401347178,-0.009676878250137428,1.6994819698848644,0.0,1,-0.01823227002143546
8.416412,-0.03005959458030638,-0.007894009605657344,-1.9664015738893852,0.0,1,0.018007673578717354
8.567972,-0.021927203648697713,7.946044198377591e-05,1.721894698695614,0.0,1,0.0002763781207502092
8.57034,-0.01583640787883489,0.0020567520706155328,1.7813065636138177,0.0,1,-0.010223631734563532
8.48272,-0.018772976004001407,-0.0002932720181836601,-0.7123690192454433,0.0,1,-0.008933455306788352
8.40694,-0.02499184539958499,-0.0021707138045890806,-2.892419690981235,0.0,1,-0.038028105351055275
8.08724,-0.05266029298074315,-0.009946387128582417,-10.982203399344172,0.0,1,-0.027525830814962737
7.864632,-0.08065682568959431,-0.012647639945811195,-15.5582175092852,0.0,1,-0.003010948255430246
7.840952,-0.0899070232365542,-0.00729927916425703,-16.029118764760483,0.0,1,0.02144331453629622
8.009088,-0.0730285367403205,0.0031930691106588915,-9.600326784666017,0.0,1,0.005322453692605311
8.051716,-0.054951248763842386,0.0070901190290456675,-8.00927952412583,0.0,1,0.0
8.051716,-0.04133333404528372,0.006902677915868113,-8.009279524125837,0.0,1,-0.0005881975966366415
8.04698,-0.03147459884889692,0.00558713770408497,-8.162470150569526,0.0,1,-0.0023541751066858962
8.028036,-0.025501014679962353,0.0038535739576731794,-8.830009868076779,0.0,1,0.004424494359517084
8.063556,-0.017429138038831837,0.003975150199601232,-6.937373135611345,0.0,1,0.00881100100253529
8.134604,-0.006020104881697463,0.00512806111891187,-3.1380164043720455,0.0,1,0.04861699475475412
8.530084,0.0331427537703437,0.014763639923651012,12.385702242830433,0.0,1,0.024430709005913487
8.73848,0.06732862028216857,0.01631650214515863,17.879741950649205,0.0,1,-0.02845529199586183
8.489824,0.058089501847902625,0.002359127903630895,6.867621461674425,0.0,1,0.04295683868122602
8.85452,0.07902048414344343,0.007763370066390565,15.886402455402717,0.0,1,-0.013105171144229377
8.73848,0.0732309349459257,0.0006579402896242786,11.351151125090112,0.0,1,-0.021680200675632255
8.549028,0.04844591576834034,-0.008042359629320359,4.540708971775473,0.0,1,-0.04321333372636049
8.179596,0.0012302465321862854,-0.018419342955158142,-6.033880889079505,0.0,1,-0.015634023978690292
8.051716,-0.03313677529690651,-0.017595454928083648,-9.084946085738764,0.0,1,0.026764977801005285
8.26722,-0.02960022160337772,-0.004686300411518286,-2.290329805548893,0.0,1,0.02262961430807464
8.454304,-0.00977492628966381,0.005046331634065208,2.9307915598169174,0.0,1,0.023249223117597806
8.65086,0.017331965224663293,0.010717741049464106,7.844443435592005,0.0,1,0.10265522734155907
9.538916,0.10344574721310629,0.03227717434596904,22.33991914564497,-0.3596230712511659,1,0.049900848272486975
10.014916,0.177548825939569,0.035460084357477245,27.041512006281735,-0.4785595589540872,1,0.049893578737954414
10.514596,0.24144462980783565,0.03311862940858129,30.84013740611691,-0.5389368905027858,1,0.049999828809399904
11.040324,0.2970828125913165,0.02958560406402072,33.9454657519515,-0.5616580184385427,1,-0.04997860570034007
10.488544,0.25416333626711385,-0.0044446240867273,20.601332431920994,0.0,1,-0.04628592872375803
10.003072,0.17106732008275394,-0.029180213423695728,11.105573585978,0.0,1,0.050189781699062186
10.505124,0.15710136865034485,-0.014382054952034928,16.311940591752006,0.0,1,0.016005141871719086
10.67326,0.15103794554661043,-0.006815159351923117,17.910328478570662,0.0,1,0.0026627291005745235
10.70168,0.13778807186585773,-0.006688344344225272,18.19375432186861,0.0,1,-0.008851694313416258
10.606952,0.11178679570332761,-0.010896540168918459,16.03376299328619,0.0,1,-0.016744866951410753
10.42934,0.07466959131345341,-0.01600458151959755,11.94612012999847,0.0,1,-0.028610055861636563
10.130956,0.025023189842395155,-0.021883660996885268,5.529698014038061,0.0,1,-0.016596656820935696
9.962816,-0.01589694338000136,-0.02093459807309393,2.1477465921494243,0.0,1,-0.0030902909378230925
9.932028,-0.037597931376199156,-0.014211862023097242,1.5094872132644355,0.0,1,-0.024320511379951837
9.690476,-0.06544459775961542,-0.014019509468837836,-3.456518088397573,0.0,1,0.018084147775609738
9.86572,-0.059310547804688696,-0.00262848650463704,0.3983217097547538,0.0,1,0.005520935116747783
9.920188,-0.0467619771768355,0.0033066947077387207,1.6035652105174663,0.0,1,-0.10002391083717355
8.927932,-0.11927886043150515,-0.023070062848976988,-15.409302941902084,0.0,1,-0.0013261749753469276
8.916092,-0.1465840636895468,-0.016791755369006206,-15.5598417338948,0.0,1,0.04993353590339811
9.361304,-0.11092032667777296,0.0062906605475892136,-5.4732317137398425,0.0,1,0.015178227306793968
9.503392,-0.07200443094873776,0.015068852092208138,-2.6033201132568777,0.0,1,0.004734730504645013
9.548388,-0.04279644717182585,0.014758945289706685,-1.6628661393080861,0.0,1,0.0002479999765405694
9.550756,-0.024428751352385092,0.011042213703049149,-1.6089132900411514,0.0,1,0.058021375480642456
10.104904,0.032969825836701716,0.022813596964045328,9.412349610527684,0.0,1,-0.011249191481680465
9.991232,0.04944896227818596,0.013097577801843188,6.654768238207012,0.0,1,-0.00924370488043924
9.898876,0.04587145030907891,0.0031733552775787127,4.376363509433936,0.0,1,-0.005024004745589172
9.849144,0.036115740132103724,-0.0021941182997988265,3.0987284299228577,0.0,1,0.036306911544800036
10.206736,0.058027573365940555,0.006572571644679337,10.511443192128375,0.0,1,0.01624103925094178
10.372504,0.07796185886903118,0.008835619049256657,13.48410191042072,0.0,1,0.0059360786942093124
10.434076,0.08656318004815589,0.005812313409460451,14.584395303735747,0.0,1,0.028370504489328985
10.730096,0.10831857563370662,0.009189236331670389,19.494589577078685,0.0,1,-0.00286893984918668
10.699312,0.10760439212367245,0.0028250176072120714,18.398832735540537,0.0,1,0.015714655297462077
10.867448,0.11229160102501545,0.0025040755028516853,21.158601315790563,0.0,1,-0.009370001126299377
10.76562,0.09679190539026905,-0.004331873377298234,17.208933780760802,0.0,1,-0.004619520287730827
10.715888,0.07683173212370598,-0.008097348881287103,15.243771600333815,0.0,1,0.010607800305490356
10.82956,0.06992166781344977,-0.005002471063847769,17.646309695703494,0.0,1,-0.007216544347138809
10.751408,0.054127163340535134,-0.006932325178920805,14.253358898358726,0.0,1,-0.04955927632920254
10.218576,-0.0026833525076330744,-0.021247613675696334,-3.438341807905445,0.0,1,-0.022016374884328282
9.9936,-0.04961299772274863,-0.02272575296360397,-8.764872915671127,0.0,1,0.020142491194364398
10.194896,-0.05216873718674542,-0.008427164142533583,-2.7640526512119266,0.0,1,0.003948642536422131
10.235152,-0.04574454548651552,-0.0006676574807678928,-1.593368691160876,0.0,1,0.0074038959069684385
10.310932,-0.032405404179190356,0.004223827942185759,0.6947379738061699,0.0,1,-0.011253686863612278
10.194896,-0.03270504984392808,0.0013080607591493473,-2.861979441123083,0.0,1,-0.008130342869608564
10.112008,-0.037036785189302535,-0.0010078915287417,-5.34842884135395,0.0,1,0.04449640467056604
10.561956,0.001379412570450711,0.012469435410337184,8.010628498683268,0.0,1,0.02690600112327668
10.846136,0.044154227069457264,0.01841474996978125,14.092585273783186,0.0,1,0.007860126408151258
10.931388,0.0689664487298387,0.014408990543387568,15.746370500087124,0.0,1,-0.05285952707926933
10.35356,0.02747302216587677,-0.009028145340191453,-1.1852213694168015,0.0,1,-0.03934105756860451
9.94624,-0.029506442963260326,-0.022002536823109525,-9.37879646023567,0.0,1,-0.004762000514767384
9.898876,-0.05948430528089155,-0.017326799713580254,-10.241034769826769,0.0,1,0.026794153194766857
10.164108,-0.047413544332965074,-0.0017520129218845937,-3.2130942174743353,0.0,1,-0.00862053020294562
10.076488,-0.044728701831255435,0.00031094319327501507,-5.134346825761597,0.0,1,-0.015041351709047746
9.924924,-0.05228922209446196,-0.0024165256899771684,-8.416308366290743,0.0,1,0.014077689662913118
10.064644,-0.04006871371819365,0.0032679942287637126,-4.344432238866524,0.0,1,-0.002352790620313905
10.040964,-0.03259273338687585,0.003581324853360504,-4.935954694270492,0.0,1,-0.0011791696494480863
10.029124,-0.027125348772312208,0.0030162364893080475,-5.258002505685866,0.0,1,0.003541685196035038
10.064644,-0.01917121073400274,0.0036567915092058367,-3.972301856602698,0.0,1,0.030823544280354165
10.374872,0.012255792512984698,0.011694598252064427,5.969476130159457,0.0,1,0.022597676385790688
10.60932,0.046485311427064246,0.015308039055381327,11.86755766471942,0.0,1,-0.0013391998733189858
10.595112,0.05854229493184704,0.00912167418672137,11.314508075302811,0.0,1,0.0035763661582812745
10.633004,0.06284992877325202,0.004476436009375452,12.31282124601207,0.0,1,-0.003340918521238301
10.59748,0.05680591829618287,-0.0005225248225645684,10.681619552387744,0.0,1,-0.001117246741678124
10.58564,0.04806341986629903,-0.0030883410841494666,10.09900030405155,0.0,1,0.005592859760959357
10.644844,0.044620552329167396,-0.002177069540427033,12.11968293686494,0.0,1,0.005561753652754353
10.704048,0.0441144058665035,-0.0008944053343636418,14.137634576481702,0.0,1,0.017699098509274203
10.8935,0.05597279881296302,0.003654662537365294,19.848608127568056,0.0,1,-0.004347913893606226
10.846136,0.05329059538511238,0.0003241530365048831,16.88966311459788,0.0,1,0.0006549798011015184
10.85324,0.048100610722427106,-0.0016219438753934667,17.12177616387791,0.0,1,0.04734881012490266
11.367128,0.08432123416421611,0.011532893188798507,28.970785165342335,-0.12034945975289624,1,0.03520854168264842
11.767348,0.12875644303809253,0.018656034020891638,33.96994037947319,-0.27509333880432507,1,0.021332249203473763
12.018372,0.16116301055519067,0.017020867179329935,36.24821731029516,-0.24538118486016458,1,0.00512315644747896
12.079944,0.16906704343413992,0.008308300019426396,36.761021264353346,-0.06926648358409793,1,-0.013134829101856704
11.921276,0.1457078062541033,-0.005016979053536735,28.391076880140602,0.0,1,0.03257839177618238
12.309652,0.15425053714290904,0.0011752506117563288,32.88229364429914,0.0,1,-0.01731421814361611
12.09652,0.12790669115873676,-0.008389531790805316,23.559931411717088,0.0,1,-0.01331258907520505
11.935484,0.09065621057008855,-0.015213337459817844,17.21319371717661,0.0,1,-0.003967999957102841
11.888124,0.06052961939492363,-0.01511330954499425,15.370152936799357,0.0,1,-0.011952432528462897
11.746032,0.028581188857765838,-0.01568724669405068,9.895113761269315,0.0,1,-0.020161021185707728
11.50922,-0.009509125482294323,-0.017925853678036948,1.8529523101302487,0.0,1,0.016460889617194052
11.698672,-0.011974188862133417,-0.006796972352625348,6.986727619900243,0.0,1,0.031376552825824966
12.065736,0.01837979518645838,0.007852337231988816,15.016910638888817,0.0,1,0.05083386541857049
12.679084,0.08313747094521595,0.024203337663582132,24.02143486105126,0.0,1,0.03903625845526393
13.174028,0.14983351957916113,0.030299795432509116,28.89270115297323,-0.1237828336543334,1,0.00017974760642691656
13.176396,0.17089275059786857,0.017119675483738855,28.91372004426428,0.0,1,0.049964193547309854
13.834744,0.22204363689073503,0.022756853925535114,33.87425265503762,-0.2891614833382743,1,0.04416301450897819
14.445728,0.2800307769629402,0.026914664665913413,37.02239697555156,-0.46137690910115126,1,-0.034426233139652096
13.948416,0.24424578225212912,-0.0029567766816325503,23.963440381140927,0.0,1,-0.03225799976140653
13.498468,0.16850380304238044,-0.0262329186304604,14.26808614171064,0.0,1,0.03157869470816976
13.924732,0.15211282985064223,-0.01420796394073287,18.60061566700206,0.0,1,-0.0034011426575392134
13.877372,0.12729460743388543,-0.013008728785829898,17.58891679145735,0.0,1,-0.00017063749534129702
13.875004,0.10408027893934957,-0.012074352426788587,17.533585531850406,0.0,1,0.013824860879319445
14.066824,0.09978475811380427,-0.005456624417444628,19.76162652256521,0.0,1,0.047811218793951005
14.739376,0.14536760119154657,0.013375406220099223,26.140449824683586,0.0,1,0.020404934374426587
15.040132,0.18110805596445623,0.016371953664336303,28.404053122659064,0.0,1,-0.0017318996934334585
15.014084,0.18171527868720538,0.00565972546236182,27.694725007758592,0.0,1,-0.01104109981001844
14.848312,0.15306161682464747,-0.00766464546673204,23.023148170626413,0.0,1,0.0006379176299635692
14.857784,0.12676898449131357,-0.01131909260002198,23.12573616558626,0.0,1,-0.005419112298307827
14.777268,0.09634891961703751,-0.013913052491432681,20.590324715822376,0.0,1,-0.010897548856798056
14.616232,0.059690143878480484,-0.016857276076663236,15.540392941599094,0.0,1,0.014096109038225446
14.822264,0.0535559106859953,-0.007663836423049471,18.72134813576737,0.0,1,-0.008308042550045025
14.69912,0.035763801532585404,-0.00848531519215312,14.751851049125548,0.0,1,0.00531650874338041
14.777268,0.030399763494830978,-0.004616451076635851,16.131296377003395,0.0,1,0.0
14.777268,0.02518443085138422,-0.003277261240027536,16.13129637700341,0.0,1,0.009615309135626582
14.919356,0.032318728625380544,0.0012856788446562635,18.8662740792967,0.0,1,0.026349394705776685
15.312472,0.06595231679359692,0.011639755670957548,25.057949479759586,0.0,1,-0.016238788877458887
15.063816,0.056551751144903406,0.000746396674088011,15.853614553932388,0.0,1,-0.011790637910075397
14.886204,0.03233782239181515,-0.007822510693000079,10.012836251388926,0.0,1,0.014953711503617795
15.108808,0.03608637281595328,-0.001357986756287316,14.408780028537947,0.0,1,-0.015360311680444938
14.876732,0.015613783626692523,-0.007276858648516026,7.133092820713429,0.0,1,-0.02897168544812123
14.445728,-0.031840659603496135,-0.01824376729290156,-3.667008883841234,0.0,1,-0.008852444127426584
14.317848,-0.06357115958496529,-0.016658089091456905,-6.385039895942285,0.0,1,-0.034072159447425365
13.830008,-0.11479214627695278,-0.022626358594481463,-15.070433996441437,0.3225092072176512,1,0.04571913479731893
14.462304,-0.07814529409986726,0.0046734978608680144,-0.5682738421951683,0.0,1,-0.007204937747125162
14.358104,-0.06199309350300197,0.006941899485911104,-2.5064292249866824,0.0,1,-0.00379353708539798
14.303636,-0.05328990207931916,0.005215030303197969,-3.5639032848970587,0.0,1,-0.016556070078964424
14.066824,-0.06423181452753468,-0.0019089607150058474,-8.073552231037503,0.0,1,0.0023567508913169277
14.099976,-0.06158745287434719,0.0002451336460605469,-7.209345731717363,0.0,1,-0.0033591546538802586
14.052612,-0.05907998430822481,0.0009175340707276436,-8.196861757048005,0.0,1,-0.03269285453835913
13.593192,-0.09118791799947878,-0.010396799873508777,-16.523263395985637,0.02803178333179268,1,-0.009059240831734039
13.470048,-0.10990489167848239,-0.009704591184170788,-18.39793328880041,0.0,1,-0.036919838741480415
12.972736,-0.15154730421144436,-0.017115667905710924,-24.74417281389403,0.1969945489972833,1,0.0076671567200627955
13.0722,-0.15145090179363763,-0.005673088495968065,-21.551079313561562,0.0,1,0.007608512721653415
13.17166,-0.13049345876859952,0.005094784843023337,-18.308796071219668,0.0,1,0.0014385430537988686
13.190608,-0.10756128235869511,0.009342320417642588,-17.659806192917685,0.0,1,0.02369837690574994
13.503204,-0.06108208729052045,0.018607171828605745,-7.624197604006945,0.0,1,0.052262263089559946
14.208912,0.026056684184444734,0.03524864776785698,8.001668984451449,0.0,1,-0.010333233114541152
14.062088,0.05521934623989111,0.02147043660776779,4.580264958461598,0.0,1,-0.01987215554333044
13.782644,0.04191206508095746,0.0027210518162780473,-1.473159360035055,0.0,1,-0.030927882922899275
13.356376,-0.0037565809219231028,-0.014315864728867507,-9.1517924232148,0.0,1,0.0035461715064026844
13.40374,-0.022330855513203574,-0.010963379773382662,-8.01837319473885,0.0,1,-0.014134264018848541
13.214288,-0.04554475484940923,-0.011392426369862776,-11.312928732205862,0.0,1,0.006989101493777072
13.306644,-0.045659974946728354,-0.003835882155727298,-8.81296308497118,0.0,1,-0.009254023779399323
13.183504,-0.052174253749827315,-0.003450053652942084,-11.159148070752053,0.0,1,-0.01652610717150771
12.965632,-0.06923953867222465,-0.006838446191779805,-15.07071818909084,0.0,1,-0.019908632298063056
12.707504,-0.09351288624407061,-0.01037059792120859,-19.15934234434599,0.0,1,-0.008572572552406843
12.598568,-0.10693481950965378,-0.00793084372893059,-20.764059171829523,0.0,1,0.004699264233839928
12.657772,-0.09980088451664315,-0.00026563624530664964,-18.60835626741601,0.0,1,0.04359218984194069
13.209552,-0.041935509977083285,0.019199912764751075,-2.155287609816689,0.0,1,0.00842602383487323
13.320856,-0.00023286354254636876,0.02030085306642933,0.5050287175985773,0.0,1,-0.004088926417341376
13.266388,0.016098864969933402,0.012210860526303038,-0.8579111497646252,0.0,1,0.022849022657862816
13.569512,0.04818349047867976,0.014765162011683132,6.4151037085638976,0.0,1,0.012216209396476385
13.73528,0.07402451235982888,0.013535394630944088,9.899618596566782,0.0,1,-0.020689494498837946
13.451104,0.05709498060375218,-0.0011313790417108727,1.9834411224332698,0.0,1,0.0669012744232742
14.351,0.11886363300873448,0.02021242445442381,17.22421410355055,-0.005638806707366939,1,0.029703017211344163
14.777268,0.1753649897938292,0.02557126041317284,21.915857822653052,-0.18442913640805259,1,-0.012820502409511603
14.587816,0.1732142523702258,0.007806840996523151,17.167892012938907,0.0,1,-0.01948064055647547
14.303636,0.13402269596090477,-0.010461571804265962,10.509652928267258,0.0,1,0.021192094094117042
14.60676,0.12851869309283614,-0.00532185822411152,14.661403619704387,0.0,1,0.05706891877459497
15.440352,0.1845228005677324,0.016894083083594913,23.25348263694454,-0.23675885644465922,1,0.04616552783252614
16.153164,0.2565489542578696,0.029640078924577373,28.272678207068594,-0.4557032418296245,1,0.004984534299286469
16.23368,0.2778926182481154,0.01699458097160772,28.772629568304282,-0.1145929638000105,1,-0.010648971767337923
16.060808,0.25100073205589624,-0.0032991017402038136,24.673532425618603,0.0,1,0.002948793111778647
16.108168,0.22058472795512785,-0.011238368613657401,25.068450191391463,0.0,1,-0.01793574539326881
15.819256,0.16291866524181664,-0.022968143775656202,17.89271199276024,0.0,1,-0.005988145080906504
15.724528,0.11261507844834284,-0.02442391018970999,15.607975846786488,0.0,1,0.007530146532856108
15.842936,0.08794602851424393,-0.016364320041269628,17.143627383583052,0.0,1,-0.06875922493154041
14.753588,-0.022496332162324606,-0.04226889357261272,-3.898614365054712,0.0,1,0.06260036541619574
15.677168,0.0011221818462505695,-0.006216793188012515,8.386666347411953,0.0,1,-0.005287179419140031
15.59428,0.005930590363352195,-0.0004694615569702963,7.0890832360074185,0.0,1,-0.003644669712227766
15.537444,0.003104245424955465,-0.0010986021651223418,6.138539831422726,0.0,1,0.020576099904205503
15.857144,0.028074052503678004,0.0079570683045334,10.272676347223495,0.0,1,0.005227170794438241
15.940032,0.045126785001066594,0.008336600267307329,11.32285374226496,0.0,1,0.0013370111176689292
15.961344,0.0516685858330046,0.0049594670330817756,11.612755158814068,0.0,1,-0.009495440985420767
15.809784,0.038003770762889744,-0.0029017826790110265,8.167703696864095,0.0,1,-0.027261852533848607
15.37878,-0.007912617669076027,-0.016272723703658933,-0.5661124254770513,0.0,1,0.028795782240203627
15.821624,0.006692239587364313,-0.0005559554824061978,6.83331009609023,0.0,1,-0.028588468541535295
15.369308,-0.024256018416695113,-0.010501404495488545,-1.2607396875290178,0.0,1,-0.02003083027550756
15.061448,-0.0633638125506657,-0.016536399543153044,-5.999742272711586,0.0,1,-0.0204402657699313
14.753588,-0.10329239190509654,-0.018821659632527965,-10.28983958833691,0.06895559298349774,1,-0.018459238525570854
14.481248,-0.1373439822568887,-0.017624416661440045,-13.762671437852454,0.1364186994920331,1,-0.025347539107126726
14.114184,-0.17351311224470933,-0.017931182216420233,-17.959055888748516,0.24332092464949007,1,0.007885967761225299
14.225488,-0.1678629178848947,-0.004093662618868538,-15.407115292863104,0.0,1,0.025470338873436082
14.587816,-0.12085524421457805,0.014304670350482718,-7.585681873566784,0.0,1,-0.04220782603783868
13.972096,-0.13859013702820455,-0.0011434074877146039,-15.398315427365453,0.0,1,0.014406714640380347
14.173388,-0.11913407201600101,0.006104219174829645,-11.296984439365296,0.0,1,0.016040201538263243
14.400732,-0.08053286684189942,0.014901808116310408,-6.824886488911012,0.0,1,0.037658363477634405
14.94304,-0.009328858684689578,0.028701938757840086,2.382898300502248,0.0,1,-0.02393033813735357
14.585448,-0.0027487830490287024,0.011760671464500322,-3.1759501076465,0.0,1,-0.006494692518186573
14.49072,-0.007123679977112829,0.0024619248454720646,-4.594206155956364,0.0,1,-0.003104883677277459
14.445728,-0.012466821776394355,-0.0009604056512698203,-5.308577896647492,0.0,1,0.001803162845098516
14.471776,-0.011928824194669119,-0.00014080268984819483,-4.754426032080687,0.0,1,-0.026345902534699372
14.090504,-0.04243842338758341,-0.010216800627587494,-11.094136013931127,0.0,1,0.0016805644425494926
14.114184,-0.052183354368409596,-0.00665391053613789,-10.509052424527717,0.0,1,-0.004026587721968178
14.057352,-0.05744320699478678,-0.003971254387505022,-11.492458559606774,0.0,1,-0.022574379584433757
13.740016,-0.08173086605840929,-0.009419637817042512,-16.64560331451004,0.0,1,-0.008617457214023627
13.621612,-0.09693079008535399,-0.0082065206146624,-18.398815321650115,0.0,1,-0.026425653586374387
13.261652,-0.12644985292504707,-0.012575194484785154,-23.16367158498185,0.14278985899373886,1,0.021428401227840954
13.545828,-0.1069905632678072,0.0022946983908182367,-14.617228385242932,0.0,1,0.034965156799569685
14.01946,-0.048875704833536204,0.020136518941696407,-3.1250925808735204,0.0,1,0.04054050583973989
14.587816,0.03161769978639306,0.03354330785387523,7.057846511738283,0.0,1,0.015909166937668973
14.819896,0.08856959378082507,0.030165067282769083,10.493553885918672,0.0,1,-0.013422766259628238
14.620972,0.0930877412963067,0.011561071599416911,6.210470533867451,0.0,1,0.011337686714672612
14.78674,0.10140350327935543,0.006625611194155209,8.904560306042264,0.0,1,0.01777700831961604
15.049604,0.11901642566426673,0.008079511193022165,12.92364135419438,0.0,1,0.02203008132307005
15.381148,0.14553351805136572,0.011532201193373726,17.392695196542107,0.0,1,0.003849127516359685
15.440352,0.151597937740636,0.005865540294214683,18.154311997944333,0.0,1,0.00061345751703068
15.449824,0.14278631944021747,-0.0009820260020679539,18.285992316955856,0.0,1,-0.002146043864318492
15.416668,0.12371865033665586,-0.006683231701876513,17.20517845798763,0.0,1,-0.01996929557022309
15.108808,0.07821992825681967,-0.017393984593904233,7.771491054594534,0.0,1,0.015203846656864028
15.33852,0.06809490652883454,-0.009173002107296449,12.173607948728346,0.0,1,0.0003087651220585741
15.343256,0.057752486787439494,-0.006505140616230504,12.263723629665577,0.0,1,0.024540814544188105
15.719792,0.07914656968445577,0.004962980760261929,18.82469898319158,0.0,1,0.01626993537827981
15.975552,0.10456139699259204,0.010125936022799403,22.44094002969608,0.0,1,-0.0206047340336033
15.64638,0.08112436089727737,-0.004437033357505088,12.134121457730807,0.0,1,0.012562394624187734
15.842936,0.07902514610818123,-0.002178749382200404,15.400257915114395,0.0,1,-0.028400543939582912
15.392988,0.033894443204617986,-0.015769817428587886,3.633519573466593,0.0,1,-0.0069231522820650815
15.28642,-0.0003761118475491543,-0.016680124160251678,1.2088975725342408,0.0,1,-0.006971154789676137
15.179856,-0.026360380053004562,-0.014221464121902363,-1.2402255647789033,0.0,1,0.037129469475863264
15.743476,0.009812517515351615,0.007317144482151272,10.00168777670818,0.0,1,-0.0012035461546103798
15.724528,0.02550225650658433,0.007668961157794665,9.513954396836432,0.0,1,-0.000150592755470913
15.72216,0.031024604626651353,0.004397103092620563,9.446854214126397,0.0,1,0.025757020663827346
16.127116,0.06494672830113046,0.012773075589033227,16.601871085363882,0.0,1,0.016740004846495626
16.397084,0.09899289611327511,0.015606414467059293,20.462214863457078,-0.13977909677813116,1,-0.012131669265096012
16.19816,0.09118957200990963,0.0026010301212312653,14.370710843046382,0.0,1,-0.007163776626481155
16.08212,0.07001877895739916,-0.006189920977093061,10.955189841047975,0.0,1,-0.013252730361420051
15.868988,0.03583748418469668,-0.01345707191659852,4.999577277508671,0.0,1,-0.0016416925893446566
15.842936,0.01358937978295316,-0.011901725439447348,4.279299717093323,0.0,1,0.012556006033225042
16.04186,0.01790987926683485,-0.002527075318521886,8.851243233500014,0.0,1,-0.03749615069574219
15.440352,-0.031548027596793204,-0.01732832739404998,-5.948658607413037,0.0,1,0.0019937369303497654
15.471136,-0.05108264539554064,-0.01228764839759914,-5.159857589072111,0.0,1,0.03382841440990503
15.9945,-0.012979400511952122,0.008605198828663126,6.441039566830497,0.0,1,-0.0050342305167401236
15.91398,0.00044383863917119015,0.007342812659928814,4.482280024372862,0.0,1,0.0029762510698141398
15.961344,0.011065471661469317,0.005988148560742314,5.491830302964395,0.0,1,-0.01854605727437486
15.665324,-0.009214167799171946,-0.004763830299966317,-1.9143327985715217,0.0,1,0.017384894177739252
15.937664,0.004108859787105956,0.002853065762103862,4.318082905485653,0.0,1,0.02823174086239999
16.387612,0.047923635264652376,0.015555947079883427,12.567548102965397,0.0,1,-0.0010114957566728089
16.371036,0.06445605339803606,0.010696121737755707,12.10844835351078,0.0,1,0.008823876509708839
16.515492,0.07938892468155956,0.008542997673759739,14.622090360191223,0.0,1,-0.02351586013907414
16.127116,0.04787494993319186,-0.007656992358202656,3.9340443734000843,0.0,1,-0.01174741968743831
15.937664,0.012340716731241486,-0.014397075186717678,-0.5030629824342725,0.0,1,-0.013373101603848636
15.724528,-0.0242161262640046,-0.01698463939398792,-5.118563503417484,0.0,1,-0.006023964598492193
15.629804,-0.048370203906292986,-0.013712905678758769,-7.094244149791692,0.0,1,0.0
15.629804,-0.05641639240191232,-0.007253031391459365,-7.094244149791692,0.0,1,0.01363625545144398
15.842936,-0.0379771206162296,0.003728746798074452,-0.8734631572797582,0.0,1,-0.0011957379617010266
15.823992,-0.027171391338702833,0.004844825358533741,-1.396462304432923,0.0,1,0.017659260697300727
16.103432,0.003782422578284539,0.011932879758507039,6.239166301108604,0.0,1,0.002941236377437928
16.150796,0.022891127655254806,0.010347194945159103,7.430217127690895,0.0,1,0.009530923429408755
16.304728,0.04336555288913502,0.010273873393013104,11.239730687210155,0.0,1,-0.004357509061175491
16.23368,0.04406830276531437,0.0036588744230641526,8.552564977718013,0.0,1,0.037636814326757806
16.844664,0.09166265247296224,0.01708440804357067,20.796709285474464,-0.1509141264465086,1,0.015042864612793583
17.098056,0.12893727295404034,0.01811967617488293,24.295801578511828,-0.1982858047208751,1,-0.049168864577353144
16.257364,0.06677214378174057,-0.014681817665805619,1.5335516890456447,0.0,1,0.04020381163883657
16.910972,0.08459256721377884,0.0010462019220775498,11.676311676818415,0.0,1,-0.011062876811575473
16.723888,0.07086306499531858,-0.004227766765460897,7.827504257966758,0.0,1,-0.004531242974121663
16.648108,0.05177805846981087,-0.007770924430322866,6.2477540644611835,0.0,1,0.018492191424995363
16.955968,0.06357571700123898,0.0013422447003684154,11.050720492914493,0.0,1,-0.033379869553893826
16.38998,0.017010903183518167,-0.015074189705784134,-0.13189755397747405,0.0,1,0.008524720591483126
16.5297,0.003954254342694696,-0.009376946182202537,2.2663088619344762,0.0,1,0.01146130903767184
16.719152,0.012884075393724714,-0.00014904171039083897,5.475320739984305,0.0,1,0.002691284821144002
16.764148,0.020024979636431794,0.0023306208441054126,6.2514642531633555,0.0,1,-0.0026840612478485903
16.719152,0.018177016788079925,0.0001608859985845132,5.182652320584005,0.0,1,0.07351281931045306
17.948224,0.1181609506315624,0.03338160661402233,21.574705209944867,-0.36430436815266276,1,0.03443727914249339
18.566312,0.20981350500067464,0.04167805366104485,26.39820908551745,-0.5770905843507634,1,0.05612250833660459
19.6083,0.3249876567685064,0.05228406847629219,32.09073795256617,-0.9443309105291959,1,0.0024153037234233565
19.65566,0.35943909458838164,0.028911835432055832,32.3062573950603,-0.4793826852591714,1,0.03373501576645088
20.318744,0.4019685556159551,0.023813765486543126,35.09633449269843,-0.5304576198502886,1,0.04545458124773871
21.242324,0.46670090649507756,0.02951537212188854,38.01994098764432,-0.6961376996377098,1,-0.05105919672442627
20.157708,0.36979067306004865,-0.02246495377104679,20.081385117806533,0.0,1,-0.01080817323080574
19.93984,0.27236400025419627,-0.039963875525633075,17.03232748023808,0.0,1,-0.04014254878675061
19.139404,0.13425066383008755,-0.05935907064991394,6.922621861451347,0.0,1,-0.010145979467281241
18.945216,0.03782410696552674,-0.051928542504824926,4.6988724264533275,0.0,1,0.0717500396933981
20.304536,0.09973548628611795,0.0033276122719220896,15.25584731785169,0.0,1,0.020527038884316395
20.721328,0.15711255208923447,0.02023489269167955,17.811415725391257,0.0,1,0.019428677544219175
21.123916,0.20625737231669206,0.023126570973045713,20.166512473782404,0.0,1,-0.008968602223186406
20.934464,0.19785400140402842,0.004907733353460703,17.581110591259304,0.0,1,-0.004524978523453016
20.839736,0.16927048249736387,-0.007891928517734625,16.225423140974996,0.0,1,0.056818186180477515
22.023812,0.2395458495025835,0.020794479495828327,23.584877036745382,0.0,1,-0.017204287795409723
21.644908,0.2231460455466454,0.0014648918466300676,18.293800362760493,0.0,1,-0.041575413487551005
20.745012,0.12135930643978554,-0.033440615753409925,7.401927058427837,0.0,1,0.04566206083660007
21.692272,0.1392909946830443,-0.005169642503383726,14.098703493280922,0.0,1,-0.02576419842052502
21.133388,0.09007558924774983,-0.018128349312892728,8.109951489651934,0.0,1,0.0023532431241028995
21.18312,0.06210592075945698,-0.015366005933728527,8.493372817604929,0.0,1,0.06003346060448145
22.454816,0.14892025978535983,0.023816111030724785,17.059749573693395,0.0,1,0.02088175650158952
22.923712,0.21899207431619772,0.03129597518718755,19.62781714113187,-0.019804256097526007,1,0.06404948727326554
24.391964,0.358132975388596,0.056812292086528604,26.10830938894327,-0.7918648692570507,1,-0.05582527097858958
23.030276,0.2843850113090802,-0.005645223997662374,12.390495046245142,0.0,1,0.01203094569947849
23.307352,0.2469019449935672,-0.014376096771058444,13.863087855236515,0.0,1,-0.010363768479576874
23.0658,0.18745591641967962,-0.02460737511498201,11.529430071807134,0.0,1,-0.06776179451829112
21.50282,0.011863242431097376,-0.06673334970118809,-1.272178074534068,0.0,1,0.02643169593569583
22.071176,-0.029558698099119596,-0.03605176341046836,2.7037022405598776,0.0,1,0.00450651111658007
22.17064,-0.03951777685596625,-0.015336947389105002,3.40626005549737,0.0,1,0.04037592058686634
23.0658,0.03339249850360915,0.019191109323490135,9.432246117130127,0.0,1,-0.010266975348784846
22.828984,0.047330261308093924,0.01104295737599164,7.255606956093949,0.0,1,-0.021991692665779494
22.326936,0.008517620934661352,-0.009256560999146977,2.7084858055977605,0.0,1,-0.01781919382041497
21.929088,-0.044752500996608546,-0.02084222764347229,-0.7363944111211254,0.0,1,-0.0005399221344727367
21.917248,-0.06864485354586236,-0.014911526730908703,-0.8426310273544075,0.0,1,-0.036196697687592816
21.123916,-0.14098162535833225,-0.029082766181126207,-7.643020390163571,0.0,1,-0.05829600913012545
19.892476,-0.268021542484707,-0.05204089443583365,-15.802391094318416,0.151330900234516,1,0.092857218980684
21.739636,-0.15527637250750104,0.02023475851379078,0.18954204071617653,0.0,1,-0.02832246133283922
21.123916,-0.13727408980993872,0.012745680403784376,-3.9550127300115605,0.0,1,0.042600813220427414
22.023812,-0.041842107643663695,0.036059220856686475,2.4248504319113096,0.0,1,0.03225817583259416
22.73426,0.06856472574311212,0.048822018081154106,6.895770598196428,0.0,1,0.004791534890513205
22.843192,0.1271320819579067,0.035796458098649564,7.5750043082529075,0.0,1,-0.018038459773923043
22.431136,0.11148341990214661,0.0067159320142964885,3.998650259486233,0.0,1,-0.004434193613733983
22.331672,0.08608013721575603,-0.006229116890698036,3.113777379506601,0.0,1,-0.005302245169998998
22.213264,0.056337817771247245,-0.011990478778402272,1.9869308417518,0.0,1,-0.03198287293573776
21.50282,-0.022431826765277663,-0.030253374438309062,-4.454850945428987,0.0,1,0.002202687833502859
21.550184,-0.05600033013643113,-0.02127395926982084,-3.959564685543711,0.0,1,-0.010989047703722665
21.313368,-0.08785255431063987,-0.017708727814676528,-6.1740422348284625,0.0,1,0.0222222972924786
21.787,-0.05698828687185653,0.004385179874702272,-0.7496351894493358,0.0,1,-0.009782714462752917
21.573864,-0.054568462579812405,0.0022683347222487993,-3.0180421457989297,0.0,1,-0.03644354112921089
20.787636,-0.11433017855213734,-0.01916446041669205,-10.478913911884426,0.0,1,0.02301214048581568
21.266004,-0.09481952165895535,0.00011539882549664593,-4.615561814419351,0.0,1,-0.021158088750476978
20.816056,-0.11465823307412037,-0.006574437529889454,-8.790910122696658,0.0,1,-0.06916949108899395
19.37622,-0.23500906935885624,-0.042308424604875106,-18.948250627320746,0.39835991550815564,1,-0.049132183676692365
18.424224,-0.3549333983879883,-0.054077584544669044,-23.70898478836868,0.7072850093188947,1,-0.007712237975395775
18.282132,-0.3971587797035525,-0.032100988620077764,-24.3608875783912,0.3172655322322093,1,-0.035621666007006225
17.630892,-0.43944490538603986,-0.024795704767521687,-27.235401459091477,0.450822974360662,1,0.004701066741263027
17.713776,-0.4170605594451118,-0.000803786275531182,-26.02999501053904,0.0,1,0.0002673625318510009
17.718512,-0.37071867318755736,0.015179366660674432,-25.95473393313999,0.0,1,-0.041432824607393726
16.984384,-0.37783184062648445,0.002688733073915761,-29.457122530965343,0.0,1,-0.03081418790342938
16.461024,-0.3935157709604056,-0.004331732420001788,-31.58212962482419,0.0,1,0.09797154782108342
18.073736,-0.23417208854733218,0.051670649997690554,-10.245076087029247,0.0,1,0.02201249370910352
18.471584,-0.10183190662851871,0.06133694397216802,-6.21503263863589,0.0,1,-0.10256402482862326
16.577064,-0.1850524901167354,-0.007294546505349553,-17.661034261005085,0.0,1,0.008571361008197886
16.719152,-0.19940107435111543,-0.007214376913243198,-16.218507566587206,0.0,1,-0.023371041784894464
16.328408,-0.22252061027237957,-0.010111304278169114,-18.28459142380486,0.0,1,0.08484403378455507
17.713776,-0.10008966071031011,0.037439881761300114,-5.026738203025474,0.0,1,0.047593692050752034
18.55684,0.03972195246324972,0.05908383164495332,1.358931894476811,0.0,1,-0.035222160669596936
17.903228,0.0518499296780881,0.023737269619930574,-3.3085928910978026,0.0,1,0.07671957258210638
19.276756,0.16805375747900086,0.046647032473614444,6.023273974236787,0.0,1,-0.008599372218022538
19.110988,0.1983371915895411,0.0256434888613849,4.7383319151408685,0.0,1,-0.022304864615058095
18.68472,0.16142847601235033,-0.0037550755719353013,1.3718245102246414,0.0,1,-0.015716157373511508
18.391068,0.1050507452227265,-0.020044268787186376,-0.9378069913318825,0.0,1,-0.029101300696620758
17.855864,0.02350731772601833,-0.033862565427964855,-5.031972713862437,0.0,1,0.09907176712367427
19.624876,0.12819432750049842,0.023608148115505087,7.877341082234324,0.0,1,0.09689865046790613
21.5265,0.32832363842936374,0.07457915301479012,17.096338058903086,-0.9774796854438108,1,0.07986806958864667
23.24578,0.5443013240246799,0.09685227953670211,23.026702570521593,-1.516428911575094,1,-0.05256730468928128
22.023812,0.5051010564869465,0.01921733733298958,13.927642078142696,0.0,1,0.07483881536947368
23.672048,0.5807621680108355,0.03162614961895949,19.60376407313997,-0.4552750281285576,1,-0.033613483717167214
22.876348,0.5038875431052112,-0.01508282509555492,14.186174103586296,0.0,1,0.014492697872929838
23.207888,0.45108793539363035,-0.0226274776023786,15.43181829683553,0.0,1,-0.0020406854772826444
23.160528,0.3831508035883715,-0.030188203135879166,15.072586631832536,0.0,1,0.023926224825271625
23.714672,0.36343167072004334,-0.01663577866806909,17.39949050066602,0.0,1,0.010585176973984867
23.965696,0.3442047983925427,-0.011954216998523226,18.457190470572613,0.0,1,0.000988245866091253
23.98938,0.307881295696081,-0.016092573231661633,18.564111011741474,0.0,1,0.006712637008542854
24.150412,0.2774821030398442,-0.015497255295966128,19.34902081433144,0.0,1,-0.021376695354099917
23.634156,0.19613766479173833,-0.03228056451469066,13.684799568742875,0.0,1,-0.02414827083311133
23.063432,0.09156030693504036,-0.045619307457129554,7.878059917545556,0.0,1,-0.0033883942337809003
22.985284,0.025129269095440776,-0.03735011509890972,7.08614862725684,0.0,1,-0.023387659686954554
22.447712,-0.05497802224898152,-0.03915246881444401,1.6814270145871362,0.0,1,0.03576328848124932
23.250516,-0.023549832733777976,-0.0025747597664134876,8.241619871112086,0.0,1,0.045121235158823936
24.299608,0.0815510814183078,0.0341753847952241,15.118073360420084,0.0,1,-0.007893954503298994
24.107788,0.11132061504282476,0.02131497280658036,13.01008253238004,0.0,1,0.04528478514909784
25.199504,0.20790499726818013,0.03929978501064524,19.295600372269178,0.0,1,-0.0217085225169511
24.65246,0.193284771941844,0.008226519894769718,13.306317478451533,0.0,1,0.0011528261276967378
24.68088,0.17223592828352352,-0.004274107921183601,13.48847973041292,0.0,1,0.024755357183374516
25.291864,0.19827384576406715,0.007254603186453351,17.359194817469614,0.0,1,0.002808966551457015
25.362908,0.2006903173573349,0.0032236915932403742,17.800225874016533,0.0,1,0.061344542983793326
26.918784,0.3148306933741907,0.03912135587003207,25.767525367631123,-0.7117868455017806,1,-0.010908813711644538
26.625132,0.32119399026810314,0.015161550921314826,22.029975003732915,-0.018495119735824517,1,0.002401490441437115
26.689072,0.30293780619271615,-0.001031544384690719,22.35984407563963,0.0,1,-0.05173023625549811
25.30844,0.15351223030562977,-0.0501523734239257,6.401088489467725,0.0,1,0.0
25.30844,0.06600675650328469,-0.04588594907542359,6.401088489467725,0.0,1,-0.015345710758940534
24.920064,-0.015611210106495577,-0.04250130522840129,2.3884813570502104,0.0,1,-0.07992017998027612
22.928448,-0.22108725923584416,-0.08265911811924997,-12.722598463508213,0.0,1,0.005990462154263465
23.0658,-0.2939553455308648,-0.05184240147142355,-11.366235127778651,0.0,1,-0.002053429753140934
23.018436,-0.309840109884135,-0.022575721941564597,-11.683707803010051,0.0,1,0.01028810124197821
23.255252,-0.27222781623709125,0.005012190568493058,-8.990667878582528,0.0,1,-0.0025458335175210234
23.196048,-0.23566968472714933,0.013856774026144991,-9.482047689461162,0.0,1,-0.009698721092489593
22.971076,-0.21649914524491365,0.011009104502793549,-11.433165598645992,0.0,1,0.06804121844357658
24.534056,-0.058623946733387555,0.056294767671439885,5.214571317224568,0.0,1,-0.09527034584089955
22.196688,-0.16958168524984174,-0.01822099028167143,-11.928359269769011,0.0,1,-0.06454710720806645
20.763956,-0.3303230807372479,-0.059654128589692546,-18.573734328166815,0.3474120557714606,1,-0.05793789969502916
19.560936,-0.4834185217528493,-0.07091652320176461,-22.974750747336177,0.6569271470280249,1,-0.031719136548476023
18.94048,-0.5713860321145781,-0.05296134452116452,-24.982458396592666,0.3768670184183165,1,0.0577643227626754
20.034564,-0.47658061795256046,0.01394802321361771,-15.455120637161329,0.0,1,-0.028959751757013596
19.454368,-0.4378125260421726,0.01757203837466853,-17.86126777812298,0.0,1,-0.00912967206130777
19.276756,-0.3967451029167961,0.01954648716668167,-18.605062662212703,0.0,1,0.014742107022571727
19.560936,-0.31946763277770884,0.03227465243525629,-15.89394329518214,0.0,1,0.04576263630738309
20.456096,-0.17960992831002187,0.0573774523009811,-7.887463006464429,0.0,1,0.011808313766224154
20.697648,-0.07458424871700942,0.05413437729799786,-5.852727390797064,0.0,1,-0.008009219211767449
20.531876,-0.02967038819408785,0.03301607927363981,-7.00511425630112,0.0,1,-0.016147574629809758
20.200336,-0.03236925891645015,0.010105736183759172,-9.362361469196017,0.0,1,0.012895627082638583
20.460832,-0.009313256034594986,0.011053913021871448,-6.650814650104472,0.0,1,-0.007985990012527311
20.297432,-0.01062581659078532,0.0032471174885603717,-7.988286999521087,0.0,1,-0.022284592454848484
19.845112,-0.04808994548631418,-0.0114056704689895,-11.629549585094907,0.0,1,-0.014081049278028779
19.565672,-0.08610118114355458,-0.016472302042076642,-13.784214734472584,0.0,1,0.004599279799845535
19.65566,-0.0904327005435448,-0.006934607147355623,-12.527866544675945,0.0,1,-0.003855378043779889
19.57988,-0.09137740186491072,-0.0026264361562405164,-13.205978735524994,0.0,1,0.05708758174207418
20.697648,0.008912364296481456,0.03255444333505056,1.2519207805131742,0.0,1,0.05469104508879452
21.829624,0.15264588368580334,0.05876265424145749,11.230711410283064,-0.010982395286490032,1,0.006726089281244629
21.976452,0.22402781973998032,0.04338153009854484,12.34170166290022,-0.22385018916792632,1,0.07974135224375622
23.728884,0.3870858027887394,0.06881317104910128,22.711872911182553,-1.1736226778133236,1,0.01796409810086308
24.155152,0.4718799774140585,0.05120244855814016,24.602132851595897,-0.8212967117694845,1,0.00784313011153892
24.344604,0.49074139994221255,0.023354623695431398,25.442194784996914,-0.37279029784891904,1,-0.03307394114934048
23.539432,0.39217932787777343,-0.025069149456335926,15.250531397356212,0.0,1,-0.08088538415030588
21.635436,0.15155034785573562,-0.08856604315945793,-1.8428037873191272,0.0,1,0.0336033902898929
22.36246,0.07919199552340572,-0.053641465163929286,3.342824758207307,0.0,1,0.05390229876319519
23.567848,0.1368624863969572,0.0013430085698740712,10.602500009035822,0.0,1,0.03195336290356243
24.32092,0.21704852463398794,0.027176348935634947,14.443025719117216,0.0,1,0.0027263771271810455
24.387228,0.24457983336633404,0.018235885889327008,14.778926888338745,0.0,1,-0.04408619134573233
23.312088,0.14836883495198094,-0.025991704175008706,5.357442789932996,0.0,1,-0.07964245845331386
21.455456,-0.06682006716786049,-0.08039353543161672,-6.72035082318439,0.0,1,0.05298009047209251
22.592168,-0.07412017929712889,-0.02923121585362838,0.6101169061109601,0.0,1,-0.0062892591804381
22.45008,-0.0834342204203331,-0.012848418992277538,-0.2823009393167055,0.0,1,0.003164532153114852
22.521124,-0.07521805594690889,-0.0015440848396177792,0.2054968234354888,0.0,1,-0.01892747449017196
22.094856,-0.10036413571461722,-0.008896721535775365,-2.844305051050675,0.0,1,-0.0150053025916983
21.763316,-0.1322018309555908,-0.013578138925582975,-5.196343974889253,0.0,1,-0.05114257404524203
20.650284,-0.22985652599644268,-0.03707761132214496,-12.224614479702865,0.0,1,0.0160551787084382
20.981828,-0.23190049635049803,-0.013040527225400111,-9.15342963331291,0.0,1,0.04469524771626188
21.919616,-0.13544844016498558,0.027803842986704103,-1.20981863669806,0.0,1,0.0028089908144375286
21.981188,-0.07080404205848012,0.030816080364403198,-0.7130050493862115,0.0,1,-0.015190807703386988
21.647276,-0.06040750616702084,0.01373753875195416,-3.4351111827439027,0.0,1,-0.004485183262780912
21.550184,-0.05826627937403828,0.005292921848312246,-4.251428783066949,0.0,1,-0.015384741030517457
21.21864,-0.07996880936304152,-0.0054698693802303355,-7.104591954623338,0.0,1,-0.022209717493675396
20.74738,-0.123427673577293,-0.01630957786482727,-10.950843052478142,0.0,1,-0.011528395392574775
20.508196,-0.15480346621964358,-0.01589512350239261,-12.83035165701677,0.0,1,-0.0017321855125630448
20.472672,-0.16055140702251336,-0.007214354768420805,-13.12326044358175,0.0,1,0.02718335935827043
21.029188,-0.10366976017207108,0.01655576402734049,-5.509109350750478,0.0,1,0.020608118582609913
21.46256,-0.03047545673251406,0.029916689155632503,-0.2631769847331853,0.0,1,-0.009378750717528472
21.261268,-0.008113016951689644,0.017426376312152308,-2.5761897495167574,0.0,1,-0.002004960381478682
21.21864,0.00019195435136154515,0.0085771158717345,-3.0895187609015196,0.0,1,0.002232188302360383
21.266004,0.008275443806940785,0.005553535109104581,-2.3894286654820434,0.0,1,0.0
21.266004,0.011627568217484452,0.0029685531732160826,-2.3894286654820434,0.0,1,-0.007794976432808021
21.100236,-0.0014793335953662279,-0.0033794495465448663,-4.955977980045937,0.0,1,-0.003367166130274435
21.029188,-0.013830173368845067,-0.005243429773341237,-6.083392576986391,0.0,1,0.02725240746337887
21.602284,0.02890492119182042,0.012497221595774752,4.1924330714562785,0.0,1,-0.007893054271483568
21.431776,0.03365472503950073,0.005749008481151688,1.0974616042656251,0.0,1,-0.029834205060747077
20.792376,-0.02005826678994893,-0.01598799444943266,-8.724453829152509,0.0,1,-0.006833851023086646
20.650284,-0.0570842404721823,-0.017671322710555347,-10.594729660247317,0.0,1,-0.009174304818277523
20.460832,-0.08662787394061411,-0.015738318726329054,-13.073509337521664,0.0,1,-0.022222165745752642
20.006148,-0.13207103451311397,-0.020393826432942977,-18.377971014165638,0.1350631933294899,1,-0.020478304969052452
19.596456,-0.17792769525660646,-0.02208349572547849,-22.35393071849792,0.2815355298424542,1,-0.0022959253448685546
19.551464,-0.18977805102363376,-0.011311283830835267,-22.771673067353177,0.10137847636147157,1,-0.003149227086012507
19.489892,-0.18501939132184475,-0.0021842080430154176,-23.383228654629573,0.0,1,0.02503020540083023
19.977728,-0.12656877886079698,0.018755468139344117,-11.268811750592391,0.0,1,0.012565392821445975
20.228756,-0.06587707439187085,0.026482390869423417,-5.984601363302652,0.0,1,0.004448518732441897
20.318744,-0.022542465958085955,0.023272333101069437,-4.1252540738730445,0.0,1,0.08006990983300954
21.945664,0.13658004375531263,0.06079828093815601,17.534487683379638,0.0,1,0.010575209754418946
22.177744,0.2240996282990686,0.04943928849397067,19.470893709850813,0.0,1,-0.02851038410399187
21.545448,0.19649311821269322,0.007277592802531763,8.845860584705036,0.0,1,-0.0004398144796060599
21.535972,0.1655257699851127,-0.007896585141682927,8.696374491459046,0.0,1,0.015174982582629726
21.86278,0.16348228170589962,-0.0033133578069653447,12.360373106934574,0.0,1,-0.021663850617350655
21.389148,0.10936768075746883,-0.01914265291846537,4.565781673919332,0.0,1,-0.016829094828835545
21.029188,0.04319974022012829,-0.028436864485268637,-0.6437371981005171,0.0,1,0.013288387549723613
21.308632,0.029802791599781386,-0.013944604368538518,3.2095591290876584,0.0,1,-0.008668599654825249
21.123916,0.005227751322959051,-0.01283988154845362,0.3934592725970063,0.0,1,0.011435000972357612
21.365468,0.01263391857429852,-0.00181123809903805,3.935763670978133,0.0,1,0.06617145011754477
22.779252,0.13309950898544542,0.03955145077070296,18.54359942915538,0.0,1,-0.018608863890701932
22.355356,0.14691601177556635,0.01778931785360796,11.994127291152836,0.0,1,-0.014618778605001825
22.028548,0.11434726218932667,-0.004926477244210567,7.303695010256362,0.0,1,0.019135714255882785
22.45008,0.12366161554709976,0.0014626253711875065,11.480448999208633,0.0,1,0.03164567787731709
23.160528,0.17721765759706187,0.01833955580704988,17.44439394858128,0.0,1,-0.01431504497652214
22.828984,0.16159887382228533,0.000906924010757787,12.432204824865615,0.0,1,0.02292541796866643
23.352348,0.18393657578304,0.007748208657170824,16.764375874388776,0.0,1,-0.010749411579512147
23.101324,0.1588587121148315,-0.0057765516703459086,12.898909543206607,0.0,1,0.009738489447617793
23.326296,0.1518292209378238,-0.0042686809491178646,14.921327731517735,0.0,1,0.02670051001667817
23.94912,0.18756404027116957,0.010488712794742644,19.95863368601887,-0.004938784892768666,1,0.014535815929771045
24.29724,0.21881111324857727,0.013911928590716771,22.41840995839391,-0.009959746816530668,1,0.010721217718555609
24.557736,0.23790839029989996,0.011003068547346478,24.176422273310934,0.0,1,0.049180266454529775
25.765492,0.3282776629672348,0.033790780404893805,30.55967202270847,-0.5093516119163972,1,0.06801469189876141
27.517924,0.4921418273869662,0.06588498160820838,36.09930873717914,-1.235267622984832,1,-0.05068841675701996
26.123084,0.4168254239812548,-0.003143807265834353,18.768846515743405,0.0,1,-0.04813704231858684
24.865596,0.2396411036132946,-0.060109375877931526,7.2298059230950145,0.0,1,0.044761927282981784
25.978628,0.223831518128204,-0.025306320454340697,13.288049281052864,0.0,1,-0.02096631123090864
25.433952,0.15188443220830905,-0.03241780212474521,8.762281923510685,0.0,1,-0.03538168193444735
24.534056,0.02826251989766959,-0.05201323814512823,1.9434098304627199,0.0,1,0.018146693722391527
24.979268,0.001197353750875152,-0.026359468097307562,4.825074035242324,0.0,1,-0.03868039687952429
24.01306,-0.09295234213509573,-0.040169721327759485,-2.1008745263609114,0.0,1,0.06311648744474896
25.52868,-0.005979494900152815,0.015601041969061147,7.300653630010402,0.0,1,-0.03339522450827859
24.676144,-0.033039446707672226,-0.0038196366128194215,1.4932305394982492,0.0,1,0.035028811632806134
25.54052,0.028215197947542237,0.01914500268079835,6.463961554127607,0.0,1,0.01993506788428734
26.049672,0.09892058711285401,0.029950130615370038,9.200343180021129,0.0,1,-0.026363633292580402
25.362908,0.06879956610277205,-5.696346490396964e-05,4.103828136478747,0.0,1,0.014005649509906348
25.718132,0.07760775842249856,0.0029170762849408532,6.267567709303691,0.0,1,-0.023756935379288135
25.107148,0.024629208047155515,-0.01668715803013407,1.6169966575535568,0.0,1,-0.013393795264997732
24.770868,-0.03193583447777826,-0.024417400185022618,-0.8664507698395028,0.0,1,0.08001915798832715
26.753012,0.1076216304662374,0.03838002158633101,11.321346894634857,0.0,1,-0.005045562720190189
26.618028,0.15718322706605647,0.02931387272871669,10.229386661494921,0.0,1,0.04270459103882529
27.75474,0.26359142311046213,0.0452406895910408,15.909468032166757,-0.16744460811550255,1,-0.050767832809819224
26.345692,0.17740890254012598,-0.01364727699309845,5.075583360575095,0.0,1,-0.004044987696660174
26.239124,0.11065290037661413,-0.026801093052203434,4.325177744409835,0.0,1,0.08005419693126958
28.339676,0.24309982426347432,0.035215276944885576,14.822267754452128,-0.45937952071348676,1,0.019553787418035373
28.893824,0.3352439675182808,0.04245314006656403,17.04248914532552,-0.43208253733856594,1,0.01958854598131432
29.459812,0.4005447085191598,0.03591796035581435,19.24530792620851,-0.37184966234644534,1,-0.013585286966529164
29.059592,0.3664646866430026,0.0006126461598857103,15.790404001776679,0.0,1,0.021921574122582443
29.696624,0.3719719518180078,0.0020399704449636236,18.56429141425548,0.0,1,0.03030310785495338
30.596524,0.41871958842067514,0.016262535682543655,22.113455520055354,0.0,1,-0.02469038639814114
29.841084,0.3442467743536213,-0.019403426128170087,15.242793434996969,0.0,1,-0.01595116316820122
29.365084,0.2386564694572897,-0.041664577008167225,11.163023303441875,0.0,1,-0.05129030109363897
27.85894,0.04046127788768672,-0.07995325619259007,0.13992125391275323,0.0,1,-0.01564093967681468
27.4232,-0.09831975772108947,-0.07291143060045542,-2.605812301609859,0.0,1,0.02763382829137373
28.181008,-0.0963662957153879,-0.023652656198251285,2.4281926915231153,0.0,1,-0.017647062163283822
27.683696,-0.12880170673625457,-0.01869602240637265,-0.9914373227815716,0.0,1,-0.008725424524239855
27.442144,-0.15441527001866362,-0.014769861896260561,-2.657919830173654,0.0,1,0.15170870031146255
31.605356,0.19258022084168402,0.11074187632136237,18.10900649846404,-0.10488928698641686,1,0.0800240313698728
34.134544,0.5607952812017203,0.1596523122271329,24.813749287610506,-1.6038206992481818,1,-0.030109674234992
33.106764,0.6125215379482611,0.0704595229912246,18.327602193093654,0.0,1,0.02432046816777378
33.911936,0.6544388714925091,0.03745895217849082,20.550070731114587,0.0,1,0.021368759365434142
34.636592,0.6812489656402576,0.021423015442079807,22.481090073672235,0.0,1,-0.012717071009757497
34.196116,0.6011769322441083,-0.019549672651356542,19.407427666477943,0.0,1,0.08005540746206385
36.9337,0.7391748378590322,0.039482744321189145,26.33696932801594,-0.5729225569679457,1,0.013849681997741836
37.44522,0.7892025541782388,0.02983682021346523,27.399775162469965,0.0,1,-0.014672420138004183
36.895808,0.7026651994896582,-0.01890017815837175,23.462099755295156,0.0,1,0.00128372307227953
36.943172,0.604788088854562,-0.038925762931156016,23.590795225323276,0.0,1,-0.02782056722146109
35.915392,0.419802192799132,-0.07463721966219533,15.886984328704287,0.0,1,-0.0069893153331026525
35.664368,0.2714070620381577,-0.07434411680772324,14.066912666676018,0.0,1,0.067729112709918
38.079884,0.375885241487822,0.010044687547313691,22.259998451339158,0.0,1,-0.009950240394639875
37.70098,0.3652252277553387,-0.00020510872838985783,19.498130848998954,0.0,1,0.04120603761493724
39.254488,0.4589187852428154,0.031162816253028913,24.021488837982943,0.0,1,0.0799951332953317
42.394656,0.7292029985496526,0.10048234318662208,30.51222149332372,0.0,1,-0.031113827176708297
41.075596,0.6936565219905972,0.021645288875855595,22.103933491800717,0.0,1,-0.021043541279352374
40.21122,0.5460472402118555,-0.04198799763429539,17.008607207213515,0.0,1,-0.005005866521831326
40.009928,0.4099643293048345,-0.05935696951377212,15.805357946014908,0.0,1,0.018052619339879783
40.732212,0.3679495130759136,-0.03379059524756434,18.08986559322409,0.0,1,0.007093059419409853
41.021128,0.34035597887179847,-0.02046137648389318,19.010053394732623,0.0,1,-0.020898303917922356
40.163856,0.22675688019709384,-0.04468682505286592,13.018739335301902,0.0,1,-0.07995278142616591
36.952644,-0.11654007582335169,-0.12932792702443716,-3.708345362058097,0.0,1,-0.0002563280722213124
36.943172,-0.2792662141816251,-0.0973513551275702,-3.748580529471049,0.0,1,-0.015064109817099491
36.386656,-0.38373343217896405,-0.06727285770830305,-6.232017231987456,0.0,1,-0.021802827937802194
35.593324,-0.4701002551627198,-0.051213226897352915,-9.662620655949837,0.0,1,-0.028609410011832592
34.57502,-0.5589673120577032,-0.0466934279307788,-13.718450951261921,0.0,1,0.0
34.57502,-0.5568202311670518,-0.014848782346709166,-13.718450951261936,0.0,1,0.0
34.57502,-0.5093450047911361,0.010875481343068816,-13.718450951261936,0.0,1,-0.05958903277568617
32.514728,-0.6148529745372571,-0.03154416280101735,-21.63418450644598,0.0,1,0.08004360362479446
35.117324,-0.39948621153221353,0.06127420006800871,-4.840611477964899,0.0,1,-0.03162712511921473
34.006664,-0.3510673124020087,0.036564366399404524,-9.358395779888653,0.0,1,0.044568205808132255
35.52228,-0.17130092013672993,0.07211025288822778,-1.5404729465411222,0.0,1,0.028000004504215248
36.516904,0.015742686007293116,0.08638461967741694,2.9755884488636113,0.0,1,0.024643272058332277
37.4168,0.1829439319120354,0.08452862186071974,6.782412750406927,0.0,1,0.04050640354065549
38.93242,0.3776008938717368,0.09306186127347371,12.468242616352974,0.0,1,-0.027372354454205494
37.866748,0.35465663369560474,0.023372533699113907,6.645963405410647,0.0,1,0.0444027567405576
39.548136,0.4537454507995804,0.04082045026769654,12.734857320419977,0.0,1,0.07652699485002268
42.574636,0.7176860717849323,0.10158702375101614,20.906877473001444,-0.12230157058511537,1,-0.02102566420062868
41.679476,0.7152525429621974,0.03305116497609373,16.140262890576366,0.0,1,-0.03125000899723407
40.376992,0.54589106663731,-0.04543677044959793,9.656748547255589,0.0,1,0.027565996000890713
41.490024,0.5084720729217551,-0.027618588055050908,13.091994813648235,0.0,1,-0.018264920743357504
40.732212,0.3842389033205009,-0.0506172525521017,9.273775351329306,0.0,1,0.004651159136655814
40.921664,0.30589007657650313,-0.04298869309869985,9.947086716608744,0.0,1,0.0069444878878826
41.205844,0.26490649015646284,-0.02799075983958005,11.021132551241877,0.0,1,0.03793102745329047
42.768824,0.3525874894334038,0.01989674647912032,16.50933233004052,0.0,1,0.038759728347919964
44.426532,0.5051880316190918,0.05749909622160276,21.275461974175286,0.0,1,-0.018123674384487143
43.62136,0.4722916334103431,0.008200899337618028,16.19171637549296,0.0,1,0.06406081791122498
46.41578,0.6493541315217755,0.061754465816350135,23.48464182710333,0.0,1,-0.04591843549758301
44.28444,0.5061608696173394,-0.027146265362695265,12.12723413120679,0.0,1,-0.07593583660536285
40.921664,0.1121528328636785,-0.14038476737211875,-1.1173918369736313,0.0,1,-0.0018518308541901618
40.845884,-0.10051225491845628,-0.11768328505141785,-1.3769377163334582,0.0,1,0.026321966737211655
41.921028,-0.10887344423299083,-0.04201482478865082,2.5912128165726855,0.0,1,-0.010281331841385244
41.490024,-0.13989825187083937,-0.024346544142166457,0.8421088069134797,0.0,1,-0.02283112682701738
40.54276,-0.2226911347005256,-0.0357131423239509,-2.97698351326423,0.0,1,0.0093457870159801
40.921664,-0.2139546482236554,-0.008992218615693576,-1.2654819747475088,0.0,1,-0.004629626009343135
40.732212,-0.2075445176332522,-0.0008606960084301396,-2.1247499342616862,0.0,1,-0.001744172400948707
40.661168,-0.19296440920194158,0.004573137474293498,-2.473898159499008,0.0,1,-0.034362219993287146
39.26396,-0.28602798755279224,-0.029496813625519036,-9.006743178162111,0.0,1,-0.009650172830249382
38.885056,-0.340299444432155,-0.027922756834960594,-10.637100720769055,0.0,1,0.02070646368620377
39.690228,-0.2719792191691539,0.013465822809346828,-5.431793922599724,0.0,1,-0.03818622558681195
38.174608,-0.34145583827356063,-0.01867026543168665,-12.215681623587088,0.0,1,0.002605501541757649
38.274072,-0.3394508279696282,-0.005555085042584729,-11.532725610884562,0.0,1,0.006744200094518371
38.5322,-0.2886500871535347,0.01508188525783627,-9.644769389528932,0.0,1,-0.0031344174482642595
38.411424,-0.24926020948269212,0.01815725430955961,-10.27837036992333,0.0,1,0.007398319833183065
38.695604,-0.185111919857043,0.02743518131173625,-7.901654115821714,0.0,1,0.07955932151879574
41.7742,0.11893788494386826,0.1104949953708825,10.734131999106552,0.0,1,-0.07040814665511241
38.832956,0.01594763026566426,0.002501580230892834,-4.7320580101830245,0.0,1,0.028235192808911957
39.929412,0.0544948670710923,0.01368293901210696,0.4902109248565054,0.0,1,-0.021410382902708358
39.074508,-0.0020147534487904295,-0.014275560502591926,-3.3647124082581428,0.0,1,-0.024242403768718
38.127248,-0.10904000092133259,-0.04043360265837803,-7.3716824269593815,0.0,1,0.0
38.127248,-0.1534659579141504,-0.02828651988373196,-7.371682426959367,0.0,1,0.022484392264555675
38.984516,-0.09145110658438682,0.011242777148677205,-2.3465037427556013,0.0,1,0.008322278516937454
39.308956,-0.025786088704137455,0.025635931676308857,-0.48695167514024007,0.0,1,-0.01927835478510298
38.551144,-0.05395573903867046,-0.0008445728860747154,-4.666457160926107,0.0,1,0.017261537037655872
39.216596,-0.008089919286049962,0.015007082288848596,-0.5067088732432623,0.0,1,0.024154569662292902
40.163856,0.09445548386410252,0.03918416181300037,4.918923407194434,0.0,1,0.0011792692414791528
40.21122,0.14180389511717095,0.028844191022022944,5.18637673720491,0.0,1,-0.0152532551859903
39.597868,0.10254844281727316,-0.0034704204259582844,0.8459815800270221,0.0,1,-0.003767677593147223
39.448676,0.06194234643254504,-0.014692172270228801,-0.21232733645359758,0.0,1,0.00972504121557849
39.832316,0.06844743603747361,-0.002729027555100072,2.6061444809927323,0.0,1,-0.011890646780367997
39.358684,0.026526694503480996,-0.014883256363030894,-1.1548238021851063,0.0,1,0.0055355509345789145
39.576556,0.02151176586119874,-0.006632728335104386,0.6485309001377217,0.0,1,-0.005505077298792793
39.358684,-0.0009443456150464158,-0.009696279937116515,-1.2605853028292415,0.0,1,0.010830341786834063
39.784952,0.023428627448083716,0.004892231042004539,2.6216697458721114,0.0,1,0.05964285190038687
42.15784,0.23140339502563734,0.07095566620651939,17.73556875104579,-0.5767848795124095,1,-0.03718681981809313
40.590124,0.18546416256227616,0.008338811247719402,4.883184320353564,0.0,1,-0.032672085456058375
39.26396,0.036525532783748815,-0.046866606176935985,-3.423392931871078,0.0,1,0.010977089422462782
39.694964,-0.005070576504166979,-0.029487571821617264,-0.6548854488924079,0.0,1,-0.0019090582875954665
39.619184,-0.0317610831061117,-0.018726026141187332,-1.1494404166964642,0.0,1,0.03036458297576261
40.822204,0.0577920871850921,0.023609048050005493,6.534602773540165,0.0,1,0.00591717193907515
41.063756,0.1178819983986017,0.027899653087838372,7.944121658307488,0.0,1,0.0034601803108318396
41.205844,0.14994412080547903,0.01998725849823857,8.816991659524241,0.0,1,0.01494254067457046
41.821564,0.20478983860846256,0.0249443254337407,12.558599723039862,0.0,1,0.018120030135649667
42.579372,0.27829754429257747,0.03281734370595188,16.69636015184767,-0.26911157501181293,1,0.050055599692733876
44.710708,0.4694712684435842,0.07466368928565287,25.245430090502126,-1.3795763501426066,1,-0.0010592540829368335
44.663348,0.5219888581487879,0.04239375966361886,24.771536605548818,-0.56305097500789,1,0.017921450940041606
45.46378,0.5714512481556611,0.030618716556830683,27.439718116839842,-0.5100652251630251,1,-0.01864772352848798
44.615984,0.4779118391461239,-0.02097356415090218,18.868025063107098,0.0,1,-0.003184777903811331
44.473892,0.3794751480458416,-0.039803418417061476,17.477127367809103,0.0,1,0.0007987607650798978
44.509416,0.30159420682521443,-0.03922811987922953,17.658572976565907,0.0,1,0.0023942798979881275
44.615984,0.24640155231279692,-0.031473591463882344,18.249014934819215,0.0,1,0.0
44.615984,0.19827176236385213,-0.026534460470942378,18.24901493481923,0.0,1,-0.012738842653341353
44.047628,0.11032122052573357,-0.03816166743635366,10.925406988910822,0.0,1,-0.0279570105341429
42.816188,-0.045467485437143296,-0.06465012446641018,-1.582424830971469,0.0,1,-0.03761063455719127
41.205844,-0.25376821463215293,-0.09098361788713996,-12.706810082188959,0.0,1,0.02758618413446401
42.342556,-0.24204522801031203,-0.026420210421766344,-3.1322193713352604,0.0,1,0.04272930524080776
44.151824,-0.06524096569852844,0.05012801729667242,8.164665505140633,0.0,1,0.07879212419400838
47.63064,0.31849924593223733,0.14462274297581273,21.232195631406412,-0.33820451182054967,1,0.057027829145273046
50.346912,0.7101837479199347,0.17876908165450345,27.36578824721329,-1.8009647089076992,1,-0.016698064818751912
49.506216,0.7767860199204577,0.08179045121834216,22.080720660521408,-0.12663344812708743,1,0.014111440066435277
50.20482,0.8035719875940188,0.03619213963063439,23.737222141494144,0.0,1,0.060377390059360936
53.236056,1.0026036391312942,0.07840793038930327,29.578641930717254,-1.4826947712888554,1,0.05427043656276864
56.1252,1.2593311616389897,0.11171181763233284,33.47185955488152,-2.2766776034826535,1,-0.00413496967494098
55.893124,1.2634109927562562,0.03859721624986645,32.075313876311355,-0.42224780828298947,1,-0.025591054813826397
54.46276,1.0409696589185344,-0.061281372529285116,23.638232401074518,0.0,1,0.007913737754017491
54.893764,0.8789185204231273,-0.07444417034156403,24.51533586334658,0.0,1,-0.0008628302478946859
54.8464,0.7207027411401654,-0.07755331654150865,24.21383695336897,0.0,1,0.0008635753668426727
54.893764,0.5854832897369988,-0.07092425598155838,24.329245033108464,0.0,1,-0.004314078371452146
54.656948,0.4493486232240045,-0.06901964083151757,22.525965032400023,0.0,1,0.022530346919480415
55.888388,0.4464555713655045,-0.0239708975633392,25.90361774807164,0.0,1,0.008474533207148527
56.362016,0.44727341448913194,-0.007717684813237258,27.106403237049975,0.0,1,0.004117666763374883
56.594096,0.42974955151018435,-0.008413849264061635,27.712110958644942,0.0,1,0.04611265457796154
59.2038,0.6026504907281947,0.05482902998464956,33.24933561654004,0.0,1,-0.0159999864873539
58.25654,0.5599417527765169,0.0040400973443239785,25.66760049808036,0.0,1,0.000894251529527823
58.308636,0.49626690440263843,-0.0198782503431848,25.802265644205747,0.0,1,-0.0008934525582110497
58.25654,0.41873257151547705,-0.03247086107678204,25.338981429159446,0.0,1,0.004878010262882038
58.540716,0.36875235744560797,-0.027483691715550373,26.219868190210533,0.0,1,-0.01860838189953129
57.451368,0.22225388729020779,-0.05799405395698354,16.15499217916536,0.0,1,-0.018961289137623405
56.362016,0.039704161604987576,-0.08018125988073459,7.690453837971475,0.0,1,-0.016806708972227025
55.414756,-0.13381771470470483,-0.08456771206347566,1.3432497612656888,0.0,1,0.003418800580841763
55.604208,-0.1936395099674897,-0.04812983577542018,2.5044807914743075,0.0,1,0.01362860882759076
56.362016,-0.1442631151015945,0.0004155196968249897,7.059214580989661,0.0,1,-0.03361341794445394
54.467496,-0.2654296580768474,-0.04025034109280928,-4.943190809020244,0.0,1,-0.0024347732085939766
54.33488,-0.314945124724737,-0.02992193591356629,-5.668476943228825,0.0,1,0.0024407157980288474
54.467496,-0.3024060976549592,-0.005794302947929486,-4.690301512528713,0.0,1,0.0
54.467496,-0.2709360759821493,0.008558572908293482,-4.690301512528713,0.0,1,-0.015652197413297486
53.61496,-0.3036677254805653,-0.008057692196707489,-10.235697495241496,0.0,1,0.030918758495763088
55.272668,-0.15658557310639054,0.046341486725822445,2.361002860144076,0.0,1,0.06940869943169736
59.109072,0.24970463417289324,0.15087723133503544,19.020229674743604,0.0,1,-0.017628156977324894
58.067088,0.345209018298128,0.08212720515342342,12.43165758559627,0.0,1,0.07459213384352936
62.398436,0.7251394588359048,0.15401921523040008,23.927064533801854,-1.1538470607881735,1,0.039887666415228784
64.887364,1.0620870575351304,0.1636556046432086,28.188324995628392,-1.948613049151085,1,0.003649647410549628
65.12418,1.1617882687568155,0.08778560528829793,28.558795409052863,-0.9263339886281727,1,0.007999977888397236
65.645172,1.1582391853045948,0.028078840612025813,29.413516053502235,-0.15441631367002628,1,0.012987032770665818
66.497708,1.1309893781364337,0.00027634448128832645,30.80477324638632,0.0,1,0.07866809484621617
71.728956,1.4590526930409737,0.10944655312860951,36.85942994489075,-2.3336504078388884,1,-0.025388742588139612
69.907848,1.3497376260731642,4.3828720266647636e-05,27.41435012461156,0.0,1,-0.025067800685267927
68.155412,1.036565623749837,-0.10437605786768689,19.351169285819196,0.0,1,-0.04221680884270784
65.278108,0.5538238206090256,-0.1957059536694995,8.277599302861546,0.0,1,-0.009613636473655207
64.650548,0.2140042673211866,-0.17850850231911286,6.106527182958743,0.0,1,0.0036630161278756734
64.887364,0.04599546840051971,-0.1155057670799266,6.781606028314634,0.0,1,0.05729929173883508
68.605364,0.2679914465734754,0.035496737031009695,15.92398452433551,0.0,1,-0.007214363005201618
68.11042,0.31541148177882405,0.027638924078786098,13.923856879459848,0.0,1,0.020826769237364928
69.52894,0.431047209233256,0.04775821717773937,17.10231498781134,0.0,1,0.032016366134734575
71.755004,0.6384498055243739,0.08505360448961907,21.483156277757303,0.0,1,0.02640267429989973
73.649528,0.8468239532095794,0.09780925072494151,24.672520446401904,0.0,1,-0.014791024865767
72.560176,0.7896630309513739,0.01354944282224535,19.69267992842984,0.0,1,-0.018276747289036277
71.234012,0.5847636505763205,-0.06378331251760272,13.926087726780366,0.0,1,-0.025930871337136008
69.386852,0.279653656174105,-0.12296443563993942,6.66929591752524,0.0,1,-0.0313993204360965
67.208152,-0.0777641457081728,-0.16012741250740575,-0.6696125681133793,0.0,1,-0.06955602647726422
62.53342,-0.6395537011736394,-0.24063898932429084,-12.30711551770382,0.0,1,-0.07998180812755806
57.531884,-1.2839470038085636,-0.295010763986405,-20.56269401930833,2.4599571470765227,1,-0.10068330110656554
51.739384,-1.9818564048086458,-0.33097338832882905,-27.03518231528152,4.814605680462762,1,0.04357376964518944
53.993864,-1.9777830715746276,-0.10896668503160356,-20.346317558760763,0.4664710790731803,1,-0.0043859798587484455
53.757048,-1.830665815659735,0.012716856961096257,-20.643816238504307,0.0,1,-0.016740056113200286
52.857152,-1.6795430363973125,0.0546132120745062,-21.83678062547143,0.0,1,-0.0591397735542013
49.731192,-1.7245163937329977,0.003213284912940262,-25.655192803859425,0.0,1,-0.07238097168473256
46.1316,-1.9032593729230882,-0.058509898092383494,-29.25402580166502,0.0,1,0.08008211291175682
49.825916,-1.5261662481078773,0.10619440890760923,-17.82107629277923,0.0,1,-0.06368822200880364
46.652592,-1.474882831691282,0.05249260844140147,-21.715343349623872,0.0,1,-0.00507607380100128
46.41578,-1.3460685541753747,0.060435628652436346,-21.99634938466948,0.0,1,0.05622449951288111
49.025484,-0.9520137025694737,0.1514968267527792,-14.187929815620159,0.0,1,0.0974784461077427
53.804412,-0.27740780155240685,0.2753675759232821,-2.58404557234109,0.0,1,0.03873243703508922
55.888388,0.2566771324188295,0.26981750329817283,1.6509923154125161,0.0,1,0.0016948780129424357
55.983112,0.5102235050362154,0.17445462530518624,1.846855478480677,0.0,1,0.06598982921849728
59.677428,0.9023377325918887,0.18885628428695322,9.037716005176435,0.0,1,-0.05714281118147391
56.267292,0.7390220353204029,0.008513529005155784,1.1963713650790382,0.0,1,0.07070708147817029
60.245788,0.9273203504079603,0.06560394803090441,8.36483380544336,0.0,1,-0.03294026131752137
58.261276,0.7788168120844077,-0.02763319676421605,3.9711587280233687,0.0,1,0.0047963247492210925
58.540716,0.6629503085822606,-0.04783323342212109,4.506972481424057,0.0,1,-0.0008090779074174659
58.493352,0.5458241977826646,-0.054986448073905736,4.387737935673542,0.0,1,-0.008097125293828333
58.019724,0.4023067925676429,-0.06616795109630913,3.0972076211769775,0.0,1,-0.020408163265306034
56.835648,0.19834952391283167,-0.09004173991704012,-0.18614173348067453,0.0,1,-0.008333361484679558
56.362016,0.04037242925935658,-0.08267294485683842,-1.5185578939057436,0.0,1,0.012605084956506918
57.072464,0.01722351282766965,-0.035273953762841787,0.6801144829535062,0.0,1,-0.0058091762079869325
56.74092,-0.02341490479047792,-0.025304123793663123,-0.41710885475280435,0.0,1,-0.0733304993997278
52.58008,-0.3885195382003488,-0.130136252401178,-11.914807828854478,0.0,1,0.001666410549394426
52.6677,-0.5313935600552497,-0.09100342475202633,-11.580687160297217,0.0,1,0.020683416970932678
53.757048,-0.4677687743114305,-0.009126213002735695,-7.308514048414885,0.0,1,-0.008810528435266751
53.28342,-0.43644465024689794,0.0073993036872656015,-8.692900164711773,0.0,1,0.015155558708506378
54.09096,-0.3171172006940637,0.042242251080033266,-5.295918483218109,0.0,1,0.0762225702779169
58.213912,0.11255229080686036,0.15730391419365244,8.371822946066885,0.0,1,0.01700432020442122
59.2038,0.40049834565675013,0.1484166563478474,10.946923550567035,0.0,1,-0.0023999810822954437
59.061712,0.49925584427696634,0.08239138498935455,10.351503121665807,0.0,1,-0.001684069029356916
58.962248,0.49874127323065665,0.027292271314348304,9.896369985586574,0.0,1,0.06976463990993009
63.075728,0.7997122149382889,0.1094210710073269,20.217239255892352,-0.5385893943418552,1,0.08000751097157366
68.12226,1.3040993345472458,0.20460273020542785,27.951947787763586,-3.113071198360174,1,-0.048251423249903946
64.835264,1.1737016164727834,0.02473500404365514,15.61887211904424,0.0,1,0.022718994404033133
66.308256,1.1334436227294873,-0.0051743298998803144,18.129551752173185,0.0,1,0.02499996380541214
67.96596,1.1570029906303745,0.006128346000335627,20.79625007931311,0.0,1,0.06132405103966776
72.133908,1.419694758694959,0.08960670468830667,26.329351907258427,-1.2120058965567324,1,-0.05968482949793874
67.828608,1.0739577461693415,-0.08537676927910365,12.69584919604982,0.0,1,0.005516374447784633
68.202776,0.8427734277257457,-0.10552036257423314,13.328358528671593,0.0,1,-0.01739583151278179
67.016332,0.5580798161934695,-0.13007132470216975,9.75852672701464,0.0,1,-0.0345948506999757
64.697912,0.1760246924112039,-0.17070881616147848,3.24213283066355,0.0,1,-0.04978040095018832
61.477224,-0.29806226051418605,-0.21493192302895617,-4.428252167365308,0.0,1,0.009244984776801246
62.04558,-0.4629042152673719,-0.1265912925940474,-2.932989717822146,0.0,1,0.06446570408399777
66.045392,-0.17343217470501315,0.05429358265610379,6.427208456214849,0.0,1,0.004876464356513788
66.36746,0.01259552680159004,0.08010709472090234,7.1058218986374015,0.0,1,0.07636037299001663
71.435304,0.5268800836547456,0.19813055052468598,16.285990054240486,0.0,1,0.08002653701872675
77.152024,1.2165090217767585,0.2959198295488996,23.41682404097132,-1.839037484237224,1,-0.0386445338102861
74.17052,1.211489072356386,0.09696662670950906,15.400801144303955,0.0,1,0.08141763061658458
80.209308,1.6112540082831543,0.16557718754542572,22.225474646460682,-1.7404673544819218,1,-0.09734276725090307
72.401512,1.026215642222951,-0.1398203928382593,6.278036165466524,0.0,1,-0.017433724312276744
71.139284,0.5429928223409348,-0.20768107090675847,4.1311233257981,0.0,1,-0.04394140373973976
68.013324,-0.004364656128487354,-0.2516795164587269,-1.0113714335984483,0.0,1,0.03485375894876119
70.383844,-0.08013634068581155,-0.10915040033868373,2.769299697578134,0.0,1,-0.010766789037552349
69.626036,-0.17449482124067117,-0.06783629363118113,1.4157593440227814,0.0,1,0.011156056622267041
70.402788,-0.14240349308137468,-0.01191498849062822,2.7947485839072144,0.0,1,0.00575198811728872
70.807744,-0.08074453791161318,0.01658132222637776,3.5583315302277967,0.0,1,-0.03010032349004088
68.676408,-0.22079768216742934,-0.04115727400981281,-1.0701775330932222,0.0,1,0.08027583504367342
74.189464,0.18699688588529284,0.12221243134763649,9.090754060480066,0.0,1,-0.01117209850714107
73.360612,0.30624009608787617,0.08048521385007329,7.18998980848616,0.0,1,0.012202188280544757
74.255772,0.4149383598485059,0.0630611592035677,8.781050728691262,0.0,1,-0.033677759083832526
71.755004,0.22631196174145884,-0.04185507963449314,2.7012088948406685,0.0,1,-0.033663380466120496
69.339488,-0.08815356745719782,-0.11877353627771661,-2.5644517464189533,0.0,1,0.0006830739794330132
69.386852,-0.23409320143508694,-0.08823772341853522,-2.450275435503272,0.0,1,-0.02730373183668855
67.492332,-0.4454319183044504,-0.09985881342929959,-6.636447138689917,0.0,1,-0.04343859388352456
64.56056,-0.7582962835470823,-0.13757439289064388,-12.337632232376158,0.0,1,0.03807494854443649
67.0187,-0.6466921092061426,-0.00865673951656809,-5.535502636585306,0.0,1,0.05653711576022813
70.807744,-0.22124534626848913,0.13893000780702847,3.209039671792681,0.0,1,-0.003678919639072298
70.547248,-0.01179285261063967,0.11612750048829265,2.576645079284802,0.0,1,-0.007049346559911074
70.049936,0.0524734652691734,0.060131272789368584,1.2837366739186677,0.0,1,-0.07866805188801318
64.539244,-0.37899049789668027,-0.1237775634588284,-10.634781123131589,0.0,1,0.017869623635504706
65.692536,-0.4670322713215427,-0.07060644562789692,-7.525950762104259,0.0,1,0.02090843318942648
67.066064,-0.3576731354238518,0.012917563423264666,-3.8709649659353857,0.0,1,0.00070622901024886
67.113428,-0.2692404728563389,0.03378340866359253,-3.7401404815949917,0.0,1,-0.004940054619173906
66.781884,-0.23021610216788702,0.024269259784014785,-4.597696414514843,0.0,1,-0.03333329140579511
64.555824,-0.3770242416430136,-0.04084629323037059,-10.113817623922571,0.0,1,0.01614082100477865
65.597808,-0.3321776245769854,0.0013334412785525607,-6.5410756392826315,0.0,1,0.0
65.597808,-0.2820728473292178,0.01714607284210673,-6.541075639282624,0.0,1,0.07548740043264868
70.549616,0.17913627857210201,0.15945173291447554,8.077180202761333,0.0,1,0.08002413507112505
76.195288,0.8652854849750895,0.28186697977248765,18.420251092302493,-1.2269166682404915,1,-0.02905980222819038
73.981068,0.9517346310953201,0.12277204196423941,11.77827360234921,0.0,1,-0.0505761825444313
70.239388,0.6038413182308346,-0.07504042363341534,2.2539299242985606,0.0,1,0.07272420995467677
75.347492,0.8052498852793519,0.042122714471700684,11.303392050305064,0.0,1,-0.00807745531861892
74.738876,0.7881320116970016,0.008334946963116763,9.80285009465878,0.0,1,-0.0031685785587678428
74.50206,0.6941607405977379,-0.02854544137871562,9.176612830057337,0.0,1,0.05848697338033326
78.85946,0.9524450433316218,0.07657962045172273,16.3752456676677,-0.18513512706883262,1,-0.07750750512367188
72.74726,0.4928667744209321,-0.127666216152989,2.065842873882829,0.0,1,-0.007780196807412265
72.181272,0.174839742097177,-0.1485644161589147,0.9360272048609986,0.0,1,-0.07818244045352929
66.537964,-0.46901941923947277,-0.2641411924985215,-8.93588306116267,0.0,1,-0.07936786283391539
61.256988,-1.1919453816378365,-0.3290223849656284,-15.823139141072417,0.0,1,0.012796189064992802
62.040844,-1.3887582477005225,-0.17527841700943814,-14.051431067435828,0.0,1,0.08305979847727407
67.193944,-0.9420098267568164,0.09049000131142271,-3.52745315186435,0.0,1,-0.08084865505141359
61.761404,-1.092846464055242,-0.02011554532900095,-11.028039241772575,0.0,1,-0.0722392904150948
57.299804,-1.4489942440331802,-0.12542110843564647,-16.03099579469805,0.0,1,0.08001325798601333
61.884548,-1.1242566136860574,0.06643884063715877,-7.589833546271066,0.0,1,0.07986374886344816
66.82688,-0.4563387473719871,0.24478556898374304,0.057331448048955735,0.0,1,0.08001702309010983
72.174168,0.36125574806604277,0.354126688140591,6.932228344345816,0.0,1,0.017193298300300475
73.41508,0.8433576834462286,0.2787428745069257,8.408492275670568,0.0,1,-0.060030337091507735
69.007948,0.6468678441824665,0.027417678414387803,1.4492321574399938,0.0,1,0.07168838001095179
73.955016,0.9069729375353859,0.0958409239224357,7.730703788923989,0.0,1,0.07970158508247782
79.849348,1.4526387394172247,0.2138355752680916,13.911912057809793,0.0,1,-0.05095200025928848
75.780864,1.2653780787400422,0.008858304863636368,7.46692795489777,0.0,1,0.03193750865653899
78.201116,1.2679872418397764,0.003822489321123612,10.12476735767811,0.0,1,0.027799603269089035
80.375076,1.3447895532363248,0.026874933572557325,12.465648446309785,0.0,1,-0.06647020775445367
75.032528,0.8259125794982509,-0.1640006800551722,3.835825692849596,0.0,1,-0.07997731330603708
69.031628,-0.002426955662315322,-0.33078007173857954,-4.081426182242907,0.0,1,0.029159561469418227
71.04456,-0.2486501436040669,-0.1923344198934437,-1.2711662927000233,0.0,1,0.08333333333333326
76.96494,0.14232410772538628,0.06621327714533651,6.171564149478691,0.0,1,-0.0461538461538461
73.412712,0.02993189107966998,-0.015392979833459934,1.2151635757134756,0.0,1,-0.08038711333808246
67.511276,-0.5205448748331492,-0.18862324858209306,-5.95829171938086,0.0,1,0.01375053257769876
68.439592,-0.6750448515534657,-0.1143744084341366,-4.621123381362942,0.0,1,-0.013148763364924765
67.539696,-0.7710324356175136,-0.07012066416606144,-5.759780296250256,0.0,1,0.07734917847424105
72.763836,-0.31942852468139904,0.12716108225668438,2.007862051978684,0.0,1,0.061967101349632125
77.2728,0.3087394745101051,0.2517763604827295,7.6637409085796975,0.0,1,-0.016242714124504398
76.01768,0.492501851230017,0.14517957906754714,5.63582245738764,0.0,1,-0.022429939982383074
74.312608,0.4012518853208036,0.017976537719444574,2.8313305891467877,0.0,1,-0.011312912070048808
73.471916,0.25213157858947,-0.04371458967062969,1.411579209293734,0.0,1,-0.0766801290441369
67.83808,-0.3129258729919826,-0.20292401375069413,-7.160561594024564,0.0,1,-0.014871175599309394
66.829248,-0.6534467760333911,-0.18114830559736755,-8.536093620385152,0.0,1,-0.029057397144435892
64.887364,-0.9310769962179819,-0.15292617526065277,-11.200583392738253,0.0,1,-0.04386863365261695
62.040844,-1.2295123566254347,-0.15045384522270178,-14.876687152292575,0.0,1,0.0420642891318499
64.650548,-1.0587953404437087,0.00675439031967473,-9.166228945383232,0.0,1,-0.0621611436302133
60.631796,-1.2200998873158682,-0.051516718850828314,-14.511046991798182,0.0,1,0.08530250365666214
65.80384,-0.7680735034756339,0.13350322166313533,-4.34008080356562,0.0,1,-0.0614316125016412
61.761404,-0.8149238529325444,0.028884290735408213,-9.838930203598643,0.0,1,-0.01219324612503947
61.008332,-0.833194706583285,0.0035378123615559254,-10.815716229771581,0.0,1,-0.11780921989475146
53.820988,-1.3718425745267169,-0.17837001852729206,-18.84991868671051,1.392318075154492,1,0.08012502483231998
58.133396,-1.1674789606212101,0.008664531792738295,-10.570481985472888,0.0,1,0.03878115085518141
60.387876,-0.7801339069500202,0.13200319515464276,-6.61573636957305,0.0,1,0.04705878378633477
63.229656,-0.2846352212019241,0.2091672936342463,-1.8722849239870811,0.0,1,0.0037453311465114325
63.466472,0.006568390105620381,0.16679030164726358,-1.4729708543614137,0.0,1,0.03694032338838693
65.810944,0.34699549658392215,0.16907246937518844,2.5453917716845353,0.0,1,-0.05577546494394625
62.140308,0.18240642510775018,0.001494465966338815,-3.7374130082152703,0.0,1,-0.021341445555757454
60.814144,-0.025602312722647014,-0.0688380906213528,-5.856268684127528,0.0,1,-0.01869163857671008
59.677428,-0.22219948891095953,-0.08847842226988845,-7.701328368332625,0.0,1,-0.011904735572719427
58.966984,-0.3611851195958664,-0.07582135098493176,-8.894429954885794,0.0,1,0.10441768566627041
65.12418,0.11252049169466005,0.13262808676853158,3.685501586784781,0.0,1,-0.02254548157074676
63.655924,0.21764192303204055,0.07924983936863739,0.8099001440485267,0.0,1,-0.014880940224825001
62.708664,0.17312747844805898,0.011578464928218596,-1.0689040703446366,0.0,1,0.012839884453605954
63.513836,0.2035406329520626,0.013997206477407403,0.6543871945196926,0.0,1,-0.02535422360570372
61.903492,0.06759015745805641,-0.0406510896721996,-2.8790976524620575,0.0,1,-0.05738332176801919
58.351264,-0.302036593410449,-0.136759280180235,-9.759166706172692,0.0,1,0.011688315783527914
59.033292,-0.40484458606049856,-0.07985575761009489,-7.953983222390427,0.0,1,-0.0011232306001164316
58.966984,-0.4280372002138151,-0.03434945725447047,-8.090739738448264,0.0,1,0.016064243679140944
59.914244,-0.32502540727265483,0.022887445228896575,-5.238876053600883,0.0,1,0.041106752511139266
62.377124,-0.04119406019601968,0.10223959743517724,1.6223007446100084,0.0,1,0.03644643828080296
64.650548,0.2936064516919643,0.14568003644105376,7.088909664132736,0.0,1,0.021978034896162013
66.07144,0.5549471699949535,0.135673584914681,10.2111898073831,0.0,1,-0.046594958426817934
62.992844,0.3828222649802058,-0.01215044003335558,1.23629869156796,0.0,1,0.0035713897915135018
63.217816,0.2836056237244762,-0.03712236042969508,1.8194178113758426,0.0,1,-0.04851094507915299
60.15106,-0.04519949888042163,-0.12197582767819765,-6.1269194516249925,0.0,1,0.011810997179434457
60.861504,-0.14663176860950244,-0.07446936580242616,-3.9956358577554667,0.0,1,0.010272371842799055
61.486696,-0.13302925608991245,-0.020288951094278723,-2.062612746286007,0.0,1,-0.004621747768005058
61.20252,-0.13882356182263322,-0.008694418942333165,-2.9139509307831304,0.0,1,0.008706046744480389
61.735352,-0.08574941787043855,0.014793241669953841,-1.0260462459255564,0.0,1,-0.01871951746545486
60.579696,-0.14837122773847256,-0.015942856066026717,-4.903515242763504,0.0,1,-0.016457527287690565
59.582704,-0.2504005303609489,-0.039324052896167694,-8.08461448182625,0.0,1,0.005763081850061802
59.926084,-0.2519334708087726,-0.013618997781330466,-6.557863060516922,0.0,1,-0.001738742014245398
59.821888,-0.24038848513195887,-0.0006913373681722568,-6.939473370923658,0.0,1,-0.005383781936136867
59.49982,-0.2414226185325532,-0.0005751569229222042,-8.20052753454393,0.0,1,0.006965130314679824
59.914244,-0.18728580035514142,0.01785388708482985,-5.8615699154743695,0.0,1,0.11407117145632362
66.748732,0.42493042542982806,0.21002337095659981,17.829096173037144,-0.7707209135764259,1,-0.06691267183921945
62.282396,0.3234330028698338,0.036175316132201873,1.8594600007772257,0.0,1,0.01155896443033444
63.002316,0.3057248746840173,0.006155729315461822,3.8072543714930873,0.0,1,-0.030221047746879615
61.09832,0.11272740436744044,-0.06228058033370504,-1.9104552785584943,0.0,1,-0.01550386328134723
60.15106,-0.07210361448813529,-0.0823705330630936,-4.578559714269609,0.0,1,0.0015748350901878538
60.245788,-0.15061648937524552,-0.053627802650067946,-4.24415547729425,0.0,1,0.013443396242074135
61.055696,-0.10982921937086587,-0.004280177548562761,-1.260508594520843,0.0,1,0.03168877151117888
62.990476,0.08094851724556662,0.062165853022623244,5.269996779974953,0.0,1,-0.013496770527658852
62.140308,0.09874434244998298,0.02665389274234653,2.0334831902160886,0.0,1,0.00609755587307359
62.519212,0.1309888931813603,0.019632814491241282,3.3852242965136767,0.0,1,0.06060607417764641
66.308256,0.45194909411527107,0.11353100514171738,14.50079790838916,-0.6629418941527234,1,-0.0357142857142857
63.940104,0.377420770072618,0.013000893699688099,5.337256975758123,0.0,1,0.0059259209212421116
64.319008,0.34028021054523805,-0.00804655527589726,6.437498801998409,0.0,1,-0.00736379516300989
63.845376,0.25388391323611614,-0.031480950861673074,4.57039196532628,0.0,1,-0.0007418548212481113
63.798012,0.18558177181187574,-0.03326103076197115,4.370530160663556,0.0,1,-0.015515906671198398
62.808128,0.053475220115437594,-0.05512252748613644,0.1088523779087538,0.0,1,-0.02797682491030462
61.050956,-0.16346532407573733,-0.09068769055910379,-6.600615436094401,0.0,1,0.0011637491802749533
61.122004,-0.25239281916501,-0.059871728549458825,-6.262172705498948,0.0,1,-0.005889204810758386
60.762044,-0.30582049844590387,-0.03776646927678423,-7.686478001783605,0.0,1,-0.003819489680103594
60.529964,-0.3263892965491877,-0.019445089126689352,-8.651086208424466,0.0,1,-0.004773107084616757
60.241048,-0.3335509208883991,-0.008868904488633589,-9.915077814575064,0.0,1,-0.006997355026094554
59.81952,-0.3444631563173104,-0.006593713305848292,-11.807717837586054,0.0,1,-0.010807642722643007
59.173012,-0.375089677671987,-0.012406744886841625,-14.651903681317535,0.0,1,-0.07151719773872589
54.941124,-0.7118027985433244,-0.11637328858605966,-27.070911553307866,1.8065049121910448,1,-0.08060344742856007
50.51268,-1.1898794591003892,-0.19814998304770814,-33.72095278356117,3.676729503519155,1,0.008907703966607894
50.962632,-1.292265167787221,-0.10017856391151336,-31.066639155750206,1.4065388092260918,1,0.029739751275012605
52.478248,-1.1094679248150356,0.02753955968689059,-22.467732534789313,0.0,1,-0.0163357587699956
51.620976,-0.9970529762610241,0.04665150274696739,-24.18842225611369,0.0,1,-0.0035783128160924438
51.43626,-0.873150753962264,0.05685124168190914,-24.568934389515256,0.0,1,0.060773469921802326
54.56222,-0.477940413316027,0.15068719410938203,-8.384780443105662,0.0,1,0.0041666926309082974
54.789564,-0.22156154188323995,0.13568868851405635,-7.378454927574488,0.0,1,0.0010373508356447125
54.8464,-0.07017231100991239,0.09569263979579465,-7.10504717377836,0.0,1,0.0017270778027362876
54.941124,0.01926366367757737,0.06170953816109481,-6.605570554243442,0.0,1,-0.008620646348625916
54.467496,0.022907345714855865,0.021784406732791105,-8.616525984518269,0.0,1,0.0
54.467496,0.022820241257257123,0.007232434091730789,-8.616525984518262,0.0,1,0.006956515864066981
54.8464,0.052450335590350505,0.012287509474941394,-6.051100477869376,0.0,1,0.014680489512529427
55.651572,0.12999218812436908,0.029943120669653323,-0.8014279090014469,0.0,1,-0.04170211040938787
53.330784,-0.035468567952314345,-0.04517254513567671,-12.153559358423053,0.0,1,-0.02309060373085836
52.099344,-0.21786323199463453,-0.07585573639266563,-16.685585209901554,0.0,1,0.0013636256149405224
52.170388,-0.2849849613495721,-0.04765915524920106,-16.1776012514713,0.0,1,0.03949159818401182
54.23068,-0.12310607924791128,0.038073242284153236,-3.1351600994537847,0.0,1,0.0036244428430549647
54.427236,-0.015528131593086414,0.048550396646326044,-2.0478199409950477,0.0,1,-0.0010007489632580802
54.372768,0.03501585320042011,0.033031460479944194,-2.3480654946309443,0.0,1,0.017421588689396916
55.320028,0.1363081911638062,0.04477459948111011,3.30198012486418,0.0,1,0.026113074273931947
56.764604,0.2959766775485164,0.06814769528860676,10.521954380224543,0.0,1,0.013767170823564712
57.546092,0.41627019761182993,0.06281373845064009,13.878852288000708,-0.09100351325573541,1,0.06831275354024036
61.477224,0.7693221078424983,0.13862188289376953,25.515475400270105,-2.327932554215394,1,0.043066290696535114
64.12482,1.1023708873042963,0.1572235541185225,30.271561603378785,-2.8895505766140275,1,-0.03168626438249644
62.092944,1.0077080364265,0.02085356774690872,18.864891441547385,0.0,1,0.018306621119462463
63.229656,0.9711269412853909,-0.005242509131400119,21.39184765335051,0.0,1,-0.019288354186206447
62.01006,0.7702761486077208,-0.06869776726969012,15.093746422198734,0.0,1,0.008210796764267059
62.519212,0.6480904065515745,-0.06362783644194547,16.466002903764505,0.0,1,0.030303005098656577
64.413732,0.6908666683108748,-0.006950524894214993,21.154367228667297,0.0,1,-0.020588218673620706
63.087568,0.5441689101646148,-0.05121609434682506,14.175849488134446,0.0,1,-0.014264236655944562
62.187672,0.35048128857776817,-0.08163457197789054,9.757058921926834,0.0,1,0.05304646232777466
65.486508,0.49933370373619823,0.02240594772684651,18.5712869920322,0.0,1,0.029906312915631394
67.444968,0.6953537693374017,0.07280867110934997,22.53885742386585,0.0,1,-0.011938207161726222
66.639796,0.6683199880265533,0.01525829659950051,18.58381509249996,0.0,1,-0.014534438250681458
65.671224,0.5183954317022454,-0.044888753241602464,13.925235708603758,0.0,1,-0.023655840494156033
64.117716,0.2707745342315775,-0.09750321690409014,7.022557511676908,0.0,1,-0.02862422610312576
62.282396,-0.0285437923563876,-0.13227384783068508,-0.05656590368888459,0.0,1,-0.03034218529422017
60.392612,-0.3333063062873407,-0.14567878725387942,-6.2679763377325415,0.0,1,-0.03301701870420837
58.398628,-0.6240773710622065,-0.14548328400958177,-11.832998075428321,0.0,1,-0.011354444833875266
57.735544,-0.7727134558611226,-0.09803978960283266,-13.546975993149431,0.0,1,0.046349472345839526
60.411556,-0.559637710272149,0.038345318662046934,-2.8954365529071495,0.0,1,-0.0043120226865204225
60.15106,-0.4281713616216507,0.05660388910418174,-3.734216246159832,0.0,1,-0.03665351865785915
57.946312,-0.5104862404946005,-0.008570329922922726,-10.37042093173173,0.0,1,0.030691858353297796
59.724792,-0.36089649322318706,0.047006472449496906,-3.493298636989387,0.0,1,-0.020459912191908458
58.502828,-0.35785724515221773,0.016681906840155414,-7.214207559098625,0.0,1,0.01513923395292971
59.388516,-0.2527088506873767,0.0406101004349988,-3.750839898298736,0.0,1,-0.003907826220139965
59.156436,-0.1984155825643441,0.03163445618601046,-4.551827113794204,0.0,1,0.004803872904040496
59.440616,-0.13105264995579802,0.03299912959818552,-3.2960006249471334,0.0,1,0.007968087006366087
59.914244,-0.04698112948854316,0.03902355002181346,-1.1168571172020734,0.0,1,0.014308317067307064
60.771516,0.07040905820246479,0.05213791257094048,2.7671012953807335,0.0,1,0.021822131276106438
62.09768,0.2337503971977597,0.07182641718874513,8.223194064059733,0.0,1,0.024330699633223096
63.60856,0.42184853359559327,0.08664151786219287,13.5527619505759,0.0,1,-0.0006700984898887485
63.565936,0.4771915573282115,0.0473281805316037,13.299634242002433,0.0,1,0.002160779949814673
63.703288,0.476543106083831,0.015559909762407731,13.815651575248488,0.0,1,-0.022156156209707678
62.291868,0.31888862162132625,-0.04736485823336567,4.988080422342932,0.0,1,0.008211729980549087
62.803392,0.25611432758829267,-0.036713050755466436,7.363098364966092,0.0,1,0.013197567418014478
63.632244,0.27245531993941796,-0.006790686134780399,11.06206754997995,0.0,1,0.018235911969409768
64.792636,0.35462053945336436,0.025124844459722018,15.692009855604454,0.0,1,0.01798247566282063
65.957768,0.4632457709225619,0.04458335864297319,19.710171477431103,0.0,1,-0.019029146043874734
64.702648,0.3743612390802866,-0.014767057733100719,11.139382833690846,0.0,1,0.0035868702004284714
64.934728,0.31806220323578316,-0.023688697859201413,12.096819906659974,0.0,1,-0.0014588187695189214
64.84,0.25551350171055276,-0.028745799794810623,11.410633255988678,0.0,1,-0.018261505243676868
63.655924,0.10427335913871616,-0.05999531412221576,3.2397727020928144,0.0,1,0.005208376207059606
63.987468,0.04759250792457692,-0.03889205511211834,5.098452657008345,0.0,1,0.05854921466809726
67.733884,0.3274873733237911,0.08033427009569863,20.047037983882134,-0.013186025283374647,1,-0.008460994204909422
67.160788,0.39238619157974597,0.0484110294505512,16.295644230888,0.0,1,-0.009167789990790376
66.545072,0.3408270847427559,-0.0010493591288129323,12.311960572088012,0.0,1,-0.01850535228213457
65.313632,0.18402527426235338,-0.052617056536405166,4.971433886240142,0.0,1,0.01595360674476054
66.35562,0.17712126283362295,-0.019840355988378522,9.46129240841951,0.0,1,-0.009279093466386112
65.7399,0.10759915188312164,-0.029787488979626603,5.807726839663211,0.0,1,0.0021613662326835925
65.881988,0.07571216708427642,-0.02055815792615727,6.493170289140139,0.0,1,0.042415538523215
68.676408,0.2863276607611738,0.06335244525024672,17.50640362720496,-0.23091474858536287,1,-0.010344862532705501
67.96596,0.308570769202845,0.028531851230639338,13.00129773199864,0.0,1,0.008013952866994245
68.510636,0.3393677593234514,0.01977628045041524,14.991498925724017,0.0,1,0.06944346568319704
73.268252,0.7229536077734622,0.13445404296680863,26.99923999966255,-2.4173533247034555,1,-0.014253813507110857
72.2239,0.7674710646840026,0.05965716662578302,21.05498593710132,-0.43997513618381845,1,-0.006492255333760744
71.755004,0.6866992044156177,-0.007038231214200663,18.41998359191753,0.0,1,-0.0230032737507756
70.104404,0.45153834058011455,-0.08073303168323465,9.752982712053345,0.0,1,0.010640815090589673
70.850372,0.35849371361402405,-0.057925886216441735,12.159966862912178,0.0,1,-0.005281101417505596
70.476204,0.2509162573298056,-0.05516778083355339,10.154964269076551,0.0,1,-0.028897867427706392
68.439592,0.006500174410220438,-0.09986128791771286,0.3356910141515499,0.0,1,-0.047750839893960895
65.171544,-0.38858688158376253,-0.16498278130389862,-11.011371549224577,0.0,1,-0.02172966778261376
63.755388,-0.6717611694487715,-0.14938568972296917,-14.828830569536393,0.0,1,-0.015600626569788889
62.760764,-0.8402535492605381,-0.10595935651157862,-17.325444782871912,0.0,1,0.010489738461437526
63.419108,-0.7996166100613777,-0.02177413910413939,-13.985073502387337,0.0,1,-0.002240460398780786
63.27702,-0.7245040896233519,0.01777946044462886,-14.408544111163948,0.0,1,-0.0007485181824302689
63.229656,-0.6305194886023955,0.03725468715519509,-14.562873169105593,0.0,1,0.03014983981567143
65.13602,-0.37212023070837574,0.09855131501640496,-4.07649667417239,0.0,1,-0.021087072866902257
63.762492,-0.32637124920233873,0.04810009884081401,-9.360683584253977,0.0,1,0.010213528040905251
64.413732,-0.22202915434912995,0.050814064564674244,-5.967995352217251,0.0,1,-0.0044117300950673455
64.129556,-0.17503701072675426,0.0326020693956833,-7.155256951684073,0.0,1,0.0005908040280211413
64.167444,-0.13379718802167417,0.024613964033587787,-6.927865237339596,0.0,1,-0.0028047868012321953
63.987468,-0.11702551100066216,0.013795213684866608,-7.813715137227831,0.0,1,0.00281267575707167
64.167444,-0.08388954657343106,0.0156437260373659,-6.522081400121664,0.0,1,0.002362007749599604
64.319008,-0.04770043547870273,0.01727761237736475,-5.36468979883832,0.0,1,-0.004418289535808584
64.034828,-0.04931251030809847,0.0052218458493230036,-7.1909099030522015,0.0,1,-0.005917154958236304
63.655924,-0.07758450519713733,-0.0076833830132386205,-9.637418083476625,0.0,1,0.043898820791604676
66.450344,0.1476132061247739,0.07250477610289088,9.38355005691922,0.0,1,0.0028510311398839416
66.639796,0.2636986279419915,0.06286339930670284,10.336499432981704,0.0,1,0.006396598212875526
67.066064,0.33528878652209926,0.044817852628936894,12.534082349295872,0.0,1,-0.011158191719734645
66.317728,0.28078180026864175,-0.003229711208173558,6.434877581441448,0.0,1,-0.032995279934801225
64.129556,0.047782157119527824,-0.07874311811909585,-7.145104149770162,0.0,1,0.0007385674087623251
64.17692,-0.06875251088165157,-0.06509259537342509,-6.816291220643784,0.0,1,-0.03321038155149847
62.04558,-0.2989021356421091,-0.09841407337796088,-16.464324102195576,0.0,1,0.02061071876514009
63.324384,-0.28250143671881744,-0.02733779148488974,-7.848105343399787,0.0,1,-0.0037397284433119404
63.087568,-0.27049396753060506,-0.0051101074322257856,-8.943264122165992,0.0,1,-0.03603600633329218
60.814144,-0.43140106897561736,-0.05533906962574603,-17.852397616385446,0.4625520099146243,1,-0.03426794924549126
58.730168,-0.6495691972834834,-0.09116906597787067,-23.671400464072466,1.3657335058499882,1,0.010483879426328224
59.345888,-0.6532124949971276,-0.031604121230504933,-19.53923298097247,0.010488584557705849,1,0.008778906467791003
59.86688,-0.557183769270857,0.021474868165255234,-16.055893166353435,0.0,1,0.006329175664407272
60.245788,-0.43116175896848574,0.0491656261558755,-13.486062253270191,0.0,1,0.003930764421240518
60.4826,-0.3124862739032608,0.055947037073700134,-11.816042533542785,0.0,1,-0.007830814151507992
60.008972,-0.2665770085453758,0.03395210081052835,-13.924875588334068,0.0,1,-0.0035517355638087222
59.795836,-0.23916895848765307,0.020453383622750343,-14.894304084836243,0.0,1,-0.011128667889182098
59.130388,-0.26098818691815495,-0.00045528160258384576,-17.887889142293183,0.0,1,0.010853437998749493
59.772156,-0.19666811889022284,0.021288262141782754,-12.203902213701468,0.0,1,0.0023771603620923454
59.914244,-0.1362784083020756,0.027225990909976655,-10.948563073700221,0.0,1,-0.005138344063892353
59.606384,-0.12038201898283063,0.014374126743073867,-12.757945728878958,0.0,1,0.00774735806822302
60.068176,-0.06391932274129886,0.023612274328201885,-8.259035521496557,0.0,1,0.026926870561210237
61.685624,0.10442596894124279,0.0639858553369145,4.448988889420683,0.0,1,0.02272724030480755
63.087568,0.29672511737074103,0.08542833458880428,12.356842546589334,0.0,1,0.02852853671582345
64.887364,0.5181305984712594,0.10227793856310757,19.828371176151165,-0.26039401922740524,1,-0.0038321174520206114
64.638708,0.5649344558155818,0.04969393196914329,17.763687136130613,0.0,1,0.002381359478905498
64.792636,0.5540858465031135,0.012948440885558354,18.406225955240785,0.0,1,-0.006651990513242834
64.361636,0.46657105463828685,-0.02485545032642278,14.411954122232089,0.0,1,-0.0028699705520227603
64.17692,0.3685397374860173,-0.04096225582623075,12.669415677877225,0.0,1,0.013247192292805687
65.027084,0.3596594341193793,-0.01661418639762291,17.20633939498441,0.0,1,-0.009359423221253382
64.418468,0.27452966292611336,-0.033914652530296296,11.28215132402881,0.0,1,-0.0037129104032713744
64.179288,0.189155638752311,-0.03976289223469956,9.010775972078811,0.0,1,-0.028818144570254445
62.32976,-0.023421676563955884,-0.08411340251698884,-5.242489335716236,0.0,1,-0.02302431454894094
60.89466,-0.247350194508428,-0.10268064015382034,-12.956405427046406,0.0,1,0.040053167223529806
63.333684,-0.13544993727162336,0.0030732056943280905,2.502295841055215,0.0,1,-0.010654488376201199
62.658896,-0.12444464721392734,0.004692831917341378,-1.182531187829838,0.0,1,-0.007500036387490749
62.188952,-0.14773361491725012,-0.0061987119286604775,-3.6972083426758218,0.0,1,0.005309045889694275
62.519116,-0.11955329752580468,0.007327201820928331,-1.6214431765084356,0.0,1,0.0010793498743648655
62.586596,-0.08987703070292952,0.012334489547934493,-1.1722185001064176,0.0,1,-0.000346527873156699
62.564908,-0.06935647806624701,0.010951680728205668,-1.3234892025623068,0.0,1,0.007280119392167883
63.020388,-0.015359828575718382,0.021649443406244764,2.1366845516010073,0.0,1,-0.003441679857635882
62.803492,-0.00515618478247859,0.010617695733161521,0.3409471132143551,0.0,1,-0.0038373025499919278
62.562496,-0.019707680820651774,-0.0013112667683372221,-1.7123476533725466,0.0,1,0.03081667329896809
64.490464,0.1353228778953195,0.05123976398254469,12.047596711756768,0.0,1,-0.0261584720494491
62.803492,0.060980250762021626,-0.007700954383584396,-0.7048183221245026,0.0,1,0.006139658603696807
63.189084,0.05085991629854192,-0.005940429615688032,1.810525160768627,0.0,1,0.0049199637076555724
63.499972,0.06746875604191871,0.003556136709229593,3.8609784610884716,0.0,1,-0.013473013814872203
62.644436,-0.0011438870898814457,-0.021685502140856856,-2.3397893204852167,0.0,1,-0.003616219004669352
62.4179,-0.054232884731625575,-0.024924833260867002,-3.9012004626089194,0.0,1,-0.011583023459616593
61.694912,-0.13650697649153187,-0.03573297500692443,-8.699308189815994,0.0,1,0.03125003241758417
63.62288,-0.005604440997188931,0.03172318682913951,5.136383624554533,0.0,1,-0.005340971675598549
63.283072,0.0319965301664169,0.023108052664248452,2.703621617406263,0.0,1,-0.011005723615945762
62.586596,-0.009909028432318223,-0.006265835311495561,-2.1086333021235077,0.0,1,0.001925332382671785
62.707096,-0.019994388695657506,-0.005450398524944949,-1.2097583593872443,0.0,1,0.018447290239688385
63.863872,0.073027130230642,0.029190373467118183,6.74838306245443,0.0,1,0.007547177847281317
64.345864,0.15361829550790418,0.036593846248126796,9.651311936952276,0.0,1,0.01797753465552976
65.502644,0.27751068685420677,0.053495412531476466,15.776589409540762,-0.6071029207957821,1,-0.014716718915957161
64.53866,0.2359989919561798,0.003994572544483155,7.670250915910117,0.0,1,-0.025392036339149104
62.899892,0.05901256184414905,-0.05766395252251587,-3.2196105771635857,0.0,1,0.017624513568322175
64.008472,0.057983299967787616,-0.019564404799625762,3.39507737459639,0.0,1,0.004518089417913318
64.297668,0.07673639403229515,-0.00027043691170607065,5.0156980944124925,0.0,1,0.01765364180859552
65.432756,0.17430890822852518,0.032434025761508,10.939282173341837,0.0,1,-0.042392528904024784
62.658896,-0.022585577025736825,-0.054820153164251345,-5.1108183330219745,0.0,1,-0.04615382945783153
59.766948,-0.36014635490072067,-0.13079364367974505,-15.604825779103201,0.9281008900676895,1,0.014919349738253374
60.658632,-0.4246075475964872,-0.06508494545850385,-10.740153899837544,0.0,1,0.033770362641874385
62.707096,-0.25074884831133204,0.03625791794221711,-1.0732741041246072,0.0,1,-0.000768653040478906
62.658896,-0.1469404279761406,0.04668877942580285,-1.276009450517975,0.0,1,-0.015307706666264909
61.699732,-0.1627215154772017,0.010302563974913914,-5.365397409237566,0.0,1,0.013788001542697215
62.550448,-0.08615893293796262,0.028955048838051,-1.1358835784143935,0.0,1,0.0009631905434153154
62.610696,-0.03567706392351511,0.026478972617499506,-0.8303278270231971,0.0,1,0.0014626893781855
62.702276,0.00016862591066768573,0.0207748874838941,-0.3224700082522176,0.0,1,-0.06372515090201825
58.706564,-0.3148985813314624,-0.09809743991941203,-16.532744300073418,0.6923521082652044,1,-0.029967143026800147
56.947296,-0.5927963031749073,-0.125331720587619,-21.139814258113493,1.274136937236797,1,0.03343210536282526
58.851164,-0.5236898054987194,-0.018741740970476983,-11.036643965284703,0.0,1,0.06052413848602889
62.41308,-0.14866940620240143,0.11875955277528033,2.875548673501058,0.0,1,-0.0006950466152286783
62.3697,0.04761491062929224,0.10501462320232469,2.7129617104044854,0.0,1,-0.0378671053412154
60.00794,-0.05502417350730582,0.0007918463552422095,-5.55434177145537,0.0,1,-0.06907625890840441
55.862816,-0.4471853677833266,-0.13045644930692624,-15.964142453931899,0.7209863245620838,1,0.018205312098838577
56.879816,-0.521250517606056,-0.06817386637655187,-12.005175047695033,0.0,1,-0.06787560634865619
53.019064,-0.8365748827169242,-0.12783274382914,-19.680608759308367,1.387073684946408,1,-0.09954540125416023
47.74126,-1.364339491712613,-0.21853245094160956,-26.799528940173435,3.8134293022056056,1,-0.04088848932768008
45.789192,-1.6771991719010728,-0.1771307103766897,-28.841191776042074,3.097329737239704,1,0.013684189928487855
46.41578,-1.6416467476702081,-0.04719276204860834,-26.44200578763709,0.40142854465250366,1,-0.025960481543130243
45.210804,-1.5874813065822622,0.0023242263464458013,-27.880287716440215,0.0,1,0.002132145227941473
45.3072,-1.4200754771564377,0.05657668525742343,-27.45992817498769,0.0,1,0.02127661828583527
46.271184,-1.1377009393471553,0.11298374102223518,-23.077209249136878,0.0,1,0.02218745904578534
47.297824,-0.8161519254969178,0.1448442516241576,-18.491474886425806,0.0,1,0.10557424375379298
52.291256,-0.17124542478038762,0.2632502507802293,-1.1462723202540843,0.0,1,0.03696197314518512
54.224044,0.3265439443095772,0.2536798732900648,3.877169537426454,0.0,1,0.008888898068908357
54.706036,0.588392633495431,0.17184285415863954,5.099124782272192,0.0,1,-0.006079329162142155
54.37346,0.6425695919637349,0.0753399375423145,4.002243272166631,0.0,1,-0.01498091164329074
53.558896,0.548230271867574,-0.006333127517948789,1.2269716472102843,0.0,1,0.004319655879389428
53.790252,0.4746544224971956,-0.026636325629442403,2.005365554325266,0.0,1,0.014336872785054133
54.561436,0.46257729593724406,-0.012904484063131327,4.683956665289514,0.0,1,-0.00887806545267611
54.077036,0.37762395799583004,-0.0326192740015151,2.633822600225045,0.0,1,-0.003921738610082048
53.86496,0.28600562585880596,-0.04141253537951306,1.691101989996902,0.0,1,0.010693036809086953
54.44094,0.26436099096871857,-0.021019056756533483,4.168282164756818,0.0,1,0.006949990209573986
54.819304,0.2630389242762803,-0.007447041149657274,5.821761440902385,0.0,1,0.0023299821537317023
54.947032,0.2511019805737078,-0.006461328284076584,6.411605604836211,0.0,1,0.012894745616105263
55.65556,0.2832523436746115,0.008563011605609017,9.725843934131603,0.0,1,-0.00407032109640082
55.429024,0.25684516325218,-0.0059480562722741825,8.154983851042452,0.0,1,0.02173908023348936
56.634,0.3226524761032863,0.019953085526277392,13.78446954085235,0.0,1,-0.00582978422855529
56.303836,0.3011547595202302,-0.0005148770189262186,11.274804700110622,0.0,1,0.003295832276863031
56.489404,0.28077367126868324,-0.006965321756824405,12.20352082223576,0.0,1,0.058191090137895474
59.776584,0.5211169878705206,0.07779266494833764,24.323522900493117,0.0,1,-0.0033059098860516167
59.578968,0.5813942305155635,0.04602330253112685,22.764940964712096,0.0,1,-0.0008494272676895509
59.52836,0.5588659992951222,0.007831690436895133,22.333326144703207,0.0,1,-4.0451307578459605e-05
59.525952,0.5008290504103101,-0.016735086149305634,22.310649895017235,0.0,1,0.008137627097505318
60.010352,0.4704414884337069,-0.015707549375302943,24.123818245813894,0.0,1,0.02405524966759076
61.453916,0.5363412500759352,0.01673073742230846,28.73472002628344,0.0,1,0.0627450982944684
65.309848,0.8459236933907164,0.1087710602456965,36.09071360723752,-1.960670423420929,1,-0.007343149841659402
64.830268,0.8902562739322164,0.051034546929065505,32.16303539645028,-0.23596571553240153,1,-0.014906555684761402
63.863872,0.7577015413752832,-0.027173395209289186,24.54807616014446,0.0,1,0.0
63.863872,0.6282823799822097,-0.05219751886745427,24.548076160144447,0.0,1,0.016603816317307007
64.924256,0.5995812676204864,-0.02696621040972591,27.387107863207262,0.0,1,0.03934671195924078
67.478812,0.7481452724712483,0.040532598147012044,32.58643432627065,0.0,1,0.009285699932002345
68.1054,0.8122975021907024,0.03489494262215542,33.61328437842914,0.0,1,-0.003750891999753425
67.849944,0.7553941585345427,-0.007336133678001455,31.43789313628581,0.0,1,0.02013920601025121
69.216388,0.7778633068285643,0.005044338205340004,33.923769565030256,0.0,1,0.031301142151480166
71.38294,0.9048219387398717,0.04400099003888247,36.9926265317454,0.0,1,-0.024307880846600072
69.647772,0.7483020931338729,-0.03750628518903876,24.360794324995382,0.0,1,-0.00207610374097833
69.503176,0.595633995903043,-0.06339146080662283,23.37428761797979,0.0,1,0.01803048539825025
70.756352,0.5740951142957158,-0.028310114137983344,26.39046411965012,0.0,1,-0.002043576243161982
70.611756,0.5034347473007301,-0.03299016037765634,25.296924669008973,0.0,1,0.010238918290036647
71.334744,0.48640066819486094,-0.016674746494508508,27.11681057950372,0.0,1,0.02027023465592026
72.780716,0.5578479062923378,0.01825749720098946,30.336030310675582,0.0,1,-0.010595993587092511
72.009532,0.4828188664833988,-0.018923847535983196,24.15409019161146,0.0,1,0.0006693002809683435
72.057728,0.4090857743719738,-0.03088564654913606,24.291463468121094,0.0,1,-0.02809364180896723
70.033364,0.169431747118594,-0.09017989126750531,9.525859726891582,0.0,1,-0.01789398550096799
68.780188,-0.06894591210131296,-0.1095191834958041,2.3668971600429103,0.0,1,0.013314648107678906
69.695972,-0.10607391570282232,-0.0488823956991045,6.604565193029202,0.0,1,0.008990304346426115
70.32256,-0.063582757861667,-0.002130412619316395,9.353638064260707,0.0,1,0.00411242139080259
70.611756,-0.012938949119288168,0.016171132041020816,10.63256868429653,0.0,1,0.02061430110872764
72.067368,0.13476220101185277,0.054624094057387246,16.52341035330754,0.0,1,0.02862493882113193
74.130292,0.3692929259930935,0.0963849396795427,22.907327128812142,-0.27531775468298747,1,0.0923277086241614
80.974572,1.026140544650957,0.25107751944580214,34.09109775729246,-4.265996144911313,1,-0.05113096491575142
76.834264,0.9240269752589683,0.049654650017937785,15.826848226079008,0.0,1,-0.00884511628822271
76.154656,0.7393339426247394,-0.04501279420543036,13.31862264677175,0.0,1,0.014556956307438362
77.263236,0.677757931088891,-0.035529601913759534,15.688211173817137,0.0,1,-0.01746724664755195
75.91366,0.478025431063557,-0.07842070064636453,10.409584475165389,0.0,1,-0.01587297990901748
74.708684,0.23790906179559101,-0.10617902330477685,5.9492604833710985,0.0,1,0.03225804379046471
77.11864,0.29885478867865345,-0.015077765473904825,12.15823834071206,0.0,1,-0.029374999351648334
74.85328,0.11564308639695753,-0.06609648925186692,4.181849169356489,0.0,1,0.027044426109316788
76.877644,0.18309731138970164,0.0004525785802924065,9.359952503087989,0.0,1,-0.026959254890797646
74.80508,0.028852647936929543,-0.051264028290826574,2.5979019688025744,0.0,1,0.004510335394334097
75.142476,-0.02255773778419723,-0.034224804670651116,3.5549068982955845,0.0,1,0.010262956999181005
75.91366,0.017882214170583666,0.002071715761376592,5.8201579523162295,0.0,1,0.022222245640639793
77.600632,0.17719300563375384,0.05379416907484892,10.502406788560236,0.0,1,-0.00683231548938934
77.07044,0.19789965089586303,0.02483360477898605,8.343156242736285,0.0,1,0.011944968784400212
77.991044,0.2684783359522669,0.031804096611796645,11.026619435661985,0.0,1,0.008590319678243974
78.661012,0.3372251504844428,0.033516970381324174,12.956202486940562,0.0,1,-0.028799019265096648
76.395652,0.15471646187683064,-0.04966390607542934,3.0823583843110427,0.0,1,0.05047318661538491
80.251584,0.37189674574995024,0.05583879259923008,13.815368253545422,0.0,1,-0.030030011619459063
77.841628,0.24866582554068373,-0.02246404253667883,5.067226768146824,0.0,1,0.040247667995844116
80.974572,0.4274068799743276,0.05209233729898832,12.493887429679361,-0.020431085687192763,1,-0.014821442958661057
79.774412,0.3811468338599582,0.0019440970615396402,8.386313240647816,0.0,1,-0.04537490041292935
76.154656,0.024608241314439283,-0.11819816516132642,-2.152759663313603,0.0,1,0.01863922804667384
77.57412,-0.037423075067863465,-0.060076493847876396,1.6499312606075733,0.0,1,-0.02451147367188944
75.672664,-0.22377481033669255,-0.08214274303890184,-3.406650716438307,0.0,1,0.01910830045576306
77.11864,-0.17780477710971354,-0.01205756993730761,0.6737056066724847,0.0,1,0.056250006483516746
81.456564,0.2214909709295938,0.1290793927006666,10.685902882375373,-0.10792277951139795,1,0.09349110281646555
89.072028,1.0373032640384423,0.31496389526983837,21.83670838479746,-4.535121041311044,1,-0.007440450328581427
88.409292,1.3035394719229885,0.1937333677181281,19.91911922175524,-1.8997581058735733,1,0.021125788452191152
90.277008,1.4836722865383507,0.12462206077783011,22.239524331858505,-1.6056820721488236,1,-0.025093432427445994
88.011648,1.2613193366345001,-0.032576963042006746,15.436852145244842,0.0,1,0.015334061236985441
89.361224,1.1574975836296915,-0.04546623868227173,17.464883393555482,0.0,1,-0.028586851048504003
86.806668,0.7962489084914921,-0.13557163794015703,10.053865043855062,0.0,1,0.025541401957738907
89.023832,0.7340341618814392,-0.06592879485006997,13.880218700867331,0.0,1,-0.027070953315062818
86.613872,0.44092727508629537,-0.11967856054840464,7.256462189010492,0.0,1,0.018889907150207996
88.25,0.3939738920981881,-0.0555439811788373,10.35721440053036,0.0,1,0.019830028328611915
90.0,0.4834993762626141,0.01132716766186287,13.503686317110564,0.0,1,-0.061111111111111116
84.5,0.029637170322956763,-0.1475116794259315,-0.27770323415663256,0.0,1,-0.00591715976331364
84.0,-0.24143036350712066,-0.13952640441866968,-1.3442815925187404,0.0,1,-0.0029761904761904656
83.75,-0.3776782667965648,-0.09192476923603793,-1.9172861193513668,0.0,1,0.006268656716418075
84.275,-0.37057902954157385,-0.028275177327015677,-0.5288050071256549,0.0,1,0.06214773064372592
89.5125,0.10031050821437759,0.1475381201429786,11.025232030558527,0.0,1,0.016617790811339184
91.0,0.45135440140782634,0.16619400444547577,13.648301905799457,0.0,1,0.0
91.0,0.5892634812205699,0.10136769475273982,13.648301905799457,0.0,1,0.01717032967032961
92.5625,0.739321064358549,0.08380842596357296,16.566323429959738,0.0,1,0.014017555705604368
93.86,0.860864767231007,0.06845070961201027,18.871809462368986,0.0,1,-0.019763477519710304
92.005,0.6953145547313113,-0.03236650096256177,12.072403686459388,0.0,1,-0.03646540948861465
88.65,0.27501323558718127,-0.1508892733688973,1.7961849375207848,0.0,1,0.0
88.65,0.041944806382858246,-0.12798590085774011,1.7961849375207706,0.0,1,-0.0033840947546532885
88.35,-0.10308480875120551,-0.09100517199726799,0.8665535014661714,0.0,1,0.07526881720430123
95.0,0.38715745107769806,0.13307902927721188,15.928044567423257,0.0,1,0.02684210526315778
97.55,0.8125154600690081,0.18614567942284066,19.864017636091077,-0.7546351332096464,1,0.02511532547411588
100.0,1.1616515095589222,0.17842724297091828,23.17243105273704,-1.2518343706575905,1,-0.057499999999999996
94.25,0.7602485751739607,-0.07432523047134776,6.886782975451354,0.0,1,-0.01644562334217503
92.7,0.3670263933836537,-0.15584913742055162,3.331588018395358,0.0,1,0.01941747572815533
94.5,0.28982976970651464,-0.07768192036589688,6.814097771588997,0.0,1,-0.02645502645502651
92.0,0.018745643725736727,-0.11625534878222493,0.947125955965511,0.0,1,-0.01413043478260867
90.7,-0.22669188957512176,-0.12056429402769449,-1.9214732451525691,0.0,1,-0.016538037486218293
89.2,-0.4555196654276301,-0.11646402329340094,-5.158426478222452,0.0,1,0.02298206278026904
91.25,-0.36114024790158794,-0.007361535255786256,-0.04228550906141493,0.0,1,0.002684931506849342
91.495,-0.26343885181343296,0.030113286944122908,0.566579491331666,0.0,1,-0.04423739002131266
87.4475,-0.5299265827848956,-0.07879148134244657,-8.66507064353285,0.0,1,0.01775350924840602
89.0,-0.4896348997052229,-0.012833266087591277,-4.430039113088604,0.0,1,-0.022471910112359605
87.0,-0.5953528165232882,-0.03951706096855223,-8.697853742062975,0.0,1,0.028735632183908066
89.5,-0.3902657068887123,0.055190016222007865,-1.9415481414907134,0.0,1,-0.011173184357541888
88.5,-0.3385333431640305,0.035640793315563246,-4.280421788544643,0.0,1,-0.006779661016949046
87.9,-0.3344560493713544,0.013239362369413088,-5.7171713701350555,0.0,1,0.013651877133105561
89.1,-0.20454606502740091,0.04771644890445553,-2.080206955535303,0.0,1,-0.0044893378226710245
88.7,-0.1558789007698067,0.03212787105401657,-3.211373428813232,0.0,1,-0.00529875986471251
88.23,-0.1577220769101899,0.010094898304544464,-4.610204198897243,0.0,1,0.01439419698515243
89.5,-0.03966682523787313,0.042716716658953754,-0.1120874129570879,0.0,1,0.003910614525139522
89.85,0.051833036034778956,0.04473885931053528,1.1207429906151063,0.0,1,-0.003951029493600378
89.495,0.06368021366820642,0.018862012314654245,-0.25836630844141695,0.0,1,-0.0027375831052014465
89.25,0.04388045134589902,-0.00031258333588438797,-1.2665141588798647,0.0,1,0.019607843137254832
91.0,0.1761571992392561,0.04398805485249091,5.837267087203415,0.0,1,0.024725274725274637
93.25,0.4151158065826621,0.09431555406529901,13.134775908866793,-0.461851525194362,1,-0.006434316353887359
92.65,0.4500021263724818,0.043067291285039555,10.187950112961886,0.0,1,-0.0005396654074475427
92.6,0.4257784424030149,0.006281202438524203,9.92895072490171,0.0,1,0.009719222462203136
93.5,0.45318506355135924,0.011229274528956168,13.104323110414605,0.0,1,0.03743315508021383
97.0,0.7207896188295848,0.09294460993572728,22.515352759255663,-1.772840463536454,1,-0.0057731958762886615
96.44,0.7478594282328999,0.04000480644634741,19.369712689666457,-0.263309524738105,1,0.018249688925757068
98.2,0.8457393805818185,0.04596158626508873,23.399249161369227,-0.7171165750841908,1,-0.006109979633401319
97.6,0.7742010750411197,-0.008525573091870076,19.915296102393015,0.0,1,0.02141393442622963
99.69,0.8480818326840023,0.02178506151700421,24.584400296487587,-0.0168532065014233,1,0.08822349282776609
108.485,1.547265392115122,0.24032287364937477,35.2719781627017,-5.0117308484265095,1,0.02133935567129086
110.8,1.9608350558210788,0.2179641791184439,36.88493259828472,-3.7744409443207587,1,-0.06543321299638993
103.55,1.4000502996889708,-0.11427352567122129,12.910620677368513,0.0,1,-0.005311443746982114
103.0,0.9571537299821671,-0.1857233651260084,11.480665526402277,0.0,1,0.029126213592232997
106.0,0.9059426342969203,-0.07897815360375171,16.14450572139802,0.0,1,0.017924528301886955
107.9,0.9631752002628957,-0.007248529212592114,18.802615473764874,0.0,1,-0.05189990732159411
102.3,0.4448602165573021,-0.17518783763939527,4.730353281906915,0.0,1,-0.03323558162267837
98.9,-0.13470229334193107,-0.25158344917954284,-1.9055804250743194,0.0,1,0.023255813953488413
101.2,-0.2215916905130655,-0.11282428211689245,2.429689865973252,0.0,1,0.0029644268774702276
101.5,-0.22157041488920015,-0.03760100216434237,2.998626095277544,0.0,1,0.04423645320197034
105.99,0.1710710908301536,0.11834683451833714,10.795883256532044,0.0,1,0.01330314180583092
107.4,0.47063591945398286,0.1393038877140555,12.941020219367793,0.0,1,-0.00046554934823106464
107.35,0.5770320071447372,0.08189999180160329,12.80561661707037,0.0,1,-0.02384722869119693
104.79,0.368810717061379,-0.04210709942725166,5.957344785787875,0.0,1,-0.005630308235518688
104.2,0.1847991789312573,-0.07537287918579111,4.437326434006131,0.0,1,0.02111324376199608
106.4,0.2607268116219217,0.00018491783495777625,9.046384131861117,0.0,1,-0.09750939849624063
96.025,-0.5876199396679027,-0.2827206111516222,-11.409130916813176,0.0,1,-0.05128872689403807
91.1,-1.3732416536738299,-0.3561141083858499,-17.371163198958172,2.4849344404389058,1,0.01317233809001106
92.3,-1.5516157062039753,-0.17816272030533176,-14.666449608139231,0.11985802972425574,1,0.03575297941495115
95.6,-1.236501423618705,0.04565052075997955,-7.6005994243915325,0.0,1,0.0010460251046024993
95.7,-0.9675691636911949,0.10486092689582982,-7.389463989740435,0.0,1,-0.007210031347962387
95.01,-0.8099722700864902,0.08748594016684486,-8.55418364190649,0.0,1,0.011472476581412261
96.1,-0.5728428007769395,0.10820513649213181,-5.87350225808801,0.0,1,-0.0010405827263266776
96.0,-0.4148744993907627,0.0887244792927695,-6.078474793622291,0.0,1,-0.012500000000000067
94.8,-0.40131747374843485,0.03409383497836577,-8.6400935711547,0.0,1,-0.020042194092826926
92.9,-0.5194291714482375,-0.02800595424047897,-12.488905314752152,0.0,1,-0.01076426264800856
91.9,-0.6185325893441131,-0.042369790712118216,-14.424870321133803,0.0,1,0.03482045701849823
95.1,-0.3498732491800496,0.0754298498173151,-4.435707243524725,0.0,1,-0.014511041009463654
93.72,-0.3013874749996859,0.04130520799922627,-7.586813520578872,0.0,1,0.004161331626120424
94.11,-0.21952896499286112,0.041054572668683675,-6.36283372692683,0.0,1,0.0009563277016257921
94.2,-0.15280562957337906,0.03592596936272191,-6.057328258680435,0.0,1,-0.014861995753715607
92.8,-0.22337682606584508,-0.011548409043248026,-9.821448283459972,0.0,1,-0.0031788793103448842
92.505,-0.2646310221399233,-0.01760086837244207,-10.611397276973108,0.0,1,0.0021079941624777554
92.7,-0.24695553499864786,2.4872922944452203e-05,-9.74861209141202,0.0,1,0.003236245954692629
93.0,-0.19253816351144337,0.018147414803382972,-8.329295599171502,0.0,1,-0.0021505376344086446
92.8,-0.16595129747521753,0.014911426946536271,-9.04986040429344,0.0,1,-0.028017241379310276
90.2,-0.35549525633418,-0.05821084397080872,-17.233901166537457,0.07913902435073794,1,-0.0009423503325943772
90.115,-0.4277259644024838,-0.04348051734637082,-17.470057048558843,0.0,1,0.009265937968151894
90.95,-0.358614154736415,0.008543764106565988,-12.549409229317867,0.0,1,-0.00907091808686089
90.125,-0.3629237370086855,0.001411393944765138,-15.325575247688192,0.0,1,0.0008321775312067903
90.2,-0.3285848833941003,0.011916749186450137,-14.840068765006755,0.0,1,-0.013525498891352572
88.98,-0.3857000496372933,-0.015066139018914293,-19.00374602837257,0.0,1,0.028320971004720086
91.5,-0.17211596195578238,0.06617264955419888,-4.257351924883309,0.0,1,0.007650273224043769
92.2,0.007352412047950452,0.08188034118597724,-0.9000792430300919,0.0,1,0.00433839479392617
92.6,0.12980723137916073,0.06811172017239583,1.0240333464978093,0.0,1,0.010799136069114423
93.6,0.2635507050964918,0.06728506462990899,5.6780543491022115,0.0,1,0.024572649572649707
95.9,0.5001265498637935,0.1012869697990702,14.338339790452565,0.0,1,-0.019812304483837417
94.0,0.4184039264254551,0.006521448786910633,4.5541582098218925,0.0,1,0.024468085106382986
96.3,0.5343422875041739,0.040819936621876496,12.271325683041823,0.0,1,0.01349948078920038
97.6,0.6561162774181781,0.05419797551196026,15.907128799115583,-0.4819130548114856,1,-0.0030737704918032405
97.3,0.6373269159236656,0.011802871339149257,14.317865593642338,0.0,1,-0.014902363823227183
95.85,0.45398832551610724,-0.05717857302280305,6.943692914812225,0.0,1,0.0005216484089725082
95.9,0.3286533365193236,-0.06083785400652891,7.132003338374851,0.0,1,0.006256517205422307
96.5,0.2885980639776591,-0.03363104218273116,9.494084270438194,0.0,1,0.0035233160621761517
96.84,0.2728539223753472,-0.01645839459501436,10.852252361237817,0.0,1,-0.006608839322593929
96.2,0.18891069137625038,-0.03346720853137039,6.864442858985974,0.0,1,0.0020790020790020236
96.4,0.14786318492868133,-0.024838238326313156,7.824129206461947,0.0,1,0.013381742738589164
97.69,0.22251749962750011,0.016605358790835217,13.62408906498488,0.0,1,0.02569352031937777
100.2,0.4504681986746135,0.08151868594598288,21.96040503654406,0.0,1,0.0003992015968063978
100.24,0.530237864975291,0.05376278408222013,22.073727763658212,0.0,1,-0.004289704708699049
99.81,0.49010287604436087,0.004542598383763308,18.754680007083465,0.0,1,-0.006111612062919547
99.2,0.37836014190853007,-0.03573337858402248,14.101762457803716,0.0,1,-0.024193548387096864
96.8,0.09095876301491046,-0.1077115858258807,-0.5327889495809899,0.0,1,-0.028822314049586684
94.01,-0.29282182334981144,-0.16383072406353422,-11.798133492314982,0.0,1,0.012658227848101333
95.2,-0.3611436312530145,-0.07738417732224578,-5.778198700768058,0.0,1,-0.008560924369747869
94.385,-0.4331258992668694,-0.049788815112033535,-8.830060057816098,0.0,1,-0.019123801451501943
92.58,-0.5834398750015595,-0.06670093028224122,-14.80679832472265,0.0,1,0.008857204579822975
93.4,-0.5416435399521191,-0.008301531744266955,-10.382074483281379,0.0,1,-0.007494646680942241
92.7,-0.5339417440980441,-0.00019991196339730344,-12.791687269059736,0.0,1,0.010787486515641875
93.7,-0.4022623674961636,0.0438264882128277,-7.263382511433079,0.0,1,0.0
93.7,-0.3029008152372086,0.0477293468239276,-7.263382511433086,0.0,1,-0.006937033084311706
93.05,-0.28214497117130577,0.02282839696327682,-10.083520701261456,0.0,1,0.02729715206878036
95.59,-0.036588301540746215,0.08946168886461214,3.2974755981914683,0.0,1,-0.006172193744115484
95.0,0.04007239173625976,0.05537412738053938,0.40050712163156277,0.0,1,0.00505263157894742
95.48,0.11506337239674735,0.043455036013675674,2.7234045861366596,0.0,1,0.005969836614997837
96.05,0.19047024836059734,0.039620637325841895,5.474780802656667,0.0,1,-0.006767308693388818
95.4,0.15813449897913756,0.0024282959814607152,1.6650308708700408,0.0,1,0.00875262054507342
96.235,0.19837208270681117,0.014221959903044784,5.9800346538554905,0.0,1,0.021873538733309106
98.34,0.3773765343450748,0.06440880384710279,14.785695684479208,0.0,1,-0.01362619483424854
97.0,0.3237640489687834,0.003598772823603824,6.75543064780647,0.0,1,0.004123711340206171
97.4,0.3033108021999169,-0.005618157981754246,8.463076330811766,0.0,1,0.008316221765913623
98.21,0.33530827863215507,0.008793106150161323,11.85242065461253,0.0,1,0.013135118623358144
99.5,0.43086466029559745,0.03478316260453457,16.665640120404703,-0.18727668702068456,1,0.0170854271356784
101.2,0.5844041294360238,0.06277421058165367,21.863812027417282,-0.8010191270703473,1,0.0958498023715415
110.9,1.4208068532199007,0.29972564478851016,35.85155320061517,-6.164174764866544,1,-0.034851217312894534
107.035,1.398524310676848,0.09248103408181918,20.364429820779492,-0.4900127445152407,1,-0.025552389405334663
104.3,1.0429226801822438,-0.08770686547092832,11.623911531899921,0.0,1,0.006711409395973256
105.0,0.8365449749197609,-0.0980281902444704,12.933293081718155,0.0,1,0.010476190476190528
106.1,0.755310707711871,-0.05975415248412008,15.01735351091257,0.0,1,-0.005655042412818001
105.5,0.6017510151319385,-0.0711046150213509,12.874860596171331,0.0,1,-0.03127962085308056
102.2,0.19982525091430148,-0.15767679307966265,2.3356535096768525,0.0,1,0.008806262230919737
103.1,0.057210264562641555,-0.10009725981044088,4.639708297079771,0.0,1,0.02812803103782735
106.0,0.22280191600658839,0.021831463877835328,11.3318553091028,0.0,1,0.0
106.0,0.2870309153946806,0.02868682108864251,11.331855309102814,0.0,1,-0.018867924528301883
104.0,0.12855950547249506,-0.043261529611181015,4.487486724201517,0.0,1,0.030769230769230882
107.2,0.305277175055366,0.04448537999056329,12.022023854054794,0.0,1,0.0027518656716418732
107.495,0.39277957859218304,0.04399592784246009,12.655287285425587,0.0,1,-0.009256244476487319
106.5,0.32088248214458304,-0.009300389535046638,8.970232188610204,0.0,1,-0.009389671361502372
105.5,0.1748603937420654,-0.05177415931252144,5.335876230043709,0.0,1,0.000236966824644691
105.525,0.08936098339562193,-0.04575785655298831,5.412208483605639,0.0,1,0.0014688462449656825
105.68,0.05208119627278052,-0.027679214558609916,5.931045783529719,0.0,1,0.01249053747161244
107.0,0.1391012030219514,0.01978026406352032,10.302066385971209,0.0,1,0.0018691588785046953
107.2,0.18768610614471015,0.022788389062093017,10.95405439555227,0.0,1,-0.007462686567164201
106.4,0.12967138219403296,-0.011742111629528068,6.807433263733664,0.0,1,0.011278195488721776
107.6,0.1898580717025311,0.01614819262632336,11.205944363266653,0.0,1,0.013011152416356975
109.0,0.3207965771482293,0.049028899357340505,15.729881538295658,0.0,1,0.00532110091743121
109.58,0.4078661151087317,0.04536614577261433,17.475767550853433,0.0,1,0.013871144369410393
111.1,0.5440787078299252,0.060526246164602615,21.677302485846738,-0.5407930195476496,1,0.026102610261026227
114.0,0.8085117785380191,0.10831977229089884,27.76606631748308,-1.8429287581819693,1,-0.03157894736842104
110.4,0.5733523323472269,-0.042279891299964456,9.980535000906897,0.0,1,-0.012681159420289911
109.0,0.29132658155623403,-0.10810188069698579,4.586147028099333,0.0,1,0.004587155963302836
109.5,0.1677031576977157,-0.07724176818516804,6.151060734608393,0.0,1,0.007305936073059405
110.3,0.1585828492936514,-0.028787358863077456,8.682203657837626,0.0,1,0.010879419764279197
111.5,0.24080745765047595,0.017812416497915706,12.308396834385313,0.0,1,-0.0018834080717488044
111.29,0.24435247369135027,0.007119144179596665,11.262937506261736,0.0,1,-0.014286997933327328
109.7,0.09326227557085076,-0.0479903513136343,3.685033288256257,0.0,1,-0.0473108477666363
104.51,-0.4225546797869839,-0.18793576889048969,-12.94057900132011,0.0,1,0.0029183810161705903
104.815,-0.6198336008169889,-0.1284048966401649,-11.693050042440888,0.0,1,-0.0037685445785431426
104.42,-0.699736927930573,-0.06943607458458301,-12.755329505012305,0.0,1,-0.010725914575751783
103.3,-0.774710514159807,-0.04813655360460567,-15.7477887370219,0.0,1,-0.007744433688286478
102.5,-0.8143047644277743,-0.02924360129085768,-17.80101025343778,0.0,1,-0.004829268292682931
102.005,-0.8074931591927736,-0.007477332018618998,-19.07546120681391,0.0,1,0.0049017205038968115
102.505,-0.6951295933092183,0.03496207795497874,-16.137468299119625,0.0,1,0.014779766840641972
104.02,-0.4547703442583355,0.09177377566862055,-7.853195012940731,0.0,1,-0.010767160161507361
102.9,-0.39002652437802965,0.052172531849642156,-11.785095435500956,0.0,1,-0.016520894071914483
101.2,-0.4668190707397173,-0.008206671504015162,-16.980266018974113,0.0,1,-0.007015810276679968
100.49,-0.525480421358921,-0.02228934070773969,-18.9397380328941,0.0,1,-0.0048761070753308156
100.0,-0.5518543948886077,-0.016221104745808734,-20.291622715888955,0.0,1,0.0
100.0,-0.519053515412736,0.005526591576687667,-20.291622715888952,0.0,1,-0.0013999999999999568
99.86,-0.4710652827237283,0.01783827475523181,-20.740826620216218,0.0,1,0.0006008411776488032
99.92,-0.40281572615225514,0.028695943775568333,-20.235118859249013,0.0,1,0.0018014411529223562
100.1,-0.3201229706871658,0.037129566413552584,-18.60043011479936,0.0,1,-0.0009990009990009652
100.0,-0.260433012064027,0.032273175012230426,-19.045157966059456,0.0,1,-0.0009500000000000064
99.905,-0.21680194841378864,0.025301412887489605,-19.501127172593847,0.0,1,0.0009509033581902582
100.0,-0.16900292088752167,0.02436681347125219,-18.381932124320787,0.0,1,-0.0006000000000000449
99.94,-0.1360198303837592,0.01911663465833821,-18.735240682413295,0.0,1,-5.003001801073825e-05
99.935,-0.10860996593322625,0.015508833036290387,-18.767555451135863,0.0,1,-0.0028018211837694817
99.655,-0.10918753654686952,0.0049770874742156995,-20.654801526928452,0.0,1,-0.006371983342531751
99.02,-0.1532940271414418,-0.013043134373452198,-24.532562124089015,0.0,1,0.0018178145829126358
99.2,-0.14757277017693582,-0.0024406258029820715,-21.554477545896262,0.0,1,0.0010080645161290036
99.3,-0.12408107751328146,0.007017022286890773,-19.832089512365155,0.0,1,-0.054380664652567856
93.9,-0.551995141388673,-0.1402990138628336,-37.65765165287279,2.3038748878101245,1,0.020234291799786863
95.8,-0.5616192448773205,-0.04997437245049374,-21.208387133081857,0.0,1,-0.01925887265135695
93.955,-0.6733796928818663,-0.0539116068183465,-26.056238451148,0.8833798790399214,1,0.03240913203129159
97.0,-0.4193949424773109,0.06669104786206964,-8.112867984874107,0.0,1,0.004123711340206171
97.4,-0.22411965540193535,0.0873221116458151,-6.1783690581887285,0.0,1,-0.04825462012320336
92.7,-0.49947204058075556,-0.06267675784433502,-19.453802217799414,0.8632141411996201,1,0.008629989212513456
93.5,-0.5288588964551053,-0.03068787123956157,-15.690145481928326,0.0,1,0.002406417112299497
93.725,-0.48073074968768026,0.005813425175954512,-14.596261193957986,0.0,1,0.029661242998132886
96.505,-0.18493911382999784,0.10053502034454564,-2.576798211795193,0.0,1,-0.015595046888762232
95.0,-0.14704836974865998,0.0461419214752945,-7.350357016794064,0.0,1,0.015789473684210575
96.5,0.009151033104402018,0.06744710810945218,-1.598587585802683,0.0,1,0.00735751295336784
97.21,0.14565481510557277,0.06798363003687431,0.9866717607783428,0.0,1,-0.008229606007612356
96.41,0.1351021381806845,0.01914365103732868,-2.022800377849414,0.0,1,-0.007364381288248012
95.7,0.05940062153651127,-0.01885262186894819,-4.661710775640671,0.0,1,0.01567398119122254
97.2,0.14159981141972366,0.021115522671421402,1.5889337110551836,0.0,1,0.00977366255144041
98.15,0.2500660887430115,0.043193933331569734,5.194417469406943,0.0,1,-0.0066225165562914245
97.5,0.22929372000940873,0.007473854865988977,2.236795496697539,0.0,1,0.006153846153846176
98.1,0.24979972564182162,0.009326620166133948,4.725082992454709,0.0,1,0.01931702344546382
99.995,0.3971527513212152,0.05222654861517584,11.722886381498007,0.0,1,5.000250012487939e-05
100.0,0.43814986821747937,0.031074555170480023,11.74022301579771,0.0,1,-0.0050000000000000044
99.5,0.38046927098082506,-0.008868680688724762,8.782022410915026,0.0,1,-0.0070854271356783904
98.795,0.2611731997807567,-0.04272158396293102,4.67765780740114,0.0,1,-0.013158560655903595
97.495,0.07142739753233229,-0.0774891287371185,-2.1654699349122595,0.0,1,-0.01225703882250384
96.3,-0.12898112005291296,-0.09263254877412125,-7.587043278737049,0.0,1,-0.012824506749740339
95.065,-0.3213536188411297,-0.09500168252077934,-12.471353800087932,0.0,1,-0.012096986272550292
93.915,-0.48659373333180156,-0.08674726567048374,-16.46682303832651,0.0,1,0.0019698663685245865
94.1,-0.5132476461328253,-0.03780039282383579,-15.225587304000769,0.0,1,-0.01540913921360243
92.65,-0.6046372986889423,-0.043063348459984274,-20.089895119078914,0.11766056405809877,1,0.018510523475445018
94.365,-0.45702901674292207,0.03484831116201198,-9.206079789451664,0.0,1,0.005245588936576118
94.86,-0.3038891243746633,0.06266273451009025,-6.397515980263755,0.0,1,0.000948766603415585
94.95,-0.19449508449264385,0.057352258130703215,-5.862174827338549,0.0,1,-0.0015271195365981205
94.805,-0.13567347417725273,0.03872462281536479,-6.599649106567085,0.0,1,0.034755550867570095
98.1,0.17962678716187952,0.11800829471816568,10.193573559624483,0.0,1,0.009174311926605672
99.0,0.39730801890129896,0.11189650881919505,13.481887064913735,0.0,1,0.013232323232323262
100.31,0.5822062998625626,0.09893159659348622,17.785714109529607,0.0,1,-0.023477220616090144
97.955,0.4298882486879876,-0.01779548486036292,4.869034013946319,0.0,1,-0.0020927977132356723
97.75,0.30082186904336083,-0.04895395483499654,3.8760799516405413,0.0,1,0.0017391304347826875
97.92,0.22538685680076753,-0.04146298902586326,4.632562036506293,0.0,1,0.0036254084967319855
98.275,0.19847044594607155,-0.022793133293519757,6.295719370315645,0.0,1,-0.009921139659119893
97.3,0.08722303668987763,-0.04468018084990458,0.6314582007020704,0.0,1,0.005035971223021685
97.79,0.06516407900430465,-0.022246379511825856,3.2576554602971157,0.0,1,0.00010225994477952582
97.8,0.04953759357782417,-0.01262428831276878,3.3139706295401865,0.0,1,0.012269938650306678
99.0,0.13759621806643452,0.025144778725280523,9.775614982912948,0.0,1,0.02626262626262621
101.6,0.3868258454718614,0.09145813537690245,19.828706464688082,0.0,1,-0.1401082677165354
87.365,-0.7070448279480814,-0.33413751268101344,-22.29436166140354,2.7733558116593144,1,0.024437703885995532
89.5,-1.0171430956623766,-0.21474526013176953,-15.690658916647386,0.0,1,-0.0270391061452514
87.08,-1.2890969715476501,-0.1622330453390144,-19.230461546549222,0.7575802859446696,1,-0.014699127239320209
85.8,-1.4243158285279804,-0.09915063410644831,-20.989494825212198,0.604687041307514,1,-0.02680652680652673
83.5,-1.5648989379741494,-0.07991124785087234,-23.961468256329947,0.8902389811073732,1,0.0
83.5,-1.5047822478660606,-0.006598185914261201,-23.961468256329955,0.0,1,0.007305389221556879
84.11,-1.2984920488231637,0.0665640043762119,-21.561069282015126,0.0,1,0.015218166686481904
85.39,-0.9804726118997849,0.12819448043319692,-16.527061584162297,0.0,1,0.02822344536831012
87.8,-0.5389235091131184,0.18991452773995454,-7.992633066361918,0.0,1,0.007972665148063829
88.5,-0.21490533196035244,0.17131090163090684,-5.687111020533649,0.0,1,0.016949152542372836
90.0,0.0900125342793956,0.15874292262355166,-0.8718007852625291,0.0,1,0.0012222222222222356
90.11,0.24413708954264735,0.10428915929560115,-0.5158774988110935,0.0,1,-0.0020530462767728297
89.925,0.28543794304572145,0.048530004266225085,-1.1544944386740283,0.0,1,-0.014456491520711712
88.625,0.1739685412101153,-0.020979799189793702,-5.625798710588761,0.0,1,-0.008180535966149427
87.9,0.043319795191465005,-0.05054284840281467,-8.007739774012705,0.0,1,-0.006825938566553003
87.3,-0.07561456075048056,-0.05649240144825342,-9.98296274833563,0.0,1,-0.0068728522336769515
86.7,-0.1787805253255783,-0.05321945534111708,-11.970542213802439,0.0,1,-0.02076124567474047
84.9,-0.36546513050265617,-0.07996802017273164,-17.372403179511934,0.0,1,0.001413427561837377
85.02,-0.41835200554930907,-0.04428496507312818,-16.670906115454713,0.0,1,0.010938602681721976
85.95,-0.3324327759435164,0.013878088177554815,-11.185004575406033,0.0,1,-0.00046538685282149217
85.91,-0.26510376314534767,0.027069033658574493,-11.337038777191133,0.0,1,0.012687696426492812
87.0,-0.1185139431508162,0.05788628455103534,-4.834008832198414,0.0,1,-0.001551724137931143
86.865,-0.046592871224319765,0.04326911882584393,-5.483508065298743,0.0,1,0.00040292407759179305
86.9,-0.0038329293256964547,0.028676353574822414,-5.254617736780297,0.0,1,-0.0010356731875719172
86.81,0.01036645240074563,0.014291911767088168,-5.775878102124416,0.0,1,0.0012671351226816174
86.92,0.025768938897243743,0.00989813275452876,-4.907230379508611,0.0,1,0.00040266912103081864
86.955,0.03423943723738887,0.006122877031557963,-4.606570815462163,0.0,1,-0.0012075211316198153
86.85,0.026871399971014398,-0.0004150534116055017,-5.420265922667383,0.0,1,0.0339666090961428
89.8,0.2667814313402488,0.07983165931920963,14.464525466316204,0.0,1,0.0011135857461026522
89.9,0.37283799441317456,0.06196274079737846,14.938352922295621,0.0,1,-0.005339265850945574
89.42,0.35479644308186664,0.0146403964886902,10.62691348583138,0.0,1,-0.01023261015432797
88.505,0.23995929715940179,-0.03339891647792487,3.1524253900847583,0.0,1,0.011242302694763007
89.5,0.24546078276820538,-0.009299143623040407,9.226175527506129,0.0,1,-0.00882681564245813
88.71,0.1619231270085919,-0.03094559979421796,3.1474348102402487,0.0,1,-0.019276293540750666
87.0,-0.035839294788587495,-0.07623600719713247,-7.374506202695741,0.0,1,0.0
87.0,-0.1317338977881377,-0.0573768700655609,-7.374506202695741,0.0,1,0.016091954022988464
88.4,-0.05203670780555569,0.007440106639007037,2.192140959425174,0.0,1,-0.019796380090497778
86.65,-0.15368505383047193,-0.031402746461969736,-7.621935130175217,0.0,1,-0.015233698788228556
85.33,-0.30170213902371756,-0.05980661055173847,-13.391230948498524,0.0,1,-0.00796906129145658
84.65,-0.4072355033683692,-0.055113324965463395,-16.037725059381827,0.0,1,-0.030124040165387056
82.1,-0.6385658935933236,-0.09548123839680589,-23.899538730343796,1.4171316229681992,1,-0.0073081607795371095
81.5,-0.7510172642396924,-0.06931086968105826,-25.388982470062263,0.939290286649836,1,-0.014601226993865013
80.31,-0.8438248442095642,-0.054039483216976714,-28.138233372423528,0.9074485145110884,1,0.03368198231851571
83.015,-0.5944932305103663,0.06509737682740702,-10.943668248883114,0.0,1,0.01547913027766068
84.3,-0.31320298778490496,0.11546253985095611,-4.601659988902298,0.0,1,0.005931198102016699
84.8,-0.10479095077343459,0.1079581922874755,-2.2508582270660966,0.0,1,0.024764150943396235
86.9,0.18314764696341967,0.1319655966747766,6.4908706879478615,0.0,1,-0.023014959723820505
84.9,0.14518797525157368,0.031335308320976876,-2.006000603426763,0.0,1,-0.02355712603062421
82.9,-0.05255752520865542,-0.055470064046417404,-8.878398305159017,0.0,1,-0.00965018094089276
82.1,-0.21371714833804845,-0.07220989572527015,-11.33884333792976,0.0,1,-0.01924482338611444
80.52,-0.4081538642079039,-0.08888220386504186,-15.82593440909227,0.0,1,0.0022354694485842153
80.7,-0.4563594001255069,-0.045695913260881627,-14.872861760359356,0.0,1,0.005080545229244171
81.11,-0.4082655514071831,0.0007993118191473858,-12.579717309852931,0.0,1,0.0001849340401922639
81.125,-0.34894649776408926,0.0200394551540804,-12.489924151675993,0.0,1,-0.0002465331278890259
81.105,-0.29187476279554403,0.025703730040875228,-12.569490900177811,0.0,1,0.0024042907342334274
81.3,-0.22276599841164568,0.03160416480825784,-11.163956922941445,0.0,1,0.02103321033210337
83.01,-0.02714778301871945,0.0757407934003947,-0.18063175099883466,0.0,1,-0.06637754487411163
77.5,-0.3862430267373753,-0.09445148343942039,-19.676171911353514,0.5478080132439658,1,-0.04258064516129023
74.2,-0.8086037297019146,-0.17227072880132,-25.941289590419878,2.154619424700172,1,0.0020215633423179558
74.35,-0.939900437042354,-0.10118914538058643,-25.157048250203022,0.7065591131168958,1,0.0007397444519166019
74.405,-0.9226404209590413,-0.027976376432424566,-24.842166828435698,0.0,1,-0.01753914387473965
73.1,-0.9458737111707904,-0.01706988888139127,-27.344557873858975,0.0,1,0.014363885088919393
74.15,-0.7911675470124351,0.0458787584256547,-21.02843636254017,0.0,1,0.003371544167228624
74.4,-0.6270505026822235,0.06999860091862209,-19.526406054664175,0.0,1,-0.023051075268817223
72.685,-0.6356544386269292,0.020464888324638775,-23.756498240806046,0.0,1,-0.053449817706542
68.8,-0.9107352033803835,-0.08487195880960519,-30.551582124071754,0.0,1,0.010174418604651292
69.5,-0.9140476521420737,-0.02939480252376514,-26.58183090287721,0.0,1,0.008633093525179714
70.1,-0.7895332388444132,0.03170653692463177,-23.14857793193165,0.0,1,0.005777460770328036
70.505,-0.627731595625221,0.064502726714608,-20.769082433602577,0.0,1,-0.01602723211119772
69.375,-0.5886864743801965,0.03451594931987745,-23.446867265885697,0.0,1,-0.006846846846846777
68.9,-0.5596900408926473,0.021170794269142257,-24.536364891323466,0.0,1,0.006168359941944868
69.325,-0.4631343207411618,0.039242171473542586,-21.61511941406986,0.0,1,-0.004688063469167059
69.0,-0.4033452672703248,0.03301040831479318,-22.529889944616105,0.0,1,0.008695652173912993
69.6,-0.2898386349290405,0.048839013552025856,-18.03243822613063,0.0,1,0.0
69.6,-0.2089320991809842,0.043248516433360695,-18.032438226130626,0.0,1,0.006106321839080664
70.025,-0.11565115637520762,0.045509819746379104,-14.53310948429096,0.0,1,0.005212424134237725
70.39,-0.02895642194104653,0.04406818472684673,-11.513832750747234,0.0,1,-0.0034095752237532917
70.15,-0.0031960195622104948,0.023276195701894258,-12.78588200216442,0.0,1,0.006343549536707016
70.595,0.047033849924048354,0.024502021729384368,-8.783133906113711,0.0,1,0.04100857001204039
73.49,0.3094792971735103,0.09564915632628213,9.760501132163299,0.0,1,-0.030412300993332475
71.255,0.22866207936711191,0.004943979506627921,-2.9667260417126897,0.0,1,0.013262227212125666
72.2,0.24794829718332778,0.00807673244094792,1.8507631110704068,0.0,1,0.0041551246537396835
72.5,0.26192904799282246,0.0073524944168141815,3.347480004582195,0.0,1,0.012689655172413827
73.42,0.3237586693981598,0.02306070527405052,7.815612686954275,0.0,1,0.02152002179242718
75.0,0.4593602576509994,0.05288743117563005,14.333897806316614,-0.8198544903097797,1,0.004533333333333278
75.34,0.5172143636398232,0.036913845721484595,15.604649416154032,-0.3812428874380771,1,0.0006636580833554451
75.39,0.5072068863309198,0.008968789470860383,15.803731562532462,0.0,1,0.013595967634964845
76.415,0.5453525738155633,0.01570482565183462,19.786985423302397,0.0,1,-0.004122227311391891
76.1,0.4927293697399051,-0.012306126141274576,17.117431041291127,0.0,1,0.03028909329829177
78.405,0.6174403202237642,0.037468274780861455,24.918247754675164,-0.2333297642390164,1,-0.006568458644219177
77.89,0.5854257687803681,0.0018179077791551368,20.75144050781995,0.0,1,0.0014122480421105976
78.0,0.5297996789936406,-0.017936060669190845,21.132478468960144,0.0,1,6.410256410260828e-05
78.005,0.4582533275174683,-0.02982747071512104,21.151459614417547,0.0,1,0.019101339657714433
79.495,0.508459041152932,0.006792747640114172,26.30926750703057,0.0,1,-0.003710925215422378
79.2,0.4666069778745907,-0.011686438546075706,23.421528255966322,0.0,1,0.0037878787878786735
79.5,0.4317970314125432,-0.015498795002707733,24.51141927501304,0.0,1,0.0062893081761006275
80.0,0.4200756388971314,-0.009073395839373166,26.310363526502684,0.0,1,0.00012500000000015277
80.01,0.380041972731334,-0.01636902066839019,26.347460400593178,0.0,1,0.0011248593925758943
80.1,0.33585497525416486,-0.02018533938185313,26.71213754633422,0.0,1,0.003620474406991425
80.39,0.30994022857771597,-0.015366695352767357,27.930392955219105,0.0,1,0.012563751710411797
81.4,0.35532116952468584,0.01000474853140082,31.645932670966218,0.0,1,0.07524570024570032
87.525,0.8588182092044576,0.17116726273705762,41.400865245187816,-2.736063399137052,1,0.05684090259925734
92.5,1.453581878277305,0.25531031060330167,44.18845143984986,-4.616907441346271,1,-0.031243243243243235
89.61,1.3889985562906162,0.0635756628722044,27.890895032891834,-0.1986327908064851,1,0.01166164490570254
90.655,1.328040348939723,0.0008724851737704764,29.327983850409566,0.0,1,0.010424135458606765
91.6,1.2656412161859691,-0.020508882526661054,30.595320327030336,0.0,1,0.01473799126637565
92.95,1.2414715484602539,-0.014892850084125442,32.316177032546136,0.0,1,-0.008983324367939804
92.115,1.0563474188923863,-0.06667232655066435,27.587494523373465,0.0,1,-0.02730282798675565
89.6,0.6661730692007524,-0.15228222541409941,15.076588891133596,0.0,1,0.0044642857142858094
90.0,0.44890480525486964,-0.12318349645332738,16.044177545149566,0.0,1,0.026833333333333487
92.415,0.5041119395106932,-0.022658787399167934,21.366107303905707,0.0,1,-0.015473678515392608
90.985,0.37053951167938237,-0.05207707174349291,14.694943353515143,0.0,1,0.0025828433258230366
91.22,0.29245833845710933,-0.043386081655255315,15.287439554100686,0.0,1,0.010524007893006004
92.18,0.3090462236412179,-0.008932732157048928,17.744486626772016,0.0,1,0.02571056628335855
94.55,0.4890863142631616,0.05703578615496491,22.98896862242829,0.0,1,0.00243257535695407
94.78,0.557515833385537,0.041821768425780115,23.454371046086322,0.0,1,0.023369909263557753
96.995,0.729854273497935,0.07138673617939273,27.58671427003921,0.0,1,0.016392597556575073
98.585,0.8877023040959671,0.07641158892580824,30.062205367734393,0.0,1,-0.003195212253385371
98.27,0.8664011273869932,0.018370137405611442,28.161906518489772,0.0,1,-0.005240663478172425
97.755,0.740633778416921,-0.0357990705214869,24.931102282067314,0.0,1,0.015395631936985454
99.26,0.7414472890637995,-0.011661853291536128,27.897586008760015,0.0,1,0.008110014104372176
100.065,0.7471501036319239,-0.001986346241137249,29.349853887556293,0.0,1,-0.02003697596562226
98.06,0.5206556689466737,-0.07616026030879586,17.14109707802288,0.0,1,-0.019987762594330105
96.1,0.20068714585848113,-0.13204292779899618,7.527232920111395,0.0,1,-0.004214360041623344
95.695,-0.009771044507147053,-0.11416703938820813,5.696218762949869,0.0,1,-0.00877788808192681
94.855,-0.18418588598103725,-0.0961939602873661,1.8900825028333799,0.0,1,-0.04691371040008441
90.405,-0.6268778162195616,-0.1796286301752969,-12.995146609419308,0.0,1,0.017753442840550804
92.01,-0.6622339633205314,-0.07166159242542225,-6.499957503960644,0.0,1,-0.020541245516791706
90.12,-0.7822258732609697,-0.06388450078862018,-11.670772853614459,0.0,1,-0.006158455392809681
89.565,-0.8232863387927694,-0.03498165544013998,-13.101848614957959,0.0,1,0.009601965053313233
90.425,-0.7035427099926039,0.02825399112000848,-9.290483833420915,0.0,1,-0.004755322090129854
89.995,-0.6208756697598119,0.036973677117600134,-10.612168938310113,0.0,1,0.004166898161009014
90.37,-0.49655251049676963,0.0537656121268808,-8.763496417276926,0.0,1,0.012946774372026182
91.54,-0.2955115549905116,0.08493552254437964,-3.144361742955219,0.0,1,-0.011197290801835291
90.515,-0.2557817809881726,0.041555098848906236,-7.134308840873224,0.0,1,0.013091752748163321
91.7,-0.1158517455713195,0.060495044755253136,-1.5008906173246217,0.0,1,-0.002399127589967298
91.48,-0.05456574906528999,0.04059368042042755,-2.4676668600408505,0.0,1,0.007269348491473426
92.145,0.03604106160983633,0.043733497031851296,0.8246108850559892,0.0,1,-0.01617016658527315
90.655,-0.04582562152009473,-0.01271106203269326,-6.042305154963941,0.0,1,0.000661849870387865
90.715,-0.077940161291707,-0.014941867268101844,-5.705554345748041,0.0,1,-0.002259824725789561
90.51,-0.10458575106987666,-0.013862485682090503,-6.69343948264703,0.0,1,-0.0020439730416529356
90.325,-0.12460973336980885,-0.011295489327340896,-7.6407253395159245,0.0,1,-0.0028784943260449225
90.065,-0.14590424673895086,-0.01086333423216096,-9.03982382556233,0.0,1,-0.0006661855326708377
90.005,-0.14939281619527378,-0.004783967896161284,-9.38380478423747,0.0,1,-0.0009999444475305985
89.915,-0.14618769957382938,-0.0005262837582389601,-9.94444479953112,0.0,1,-0.011900127898570978
88.845,-0.22156949963196837,-0.025302694605459308,-16.12181643835686,0.04662338315019099,1,-0.0184028364004728
87.21,-0.3770462746917076,-0.060259823221732844,-23.15171416450128,0.946453652393771,1,0.005274624469671085
87.67,-0.3850308059972605,-0.02274811817576189,-18.69560898546031,0.09088453578368672,1,-0.001710961560396962
87.52,-0.36943717115026686,-0.002384827776256093,-19.37160796588656,0.0,1,-0.009426416819012795
86.695,-0.3996039227975814,-0.010850526474523559,-22.942295961493965,0.12742144719649673,1,-0.011996078205202099
85.655,-0.4680536383881133,-0.026433414021685142,-26.740399792876683,0.40344425576134313,1,0.023115988558753076
87.635,-0.2982740263176993,0.04778206601624296,-9.17046296741026,0.0,1,0.01238089804301934
88.72,-0.09811138475600956,0.08264823585931091,-1.9311680127776754,0.0,1,5.635707844908744e-05
88.725,0.010562551421159583,0.06377405734549335,-1.8986559015926332,0.0,1,0.0070442378134685235
89.35,0.11610264022463923,0.056438048716324345,2.253081993773634,0.0,1,0.004980414101846797
89.795,0.19628079794100017,0.045538735477561765,5.094965899029603,0.0,1,-0.009298958739350827
88.96,0.15042981030408953,-0.00010408405311629343,-0.9871526000038742,0.0,1,-0.00022482014388480742
88.94,0.11330183229362945,-0.012410687354525468,-1.1307279354038897,0.0,1,-0.007139644704294956
88.305,0.032379357263934594,-0.03111105412807344,-5.707901520585992,0.0,1,-0.0018119019308081574
88.145,-0.024113493356239246,-0.029201301582749098,-6.839650759425652,0.0,1,-0.003800555902206515
87.81,-0.07826712755330334,-0.027784978593271066,-9.261311561437466,0.0,1,-0.004953877690468067
87.375,-0.13507168402239245,-0.028196511687453393,-12.312230946534996,0.0,1,-0.00669527896995703
86.79,-0.2009679885884026,-0.03136427208448786,-16.105212295419435,0.0,1,0.01757114874985577
88.315,-0.09008547515570342,0.02650608044940378,-1.184482594210273,0.0,1,0.021796976731019546
90.24,0.13327957115694744,0.08329037558735156,11.122919361312519,0.0,1,-0.0007203014184397061
90.175,0.2284387967168584,0.05948320038242086,10.576442291300225,0.0,1,-0.0015525367341281404
90.035,0.24531517643707446,0.025453193367545646,9.307477771885594,0.0,1,-0.00027766979507959366
90.01,0.23122710159410076,0.0037883728415239737,9.06199372018257,0.0,1,-0.0016109321186535963
89.865,0.19283080570643563,-0.011535974348713729,7.527466624989728,0.0,1,0.0007789461970735267
89.935,0.16339675728707448,-0.013656674256024959,8.11124955487621,0.0,1,0.018846945015844607
91.63,0.2763133366367896,0.03308663503123005,19.41990950173104,-0.21156130044094823,1,-0.0014733165993668917
91.495,0.29849551492524995,0.01842293777323012,17.800093849986467,0.0,1,-0.00021859117984601717
91.475,0.2830453111590572,0.0009909113356791344,17.54067551617817,0.0,1,0.004536758677234243
91.89,0.2863164333460304,0.0014206778408841214,20.171976002665176,0.0,1,0.004625095222548614
92.315,0.2995089583273369,0.004871067607396862,22.691014790428127,0.0,1,-0.0002708118940583093
92.29,0.279062807624058,-0.005191694365294042,22.291981555276024,0.0,1,-0.0056885903131433935
91.765,0.20183449830373945,-0.02747333456187087,14.083692352235616,0.0,1,0.0027243502424671995
92.015,0.1672341354515936,-0.020691232471338916,16.11911880096467,0.0,1,0.013150029886431547
93.225,0.2368311094045623,0.01630191382720994,24.032983719385342,0.0,1,-0.07304907481898615
86.415,-0.3156063294026694,-0.17871184166000725,-19.913528987788652,0.0,1,0.053636521437250284
91.05,-0.1792745213560636,-0.014126677871133808,1.7475006271195,0.0,1,-0.002141680395387091
90.855,-0.11241907388642858,0.017576256532833734,1.0087381726174272,0.0,1,-0.0053381762148477785
90.37,-0.11003976066108123,0.0066518565860603646,-0.9273261294019477,0.0,1,-0.0036516543100586496
90.04,-0.12718012399331258,-0.003496168915390327,-2.296182935751844,0.0,1,0.0030541981341625224
90.315,-0.10223529532665054,0.007149553250423907,-0.9794736776106916,0.0,1,-0.0024912805181862563
90.09,-0.09999327304943506,0.003130525175879792,-2.076397998359873,0.0,1,0.002775002775002866
90.34,-0.06970615582336848,0.011139214133982125,-0.6764250400561096,0.0,1,0.0013836617223821346
90.465,-0.03833708422504856,0.014169428577434015,0.06929176580360519,0.0,1,-0.03603603603603611
87.205,-0.2911244580737957,-0.07953931509043774,-14.898523711001658,0.2973604662738438,1,-0.010205836821283176
86.315,-0.46742444015869467,-0.0852797657251122,-17.816921292415998,0.4574079926623398,1,0.011064125586514484
87.27,-0.43703906118793157,-0.018298128918116385,-11.70074060720082,0.0,1,0.013578549329666512
88.455,-0.286676449936877,0.04402149411097939,-4.8772437387536485,0.0,1,-0.009383302244078906
87.625,-0.2567721068166122,0.02464194574374806,-8.45304256296108,0.0,1,-0.0021112696148359866
87.44,-0.2358389263551004,0.015191708735086629,-9.252742329782599,0.0,1,0.0012580054894784087
87.55,-0.19655242559474573,0.01815940316514711,-8.508718614774914,0.0,1,-0.03129640205596795
84.81,-0.38886313974833797,-0.05805043699614837,-19.209407503411114,0.0,1,-0.014149274849663995
83.61,-0.5526132351794502,-0.07393351080908683,-22.642738579035388,0.20401517180036421,1,0.005860542997249141
84.1,-0.5476038466300395,-0.02297470741989205,-19.144667303752495,0.0,1,0.012960760998810938
85.19,-0.4086321651361686,0.0386656580246596,-11.790309961021848,0.0,1,0.006514849160699665
85.745,-0.25884364396121384,0.06281805973320481,-8.283169393991216,0.0,1,-0.009388302524928616
84.94,-0.22946241304363468,0.030733096883594657,-11.779330794968686,0.0,1,-0.012126206734165312
83.91,-0.28148326316454586,-0.007095917745772173,-15.848357986973276,0.0,1,-0.006375878917888156
83.375,-0.32862008296129375,-0.01807757918084002,-17.825243942338304,0.0,1,-0.003358320839580209
83.095,-0.34813681927956,-0.012531438499702063,-18.873020660002055,0.0,1,0.00048137673746917464
83.135,-0.3255504524987316,0.0033516427603754173,-18.51884154917709,0.0,1,-0.01605821856017331
81.8,-0.3983780647334214,-0.023158656491438112,-23.560815843916345,0.0,1,0.012041564792176107
82.785,-0.31951036545630984,0.01856968092855782,-15.023302410610938,0.0,1,-0.012623059733043451
81.74,-0.34053398536306645,-0.0008179796593996147,-19.232630525989926,0.0,1,-0.0012233912405186231
81.64,-0.3310012965361864,0.002904903055826802,-19.62135649567593,0.0,1,0.020333170014698698
83.3,-0.16031817741139776,0.05786267406020515,-6.463465180943828,0.0,1,0.037454981992797176
86.42,0.19838323026860394,0.13885469391340227,9.515181852720133,0.0,1,0.03130062485535756
89.125,0.5866186649195555,0.17569670952145128,18.187582219825927,-0.23239228158136882,1,0.0024123422159887387
89.34,0.7497681601684008,0.11294873492343216,18.778236342000426,-0.04964829678064575,1,0.014159391090217133
90.605,0.8742788944454531,0.07915315640016152,22.15772391501254,-0.5762212584760107,1,0.02566083549472986
92.93,1.057427687046868,0.0874339830005254,27.198018625584226,-1.5875168863639573,1,0.032443774884321375
95.945,1.3121331094269948,0.11404646846021738,31.915236010620674,-2.3867092003331862,1,0.011673354526030577
97.065,1.4234747281648197,0.07512936239934742,33.33798722122573,-1.4025944531157535,1,-0.0058723535774994895
96.495,1.31302264352,-0.01177424074849065,29.78845989357555,0.0,1,-0.01570029535209083
94.98,1.0221280475709165,-0.10088961223252468,20.873732089763237,0.0,1,0.004632554221941421
95.42,0.8281700789654707,-0.09828252694599016,21.887334341870044,0.0,1,0.0040347935443303395
95.805,0.6942602547489543,-0.07739745038750223,22.807359394069422,0.0,1,0.0032357392620425696
96.115,0.5952836547449465,-0.058791350130503295,23.580884396493616,0.0,1,0.039327888466940575
99.895,0.8111883835141924,0.052371126212914176,30.93031982956424,0.0,1,0.061614695430201705
106.05,1.3644583826059744,0.20188037510156542,37.31481200907723,-0.8083728952312157,1,-0.019330504479019295
104.0,1.3565551836013583,0.06465905869898303,27.689228758868992,0.0,1,-0.0024519230769229905
103.745,1.218307318798935,-0.02452960203448007,26.52328779168296,0.0,1,0.01975998843317739
105.795,1.2184911098311488,-0.008115270334088764,29.29845796976241,0.0,1,-0.01885722387636468
103.8,0.9507920795279858,-0.09193810021241733,20.31127017244492,0.0,1,-0.018063583815028927
101.925,0.5814598910824031,-0.15375676288600004,12.870439315869739,0.0,1,0.02227127790041683
104.195,0.5375054726027457,-0.06590372712188586,17.49740800573683,0.0,1,-0.008253754978645778
103.335,0.39906947397936676,-0.06811324191508827,14.133149178939718,0.0,1,0.026225383461557117
106.045,0.52242901850272,0.018415434202755043,19.46239348537948,0.0,1,0.031166014427837174
109.35,0.8159897058891659,0.10399204052973365,24.580399262776723,0.0,1,0.0025605852766346082
109.63,0.9181042407582964,0.06870219179962145,24.97520223321932,0.0,1,-0.004378363586609368
109.15,0.8526528214629963,0.0010835908347737178,22.820891357661523,0.0,1,0.09354099862574428
119.36,1.5997060433601007,0.2493789375772928,33.81327250619404,-3.864437026631819,1,-0.019688337801608502
117.01,1.6440904840286379,0.09792112608194325,25.956877960292076,0.0,1,-0.03469788906931037
112.95,1.190941830693859,-0.11840917575094512,14.373544207600602,0.0,1,0.005002213368747288
113.515,0.9122056848019895,-0.1323817738809383,15.194268216499523,0.0,1,0.008897502532704937
114.525,0.7809871381225548,-0.08786677352012429,16.717181019680353,0.0,1,-0.025889543767736334
111.56,0.4032122699392886,-0.15521388056779684,8.384535404549773,0.0,1,0.0012997490139834422
111.705,0.19280714668605015,-0.12187300127367845,8.665055114954448,0.0,1,0.05921847723915663
118.32,0.6227873228355918,0.10270239162528771,19.191803581908957,0.0,1,-0.0004225828262338638
118.27,0.78171180067406,0.0872089564879186,19.04413051514912,0.0,1,-0.008624334150672208
117.25,0.7110313895371263,0.005509515116994934,15.858145015601238,0.0,1,0.008656716417910548
118.265,0.7010219015072323,-0.001499990970966314,17.515503771939876,0.0,1,-0.01593878154990913
116.38,0.48051533236669286,-0.0740021867038353,11.368316728422492,0.0,1,-0.008721429798934532
115.365,0.24563577009919868,-0.1029605829904432,8.198065755978014,0.0,1,-0.011701989338187446
114.015,-0.004773658542816861,-0.11779000387748625,4.070137646028513,0.0,1,-0.028373459632504483
110.78,-0.3991639013185875,-0.17072674888441897,-4.519033667565253,0.0,1,0.02617801047120416
113.68,-0.32142869759660186,-0.030997181720811118,2.928804357829762,0.0,1,-0.003034834623504734
113.335,-0.2845253709358957,0.001968714979965036,1.989988572386622,0.0,1,0.008514580667931426
114.3,-0.1619465933608808,0.04151583085165997,4.498300955564574,0.0,1,-0.011898512685914242
112.94,-0.20049498845996538,0.0009891452508584697,0.37685201420067926,0.0,1,0.01677882061271463
114.835,-0.04514460363783712,0.05211317669099558,5.577931972570269,0.0,1,4.354073235512956e-05
114.84,0.036709305743030995,0.0446556953572879,5.591577579120546,0.0,1,-0.0520289097875305
108.865,-0.42333951504511447,-0.1384643751436192,-10.513639266669436,0.30453279002284717,1,-0.06021218940890083
102.31,-1.1643356325187568,-0.29315349753908726,-20.818768999014264,4.040922718494002,1,-0.022529567002248174
100.005,-1.6298890552123453,-0.2529023067442253,-23.51897484329016,3.4471012109936368,1,0.028548572571371444
102.86,-1.4889250119581163,-0.03731275449666538,-15.21419582096825,0.0,1,0.007680342212716296
103.65,-1.228532572667831,0.07435989493120676,-13.025314918667995,0.0,1,0.01987457790641578
105.71,-0.8242919719670283,0.15953349854400312,-7.43947986501248,0.0,1,0.0027433544603159277
106.0,-0.5293140072860467,0.15150382107499494,-6.654076932027152,0.0,1,-0.010330188679245289
104.905,-0.42896552433838053,0.08395076800755374,-9.005758356677958,0.0,1,0.0006196082169582784
104.97,-0.33762748916967666,0.058429601058752556,-8.795365951328797,0.0,1,0.013241878631990112
106.36,-0.14798951415453132,0.08268919202463265,-4.203180999341619,0.0,1,-0.00032907107935309377
106.325,-0.04375473380073913,0.062307990792808285,-4.303037040804739,0.0,1,-0.006207383023747903
105.665,-0.042991115807112124,0.02102386959547843,-6.29948928587045,0.0,1,0.011687881512326692
106.9,0.06388995284029875,0.04263497941429645,-1.6113815260209634,0.0,1,0.02731524789522899
109.82,0.3553396577606378,0.11136156144487852,7.652522740555966,0.0,1,0.0015935166636316112
109.995,0.4860362054074301,0.08068603636389027,8.152705419213468,0.0,1,-0.011682349197690955
108.71,0.4037981287802097,-0.0005173467544433707,3.0413267863163043,0.0,1,0.01683377794131191
110.54,0.48152924640157835,0.025737923622308423,8.775015171470358,0.0,1,0.016102768228695385
112.32,0.6286007013454622,0.05760312618873076,13.580905102305138,0.0,1,-0.025730056980056815
109.43,0.40891970370527986,-0.05402595715048386,2.5329807876512263,0.0,1,0.052590697249383034
115.185,0.7445858962430805,0.09388007846243895,15.714587265349763,-0.9016113185296746,1,-0.005426053739636227
114.56,0.7982868344917335,0.04919367223703064,13.583918921129204,0.0,1,-0.00899092178770955
113.53,0.6727800674084108,-0.02543769828209741,10.020488427228237,0.0,1,-0.027437681670043124
110.415,0.29437834491604065,-0.13461314025815585,0.5086386905647089,0.0,1,0.027804193270841715
113.485,0.33647928826019324,-0.030837398971334418,7.82734347755197,0.0,1,-0.0023351103670088413
113.22,0.3074064859105903,-0.019970067106979128,7.018644842557151,0.0,1,0.018194665253488784
115.28,0.4389195442432339,0.03718099707522149,11.65085249211446,0.0,1,0.014052741151977743
116.9,0.6030994447226163,0.06712029918486795,14.951385320613184,0.0,1,0.017664670658682713
118.965,0.8070144412354381,0.09034509856589656,18.759490873421342,0.0,1,0.002605808431051182
119.275,0.8675540693888877,0.05029490890644872,19.31559353821018,0.0,1,-0.035380423391322524
115.055,0.4738610443498743,-0.11446603871085492,4.611740888621355,0.0,1,-0.0034331406718526303
114.66,0.20460944480122123,-0.127905879419836,3.4329109280089156,0.0,1,-0.006802721088435382
113.88,-0.012067142039882128,-0.1148608220869798,1.0167124271132337,0.0,1,0.0038637161924832686
114.32,-0.08273317362376531,-0.06184228455695434,2.3667611825539083,0.0,1,-0.027991602519244152
111.12,-0.37783842494707187,-0.11898251196008697,-7.171858695466483,0.0,1,-0.014983801295896382
109.455,-0.6326545151964638,-0.12459953406982627,-11.252218155059794,0.0,1,-0.03622493262071169
105.49,-1.0377580173881142,-0.17656767875382562,-19.053517376409197,1.2378941109457031,1,-0.006967485069674817
104.755,-1.2150799337016025,-0.1179631983557714,-20.28573310400966,0.7299763922056002,1,0.011216648370006244
105.93,-1.104567564049887,-0.002483609568018741,-15.643018229119363,0.0,1,-0.009770603228547281
104.895,-1.0435140822198719,0.019523290753998834,-17.72930103918091,0.0,1,0.01711235044568382
106.69,-0.7764445011198831,0.09553095728466254,-10.634217019253988,0.0,1,-0.021089136751335613
104.44,-0.7657060021432187,0.035423152087109,-15.646418550313776,0.0,1,0.012926081960934699
105.79,-0.5840279191429545,0.0723670783624577,-10.510162225075796,0.0,1,0.01342281879194629
107.21,-0.3261865510475701,0.11006948215261403,-5.440544579668334,0.0,1,0.03455834343811226
110.915,0.1386663455874242,0.1916407929292028,5.393736378994227,0.0,1,-0.0003155569580309825
110.88,0.3566205984392923,0.13653168192702367,5.280344834151421,0.0,1,-0.0026154401154400153
110.59,0.41171267499528597,0.06387458616100578,4.257829399999871,0.0,1,0.03196491545347668
114.125,0.6995326570236813,0.11723152272980042,13.421575287817333,0.0,1,0.044249726177437054
119.175,1.2059815932858982,0.2078934863306725,22.24684643657055,0.0,1,-0.009901405496119065
117.995,1.2603742619765228,0.08742871834043231,17.988078771075607,0.0,1,-0.009915674392982798
116.825,1.0850394078237855,-0.029302045270768406,13.84204183749467,0.0,1,0.08213139310935169
126.42,1.7065353634287703,0.19739797011140547,26.75730937671345,-3.636133382064969,1,-0.005972156304382192
125.665,1.8121553942788609,0.10100600032049867,24.432841385402952,-0.6275487818311802,1,-0.016671308638045668
123.57,1.5393691268473475,-0.05726008903700497,18.076655292501798,0.0,1,-0.016508861374119888
121.53,1.104695232560971,-0.16397799444112726,12.318873151869994,0.0,1,-0.023656710277297766
118.655,0.5557170160376899,-0.2376520703214695,5.030573362897151,0.0,1,-0.047574902026884636
113.01,-0.23549851022707458,-0.3429558655287447,-6.156068092669756,0.0,1,0.010441553844792395
114.19,-0.5131480641738762,-0.20686847315851542,-3.6242501971691254,0.0,1,-0.03446011034241181
110.255,-0.9371271691327934,-0.2102825260391442,-10.262538543831383,0.0,1,0.021949117953834252
112.675,-0.869356124184506,-0.04750382703028566,-4.893300798464082,0.0,1,0.008031950299534074
113.58,-0.6876075913616546,0.044748235264188585,-2.9336105397399024,0.0,1,-0.002333157245994033
113.315,-0.5615160256701017,0.056946600318580454,-3.4740144150061028,0.0,1,0.028239862330671217
116.515,-0.18501057401847731,0.14448401732340166,3.6641464799031667,0.0,1,0.015791958116980753
118.355,0.1719930329755357,0.16716254143913825,7.305329782819847,0.0,1,0.009970005491952039
119.535,0.43449541705791717,0.14322164184050662,9.569238794326552,0.0,1,0.09754465219391806
131.195,1.5012053243442693,0.40331051637561965,24.446212978448344,-2.154616622001072,1,0.08113876291017186
141.84,2.7965431676254298,0.5662161198855933,31.3918315076302,-7.428754081669723,1,-0.028729554427524118
137.765,2.8715834919638894,0.21375214807468446,22.957249819802712,-0.3167893995249358,1,-0.05498493811926097
130.19,2.038555029802808,-0.20642543802879887,10.094594033833147,0.0,1,-0.016898379291804266
127.99,1.2688278795720294,-0.3253841960865258,6.859670171280349,0.0,1,0.006367684975388865
128.805,0.8461453144923041,-0.24935558705541694,7.794831869669075,0.0,1,0.024416754007996477
131.95,0.8263752557447503,-0.0897085486009902,11.3839793150429,0.0,1,-0.029291398256915402
128.085,0.4255422883922506,-0.1635138386511633,4.997586394138885,0.0,1,-0.0034742553772886264
127.64,0.15258061401664236,-0.14549183767559054,4.275199221665581,0.0,1,-0.007521153243497336
126.68,-0.07661527433921833,-0.12489590867715042,2.6185373415501303,0.0,1,0.0069861067256078435
127.565,-0.11107861232220273,-0.05311974888671162,4.055018911269634,0.0,1,-0.03037667071688943
123.69,-0.441970396953522,-0.12800384450601032,-2.893027565088225,0.0,1,-0.016088608618319955
121.7,-0.7364187561897211,-0.14081740124740316,-6.111959146772101,0.0,1,0.017337715694330402
123.81,-0.6464413727920117,-0.016946672616564573,-1.9313190993003886,0.0,1,-0.008278814312252636
122.785,-0.6329992333604793,-0.0011681777283439887,-3.7896600954395367,0.0,1,0.011239157877591
124.165,-0.45852822753134603,0.057767609366929706,-0.8489135654997497,0.0,1,0.0007651109410864443
124.26,-0.32516537232248766,0.06371015485859605,-0.6371602858857344,0.0,1,0.012956703685820026
125.87,-0.09722016369120468,0.09721845449662636,3.0449008124668637,0.0,1,0.009533645825057446
127.07,0.12485412093205639,0.1064309130399625,5.711892321498709,0.0,1,0.03265916424018256
131.22,0.5713200864993411,0.1842989595357491,13.646259804956514,0.0,1,0.013831732967535482
133.035,0.8981930620747107,0.1703906450370396,16.557696761973403,0.0,1,0.01172623745630852
134.595,1.1167801280228389,0.12965923699505588,18.933731787328185,0.0,1,-0.012036108324974926
132.975,0.9980086503283303,0.0036292531001824724,13.710763663598357,0.0,1,-0.019928557999624008
130.325,0.6346221906203766,-0.11991906886925707,5.998992269784864,0.0,1,0.018108574717053516
132.685,0.5967104448813814,-0.05261027153608411,10.705480125956221,0.0,1,0.033990277725439944
137.195,0.9038620349384132,0.08484710617364921,17.978271366806425,-0.02822206955821116,1,0.007033784030030299
138.16,1.0625326603887402,0.08117257720799209,19.327919720616876,0.0,1,-0.005645628257093249
137.38,0.9883235847481728,0.0023211671891415486,16.799361556538244,0.0,1,-0.015795603435725614
135.21,0.6880254148655354,-0.09932566756449868,10.031288105910065,0.0,1,0.0019599142075288345
135.475,0.502624212018759,-0.09490895680375833,10.573322152424666,0.0,1,0.00483484037645332
136.13,0.4226215929271575,-0.05830385863178661,11.98901316776415,0.0,1,-0.008374348049658309
134.99,0.25240181730407585,-0.07617454475162277,7.96408340469317,0.0,1,0.008185791540114007
136.095,0.2383417780505397,-0.030078194668386293,10.711496639534658,0.0,1,0.00518020500385763
136.8,0.27019994358622057,0.0005933236224315297,12.451233130428271,0.0,1,0.008662280701754455
137.985,0.3623623643885594,0.030918581474923434,15.31932008866221,0.0,1,0.009022719860854345
139.23,0.4819967110906873,0.05018430939235047,18.158534406668352,0.0,1,0.020505638152697125
142.085,0.7395641585175099,0.1025839189397244,23.654157252620678,0.0,1,0.0034134496956046423
142.57,0.8471342023544821,0.07005132092556554,24.48535900407785,0.0,1,0.024619485165182198
146.08,1.122824707410075,0.11524727532705281,29.648496795483823,-1.7892404312647159,1,-0.009891840087623338
144.635,1.0466845676537275,0.013035711856901777,22.900526821548766,0.0,1,-0.011926573789193484
142.91,0.7776407838044008,-0.08533602399747497,15.535856961087063,0.0,1,0.003358757259813716
143.39,0.6183154932293746,-0.0815537715241671,16.57971722360911,0.0,1,0.011053769439988814
144.975,0.6192098901727547,-0.026886458193595697,19.922181229245723,0.0,1,-0.002414209346438989
144.625,0.5388895977966968,-0.03573558352321793,18.24747183980061,0.0,1,-0.0029040622299048025
144.205,0.41882198512561786,-0.051934398731432296,16.13545408918634,0.0,1,-0.01972885822266912
141.36,0.08680301336295315,-0.1279844568313657,3.641442253718971,0.0,1,-0.002723542727787298
140.975,-0.11852339029863401,-0.11110362016431762,2.159812986612117,0.0,1,0.0005320092214933236
141.05,-0.2050596429378686,-0.06587995760118409,2.4441289647496376,0.0,1,-0.029351293867422967
136.91,-0.5762394656793504,-0.1456865934475553,-11.565489807586893,0.0,1,0.023299978087794937
140.1,-0.4479760882434505,-0.0058077386705517875,-0.10596296201033795,0.0,1,-0.014882226980728164
138.015,-0.5202630588385659,-0.026031569755222417,-6.047343184585557,0.0,1,-0.02188167952758746
134.995,-0.7647179558995845,-0.09016215560541363,-13.115975299788545,0.0,1,-0.0009259602207488671
134.87,-0.8336355747717619,-0.053026591492530306,-13.386775379616886,0.0,1,0.02224364202565443
137.87,-0.5486247529768775,0.07732807676745135,-3.0085091736069955,0.0,1,-0.026111554362805545
134.27,-0.660400612664688,-0.011482594306786331,-11.428815004788035,0.0,1,-0.001042675206673227
134.13,-0.672921824786556,-0.008001268809551432,-11.725165047601585,0.0,1,0.0009692089763662093
134.26,-0.6122722787819441,0.01754942573168683,-11.239711193016497,0.0,1,0.018769551616266922
136.78,-0.32092481588114197,0.102965629544163,-2.368716788408044,0.0,1,0.042184529902032475
142.55,0.3323259835593717,0.2520721429948922,11.733578051787461,0.0,1,0.004665029814100219
143.215,0.6866742179830112,0.2021401258061773,13.009179902207876,0.0,1,-0.00010473763223139976
143.2,0.8053754836962241,0.10694713050646343,12.956582350061964,0.0,1,-0.023568435754189987
139.825,0.5163614929114999,-0.06068895342608693,2.0866230903590264,0.0,1,-0.07774003218308578
128.955,-0.5770089602235089,-0.3846864688536987,-17.805516323369147,1.2759458764175236,1,0.026094374006436105
132.32,-0.7951934401057201,-0.20095698291196995,-9.932667449020663,0.0,1,-0.010391475211608214
130.945,-0.9526028933713349,-0.1194554787258616,-11.93908462372211,0.0,1,0.017870098132803935
133.285,-0.7569240455565591,0.02540778969630475,-6.581422546256071,0.0,1,-0.061897437821210155
125.035,-1.2835076178527913,-0.16705859419997582,-17.570219071490293,1.4635998880758478,1,-0.010517055224537164
123.72,-1.549423769179839,-0.14432491517567447,-18.961468509327105,0.7303482106590025,1,0.019075331393469064
126.08,-1.356596530745037,0.01616744108637591,-13.52693086147535,0.0,1,-0.014990482233502522
124.19,-1.3046332006322103,0.02271025706640084,-15.916952393398361,0.0,1,0.01066913600128827
125.515,-1.0595154355231244,0.08927600739182884,-12.715718050768174,0.0,1,-0.015336812333187289
123.59,-1.0090802666749852,0.046570392079989364,-15.426161163874959,0.0,1,0.003964722064891957
124.08,-0.8589393266946672,0.06557044402010248,-14.108056308906079,0.0,1,0.0008059316569954955
124.18,-0.7039572461466292,0.07351750818938019,-13.816519734050374,0.0,1,-0.01550169109357391
122.255,-0.7282197686937053,0.016418328547434746,-17.024017790903862,0.0,1,-0.020571755756410792
119.74,-0.8892493825761107,-0.04820376177832353,-20.78366080216878,0.0,1,0.009979956572574
120.935,-0.7960767409692977,0.014989626609496542,-16.764967023496688,0.0,1,0.015297473849588572
122.785,-0.5289840250851086,0.09402744749789527,-10.824859294186055,0.0,1,0.025450991570631576
125.91,-0.09093899838592279,0.177357491399027,-2.12130320616361,0.0,1,-0.0042093558891271865
125.38,0.0914950981624969,0.11993052931581558,-3.3784490809856678,0.0,1,-0.010328601052799535
124.085,0.06717088825649853,0.031868773136605744,-6.480698149274225,0.0,1,-0.18189144538018287
101.515,-1.8314221240512154,-0.622241413057036,-30.984093337417505,9.908532567669269,1,0.007240309313894411
102.25,-2.5668501198674676,-0.4525564696244295,-29.367136865930217,4.72359915780352,1,-0.007726161369193241
101.46,-2.7864932744533064,-0.22406654140342264,-29.847667595065687,1.9630760712197315,1,0.005765819041987141
102.045,-2.615357078875107,-0.01764344860840783,-28.346369919829467,0.0,1,0.008574648439414023
102.92,-2.238925891179761,0.11959591302897943,-25.972427089499885,0.0,1,0.019141080450835624
104.89,-1.6999664730671071,0.21951844371387774,-20.619495976021305,0.0,1,-0.00028601391934413023
104.86,-1.2913228912551773,0.20938734184193586,-20.6544816269081,0.0,1,0.01611672706465761
106.55,-0.838557526077949,0.22071756900638806,-15.753610721052105,0.0,1,-0.03341154387611456
102.99,-0.8389617163161773,0.0734377929227199,-20.53695804459946,0.0,1,-0.009903874162540016
101.97,-0.854250335075605,0.019383058054430746,-21.79127764351721,0.0,1,-0.02334019809747956
99.59,-0.9890404498656835,-0.03846901891188259,-24.59528545579094,0.0,1,-0.003263379857415427
99.265,-1.0010988031052506,-0.01684245738381651,-24.97274714476731,0.0,1,0.008562937591295894
100.115,-0.8528697461329244,0.04379553319616991,-21.869637856518796,0.0,1,0.009688857813514362
101.085,-0.6268494054690308,0.08993862462002122,-18.28590980655727,0.0,1,-0.001632289657219066
100.92,-0.47535178468132244,0.08047874846924319,-18.582009321849885,0.0,1,-0.0025267538644470067
100.665,-0.381240325564022,0.058196735862181215,-19.07776763521173,0.0,1,-0.022351363433169458
98.415,-0.4899145688750366,-0.01682583581627778,-23.22055794441719,0.0,1,-0.018645531677081828
96.58,-0.6563421431242915,-0.06108447002184425,-26.119720452815805,0.0,1,0.010716504452267461
97.615,-0.5986107516552295,-0.001117692850927443,-21.283335927580037,0.0,1,0.0007171029042667421
97.685,-0.5140274932827538,0.027821855173849386,-20.944602405275738,0.0,1,-0.005937452014126987
97.105,-0.47723357298961844,0.021538591822328257,-22.162438377400264,0.0,1,0.003398383193450316
97.435,-0.3915671484272565,0.035735005461563385,-20.29967066090191,0.0,1,0.005439523785087497
97.965,-0.27193667377714803,0.0517884933705573,-17.20395028896685,0.0,1,0.011789924973204746
99.12,-0.09321004697066826,0.0768383733923457,-10.728572483516281,0.0,1,-0.013266747376916799
97.805,-0.10566256298653798,0.021461952458825317,-14.995326454937484,0.0,1,-0.011400235161801664
96.69,-0.19600027407891218,-0.022958586211182963,-18.245678187652054,0.0,1,-0.016599441514117297
95.085,-0.35858577345186404,-0.06184802852804494,-22.351775482135405,0.0,1,0.0057842982594522585
95.635,-0.3641630420173527,-0.022475099031177892,-18.956710634427022,0.0,1,0.006692110628953918
96.275,-0.2832714227986486,0.019472173395842063,-15.01241075211739,0.0,1,-0.0006751493118671847
96.21,-0.2246363279560768,0.026035756079471284,-15.23680100995734,0.0,1,-0.06439039600873087
90.015,-0.6928490865384589,-0.14739233416763697,-29.29733235821437,2.5774922935397484,1,0.007498750208298599
90.69,-0.8129680419514358,-0.08917042986020463,-25.595653187281574,0.6727996025391576,1,-0.000992391663910075
90.6,-0.8127801828286465,-0.029660856912471778,-25.763267267676515,0.0,1,-0.001600441501103722
90.455,-0.7570379046981941,0.008693807072660209,-26.057637101737985,0.0,1,0.002819081311149052
90.71,-0.6448302735747973,0.04030047939868564,-24.294422755538665,0.0,1,0.006449123580641647
91.295,-0.48624060188186036,0.06629671703054085,-20.14910711030224,0.0,1,0.022235609836245063
93.325,-0.19725904921189397,0.11842608990016912,-7.7297590167249055,0.0,1,-0.0047682828824002765
92.88,-0.07341335210925592,0.08075726233426905,-9.477180886889151,0.0,1,-0.0268626184323858
90.385,-0.21328939088216714,-0.01970625881288071,-17.775912217389305,0.0,1,-0.04303811473142671
86.495,-0.5896199610284327,-0.13201227631971546,-26.214372474075255,0.22816205128616218,1,0.004971385629227054
86.925,-0.6928169160158575,-0.07840307710238004,-23.83946092437227,0.0,1,-0.004716709807305097
86.515,-0.7208473171749148,-0.03547782608714578,-24.675495818726823,0.0,1,0.00011558689244650644
86.525,-0.6739585746565382,0.003803638810410237,-24.61087782068434,0.0,1,0.012308581334874225
87.59,-0.5056009888426445,0.05738707487476802,-17.68065735797586,0.0,1,0.011245575978993116
88.575,-0.2972054468654619,0.0885942056173169,-11.783266899108753,0.0,1,0.02828111769686692
91.08,0.04050944469524609,0.14210303239267497,0.42348910091709513,0.0,1,-0.029259991216512904
88.415,-0.01609222991567094,0.02850045259391932,-9.12320854110731,0.0,1,-0.04948255386529432
84.04,-0.4076353813948259,-0.12101423296174524,-19.616224749573174,0.0,1,-0.0002974773917182594
84.015,-0.5715206753514934,-0.09496650897280429,-19.6656646366374,0.0,1,0.003987383205379835
84.35,-0.577919932717208,-0.0337885887795063,-18.017803441589752,0.0,1,-0.009780675755779344
83.525,-0.6017095670069637,-0.019192741023087323,-19.96199712837918,0.0,1,-0.07207422927267293
77.505,-1.0651285869012668,-0.16087058697246348,-29.87900605444944,2.5677944117657745,1,0.1400554802915941
88.36,-0.3034940479399779,0.2002546506629418,1.922264893670743,0.0,1,0.001980534178361193
88.535,0.11719772553566088,0.2069821413795269,2.2627008165600486,0.0,1,-0.018184898627661372
86.925,0.18361046847884666,0.09113162810757092,-1.2648933753256841,0.0,1,-0.004026459591601861
86.575,0.17234930091053968,0.026623486846421324,-2.046709886863887,0.0,1,0.007334680912503444
87.21,0.20527294205049884,0.019849042662126837,-0.41629905802522416,0.0,1,0.0041279669762641635
87.57,0.2346286841162737,0.01640159490930057,0.5593072145327582,0.0,1,0.02666438277949079
89.905,0.4243374981394652,0.06870346964416402,6.61036736127857,0.0,1,0.0070073966965129575
90.535,0.5363304469727836,0.060232139492494174,8.14602630781193,0.0,1,-0.019495222841994786
88.77,0.40054938414169783,-0.025182974446197215,2.3757009650963425,0.0,1,-0.10211783260110396
79.705,-0.4561369292856483,-0.29395642929118115,-16.56127307316528,0.0,1,0.0018192083307195794
79.85,-0.8343853418921867,-0.22406828063257322,-16.136283567086245,0.0,1,0.002003757044458432
80.01,-0.9406441030377692,-0.11010901392605188,-15.62257204577655,0.0,1,-0.014748156480440033
78.83,-1.0137198083574077,-0.06106157308189675,-17.679758391859643,0.0,1,0.01566662438158062
80.065,-0.8628643436541097,0.029931297207133722,-13.276396001273568,0.0,1,0.008305751576843878
80.73,-0.6601145826646189,0.07756035273220818,-10.905595548275137,0.0,1,0.0012386968908706386
80.83,-0.49539682028115806,0.08075937170522296,-10.526685602984351,0.0,1,0.008783867375974364
81.54,-0.31258820406598886,0.08785599597346405,-7.695075858498996,0.0,1,0.0009811135638950752
81.62,-0.18846821228623867,0.07065866258440473,-7.359123156934331,0.0,1,-0.01231315853957371
80.615,-0.194452532039179,0.02155811427715479,-10.564371751274912,0.0,1,-0.014017242448675749
79.485,-0.27540698091239335,-0.01979877819868653,-13.949796641563566,0.0,1,-0.008743788136126196
78.79,-0.3508502902729731,-0.03174736251975541,-15.947527253995133,0.0,1,0.0030460718365274975
79.03,-0.3393344207638336,-0.006743831003538647,-14.574515392820523,0.0,1,-0.044729849424269275
75.495,-0.5998819509456155,-0.08909712039510687,-23.577482048070287,0.0,1,-0.0021193456520300913
75.335,-0.6934988867910477,-0.060904685413513016,-23.91092123683689,0.0,1,-0.02654808521935359
73.335,-0.8491824474811693,-0.07219608203454486,-27.80164757293506,0.0,1,-0.0002727210745210318
73.315,-0.8579256905361348,-0.026979775029836728,-27.83836997925318,0.0,1,0.001977767169064837
73.46,-0.7787201711855971,0.017408581440233606,-26.81472265985655,0.0,1,-0.020759597059624157
71.935,-0.8013073972448552,-0.0017262148730081694,-29.903190408222162,0.0,1,0.001737679849864504
72.06,-0.7354087271707499,0.02139081840036572,-28.945433160490147,0.0,1,0.03254232583957806
74.405,-0.4457586648694729,0.1036802935672142,-13.163859398211372,0.0,1,-0.014515153551508564
73.325,-0.35378707831304723,0.06521729337454663,-16.58237293948706,0.0,1,0.002045687009887276
73.475,-0.2658190285087443,0.05106178105961651,-15.642277774052232,0.0,1,0.005171827152092634
73.855,-0.16801675123086568,0.049621352779165045,-13.13316633954539,0.0,1,-0.006296120777198655
73.39,-0.1438642166560129,0.024591295784672618,-14.954523522711547,0.0,1,0.008584275786891915
74.02,-0.06729926464726077,0.03371874926447492,-10.458180426946193,0.0,1,0.012496622534450053
74.945,0.05367481674439034,0.05156427688537534,-4.323442698377377,0.0,1,0.031089465608112876
77.275,0.30385562271152367,0.10058169428416955,7.691899291311188,0.0,1,-0.037593011970236234
74.37,0.1615413904691252,-0.013910845986076309,-5.839209754881985,0.0,1,0.026825332795481938
76.365,0.24317249180883493,0.022573418451211136,2.6371708250012773,0.0,1,-0.0007857002553524062
76.305,0.2587236681612808,0.012708198267885662,2.371507197818005,0.0,1,-0.007994233667518724
75.695,0.1941056173240696,-0.01730328418977517,-0.4533095842481387,0.0,1,-0.021203514102648646
74.09,0.011871123795131666,-0.06651259257290439,-7.202025136182243,0.0,1,0.011000134970981179
74.905,-0.012318716618935355,-0.03023414432899047,-3.119747497214327,0.0,1,0.004405580401842357
75.235,0.004112922892275606,-0.004600834939259838,-1.467268032985892,0.0,1,0.015086063667176353
76.37,0.10656933240684907,0.03261852485843787,4.001203441002666,0.0,1,0.006612544192745817
76.875,0.1910000927969122,0.03901642841616701,6.29682769625348,0.0,1,0.004747967479674653
77.24,0.2477154652588638,0.031910600292706204,7.980897482099579,0.0,1,-0.0073148627654064935
76.675,0.2083468627182583,-0.0024860007492997493,4.3769765669122265,0.0,1,-0.016041734594065882
75.445,0.06880032288809446,-0.047344180193154534,-2.730073855708511,0.0,1,0.007290078865398897
75.995,0.0391270260656853,-0.02567249233852123,0.48524497100154207,0.0,1,0.0017106388578196352
76.125,0.03186312548233161,-0.010978797640624975,1.2656834911314832,0.0,1,-0.021477832512315387
74.49,-0.11067408526621136,-0.05117200279638932,-7.987906984827916,0.0,1,0.03772318432004296
77.3,0.061446816465036136,0.04031629964495273,6.876397967974967,0.0,1,-0.01681759379042691
76.0,0.034053365958584436,0.004307616379500341,0.2545785747702709,0.0,1,0.0009868421052632304
76.075,0.0237688602088042,-0.0019922964567599642,0.6230846096176847,0.0,1,-0.0032205060795268414
75.83,-0.0037707976834866486,-0.00984398478301694,-0.7024145302444893,0.0,1,-0.0050112092839245115
75.45,-0.048893060156018464,-0.018322082418516256,-2.8308659959453166,0.0,1,0.029754804506295418
77.695,0.11970356362073176,0.050091513786078,8.835826313697268,0.0,1,-0.004762211210502465
77.325,0.163193245207367,0.031193731790904428,6.549027165172525,0.0,1,0.012609117361784605
78.3,0.2525886489000726,0.040196378494536666,10.98857152569881,0.0,1,0.004980842911877392
78.69,0.30873729667142413,0.03211500875529605,12.68314876375063,0.0,1,-0.01124666412504749
77.805,0.2373335125011522,-0.013096258471658628,6.495578678199209,0.0,1,-0.020692757534862993
76.195,0.047687161040911974,-0.06758086997729963,-2.9019263591759454,0.0,1,-0.02841393792243574
74.03,-0.231526611442618,-0.1155982141536099,-12.277331224265865,0.08364556986475691,1,-0.016479805484263088
72.81,-0.45350628006416116,-0.11252596092505102,-16.457910136441974,0.6099029919445087,1,-0.00982007965938747
72.095,-0.5862872577029208,-0.08176897952127027,-18.7156061282772,0.5420313722438976,1,-0.016159234343574358
70.93,-0.7009038083803887,-0.06546184339957939,-22.113757478341746,0.743867547930634,1,-0.012688566192020412
70.03,-0.7748034330207503,-0.04645382267998033,-24.492046665581093,0.6048633029889601,1,-0.020848207910895478
68.57,-0.8688529592558751,-0.04683444963836836,-27.890772052908375,0.8238107171315647,1,-0.0219483739244567
67.065,-0.9688899757687892,-0.048957155383760775,-30.81811076083457,0.8712249302725468,1,-0.02385745172593745
65.465,-1.0715009860445122,-0.05052272188649454,-33.412428572522366,0.8315229063235137,1,0.057511647445199765
69.23,-0.7197647423453191,0.10040450727089956,-11.621840444217632,0.0,1,0.006066734074823055
69.65,-0.4489162253002803,0.12375100810531281,-9.689093610029026,0.0,1,0.004522613065326642
69.965,-0.24983228133608293,0.10761165068983675,-8.16872599094394,0.0,1,0.012077467305081191
70.81,-0.05905428590929773,0.09946321537220731,-4.064164477218149,0.0,1,-0.004589747210845929
70.485,0.014172568963189747,0.057563356748231605,-5.408817849244947,0.0,1,-0.0063134000141873425
70.04,0.01252161565250276,0.018637467812514873,-7.30998027002213,0.0,1,0.007210165619645936
70.545,0.05273600435944559,0.019617285506485907,-4.3861803400557235,0.0,1,0.0011340279254377084
70.625,0.07511519834963565,0.01399882649889199,-3.902142273110634,0.0,1,-0.005946902654867303
70.205,0.045045195482259714,-0.005357058789494648,-6.177276968520786,0.0,1,0.00968591980628175
70.885,0.08292309442505541,0.010840280051100354,-1.5962618873856442,0.0,1,0.01424843055653513
71.895,0.1791184526943539,0.0356785461067996,4.523791838588096,0.0,1,-0.007580499339314262
71.35,0.16687292743780802,0.007811006950084576,0.9037048428895389,0.0,1,0.014786264891380574
72.405,0.23476075418972187,0.0252329445673328,7.038818600122056,0.0,1,0.04426489883295348
75.61,0.5162246047165269,0.10223226503137928,19.783956947119975,-1.134237083814753,1,-0.007604814178018837
75.035,0.5660211462535614,0.05067626885613796,15.887510274740123,0.0,1,0.001332711401346165
75.135,0.5520843215009421,0.012246481367839568,16.25163944491831,0.0,1,0.010181672988620383
75.9,0.5628588823328897,0.007673680733262356,19.058983000047462,0.0,1,0.0009881422924900019
75.975,0.5275912558877849,-0.009197981903947494,19.33683731739866,0.0,1,-0.012701546561368682
75.01,0.38557483800792625,-0.050404799927935395,11.4479861986596,0.0,1,0.0021330489268096553
75.17,0.2957687259006576,-0.046736970678401324,12.239462756499854,0.0,1,0.008314487162431883
75.795,0.2783016093553101,-0.02140136240791629,15.32887880951293,0.0,1,-0.01009301405105878
75.03,0.1826262503030307,-0.039025573820065246,8.787597118633784,0.0,1,0.002732240437158362
75.235,0.1366530499183085,-0.028332924734929155,9.980697750667169,0.0,1,-0.0029906293613344292
75.01,0.08352869556608766,-0.02715242636238334,7.935296484393682,0.0,1,-0.01706439141447813
73.73,-0.056660872907201565,-0.055780664945224184,-2.3382800286919547,0.0,1,-0.011392920113929228
72.89,-0.19203391773490353,-0.06371790325764207,-7.7954169109087275,0.0,1,0.011387021539305708
73.72,-0.17455094700417817,-0.015411644175638894,-1.3415446650516287,0.0,1,0.02638361367335884
75.665,0.010819783944853612,0.056653028924464305,10.223607674863985,0.0,1,0.016454106918654565
76.91,0.2063535007573023,0.08406224857897099,15.716213632368152,0.0,1,-0.010531790404368802
76.1,0.21942423410041556,0.03237766064069475,9.751681999688579,0.0,1,-0.019119579500657014
74.645,0.0864242479302817,-0.033540775176479715,0.5877002612598261,0.0,1,0.014267532989483467
75.71,0.10147223418435658,-0.006164262974134943,6.067493441271765,0.0,1,0.014529124290054263
76.81,0.19220687446269835,0.028190125768068952,11.02755757916146,0.0,1,-0.007551100117172194
76.23,0.1732236217299743,0.0030689576784483086,7.241353630672023,0.0,1,-0.009969828151646376
75.47,0.08596336021945206,-0.028063767944024653,2.4992183256758906,0.0,1,-0.00569762819663433
75.04,-0.0006637172207604181,-0.03823028179474571,-0.09962563072568287,0.0,1,0.0029317697228143924
75.26,-0.02558861283914382,-0.021051725804376368,1.2716378085345994,0.0,1,-0.002192399681105628
75.095,-0.049668676245076426,-0.015043929736769657,0.12826504112268822,0.0,1,0.008922032092682608
75.765,-0.0017363182609528849,0.01096280941578463,4.687357426850369,0.0,1,-0.008579159242394274
75.115,-0.03179211274715499,-0.006364328356805827,-0.21822253879638964,0.0,1,-0.0027957132396990714
74.905,-0.06167066726132475,-0.01208096095699187,-1.7712282465190867,0.0,1,-0.008343902276216508
74.28,-0.1235540555799588,-0.0246547830918753,-6.281343812351409,0.0,1,-0.010770059235325702
73.48,-0.21086624510760998,-0.03732232420650883,-11.413337829450299,0.0,1,0.028034839412084844
75.54,-0.06528348611247736,0.03608681159620794,4.027002864313857,0.0,1,0.0009928514694199642
75.615,0.01919818389447414,0.04018949386771982,4.489867299311271,0.0,1,-0.0064801957283606715
75.125,0.019005836906742957,0.013332382293329547,0.778585748469439,0.0,1,-0.0064559068219633975
74.64,-0.02309082299602494,-0.00958809253647945,-2.759935315420279,0.0,1,0.009646302250803762
75.36,0.01778508230225384,0.010429270920599778,2.6793308351330722,0.0,1,0.020766985138004124
76.925,0.16715761142621943,0.05326726668152179,12.112738572175338,0.0,1,0.016639584010399666
78.205,0.3345807417026663,0.0735634656526562,17.92378066880896,-0.7009804966797759,1,-0.00946231059395175
77.465,0.3287439116990214,0.02257554521633709,11.831884014139817,0.0,1,0.007874523978570913
78.075,0.3492635040556138,0.014365045857643144,14.729235323552444,0.0,1,-0.011463336535382562
77.18,0.2558346748959366,-0.026354594434011336,7.601012858614233,0.0,1,0.005247473438714456
77.585,0.2215507040747724,-0.020212855085058518,9.825455484599132,0.0,1,-0.006251208352129889
77.1,0.14552949332463072,-0.03207802194506673,5.9216353816840765,0.0,1,0.005382619974059644
77.515,0.12997476350582815,-0.015877583921289767,8.496488577386344,0.0,1,0.0010320583112946036
77.595,0.11803283497094696,-0.009273170818723642,9.009363008177075,0.0,1,0.013853985437205951
78.67,0.19180913445592296,0.021501042888750793,15.394215556529005,0.0,1,0.016715393415533297
79.985,0.3222965229937529,0.0506628104755269,21.440534577074985,-0.08152887519621288,1,-0.014127648934175063
78.855,0.2665155070131817,-0.0017060685016814237,11.22660781381687,0.0,1,-0.00253630080527556
78.655,0.1997487067717998,-0.022824289581021118,9.552223795334491,0.0,1,0.005721187464242661
79.105,0.1872195810867936,-0.011784471755342446,12.140606742063063,0.0,1,0.005309398900195994
79.525,0.20035338648705192,0.0004497778816386355,14.496722351394766,0.0,1,0.011945928953159157
80.475,0.2693908403132639,0.02316241056928353,19.298617614425368,0.0,1,-0.004721963342652957
80.095,0.2497936638669387,0.0011884113743194369,15.369142828071759,0.0,1,-0.006991697359385762
79.535,0.17251227032153338,-0.025364327390361957,9.815410507830016,0.0,1,-0.017853775067580346
78.115,0.0011622176887016167,-0.06557146000773124,-1.7372503133695787,0.0,1,0.024835178902899768
80.055,0.07705700656489967,0.0034411096228222637,9.992342478459769,0.0,1,0.016738492286552775
81.395,0.22024965045592637,0.048877917837949675,15.92182135250313,-0.18250236728923142,1,0.02272866883715219
83.245,0.42765850153010376,0.08542892297070903,22.234377304842326,-1.0837393483838866,1,-0.001561655354676117
83.115,0.48489138527301634,0.047553935571207184,21.20454690670836,-0.26757306802188907,1,0.0034289839379175735
83.4,0.49685021170505195,0.019837587334414264,22.170994821936503,0.0,1,0.0013788968824939296
83.515,0.47100877394565543,-0.0020012834749940644,22.583544558328825,0.0,1,-0.017661497934502668
82.04,0.2959206572371471,-0.05902980006116748,9.923686747323814,0.0,1,-0.008044856167723213
81.38,0.12871654411313216,-0.07541130439506083,5.141985277085496,0.0,1,0.00632833620054063
81.895,0.07730477554170534,-0.04227435765549589,8.044619941278597,0.0,1,0.004701141705842904
82.28,0.07724015996083722,-0.01411299107878801,10.184621866139864,0.0,1,0.022727272727272707
84.15,0.22660450550699807,0.04508378482245762,18.778956915519203,0.0,1,-0.002911467617350061
83.905,0.2619863028211711,0.02682186071221021,16.683579266592687,0.0,1,0.028722960491031513
86.315,0.45867834290983467,0.07450463360029125,25.006018239668194,-0.393269779604978,1,-0.002490876440943146
86.1,0.5008845010450074,0.03890359724515463,23.19365752839427,0.0,1,-0.011730545876887266
85.09,0.39608053835884505,-0.021966788480335897,14.996238160824774,0.0,1,0.003173110823833536
85.36,0.3331718454858503,-0.02829182711777689,16.123191849639497,0.0,1,-0.004041705716963384
85.015,0.24520317859220597,-0.03875349800380706,13.232864535788067,0.0,1,0.007410456978180324
85.645,0.2332852469293698,-0.016890476555547762,16.22807901899469,0.0,1,0.0029774067371126645
85.9,0.22913584385383956,-0.007013293210359345,17.421666137243037,0.0,1,-0.0037834691501746898
85.575,0.18088315532824595,-0.01842199391198432,14.208088682203325,0.0,1,-0.007770961145194377
84.91,0.08626654812142931,-0.03767953370626699,7.93050669766162,0.0,1,0.01913791072900728
86.535,0.16718603217456973,0.014413316782291158,16.75545636601622,0.0,1,0.0008667013347201102
86.61,0.19996360485326647,0.015730296486995976,17.1092774903572,0.0,1,-0.02286110148943543
84.63,0.034688757454830466,-0.04984818363714669,1.1427947200111106,0.0,1,-0.028772302965851426
82.195,-0.25375606269894035,-0.1127643345969725,-11.404598806715455,0.0,1,-0.027799744510006663
79.91,-0.5672488008842578,-0.14208569092743,-19.266474514836812,0.42217579873670275,1,0.014704042047303245
81.085,-0.5788077699032357,-0.05121488664880269,-12.045287866385884,0.0,1,-0.021643953875562616
79.33,-0.6826032735874605,-0.05167013011100918,-17.643438661467194,0.3310711809933906,1,-0.03655615782175714
76.43,-0.9192840859639375,-0.09611698082916209,-24.538538852761526,1.851205372112645,1,-0.04284966636137655
73.155,-1.233934151655177,-0.13692234884013388,-29.910356358221602,2.910979695201803,1,0.024331898024742005
74.935,-1.140098005196208,-0.014362067460388372,-20.879576974340875,0.0,1,-0.008006939347434572
74.335,-1.0481717648670497,0.025854724289589903,-22.062087086770383,0.0,1,-0.020044393623461332
72.845,-1.0390276642968672,0.01166627495325745,-24.877036296567894,0.0,1,-0.022101722836158966
71.235,-1.0820366419870453,-0.010447567578973471,-27.588170477809516,0.0,1,-0.004141222713553772
70.94,-1.0379547439998902,0.011211443469393956,-28.0699772003357,0.0,1,0.014801240484916711
71.99,-0.8419175663396459,0.06908287370987942,-21.95257987424451,0.0,1,0.01291846089734694
72.92,-0.596239180314555,0.10492041991165679,-16.80126096770858,0.0,1,-6.856829402079878e-05
72.915,-0.4241300556091403,0.09234318153902388,-16.815453258567977,0.0,1,0.0027429198381676567
73.115,-0.28606465528899605,0.07680286061972269,-15.569644934274564,0.0,1,0.016207344594132644
74.3,-0.09444323385484665,0.08947476068462404,-8.400950480775634,0.0,1,-0.008815612382234161
73.645,-0.04534558698320268,0.04619080251875601,-11.018394491591614,0.0,1,-0.03530450132391871
71.045,-0.2336846312987717,-0.04738274726560435,-19.486336634592682,0.0,1,-0.0014779365191076588
70.94,-0.31713043418166365,-0.04360951671616542,-19.780896234665825,0.0,1,0.0023963913166056283
71.11,-0.31825913277462803,-0.014912738436376582,-18.589776739242158,0.0,1,0.029812965827591187
73.23,-0.11563522100657053,0.06257039111056031,-5.470123590274817,0.0,1,-0.007169192953707548
72.705,-0.04843699670531976,0.04325620513727037,-7.6966052265689555,0.0,1,0.009284093253558945
73.38,0.04544853183740827,0.04571391122666615,-3.8501845239972496,0.0,1,0.006541291905151292
73.86,0.1286039184556671,0.04295643261497499,-1.1555832044880106,0.0,1,0.004197129704847091
74.17,0.18529795189348874,0.033216822017598874,0.617615187241185,0.0,1,0.003775111230955863
74.45,0.22153680595461367,0.023151892026241266,2.2777340095052523,0.0,1,0.002081934184016143
74.605,0.2341114991556168,0.011908861742414789,3.244520966138488,0.0,1,0.008980631324978283
75.275,0.27672288749316465,0.0181734166933209,7.390410017568328,0.0,1,-0.009299236134174715
74.575,0.21663500770416988,-0.013971487698557966,2.034231565353764,0.0,1,-0.006302380154207143
74.105,0.12937148383431918,-0.03374500385613621,-1.3528847506625041,0.0,1,-0.028405640645030705
72.0,-0.10045790175347236,-0.0878581298146426,-13.255554757348655,0.0,1,0.0022222222222221255
72.16,-0.19366776940124453,-0.06035599915413828,-11.974910279675427,0.0,1,0.0026330376940133515
72.35,-0.20830038910834503,-0.024996206287079603,-10.362454142633624,0.0,1,0.007049067035245438
72.86,-0.15575833320288268,0.009181949872794248,-6.015785826797433,0.0,1,-0.012077957727147925
71.98,-0.18984077748322647,-0.008300164802516524,-11.35149660633882,0.0,1,-0.012711864406779738
71.065,-0.2673119348331454,-0.028590440717478488,-16.102247516419375,0.0,1,0.013579117709139554
72.03,-0.20335485227199968,0.011788880614555741,-7.779494164264747,0.0,1,0.005900319311398006
72.455,-0.1190134066354318,0.03204344208370788,-4.426154428425768,0.0,1,-0.00020702505003100669
72.44,-0.06817489993085246,0.027627316262762408,-4.529642907456832,0.0,1,-0.0034511319712865474
72.19,-0.05790773825098938,0.012631492647541834,-6.364582224418889,0.0,1,0.004155700235489723
72.49,-0.022948512556823175,0.01586357278056935,-3.486669406684939,0.0,1,-0.001034625465581307
72.415,-0.009806523663343114,0.009668520558016473,-4.137143406293902,0.0,1,0.02879237726990258
74.5,0.17133168108868801,0.06360224177001587,12.19397183778186,0.0,1,0.008724832214765277
75.15,0.3017898100406313,0.06468679024065305,15.770680455089845,0.0,1,0.008848968729208151
75.815,0.3972863903465509,0.05339445684885752,19.09440756787987,0.0,1,-0.018861702829255367
74.385,0.29276081463730463,-0.017043706286796245,6.082855725002069,0.0,1,-0.0030920212408416248
74.155,0.19693462556290342,-0.037623298453732495,4.256899097593248,0.0,1,0.016317173487964354
75.365,0.23344364556213293,-0.00037142615150098646,11.570625052121272,0.0,1,0.004113315199363088
75.675,0.25807785176489517,0.008087593350420419,13.243564728674919,0.0,1,-0.011959035348529934
74.77,0.17347180055253375,-0.02550615262064701,5.418055313606793,0.0,1,-0.03871873746154875
71.875,-0.12453720843302563,-0.10783838720206879,-11.509853767573986,0.0,1,0.006399999999999961
72.335,-0.22483027888971208,-0.06937715255291843,-8.362451067942253,0.0,1,0.010368424690675226
73.085,-0.19374095754390908,-0.01276261040237181,-3.4113468274860566,0.0,1,0.031607032906889376
75.395,0.03044878292431008,0.07047571002194912,8.606119112700881,0.0,1,-0.003581139332846983
75.125,0.11750625458140007,0.052511060559679704,6.942234703026948,0.0,1,0.02835274542429289
77.255,0.32874280252815424,0.08791586950214464,15.52231917889415,-0.09981562617559803,1,-0.03954436606044909
74.2,0.1523825096241893,-0.029481474467273422,-0.27004762444131103,0.0,1,0.004851752021563405
74.56,0.08150382070351725,-0.03345338779598184,1.2678324400186014,0.0,1,-0.008650751072961316
73.915,-0.014477508815431861,-0.04314490577164365,-1.6752184670220345,0.0,1,0.00588513833457327
74.35,-0.025011714506959493,-0.01789303715439043,0.4560138668453533,0.0,1,0.0013449899125757003
74.45,-0.01986117447714264,-0.004247499041524527,0.9724974004805205,0.0,1,0.002753525856279415
74.655,0.001452526744188276,0.0056887340599354646,2.1096657265193173,0.0,1,0.0016073940124574637
74.775,0.021988333459503906,0.008741513591750367,2.821395202358957,0.0,1,0.00207288532263461
74.93,0.04334054236220197,0.01003124083148281,3.806663165827487,0.0,1,-0.004270652609101977
74.61,0.023738268283366892,-0.003190344415784089,1.3468677112944292,0.0,1,0.0025465755260689615
74.8,0.027792275553679247,0.00028788761817608727,2.7712625257414487,0.0,1,-0.0016711229946524409
74.675,0.017086589559355048,-0.003472599458716037,1.6655691714126846,0.0,1,-0.012654837629728743
73.73,-0.06844013590108489,-0.02966644163971866,-6.06675091152956,0.0,1,-0.03438220534382219
71.195,-0.3167501539728903,-0.09265881990384137,-19.619063453748637,0.38689399665710766,1,-0.034061380714937806
68.77,-0.6165926501777079,-0.13083377203621965,-27.120674894286505,1.575166734838902,1,0.00225388977751928
68.925,-0.7022145107653159,-0.07215187754127594,-25.791592558012738,0.7168948822163088,1,0.0043525571273121955
69.225,-0.6615075651620117,-0.01048164397932394,-23.082995204349903,0.0,1,-0.0012278801011194052
69.14,-0.5931117952635248,0.019304708639721002,-23.382460490217078,0.0,1,-0.013884871275672506
68.18,-0.589487927375643,0.007642858842534239,-26.643376494742053,0.0,1,-0.0316075095335876
66.025,-0.7181353328170701,-0.04033484886629757,-32.1099654176498,0.4134669387378125,1,0.009238924649753955
66.635,-0.6717810911363671,0.0020064642714684444,-26.480138132905886,0.0,1,-0.015532377879492909
65.6,-0.6788722127013074,-0.0016948857644906168,-29.17234036212826,0.0,1,-0.016692073170731736
64.505,-0.7170950890920125,-0.013305920718398534,-31.64246334606135,0.0,1,-0.01209208588481503
63.725,-0.7414486031963605,-0.012553144940915528,-33.217772123078674,0.0,1,-0.0054923499411534404
63.375,-0.7210046433154957,0.002630271646649751,-33.90632522889378,0.0,1,0.00520710059171603
63.705,-0.6231989430987852,0.03347865728778676,-30.448453234619652,0.0,1,0.023075111843654295
65.175,-0.3998628477321944,0.08560491755145921,-16.81908772439084,0.0,1,0.030993479094744814
67.195,-0.0865395627378831,0.13297606751525684,-3.0869728735532007,0.0,1,-0.0061760547659794884
66.78,0.04275037665409798,0.08742200230241268,-5.189173018997657,0.0,1,0.01385145253069786
67.705,0.18091614829558011,0.07519592464796494,0.32373408354969513,0.0,1,-0.01993944317258689
66.355,0.12242268842501858,0.005567488259134473,-6.691601330191318,0.0,1,-0.012809886218069555
65.505,0.012140734454320068,-0.03490482190385468,-10.539961682839326,0.0,1,0.004656133119609329
65.81,-0.018595303735551738,-0.021880286697908827,-8.468559617181775,0.0,1,0.016942713873271398
66.925,0.060502952480803174,0.0190726565061487,-1.3341050473366778,0.0,1,0.009562943593574902
67.565,0.14834350121557804,0.03563773508030786,2.3723610471353282,0.0,1,0.007770295271220418
68.09,0.22365181714833682,0.03698201700435555,5.31319282483458,0.0,1,0.00022029666617706667
68.105,0.24391832368569055,0.01908284118056977,5.400616574710845,0.0,1,0.0016151530724617391
68.215,0.24289171664722176,0.006018744714033658,6.100409409768162,0.0,1,0.010481565638056134
68.93,0.2817207700740596,0.014949266046957177,10.568803229947157,0.0,1,0.008196721311475308
69.495,0.3247418992813067,0.01932346508473476,13.803663226688542,0.0,1,-0.005468019281962833
69.115,0.2875239722781515,-0.005964820639473456,10.118023630778417,0.0,1,0.019243290168559524
70.445,0.355788011086716,0.02076640605636365,17.433792437697264,0.0,1,0.028461920647313566
72.45,0.5273543629004394,0.06411091929002899,25.088160268068265,-0.5868639322800107,1,-0.013319530710835137
71.485,0.48877467523227835,0.008510410540622682,16.703916393787495,0.0,1,0.01279988808841015
72.4,0.505003608462161,0.008246447923501765,20.208497509590643,0.0,1,0.0011049723756906271
72.48,0.47770110770525775,-0.006352017611133798,20.5100365722801,0.0,1,0.009588852097130118
73.175,0.4821580983513769,-0.0006316756550048819,23.134818685800298,0.0,1,0.003689784762555437
73.445,0.4667067521451429,-0.005361007287079611,24.128786394988666,0.0,1,-0.004493158145551068
73.115,0.3925888496965939,-0.02649296991187622,20.58239583724219,0.0,1,-0.012172604800656517
72.225,0.2486474943309389,-0.05681144175917707,11.732340750348122,0.0,1,0.006299757701627051
72.68,0.19387285878720206,-0.0371953591009713,14.2767087399898,0.0,1,-0.021051183269124918
71.15,0.022829469449746398,-0.06941291614614233,1.4864696331063882,0.0,1,-0.006746310611384421
70.67,-0.10459468100646063,-0.06561235553411647,-1.8531730326060156,0.0,1,0.010117447290222126
71.385,-0.10000719948403969,-0.020341624670565175,3.173920650825913,0.0,1,0.002171324507949768
71.54,-0.07646285876580805,0.0010675720158888208,4.2424526350847955,0.0,1,0.010553536483086212
72.295,0.0045978831571176215,0.0273761046462715,9.272377855854586,0.0,1,0.01957258454941546
73.71,0.16266176385548192,0.06181332844821194,16.85875726771377,0.0,1,-0.019536019536019467
72.27,0.10813855721670507,0.0024300406031450283,5.226664412452962,0.0,1,-0.004842950048429384
71.92,0.04269874079592739,-0.021003258605877553,2.748267806186469,0.0,1,0.0019466073414906582
72.06,0.01808727085254702,-0.015204909516419313,3.6722856297650566,0.0,1,0.002081598667776685
72.21,0.01677426330981291,-0.005505972353051142,4.726259171931687,0.0,1,0.01066334302728178
72.98,0.07888657092928497,0.01886877842214031,9.926283895212741,0.0,1,0.005275417922718351
73.365,0.1354521771615822,0.025144794884812513,12.329994640978946,0.0,1,-0.007224153206569883
72.835,0.10828063218093575,-0.0006755833652779819,7.091940058685218,0.0,1,-0.0024026910139355317
72.66,0.07108814034221211,-0.012622691734667207,5.38436508507251,0.0,1,0.0007569501789155275
72.715,0.051151216060986826,-0.010853205338630836,5.845535809811494,0.0,1,0.022347521144193028
74.34,0.17233681924862765,0.03677746594966999,17.03243433954499,-0.059299298503319164,1,0.013384449825127653
75.335,0.3014848859050545,0.05530851086869895,21.879561130837146,-0.5868039410685952,1,0.010685604300789908
76.14,0.4080185120745199,0.05394737901272145,25.16231889597637,-0.7228074204235924,1,0.021210927239295962
77.755,0.5618671158197088,0.06926532758597015,30.29109158475171,-1.2605906682436085,1,0.007009195550125469
78.3,0.637385824707323,0.04826134549119476,31.707404458120408,-0.8035685485859005,1,0.00753512132822487
78.89,0.6711963604255118,0.02735729373646123,33.16279525462346,-0.44654595846385803,1,-0.02135885410064653
77.205,0.49175193158248476,-0.05069571170218856,16.39903491322883,0.0,1,-0.004144809274010619
76.885,0.3343837228624267,-0.06935464014074888,13.689960656493326,0.0,1,0.012681277232229782
77.86,0.3090843082638628,-0.0315513515797709,18.096606522656813,0.0,1,-0.027742101207295145
75.7,0.09067757527593301,-0.08331936152256691,2.4329722562246516,0.0,1,-0.009775429326288054
74.96,-0.08774892249103061,-0.08724861976317685,-1.7884037205094714,0.0,1,-0.014941302027748016
73.84,-0.2629830945002567,-0.08749426392413431,-7.537492173470454,0.0,1,0.014152221018418176
74.885,-0.24160158929650777,-0.02203758624012847,-1.2070636353156416,0.0,1,0.014889497229084503
76.0,-0.11786070425326045,0.033901099601039625,4.701501843170199,0.0,1,0.0019736842105264607
76.15,-0.033668536377192027,0.03936442249236935,5.469540776845861,0.0,1,0.000984898227182951
76.225,0.017483258925608425,0.030172072598389936,5.8850803790098425,0.0,1,0.0011807149885207924
76.315,0.049102218333203496,0.020597010668661674,6.427217662229353,0.0,1,0.007075935268295863
76.855,0.1058198465092346,0.02577154628156425,9.726727618337236,0.0,1,-0.0029275909179624637
76.63,0.1066103400548144,0.008854013275714681,7.703779886002103,0.0,1,0.047957718909043656
80.305,0.40437139182303383,0.1022050216813114,23.805180764998113,-0.6321128076602918,1,0.008903555195815871
81.02,0.5791376350552326,0.09232375497117007,25.796947340157857,-0.6000135282663592,1,0.03338681806961241
83.725,0.8436759537500649,0.1189540245553341,31.65915391972237,-1.823727005784221,1,-0.007106598984771506
83.13,0.8560554502849698,0.043777840363413034,27.095356279395276,-0.23084349244527402,1,0.018044027426921794
84.63,0.9159072443620033,0.03454321148014883,30.195718143045497,-0.5262479954216701,1,0.007857733664185407
85.295,0.924924204370356,0.014520057162833888,31.43366741315232,-0.020130188358905343,1,-0.0075033706547863455
84.655,0.7990223340103455,-0.03712727106572555,26.331404624416848,0.0,1,-0.017837103537889143
83.145,0.5436528709961408,-0.09749891135997679,15.562558191326815,0.0,1,-0.03349570028263871
80.36,0.1385804002393627,-0.16752379403891832,0.8585523498529568,0.0,1,-6.222000995514954e-05
80.355,-0.07592086849230384,-0.12734168759019496,0.8358091372353869,0.0,1,0.010951403148528271
81.235,-0.10351143048377764,-0.0516440831938896,4.789454598653876,0.0,1,0.045485320366837056
84.93,0.1992359077274557,0.08370108500578124,17.123874243767688,0.0,1,-0.014659131049099328
83.685,0.2302565845224649,0.03824058726693014,10.90327764122111,0.0,1,-0.013742008723188204
82.535,0.13074554087643264,-0.020423485459700713,5.613680015111157,0.0,1,0.0033319197916035215
82.81,0.0930112239803833,-0.019385934118583345,6.6148671197261635,0.0,1,-0.0033812341504649845
82.53,0.04305979686732542,-0.02311245374388042,5.206110132586993,0.0,1,-0.005876650914818815
82.045,-0.025920899761487703,-0.03069771679089785,2.6831049016215687,0.0,1,0.006398927417880396
82.57,-0.014501173095780473,-0.006425996708396874,5.148481180956722,0.0,1,-0.01495700617657747
81.335,-0.11049954533827133,-0.03414145631696258,-1.4617444384265355,0.0,1,-0.016106227331406986
80.025,-0.2584571026813336,-0.0606996712200083,-7.469897460349131,0.0,1,-0.011808809746954196
79.08,-0.3896477894627566,-0.06396345266714376,-11.308638670341978,0.0,1,0.006196256954982271
79.57,-0.38193915039822457,-0.018751604534203936,-8.27810184707075,0.0,1,-0.022935779816513624
77.745,-0.49833990166611386,-0.04505078526736439,-15.363390460626853,0.15541379901878827,1,0.020194224708984354
79.315,-0.38417861882788884,0.02303683252362021,-6.234995439498334,0.0,1,0.008888608712097401
80.02,-0.23633309250645596,0.056960786281684384,-2.571803419202155,0.0,1,-0.029867533116720857
77.63,-0.34188257163685876,-0.016196230949572787,-11.916343550399745,0.0,1,0.00644080896560606
78.13,-0.32450043023231956,0.00039530348498878487,-9.204852235424035,0.0,1,-0.009407397926532668
77.395,-0.35001765701068166,-0.00837397443112442,-11.928071542041593,0.0,1,-0.004780670585954994
77.025,-0.36444146564898006,-0.007599261023140957,-13.298419172600077,0.0,1,0.0006491398896462108
77.075,-0.33711658116403953,0.006575207820599838,-12.95816480515981,0.0,1,0.01868310087577041
78.515,-0.17536109049123638,0.05611023283113434,-3.717982928658145,0.0,1,0.0058587531045022345
78.975,-0.041536587613904885,0.06331157856948862,-1.0581965330140122,0.0,1,0.01063627730294403
79.815,0.09883704612592226,0.06789507076977194,3.6029853113919614,0.0,1,0.005951262294055182
80.29,0.20037077581866924,0.05647626682083964,6.119908237830494,0.0,1,0.0036119068377131747
80.58,0.2586067426801577,0.0382374112274427,7.677359666682349,0.0,1,-0.006080913378009423
80.09,0.22534083088756063,0.001657166478281874,4.074128807305556,0.0,1,0.011611936571357173
81.02,0.267429472417291,0.01458193600267077,9.420267878144486,0.0,1,0.00037027894347074763
81.05,0.26868800381404867,0.005280155799809505,9.588876419361327,0.0,1,-0.008143121529919806
80.39,0.19192660252792848,-0.02382708182877022,4.094669192892653,0.0,1,-0.0129369324542854
79.35,0.05088535167421071,-0.05495611089416266,-3.424118421573958,0.0,1,-0.016509136735979646
78.04,-0.13304238639217658,-0.07962794965351666,-11.00906380545063,0.0,1,0.026332649923116236
80.095,-0.04266938989267999,0.0035816822819933133,2.4796133655059975,0.0,1,0.007928085398589246
80.73,0.05898955751479207,0.035080209896488454,5.832344563623451,0.0,1,0.004211569428960615
81.07,0.13323656809228623,0.03644240682466088,7.611561369959134,0.0,1,0.03318120143086234
83.76,0.3834236927066854,0.09554317714635335,18.696782453107375,-0.7942069928900537,1,0.0168338108882522
85.17,0.5940652806216633,0.1020615883537771,22.834319134226348,-1.1271466425051813,1,0.0354584947751555
88.19,0.9015473011940145,0.13651453630870947,29.334712633290167,-2.3224210577399873,1,0.03379067921533063
91.17,1.2284927030473511,0.1544866460540153,33.62954811422017,-2.986463536694103,1,-0.002906657891850406
90.905,1.2675076787200794,0.06450054057558119,31.946780748783482,-1.0602848846950792,1,0.01353060887739943
92.135,1.2838895266631027,0.026960796172868173,33.64407156233649,-0.6347555254469768,1,0.019807890595322064
93.96,1.3371729900793525,0.02674808652970606,35.838958034422234,-0.5628344081560925,1,0.027085994040016992
96.505,1.464466972614204,0.05134735635485255,38.27661363276633,-0.86957018376674,1,-0.02844412206621405
93.76,1.1773250494971137,-0.07859818892074588,23.179940796559777,0.0,1,-0.04015571672354945
89.995,0.6218936671471482,-0.21134319042357053,8.050533455190575,0.0,1,-0.004500250013889651
89.59,0.2586035037098924,-0.19154445128694214,6.650680160454627,0.0,1,-0.022212300479964364
87.6,-0.11042520331788808,-0.18685771943824087,0.06010109068898828,0.0,1,-0.02391552511415529
85.505,-0.4603207898886268,-0.17891776866965992,-5.936265667780781,0.0,1,-0.044909654406175004
81.665,-0.9169085173499383,-0.21183516537699054,-14.577573254934663,0.0,1,0.012857405253168475
82.715,-0.981293337968097,-0.0920733286650498,-10.946283086684623,0.0,1,0.014991234963428468
83.955,-0.8283779701131664,0.020280679729960283,-6.758357746401813,0.0,1,-0.037758322911083386
80.785,-0.9470554553429338,-0.03279893516660237,-13.820130933757277,0.0,1,0.04419137216067348
84.355,-0.6299729100125688,0.09476120338792082,-2.991278670805869,0.0,1,-0.024954063185347652
82.25,-0.5943505615130107,0.04346118396249299,-7.694183535191101,0.0,1,-0.02468085106382978
80.22,-0.6961768404704856,-0.01945503166499396,-11.790219202707753,0.0,1,-0.01215407629020182
79.245,-0.7703252432433345,-0.031201144812614268,-13.667482579166247,0.0,1,0.019496498201779344
80.79,-0.6144556743594904,0.04155614135707664,-8.598524488146495,0.0,1,0.01906176506993429
82.33,-0.35698291705428176,0.09967629955409513,-3.8502233015978575,0.0,1,0.028179278513300154
84.65,-0.005164628647150948,0.15049819598707534,2.581458164484637,0.0,1,0.050679267572356634
88.94,0.5286749012770144,0.2281125753037469,11.924865158002682,0.0,1,-0.0011243534967393387
88.84,0.7432050911326797,0.14754758838647075,11.610444110861998,0.0,1,0.04603782080144092
92.93,1.1293697617994525,0.17790408635108124,18.80780495095273,0.0,1,-0.015818357903798708
91.46,1.1058379503162143,0.05145742495594763,14.014962005936965,0.0,1,0.02651432320139957
93.885,1.2040022153815926,0.049873896673775286,18.089189108282582,0.0,1,0.0012781594503912252
94.005,1.1627508299658018,0.002874170419328248,18.286609919002743,0.0,1,0.005265677357587428
94.5,1.086479234760759,-0.02446580826190492,19.161061867713443,0.0,1,-0.004497354497354444
94.075,0.922386834261502,-0.06285273625372068,17.3884248780801,0.0,1,-0.016848259367525986
92.49,0.6313917311567536,-0.11794927978615632,10.918419937510272,0.0,1,0.004973510649800117
92.95,0.4716115353413244,-0.09257649186719519,12.092061628648999,0.0,1,-0.010274341043571833
91.995,0.27283714282182814,-0.09711696146223048,8.069397566227153,0.0,1,0.010217946627534058
92.935,0.22904685132692748,-0.04696908431904373,10.84374475704184,0.0,1,-0.004196481411739339
92.545,0.155564467968901,-0.04015048922569006,9.04283820958841,0.0,1,-0.00010805554054793554
92.535,0.10502623729247773,-0.030229573300704443,8.993090936889146,0.0,1,0.029178148808558957
95.235,0.29600493551322415,0.05358304164001401,17.266975245794796,0.0,1,-0.018165590381687413
93.505,0.22266053999749147,-0.006587117958572891,8.818026303692406,0.0,1,-0.022672584353777725
91.385,-0.009233369426823401,-0.07949367579429593,0.22800968814799916,0.0,1,0.0175083438201018
92.985,0.008922456646587307,-0.020445949906961743,5.658461079484468,0.0,1,-0.012313814056030492
91.84,-0.07815983503725477,-0.03584274719693461,1.215285124607334,0.0,1,-0.01186846689895471
90.75,-0.2060209946260727,-0.054567968928584176,-2.772534101589031,0.0,1,0.0002203856749309896
90.77,-0.2511164915349724,-0.03322115527916128,-2.6888937333045746,0.0,1,0.02511843119973567
93.05,-0.06273786569485651,0.05171915685365154,6.120263134457751,0.0,1,-0.002525523911875327
92.815,0.017096269366447814,0.043851097304985306,5.065904052932304,0.0,1,-0.0019932123040456995
92.63,0.04017198111655773,0.022308936351698408,4.175608913285977,0.0,1,0.003076756990176177
92.915,0.07211217189856711,0.0180830423779026,5.409630956774883,0.0,1,-0.004574073077544094
92.49,0.04665625296468079,-0.002457625518661244,3.04286794666411,0.0,1,0.023732295383284807
94.685,0.21295693908402313,0.05461435353356037,12.286957961071352,0.0,1,-0.017109362623435653
93.065,0.14336087055335156,-0.004993904999037069,3.62926075602509,0.0,1,0.004781604255090555
93.51,0.13369943040858345,-0.004885115047935068,5.516415588635127,0.0,1,0.010640573200727088
94.505,0.2006437578021405,0.020686404115207335,9.601058201743804,0.0,1,0.03920427490608969
98.21,0.5261456083487417,0.11539608488726955,20.723424371965507,-1.7724464472655796,1,0.0033601466245800626
98.54,0.6725510662596577,0.08726718093272856,21.499950428007722,-1.0343468313944726,1,0.006444083620864571
99.175,0.7426245396934661,0.05244688478884563,23.029428251881683,-0.6202913418737239,1,-0.02586337282581297
96.61,0.5020258981025734,-0.06271725226734903,8.853776396739846,0.0,1,-0.014180726632853746
95.24,0.22572441913192165,-0.11300624374600027,2.774398771851452,0.0,1,0.008714825703485918
96.07,0.13792997805227003,-0.06693356160855063,5.8447109401125275,0.0,1,0.006869990631831024
96.73,0.13753859267475832,-0.022441648995354113,8.243293172538891,0.0,1,-0.016334125917502273
95.15,-0.005785316070230806,-0.05525518591344775,0.8901022031712742,0.0,1,0.028008407777193822
97.815,0.1451181725631301,0.03188276757330438,10.28657538640686,0.0,1,-0.015488422021162407
96.3,0.08222673583289009,-0.010336223052311869,3.786184194328847,0.0,1,0.03213914849428856
99.395,0.30184545614835656,0.06976083242105152,12.873042414412893,0.0,1,0.026661300870265192
102.045,0.6073343616270535,0.12508324596658282,18.723646919938673,-0.78027354704858,1,0.008672644421578779
102.93,0.7832176175641479,0.10032216730122578,20.451480809699902,-0.5142860430940459,1,-0.005343437287476993
102.38,0.760057777402352,0.02572077571314335,17.862707785216813,0.0,1,0.03657941004102372
106.125,0.9972230425379252,0.08762868028290549,24.8535204597014,-1.3295020008292795,1,-0.024782096584216706
103.495,0.8135370882275481,-0.03201909134249048,13.991682292824223,0.0,1,-0.006280496642349975
102.845,0.5997326870534039,-0.08194116417221153,11.539459778507592,0.0,1,0.0042296660022362875
103.28,0.4791027625452102,-0.06752369622680177,12.605032034224259,0.0,1,0.006196746707978207
103.92,0.4321959034123495,-0.03814351845322084,14.225317441145734,0.0,1,-0.01943802925327176
101.9,0.20439281522821773,-0.08864886887911755,5.753452780696733,0.0,1,0.012463199214916454
103.17,0.17929186986712864,-0.037916604746735555,9.486648536699875,0.0,1,-0.0009692740137637879
103.07,0.14346707469765363,-0.024580466638736864,9.050754828530991,0.0,1,0.0002910643252158618
103.1,0.1160990875547867,-0.017316151260534596,9.150530867999151,0.0,1,0.0002424830261882338
103.125,0.09482350335377987,-0.012863911820513815,9.242483532334077,0.0,1,0.010763636363636309
104.235,0.16878375264046497,0.0203654458220571,13.316215868385441,0.0,1,0.04235621432340397
108.65,0.5596152312304383,0.1370656414706768,24.555594564184076,0.0,1,-0.012057063966866122
107.34,0.5992297012562204,0.0588933704988196,17.715611044230528,0.0,1,0.05310229178311898
113.04,1.044101127831098,0.16792159902456583,27.63531408810117,-2.4054973152570653,1,-0.00809447983014866
112.125,1.1032784137992735,0.0756996283309137,23.601670682117103,-0.289284740394649,1,0.05181716833890748
117.935,1.5250938556334148,0.165838356721685,30.682708928172204,-3.684035996005349,1,-0.004451604697502942
117.41,1.5651604219143707,0.06863497433421362,28.566784566507877,-1.1718377638875097,1,-0.011370411378928469
116.075,1.3435136698953158,-0.051003925894947066,23.146841804292166,0.0,1,0.024079259099720085
118.87,1.3536474880611848,-0.013623369243026096,26.860248000950776,0.0,1,0.026373349036762805
122.005,1.5071604398056877,0.04662986083382559,30.261938578470392,-0.12681238940623984,1,-0.022171222490881548
119.3,1.2329035456941284,-0.07587567775924464,20.34742269823397,0.0,1,0.01123218776194479
120.64,1.1046998031638395,-0.06802647342984458,22.23520275387787,0.0,1,-0.008869363395225482
119.57,0.8593729483017114,-0.10445110943065761,18.373210574603874,0.0,1,-0.024379024839006336
116.655,0.422178441845503,-0.18054853862895537,8.849285687598666,0.0,1,0.0045861729030045595
117.19,0.21298298513028158,-0.1299146651147256,9.985906704192374,0.0,1,0.09279802030890005
128.065,0.9968866746784784,0.21799634147782376,25.358309955912745,0.0,1,0.004255651427009788
128.61,1.3511812965627001,0.19076365445401522,25.874407163522136,0.0,1,0.03137392115698612
132.645,1.7519801661245822,0.19718750800529916,29.420153600520095,0.0,1,0.04549738022541372
138.68,2.3092979203951245,0.2515017540919473,33.4599368972286,-2.442732470666982,1,-0.025454283241995945
135.15,2.101348637497466,0.014517490398096466,24.017091540385692,0.0,1,0.011468738438771497
136.7,1.9514282762571895,-0.045134290280726796,25.37631943081145,0.0,1,-0.04275786393562542
130.855,1.2267657392822855,-0.25659894241854353,11.82506745163058,0.0,1,0.008215200030568415
131.93,0.8517873258546445,-0.21052578528206145,13.177871283112175,0.0,1,-0.010005305844008161
130.61,0.48331584198629685,-0.19299908971680302,10.264210585639155,0.0,1,0.014738534568562667
132.535,0.4192204465532541,-0.08569816171661526,13.027149096143319,0.0,1,-0.006903836722375156
131.62,0.27598771162394087,-0.07631029888197616,10.794593989066193,0.0,1,0.008091475459656605
132.685,0.2701223681906413,-0.02739188077175858,12.511923701114178,0.0,1,-0.002524776726834266
132.35,0.21676283245810168,-0.02691713883476607,11.569329332505205,0.0,1,-0.01144692104268974
130.835,0.04576949522032692,-0.06597015869084695,7.232892832817285,0.0,1,-0.0035923109259754504
130.365,-0.08270796466692332,-0.06481587285936574,5.87633230702739,0.0,1,0.022168526828519886
133.255,0.10077896911170114,0.039557020306419576,12.025825130156733,0.0,1,0.013883156354358217
135.105,0.3382908552417234,0.09235630214548063,15.450654180340578,0.0,1,0.0056622626845788115
135.87,0.49260589370322805,0.0822237802023284,16.82534236382935,0.0,1,0.001803194229778482
136.115,0.549129588458726,0.04624915831927545,17.28849804554352,0.0,1,-0.006758990559453504
135.195,0.45496397013158685,-0.01597215333595453,13.584658831790556,0.0,1,-0.00299567291689784
134.79,0.3362174967903684,-0.044906208892391,11.917603121548005,0.0,1,0.01294606424808964
136.535,0.3942428020538955,0.0043730321237120395,16.16447002175073,0.0,1,-0.0025634452704433874
136.185,0.36123522118117535,-0.009544849583002724,14.559976951837015,0.0,1,0.09116275654440642
148.6,1.349211828979719,0.3261439194051803,31.87916205915228,-6.245248879434456,1,-0.026816958277254277
144.615,1.3986824804640037,0.12520485696315498,19.726523939988056,-0.5635554763948676,1,-0.009335131210455483
143.265,1.1943609328341438,-0.026372230222234894,16.037184148226928,0.0,1,0.01193592294000645
144.975,1.1351700812830359,-0.02852102725778094,18.39104412078069,0.0,1,-0.01907225383686828
142.21,0.7805604820672158,-0.12771020882453366,10.818076037377956,0.0,1,0.002496308276492387
142.565,0.5677923089536989,-0.11349279397935019,11.427383779632017,0.0,1,-0.004348893487181371
141.945,0.3624255299841366,-0.1062865243163042,9.628007208619074,0.0,1,0.0013737715312267529
142.14,0.24579001300068626,-0.07430734709991815,10.037095920024228,0.0,1,0.018432531307162048
144.76,0.3853230867588877,0.021741908886094452,15.288073841901621,0.0,1,-0.004455650732246297
144.115,0.3692293664080921,0.001882729511766268,13.022920586588306,0.0,1,0.015959476806716832
146.415,0.5220800590320209,0.051577807378565044,17.491651946204257,0.0,1,-0.01806508895946446
143.77,0.33458206709133265,-0.04530672818737441,8.463627415589592,0.0,1,0.0003825554705430001
143.825,0.21753456553003048,-0.054118076582892194,8.591602551394736,0.0,1,-0.007613419085694462
142.73,0.04963293428855309,-0.07400656927478987,4.853023857569973,0.0,1,0.03261402648357037
147.385,0.34946270747710173,0.07527440130458629,15.308749180534193,0.0,1,-0.003426400244258221
146.88,0.428172368448287,0.0513280207585905,13.535097311166354,0.0,1,0.027335239651416154
150.895,0.7664295015632092,0.12986171795783763,20.590690139735273,0.0,1,-0.009112296630107042
149.52,0.7571056096570601,0.04017927535056287,15.749776124589175,0.0,1,0.002441144997324729
149.885,0.7197681962325646,0.0009472873086890932,16.42881443355199,0.0,1,-0.010608132901891443
148.295,0.508618806500948,-0.0700673674743092,10.612415283559606,0.0,1,-0.012306551131191168
146.47,0.20857587776004038,-0.12337009873840565,4.523944796880585,0.0,1,-0.017034204956646426
143.975,-0.16674357642372684,-0.16622985097405765,-2.69420848349354,0.0,1,0.01111304045841277
145.575,-0.2071746721469765,-0.06888698223243578,1.8479332935506818,0.0,1,-0.011162630946247587
143.95,-0.3455423306630223,-0.06908488024949389,-2.748339038808254,0.0,1,0.00020840569642244233
143.98,-0.3834309656991195,-0.035657838428530375,-2.6525933010991523,0.0,1,0.16783581052924035
168.145,1.6433272972577413,0.6637001415094436,29.938447635866467,-10.090598421122365,1,-0.017544381337536108
165.195,2.2739291539647013,0.4314339994054679,23.74669320216634,-3.5366565308006273,1,-0.003692605708405128
164.585,2.348902652821124,0.16880249942063008,22.457241384842277,-0.21210338307844268,1,0.020506121456997928
167.96,2.4718975145142394,0.097265787037915,25.13044485844007,-0.40875104845292753,1,0.002470826387235059
168.375,2.3619868191512694,-0.004214969441684868,25.455909145561307,0.0,1,-0.022271714922049046
164.625,1.7976992365405238,-0.18950085068414357,16.69285857405312,0.0,1,-0.0016400911161731369
164.355,1.3432471755234303,-0.21465097056707894,16.078933916668277,0.0,1,-0.007514222262784753
163.12,0.9011672137212656,-0.21891031078974788,13.125668898509844,0.0,1,0.007203285924472613
164.295,0.7029466316767525,-0.1390436309447537,14.789246674162598,0.0,1,-0.025076843482759514
160.175,0.20192412134809956,-0.2133553804244689,5.1038437458079,0.0,1,0.008834087716560024
161.59,0.05250252273808087,-0.12092565967816254,7.526804678470022,0.0,1,0.020669595890834946
164.93,0.2517498465382175,0.02610722137399138,12.793132353699242,0.0,1,-0.04874795367731777
156.89,-0.3396056454398888,-0.18841609020137165,-2.8450778810261,0.0,1,-0.031104595576518568
152.01,-1.013649587642277,-0.28748667746792,-9.626122798026962,0.0,1,-0.053812249194131856
143.83,-1.9478674264399558,-0.4072348387551996,-18.155154173945775,0.0,1,-0.0001738163109226143
143.805,-2.254737393635452,-0.23803493531689845,-18.177982347315996,0.0,1,-0.010291714474462088
142.325,-2.343610927763592,-0.10896948981501309,-19.610924621296505,0.0,1,-0.002072720885297641
142.03,-2.217330117514024,0.0057704401448517295,-19.910997376723817,0.0,1,-0.006688727733577315
141.08,-2.048578869263082,0.05817389613193136,-20.937822099559554,0.0,1,-0.01903175503260568
138.395,-2.01723833936569,0.029838142009774415,-23.75089624534964,0.0,1,-0.009935330033599477
137.02,-1.9480482128031724,0.03300942285743069,-25.12114468280532,0.0,1,-0.00956064808057222
135.71,-1.8602824651216565,0.04025839017964894,-26.42395695201298,0.0,1,-0.020042738191732412
132.99,-1.8880427191874105,0.004166045371298388,-28.965193358514245,0.0,1,0.006053086698247778
133.795,-1.6775026196213503,0.07156871497911954,-26.262061924400935,0.0,1,-0.018573190328487477
131.31,-1.6395240182031898,0.03651577213242674,-28.756360228653335,0.0,1,-0.032632701241337214
127.025,-1.840991049310503,-0.05498375299162883,-32.31642153219233,0.0,1,-0.003030899429246281
126.64,-1.8203919774216217,-0.011461560367582502,-32.607399735208915,0.0,1,-0.06502684775742262
118.405,-2.3446431100253875,-0.1785708976571163,-37.496931555503394,0.0,1,0.02875723153583043
121.81,-2.1276317504918154,0.012813487292151926,-27.4888062370851,0.0,1,0.0047615138330185935
122.39,-1.7934900915173841,0.11565171542219432,-25.84683426926666,0.0,1,-0.01290955143394068
120.81,-1.6086284210703923,0.10017112862306199,-27.30259361086079,0.0,1,-0.03513781971691088
116.565,-1.735895217424357,-0.009031889243634295,-30.763701451736623,0.0,1,0.044138463518208715
121.71,-1.2261206808159812,0.16691421578824706,-17.00411061657173,0.0,1,0.04551803467258253
127.25,-0.4073900224437921,0.3285482913868121,-5.659046748214919,0.0,1,-0.002396856581532436
126.945,0.010507808612615577,0.24881537414773994,-6.113598188765316,0.0,1,-0.009768009768009733
125.705,0.1152477400897709,0.11785176854163179,-8.05594921735414,0.0,1,0.07163597311165026
134.71,0.9084303941541947,0.30367814086868516,7.221291880629558,0.0,1,-0.062319055749387675
126.315,0.5297358550068907,-0.025005466092872908,-5.035181380170904,0.0,1,0.0
126.315,0.29624393084932876,-0.08616579675014496,-5.035181380170904,0.0,1,0.0024145984245735885
126.62,0.18022764119977808,-0.06739402879989856,-4.511472548847415,0.0,1,0.030642868425209357
130.5,0.4305338596083459,0.06097072986955643,1.9513215444829441,0.0,1,-0.02570881226053645
127.145,0.24022581384527086,-0.04311243863117287,-3.3611709884716134,0.0,1,-0.011758228793896652
125.65,0.00046963980996395094,-0.09428953755549327,-5.608702210719777,0.0,1,0.009112614405093478
126.795,-0.02403091719185113,-0.039596698185769455,-3.418076763985873,0.0,1,0.01309199889585555
128.455,0.10405471407322864,0.02949631102643678,-0.23055307842935235,0.0,1,0.032307033591529866
132.605,0.5052596368663274,0.1435670779398452,6.911513742087152,0.0,1,0.03740432110403091
137.565,1.0770904618573525,0.23846596764362338,13.755234933704628,-1.0262122798396263,1,-0.03162141533093443
133.215,0.9107483358647528,0.02404128055034127,5.210172395844971,0.0,1,-0.022970386217768257
130.155,0.4966815782130709,-0.13000849236711354,-0.02511861070063759,0.0,1,0.010064922592293746
131.465,0.35742473453612433,-0.08975511201468672,2.133903527158921,0.0,1,0.008975773019434863
132.645,0.35634425148631976,-0.030278531688163746,4.115884736375605,0.0,1,0.00723736288589838
133.605,0.4061086556708915,0.006495290832136014,5.771356791190222,0.0,1,-0.0015717974626696662
133.395,0.3796484697905953,-0.0066549650160533935,5.286532471843856,0.0,1,-0.020990291989954724
130.595,0.1014476710345491,-0.09495192125736654,-1.0212551824592495,0.0,1,-0.05942034534247109
122.835,-0.6927733675963168,-0.2963909866294109,-13.755235523946475,0.0,1,-0.0036634509708144414
122.385,-1.0696527729454033,-0.22442346399283253,-14.352401539360429,0.0,1,-0.004943416268333611
121.78,-1.219371411207831,-0.12471403408508674,-15.208691623517922,0.0,1,0.04048283790441776
126.71,-0.7817831127383954,0.10429142146144965,-3.5599318612422692,0.0,1,-0.020598216399652758
124.1,-0.7153403707754791,0.056911387808121994,-7.9758794890870135,0.0,1,0.012651087832393326
125.67,-0.49167396889606607,0.09352592989584496,-4.511422179176158,0.0,1,0.031670247473541746
129.65,-0.0072012705483501804,0.1926662094145203,3.3419373614033034,0.0,1,0.02109525645969912
132.385,0.4635518511712178,0.22113977704469615,7.965776782293396,0.0,1,0.028099860256071363
136.105,0.9702990911000597,0.24262900565784606,13.441127411055994,0.0,1,0.03137283714779038
140.375,1.4986477868061172,0.25699256712130114,18.64943584982599,0.0,1,-0.004131789848619838
139.795,1.5896014857586351,0.11598208869127302,17.204463200854775,0.0,1,-0.005007332164955747
139.095,1.4442782114217039,-0.00978039521521934,15.359618968731297,0.0,1,0.01987850030554661
141.86,1.4816767233014048,0.009206038888160517,19.084347223576387,0.0,1,-0.007013957422811301
140.865,1.2939862522995043,-0.05949481070458007,16.236637953548126,0.0,1,0.013949526142051027
142.83,1.2560588291069053,-0.03247407796572643,19.037247213815476,0.0,1,-0.017958412098298848
140.265,0.9186735484183828,-0.12328645288474971,11.62353463045028,0.0,1,0.012298149930488833
141.99,0.8171747790392487,-0.07492840742129458,14.474255455042638,0.0,1,0.017959011197971497
144.54,0.9108274960964309,0.006241436545295853,18.337430952174202,0.0,1,-0.0017296250172962324
144.29,0.8609182299503004,-0.014555943200278199,17.53740707124696,0.0,1,-0.0011088779541201799
144.13,0.7508870777147365,-0.04152903181194734,16.9798033854551,0.0,1,-0.00131825435370847
143.94,0.6174642451207148,-0.058317288135323,16.258013531576495,0.0,1,0.009934695011810435
145.37,0.6184641417302998,-0.019105797175245964,19.047372174401588,0.0,1,0.024179679438673718
148.885,0.8603420782242495,0.07425737977290126,24.748573850895212,0.0,1,0.004600866440541473
149.57,0.9666692066191729,0.06019483605594156,25.717058850257416,0.0,1,-0.014374540349000542
147.42,0.7601103369317173,-0.04878801121050469,16.78427941662406,0.0,1,-0.02241893908560566
144.115,0.31807170734367674,-0.16360888026618176,5.5839075165515695,0.0,1,0.005551122367553507
144.915,0.13721308360433682,-0.11482250133517391,7.500872698319149,0.0,1,0.004657902908601574
145.59,0.0915993481009707,-0.053478745612846684,9.153591723296259,0.0,1,-0.008791812624493467
144.31,-0.04550746532578387,-0.06352851967986708,4.673760544538105,0.0,1,-0.010255699535721585
142.83,-0.23360191659534735,-0.08387432364981018,-0.1740470875996749,0.0,1,-0.0010501995379121887
142.68,-0.320682315847165,-0.056984907633875925,-0.6666467411188393,0.0,1,0.008270255116344272
143.86,-0.23916565581916416,0.00817725079804163,3.3634301124984134,0.0,1,0.004240233560405926
144.47,-0.12764352115354427,0.03989979515455383,5.401040790700108,0.0,1,0.030317713020004078
148.85,0.30375450627539635,0.15709927419449818,16.928828159147656,0.0,1,-0.005979173664763082
147.96,0.4199739778002254,0.09110624857310906,13.238410132761025,0.0,1,-0.013652338469856806
145.94,0.27475254874596544,-0.018038393493716942,5.518395841882963,0.0,1,0.007057694943127357
146.97,0.26507912182336213,-0.009237273472106733,8.395904207422902,0.0,1,-0.01041028781383957
145.44,0.11065248154343976,-0.05455463791734305,2.762473021224686,0.0,1,0.015539053905390565
147.7,0.2125514546081888,0.01578144504913534,9.219308115807792,0.0,1,-0.035612728503723656
142.44,-0.19254501341012542,-0.12977167432305967,-6.2466978427655135,0.0,1,-0.0004212299915754558
142.38,-0.38404782963507955,-0.10709149684933794,-6.391046750932375,0.0,1,0.03511729175445999
147.38,-0.031128585277997445,0.0819425825025814,6.804267908261963,0.0,1,0.014452435880037973
149.51,0.32542508567374284,0.14616541781810724,11.11149644990138,0.0,1,-0.0023409805364189573
149.16,0.447416497343454,0.08938560982927285,10.018822771599503,0.0,1,0.014145883614910204
151.27,0.6469608283996706,0.09630998029516313,14.295112600402021,-0.1626877737869279,1,-0.0007271765716930778
151.16,0.6836529248944885,0.04433402559666033,13.899222312530512,0.0,1,-0.0022492722942577537
150.82,0.6166945627340112,-0.007541445521272339,12.575953476867205,0.0,1,0.004442381646996507
151.49,0.5876575014259231,-0.01219283560978679,14.199250552800223,0.0,1,-0.010759786124496684
149.86,0.38833417898641187,-0.07050538601643269,7.461783481478555,0.0,1,-0.014546910449753092
147.68,0.07464466951779514,-0.12806496516168317,-0.2905436485835793,0.0,1,0.0020991332611051128
147.99,-0.0625871410096579,-0.08843225856304539,0.7590994794199233,0.0,1,-0.0014190147982972023
147.78,-0.14348745118925876,-0.056444189580882084,-0.02598193686611694,0.0,1,-0.022804168358370625
144.41,-0.45281365201327617,-0.12192346346829985,-10.828774646545014,0.0,1,0.012949241742261641
146.28,-0.41390894809083534,-0.027672919848619693,-3.675032450823288,0.0,1,-0.006015859994531025
145.4,-0.43329751712204256,-0.015687162959942325,-6.358651901589255,0.0,1,-0.020701513067400423
142.39,-0.6577170085441537,-0.08003555146068453,-14.233223291652848,0.0,1,0.0002809186038346123
142.43,-0.7117836702098543,-0.04470073770879501,-14.06254278394605,0.0,1,-0.004282805588710303
141.82,-0.7303350285252179,-0.021084032008052866,-15.610904066373408,0.0,1,-0.0028204766605556264
141.42,-0.712082788639151,-0.0009439307073286773,-16.657574121417653,0.0,1,0.008061094611794717
142.56,-0.5486164363095156,0.054174140540768856,-10.797819934842302,0.0,1,-0.01220538720538722
140.82,-0.5661652237855606,0.01220845102157464,-15.883981202057484,0.0,1,0.009657719073995263
142.18,-0.4144258488747994,0.05464927531077862,-9.21224887896657,0.0,1,0.02081868054578684
145.14,-0.05735400734650398,0.13724037227969135,2.435715641301762,0.0,1,-0.003169353727435431
144.68,0.08762808069650418,0.09407415344089987,0.7131235265560676,0.0,1,-0.011888305225324802
142.96,0.009483451326616432,0.005309841357004039,-5.377197722916328,0.0,1,0.026440962506995014
146.74,0.2846208490311426,0.09348241302051008,7.179879595384108,0.0,1,-0.00388442142565093
146.17,0.35097114379746586,0.05327756926227778,5.086985991250835,0.0,1,-0.006567695149483299
145.21,0.2748986958641808,-0.007598292890335756,1.5556879876838323,0.0,1,-0.018249431857310094
142.56,-0.0068790860911462914,-0.09645869161522096,-6.915405896424218,0.0,1,-0.0007716049382716639
142.45,-0.15636138656122966,-0.08198033069510144,-7.239454716758324,0.0,1,0.02576342576342583
146.12,0.08776091208383718,0.054047322649988475,5.240309573067883,0.0,1,0.02860662469203401
150.3,0.5508419853993871,0.17237613198851282,14.91959333804644,-1.5128089967763003,1,-0.0023286759813707647
149.95,0.7073123566072184,0.10961550106544804,13.639238417494056,-0.20371155395918095,1,0.014671557185728767
152.15,0.9099381791605197,0.10408044120624982,18.04129734838928,-1.121586466765848,1,0.025698324022346286
156.06,1.2612562421738005,0.15179950140651033,24.207615664099663,-2.706489006037316,1,-0.0038446751249519018
155.46,1.2818105868326484,0.057451282021786065,21.844092590494057,-0.37815216947049635,1,0.020326772160041084
158.62,1.448603543592668,0.07474807959393526,26.26742479486161,-1.26930965690309,1,-0.018913125709242196
155.62,1.1612830600066388,-0.07085746799736459,15.42523548348234,0.0,1,-0.006104613802853209
154.67,0.8416825632130553,-0.13015265493031603,12.30860186504016,0.0,1,0.01965474882006868
157.71,0.8650754345485154,-0.03558659453161861,17.76789693854603,0.0,1,0.010208610741233803
159.32,0.9388489173371966,0.012728962752354134,20.299350960182622,0.0,1,-0.007280944012051149
158.16,0.8008315822867758,-0.041762790766022184,16.14081423191186,0.0,1,-0.01378351036924641
155.98,0.4834202829043477,-0.11972469671615005,8.869162383626382,0.0,1,-0.007821515578920413
154.76,0.1827629429710953,-0.14012734554980083,5.102183571502607,0.0,1,-0.049366761437063755
147.12,-0.6194626389097664,-0.3141176424768875,-11.873392008093823,0.0,1,-0.016653072321914153
144.67,-1.173120209941061,-0.28925840450272744,-15.644603438742209,0.0,1,0.009953687703048608
146.11,-1.2321889779616129,-0.1161090575077599,-11.661507657775957,0.0,1,0.009171172404352612
147.45,-1.0473742804750827,0.02290187999292348,-8.021435545026648,0.0,1,0.0004747371990507787
147.52,-0.8618524083588852,0.06947458403637363,-7.823305883321076,0.0,1,0.023793383947939173
151.03,-0.4047704382709014,0.17551885137478584,1.4192450898726108,0.0,1,-0.022843143746275496
147.58,-0.4299985833710025,0.05009690209156159,-6.222751921203063,0.0,1,-0.01937931969101514
144.72,-0.6451127739734659,-0.05500576283696723,-11.494005835426165,0.0,1,0.01568546158098405
146.99,-0.509743804776889,0.026787735453203232,-5.59082714440715,0.0,1,0.021498061092591225
150.15,-0.13624733644721232,0.13342806792762663,1.5962293024363134,0.0,1,0.026706626706626713
154.16,0.39602150908822864,0.2218989711543559,9.059305938214656,0.0,1,0.0009730150492994749
154.31,0.6416541394319495,0.1558438671660256,9.31999575863508,0.0,1,-0.005119564512993224
153.52,0.6451659429844767,0.05311855690618428,7.1890373139435795,0.0,1,-0.015046899426784832
151.21,0.4006580161787099,-0.06379645663319417,1.2119751257988582,0.0,1,0.0009919978837378274
151.36,0.25751588476092024,-0.06897952935032792,1.5771176348196718,0.0,1,0.02332188160676507
154.89,0.45865182865529164,0.044052138181347844,9.502470782653738,0.0,1,-0.013558008909548724
152.79,0.34599881488119877,-0.022866958530915027,3.6935894605116815,0.0,1,-0.014006152235093827
150.65,0.08250574008738454,-0.09545334444157644,-1.6508073889841626,0.0,1,0.04228343843345517
157.02,0.4747170576831934,0.09891932438474416,11.141423691361183,0.0,1,0.02617500955292318
161.13,0.9737629616741685,0.1993217427919065,17.000583254055883,-1.767302204567244,1,0.001365357165022063
161.35,1.160472333530123,0.12867703821595367,17.293885737019338,-0.24228971256758314,1,-0.0030368763557482303
160.86,1.1162876583306058,0.028164121005478826,15.8455580006504,0.0,1,-0.0033569563595674534
160.32,0.956171349203288,-0.043984062707279614,14.15482231890114,0.0,1,-0.0028692614770458036
159.86,0.7580989155393638,-0.08068549879040121,12.63262342799576,0.0,1,-0.0011259852370825163
159.68,0.580887789079128,-0.08596554175021232,11.993098318249054,0.0,1,0.006888777555110082
160.78,0.5355415767590728,-0.04377058469008921,14.457346879483808,0.0,1,-0.0019902973006592495
160.46,0.44157333920244923,-0.04591294074890423,13.134219537500911,0.0,1,0.007166895176367927
161.61,0.4536247754906242,-0.011287168153576443,15.927048420027774,0.0,1,-0.009590990656518805
160.06,0.29268176234378984,-0.057410060433470245,9.209599586246576,0.0,1,0.013619892540297496
162.24,0.3694867755750977,0.006464984265945883,14.812483632695532,0.0,1,-0.00468441814595677
161.48,0.3137653842261443,-0.016418802361002516,11.53822328530508,0.0,1,0.002043596730245234
161.81,0.2872575731994971,-0.014308871129216583,12.453354820522748,0.0,1,0.023546134355107773
165.62,0.5675655365862156,0.088666364085834,21.2336244288023,0.0,1,-0.021374230165438934
162.08,0.36542239023071943,-0.03782559408988739,7.380780501573639,0.0,1,0.0022211253701873712
162.44,0.2638989512004173,-0.046449677706729864,8.297161849486614,0.0,1,-0.01729869490273328
159.63,-0.043021014248097345,-0.11778988105174817,-0.8654455957580041,0.0,1,-0.029067217941489587
154.99,-0.5795625791183454,-0.2181104819739988,-11.862827575735558,0.0,1,0.021872378863152298
158.38,-0.5170364799602964,-0.05186146093864996,-2.3509534939359895,0.0,1,0.022161889127415124
161.89,-0.1501870570512267,0.10499598732347326,5.517516009176916,0.0,1,-0.006856507505095921
160.78,-0.04674675750911206,0.06947876228852931,2.7325628100334214,0.0,1,0.006095285483268986
161.76,0.09053562205437515,0.06892038061733885,4.949474159804915,0.0,1,0.008098417408506364
163.07,0.26079884333159953,0.07972786729818776,7.883356760310747,0.0,1,0.000551910222603702
163.16,0.3316972170258907,0.050208746997493,8.091696277825754,0.0,1,-0.0052708997303260174
162.3,0.2678383024542086,-0.004550055858063062,5.192919942766395,0.0,1,-0.0017868145409736247
162.01,0.18942231996385317,-0.027655346116139484,4.179950624512607,0.0,1,-0.047898277884081186
154.25,-0.5122375312783163,-0.24310506578610297,-14.947387245980273,1.4782621712893729,1,-0.010826580226904303
152.58,-0.9595476626261927,-0.23013839904465982,-17.67606580820791,1.5450538984847242,1,0.0010486302267662673
152.74,-1.0899070897479533,-0.12016594205547348,-17.119849192855987,0.0746862038612619,1,-0.015582034830430747
150.36,-1.2625945458298418,-0.09761779937912074,-21.052093402411803,0.7601251542834007,1,-0.011638733705772841
148.61,-1.389555395051616,-0.07485954953363172,-23.628746955982667,0.604319062977396,1,0.001009353340959418
148.76,-1.3247395367415606,-0.003347897074525541,-23.00983208637598,0.0,1,0.0024872277493950268
149.13,-1.151103312858055,0.056762775602993365,-21.365684132527495,0.0,1,0.0062361697847515
150.06,-0.8908599248447899,0.10566872120541948,-17.14290479448495,0.0,1,0.0
150.06,-0.6864999037677819,0.10334291409414254,-17.14290479448495,0.0,1,-0.005797680927629001
149.19,-0.5996115679152751,0.06341041664888314,-19.244653841320176,0.0,1,-0.005898518667470931
148.31,-0.579533102662765,0.027829627300464455,-21.30738546589984,0.0,1,-0.013350414671970845
146.33,-0.6861994448146049,-0.02627890495045848,-25.42751763755042,0.0,1,-0.00881569056242748
145.04,-0.7898493288226405,-0.043309596319498045,-27.7413015675962,0.0,1,0.0014478764478764727
145.25,-0.758353493424778,-0.003937920307211851,-26.439400109186693,0.0,1,-0.008743545611015535
143.98,-0.7852427846071066,-0.010275737163180199,-28.822503287342304,0.0,1,0.025698013613001836
147.68,-0.42491719814768203,0.11668328309874809,-9.379999742849343,0.0,1,-0.010224810400866868
146.17,-0.3351779717390002,0.0688075031691433,-13.466283586996411,0.0,1,-0.0022576452076348286
145.84,-0.2898768608897626,0.038036204672793616,-14.337438960725954,0.0,1,0.00041140976412501473
145.9,-0.23806990039099674,0.029947721723853182,-14.028997133440853,0.0,1,-0.03173406442769011
141.27,-0.5781605951090114,-0.10338099099805387,-24.507669637017806,0.42656600228536945,1,-0.03511007291003054
136.31,-1.1133592262089564,-0.21285987403266637,-31.07117173399497,3.225248349733107,1,0.011371139314797274
137.86,-1.1590119395748388,-0.086170862466183,-24.418240982794657,0.3195073600264493,1,0.00573045118235882
138.65,-1.0194206346265275,0.017806814160709505,-21.11339772939881,0.0,1,-0.023584565452578476
135.38,-1.1371732626001858,-0.03331527127098299,-26.01266954950401,0.3165652728826842,1,-0.022381444821982566
132.35,-1.353785138036983,-0.08330904890259339,-29.57860058501367,1.1285071309183081,1,-0.0024933887419719136
132.02,-1.3767756475856459,-0.03543318615041868,-29.93947991837255,0.0,1,-0.06453567641266478
123.5,-1.9835395983944863,-0.21406571231975313,-36.68794248262806,4.168015718254978,1,0.00817813765182196
124.51,-2.0374599405993763,-0.08932868484154777,-33.009777753149976,0.41037499614157014,1,0.020399967874066283
127.05,-1.6829651166518715,0.08838871303531892,-24.211212828508664,0.0,1,0.05242030696576161
133.71,-0.8104706116237992,0.32029440602113035,-6.701619533252291,0.0,1,-0.012788871438187188
132.0,-0.4491841414744613,0.22719362539015608,-9.432272920615404,0.0,1,-0.002424242424242329
131.68,-0.25777556127690104,0.13953406852923878,-9.95735720011951,0.0,1,0.003948967193195596
132.2,-0.09725664107170928,0.10001766291147685,-8.588150595409196,0.0,1,-0.0189863842662632
129.69,-0.21805912754646783,-0.006928274521093902,-13.106726327069005,0.0,1,0.03701133472125839
134.49,0.13971122317835238,0.11694735873457546,-1.2293439067015157,0.0,1,0.01658115845044228
136.72,0.4927871299425419,0.15667442183292168,3.3071143488571195,0.0,1,-0.009289057928613342
135.45,0.5224261558294359,0.06210448257327189,0.47857910110881363,0.0,1,0.007604282022886766
136.48,0.5795434891204252,0.039740605288087094,2.7384090142642634,0.0,1,-0.004689331770222682
135.84,0.5064735316725546,-0.01110978405326113,1.127620671099848,0.0,1,0.0041224970553592755
136.4,0.47439909197592556,-0.014394741249963372,2.5370135058855183,0.0,1,0.0063049853372432185
137.26,0.49049528112959706,0.0005671493012360251,4.763037918937961,0.0,1,-0.006046918257321732
136.43,0.3885021022789772,-0.0338086765164613,2.1406988761999557,0.0,1,0.01465953236091777
138.43,0.47179700433042626,0.01649540851166259,7.579314710802663,0.0,1,0.02073250018059669
141.3,0.7132947049952918,0.08599770305884269,14.086449015604785,0.0,1,0.030785562632696273
145.65,1.1371023299114427,0.1699351093249979,21.459382371849273,-1.0067228563564754,1,-0.023961551664950287
142.16,0.963414281543578,-0.0012509796809555551,10.404698205462005,0.0,1,0.012661789532920631
143.96,0.9462857338976676,-0.0061265091089552914,13.629076426211363,0.0,1,0.038274520700194437
149.47,1.3180309822498941,0.1218729130810905,21.517881069128663,-1.6393415997840464,1,-0.023482973171873867
145.96,1.1015676912385288,-0.031530125976758194,11.999595388098662,0.0,1,-0.001027678816114097
145.81,0.8890387381296421,-0.08135302636188169,11.610246733772136,0.0,1,-0.011727590700226331
144.1,0.566187700064404,-0.13473468814237322,7.070575359105071,0.0,1,-0.029077029840388624
139.91,0.008413206026403941,-0.23083639406012446,-2.4652462710034655,0.0,1,0.008505467800729027
141.1,-0.1720084748281181,-0.13708602497154884,0.16255240192706566,0.0,1,0.009851169383416014
142.49,-0.1320519423530584,-0.03237649749882972,3.2044872815891665,0.0,1,0.0018948698154255261
142.76,-0.07856934758609668,0.007035365756043993,3.8129317831649985,0.0,1,0.003992715046231554
143.33,0.0022193954295630647,0.02927470292390125,5.179899227418183,0.0,1,-0.004046605735017139
142.75,-0.005904516015078798,0.0070502638264197965,3.3932680519246574,0.0,1,-0.008056042031523658
141.6,-0.10530776206945802,-0.030784327409319814,-0.16176769682513026,0.0,1,0.010240112994350348
143.05,-0.025400404924226905,0.01637434324530377,4.118065487611474,0.0,1,0.003145753233135151
143.5,0.054169974058766,0.031981574076098904,5.429373603147361,0.0,1,-0.0055749128919861946
142.7,0.02277433237867399,0.00019531079866896145,2.467358994540348,0.0,1,-0.005255781359495448
141.95,-0.057321349492923446,-0.026633457024309498,-0.2991965970163264,0.0,1,0.009721733004579347
143.33,0.022407588695671166,0.01769849372142837,4.5954860795102235,0.0,1,-0.0085118258564153
142.11,-0.04126190793465412,-0.015323667636298971,-0.16785128947737604,0.0,1,-0.0029554570403209635
141.69,-0.1046581639219255,-0.02623997454119012,-1.7772137075181078,0.0,1,0.011715717411249882
143.35,0.010698555077937044,0.029705581486224146,4.654085234617668,0.0,1,0.0032089291942798415
143.81,0.10581870165472651,0.04160857602100454,6.324428949706629,0.0,1,-0.021556220012516447
140.71,-0.11377278352810549,-0.059327636387275826,-5.852442330719313,0.0,1,-0.018477720133608044
138.11,-0.4307541274922073,-0.12543632678379257,-13.255347798387994,0.9988479558556378,1,0.001448121062920693
138.31,-0.5366819555165705,-0.07712138493605192,-12.361575808377914,0.34790795449285383,1,-0.0027474513773406706
137.93,-0.576589039902359,-0.039009489773946804,-13.451777481207749,0.10191582430491053,1,-0.008482563619227279
136.76,-0.645993495436727,-0.03613798176943828,-16.746870581999936,0.561263562749815,1,-0.04782100029248315
130.22,-1.1718629319175022,-0.1873358060834045,-28.68323561106296,4.181783384185138,1,0.010981416065120708
131.65,-1.2179757391647854,-0.07781620444356263,-22.371845886397175,1.0434501522341293,1,0.008127611090011255
132.72,-1.0503674978580193,0.029930678954401158,-17.847245393388064,0.0,1,0.022377938517178952
135.69,-0.6315327523831229,0.1495884748097659,-6.879941192507559,0.0,1,-0.017908467831085573
133.26,-0.5719876502804198,0.06971119230415634,-12.404646943674166,0.0,1,-0.010880984541497773
131.81,-0.6153827950390394,0.008772015848512282,-15.348218478092043,0.0,1,0.005234807677718001
132.5,-0.5282984678317462,0.031952114351935124,-12.750476376318545,0.0,1,-0.01101886792452833
131.04,-0.5623980985754713,-0.0007158387972633351,-15.93424537919799,0.0,1,-0.008623321123321093
129.91,-0.6267480723993799,-0.021688604207057316,-18.26672971666602,0.0,1,0.0015395273650991026
130.11,-0.5900273866113821,0.005010693860313498,-17.359723918074792,0.0,1,0.007532088233033418
131.09,-0.44083142816643317,0.051402217435087494,-12.815874352064931,0.0,1,0.0017545197955601832
131.32,-0.31033082993008065,0.060634271890479985,-11.730000986114838,0.0,1,-0.005254340542186986
130.63,-0.27671962831772134,0.03141515783427978,-13.815051023098604,0.0,1,-0.009186251243971433
129.43,-0.33685405848507344,-0.009573090777690751,-17.261748434742664,0.0,1,0.0018542841690487588
129.67,-0.318850102028307,0.002810288559691898,-15.867519824298228,0.0,1,0.009331379656050132
130.88,-0.18244394863089042,0.04640548065236949,-9.014864734648256,0.0,1,0.0019101466992665905
131.13,-0.07820387621296732,0.0502151843567642,-7.638255993371274,0.0,1,-0.009380004575611944
129.9,-0.12206685031958386,0.002117403416715888,-12.429210251024855,0.0,1,-0.005773672055427226
129.15,-0.19632609984626015,-0.02404728203665346,-15.103129669449409,0.0,1,-0.023151374370886657
126.16,-0.46626188295573456,-0.09799435504870929,-23.467651216287855,0.9587153518019988,1,-0.008639822447685463
125.07,-0.6532079509308346,-0.0949801410079365,-25.815669596314294,0.9807105925686272,1,-0.022787239146078164
122.22,-0.9297469890074836,-0.12383972636152851,-30.76180471266399,2.0444520805734925,1,0.027164130256913888
125.54,-0.7138709256285125,0.030678779005814172,-13.85758548856321,0.0,1,0.018002230364823957
127.8,-0.3581103168033195,0.1288131292770024,-5.129812137461883,0.0,1,-0.011032863849765207
126.39,-0.26788748599044254,0.07301198669662645,-9.01313771128681,0.0,1,-0.0013450431205001001
126.22,-0.2146187800848054,0.04209356420075455,-9.482892961873262,0.0,1,0.007447314213278489
127.16,-0.09176619545824849,0.05498204960910383,-5.569950993832883,0.0,1,0.009122365523749565
128.32,0.07397394647655631,0.07357406384796955,-0.9723273806596779,0.0,1,0.008260598503740724
129.38,0.23901285523756144,0.07953765753632491,2.9777212222730682,0.0,1,0.0069562528984388194
130.28,0.37661457168158563,0.07237979132678302,6.181205080412987,0.0,1,-0.0028400368437212498
129.91,0.38319754893015556,0.026320922858451,4.485628012415489,0.0,1,-7.697636825487741e-05
129.9,0.3537225751435926,-0.0010513503093706467,4.436291234961395,0.0,1,0.007159353348729747
130.83,0.3870082069883267,0.010744760511787799,8.33483458363532,0.0,1,0.002828097531147211
131.2,0.40223367232835017,0.00865674195060373,9.85331520749886,0.0,1,0.001905487804878092
131.45,0.39716026563766604,0.0011944450866398504,10.922514181988142,0.0,1,0.0053252187143402185
132.15,0.4198602068225341,0.00796479542383599,13.912576523074549,0.0,1,0.010442678774120306
133.53,0.5112218268463948,0.03310880514923226,19.092834045876685,0.0,1,-0.007039616565565732
132.59,0.43596748462113055,-0.014048512358677323,12.321986716889874,0.0,1,0.015310355230409467
134.62,0.53117635645674,0.027053453158977336,19.495067977808375,0.0,1,-0.0017085128509880532
134.39,0.5153494293364815,0.0037421753462396623,17.86848874469564,0.0,1,0.005431951782126854
135.12,0.5253235133316423,0.004572086447133472,20.318455805397974,0.0,1,0.006734754292480716
136.03,0.5623669292182569,0.01387183411124937,23.153694596610165,0.0,1,0.0049253841064469395
136.7,0.5898580597267085,0.013787654873233635,25.09951127966856,0.0,1,-0.001828822238478467
136.45,0.5336154533370348,-0.014151650505480062,22.90862908949346,0.0,1,-0.014290949065591696
134.5,0.2985261956974341,-0.08308030271502692,8.195003350884555,0.0,1,-0.01494423791821553
132.49,-0.011395616097132688,-0.13100070483653126,-2.7304849467038323,0.0,1,0.019473167786247858
135.07,0.04959311268035549,-0.02333732535301436,8.406381302648583,0.0,1,-0.01480713704005332
133.07,-0.09071194898760382,-0.054547462340324565,-0.5832730888083262,0.0,1,0.0009769294356354319
133.2,-0.14247181740594783,-0.0354357769195562,-0.02716471670119347,0.0,1,0.0034534534534536032
133.66,-0.11814576683127598,-0.0037032421149614525,2.0456134032550537,0.0,1,7.48166990871546e-05
133.67,-0.09530392764133921,0.006379532358325099,2.0935580916955487,0.0,1,0.005536021545597514
134.41,-0.014274347409610755,0.02913637086335119,5.732587060101444,0.0,1,-0.016516628227066454
132.19,-0.15757002834294553,-0.038053103356661205,-5.527916624578964,0.0,1,0.007791814812013076
133.22,-0.1302536997810364,-0.0035789249315840155,-0.28985352893504057,0.0,1,-0.0388079867887704
128.05,-0.5365743938516516,-0.13663320633406645,-17.426726072260905,1.9080023474755023,1,-0.00663803201874269
127.2,-0.7658535413993093,-0.12197078462724142,-19.356518100274478,1.546940409853093,1,-0.0030660377358490143
126.81,-0.8491719867232064,-0.06842974331704621,-20.254913470096287,0.7373115641950392,1,-0.017821938332939102
124.55,-1.0084002104915584,-0.0758859890284661,-24.978245497559087,1.398294703098557,1,0.015094339622641506
126.43,-0.8473143048347822,0.028399972209436686,-15.382057979263578,0.0,1,-0.014237127264098759
124.63,-0.8461618266034918,0.009850816813575691,-19.530633693195448,0.0,1,0.00545615020460577
125.31,-0.7184054352708813,0.04586906938206203,-16.20056371297538,0.0,1,0.014284574255845506
127.1,-0.44549345333200563,0.10626035044031257,-8.066551567123867,0.0,1,-0.008182533438237494
126.06,-0.35857967458490236,0.06439137639580528,-11.148259045514855,0.0,1,0.011978422973187408
127.57,-0.15940781232926327,0.08785441288381479,-4.667029432337003,0.0,1,-0.006976561887590993
126.68,-0.1207045635073456,0.04218588723524416,-7.609501726498905,0.0,1,0.0018155983580674384
126.91,-0.07212755880411237,0.030254297312825806,-6.555435555723427,0.0,1,0.006934047750374317
127.79,0.0315049067811799,0.04462892096603936,-2.4738490566674898,0.0,1,-0.017607011503247505
125.54,-0.10680426932459852,-0.031226751713246362,-10.560108963917905,0.0,1,-0.003982794328500905
125.04,-0.20872516826710807,-0.04438255021858531,-12.150205726409794,0.0,1,0.0018394113883557495
125.27,-0.2231251870494333,-0.019594189666970185,-10.895368392640911,0.0,1,-0.005508102498603007
124.58,-0.2692314308531394,-0.021900144490225426,-13.361207618092799,0.0,1,-0.0008829667683416531
124.47,-0.2790152668505641,-0.010561326829216733,-13.765927732464561,0.0,1,0.0129348437374468
126.08,-0.1264892459450664,0.04732156469209367,-4.055389154064919,0.0,1,-0.0010310913705583458
125.95,-0.05051879833021644,0.04109733743564788,-4.67464598655269,0.0,1,0.0022231044065106342
126.23,0.015009658671388593,0.035541931479084306,-2.9661772775158326,0.0,1,0.004911669175314826
126.85,0.09818974894957933,0.03957400725242502,0.8151441922565112,0.0,1,-0.006070161608198621
126.08,0.06743064834286372,0.0029383022152364713,-3.741957765514428,0.0,1,0.011262690355329896
127.5,0.16476521067761496,0.03342428818332924,4.600625697906949,0.0,1,0.00792156862745097
128.51,0.2838687242885243,0.05084260059807952,9.561646634776707,-0.0070044108308309205,1,0.039296552797447815
133.56,0.7405980874032707,0.16919065457094196,24.83743421684737,-2.9961560133563125,1,-0.006738544474393593
132.66,0.8322462616770281,0.08694627628156648,19.6289805380961,-0.9553329429643611,1,-0.006859641187999421
131.75,0.7328831603408332,-0.004138941684876163,14.57956183632625,0.0,1,0.006223908918405963
132.57,0.6904613463109683,-0.015520251904913684,16.977259448295612,0.0,1,0.0020366598778005507
132.84,0.6342119937701227,-0.02392320148191973,17.77532117115318,0.0,1,-0.006775067750677599
131.94,0.47823631801887245,-0.059966292411056665,12.2072990723333,0.0,1,-0.012581476428679683
130.28,0.22206212030832262,-0.10538016337386885,3.2430244530291503,0.0,1,-0.005526558182376462
129.56,0.01546984476070179,-0.10399081297382991,-0.2144502647983444,0.0,1,-0.009107749305341195
128.38,-0.1874487800764939,-0.10230314593700855,-5.479075608432247,0.0,1,-0.0021031313288673026
128.11,-0.2957873608220609,-0.07021390889419185,-6.644665968891047,0.0,1,0.005698228085239121
128.84,-0.2644743711263402,-0.012966973066157073,-2.514411025923465,0.0,1,-0.0023284694194350974
128.54,-0.2517783453512834,-9.031576370011063e-05,-4.044481365363076,0.0,1,0.003967636533374952
129.05,-0.1819488036844632,0.023246408634373356,-0.9438661090169518,0.0,1,-0.010616040294459506
127.68,-0.24603829921070997,-0.013614362297291127,-8.116058799512537,0.0,1,0.002114661654135208
127.95,-0.23507985537293052,-0.0008853061531705619,-6.313168580842046,0.0,1,-0.0037514654161782124
127.47,-0.25001064550627916,-0.00527203209550639,-8.835657542055095,0.0,1,-0.0007060484819957358
127.38,-0.24414182011412322,0.00019893109888319271,-9.324946731787279,0.0,1,0.0038467577327681024
127.87,-0.18002892240852475,0.021437276268160554,-5.345370756697633,0.0,1,0.013685774614843105
129.62,0.01286326997831111,0.07144315621833214,6.2899890532578056,0.0,1,0.0030087949390524837
130.01,0.14073742700688285,0.06643910441563464,8.452827300194151,0.0,1,0.014691177601722893
131.92,0.3521130532705854,0.09260491022644574,17.2665783792537,0.0,1,-0.003714372346876771
131.43,0.38762477862988476,0.042705545195248384,13.430915008201552,0.0,1,-0.001749980978467791
131.2,0.3539119097570449,0.0029975587741361553,11.59900517857303,0.0,1,-0.003658536585365746
130.72,0.2675628161742054,-0.027783844936234425,7.732702117399306,0.0,1,-0.035878212974296164
126.03,-0.18874196529839082,-0.16136287546961023,-15.66420330887405,0.0,1,0.02229627866381012
128.84,-0.16699919225982285,-0.04654003414368077,-1.712606145435693,0.0,1,-0.010866190624029826
127.44,-0.25887787305222787,-0.04613957164536195,-6.794373321048184,0.0,1,-0.009651600753295742
126.21,-0.38574405736075335,-0.057668585317962484,-10.819550297650807,0.0,1,-0.021709848664923537
123.47,-0.6453651447349387,-0.10576322423071594,-18.161346234849496,0.9621466692451008,1,0.0013768526767636846
123.64,-0.707228593027466,-0.05587555750774775,-17.292080229188294,0.024678677453934483,1,0.007440957618893629
124.56,-0.6025579344214265,0.016265033699430553,-12.49931464446464,0.0,1,-0.023362235067437398
121.65,-0.7425094439166315,-0.04122882526525817,-20.006982448227046,0.41136600922575894,1,0.009206740649403855
122.77,-0.6572760783378442,0.014668180104509765,-14.486029980900511,0.0,1,0.004072656186364654
123.27,-0.5182197223536349,0.051241512029573055,-12.058398903007017,0.0,1,0.010464833292771925
124.56,-0.29800656749873156,0.09048488896149215,-6.013526223304673,0.0,1,0.021274887604367354
127.21,0.05776722388695532,0.14875289344905968,4.174834013590001,0.0,1,-0.009433220658753183
126.01,0.13084018425588795,0.07394195127266412,-0.3674168870079342,0.0,1,-0.027378779461947444
122.56,-0.13102668424764374,-0.06264163907695586,-10.852519524997753,0.0,1,0.007751305483028714
123.51,-0.17187456147877356,-0.03449650543602856,-7.158104942291075,0.0,1,-0.00032386041616072614
123.47,-0.18130895330443764,-0.014643632420564212,-7.279443225596538,0.0,1,-0.0017008180124725714
123.26,-0.18841706977524098,-0.007250582963789193,-7.973773912164148,0.0,1,0.00859970793444731
124.32,-0.08793637219602601,0.031076704871808594,-3.1307208756109546,0.0,1,-0.011019948519948475
122.95,-0.14453465905675955,-0.00850719399630831,-8.151176143065534,0.0,1,-0.0011386742578284315
122.81,-0.17245591423240114,-0.012142816390649958,-8.65404279716239,0.0,1,-0.01750671769399892
120.66,-0.351211882300845,-0.06363292815303129,-15.68912651881135,0.0,1,0.02105088678932554
123.2,-0.19965554280999243,0.02930780377927375,-3.696034169702557,0.0,1,-0.01939935064935061
120.81,-0.3064060778304025,-0.02581424374704544,-11.117842305450196,0.0,1,0.0017382666997765028
121.02,-0.3167475055214055,-0.012051890479349459,-10.176180325514501,0.0,1,0.001983143282102251
121.26,-0.2755225939067998,0.009724340378418739,-9.021434970280474,0.0,1,-0.002968827313211242
120.9,-0.26194992194058386,0.007765670781544887,-10.291408980876831,0.0,1,-0.0023986765922250353
120.61,-0.2575010924624337,0.004071500086565039,-11.363157044203263,0.0,1,0.0029848271287620243
120.97,-0.20381825335148562,0.019251446399171035,-9.160719162584996,0.0,1,-0.015127717615937786
119.14,-0.3124919793500567,-0.02980742653313334,-16.044304262480686,0.0,1,0.04054054054054057
123.97,0.061712155929825485,0.11479890291558295,5.802497258539049,0.0,1,0.002742599015890912
124.31,0.2720048772422814,0.10836387474267961,6.91716652941993,0.0,1,-0.004826643069745007
123.71,0.3044841647949852,0.04694772076512782,4.235164613086475,0.0,1,-0.032657020451054786
119.67,-0.041316538494911015,-0.09961766084158948,-9.901129131439554,0.0,1,0.00969332330575745
120.83,-0.11410717859861563,-0.05746943364843138,-5.302450228211818,0.0,1,-0.0016552180749813683
120.63,-0.15766023376724547,-0.03367416293902041,-5.950294442401798,0.0,1,0.018900770952499313
122.91,0.02370159146236972,0.04922922076353161,2.7283175022940185,0.0,1,-0.007159710357171889
122.03,0.0390740381219814,0.02153388914104776,-0.5604112741806446,0.0,1,0.005654347291649486
122.72,0.1010040916082886,0.02782131420911832,2.04537363936862,0.0,1,0.003748370273794155
123.18,0.16188544405075334,0.029567555550527674,3.8087848062828513,0.0,1,0.022649780808572828
125.97,0.4113356666010901,0.09300592603362146,12.982309888676724,-0.5582944217531036,1,0.02643486544415352
129.3,0.7792828056595056,0.15365102169734568,20.699362418229455,-2.201154478763385,1,0.016627996906418918
131.45,1.0774828080504193,0.1506170080294198,24.51126764883469,-2.433427506684069,1,0.01080258653480426
132.87,1.2551259085749962,0.10942003618466556,26.732631346561405,-1.8709345869256993,1,0.0009031384059607905
132.99,1.2493536331227233,0.0345492535774643,26.9214868525939,-0.36082005269585693,1,0.008872847582524823
134.17,1.240688025969689,0.008627882141476695,28.801439868038088,0.0,1,-0.02168890213907726
131.26,0.8904645535623672,-0.11386519675528173,14.4220033440711,0.0,1,0.027883589821727783
134.92,0.9461474378951777,-0.019394104140823765,21.651172715978447,0.0,1,0.017936554995553022
137.34,1.0968099269036315,0.04375612828921005,25.333380676624515,0.0,1,0.029707295762341435
141.42,1.4207403441658926,0.12256218185049028,30.160662621115407,-0.9440721522432796,1,0.024041861122896302
144.82,1.747643857449873,0.14982189837815696,33.20414857914726,-1.3458405127086621,1,-0.006283662477558294
143.91,1.6896252926377144,0.030601111188666152,29.57391291080883,0.0,1,-0.0018761726078799779
143.64,1.49731390251182,-0.05390342631240941,28.44557763389456,0.0,1,-0.026872737399053048
139.78,0.9547153822395558,-0.19883398219489123,14.024582282517173,0.0,1,0.031478036915152385
144.18,0.9705231735834445,-0.06100873028366749,20.81896904879153,0.0,1,-0.0021500901650715054
143.87,0.8717168047901112,-0.053271699692333585,19.787190153141054,0.0,1,0.0034058525057343303
144.36,0.7905038866609289,-0.044828205940505295,20.54097480244252,0.0,1,-0.001523967858132691
144.14,0.6656887703746008,-0.05654777407561107,19.6737938656981,0.0,1,-0.008047731372276878
142.98,0.45114048136687757,-0.09036535436111148,14.992918238499271,0.0,1,0.024339068401175057
146.46,0.5962712967491086,0.01825515367370656,21.398097751814532,0.0,1,-0.009763758022668378
145.03,0.49998076304447636,-0.026011793343641898,15.893421990126939,0.0,1,0.028132110597807403
149.11,0.7501704326051026,0.07472595873899479,22.592265801766118,0.0,1,-0.04191536449600963
142.86,0.29191773133499055,-0.12784224751037243,4.4046720273859705,0.0,1,0.020159596808063895
145.74,0.27846490308868965,-0.047098358585557776,9.588597799461837,0.0,1,-0.02250583230410319
142.46,-0.024800252958499414,-0.11678783821091562,2.093748786467877,0.0,1,-0.010739856801909364
140.93,-0.30186614323557137,-0.13128457616266254,-1.0943642335388475,0.0,1,-0.008656779961683125
139.71,-0.5169102431044621,-0.11544289201051777,-3.60972858354873,0.0,1,-0.023620356452652036
136.41,-0.8563564394468699,-0.15162969611764188,-9.820655752762292,0.48651562625354927,1,-0.004618429733890483
135.78,-1.0072165009975151,-0.10082991922276241,-10.930225303395687,0.7032462444713303,1,-0.015613492414199515
133.66,-1.1753784900230357,-0.08966396941609434,-14.586763446109167,1.2338486316071453,1,0.006883136316025773
134.58,-1.0848446103672131,0.0002899700799094962,-11.797991391964288,0.0,1,-0.0016347154109079831
134.36,-0.9675072863420553,0.03920909803502237,-12.231296606648208,0.0,1,7.442691277148583e-05
134.37,-0.827379683800956,0.059778900192040574,-12.195667686343846,0.0,1,-0.00253032670983111
134.03,-0.7167009088803127,0.056819225037561316,-12.996015404535235,0.0,1,-0.0704319928374244
124.59,-1.388303112346648,-0.20492765947625813,-27.615561962069545,3.094110703718542,1,-0.044867164298900475
119.0,-2.07424562138425,-0.2969567228379535,-32.23380800214331,4.465112040379736,1,0.022268907563025353
121.65,-2.023529740787694,-0.08208028074713258,-24.173172515404755,0.0,1,-0.07233867653103176
112.85,-2.562877655423776,-0.2071427317944048,-31.032983987833852,3.453925144907984,1,0.07018165706690294
120.77,-1.9589784747898307,0.13225214961318033,-14.026922461111823,0.0,1,-0.06251552537881921
113.22,-2.122947344907047,-0.010572240168011948,-20.569129482281806,0.0,1,-0.04645822292881119
107.96,-2.46635283455673,-0.11799257660589824,-24.201113537951212,0.0,1,-0.007873286402371171
107.11,-2.503359509835178,-0.051666417294782274,-24.760374372286297,0.0,1,-0.01176360750630201
105.85,-2.418249554988151,0.01114784585074835,-25.630475265418415,0.0,1,-0.004156825696740696
105.41,-2.210840447982278,0.07285231761887356,-25.95213949744247,0.0,1,-0.005122853619201173
104.87,-1.9678991904808214,0.10526452504011008,-26.377329724796464,0.0,1,0.04004958520072455
109.07,-1.33243696252336,0.2469089176658572,-16.253826666683572,0.0,1,-0.023104428348766803
106.55,-1.1136694350010146,0.15522548172940098,-18.993668396668227,0.0,1,-0.01905208822149229
104.52,-1.0806465516564288,0.06274945502466234,-21.094243756797564,0.0,1,-0.012533486414083472
103.21,-1.083247897346098,0.02004936977833105,-22.4333193751178,0.0,1,-0.016277492491037604
101.53,-1.1342779120787583,-0.01032688165144302,-24.14034105161363,0.0,1,-0.015266423717127942
99.98,-1.1944364267718584,-0.023495132114847772,-25.683917275787095,0.0,1,0.021004200840168075
102.08,-0.9499793152207445,0.07365399314542209,-19.443917326940362,0.0,1,0.053291536050156685
107.52,-0.295252483176796,0.24279360839645692,-6.124863425243625,0.0,1,0.011532738095238138
108.76,0.16004863977657635,0.23269824378327644,-3.524853942037261,0.0,1,-0.01324016182420018
107.32,0.25436181460521823,0.10900380620397279,-6.146204588546333,0.0,1,-0.011833768169958958
106.05,0.17448825080244035,0.009710080800398313,-8.44312504746621,0.0,1,0.01008958038661012
107.12,0.20917744800084392,0.014799759332933954,-5.71149950457032,0.0,1,0.006441374159820823
107.81,0.2665905925999681,0.024070967977352697,-3.9062000254472053,0.0,1,0.0017623597068916474
108.0,0.28891461551620523,0.015464996964529965,-3.376999138030584,0.0,1,0.0011111111111110628
108.12,0.2860004090146333,0.004183596820986013,-3.0117918254927645,0.0,1,0.01720310765815758
109.98,0.4157099383459695,0.04463104205077406,2.576373670941379,0.0,1,-0.014911802145844755
108.34,0.30925554148281265,-0.020607784937460905,-2.3450750051031335,0.0,1,0.05658113346870963
114.47,0.7410903812609888,0.13707568494690514,12.307923684812472,-1.366089233312806,1,0.019830523281209045
116.74,1.0844169360450024,0.16013407991030626,16.200875340512226,-1.672538768438443,1,-0.02090114784992292
114.3,0.96237880209992,0.01269864865507464,8.931487923479018,0.0,1,-0.023097112860892444
111.66,0.6011615016190603,-0.11617288394192837,2.059174593786416,0.0,1,0.045316138276912055
116.72,0.7921227262437043,0.024929446894238483,11.596567414542335,0.0,1,-0.024246058944482507
113.89,0.5857597780357224,-0.060477833771247824,4.819349496405124,0.0,1,0.011326718763719379
115.18,0.54126498909541,-0.03499087423718672,7.204177602103897,0.0,1,-0.027522139260288236
112.01,0.20974551220064086,-0.12217011704398528,-0.0017000193747449543,0.0,1,-0.009195607535041561
110.98,-0.059326352263454396,-0.13041399383602686,-2.1765796350709223,0.0,1,-0.026671472337358115
108.02,-0.4355850884735588,-0.1688909100153771,-8.008992470208753,0.0,1,-0.000277726346972762
107.99,-0.5899156992058039,-0.10774050691587406,-8.066583508047422,0.0,1,-0.009630521344568876
106.95,-0.7045880296381171,-0.07413761244939576,-10.170704962066942,0.0,1,0.019635343618513268
109.05,-0.5282085257177584,0.03408063049032095,-4.082229127186018,0.0,1,-0.007886290692342923
108.19,-0.4676680632811099,0.03154036430898982,-6.1033465514093805,0.0,1,0.04242536278768827
112.78,-0.015925493456023787,0.16109431137802532,5.509734812575488,0.0,1,0.023142401134953028
115.39,0.42877291591118194,0.20193090691507704,10.65527031947633,0.0,1,-0.0028598665395614953
115.06,0.5878910442688579,0.12034967842425098,9.68550778617255,0.0,1,0.013645054754041208
116.63,0.7492925214252892,0.09391705186022747,12.827211346604741,0.0,1,0.01620509302923767
118.52,0.925052216551407,0.08989224899544845,16.33623531691765,0.0,1,-0.0022780965237934048
118.25,0.9133443794018348,0.02606147061529207,15.35694294213097,0.0,1,0.002621564482029548
118.56,0.8572117625435709,-0.010023715414323897,15.997311831609267,0.0,1,0.015603913630229282
120.41,0.9118778072358111,0.014880776425972075,19.709941667584417,0.0,1,0.02508097334108461
123.43,1.1148876789789455,0.07263021605636877,24.717067909034782,-0.17906232540248368,1,-0.03038159280563879
119.68,0.8109853082689256,-0.07709071821788371,10.840995478522998,0.0,1,0.010360962566844822
120.92,0.6947853472248511,-0.06443022642065277,13.342263822437964,0.0,1,-0.0198478332782005
118.52,0.3787865877674079,-0.12680966195936527,5.692122458992365,0.0,1,-0.012571717853526843
117.03,0.06505499239139567,-0.1468470857784592,1.4091177883322672,0.0,1,-0.012475433649491663
115.57,-0.21889872132922505,-0.14360026649969335,-2.562780188712942,0.0,1,0.02284329843384958
118.21,-0.12263401807877017,-0.01577852108307949,4.50003099279337,0.0,1,0.041113272988748895
123.07,0.34071783505302733,0.149191110682906,14.309433266556752,0.0,1,-0.021694970342081676
120.4,0.32150060869784625,0.04332462810924165,6.830412561457955,0.0,1,0.007641196013288942
121.32,0.36176694479543414,0.027863654735609866,8.670604658543056,0.0,1,0.008654797230464917
122.37,0.43925286744460834,0.03511652579492802,10.79013469612886,0.0,1,0.0019612650159352985
122.61,0.461391423148811,0.01908502716637689,11.294256374002856,0.0,1,0.007177228611043196
123.49,0.5073447490718479,0.02167945102980462,13.220767855830232,0.0,1,-0.006640213782492466
122.67,0.41970934961071293,-0.0219853161437768,10.122480144842662,0.0,1,0.005217249531262791
123.31,0.3942492040792587,-0.015815153891743705,11.748170401048782,0.0,1,0.014029681291055196
125.04,0.4928316976402556,0.027589113223084383,15.920909903101304,0.0,1,0.0029590531030070366
125.41,0.5318869696173891,0.02221479506673929,16.78201364144988,0.0,1,-0.006458815086516245
124.6,0.43959069147116736,-0.02336049435982751,12.9151110110204,0.0,1,0.021107544141252044
127.23,0.5759766614421267,0.03767515853704395,19.32336438048921,0.0,1,0.004401477638921625
127.79,0.6428382579741054,0.03484558502300761,20.528230179848677,0.0,1,0.013929102433680063
129.57,0.7710325347422469,0.054346620597049644,24.118374911479265,0.0,1,-0.0020838156980781397
129.3,0.7483769618978044,0.010563682584202372,22.627275007179392,0.0,1,0.02327919566898684
132.31,0.9255177619840822,0.06256816089016004,28.08772611996193,-0.08289488207245199,1,-0.04852240949285769
125.89,0.4019616818618914,-0.1536626397440103,3.0215168927497302,0.0,1,0.003892286917149823
126.38,0.14752016831231174,-0.13603471776453002,4.266487182455926,0.0,1,-0.011868966608640563
124.88,-0.11699393582183859,-0.13351627396622678,-0.22057931247423568,0.0,1,0.08063741191543872
134.95,0.599665173429571,0.19438094509506093,18.937798425285877,-1.903491168948392,1,-0.02986291218969994
130.92,0.572189296936159,0.05563502286721633,8.939688328439424,0.0,1,-0.005041246562786372
130.26,0.45576891727807833,-0.020261785596954796,7.42420257525508,0.0,1,-0.0185782281590664
127.84,0.1579113176758824,-0.10603979506638361,1.9791495476489729,0.0,1,0.02972465581977457
131.64,0.3124899080684713,0.016179598442068455,8.795844762262917,0.0,1,0.0354755393497419
136.31,0.7529050442590517,0.15219824487754963,15.485921332113932,-0.6124140883779887,1,0.007629667669283302
137.35,0.997037191999425,0.132110130872641,16.818993256152353,-0.20721787207409648,1,0.004368401892974161
137.95,1.08601683320299,0.0736965906920688,17.62067229061776,0.0,1,0.007466473359913017
138.98,1.1258385843711949,0.03783944728675781,19.047118870322677,0.0,1,-0.01806015253993376
136.47,0.8427629112576938,-0.08174540860891444,11.688657851564841,0.0,1,-0.008719865171832653
135.28,0.5318281654294879,-0.13089338481237345,8.409547699271755,0.0,1,0.0558101714961563
142.83,0.9612084453962666,0.09949563171813514,19.746262088095207,-0.5479176869396554,1,0.008471609605825048
144.04,1.196631214929937,0.11163946708393513,21.14676490175181,0.0,1,-0.03505970563732286
138.99,0.7937899984526098,-0.09706724979779735,8.572986264979953,0.0,1,-0.03791639686308379
133.72,0.0870535570095683,-0.2679345637469463,-1.3885430701662713,0.0,1,0.048160335028417656
140.16,0.2630975398705857,-0.030630193628642943,8.251920110434341,0.0,1,-0.0064925799086758
139.25,0.25336140297855536,-0.013455443506891096,6.585256699852124,0.0,1,-0.00517055655296228
138.53,0.16737988428434392,-0.03314565406703418,5.196900381978722,0.0,1,0.0075795856493179325
139.58,0.1979408012468582,-0.0008615790348399655,6.910022077955389,0.0,1,0.016478005444906074
141.88,0.38839285962421854,0.0631968264475068,10.578680970807333,0.0,1,-0.008739780095855743
140.64,0.34791948384420834,0.007574483555832179,7.639008771864411,0.0,1,0.03498293515358375
145.56,0.7086895056338562,0.12278150178182667,15.104373073524172,0.0,1,-0.0173124484748558
143.04,0.6200170577258461,0.011369684624605525,9.169943565369309,0.0,1,-0.009228187919463005
141.72,0.41401274562801404,-0.06487820915774217,6.18901796305844,0.0,1,-0.02709568162574094
137.88,-0.043490472556555915,-0.17412714244743735,-1.679550554533762,0.0,1,-0.011894400928343374
136.24,-0.40528454226912913,-0.1786404040533369,-4.690501360762717,0.0,1,-0.03838813857897838
131.01,-0.9882411986029922,-0.2538656867957333,-12.885233444516452,1.054473218764798,1,-0.011449507671170145
129.51,-1.322366093553029,-0.19599686058192334,-14.90780148746709,0.9259192940628225,1,0.018608601652382095
131.92,-1.1783980332319288,-0.017342933420274376,-9.15316773691255,0.0,1,-0.005685263796240125
131.17,-1.0707141669687132,0.0301136442809804,-10.368141607665002,0.0,1,0.0014485019440422242
131.36,-0.9118127199230628,0.06300503044221029,-9.866902243001391,0.0,1,0.0006851400730814028
131.45,-0.7488776030733106,0.07531338243065411,-9.606420788881785,0.0,1,0.019094712818562343
133.96,-0.39583691105897856,0.14278469148166206,-2.524649645039581,0.0,1,-0.014257987458942911
132.05,-0.3454968224635877,0.06437492669235095,-6.858384924110226,0.0,1,-0.0006815600151458545
131.96,-0.2990353762939151,0.03694545762067453,-7.063589277706676,0.0,1,-0.007274931797514483
131.0,-0.33088503851791984,0.0016985984655565889,-9.354902966905293,0.0,1,-0.015038167938931313
129.03,-0.483402783086774,-0.050273048701099166,-13.76401711627176,0.0,1,-0.007905138339921014
128.01,-0.6043780901139542,-0.05708278524275978,-15.892566152046975,0.0,1,0.00734317631435033
128.95,-0.5361675694513792,0.003709245139938422,-12.154058464161864,0.0,1,0.017371074059713054
131.19,-0.2707150116657999,0.08972060097517259,-4.036478899221926,0.0,1,-0.004649744645170983
130.58,-0.1662624818008851,0.0647243769466958,-5.783819599188341,0.0,1,-0.006739163731046327
129.7,-0.17351434338502258,0.019157505120852764,-8.323427252977552,0.0,1,0.012181958365458767
131.28,-0.031014078894997965,0.0538859232036258,-2.3276122173799294,0.0,1,-0.01302559414990867
129.57,-0.09967944007541973,-0.004926479325598657,-7.572639145589918,0.0,1,-0.026703712279076863
126.11,-0.41403883399266306,-0.10642862441428069,-15.986100748750388,0.4411305612011631,1,0.01887241297280151
128.49,-0.33838196145191546,-0.01025725062451105,-7.301444758793792,0.0,1,0.0316756167795158
132.56,0.06681163827278169,0.13164544970006203,4.161696261667359,0.0,1,0.022631261315630757
135.56,0.5138408016124174,0.19289153767989925,10.614631573619938,-0.5188549991420928,1,-0.0746532900560638
125.44,-0.14879801685214034,-0.15658242692821953,-10.321636596605096,0.1979519261546301,1,0.008529974489795977
126.51,-0.37855092468007,-0.12877844491871643,-7.969398119774375,0.0,1,0.01161963481147743
127.98,-0.3393814682040386,-0.029869662814228315,-4.712629753867567,0.0,1,-0.007735583684950864
126.99,-0.37401495094903225,-0.021501048519740662,-6.539703652948624,0.0,1,-0.008425860303960864
125.92,-0.4493304464091068,-0.03227218132660509,-8.548012241893652,0.0,1,-0.05844980940279543
118.56,-1.0628773236050506,-0.21527301950751632,-19.366856239271534,3.2096218807679406,1,-0.01223009446693657
117.11,-1.4019109852359293,-0.18476889371279825,-21.022417756466293,2.3640021260686552,1,-0.028007855862010045
113.83,-1.7279352339483722,-0.17026438080841366,-24.487897305418194,2.8207850690695153,1,0.027584995168233428
116.97,-1.4852860888088912,0.024128254777022518,-16.081766698115246,0.0,1,0.00444558433786435
117.49,-1.196854342171747,0.10418666713805558,-14.737463342345514,0.0,1,0.00340454506766541
117.89,-0.9195672736722003,0.12715791187920078,-13.631096421778203,0.0,1,-0.01111205360929679
116.58,-0.8134597999497402,0.077755128533887,-15.760415682730113,0.0,1,0.046148567507291016
121.96,-0.2442844130927,0.21564350513030905,-1.8957138344800768,0.0,1,0.0264020990488687
125.18,0.3289936480935438,0.262973855438851,4.485803480445341,0.0,1,-0.027240773286467568
121.77,0.3040498746788671,0.07934336067472475,-2.4013961841232287,0.0,1,-0.017163504968382925
119.68,0.09207383174829431,-0.0442108940852827,-6.173994772353744,0.0,1,0.003676470588235281
120.12,0.015079657637315336,-0.040401689398753896,-5.151484981112944,0.0,1,-0.019064269064269168
117.83,-0.21550740088794385,-0.09032958264133772,-9.422737133783663,0.0,1,0.024866332852414574
120.76,-0.06867531340991206,0.018834168278898014,-2.336704552858585,0.0,1,-0.0019046041735674146
120.53,-0.008702993553413307,0.026268829378465593,-2.8273396010390854,0.0,1,-8.296689620845843e-05
120.52,0.02117508250429978,0.018715635145392897,-2.8507861329290876,0.0,1,-0.0162628609359442
118.56,-0.1289838030088788,-0.0438144167892619,-7.455907391816666,0.0,1,-0.012989203778677516
117.02,-0.3216479288480656,-0.07882618087614957,-10.798556671276103,0.0,1,0.0038454964963254845
117.47,-0.3536759976969819,-0.036951416575021934,-9.286199259617796,0.0,1,-0.023239976164127096
114.74,-0.5677170323133538,-0.08366415039713132,-15.132597426179068,0.0,1,0.02788914066585324
117.94,-0.3607611302621052,0.04109725055137242,-4.870612495682948,0.0,1,-0.038663727318975716
113.38,-0.6072197517146378,-0.06845379030038679,-13.880959794660491,0.0,1,0.02160874933850776
115.83,-0.4756807497980162,0.021028403872078272,-7.077836708196983,0.0,1,0.0016403349736682227
116.02,-0.3544378530231995,0.047423766882298324,-6.558818929182436,0.0,1,0.02266850543009835
118.65,-0.045113250217184486,0.11891612322943779,0.38063883555859945,0.0,1,0.012220817530552042
120.1,0.23414182203724465,0.13272373182795566,3.849384419445215,0.0,1,-0.02639467110741034
116.93,0.09009087299469343,-0.00377573907153185,-3.9675138609309712,0.0,1,0.01265714530060702
118.41,0.13389115905719962,0.013341515663658113,-0.18818121639355923,0.0,1,-0.023139937505278207
115.67,-0.0836996278329849,-0.06808309040884214,-6.460302559616274,0.0,1,-0.0185873605947956
113.52,-0.3646867189586658,-0.11635672717817436,-10.767309148093311,0.0,1,-0.014446793516560974
111.88,-0.6114563712749543,-0.12104212649815432,-13.802149114107479,0.25990137545863945,1,0.0037540221666070295
112.3,-0.648886499826844,-0.052824085016681344,-12.428011792469455,0.0,1,-0.04220837043633119
107.56,-1.00852768911723,-0.13748842476902245,-20.417460637253264,2.004818862283642,1,-0.029843808107103076
104.35,-1.371804309669315,-0.16692168177370248,-24.497947304118938,2.838305643643764,1,-0.005749880210828895
103.75,-1.4891255941395798,-0.0947476554146558,-25.208160873522203,1.41449178724163,1,0.0026987951807229127
104.03,-1.4003591035297518,-0.0019937216016092663,-24.137587231992942,0.0,1,0.017591079496299233
105.86,-1.0867792662640312,0.10386203855470377,-17.19184454649099,0.0,1,-0.010863404496504914
104.71,-0.9352577421091581,0.08512785423652569,-19.20625075965586,0.0,1,9.550186228635127e-05
104.72,-0.7807255015226247,0.07988669827435302,-19.16521970791873,0.0,1,-0.003915202444614185
104.31,-0.6725655894358198,0.06268220345371933,-19.976134605128916,0.0,1,-0.01131243409069127
103.13,-0.6607718342727651,0.02482531953892464,-22.305232709880467,0.0,1,-0.015126539319305743
101.57,-0.729810637168498,-0.01473782778560273,-25.138271838355063,0.0,1,0.004135079255685792
101.99,-0.6685124855189883,0.015520107954635654,-22.9072304051255,0.0,1,0.0441219727424258
106.49,-0.20715403590098447,0.15895951919087986,-3.8664254470947768,0.0,1,0.0331486524556297
110.02,0.33495469189976745,0.23368941566387724,6.121703575065986,0.0,1,-0.13515724413742947
95.15,-0.6610705018581768,-0.2541119260313557,-19.9543332762941,0.36720406258930893,1,-0.054125065685759366
90.0,-1.5331605569156324,-0.3754006603629372,-24.511623308461367,2.7310478614336944,1,0.033666666666666734
93.03,-1.5889422047013966,-0.14372743604956706,-17.78987078244421,0.0,1,-0.06213049553907346
87.25,-1.9660878448691506,-0.1736243587391071,-22.960064802042368,1.8362524169211554,1,-0.012607449856733455
86.15,-2.0824866778806097,-0.09667439725018867,-23.847723890364325,0.4877545890814048,1,0.057690075449796874
91.12,-1.5529788712296124,0.14427780313360294,-13.399394371635275,0.0,1,-0.027875329236172197
88.58,-1.3704767286349835,0.10892664857607737,-16.121289782041522,0.0,1,0.01919169112666519
90.28,-1.023352596618082,0.15201692686432633,-12.656159043376583,0.0,1,-0.006535223748338592
89.69,-0.8136778142248033,0.1205639030858684,-13.39588156479497,0.0,1,0.08083398372170802
96.94,-0.03686727184276606,0.2991248151559686,0.09981971377663967,0.0,1,0.05178460903651749
101.96,0.7729436053351435,0.3696452307779594,7.122280063846098,0.0,1,-0.05806198509219285
96.04,0.620103743479504,0.07226845630743994,-1.7711547279428856,0.0,1,-0.030403998334027516
93.12,0.24867516726172312,-0.0997200399701137,-5.562812969061717,0.0,1,-0.045103092783505216
88.92,-0.3077620514523005,-0.2187190862280458,-10.522922282696825,0.0,1,-0.04251012145748989
85.14,-0.8753338231882992,-0.26209695265468147,-14.486916981815675,0.0,1,-0.010101010101010055
84.28,-1.157841890457263,-0.18153500664121514,-15.366049298337593,0.0,1,-0.01233981964878983
83.24,-1.2892757665536436,-0.10432296091253201,-16.480984185874007,0.0,1,0.032916866890917884
85.98,-1.019219724055688,0.05524436052847448,-10.755553435857273,0.0,1,-0.06257269132356369
80.6,-1.2475900591354048,-0.057708658183747374,-16.96285011559521,0.0,1,-0.004342431761786503
80.25,-1.2869760550806575,-0.0323648847096667,-17.33630051202354,0.0,1,0.01395638629283491
81.37,-1.1060877151298882,0.04950781841370078,-14.734502170693702,0.0,1,0.013641391176109074
82.48,-0.8309695688936927,0.10820865488329878,-12.092541997113344,0.0,1,-0.010305528612997161
81.63,-0.6949963650344415,0.08139395291418328,-13.36470733060721,0.0,1,0.017885581281391838
83.09,-0.44742673268528677,0.10965452842111267,-9.550570728601393,0.0,1,0.0164881453845227
84.46,-0.1721896887869292,0.12829719077315677,-6.033952146358459,0.0,1,-0.017641487094482544
82.97,-0.14438869277216781,0.05203272892930605,-8.962443990434629,0.0,1,-0.022176690370013352
81.13,-0.27178913703377816,-0.025122571777434766,-12.398939129652177,0.0,1,-0.017502773326759535
79.71,-0.4311735977451008,-0.06150234416291911,-14.918042968391845,0.0,1,0.008907288922343604
80.42,-0.4157680282886673,-0.015365591568828552,-12.588514044060894,0.0,1,0.03966674956478489
83.61,-0.10758457453638925,0.09760595406114986,-3.079799928891404,0.0,1,-0.00454491089582576
83.23,0.023805866884444526,0.0763321318273279,-4.004692059791267,0.0,1,-0.0018022347711162956
83.08,0.07501726535448938,0.04251451009912425,-4.398941698426633,0.0,1,0.03659123736157932
86.12,0.34770485914330607,0.10506736796264698,4.402241861823043,0.0,1,-0.029725963771481734
83.56,0.24173991777577442,-0.00029919113496154615,-2.7504880633862925,0.0,1,0.015318334131163347
84.84,0.2752791206106906,0.01108000389998487,0.8403152274036003,0.0,1,0.007072135785006983
85.44,0.31910879531058356,0.018303226199959277,2.523540443545194,0.0,1,0.048338014981273325
89.57,0.6585978997179751,0.11926411020245031,12.376175037320046,-1.526746280437436,1,0.047337278106508895
93.81,1.1267926269451891,0.19581961247655477,19.57790006631575,-3.519651021913077,1,0.01343140390150288
95.07,1.371990604980013,0.14700586350379297,21.386359947614594,-2.47297400111826,1,0.0075733669927422476
95.79,1.4402570435824344,0.0717574340354048,22.42705222160673,-1.1908199056065314,1,-0.00668128197097817
95.15,1.3010355092517756,-0.02248803343175143,19.915581257491013,0.0,1,0.014818707304256495
96.56,1.2405051163154752,-0.027672808789350523,22.26945111127027,0.0,1,0.0027961888980942984
96.83,1.1293644934876852,-0.04627114387238018,22.72352981305353,0.0,1,-0.051533615614995254
91.84,0.563847140949818,-0.20392949880341582,4.423449262337961,0.0,1,-0.033754355400696934
88.74,-0.024232130398260665,-0.2640029233838315,-3.6308193880947783,0.0,1,0.02096010818120342
90.6,-0.16125242187244737,-0.13367440495267274,1.1853218994701606,0.0,1,0.00022075055187653625
90.62,-0.2146581991201657,-0.0623600607334637,1.2376390465873897,0.0,1,-0.0218494813506952
88.64,-0.3884729044840185,-0.07872492203243886,-4.1658635260518295,0.0,1,0.030009025270758105
91.3,-0.22134084845893653,0.02946904466421435,3.2012072107992395,0.0,1,0.04326396495071205
95.25,0.20983691692518391,0.15354893668277828,11.778493709553118,0.0,1,0.0029396325459318806
95.53,0.43127272320680277,0.1249949143214657,12.322391163310861,0.0,1,-0.020517115042395173
93.57,0.3427178994137279,0.012146696842796956,6.1119800282446235,0.0,1,0.008870364433045008
94.4,0.33904732923269876,0.0028253755539225933,8.077610102989915,0.0,1,-0.00794491525423724
93.65,0.24645810003947588,-0.029921284546433446,5.578401463190474,0.0,1,-0.005766150560598038
93.11,0.13462531043957426,-0.047251358048778364,3.728747528855372,0.0,1,0.011169584362581864
94.15,0.15415680643631902,-0.009239954017344537,6.804953725784323,0.0,1,-0.004460966542750966
93.73,0.1160761538983337,-0.015773535518443293,5.159454833033784,0.0,1,-0.0022404779686333587
93.52,0.06986281480448042,-0.020662291537432195,4.285829226411522,0.0,1,0.0008554319931566301
93.6,0.047600910690505316,-0.01430806521713577,4.5902558477265245,0.0,1,0.00694444444444442
94.25,0.08666988274265464,0.008253635611671181,7.165432508707461,0.0,1,0.03278514588859416
97.34,0.35648187854016555,0.09268854380306069,17.038770233323874,0.0,1,-0.0447914526402301
92.98,0.09834771989392266,-0.055148538281060755,-0.7564829183082296,0.0,1,-0.010755001075500092
91.98,-0.12224833608702568,-0.09191486475400304,-3.876597010469517,0.0,1,0.018590998043052753
93.69,-0.07985900273692437,-0.01650851046796724,1.912456982506626,0.0,1,-0.03351478279432174
90.55,-0.3136760858337908,-0.08344186452161123,-7.421906051727397,0.0,1,0.051242407509663135
95.19,-0.017778286896074746,0.07081864480536829,5.666597383458303,0.0,1,-0.06460762685155996
89.04,-0.3808478635192074,-0.09741697727258813,-8.323440066294573,0.0,1,0.004716981132075304
89.46,-0.49564532987083965,-0.07073814787474014,-7.232012585357836,0.0,1,0.022691705790297334
91.49,-0.34257361889075355,0.0274445210351153,-2.0055736331903233,0.0,1,0.02284402666958152
93.58,-0.06332329515981883,0.10223161492201668,2.9133737477779036,0.0,1,-0.044560803590510845
89.41,-0.2659211920310298,-0.03345542731639811,-6.258589895566935,0.0,1,-0.041494240017895034
85.7,-0.6542267077973918,-0.1405869810275867,-12.65736915201667,1.601711579052676,1,0.008634772462077
86.44,-0.7321939066974466,-0.07285139330921386,-10.689776519171211,0.0,1,0.027070800555298424
88.78,-0.5151613472560115,0.048060388710740365,-4.65908620847231,0.0,1,-0.0030412255012389755
88.51,-0.38621495526396643,0.059002260234261805,-5.229446587392502,0.0,1,0.023726132640379483
90.61,-0.11455717966261147,0.11022001194520559,0.1858789977658759,0.0,1,-0.00717360114777621
89.96,-0.02334852689006084,0.06714288823925209,-1.451252133972062,0.0,1,-0.0020008892841262282
89.78,0.00920151007039749,0.03323097506657014,-1.9337097600275754,0.0,1,-0.02472711071508127
87.56,-0.16029026395524681,-0.045420266319691385,-7.6948954670635885,0.0,1,-0.002740977615349527
87.32,-0.2516786289717885,-0.045602877112077694,-8.295338252522392,0.0,1,0.025996335318369423
89.59,-0.08723292573242247,0.039614275375762786,-0.7286738327624462,0.0,1,0.024444692488000852
91.78,0.18475933636496222,0.10386884582438251,5.467498476702424,0.0,1,0.013401612551754205
93.01,0.4078588560499128,0.1089894551697777,8.621508833963595,0.0,1,-0.0015052144930652878
92.87,0.47375371122156196,0.05829477011380896,8.101092715925553,0.0,1,-0.04177883062345222
88.99,0.1438883295389246,-0.09052353718960948,-4.372275377544369,0.0,1,-0.022811551859759582
86.96,-0.20220172209731402,-0.14553786294194937,-9.434879948226047,0.0,1,-0.009889604415823317
86.1,-0.43006327107399045,-0.12446647063954197,-11.44836275624543,0.0,1,-0.04692218350754929
82.06,-0.8448221063061538,-0.1797417686239018,-19.381130169342875,1.271955305399203,1,-0.02217889349256652
80.24,-1.1334663483967233,-0.15612867023815713,-22.240325208974088,1.4367102813858281,1,-0.007602193419740777
79.63,-1.2341662737422752,-0.08560953186123643,-23.173233373824097,0.7249485050451341,1,0.019590606555318413
81.19,-1.0516690469365386,0.03229589831483337,-16.79472754564427,0.0,1,-0.026481093730754912
79.04,-1.05194801295562,0.010672310765250659,-20.70519498828474,0.0,1,0.0063259109311741835
79.54,-0.9227584948855281,0.04662060961178083,-18.6171337366812,0.0,1,0.013955242645209864
80.65,-0.6887671946100085,0.09353730329576682,-13.958079267399484,0.0,1,0.008307501549906782
81.32,-0.45854094492142394,0.10792118432811715,-11.172406519995704,0.0,1,-0.03627643876045239
78.37,-0.5510494080003525,0.005137573749729563,-17.992510526639954,0.0,1,0.017608778869465214
79.75,-0.43638285553979017,0.03993470873676397,-12.304210657445452,0.0,1,-0.00388714733542328
79.44,-0.36851767468120045,0.035933296531784564,-13.075254397636058,0.0,1,-0.018630412890231707
77.96,-0.4272086113618059,-0.0075858800496069745,-16.689553876915426,0.0,1,-0.0405336069779374
74.8,-0.6842866954219602,-0.08822132136992045,-22.967008580488557,0.0,1,0.031016042780748654
77.12,-0.5624685128335329,0.011198953739502304,-13.244384358515525,0.0,1,-0.0232105809128631
75.33,-0.6038537121365266,-0.010062081854497085,-17.012536412101156,0.0,1,0.05681667330412843
79.61,-0.21755850244332464,0.12541104261290165,-2.667655878048926,0.0,1,0.03630197211405606
82.5,0.23455231094023077,0.19250728533215242,4.62042043878396,0.0,1,0.05187878787878786
86.78,0.7977283583869763,0.2518944442596327,13.037061853704287,0.0,1,-0.020626872551279152
84.99,0.8636723522447767,0.10594614603914432,8.035148021355667,0.0,1,0.027885633603953464
87.36,1.0221716531532792,0.08814848231588224,12.421762392185208,-0.4550817566201317,1,-0.0009157509157509125
87.28,1.009573665844755,0.025183498335786036,12.177992766171123,0.0,1,-0.03196608615948682
84.49,0.686643533370102,-0.09924887804628901,4.005520951872889,0.0,1,0.031364658539472234
87.14,0.688791506018589,-0.03236696846593401,9.608351331393294,0.0,1,-0.024099150791829227
85.04,0.4574662001746219,-0.08789742476996698,3.834166574495349,0.0,1,0.00011759172154279796
85.05,0.30451469723809055,-0.0802829759021661,3.8578159626106086,0.0,1,0.046090534979423836
88.97,0.5293293876666496,0.04817723817546432,12.275082581236262,0.0,1,0.06608969315499591
94.85,1.0876259505753723,0.202157933694729,21.070595647193613,-1.636906475377799,1,-0.01665788086452291
93.27,1.144472069481779,0.08633468420037849,16.445350775882943,0.0,1,0.05114184625281459
98.04,1.4750224564781718,0.1389616903989237,22.457922312216013,-0.8380702586017748,1,-0.01672786617707056
96.4,1.3807124452698503,0.014883893063533993,17.815751748635833,0.0,1,0.042531120331950056
100.5,1.5601647358932098,0.0647787278956311,22.678076738854585,0.0,1,0.023084577114427685
102.82,1.7132104865471263,0.07260815951651578,25.04816601128843,0.0,1,0.012448939894962097
104.1,1.753632487995148,0.03767672032151248,26.30805871363704,0.0,1,-0.0065321805955811385
103.42,1.5710407813862446,-0.04830499542913036,24.099530370075072,0.0,1,0.02436666022046019
105.94,1.5588248629662615,-0.020173637949704393,26.857514092313252,0.0,1,0.030677742118180085
109.19,1.6936481651757447,0.03821655475325958,29.9213094699503,0.0,1,-0.03480172176939278
105.39,1.3032558025158494,-0.11739193596887865,18.192726839467127,0.0,1,0.016699876648638368
107.15,1.1461216376429064,-0.0915087002806072,20.426180377436893,0.0,1,0.016238917405506204
108.89,1.1170444187361994,-0.0401953063957714,22.54396764412806,0.0,1,-0.015795757186151116
107.17,0.8660854410548353,-0.09705142802571187,17.254263037482417,0.0,1,0.03247177381729971
110.65,0.9584321654595698,-0.0015682345403258413,21.86604888045315,0.0,1,0.023316764572977933
113.23,1.1397361805403108,0.05991192684680513,24.790694178874617,0.0,1,-0.020577585445553326
110.9,0.9412435063689912,-0.046193582441504843,17.726025939618495,0.0,1,0.02416591523895395
113.58,0.9868935437525721,-0.0001811816859746962,21.202474036764187,0.0,1,-0.03460116217643949
109.65,0.5999774337983297,-0.12903243054673907,10.571628642576947,0.0,1,-0.006383948928408545
108.95,0.2981879260046867,-0.1436073127801274,8.83319494488736,0.0,1,0.04167049105094067
113.49,0.5007775116074669,0.019660757607550927,15.888354685986783,0.0,1,-0.012335888624548375
112.09,0.44367417844156876,-0.012480858519449078,12.233949289217485,0.0,1,0.014274243911142737
113.69,0.5114829969884909,0.01844265334249101,14.718802912555518,0.0,1,0.011346644383850801
114.98,0.6102638231795794,0.039074493177859826,16.682604048726674,0.0,1,-0.04157244738215338
110.2,0.21046558434348128,-0.1202412485527461,4.250290850750581,0.0,1,0.014337568058076178
111.78,0.12469433289682286,-0.06867083333313484,7.182199447674044,0.0,1,0.06360708534621584
118.89,0.6639175127654227,0.15685078217848836,17.572816208044387,-1.0628034773952209,1,-0.0159811590545883
116.99,0.719869309969269,0.07093419312744487,13.031164813946447,0.0,1,0.003761005214121038
117.43,0.7245227660737612,0.025195883077312353,13.659639193016183,0.0,1,-0.02316273524653001
114.71,0.4398059302865249,-0.08650698423664127,7.003436110436056,0.0,1,0.06869496992415658
122.59,0.9174636848690341,0.13038359011528933,17.83070156873717,-1.7589223266764549,1,-0.034260543274329036
118.39,0.7298372550878724,-0.0190809465552908,9.027864387363763,0.0,1,0.06470141059211088
126.05,1.2135376022732913,0.15487313354337595,17.55932223091189,-2.3882465664811576,1,0.012693375644585503
127.65,1.487592975676563,0.14297616898221577,19.05478910681549,-1.8268254195507296,1,0.035566000783392004
132.19,1.878987914405144,0.17812370257026555,22.981599048875665,-3.1092853155798252,1,-0.01558362962402604
130.13,1.7464363909023461,0.015190726355822637,18.5932926439269,0.0,1,0.016137708445400634
132.23,1.7096242632424037,-0.007207133768039942,20.59592252682492,0.0,1,0.01996521213037905
134.87,1.7687495108089024,0.017306037932819596,23.00068991639627,0.0,1,-0.018313931934455407
132.4,1.4450830086913982,-0.10212015472822822,17.280563186984523,0.0,1,-0.021903323262839947
129.5,0.9211595069083671,-0.20868121883708635,11.040939075148472,0.0,1,-0.017528957528957445
127.23,0.3932677971078249,-0.24552430954587623,6.484908898124708,0.0,1,-0.031596321622259005
123.21,-0.23845037421808968,-0.29241416029059697,-0.748492998680149,0.0,1,0.009577144712279884
124.39,-0.4361052620295425,-0.16335634936734994,1.2860953340328365,0.0,1,0.03746281855454625
129.05,-0.11025726743281439,0.05416388174312606,8.5737876204129,0.0,1,0.06361875242154191
137.26,0.7460215021516206,0.3034808837758537,17.957558847964506,0.0,1,-0.0008742532420225047
137.14,1.1019924284312026,0.21981727001847862,17.708477726037103,0.0,1,0.03806329298527067
142.36,1.623145189201722,0.24699001026299938,22.56813009366529,0.0,1,0.05598482719865139
150.33,2.4126261371535236,0.3454903194049339,28.147274514718163,-3.7550146720276985,1,-0.014102308255172002
148.21,2.429647766366628,0.12083731620601279,23.71618934061523,0.0,1,-0.0485122461372377
141.02,1.6365212671092877,-0.2240963943504426,10.738168330360573,0.0,1,0.0006382073464756832
141.11,1.1110812452214986,-0.24984547207941055,10.834069775484402,0.0,1,0.010417404861455593
142.58,0.8782711305091482,-0.16088519559725367,12.496556024833552,0.0,1,0.0032963950063122915
143.05,0.7278434789438961,-0.10377094905416862,13.053688807254304,0.0,1,0.01838518000699052
145.68,0.811142696582607,-0.0068239104718192944,16.17765719552237,0.0,1,0.008649093904448124
146.94,0.8901970806867325,0.024076824544102093,17.63442765182627,0.0,1,0.00020416496529196415
146.97,0.8580411826815748,-0.0026930244870185804,17.67126466032785,0.0,1,0.013404096074028704
148.94,0.9346264684555479,0.02463075376231816,20.15009328784727,0.0,1,-0.001409963743789544
148.73,0.877533572304543,-0.010820714129562203,19.518743180985908,0.0,1,0.01788475761446917
151.39,0.9975259932036806,0.03639056892319181,22.945626512275226,0.0,1,0.017504458682872093
154.04,1.1952283708862694,0.07803098220192695,25.939864069252124,0.0,1,0.01635938717216323
156.56,1.4044771954870612,0.09575993560090623,28.45887114941955,0.0,1,-0.003768523249872313
155.97,1.342895174830204,0.011392638314682957,26.378637207822962,0.0,1,0.009489004295697878
157.45,1.323529566599234,-0.0026576566387623846,28.004107043860245,0.0,1,0.0001270244522071362
157.47,1.2052192986004968,-0.04032264154583309,28.026810545019984,0.0,1,0.01282784022353467
159.49,1.2139625563844163,-0.010526461253971275,30.307805004313053,0.0,1,-0.03862311116684425
153.33,0.6038373055776844,-0.20688390402023438,9.41082430952219,0.0,1,0.023674427704950096
156.96,0.5509549047094993,-0.08658876829613982,15.31955098404572,0.0,1,0.027714067278287402
161.31,0.8411007955496075,0.06785237418132284,20.950292115449514,0.0,1,0.002417705039984952
161.7,0.9485820080072074,0.05844452887964091,21.412659765661417,0.0,1,-0.012059369202226278
159.75,0.7607741135687434,-0.043121121852941036,15.611029863183902,0.0,1,-0.040312989045383385
153.31,0.06680565688543538,-0.2456965261787497,0.5433179857117096,0.0,1,0.003652729763224949
153.87,-0.23907904286332382,-0.183860408642503,1.6168723500017066,0.0,1,-0.004549294859296893
153.17,-0.4304314724990945,-0.12507094609275793,0.1062413436292644,0.0,1,-0.013710256577658786
151.07,-0.6652383979420335,-0.11995929051189902,-4.347360111274348,0.0,1,0.017541537035811183
153.72,-0.5063719941683473,0.012969037753929102,1.6751077167573598,0.0,1,0.028168097840229
158.05,-0.023907792767460023,0.1651444130516055,9.768983797268959,0.0,1,0.0017083201518506286
158.32,0.24181662399692527,0.14362294327199693,10.230481294152192,0.0,1,-0.051225366346639656
150.21,-0.3213058862872913,-0.1398331890040732,-6.444515993250015,0.0,1,0.045136808468144496
156.99,-0.011091650905456163,0.05679368212592065,5.101826644336661,0.0,1,0.03821899484043567
162.99,0.6449397710275662,0.2376083680196477,12.620413593209314,0.0,1,0.001288422602613526
163.2,0.9367105010751118,0.17645969935573114,12.862264935810074,0.0,1,-0.01642156862745081
160.52,0.7812033243426413,0.006984174207753546,7.579571267961818,0.0,1,0.0033640667829553106
161.06,0.6833494589478448,-0.030289897062347637,8.36293235662098,0.0,1,0.024152489755370654
164.95,0.9016434046714608,0.06266801622042273,13.724735464450276,0.0,1,-0.005395574416489746
164.06,0.8614867604773053,0.007503790675422395,11.704754617708325,0.0,1,-0.007558210410825383
162.82,0.6662845416737753,-0.06256614270936922,8.818451325259801,0.0,1,0.004114973590468196
163.49,0.5689930537992325,-0.05328587686130404,9.943337815908315,0.0,1,0.005443758028013779
164.38,0.5470978887120168,-0.025060347316173237,11.495682472421024,0.0,1,-0.024394695218396323
160.37,0.15639214877575114,-0.138588695750813,1.5034684628962154,0.0,1,-0.017833759431315155
157.51,-0.2903267335903763,-0.19510252603898018,-4.371822448544826,0.0,1,-0.009650180940892539
155.99,-0.6161589469742239,-0.17364491314094266,-7.251530831091138,0.0,1,0.025706776075389293
160.0,-0.3935618080849679,0.016317408582771142,1.6865054714568686,0.0,1,0.0005625000000000213
160.09,-0.24196642129993506,0.055970931789267986,1.8738718063466706,0.0,1,0.004310075582484751
160.78,-0.08850485946572917,0.06981083120782464,3.41292155429295,0.0,1,-0.0011817390222664814
160.59,-0.02023200692650562,0.046027894582349405,2.89537262290942,0.0,1,-0.013325860887975716
158.45,-0.1627429134130125,-0.03216100396805249,-2.8251214090957006,0.0,1,-0.00315556958030927
157.95,-0.2621031238718672,-0.04384040480896906,-4.113416352815463,0.0,1,0.01240899018676811
159.91,-0.126607968778643,0.030551583428085033,1.6389174826727881,0.0,1,0.003814645738227762
160.52,0.002523606166192849,0.0532277194576403,3.3536182625801416,0.0,1,0.002305008721654511
160.89,0.0977124264581164,0.049472179916521294,4.442257313001107,0.0,1,0.0014295481384798414
161.12,0.1563308010659057,0.03603018484143687,5.164972186699288,0.0,1,0.004716981132075304
161.88,0.2359457549476076,0.03854837957437959,7.632601066408171,0.0,1,0.020261922411662914
165.16,0.5294244189761912,0.1106756812009877,16.47949298779207,0.0,1,-0.013199321869702185
162.98,0.450378382742457,0.010543214989084504,7.597637012170864,0.0,1,0.003067861087249879
163.48,0.41499049939704946,-0.008281556118774347,8.99380134957827,0.0,1,-0.029973085392708487
158.58,-0.04561931722543022,-0.1562971242470847,-6.575387827737785,0.0,1,-0.01034178332702751
156.94,-0.40878928243452606,-0.1731556964853935,-10.456368038226962,0.0,1,-0.007455078373900803
155.77,-0.6538084915028719,-0.13939163518457975,-13.072473247048663,0.0,1,-0.015792514604866192
153.31,-0.9268340550784728,-0.13747239958672686,-18.015815382300403,0.589681516239466,1,0.00815341465005548
154.56,-0.8819439989430577,-0.030860781150437222,-13.23644905532953,0.0,1,0.02756211180124213
158.82,-0.4310036376300843,0.14002652672084537,0.053481427179761454,0.0,1,0.0011963228812492677
159.01,-0.15378315383779295,0.13908233683771226,0.5683094642502695,0.0,1,-0.002515565058801239
158.61,-0.035690982455122366,0.08572483607346096,-0.6222528211210445,0.0,1,0.03530672719248473
164.21,0.492996018440806,0.20480394565646315,12.947609571608908,0.0,1,-0.013823762255648298
161.94,0.5270898506853428,0.07963259263366662,6.166417859370945,0.0,1,0.01235025318019023
163.94,0.6668792792505087,0.0731406737329442,10.34811213632915,0.0,1,0.010735634988410236
165.7,0.8278673869288866,0.07804292713710737,13.731238386172265,0.0,1,0.002474351237175876
166.11,0.8735391585240109,0.04123823291074391,14.514900837312922,0.0,1,0.005418096442116438
167.01,0.8985801144445702,0.022093062943767783,16.291354004853943,0.0,1,0.03706364888330049
173.2,1.3520522495344665,0.15852173267788805,25.61888859987816,-1.9777511182713567,1,-0.004272517321016078
172.46,1.4044506296182249,0.07030670425388208,22.938004738396756,0.0,1,0.007769917662066694
173.8,1.42527893385855,0.030378336164735842,24.739837268999892,0.0,1,0.026754890678941212
178.45,1.7044198414905054,0.10317308126556379,29.899933010979396,-1.1799918612596798,1,0.10680862986831041
197.51,3.290288641848946,0.5630139605413347,39.58737688143802,-11.775536143934602,1,0.0005569338261355306
197.62,3.8181989885407575,0.36364143574438224,39.619458699713135,-5.609174775470279,1,0.004706001416860728
198.55,3.8414709128416007,0.12897112001507516,39.91145353997531,-1.1860787183894104,1,-0.04084613447494345
190.44,2.857150965588545,-0.2851162757459935,20.654401825032735,0.0,1,-0.033028775467338733
184.15,1.6027284114963152,-0.5131796099460746,9.645591062179584,0.0,1,0.019440673364105265
187.73,1.1402897668255036,-0.3252060848722953,13.265253731072171,0.0,1,0.010120918340169371
189.63,0.972379630587966,-0.16437207370327767,15.110683953662004,0.0,1,0.031376891842008314
195.58,1.3032262599202227,0.055491518542992946,20.30191018827584,0.0,1,-0.019633909397688942
191.74,1.0400473862596584,-0.06922911837252377,13.524123017936759,0.0,1,0.0038593929279231443
192.48,0.8834540005744032,-0.07527416801925968,14.261875276956758,0.0,1,0.02140482128013299
196.6,1.074869474350578,0.038713768585638464,18.236174761704916,0.0,1,-0.016683621566632723
193.32,0.8076714217094434,-0.07616142801849868,12.124940468289324,0.0,1,-0.026898406786674878
188.12,0.17343311024643526,-0.2367999131605023,3.6595283962061274,0.0,1,-0.007123112906655349
186.78,-0.26980547133894106,-0.22667949824862624,1.6445715844071032,0.0,1,-0.02328943141663986
182.43,-0.831440972853386,-0.26277166658769047,-4.5159810385444175,0.0,1,-0.01041495368086387
180.53,-1.2013053092061625,-0.2108786676468224,-7.005035622158701,0.0,1,0.06309200686866445
191.92,-0.33696203494872634,0.21782153553687134,8.222911818336328,0.0,1,0.01667361400583589
195.12,0.3899564384257417,0.3149133363037798,11.438536822487166,0.0,1,0.015887658876588828
198.22,0.979252638577492,0.3014031788185101,14.388939813241848,0.0,1,0.00857632933104635
199.92,1.3339630187719251,0.21870451967098115,15.975178050200142,0.0,1,0.01660664265706302
203.24,1.6768212906381166,0.18718759717905753,18.974033190085166,0.0,1,-0.004723479629994087
202.28,1.6285153190180495,0.04629387518633021,17.074666623651936,0.0,1,0.02283962823808583
206.9,1.853652723289855,0.09047709315271191,21.300613331912047,0.0,1,0.028999516674722114
212.9,2.311750365151596,0.18285824500481773,25.78536611041187,-2.3100347192820436,1,0.005871301080319302
214.15,2.4523199889864884,0.10780928961323655,26.630699189913813,-0.45661926088305904,1,-0.0014008872285781182
213.85,2.293244801821743,-0.017088632517169522,25.923898138245136,0.0,1,0.028618190320317982
219.97,2.532603474754211,0.07409001347176636,30.087013584422706,0.0,1,-0.00781924807928358
218.25,2.2978991883242657,-0.05353809098605966,25.984125532466578,0.0,1,0.034501718213058474
225.78,2.6165554460822875,0.08837272225732073,30.77502777216958,0.0,1,-0.01784923376738423
221.75,2.2220039544544363,-0.10205958979017682,22.20902967162472,0.0,1,-9.019165727175427e-05
221.73,1.8378945457693021,-0.16205633282510368,22.166828848707098,0.0,1,-0.005682586930049971
220.47,1.3876819626126462,-0.2040896386605866,19.330530111383297,0.0,1,0.007620084365219881
222.15,1.1869355074832697,-0.1349453645966543,21.018010636960383,0.0,1,-0.00279090704478957
221.53,0.9359843209616372,-0.12863218370609553,19.451074248608563,0.0,1,-0.007899607276666831
219.78,0.5866767009540297,-0.15931326790456768,14.956298953452844,0.0,1,0.016971516971516998
223.51,0.6739664992040275,-0.02400782321818995,19.613620737660725,0.0,1,-0.011990514965773302
220.83,0.4381141900620378,-0.08662004412005986,12.936179051604938,0.0,1,0.004709505049132812
221.87,0.37034518631921287,-0.05146301595429492,14.408225644566159,0.0,1,-0.0082030017577861
220.05,0.15393191892118807,-0.08929209445077324,9.790786575103496,0.0,1,0.012678936605316826
222.84,0.2653976253120902,0.0073912039800429485,14.166414719800997,0.0,1,-0.004622150421827342
221.81,0.2131806763981956,-0.014941914977950554,11.424542133136484,0.0,1,0.017943284793291436
225.79,0.5009738122413978,0.09095040695508388,17.404527420563284,0.0,1,0.014216750077505669
229.0,0.8706225624762283,0.15353305239663817,21.380396615211055,-0.1739105980560396,1,-0.01820960698689955
224.83,0.6353950573872851,-0.027231484230768377,10.69446466600398,0.0,1,-0.00013343415024680283
224.8,0.4623317167272205,-0.06676494163027769,10.621919943393095,0.0,1,-0.0032473309608541667
224.07,0.2764390700032493,-0.08421919611808298,8.724196518127613,0.0,1,-0.022983888963270416
218.92,-0.2687105091923456,-0.20978959177122602,-2.846489785122003,0.0,1,0.0022839393385711837
219.42,-0.47722608969075964,-0.13943505742321338,-1.7466125156467527,0.0,1,-0.018321028165162567
215.4,-0.8767150391324208,-0.17964133562162488,-9.311659032993383,0.8410589521897691,1,0.027344475394614598
221.29,-0.5125665939255555,0.06150236986174684,2.7483471978311016,0.0,1,-0.0030728907768086122
220.61,-0.344445155161651,0.07654126954188378,1.4074826561570362,0.0,1,0.0005892751915144157
220.74,-0.22084733951624003,0.06671302839576493,1.6684574938968453,0.0,1,0.018211470508290306
224.76,0.19435551326617428,0.1606386270593931,9.197740813115587,0.0,1,0.017930236696921176
228.79,0.7215939802185289,0.22929236467058262,15.23099626335403,0.0,1,0.026662004458236854
234.89,1.433413715343164,0.3137040332650727,22.155507058800524,-3.144512934366503,1,0.027757673804759797
241.41,2.213205773293538,0.3644986970718156,27.48160882642648,-5.506839949253163,1,0.012634107949132334
244.46,2.672834654494295,0.27470919275752426,29.51796177271669,-4.399081659160231,1,-0.012640104720608725
241.37,2.422412873886799,0.008095804050009203,22.171203167736024,0.0,1,0.005344491858971567
242.66,2.202834244092486,-0.07049427524810126,23.314842346768003,0.0,1,-0.02410780515948241
236.81,1.42197540885428,-0.28378437016210234,10.737829383955308,0.0,1,-0.031797643680587795
229.28,0.28554804049733207,-0.4734039128396834,-1.2282204306081326,0.0,1,-0.007676203768318124
227.52,-0.4531279803892403,-0.40402664457541865,-3.602133088766813,0.0,1,0.007911392405063111
229.32,-0.6347053258001267,-0.19520132999543505,-0.792724102795205,0.0,1,-0.003881039595325264
228.43,-0.7467685546888845,-0.10242151962806423,-2.1699609146206953,0.0,1,0.030906623473273998
235.49,-0.15223612290915867,0.16403697071722056,8.15321983567786,0.0,1,0.025648647500955413
241.53,0.6610497698897859,0.32577428783872175,14.778324707797395,0.0,1,-0.015484618887922852
237.79,0.7009385687984491,0.1218876955824616,8.41548674229228,0.0,1,0.004331553051011294
238.82,0.748304754186222,0.05641796032341151,9.6289165782416,0.0,1,0.005066577338581402
240.03,0.8104624506979405,0.03952521894504335,11.110154758417323,0.0,1,0.00779069283006284
241.9,0.9298360947289837,0.05296628765869549,13.415147331990873,0.0,1,0.015502273666804456
245.65,1.224536575517078,0.1158889228155966,17.683018116433132,0.0,1,0.007205373498880396
247.42,1.417342101284703,0.10289814952774057,19.546182532792628,0.0,1,-0.0057796459461643135
245.99,1.2764663557281324,-0.01265919867627674,16.12402551019369,0.0,1,-0.005650636204723836
244.6,0.9838229533058325,-0.10176753369952563,12.787196285154359,0.0,1,-0.03475061324611606
236.1,0.04718267265252507,-0.34613593811761106,-3.2442124893490387,0.0,1,0.01770436255823804
240.28,-0.07673602372850041,-0.15668487816621218,3.27459977931062,0.0,1,-0.06475778258698184
224.72,-1.4289673699416312,-0.5029720747931143,-14.634306027607948,0.0,1,0.0033819864720541215
225.48,-1.9226690955530614,-0.3322246001348481,-13.476270852382427,0.0,1,-0.00487848146177039
224.38,-2.100964200396021,-0.17017323499260262,-14.499172139746712,0.0,1,-0.013726713610838659
221.3,-2.271698069451162,-0.11363570134924794,-17.34448888155447,0.0,1,0.041934026208766406
230.58,-1.394423498191145,0.2545462899702564,-3.097554909396436,0.0,1,-0.028883684621389683
223.92,-1.3945842543785147,0.0847951779276288,-9.8676889003778,0.0,1,0.003483386923901488
224.7,-1.2134492779406685,0.08864338478849176,-8.763889439866432,0.0,1,0.03747218513573669
233.12,-0.3200943498933668,0.3273327709452645,1.877951635043516,0.0,1,-0.011453328757721426
230.45,-0.06924235671195333,0.19272825470889265,-1.2336443198583709,0.0,1,0.008374918637448436
232.38,0.22278716960474299,0.16158592700852967,1.1210047305752582,0.0,1,-0.009811515620965716
230.1,0.16023633529604808,0.0330116975666116,-1.7874737486316548,0.0,1,-0.03033463711429807
223.12,-0.4660587764662978,-0.19776113806524476,-9.60504229213177,0.0,1,-0.011697741125851646
220.51,-0.9578681009752756,-0.22985682085807424,-12.154614509501712,0.0,1,-0.01736882681057539
216.68,-1.4431170881484832,-0.23836860267709392,-15.685868298919068,0.0,1,0.0066457448772383465
218.12,-1.4454818243893897,-0.08024444630600014,-13.221519722273534,0.0,1,0.013708050614340772
221.11,-1.0770407071440502,0.0960655569797797,-8.185246766686141,0.0,1,0.006874406404052236
222.63,-0.6764000895927325,0.1655687248436991,-5.679873390704451,0.0,1,-0.006378295827157099
221.21,-0.5380464400176663,0.10130745813958841,-7.576025516756786,0.0,1,0.009222006238415847
223.25,-0.2540324118953379,0.12844049542063896,-3.8953875810559353,0.0,1,0.00430011198208291
224.21,-0.01085603017622816,0.12387229237991623,-2.1521670541834794,0.0,1,-0.004415503322777847
223.22,0.029136829864683023,0.054621717473609145,-3.86210352018864,0.0,1,0.024504972672699576
228.69,0.5025385240630555,0.17600780389066062,5.82884119819893,0.0,1,-0.0023175477720932536
228.16,0.6531944941570202,0.10888792466154174,4.7679871939802965,0.0,1,0.0026297335203366856
228.76,0.7240896046909029,0.05992767839847479,5.823874338626567,0.0,1,-0.001311418080083837
228.46,0.6741963595669631,0.0033448110915116347,5.1091756294435555,0.0,1,-0.005952902039744412
227.1,0.47973337370774516,-0.06370605825590214,1.770598939123559,0.0,1,0.02928225451343014
233.75,0.8966907663024699,0.1177504447796075,13.713767230118137,0.0,1,-0.01018181818181818
231.37,0.8321118987413172,0.01772385907281826,8.00208435783523,0.0,1,-0.004105977438734532
230.42,0.6513131400656107,-0.05435829986762941,5.784164381876458,0.0,1,0.014842461591875855
233.84,0.7916376657223054,0.02865540859635507,11.64997356153723,0.0,1,-0.001111871365035877
233.58,0.7741634564071376,0.003727066427062442,10.966773280139677,0.0,1,-0.0022690298826953947
233.05,0.656746063715616,-0.037896775421486395,9.473971667082651,0.0,1,0.002317099334906647
233.59,0.5883085287268841,-0.03544477013673941,10.567031016763636,0.0,1,0.004965966008818823
234.75,0.6017307171719608,-0.007340860563887608,12.952069407322263,0.0,1,0.02296059637912662
240.14,1.0074642516301537,0.13279755796476844,21.767963591965668,-0.543980441536803,1,0.017947863746148096
244.45,1.4855423312233995,0.20362521251933807,26.69511000012946,-2.3150457910307125,1,0.00568623440376359
245.84,1.7166195100847403,0.14490079712689297,28.066783083133842,-1.2137118378940386,1,0.003904978848031204
246.8,1.7691064736750093,0.0657959202390539,29.014621462215672,-0.11394925331745753,1,0.01612641815234994
250.78,1.9795910826639158,0.0920935097426534,32.49859067047183,-1.2795648657337324,1,0.011603796155993384
253.69,2.162367463603033,0.09162329689392346,34.57853006025219,-1.1246329000100275,1,0.02767156766131884
260.71,2.6585583654390064,0.1959380662432988,38.304231401421845,-3.8870727747844285,1,0.009090560392773561
263.08,2.882607285903731,0.13999566223600768,39.276092195434416,-1.8766648339689027,1,-0.0234529420708528
256.91,2.2402478056441453,-0.16745460600785922,21.975714366092177,0.0,1,-0.012494647931182268
253.7,1.4648807483773396,-0.3142738877582216,14.725164590642365,0.0,1,-0.0043752463539613595
252.59,0.8626238240458122,-0.3055102706965831,12.313362976213305,0.0,1,0.009501563799041879
254.99,0.6896100432095693,-0.15950801717760865,15.409832674456865,0.0,1,-0.008667006549276435
252.78,0.36146898252397364,-0.1625496926210681,10.337526347469662,0.0,1,0.007160376612073804
254.59,0.3181093703041995,-0.06863643494694743,12.951925356167692,0.0,1,0.0013747594171020783
254.94,0.29908711666894305,-0.029219562860734627,13.469290470523873,0.0,1,0.005099239036636005
256.24,0.37298539679559894,0.014892905755307106,15.45990783744206,0.0,1,-0.004097720886668821
255.19,0.2913524204592761,-0.022246690193671925,12.407986809070856,0.0,1,-0.02617657431717546
248.51,-0.33041010274715177,-0.21466973780003326,-3.0613889921754307,0.0,1,-0.031910184700816746
240.58,-1.2745905224547585,-0.38628338583587996,-14.626802221742118,0.0,1,-0.009851192950369958
238.21,-1.8379648554373489,-0.31655257293949024,-17.302164358582196,0.0,1,0.03287015658452619
246.04,-1.3139882839755046,0.06914133284078461,-2.6770147908651722,0.0,1,-0.024630141440416198
239.98,-1.447500974579981,-0.02145711925456384,-10.127912652821074,0.0,1,-0.007583965330444142
238.16,-1.5452989053338797,-0.0397516833361542,-12.118232901222179,0.0,1,-0.022967752771246186
232.69,-1.9212562952663177,-0.13856969108953066,-17.53075420744412,1.003384103524354,1,0.0027504405002365395
233.33,-1.895796965627028,-0.03770345381674689,-16.29927159449945,0.0,1,0.02888612694467052
240.07,-1.163417553671792,0.23155865271282972,-4.639925455639698,0.0,1,0.010496938392968724
242.59,-0.49027638488817615,0.3015666071654819,-0.919858459908049,0.0,1,0.025846077744342333
248.86,0.40965056491097585,0.40049785232154467,7.146092568102134,0.0,1,0.011773688017359119
251.79,1.069643159401295,0.3534968156039545,10.402881035835698,0.0,1,-0.010206918463799175
249.22,1.0963358600296829,0.12672983874411414,6.237559037265818,0.0,1,-0.0053767755396838535
247.88,0.9066542220080862,-0.020983933092494134,4.077160036755259,0.0,1,0.016580603517831305
251.99,1.0787588844965796,0.050373576465333025,9.39333582808419,0.0,1,-0.016508591610778223
247.83,0.7282479753661448,-0.10004577755503397,2.551610638227011,0.0,1,-0.005124480490658945
246.56,0.3864718561870859,-0.14727396557803096,0.5753917573049847,0.0,1,0.006489292667099189
248.16,0.3167111419152775,-0.07234489328327981,3.0470350162078645,0.0,1,0.0014103803997420616
248.51,0.2846048562864496,-0.03481705963736925,3.610885794322307,0.0,1,-0.02973723391412819
241.12,-0.37099869121851725,-0.23014020238077873,-8.17306854596113,0.0,1,0.012317518248175174
244.09,-0.4203839073694553,-0.09317513951057227,-2.9735116684645675,0.0,1,-0.021221680527674258
238.91,-0.8417111898308178,-0.17150080732397832,-9.91642317665854,0.0,1,0.055083504248461646
252.07,0.11443443475775439,0.26154827242153134,7.708745118461714,0.0,1,0.009203792597294314
254.39,0.7763043774889127,0.30780607171756325,10.012825856825678,0.0,1,0.01576319823892436
258.4,1.3767139840637412,0.3027385594307972,13.800428646376659,0.0,1,0.01222910216718276
261.56,1.8255259553458245,0.25051684357096016,16.572755856907833,0.0,1,0.0030968037926288883
262.37,1.9653047780413715,0.13009855542216897,17.286308533936406,0.0,1,-0.01322559743873164
258.9,1.582252124552383,-0.08431803268893989,11.080089775270437,0.0,1,0.017844727694090512
263.52,1.6438714540951764,-0.007566234382048842,15.753051738472735,0.0,1,-0.0057680631451122455
262.0,1.411025164358648,-0.08013750803952568,12.98840204534745,0.0,1,-0.015687022900763403
257.89,0.8345165891271336,-0.21888202775701338,5.9239604323883555,0.0,1,-0.020939160107022237
252.49,0.026719252417422013,-0.3422264548222417,-1.9441888309110738,0.0,1,0.020753297160283513
257.73,0.057260646361157796,-0.10389502029283532,4.897595549521775,0.0,1,0.03332945330384507
266.32,0.7835929561362605,0.20747909649408913,13.624508632463808,0.0,1,0.02891258636227101
274.02,1.7231263646791035,0.3823375016789774,19.501947436370216,-1.1237232359361542,1,0.024633238449748296
280.77,2.611799205227271,0.4236701140757151,23.649060612868936,-3.1690867754783767,1,0.0008191758378743863
281.0,2.8576523583990934,0.22317442241584562,23.784025667840226,0.0,1,3.558718861196297e-05
281.01,2.7432745717850935,0.03626554526728176,23.79051071960096,0.0,1,-0.006903668908579741
279.07,2.2958127974959552,-0.1370654096739523,20.055034178294434,0.0,1,0.007345827211810763
281.12,2.0515975105601,-0.12709356553660234,21.735013372480083,0.0,1,-0.0015295959021058847
280.69,1.7226900745454827,-0.15200033385040657,20.809161270708117,0.0,1,-0.003063878299903844
279.83,1.3430121836593685,-0.17722607491217368,18.834891253382324,0.0,1,0.04827931243969541
293.34,2.1670888895780536,0.21561687700217047,29.03692058390544,-0.2616167487435064,1,0.020863162200859042
299.46,2.9085365017392633,0.3190214963877933,32.002348214121454,-1.668501516699223,1,-0.020870900955052396
293.21,2.5160489326748916,-0.024488690892192633,20.660247706040977,0.0,1,-0.037174721189590976
282.31,1.2018010704197764,-0.44624551771576937,5.724760769252427,0.0,1,0.007544897453154231
284.44,0.622027050090594,-0.3420065126816506,7.667560878905078,0.0,1,-0.005660244691323313
282.83,0.14613778575176184,-0.2726319256734943,5.61788388247966,0.0,1,0.006576388643354747
284.69,0.05101500476968113,-0.12258490221852503,7.554442491721282,0.0,1,-0.001229407425620943
284.34,-0.029964302785458585,-0.06785473659122158,7.034123114925549,0.0,1,-0.001758458183864442
283.84,-0.10962359799759724,-0.04917134393445341,6.227264292276068,0.0,1,-0.006870067643742872
281.89,-0.3028179457705278,-0.08078856390246134,2.9794419827168355,0.0,1,0.029621483557416006
290.24,0.3216530424905386,0.18122747478620171,13.116039631543394,0.0,1,0.01088754134509351
293.4,0.8704174497468671,0.2433306273475101,16.18163696223617,0.0,1,0.01145194274028638
296.76,1.3522648658961316,0.24172601449892483,19.205489148458142,0.0,1,-0.0024935975198814297
296.02,1.4188331684794093,0.10276477236073411,17.72365934485987,0.0,1,-0.016890750624957818
291.02,0.9172145557311069,-0.13295128012918944,8.344694126235709,0.0,1,-0.002645866263486951
290.25,0.525804036379327,-0.1747872664936565,6.994106793826319,0.0,1,-0.007441860465116412
288.09,0.10628177367186709,-0.19810317640037217,3.15866095893049,0.0,1,-0.0032281578673329925
287.16,-0.18983617215451432,-0.16474037407558453,1.5006577535486514,0.0,1,0.017794957514974064
292.27,0.1037578692785246,0.04295122245248479,9.258542702350738,0.0,1,0.006295548636534809
294.11,0.39524173422182685,0.11147836246526238,11.709060821184515,0.0,1,-0.011084288191492986
290.85,0.23638018884162193,-0.015794394304980863,5.175836740495768,0.0,1,0.004985387656867735
292.3,0.2580844004147025,0.001969939089366546,7.404528172210888,0.0,1,0.0009579199452616205
292.58,0.27076280616665827,0.00488278161377409,7.854142524447468,0.0,1,-0.0009911818989676302
292.29,0.23037177519546503,-0.011836083119139723,7.15981401671246,0.0,1,-0.004481850217250005
290.98,0.08181194511024614,-0.05346530440145289,3.9123130486165465,0.0,1,-0.005017526977799336
289.52,-0.1209522986915772,-0.08540984940109206,0.3686086533273638,0.0,1,0.015059408676429964
293.88,0.15107827096517212,0.062206906751885754,9.2551601387338,0.0,1,0.0057506465223899905
295.57,0.4153370332131203,0.10882188966661133,12.172220188627556,0.0,1,-0.0034509591636497916
294.55,0.42785499490264556,0.04044661711871217,9.323996384662571,0.0,1,-0.028585978611441187
286.13,-0.3032072738278089,-0.23020521720391407,-8.22816773328664,0.01581357952647977,1,-0.018103659175899067
280.95,-1.0751378020407287,-0.3340452484722779,-15.255109808261842,2.944664834581829,1,-0.017120484071898923
276.14,-1.7723415826438327,-0.34374967635846065,-20.39365772785773,4.324791590278608,1,-0.011153762584196314
273.06,-2.229915007725026,-0.26710770047988475,-23.212347353031404,3.968259787583804,1,-0.016003808686735566
268.69,-2.637042136288528,-0.22474494301446235,-26.708204522716798,4.30419996797707,1,-0.009639361345788688
266.1,-2.8366855225462473,-0.14146277642406035,-28.551487519910886,2.827554241938344,1,0.0024426907177752533
266.75,-2.645950088796269,0.01642421910863945,-26.855452497049473,0.0,1,0.033064667291471395
275.57,-1.595086531188258,0.3557625922388836,-7.98085376061487,0.0,1,-0.01687411546975348
270.92,-1.3242308747852007,0.20887274954731372,-13.265533132245423,0.0,1,0.001107337959545207
271.22,-1.0534504736849044,0.15988438354920342,-12.700249409766876,0.0,1,0.012499078239067929
274.61,-0.5477727336610201,0.22185404119102925,-6.375731431527406,0.0,1,0.002403408470194046
275.27,-0.19428613584398136,0.19178021300268933,-5.171867031809519,0.0,1,-0.023249900098085474
268.87,-0.5346856589484901,-0.04953977003393978,-13.556734402430884,0.0,1,-0.00435154535649207
267.7,-0.7578282822550477,-0.0908941311134992,-14.890659950346162,0.0,1,-0.0003361972357115439
267.61,-0.8137472370536898,-0.048937695304047124,-15.00015501977358,0.0,1,-0.004372033929972763
266.44,-0.8713944446985806,-0.03552830098297932,-16.508854504447157,0.0,1,-0.013624080468398136
262.81,-1.1301018447961155,-0.09807856702683804,-20.841733633761766,0.0,1,0.025645903884935928
269.55,-0.6036137244452107,0.14280318444135565,-5.917146250644862,0.0,1,-0.0061584121684289395
267.89,-0.42840185389934504,0.10600501832907372,-8.320100476020471,0.0,1,0.011235955056179803
270.9,-0.054262430801486516,0.16004814714231078,-2.5490297530857475,0.0,1,-0.017977113325950533
266.03,-0.26850418335243376,-0.018064535136212145,-9.715370621370525,0.0,1,0.005525692591061171
267.5,-0.23074971101522124,0.006563312400333449,-6.836478503930607,0.0,1,0.0018691588785046953
268.0,-0.15097666559529443,0.02877878594008676,-5.81944575274715,0.0,1,-0.010335820895522319
265.23,-0.3293420874190929,-0.049862211961237246,-10.202990741209703,0.0,1,0.003355578177430818
266.12,-0.31691295771270234,-0.01247769408494892,-8.143484595215291,0.0,1,-0.0016909664812866376
265.67,-0.3217889797168141,-0.005784572029686907,-8.932745682044526,0.0,1,-0.0035758647946700917
264.72,-0.3765779090758201,-0.020191167129564314,-10.67224920421642,0.0,1,0.011748262314898561
267.83,-0.11342421466565611,0.08098750909353325,-2.572322605886633,0.0,1,-0.008438188403091518
265.57,-0.16072868290513043,0.01122768028468632,-7.18729586066852,0.0,1,0.014271190269985468
269.36,0.14484647321728517,0.10560094546903397,1.589998936329259,0.0,1,0.013105138105137915
272.89,0.5797301785103741,0.18016155025404096,8.225389872708242,0.0,1,0.0030048737586572116
273.71,0.817194516281063,0.13920862934157663,9.652776788748717,-0.6499743742265878,1,0.006430163311534232
275.47,1.014493808809675,0.11216930729006291,12.692808853836567,-1.0620393869102713,1,0.009075398409990276
277.97,1.2369356376731844,0.11153704538452414,16.65781122133353,-1.660225445519643,1,0.029139835234017974
286.07,1.9200785822987996,0.2648933300033798,25.884558366697334,-5.594965736374888,1,0.00097878141713581
286.35,2.1249768394200714,0.15659719570821728,26.138181321152615,-2.658525569253527,1,-0.018927885454863014
280.93,1.5986778980290524,-0.12323391522760052,12.092805453712685,0.0,1,-0.0008187092870111101
280.7,1.1831386024977633,-0.17959107025296328,11.55738241898738,0.0,1,0.03224082650516569
289.75,1.6309407378573155,0.08940368836886292,22.082210859355172,-0.70826312347981,1,0.009076790336496998
292.38,1.9380967440489485,0.13218656485349856,24.349767000441233,-0.1280229867151661,1,0.005164511936520899
293.89,2.0560000184740375,0.08336327975952917,25.613361302588345,0.0,1,-0.006465003913028622
291.99,1.785284987480395,-0.06245058374470447,20.741186846977882,0.0,1,0.011541491146957128
295.36,1.781987056360208,-0.02191617162163051,24.038012716004758,0.0,1,-0.003216413867822232
294.41,1.5526725027701218,-0.08374357507057217,21.514055965425797,0.0,1,0.012805271560069276
298.18,1.6227925174108577,-0.004541186809945419,25.236397477539924,0.0,1,0.0047957609497619735
299.61,1.6417864816136785,0.004817592464291698,26.529012330843997,0.0,1,-0.003638062814992904
298.52,1.423634590247275,-0.07111143296737055,23.289032854776835,0.0,1,0.002545893072490868
299.28,1.2592557620434377,-0.07849675372373599,24.137303690371354,0.0,1,-0.0022721197540762628
298.6,1.0154617011045843,-0.10743027155419638,21.86830048930338,0.0,1,-0.022538513060951115
291.87,0.248109528876455,-0.291594147927442,3.771115999495059,0.0,1,-3.426182889643137e-05
291.86,-0.15707568464398491,-0.232259787149294,3.7487707812034046,0.0,1,-0.012060576988967453
288.34,-0.6399119843505332,-0.23836536228528082,-3.765723696043878,0.0,1,0.029721856142054692
296.91,-0.11383746884126822,0.0959030510746614,10.988578084711357,0.0,1,0.008790542588663186
299.52,0.3761862446501709,0.1953089215220335,14.303379003107551,0.0,1,0.003305288461538547
300.51,0.6723492476750152,0.16382397484895928,15.537518891522595,0.0,1,0.013377258660277391
304.53,1.0994016452145274,0.1969587907961572,20.187804163988588,0.0,1,0.01993235477621269
310.6,1.72714437354972,0.2749005063771166,25.691054853908,-2.0835974991841795,1,0.004764971023824671
312.08,2.020420373254865,0.18939216869408715,26.84884159731193,-2.1176702079119423,1,0.004806459882081615
313.58,2.1236900086695414,0.09755393470292129,28.027348062673738,-1.0400505568531457,1,0.0015625996555903576
314.07,2.039183992321057,0.004349306118145435,28.425962463523277,0.0,1,0.010666411946381515
317.42,2.1061656514534093,0.023776988416832623,31.038959365407436,0.0,1,-0.007686976245983246
314.98,1.7608093433984777,-0.10719310654603298,23.804701233182186,0.0,1,0.006571845831481404
317.05,1.613897077421143,-0.0847017908411225,25.83786975134001,0.0,1,0.018640592966409075
322.96,1.8984495213140349,0.06661688435058988,30.611677114367353,0.0,1,0.008545949962843746
325.72,2.112521616484287,0.09356299317361394,32.414539229632084,0.0,1,-0.027078472307503487
316.9,1.3085141960290798,-0.23681480909386443,11.95784100665518,0.0,1,0.01984853266014519
323.19,1.3216343027990547,-0.07456490077462985,18.210382192257384,0.0,1,-0.003991460131811064
321.9,1.1105581642841003,-0.09521367976319484,15.747917775449281,0.0,1,0.01808014911463207
327.72,1.3974735813363282,0.06390057909634428,20.996690854578503,0.0,1,0.007933601855242278
330.32,1.6411418247510596,0.10252294083702518,23.046852749021866,0.0,1,-0.00018164204407844498
330.26,1.6212141277291607,0.027531747938375428,22.914695477196318,0.0,1,-0.0032701507902863636
329.18,1.3861491019074492,-0.06917775929444536,20.368465470257874,0.0,1,0.008323713469834182
331.92,1.381437497170964,-0.024629788010310127,23.02395804773596,0.0,1,0.011629308267052219
335.78,1.585628570038466,0.05985376161906397,26.342545018038365,0.0,1,-0.0029483590446124364
334.79,1.4730883923023725,-0.017562138705676578,23.75681883585071,0.0,1,0.012814002807730152
339.08,1.6515609374091014,0.05363680213368416,27.43644000964204,0.0,-1,0.02285596319452643
346.83,2.2490004651783693,0.21702544330098394,32.3920518536103,-2.4317705897083783,-1,0.011215869446126403
350.72,2.684470190298157,0.21749838947359068,34.31347018149471,-2.3117544413182713,-1,0.0036781478102188014
352.01,2.785999203666563,0.10634246761399879,34.91981201584076,0.0,-1,-0.00164768046362318
351.43,2.5562637767118304,-0.041130986446911155,33.311060058828176,0.0,-1,-0.007483709415815332
348.8,2.009207415175183,-0.19606244932785266,26.052067753679538,0.0,-1,-0.004415137614678932
347.26,1.4399119498089021,-0.25511930489804446,21.972068149669894,0.0,-1,0.003829983297817252
348.59,1.1461048879750138,-0.18297545557731087,23.34430030585581,0.0,-1,0.011159241515821039
352.48,1.2278592830601838,-0.03374035349738036,27.00326465104817,0.0,-1,-0.0060712664548344675
350.34,0.9880815403477641,-0.09117269873659994,21.042423843532276,0.0,-1,0.00921961523091852
353.57,1.0550192072958566,-0.008078343929502463,24.369764195361014,0.0,-1,0.0014989959555393728
354.1,1.0447364401619552,-0.006120370354467886,24.89567774330392,0.0,-1,-0.004405535159559437
352.54,0.8225336865814938,-0.07610770797830979,20.185722795436575,0.0,-1,-0.0014182787768763916
352.04,0.6012211692427627,-0.09914007510568035,18.648302198005055,0.0,-1,0.011958868310419257
356.25,0.7912964798031794,0.03031174515157875,23.980563132276487,0.0,-1,-0.006231578947368477
354.03,0.6353927617664681,-0.041863990961710895,17.276443953825222,0.0,-1,0.009603705900629977
357.43,0.7878248392675573,0.03685602884645944,21.64848122160778,0.0,-1,0.0054276361805107864
359.37,0.9600554747457863,0.0696955547748962,23.86243614123697,0.0,-1,-0.005648774243815602
357.34,0.7969995029228016,-0.031120139016029502,17.71454449477912,0.0,-1,-0.00618458610846806
355.13,0.46488822510110595,-0.12107713894590844,11.520476168234808,0.0,-1,0.006786247289724878
357.54,0.460925234098454,-0.0416800433161868,15.359815406804287,0.0,-1,0.022514963360742657
365.59,1.0913666357555485,0.19625378611363598,24.72087742279166,-3.1866507513502143,-1,-0.004677370825241334
363.88,1.173140116937816,0.09267575576530107,20.24073623763772,0.0,-1,0.005881059690007628
366.02,1.2945985144507972,0.07137805109276085,22.530913545170463,-0.08164576581532401,-1,0.006693623299273366
368.47,1.4516111703364345,0.07613023565946597,24.980205029156792,-0.31858166766636486,-1,-0.01620213314516794
362.5,0.911649900751172,-0.15461034464193224,10.399045297418311,0.0,-1,-0.0022896551724137515
361.67,0.49653177422931094,-0.18990949038793115,8.637545968264796,0.0,-1,0.007603616556529413
364.42,0.476761729782595,-0.06989317827821573,12.647873400950026,0.0,-1,0.003622194171560178
365.74,0.5371465634107153,-0.0031694482166985116,14.484376666253823,0.0,-1,-0.020561054300869408
358.22,-0.10408990005947771,-0.21480197056229722,-0.8213613253815168,0.0,-1,-0.0012841270727487197
357.76,-0.4543673067896066,-0.1883597924308087,-1.6021319785354748,0.0,-1,-0.04729427549194998
340.84,-2.001642067922205,-0.5785448511878024,-20.647572436668614,5.211651153355604,-1,-0.010268747799554001
337.34,-2.900142609494992,-0.4923484642535296,-23.082184544573785,4.926413540923193,1,-0.005839805537439902
335.37,-3.271880996156767,-0.28802895030510145,-24.409633792512903,3.220658974580431,1,0.0036974088320362863
336.61,-3.0817601064746327,-0.03263602020765566,-21.928820927940624,0.0,1,0.0004753275303763793
336.77,-2.7165529860940296,0.11085703339098263,-21.586642505119862,0.0,1,0.006116934406271257
338.83,-2.1359033437292396,0.2305022252519242,-17.025295185058262,0.0,1,-0.002597172623439503
337.95,-1.7409199105694029,0.2084952194705869,-17.99329453186995,0.0,1,0.00227844355673934
338.72,-1.3341848681086503,0.20507675397711322,-16.10658765965703,0.0,1,-0.005077940481813981
337.0,-1.1629686078692316,0.12543100473884405,-18.290442371372723,0.0,1,-0.013145400593471801
332.57,-1.3496130937604107,-0.020404493717445016,-23.22713478054428,0.0,1,0.004600535225666835
334.1,-1.2029675788926397,0.042080340383441994,-19.098919503843902,0.0,1,0.015414546542951157
339.25,-0.6002308565510361,0.2149390209083486,-7.066686337712078,0.0,-1,0.011201179071481215
343.05,0.067823409332334,0.2943310955972396,0.062437822816796995,0.0,-1,0.0006413059320797831
343.27,0.41453192482964596,0.21367987036485056,0.46054619591261314,0.0,-1,-0.025461007370291666
334.53,-0.17499147782410773,-0.1252811774296344,-12.674371281743781,0.0,1,-0.010940722805129477
330.87,-0.760170555999025,-0.23682008520151732,-16.70672865564334,0.0,1,0.0100039290355729
334.18,-0.7135792154198839,-0.06340958154079201,-10.174399674025466,0.0,1,-0.0008977197917290347
333.88,-0.6558186105119717,-0.0018829922109598884,-10.563310123563745,0.0,1,-0.016293279022403295
328.44,-1.0256200905153605,-0.12389482407144958,-17.046939389614828,0.0,1,0.00563268785775195
330.29,-0.9708858229741395,-0.02305351884340956,-13.12543741143304,0.0,1,-0.006509431105997887
328.14,-1.0417782039556869,-0.031315299941652386,-15.714863868732522,0.0,1,0.018863899555067842
334.33,-0.47457621078342527,0.1786288977435364,-3.6605724900980903,0.0,1,-0.008255316603355989
331.57,-0.38142719663204616,0.09059263729830519,-7.5209419736023975,0.0,1,0.005066803389932817
333.25,-0.1630670898369999,0.10298424803111716,-4.45292931142707,0.0,1,-0.008582145536384145
330.39,-0.2786314456197374,-0.004193369250540091,-8.627022818385996,0.0,1,-0.009594721389872496
327.22,-0.5773610030428244,-0.10097430889120906,-12.822945010994061,0.0,1,-0.03499174867061927
315.77,-1.6327790315007746,-0.3854641124497198,-23.57742660308533,5.154120255760915,1,-0.01507426291287961
311.01,-2.42108979310467,-0.39125829135120505,-26.691872801007758,5.3442383045319275,1,0.00530529564965776
312.66,-2.475987691147907,-0.14871872979814738,-23.361385905799537,0.5203702300216833,1,0.03898803812448026
324.85,-1.281270999240519,0.34866598736974685,-4.082157570519335,0.0,1,-0.009173464676004328
321.87,-0.825473403350145,0.2681545277533737,-7.141506877687981,0.0,1,0.002516543946313732
322.68,-0.46128515512577906,0.2107809253259132,-6.014378561743001,0.0,1,-0.008088508739308331
320.07,-0.45825060141976337,0.07127182634397633,-8.915791697261454,0.0,1,-0.01215359140188077
316.18,-0.7427124411151453,-0.07106333778380192,-12.961703650911439,0.0,1,-0.009962679486368642
313.03,-1.085550657536544,-0.13796718473506686,-15.97637855545419,0.0,1,-0.019518895952464477
306.92,-1.6756738776192037,-0.242696801605909,-21.05405837597896,0.0,1,-0.010523915026717123
303.69,-2.100262664525644,-0.2224285295041164,-23.386968093083794,0.0,1,-0.01791300339161639
298.25,-2.5908685026016656,-0.2376781225267126,-26.874758612126055,1.39112171191573,1,0.0040234702430845815
299.45,-2.520265713089543,-0.05569177767153022,-24.482275871427245,0.0,1,0.02932042077141439
308.23,-1.5432755089093462,0.30709947550288885,-9.442734615420868,0.0,1,-0.001654608571521221
307.72,-0.9686741144101347,0.29390029000070017,-9.964481967983247,0.0,1,-0.017808397244248098
302.24,-1.0573172409597191,0.06841905448370533,-15.294809491305728,0.0,1,0.009694282689253653
305.17,-0.7693623674878154,0.11879130931853632,-10.508820630271202,0.0,1,0.007536782776812911
307.47,-0.36960473346124445,0.17284964778170242,-6.872886542337099,0.0,1,-6.504699645504264e-05
307.45,-0.14059218865952516,0.13395406419447392,-6.897910459198606,0.0,1,0.008781915758659942
310.15,0.21063009946294642,0.16172545077231518,-2.3422770611829193,0.0,1,0.017604384975012266
315.61,0.8236887352356348,0.25826136218166795,5.6384978688443965,0.0,1,-0.04939640695795455
300.02,-0.23758934148099797,-0.26767223817832164,-12.500939189231623,0.0,1,0.018198786747550377
305.48,-0.29342926804923763,-0.10783738824885378,-5.464290219661514,0.0,1,0.012177556632185338
309.2,0.013103207670781103,0.06623169582372165,-1.1083769874570848,0.0,1,0.023447606727037495
316.45,0.7694441782248873,0.27419088879260933,6.320102498883443,0.0,1,-0.0018328329909937935
315.87,1.0351609819831538,0.17996923085029193,5.601739924157101,0.0,1,-0.004717130465064723
314.38,0.9575893020303852,0.034132516965841075,3.648508599676539,0.0,1,0.027164577899357445
322.92,1.5506710202181466,0.20907141171786758,12.122303550134731,-1.6118244347005657,1,-0.007463148767496652
320.51,1.5171559609605083,0.05851878415340983,8.754314548536648,0.0,1,0.010545692802096607
323.89,1.6556354345850082,0.0656660859259699,11.967495521331905,0.0,1,-0.017969063570965393
318.07,1.1019055518485175,-0.16268793227017353,3.929514979677485,0.0,1,-0.0023894111359133996
317.31,0.6698818144928396,-0.19823722320861714,2.9332842241285206,0.0,1,0.00683873814251057
319.48,0.5788797946073032,-0.09641308103138446,5.538939055238082,0.0,1,-0.0357768874420934
308.05,-0.4673611982194643,-0.3808846912860508,-8.052207311479734,0.0,1,0.01970459341016073
314.12,-0.4457015947812124,-0.11974169594926631,-0.7273283677134899,0.0,1,-0.027982936457404906
305.33,-1.1302299934969824,-0.2680900315550121,-9.042525635373494,0.0,1,-0.02155045360757213
298.75,-1.926641693396789,-0.3548339104849396,-14.083911994607575,0.0,1,0.010945606694560572
302.02,-1.8917940688969566,-0.10666209532836901,-10.005534056420466,0.0,1,0.015495662538904664
306.7,-1.326720750905622,0.15280374088765525,-4.4908846993140585,0.0,1,0.01522660580371693
311.37,-0.5444573626678562,0.3116890430418071,0.548047971896672,0.0,1,-0.009474258920255663
308.42,-0.3537875549932892,0.16745295023879136,-2.5328044538915933,0.0,1,0.003923221580961034
309.63,-0.12813702157325224,0.1310344945529428,-1.113031205264761,0.0,1,0.0010980848109034547
309.97,0.023699663601234988,0.09429039324247669,-0.6853483159160589,0.0,1,0.03132561215601504
319.68,0.9068097008883456,0.3258001435098624,9.948816666408511,0.0,1,0.022522522522522515
326.88,1.8727972444578995,0.43059589569313883,15.851660643952542,0.0,1,0.002845080763582919
327.81,2.2772245792044714,0.27834107681323683,16.559008498007515,0.0,1,-0.012903816235014243
323.58,1.9371695316440878,-0.02057132358238234,10.251652767348233,0.0,1,0.006953458186538031
325.83,1.7932112135601983,-0.05484321388875735,12.359759120652015,0.0,1,0.006260933615689135
327.87,1.7417977867215768,-0.03541888024245954,14.268845715384643,0.0,1,0.0005794979717570481
328.06,1.586774591075482,-0.06348069196285144,14.455409641078305,0.0,1,-0.007041394866792672
325.75,1.1845317773294823,-0.15524116856961712,10.20867098041873,0.0,1,0.0007367613200306433
325.99,0.9046993890123645,-0.145024518962245,10.509036890357514,0.0,1,-0.009693548881867575
322.83,0.42605824576946816,-0.20788855406838047,4.491431006647005,0.0,1,0.013567512312982144
327.21,0.5162328203338689,-0.03923799316799326,10.535804261701742,0.0,1,0.01112435439014714
330.85,0.8216340392548886,0.08872107525100881,14.847066428584725,0.0,1,-0.004503551458364896
329.36,0.7816984787775141,0.01626183825787808,11.777521245121768,0.0,1,-0.01311634685450569
325.04,0.33658915864072014,-0.1429491606263053,3.6035644946205565,0.0,1,0.03162687669209929
335.32,0.9426520686855611,0.15437124980617856,15.628180933515083,0.0,1,-0.011809614696409287
331.36,0.8371291846508484,0.016282788590488595,9.075030575105579,0.0,1,-0.0005733944954128267
331.17,0.6987736439126024,-0.04069091738258579,8.76222541664152,0.0,1,0.01452426246338745
335.98,0.9721980698840866,0.07757783619629943,14.108063579953736,0.0,1,-0.008065956306923194
333.27,0.8020604437128327,-0.030853263324984836,9.29603758570935,0.0,1,0.007801482281633687
335.87,0.8668199269844195,0.011302073315534011,12.311704361870937,0.0,1,-0.009199988090630384
332.78,0.569464674704875,-0.09535105965467017,6.758773258032406,0.0,1,0.01733878237874875
338.55,0.8541649923397472,0.06311641932673395,13.506309994728213,0.0,1,-0.005700782749963107
336.62,0.764501401795485,-0.008849057072509381,10.025184033323143,0.0,1,-0.04886815994296234
320.17,-0.7148721769596023,-0.4960742119425322,-10.486908068529175,0.0,1,-0.012993097416997279
316.01,-1.7416529515905381,-0.5076183288578229,-13.948564330229722,1.778276740267188,1,0.01667668744659978
321.28,-1.6707389262734864,-0.14556810118025698,-6.928408625685826,0.0,1,-0.005820468127489931
319.41,-1.6518870030920993,-0.042238725999623306,-8.71528189206336,0.0,1,-0.0023167715475408412
318.67,-1.566470457910441,0.014392606394011631,-9.454868687009174,0.0,1,0.00348322716289573
319.78,-1.300722980493731,0.09338002793690725,-7.731179315760706,0.0,1,-0.00021890049408967993
319.71,-1.0652889934109453,0.10960467167323107,-7.816871835590241,0.0,1,0.03321760345312952
330.33,0.026202082914721814,0.4003652493329661,6.909311000008145,0.0,1,-0.02007083825265643
323.7,0.01726411416797191,0.1304757601954054,-1.6356060289677927,0.0,1,0.006394810009267893
325.77,0.18385645361394154,0.09902269988045835,0.9208362104229622,0.0,1,-0.024618595941922172
317.75,-0.4165020811308864,-0.16711194495478984,-8.02530533287166,0.0,1,0.00657749803304486
319.84,-0.5078061750757001,-0.08613867963320121,-5.2163961097494465,0.0,1,0.0010630315157580394
320.18,-0.4828077074585053,-0.02038007067200215,-4.737440923059502,0.0,1,-0.0218002373664814
313.2,-1.0117411646950245,-0.1831045093028405,-12.213855856448454,0.0,1,-0.004885057471264331
311.67,-1.3193961295887107,-0.1635864913988423,-13.675195208474932,0.0,1,-0.00917637244521452
308.81,-1.6016072679031481,-0.14859920990442665,-16.37603901139172,0.0,1,0.003950649266539097
310.03,-1.5075788980684592,-0.018190280023245853,-14.116512912921394,0.0,1,0.006031674354094685
311.9,-1.1790998049787618,0.10342960435548387,-10.603016322681036,0.0,1,0.012792561718499629
315.89,-0.5841019413523441,0.23280915599396723,-3.635034828094291,0.0,1,0.023045997024280673
323.17,0.368738818906877,0.3952166387510629,6.503648378182746,0.0,1,-0.0033418943590062256
322.09,0.7244309641276345,0.2503029279906069,4.79625447259523,0.0,1,-0.002235400043466007
321.37,0.7819077897273701,0.10259325119678087,3.596587759135886,0.0,1,-0.019603572206491005
315.07,0.2204872200499608,-0.1529424394935428,-5.809413707710931,0.0,1,0.02034468530802691
321.48,0.455569666873771,0.02738000244342248,3.430083364255232,0.0,1,-0.0020530048525569944
320.82,0.48014675137949325,0.017319028983048268,2.4369183119320894,0.0,1,-0.016613677451530418
315.49,0.00825639768407882,-0.15152377490412208,-5.058914618884842,0.0,1,-0.008779993026720279
312.72,-0.4592101456373143,-0.20633010607517177,-8.485726256399673,0.0,1,-0.0009593246354566709
312.42,-0.6796759051615595,-0.14226528853313902,-8.863190878779527,0.0,1,-0.016260162601626105
307.34,-1.1566024594935698,-0.20639728095504983,-14.872517190628379,0.0,1,0.011843560877204506
310.98,-0.9953488650351119,-0.015047895498863983,-8.11372544666596,0.0,1,0.00045018972281174463
311.12,-0.8201096623863009,0.05339710238331563,-7.8561278411268844,0.0,1,-0.0038891745950114798
309.91,-0.7649809225296735,0.036175280746647664,-9.57683985862915,0.0,1,0.002452324868510214
310.67,-0.6103348090572354,0.06360713140636198,-7.926265851664311,0.0,1,-0.023980429394534375
303.22,-1.1029838515661936,-0.14301397036753205,-17.679277966473336,0.0,1,-0.003231976782534174
302.24,-1.3390597185235151,-0.1263632791082845,-18.73844764324216,0.0,1,0.002183695076760195
302.9,-1.2905093421251763,-0.025937634236648632,-17.09317388115098,0.0,1,-0.013139650049521112
298.92,-1.4903583754156102,-0.07526222250902759,-21.641199806821465,0.0,1,0.003412284223203388
299.94,-1.3810863607761803,0.011336597376800706,-18.928448215584954,0.0,1,0.0034006801360271233
300.96,-1.1263598233917946,0.08868771158706212,-16.145500950592478,0.0,1,0.02551834130781505
308.64,-0.2651332360836136,0.3166380996317477,0.5555144612808576,0.0,1,0.005702436495593544
310.4,0.3342411605774487,0.30533749876427,3.5423334114744947,0.0,1,-0.012951030927835006
306.38,0.27107492885988904,0.0807237556822368,-3.574950450833306,0.0,1,-0.0032639206214505334
305.38,0.1335689022627662,-0.01892742363829536,-5.220195614452763,0.0,1,0.02085925731875049
311.75,0.5845184804422843,0.14400738484707426,5.853069189161708,0.0,1,0.003400160384923856
312.81,0.8496167294952102,0.13636854463333337,7.431375474036216,0.0,1,-0.022473706083565248
305.78,0.32553112656376015,-0.12923901943270555,-4.54399558291626,0.0,1,0.023807966511871337
313.06,0.6430273978843388,0.06275241729595771,6.010203049034438,0.0,1,-0.00971059860729584
310.02,0.49485658372094576,-0.028472798955811784,1.3958963814111414,0.0,1,-0.006676988581381771
307.95,0.20703312799582818,-0.10543208489364314,-1.6196274698884991,0.0,1,0.0020133138496509773
308.57,0.09753530613363637,-0.07164330225194498,-0.6310067225620273,0.0,1,0.03431960333149697
319.16,0.9171584530247401,0.24932661487971952,12.866248094424627,-1.5114574557567266,1,-0.002569244266198978
318.34,1.182206822051569,0.17145832796884952,11.456720290510717,0.0,1,0.005214550480618252
320.0,1.3545471047273168,0.11459953688153246,13.307217675328175,0.0,1,-0.014968750000000086
315.21,0.9286716540046314,-0.10375863794705098,4.8622441328861825,0.0,1,0.014942419339488033
319.92,1.030844624142901,-0.0005285559362604442,10.603946419573006,0.0,1,-0.020661415353838475
313.31,0.4451940572001263,-0.19539304095967847,0.5727001684017381,0.0,1,-0.017043822412307175
307.97,-0.32973073103795514,-0.32343927639925335,-5.969251649181459,0.0,1,0.019482417118550588
313.97,-0.18971556423718994,-0.061141369866162726,1.8127423910665996,0.0,1,0.011593464343726989
317.61,0.1994349828495956,0.10933639240687426,5.942015808241706,0.0,1,-0.006139605176159413
315.66,0.21489067448885635,0.04159736134871167,3.2270489279559413,0.0,1,0.006874485205600855
317.83,0.3855442974344214,0.07075032809809223,5.874906818346112,0.0,1,0.009218764748450514
320.76,0.6829090841209791,0.12270503826154999,9.329117876146555,0.0,1,-0.01106746477116849
317.21,0.478849053787485,-0.027118330690648063,3.6727775914098117,0.0,1,0.009110683774156136
320.1,0.5777482841384654,0.023926966553444062,7.350730892604972,0.0,1,-0.0012808497344580783
319.69,0.5448855423023815,-0.0029785917608798895,6.641886090493756,0.0,1,-0.01454534079889891
315.04,0.09554704285920934,-0.15077236373468403,-0.9913930875810522,0.0,1,-0.019743524631792853
308.82,-0.6554177937673558,-0.30057906678708307,-9.169504345414289,0.0,1,-0.008678194417459983
306.14,-1.1996153959333355,-0.28159222298435427,-12.190070966951232,0.0,1,0.010191415692166972
309.26,-1.1117462473551996,-0.06457435813540613,-6.758653991530267,0.0,1,-0.03543943607320699
298.3,-1.8884994857864967,-0.28044253218890103,-17.751592839612876,4.633831261643195,1,-0.0034864230640295757
297.26,-2.206167814519972,-0.1993702869741254,-18.59340602460217,2.441294676074506,1,-0.002085716208033439
296.64,-2.2328213276767315,-0.07534126671029506,-19.127230988666472,0.24947466022842946,1,0.001820388349514701
297.18,-2.0150796402820674,0.04746680689478966,-18.008563030038616,0.0,1,0.011238979742916655
300.52,-1.4599521598945557,0.20086476242743379,-11.202000285319855,0.0,1,0.0007986157327299903
300.76,-1.0407257397095577,0.20669706087081052,-10.716828432835904,0.0,1,-0.0273640111716984
292.53,-1.4302187179746397,-0.060931972464757234,-19.829707149624774,0.0,1,-0.034526373363415575
282.43,-2.347446980609277,-0.3260534116997982,-27.079836906742454,2.860929602452188,1,0.02719257869206526
290.11,-1.970440530209146,0.016984346233444247,-14.071333043881502,0.0,1,-0.0036882561786908408
289.04,-1.7069005941583555,0.09350809409474481,-14.986093082742087,0.0,1,0.0016606698034873357
289.52,-1.392888909953058,0.13583992610001405,-14.17171759338558,0.0,1,0.005837247858524464
291.21,-0.9789756586876592,0.18325105912180417,-11.172793081890568,0.0,1,-0.0033309295697262487
290.24,-0.7712710614976572,0.1303185521039354,-12.2964824207464,0.0,1,0.01078417861080494
293.37,-0.342312841111152,0.18642559083014687,-6.440117710431828,0.0,1,0.019872515935507984
299.2,0.3865256725080144,0.30508803481643776,2.7522507264503915,0.0,1,0.00792112299465253
301.57,0.9162344566086063,0.27826560630567665,5.98989547441203,0.0,1,-0.017707331631130363
296.23,0.6597359772748632,0.007255708990644538,-2.2088265924587915,0.0,1,-0.004354724369577734
294.94,0.3690087395017372,-0.0944905095941605,-4.016197680937921,0.0,1,-0.0010510612327930824
294.63,0.16706105899004342,-0.09881273003528479,-4.475893487359798,0.0,1,0.0018328072497708625
295.17,0.09716546381838498,-0.05623610840231441,-3.4418549073211935,0.0,1,-0.005454483856760506
293.56,-0.08004612241904852,-0.07781589821324932,-6.196292026215062,0.0,1,-0.009504019621201842
290.77,-0.3944814053361938,-0.13075039371013153,-10.675824009690274,0.0,1,-0.001238091962719512
290.41,-0.5488255963500137,-0.09503152824131716,-11.24404335606156,0.0,1,0.009538239041355201
293.18,-0.3494288921611428,0.03478839198251793,-4.5101184395787115,0.0,1,0.008493075926052196
295.67,-0.013111465719930493,0.12370193947457675,0.8838208919620598,0.0,1,0.03297595292048561
305.42,0.9686398696439937,0.36848442494616696,15.665467836240524,-2.1012502127279618,1,-0.007694322572195711
303.07,1.1829622148556496,0.19426892338594093,10.767766876474973,0.0,1,0.014386115418880241
307.43,1.5548765362234462,0.18872774825124594,15.996066808413971,-1.3011042199339613,1,-0.0041310216959957735
306.16,1.5054273188887919,0.0464261769721972,13.267269497735235,0.0,1,-0.017539848445257356
300.79,0.9077504336473794,-0.1837502360897385,2.976168807137384,0.0,1,-0.011602779347717695
297.3,0.2424327882226862,-0.2830226271714773,-2.5923512031351166,0.0,1,-0.0011436259670367654
296.96,-0.13876210017485846,-0.22140583852300735,-3.1256923422563005,0.0,1,0.009529903017241548
299.79,-0.08196270269240813,-0.05486881368018568,1.8808680640879345,0.0,1,-0.006504553187231199
297.84,-0.20923277872680046,-0.06071296323819267,-1.6104701842795848,0.0,1,0.0006379264034381826
298.03,-0.23959841851677766,-0.030359534342723288,-1.2371801526766504,0.0,1,-0.004697513673120102
296.63,-0.3514813702020092,-0.047414162009318306,-3.963298474872616,0.0,1,-0.015473822607288468
292.04,-0.7606327318611079,-0.15218850788947236,-11.752621340392949,0.0,1,-0.005752636625119822
290.36,-1.0418223517022511,-0.1444593759102052,-14.214977591856247,0.0,1,0.022799283647885416
296.98,-0.54393196564763,0.11781033671480534,-0.09459969297338944,0.0,1,0.012290389925247336
300.63,0.05450755785034289,0.23874995340425945,5.85253917832911,0.0,1,0.004590360243488689
302.01,0.46418502311178145,0.21614247288856606,7.9496919258103205,0.0,1,-0.0014900168868580144
301.56,0.5928416704832102,0.114933040086665,6.969174806465048,0.0,1,0.014922403501790749
306.06,0.982766521628605,0.16828596374401994,13.778815380050034,0.0,1,-0.017382212638044847
300.74,0.6524984037322952,-0.05399405138409663,2.802520247748639,0.0,1,0.013034514863337066
304.66,0.7596561444730696,0.017721229785559234,8.63136447739926,0.0,1,-0.009387513949977055
301.8,0.5115970028040238,-0.07677930396116217,3.2956468869298803,0.0,1,-0.007554671968190929
299.52,0.1549343484025485,-0.14448065278754585,-0.6800372945179802,0.0,1,0.013822115384615419
303.66,0.30869182550156893,0.00309227477049151,5.949642618529985,0.0,1,0.002140551933083046
304.31,0.41401291192596545,0.03613778706496268,6.932467474586602,0.0,1,0.0056521310505732725
306.03,0.5755057124776499,0.06587686253888236,9.583745886208462,0.0,1,0.00892069404960294
308.76,0.835793303380342,0.10872148448052477,13.541886581675314,0.0,1,0.023157144707863786
315.91,1.4921209902166765,0.2550163904389531,21.62779969910919,-3.160114066498977,1,0.00857839258016524
318.62,1.9217747511168,0.2282233837796921,24.051443649469817,-2.600773362992811,1,0.04902391563618114
334.24,3.278120402307138,0.5281896783233435,33.227319182302125,-10.502983647510973,1,-0.00029918621349933616
334.14,3.6747831943767437,0.30828415679764953,33.018492678310906,-4.699301731255844,1,-0.036332076375171996
322.0,2.555215990880072,-0.2704276822330076,12.025795817910904,0.0,1,0.017795031055900745
327.73,2.2599977232250694,-0.18854864996266985,16.47204575074518,0.0,1,0.001006926433344546
328.06,1.9515554457954636,-0.16566364246409204,16.72138305952366,0.0,1,-0.011186977991830771
324.39,1.3288713532643897,-0.2627825783317219,11.10606754964111,0.0,1,0.0007090230894910565
324.62,0.9259566942268407,-0.22189907912309037,11.33267413348473,0.0,1,-0.010566200480561894
321.19,0.36150297352253347,-0.26211759994246586,5.93282986107053,0.0,1,0.008375105077991218
323.88,0.2733175320434498,-0.11676768047384989,9.072742931093778,0.0,1,0.01583919970359382
329.01,0.6339483503003294,0.0812877125943432,14.441443262448985,0.0,1,-0.01899638308865992
322.76,0.24060139690374172,-0.1040197469340815,4.72395273648327,0.0,1,0.0005267071508241461
322.93,0.03804447046348969,-0.10219222445811119,4.929356793806207,0.0,1,-0.038986777320162314
310.34,-1.115571031961963,-0.41860257562785463,-10.002345870496669,0.0,1,0.002835599664883892
311.22,-1.5260811971778026,-0.2763709136145647,-8.761795760487452,0.0,1,-0.016515648094595603
306.08,-2.032496180020928,-0.26092863215256346,-13.640474550508308,0.0,1,0.005652117093570386
307.81,-1.9721623231074545,-0.06686492507969666,-10.94413327559431,0.0,1,-0.004093434261394968
306.55,-1.8826485343917057,0.00754962121201741,-12.238832236243866,0.0,1,0.030044038492904823
315.76,-0.9135042621678622,0.3255646311452869,0.9634497517662766,0.0,1,-0.024702305548517933
307.96,-1.0028067708752815,0.0787540408126226,-7.516614624731886,0.0,1,0.007695804649954452
310.33,-0.7663907943227173,0.10505667245506223,-4.457409864303038,0.0,1,0.02787355395868918
318.98,0.13651642681378462,0.3359879645305215,5.204717578529852,0.0,1,-0.010909774907517766
315.5,0.2865936684809185,0.1620217353992185,1.1480840364622722,0.0,1,-0.019936608557844737
309.21,-0.18641718305894983,-0.10366303871354997,-5.429494425331804,0.0,1,0.020277481323372593
315.48,0.11511215642605066,0.06595543359048353,1.4811918432704942,0.0,1,0.001458095600354925
315.94,0.2946174797996832,0.08182025232137202,1.9693343720408762,0.0,1,-0.01576248654807877
310.96,-0.05518131516345193,-0.08932618088058772,-3.641124893120363,0.0,1,0.00019295086184722976
311.02,-0.2204822697147506,-0.08487571181062878,-3.5637141314090215,0.0,1,0.011156838788502377
314.49,0.004407442152512431,0.04667133335221142,0.981929559625172,0.0,1,-0.0023530159941492768
313.75,0.05481834457344803,0.03236074525771568,-0.023043109311807086,0.0,1,0.019856573705179237
319.98,0.5946222670694965,0.1907215559179214,7.764938703450241,0.0,1,-0.009688105506594269
316.88,0.5566390393950087,0.05091277608114453,3.186791521006441,0.0,1,0.00047336531178987507
317.03,0.5037608389415595,-0.000655141457434838,3.3854166974147475,0.0,1,0.012711730751033157
321.06,0.7711750021363173,0.08891967391244093,8.625839852710826,0.0,1,-0.009530928798355487
318.0,0.5856175002223267,-0.03221260933384984,3.54711699139164,0.0,1,-0.01386792452830199
313.59,0.0765372909135067,-0.18043093954755662,-2.976059250852039,0.0,1,-0.0017857712299499395
313.03,-0.23104758798370995,-0.1626719394815911,-3.7706576084331545,0.0,1,0.005143277002204405
314.64,-0.23141939510031762,-0.05434791553273294,-1.0168257819140294,0.0,1,0.010424612255276022
317.92,0.06101298426642643,0.07936148794467038,4.283149332117105,0.0,1,-0.0034599899345748586
316.82,0.1104780919275754,0.04294219853527312,2.2600977940297895,0.0,1,-0.002525093112808574
316.02,0.05933747143086521,-0.002732807320479029,0.7322474881293886,0.0,1,-0.00841718878551978
313.36,-0.1928442947700546,-0.08497152450713295,-4.213142703815102,0.0,1,0.001499872351289122
313.83,-0.2636981533063931,-0.05194179434782381,-3.195109645352815,0.0,1,0.005608131791096982
315.59,-0.13048356979902564,0.02709092971984789,0.6599342009955791,0.0,1,-0.005291675908615456
313.92,-0.1921693138954197,-0.011531604792182043,-2.9359692813808707,0.0,1,0.023222477064219982
321.21,0.40050192354772207,0.1937132108836533,10.621325663414751,0.0,1,-0.009246287475483284
318.24,0.4159623819735998,0.06972455643651032,4.323425990371263,0.0,1,-0.006001759678230356
316.33,0.22986241268870344,-0.03879180428279533,0.5694382781902405,0.0,1,0.011949546359814267
320.11,0.43265722698885156,0.054667670005784263,7.089936430885338,0.0,1,-0.0003123926150386813
320.01,0.4896665318898954,0.03722565830227603,6.869425682310769,0.0,1,0.011280897471954043
323.62,0.7781989733496175,0.1085860332539994,12.655240893911838,-0.5900392115522095,1,0.020177986527408542
330.15,1.401781946300332,0.24405633540157123,20.585742792584412,-4.068696481231996,1,0.004089050431621999
331.5,1.7092582705839732,0.18384421989507072,21.953856639566766,-2.684645072917988,1,0.0019607843137254832
332.15,1.7747249101771558,0.08310361982941772,22.63478327641745,-1.1359628793024967,1,-0.010567514677103707
328.64,1.367064487458947,-0.10818560096293028,13.39923947433067,0.0,1,0.0011562804284324102
329.02,1.0809789021449205,-0.13142372875898567,13.950617717676636,0.0,1,0.010607257917451873
332.51,1.1386878676424885,-0.024571587753805968,18.754058605120235,0.0,1,0.022706084027548146
340.06,1.7018183614210898,0.17951963534159843,26.333902847244886,-1.8304352118469183,-1,-0.032435452567194156
329.03,0.9223987448586399,-0.19996666040695055,4.767574016607071,0.0,1,0.0016107953682036324
329.56,0.49998904117251186,-0.20745878803102624,5.439721381477504,0.0,1,-0.00109236557834691
329.2,0.21711843589844193,-0.16344313110169872,4.82486132209722,0.0,1,0.001913730255163948
329.83,0.11008993026985081,-0.09015721224342996,5.778500850695046,0.0,1,-0.0021223054300699706
329.13,-0.010931816733602773,-0.07039298641562786,4.361751023811522,0.0,1,0.006350074438671749
331.22,0.10363496115917314,0.014724597159049349,7.908470008030669,0.0,1,0.02031882132721452
337.95,0.7131154366755936,0.20806835755848996,17.065838421548634,0.0,1,-0.007900577008433274
335.28,0.7359293880441555,0.07696076964235066,11.196905765628586,0.0,1,-0.02672393223574321
326.32,-0.06065775194190337,-0.23987545678123612,-3.8587940690070894,0.0,1,0.02399485167933313
334.15,0.19860349072689587,0.006461928629187708,6.526278691120247,0.0,1,-0.014155319467304972
329.42,-0.0824828454992712,-0.09154146919899313,0.04883349135303661,0.0,1,-0.008196223665836944
326.72,-0.441152443154067,-0.15007035561792964,-3.3422410846293573,0.0,1,-0.00728452497551435
324.34,-0.7820578717186777,-0.16365859472751343,-6.245819872510992,0.0,1,0.010390331133995234
327.71,-0.6065057633577453,0.0039645045444729465,-1.2299726627967331,0.0,1,-0.01013090842513198
324.39,-0.7448542288975091,-0.04479465366509694,-5.5673020505420325,0.0,1,0.0028977465396591295
325.33,-0.6736239425925987,0.008811877546604507,-4.054952585669156,0.0,1,-0.0098361663541634
322.13,-0.8485401375574497,-0.0553681058060822,-8.34336590957789,0.0,1,0.005960326576227137
324.05,-0.705286556910039,0.029295158280442823,-4.925606150948973,0.0,1,0.0008640641876251909
324.33,-0.5515525535104757,0.06100972056000209,-4.409146664248873,0.0,1,0.00820152314001188
326.99,-0.2070561723515425,0.13516870057297847,0.503514999931518,0.0,1,0.008807608795375899
329.87,0.22244669925726157,0.18822385739392755,5.353100162706028,0.0,1,-0.0014854336556825443
329.38,0.37782757679019596,0.1145349116422873,4.346486577292133,0.0,1,-0.010049183314105314
326.07,0.14819905082418927,-0.038364538107906465,-2.180533767869676,0.0,1,-0.0006440334897414024
325.86,0.0035348669391623844,-0.06100957399764445,-2.5819876212071335,0.0,1,0.0004603203829864899
326.01,-0.05659179724824526,-0.04037874606168404,-2.2339603179334944,0.0,1,0.011042606055029047
329.61,0.2180608537620401,0.07809130164953379,5.602248892759718,0.0,1,-0.003246260732380657
328.54,0.24804877478698018,0.03602640755815795,2.977525717464083,0.0,1,0.01521884702014975
333.54,0.659038670733878,0.14900543450168524,12.233833195496992,-0.11003372786217369,1,0.005666486778197477
335.43,0.9671137294794789,0.15236016441576206,15.117770535562897,-0.5658925237502785,1,-0.0015800614137078117
334.9,0.99639178139563,0.06054607211063767,13.604412406267045,0.0,1,0.008808599581964893
337.85,1.1738314922374684,0.07932859431749195,18.17815007091491,-1.1081433670547653,1,0.002071925410685127
338.55,1.2230653899719073,0.04285416401731035,19.19867912074463,-0.07812924257410714,1,0.005612169546595602
340.45,1.3040935563414564,0.04129411012895323,21.915036249242377,-0.0993490379609625,-1,-0.002937288882361555
339.45,1.1525998431644666,-0.036733201016012185,18.388066449277503,0.0,-1,-0.0009427014287818336
339.13,0.9541363329789192,-0.07839890373385328,17.21597364405268,0.0,-1,-0.009819243358004215
335.8,0.4978932168045276,-0.17821400663608167,6.098958029468214,0.0,1,0.0011614055985704752
336.19,0.26078055731699123,-0.13844222204120604,7.0239127194793625,0.0,1,-0.0005056664386210441
336.02,0.1063258477967679,-0.09763231052047647,6.447895861975162,0.0,1,-0.0030355335991905097
335.0,-0.06476199427976326,-0.08957338419900254,2.8864116593122944,0.0,1,0.0005970149253731183
335.2,-0.12824241579471618,-0.05101793523798516,3.525245165416422,0.0,1,-5.966587112171684e-05
335.18,-0.15096242523594583,-0.024579314893071608,3.4447251513783215,0.0,1,-0.006533802732859972
332.99,-0.3322422278535555,-0.06861970583689375,-4.823774766939621,0.0,1,0.0005705877053365782
333.18,-0.3793619435078881,-0.0385798071637421,-4.018157763231308,0.0,1,-0.0013806350921423682
332.72,-0.40964163937610465,-0.02295316767731953,-5.766679179600871,0.0,1,0.010459245010819851
336.2,-0.1006446840288504,0.09534792922331159,7.741046442940572,0.0,1,0.01070791195716847
339.8,0.362240850647197,0.18607782129978637,16.94418670398069,0.0,-1,0.004414361389052379
341.3,0.6884968804312734,0.17077795036128762,19.97175216986777,0.0,-1,0.034134192792264706
352.95,1.7650834886206894,0.41578818618356794,33.22803566117204,-6.674255047696647,-1,-0.015016291259385195
347.65,1.7146198353303816,0.12177484429775332,18.043947200134852,0.0,-1,-0.02600316410182646
338.61,0.7931696890743751,-0.2665584339860845,0.5618931499952993,0.0,1,0.01151767520155933
342.51,0.5913471418568292,-0.15612699373454342,5.982878851994535,0.0,-1,0.022364310531079568
350.17,1.0794902730933131,0.11067204583398016,14.482198438966748,0.0,-1,-0.020618556701030966
342.95,0.6319376492871243,-0.11229352599073628,3.635848780903295,0.0,-1,0.009972299168975018
346.37,0.640499866610071,-0.03457710288926319,7.406636634095939,0.0,-1,-0.02234604613563529
338.63,-0.05359401361261007,-0.24289032770398145,-2.340398615118616,0.0,1,0.02471724300859357
347.0,0.30132521407705326,0.03734296666189396,6.528285566854855,0.0,-1,0.01409221902017288
351.89,0.8611743934154674,0.1990640486667694,10.836028525180396,0.0,-1,0.0006536133450794068
352.12,1.0885011169667678,0.14213025740602325,11.037801471359643,0.0,-1,0.0037203226172894954
353.43,1.2206227189951733,0.09141728647814285,12.268032322172786,0.0,-1,0.022239198709786967
361.29,1.8399649600931411,0.23691984252537024,18.829433535074827,-1.2078657795100867,-1,-0.007390185169808272
358.62,1.7738056673010192,0.05692018324441617,14.59008427147704,0.0,-1,-0.008309631364675774
355.64,1.344575548629848,-0.12410331180891832,10.006690492864479,0.0,-1,-0.008294904960071903
352.69,0.7720791935751095,-0.23219988895455224,5.66214359576378,0.0,-1,0.010405738750744353
356.36,0.7273244165831443,-0.09231822198217243,9.69578106493276,0.0,-1,-0.0042653496464251095
354.84,0.5176699933718965,-0.10065754839780672,7.297008186775244,0.0,-1,0.0038327133355879894
356.2,0.48303694898527283,-0.04509686426147674,8.937389660559546,0.0,-1,-0.010134755755193736
352.59,0.124634014376511,-0.13449993295674623,2.9395781542784647,0.0,-1,-0.0017584162908759193
351.97,-0.11662028745922726,-0.12525141159749484,1.9310887902847398,0.0,-1,-0.006932409012131879
349.53,-0.43086241442216533,-0.146497846186811,-2.062147829811927,0.0,-1,0.0
349.53,-0.5520782767018204,-0.08923790282215538,-2.062147829811927,0.0,-1,-0.018453351643635707
343.08,-1.1041796847831051,-0.2137797703011467,-11.678758908410956,0.0,-1,-0.0034394310364929126
341.9,-1.3865487484251844,-0.16538294464774195,-13.180188013355078,0.0,-1,-0.014916642293068105
336.8,-1.8371875512108318,-0.20534058247779652,-19.010880763832716,0.6840590895984064,1,0.00810570071258887
339.53,-1.6819079900027418,-0.016687007089902117,-13.070493216889453,0.0,-1,-0.022001001384266416
332.06,-2.0866092102317566,-0.14046274243963897,-20.730483273970584,2.5635899888815743,1,0.007016804192013337
334.39,-1.9209090528269712,0.008412471655048881,-15.986913192767268,0.0,1,-0.0075361105296209985
331.87,-1.8879832197223436,0.013779434919892086,-18.52370276508578,0.0,1,0.0024708470184107156
332.69,-1.6458550348597782,0.08530253992748582,-16.72444184141768,0.0,1,-9.017403588917894e-05
332.66,-1.3901363561902258,0.11367373953234616,-16.759921567499184,0.0,1,-0.0018036433595863821
332.06,-1.1964323205062897,0.10245925840542736,-17.529289683944775,0.0,1,-0.0044570258387038875
330.58,-1.1232109426221086,0.05856021209653606,-19.46624799812308,0.0,1,0.003902232439954023
331.87,-0.8854993417948549,0.09875727097459663,-15.67226016618313,0.0,1,0.009310874740108943
334.96,-0.4353519295650017,0.1829682277348167,-7.3376005913549065,0.0,1,0.019226176259852013
341.4,0.3626677706803889,0.32699597599340247,5.68601543325569,0.0,-1,-0.008699472759226667
338.43,0.4839553065797304,0.14942783729758136,-0.1196215994311487,0.0,1,0.0028661761664154906
339.4,0.5851027989810973,0.08352510989964945,1.707454392947568,0.0,-1,0.002327637006482197
340.19,0.6527513119333435,0.05039120761729854,3.249674339006056,0.0,-1,-0.010258972926893817
336.7,0.3413462924149826,-0.08700460396702081,-3.9663423199926626,0.0,1,0.001247401247401303
337.12,0.1921982582879309,-0.0787175460313575,-3.005867743530075,0.0,1,-0.021120075937351657
330.0,-0.4917256136329229,-0.25421380598407045,-14.804633429791693,0.0,1,-0.01693939393939381
324.41,-1.2585437484573276,-0.34034398026949186,-21.128128480006193,1.5675986030353783,1,-0.002250238895225243
323.68,-1.5979075034980497,-0.2265692451034047,-21.861692800302286,0.6849904121087889,1,-0.0017918932278793154
323.1,-1.68276375572691,-0.10380849911075507,-22.478984367577393,0.0,1,0.0010213556174558658
323.43,-1.5574615688640847,0.007164562584023315,-21.487544915346447,0.0,1,0.0025353244906161088
324.25,-1.2966886780273512,0.08931248447358553,-18.88593569737435,0.0,1,-0.006569005397070171
322.12,-1.2357448427733857,0.05008543990918368,-21.84337301930851,0.0,1,-0.01788153483173971
316.36,-1.5822941882486248,-0.09882130185535187,-28.09846531995809,0.14169637665474966,1,-0.008186875711215125
313.77,-1.8395443452988616,-0.11869048630186296,-30.286488220515604,0.0,1,-0.00873251107499129
311.03,-2.0432073950490803,-0.10745117868402732,-32.358196429650164,0.0,1,0.015529048644825405
315.86,-1.572271637003439,0.12116152645387124,-18.299738391972532,0.0,1,-0.02630912429557397
307.55,-1.8982811215636843,-0.06828265270212475,-26.099065385903,0.0,1,0.00569013168590482
309.3,-1.7572624370467906,0.024245343938256392,-21.956595090235204,0.0,1,0.029162625282896704
318.32,-0.7886478917011459,0.3309532964279671,-4.855430495018062,0.0,1,-0.0034556421211358046
317.22,-0.33028662805321574,0.26310485335863243,-6.263872746483948,0.0,1,-0.001292478406153541
316.81,-0.10774877722479914,0.161880901395683,-6.821760872668193,0.0,1,0.003914017865597641
318.05,0.11583254629147177,0.12848740830398464,-4.486213191277024,0.0,1,0.006697060210658634
320.18,0.39547049585866034,0.1360417859570578,-0.5227363663245939,0.0,1,0.005340745830470395
321.89,0.6448335959873361,0.12846829536191118,2.555816875286453,0.0,1,0.0012737270496132602
322.3,0.7499456797194171,0.077860126364664,3.3136867101639993,0.0,1,0.02274278622401482
329.63,1.3508395816088523,0.22625134275136638,14.559465166073664,0.0,1,-0.0025179746989048013
328.8,1.4695499007528383,0.11498722063178413,12.66046431023581,0.0,1,0.014963503649635168
333.72,1.8164425685954484,0.15395996282479807,18.720434049484766,-0.635298155504529,1,-0.01576171640896573
328.46,1.4001853551337717,-0.08743241687895953,7.61329115491268,0.0,1,-0.008402849662059286
325.7,0.8453746354751388,-0.21408104551253082,2.6518177988063556,0.0,1,0.003622965919557908
326.88,0.5958547226895803,-0.15453365276602982,4.512657483323437,0.0,1,0.0035487028879099825
328.04,0.5181068727392812,-0.07742716757210966,6.38495741924465,0.0,1,0.01082185099378119
331.59,0.7318907083691784,0.04545222268592919,11.739943202978765,0.0,1,-0.007961639373925578
328.95,0.5577917338200677,-0.042882250621060436,6.053296536860195,0.0,1,0.0031919744642043835
330.0,0.5117596020604651,-0.029638127460220987,7.772123373433502,0.0,1,-0.002060606060606096
329.32,0.3894302360089341,-0.050655831170583976,6.190702777480631,0.0,1,0.017460221061581516
335.07,0.7749796999824525,0.1116312109343115,15.152861064706386,0.0,1,0.017429193899782147
340.91,1.3898394569706625,0.24216365597417377,21.68878909906236,-1.3045371735129834,-1,-0.018831949781467294
334.49,1.0464493807172062,-0.033742140093094175,8.326378362881485,0.0,1,-0.01070286107207985
330.91,0.4892168941973978,-0.19699154220430093,2.2877411128072183,0.0,1,-0.02620047747121579
322.24,-0.5526674235789528,-0.41295861999355055,-9.105194423902248,0.0,1,0.011295928500496544
325.88,-0.7242206305022023,-0.19483727563893338,-3.651880656302467,0.0,1,-0.0013808763962194215
325.43,-0.7871455147553093,-0.0859207199640134,-4.231931472024904,0.0,1,-0.007036843560827233
323.14,-0.9438458306522648,-0.08087367862032302,-7.256636826683163,0.0,1,0.004518165501021354
324.6,-0.8218755027130555,0.013698883106295412,-4.69598347516407,0.0,1,-0.001016635859519499
324.27,-0.7199007135173474,0.03855789076733451,-5.199170673198481,0.0,1,0.0023437259074228223
325.03,-0.5455882594596915,0.07095678160833019,-3.673673731920502,0.0,1,-0.0062763437221178275
322.99,-0.5829663441425623,0.011192898975153076,-7.201306482293688,0.0,1,0.013003498560326898
327.19,-0.2030748578054613,0.13036146177075136,1.2846024867984056,0.0,1,0.00675448516152688
329.4,0.18796045684689489,0.1737989254743692,5.172686220912858,0.0,1,0.01605950212507601
334.69,0.8086480761024859,0.2648288482433201,13.022029447901659,0.0,1,-0.00920254563924816
331.61,0.7949378793884421,0.08370621717642546,6.609459066644419,0.0,1,0.0007538976508549844
331.86,0.742671291082388,0.010479876290123813,7.004020281882774,0.0,1,-0.0011751943590669889
331.47,0.6221487226724776,-0.03668089737326219,6.11948513330335,0.0,1,-0.00482698283404237
329.87,0.37670837824481396,-0.09404041393364193,2.412208966684581,0.0,1,-0.0028496074211052935
328.93,0.14426250784390504,-0.10882876144485032,0.24548462595129905,0.0,1,-0.0028273492840422687
328.0,-0.06148230301022295,-0.10485785743299278,-1.9386516617116243,0.0,1,0.0034451219512194875
329.13,-0.06506451651978296,-0.036146690314184264,0.9404640302051988,0.0,1,0.007869231002947341
331.72,0.1543997531021546,0.061105859769251106,7.009500506680212,0.0,1,0.006270348486675514
333.8,0.4245985751545618,0.11043489394055278,11.283313853297884,0.0,1,-0.005422408627920872
331.99,0.3734814382512468,0.019772585679079246,5.9092879936940435,0.0,1,0.00972920871110583
335.22,0.5859660832786062,0.07741907690214622,12.440051235468331,0.0,1,-0.00062645426883845
335.01,0.6258778988524227,0.03911029749198758,11.779004753786637,0.0,1,0.001223844064356383
335.42,0.6278439817349977,0.013692126791520876,12.637092045102925,0.0,1,-0.0035776041977222395
334.22,0.47650669136504575,-0.04588172119281031,8.375105844241595,0.0,1,0.01445155885344973
339.05,0.7636291552329908,0.08041358089171158,18.086443126901912,0.0,-1,-0.0044831145848696075
337.53,0.716887957564154,0.011224127740958267,12.950950223943181,0.0,1,0.0047699463751371685
339.14,0.7679433622660667,0.020759844147623663,15.971615457014991,0.0,-1,-0.01067405791118714
335.52,0.4278091177615124,-0.10645813345231026,4.807897611944945,0.0,1,-0.004411063423938821
334.04,0.0987579023624221,-0.14516978295046687,0.8955103050535342,0.0,1,0.006586037600287309
336.24,0.1093358027993645,-0.0448639608378415,6.074380749847528,0.0,1,-0.0028253628360694893
335.29,0.02634676945120873,-0.042617664728665766,3.3735441998740114,0.0,1,-0.0008649229025620153
335.0,-0.04150997801048106,-0.03682480406345186,2.515609741196535,0.0,1,0.014985074626865602
340.02,0.3463541464262221,0.11701310679108376,13.729273572429655,0.0,-1,0.00973472148697141
343.33,0.7872566964423982,0.18597188560241995,19.07900410576444,-0.7271963540718502,-1,0.0053592753327702525
345.17,1.0954365800803316,0.16471725641345114,21.660738180439125,-1.0260914449207803,-1,0.025233942694903977
353.88,1.8840734735592264,0.3177847166307819,30.30837459722669,-5.881172089786276,-1,0.005312535322708145
355.76,2.278052464168752,0.23725456908010267,31.651183265268045,-4.22557513024401,-1,-0.01759613222397116
349.5,1.7635375874594388,-0.0924201025430702,15.201300619197355,0.0,-1,-0.0440629470672389
334.1,0.07598535014983554,-0.5933241132842245,-7.953259469671977,0.0,1,0.0036815324753067813
335.33,-0.6716228810174698,-0.44697744815050994,-6.182643700614307,0.0,1,-0.0069185578385471125
333.01,-1.1827917565163375,-0.3193821078831258,-8.819454221415803,0.0,1,-0.012822437764631656
328.74,-1.6956435478894036,-0.2774112997520639,-13.331960535350298,0.0,1,0.013414856725679769
333.15,-1.4432658145851178,-0.008344522149259292,-6.257774489261294,0.0,1,-0.00645354945219867
331.0,-1.3759714633842464,0.01964994301720413,-8.753506446148748,0.0,1,-0.019003021148036314
324.71,-1.7518266658351536,-0.1187350864779011,-15.206545470227276,0.0,1,-0.0004619506636690529
324.56,-1.8062687115743188,-0.05772571073902211,-15.350185759838254,0.0,1,0.014080601429627748
329.13,-1.3021340084793565,0.14880299745198,-7.337147178165537,0.0,1,0.00048613010056830497
329.29,-0.9282221562252744,0.17423828323535395,-7.064951557572506,0.0,1,0.02229038233775693
336.63,-0.05224771707946729,0.35007090746038705,4.05322681133589,0.0,1,0.022012298369129324
344.04,1.0075934789167036,0.4699707011521861,12.293787055154894,0.0,-1,-0.01331240553424029
339.46,1.0718812870051124,0.17808616974686498,5.462452532761375,0.0,-1,0.0027396453190360326
340.39,1.092201750465506,0.06613554440241942,6.537796784697171,0.0,-1,0.00355474602661654
341.6,1.1121785029902753,0.028704098975729675,8.00365715764488,0.0,-1,-0.009543325526932267
338.34,0.7578186706701331,-0.10855191111480422,2.6843817710155307,0.0,1,0.006354554590057404
340.49,0.6966538652875442,-0.05657223883246432,5.663815720163001,0.0,-1,-0.010866692120179655
336.79,0.2996836404889791,-0.15118082121034315,-0.31819717195428865,0.0,1,0.01024377208349403
340.24,0.3637248913822191,-0.02904652343903441,4.7229288913452905,0.0,-1,-0.005848812602868625
338.25,0.19960177588035322,-0.06438987964696674,1.4212374711080145,0.0,1,-0.00014781966001486957
338.2,0.0967400701393899,-0.05575052846264336,1.3347699147252001,0.0,1,0.00274985215848611
339.13,0.11474754475727877,-0.012581017948251505,2.9691895073295314,0.0,-1,0.00518975024326962
340.89,0.26085565333647764,0.0445090302103158,6.0714539676335875,0.0,-1,0.014256798380709368
345.75,0.7171717365146719,0.16694170446283674,13.465478259083199,0.0,-1,0.001417208966015826
346.24,0.9263988000608947,0.12538958933635314,14.141626514261915,0.0,-1,-0.021199168207024166
338.9,0.34214576516222905,-0.1529544818541042,-0.963262635626208,0.0,-1,-0.014311006196518039
334.05,-0.38265956605056317,-0.29258660435563216,-8.191683392076435,0.0,1,0.016434665469241105
339.54,-0.255673934486083,-0.05520032426371735,0.9096687215002675,0.0,-1,0.015668257053660817
344.86,0.27245837583666344,0.1576439953530097,7.98499111970402,0.0,-1,0.01867424462100553
351.3,1.0504863330116336,0.31189065084266,14.80734218351077,-2.5898400485796174,-1,0.004810703102761105
352.99,1.4927931171815203,0.25139914500418215,16.39826683174968,-2.014779509043535,-1,0.005495906399614725
354.93,1.7512137495013462,0.16993992577466943,18.23009995600667,-1.702477533745025,-1,0.012932127461752874
359.52,2.1169895865361354,0.17857192093648622,22.21247808014249,-2.928453376819675,-1,-0.006091455273698254
357.33,1.9409617061755284,0.0008480135252930676,17.712752457348827,0.0,-1,0.004169815016931144
358.82,1.815367623813927,-0.041582022945436226,19.165245060677776,0.0,-1,-0.009559110417479588
355.39,1.3154566139820076,-0.18049767759245183,12.027920151346791,0.0,-1,-0.004558372492191709
353.77,0.8208797245675328,-0.22502485566897557,8.84145386949902,0.0,-1,0.004494445543715031
355.36,0.6376846361462754,-0.13607331469674433,11.024930779376085,0.0,-1,-0.012072264745610184
351.07,0.13544670559014094,-0.21277041508429295,2.651274585197683,0.0,-1,-0.019198450451476945
344.33,-0.6886261518204151,-0.34561442416494964,-7.523346014097257,0.0,-1,0.02047454476810051
351.38,-0.455777067873953,-0.03758844673949585,3.0265564510235663,0.0,-1,-0.010757584381581142
347.6,-0.6163711035779329,-0.0660608274811586,-2.196494073360242,0.0,-1,0.0002589182968928405
347.69,-0.637803862798421,-0.02916452890054888,-2.0608345995242203,0.0,-1,-0.0013517788834880307
347.22,-0.6345365871754325,-0.008632417759186772,-2.773050278908137,0.0,-1,-0.0034272219342205146
346.03,-0.6791915670993944,-0.017762465894382906,-4.667727133372175,0.0,-1,0.007427101696384941
348.6,-0.43075309313638854,0.076892002689541,0.1329508511196309,0.0,-1,0.009609868043602976
351.95,0.00852890160649622,0.17205799914414194,5.75971426862489,0.0,-1,0.01579769853672408
357.51,0.6907924905107166,0.2847738626827874,13.379702906706584,0.0,-1,0.011747923135017269
361.71,1.324358244086966,0.3061132054196789,18.00510115281739,0.0,-1,0.005999281192115236
363.88,1.7116112672011354,0.23112207617794955,20.16819208176402,0.0,-1,0.003077937781686302
365.0,1.8559368398248353,0.12514921626721653,21.28163886880418,0.0,-1,0.0036986301369863472
366.35,1.885938222817913,0.051716866420097984,22.648859398110375,0.0,-1,0.0004094445202673658
366.5,1.7562773957463378,-0.025981320217159043,22.808676864156226,0.0,-1,0.007667121418826639
369.31,1.7792571992316653,-0.0010005055772772664,25.757197509941747,0.0,-1,-0.0038720857815927046
367.88,1.523309001038342,-0.0856495679235334,21.380556079524624,0.0,-1,0.02411112319234543
376.75,2.007559151855162,0.1328668609644288,29.530698026197996,-0.8434481755693355,-1,-0.0013536828135367607
376.24,2.0398876312756897,0.055065113461652215,28.10963725969107,0.0,-1,-0.004013395704869249
374.73,1.7602279017129945,-0.07486487203368108,23.773127652053788,0.0,-1,-0.009953833426733949
371.0,1.1628790451221676,-0.22407124287483593,14.018112810587084,0.0,-1,-0.013450134770889521
366.01,0.35146469639994393,-0.3451618638656866,3.502127013266353,0.0,-1,0.007786672495287084
368.86,0.15396879733879132,-0.18088592097561307,7.891648396700624,0.0,-1,-0.0028737190261888257
367.8,-0.04594321863669393,-0.1269326456503661,5.717957600363164,0.0,-1,0.007476889613920568
370.55,0.08709604159531636,0.0020355381938813866,10.042718511236401,0.0,-1,-0.0065848063689111225
368.11,-0.056975665088259575,-0.04734538949656486,4.769366083693939,0.0,-1,-0.010621824997962603
364.2,-0.4500968796726852,-0.1468222013603302,-2.637072259706386,0.0,-1,0.0007413509060956169
364.47,-0.5866494136588472,-0.09445824511549739,-2.0965357415299692,0.0,-1,-0.0019205970313058707
363.77,-0.664371562847009,-0.057393464767886426,-3.4728928550396176,0.0,-1,0.005552959287461912
365.79,-0.4795350072038218,0.042481030291766975,1.0377305562847212,0.0,-1,-0.001312228327729037
365.31,-0.3871554787819491,0.04495351957121324,-0.07419402919217788,0.0,-1,0.0018888067668554331
366.0,-0.2512027580058316,0.060302080115776924,1.6096733205609794,0.0,-1,0.0031420765027321274
367.15,-0.06645950111726506,0.08168177900144782,4.4464329530282,0.0,-1,0.0010622361432657268
367.54,0.06395041908677968,0.07069723306849753,5.430946402878831,0.0,-1,0.023562061272242474
376.2,0.8454928442649248,0.28407988608221424,20.931161347430404,0.0,-1,0.004439128123338687
377.87,1.3049729864985693,0.24785334277195292,22.94708658010933,0.0,-1,-0.0009262444756134025
377.52,1.3967986420738612,0.113226332782415,21.787758916854514,0.0,-1,0.010886840432295042
381.63,1.668811583022034,0.1284130912435293,26.633157859575405,-0.7994322931004945,-1,0.0014411864895318427
382.18,1.7115837549109187,0.05706175437747141,27.215018515255736,-0.053137663594100104,-1,-0.00044481657857553536
382.01,1.5761711946128116,-0.02611693530687864,26.56028252064513,0.0,-1,-0.0053401743409857705
379.97,1.2071173149126935,-0.13172360500233227,18.78370124363255,0.0,-1,0.006947916940811094
382.61,1.141997265486566,-0.06561455147615325,22.761954116973556,0.0,-1,-0.005593162750581526
380.47,0.8359374686496039,-0.12389144943770514,15.270049249301863,0.0,-1,0.014482087943858968
385.98,1.0724127811770359,0.0375279543632423,23.172522793404738,0.0,-1,0.004456189439867364
387.7,1.2446160390093155,0.0699104040651739,25.134903941389936,0.0,-1,-0.024426102656693205
378.23,0.43783299800799114,-0.24562421231205023,1.9070569356388276,0.0,-1,0.016735848557755784
384.56,0.5254553943400424,-0.05266727199333299,10.887437024576165,0.0,-1,-0.005382775119617156
382.49,0.3529786429776891,-0.07504800778522874,7.018820197646626,0.0,-1,0.005150461449972443
384.46,0.4014920470483503,-0.008844867904855835,9.724768177137975,0.0,-1,0.006710711127295488
387.04,0.6072910784963597,0.06565138784771785,13.104808277181426,0.0,-1,0.005141587432823336
389.03,0.8254163376789734,0.09459221567677722,15.580407773623136,0.0,-1,-0.0022620363468113247
388.15,0.7923609391303899,0.020512272376064566,13.487332811087825,0.0,-1,-0.001494267680020589
387.57,0.661469828261886,-0.03679294616414641,12.037337386851235,0.0,-1,-0.0026575844363597723
386.54,0.45506845380583627,-0.08106477354006536,9.362140067375236,0.0,-1,-0.008692502716407091
383.18,0.0339453954273381,-0.16739594397285454,1.337957518051084,0.0,-1,0.01534526854219953
389.06,0.3105550832858057,0.03640458129520435,11.466099148017626,0.0,-1,-0.016938261450675896
382.47,-0.12618632972549904,-0.1334456105720335,-1.1856951073632302,0.0,-1,-0.0065364603759772155
379.97,-0.5423748420873267,-0.18321137431128703,-5.082792848435574,0.0,-1,-0.0003158144064004942
379.85,-0.7152711947609305,-0.11870257566163034,-5.273233831976228,0.0,-1,-0.0021324206923786226
379.04,-0.8096134382009836,-0.07101493970056116,-6.651653527985253,0.0,-1,-0.02100042211903763
371.08,-1.4526501067376216,-0.23801720274573301,-17.566042997838423,3.3661147781819523,-1,0.02341813086126976
379.77,-0.9289475987777678,0.09522843507137368,-1.758265217852788,0.0,-1,0.00853147957974576
383.01,-0.31968404489970226,0.23483066298314648,2.8150252708627903,0.0,-1,-0.005143468838933685
381.04,-0.15257859755234904,0.13397870344349994,-0.16009798469124092,0.0,-1,-0.016192525719084694
374.87,-0.5704776574160064,-0.09464011880671919,-8.328907763281748,0.0,-1,-0.029583588977512343
363.78,-1.6560540492297946,-0.3934055035401691,-18.605320339435405,5.463966226330683,-1,-0.00918137335752367
360.44,-2.3391710743675276,-0.3588408428926342,-20.998623278055064,4.464336694567123,-1,0.009321939851292926
363.8,-2.2057986640724607,-0.07515614419918926,-15.42384045435849,0.0,-1,0.0037383177570093906
365.16,-1.8419625702522353,0.0962266498736788,-13.192327070222312,0.0,-1,-0.0025194435316026054
364.24,-1.5832143091544708,0.1183249703238145,-14.112383545467175,0.0,-1,-0.0027454425653414827
363.24,-1.4052389861760162,0.09876676443408972,-15.164039247320382,0.0,-1,-0.006524611826891347
360.87,-1.3966480758387547,0.035785891590450314,-17.6596642443953,0.0,-1,-0.019508410230831053
353.83,-1.8626319476835533,-0.1433993267514495,-23.844133676166994,0.0,-1,-0.007517734505270823
351.17,-2.1620712212990156,-0.14761286678897045,-25.78795301645954,0.0,-1,-0.00022780989264470364
351.09,-2.13828492299848,-0.041275522829478106,-25.847933081726467,0.0,-1,-0.007747301261784689
348.37,-2.1748680302650314,-0.02595287669867652,-27.91480285487476,0.0,-1,0.013347877256939311
353.02,-1.6244205813762278,0.17483152406337577,-17.020315092127312,0.0,-1,0.01634468302079206
358.79,-0.7329951418171277,0.3554189878741587,-6.188219992141846,0.0,-1,0.008835251818612555
361.96,0.0379671731138842,0.3754604342683902,-1.1424392330089717,0.0,-1,0.007183114156260384
364.56,0.6369510661532445,0.32481477576925016,2.726339653528484,0.0,-1,-0.0019749835418039208
363.84,0.8233637571601093,0.1704091555920384,1.5269952093725934,0.0,-1,-0.007668205804749251
361.05,0.6154564562335167,-0.01249938177818477,-3.0692481357411765,0.0,-1,0.0065918847805013225
363.43,0.6585481010841363,0.010197421024144893,1.0678229168116644,0.0,-1,-0.005062873180530003
361.59,0.47188158175242734,-0.05882303276918799,-2.137306268395598,0.0,-1,0.005005669404574142
363.4,0.490058190273885,-0.013548808082576747,1.2096524025900806,0.0,-1,0.0031095211887726126
364.53,0.5524749786784469,0.016289326773995083,3.289693137202768,0.0,-1,-0.01083587084739246
360.58,0.2084771246575201,-0.10923617574897726,-4.280628359195582,0.0,-1,-0.007737533973043331
357.79,-0.2133948960744192,-0.17703606549363887,-8.86658999035263,0.0,-1,0.0061768076245842796
360.0,-0.22238133176750807,-0.062007500395575926,-4.091265710056639,0.0,-1,-0.022777777777777786
351.8,-0.8916761053000641,-0.24376742464271073,-15.596901415091722,0.0,-1,-0.003922683342808431
350.42,-1.2670171499580078,-0.20636948976688485,-17.136988853085505,0.0,-1,0.007876262770389886
353.18,-1.1191029097904561,-0.01948508319977771,-11.062498138060839,0.0,-1,-0.0015572795741548573
352.63,-0.9977205472241621,0.033965759788838756,-11.82723621834382,0.0,-1,0.0019000085075007167
353.3,-0.7980526536723573,0.07787788444688115,-10.226205239464441,0.0,-1,0.03424851401075557
365.4,0.37661901424291955,0.4175165174540528,10.367654031845618,0.0,-1,0.006020799124247578
367.6,1.115903263680309,0.38560025563048084,12.928520649876674,0.0,-1,0.0010881392818280489
368.0,1.4258867830922668,0.2318612583474795,13.406203281560472,0.0,-1,0.028804347826087096
378.6,2.345387977540611,0.38378748426527465,23.47131536161349,-3.9168743085988353,-1,0.007923930269413626
381.6,2.859689576636356,0.2993630277870065,25.583211542042577,-3.1308687831499924,-1,0.019339622641509457
388.98,3.4935329114645697,0.3110687875384066,29.946712086875834,-5.352517424814835,-1,-0.01989819527996295
381.24,2.874326836256614,-0.10271242922318313,16.16726564261235,0.0,-1,-0.003252544329031659
380.0,2.221863228964537,-0.25172534550508674,14.197619089754923,0.0,-1,-0.009473684210526412
376.4,1.4104761562381327,-0.35437080607716376,8.573144507672595,0.0,-1,0.020191285866099973
384.0,1.5205762735217832,-0.08142356293117103,15.63539308042617,0.0,-1,-0.036171874999999964
370.11,0.29141164270345143,-0.4368627312498343,-1.2433768418066933,0.0,-1,0.039690902704601294
384.8,0.8767116904023169,0.04947910548301038,10.648303015208981,0.0,-1,-0.00935550935550944
381.2,0.7963024067182118,-0.01031005940036489,7.043747552213553,0.0,-1,-0.0017838405036726401
380.52,0.6330725643163078,-0.05784663393408962,6.34096456563028,0.0,-1,-0.005571323452118193
378.4,0.32203492942238654,-0.12296142294267032,4.034897360486731,0.0,-1,0.009011627906976738
381.81,0.42384653452353405,-0.007049939280507622,7.168117119804393,0.0,-1,0.038212723605981935
396.4,1.6552651258638207,0.40812288401992647,17.65102100473031,0.0,-1,0.003027245206861817
397.6,2.233035661045278,0.32863113973379465,18.358725335019727,0.0,-1,0.006036217303822866
400.0,2.535834623548965,0.21047670074582703,19.825678584157842,0.0,-1,0.013249999999999984
405.3,2.9175812195049957,0.19740776556728612,22.907665879467274,-1.0952964435379613,-1,-0.008142116950407119
402.0,2.590322749190932,-0.043283568248925874,18.09584444192548,0.0,-1,-0.0050000000000000044
399.99,2.043333284934704,-0.19675767750171813,15.184328886884686,0.0,-1,-0.00497512437810943
398.0,1.4337274457287208,-0.2687878389025671,12.256165008114614,0.0,-1,0.005025125628140614
400.0,1.1761139056483216,-0.1754671263276555,14.059082094971203,0.0,-1,-0.0024500000000000632
399.02,0.8676309768040937,-0.16131668505729446,12.435351909776458,0.0,-1,-0.006566086912936697
396.4,0.42275359764829545,-0.20206468807103095,8.063466037878896,0.0,-1,0.019172552976791213
404.0,0.7984187749330545,0.05786682973790935,15.785304658571448,0.0,-1,0.030198019801980225
416.2,1.9363831323310023,0.39861039571195245,24.244101897722686,0.0,-1,-0.025516578567996162
405.58,1.4590000500023734,-0.02625756220555875,9.916738424860924,0.0,-1,0.018294787711425675
413.0,1.717058504671229,0.07726696415443235,15.139234467228789,0.0,-1,0.02547215496368027
423.52,2.5796661899497053,0.3132915498109696,21.07591887692287,-1.0706426710573282,-1,-0.019621269361541405
415.21,2.103497850093106,-0.0542922633485432,11.833722169296209,0.0,-1,-0.0173647070157269
408.0,1.0892888593237444,-0.35616708470596836,4.945930699887313,0.0,-1,-0.008333333333333304
404.6,0.20807695899543432,-0.4124596616780929,1.915840002141266,0.0,-1,0.015719228868017687
410.96,0.28013126224828966,-0.11346845280841256,6.860443372245385,0.0,-1,-0.0008759976640061451
410.6,0.26281414202071574,-0.04359519101199549,6.495065017893275,0.0,-1,0.005796395518752995
412.98,0.43058773673851647,0.041392801235268395,8.456041547402428,0.0,-1,0.012881979756888873
418.3,0.9219255560358874,0.1775768735108798,12.63866201536785,0.0,-1,0.012192206550322604
423.4,1.5157673360149033,0.25713955116329856,16.257234610731373,0.0,-1,0.0037789324515824507
425.0,1.8197076146698237,0.18702660993940623,17.359236833450495,0.0,-1,-0.007529411764705896
421.8,1.5533687861081944,-0.026437406207407754,12.801401604991511,0.0,-1,-0.008937885253674782
418.03,0.9765853063183272,-0.2010736286657584,7.691396035150902,0.0,-1,0.011889098868502312
423.0,1.0209781242301688,-0.0522269369179722,12.196979765501972,0.0,-1,0.023640661938534313
433.0,1.7914263561669372,0.23940709833959883,19.466423088037004,0.0,-1,-0.004157043879907674
431.2,1.877364942454733,0.10844856154246485,16.893718106313244,0.0,-1,-0.01298701298701288
425.6,1.2972204903940678,-0.15723196350606683,9.30173144204197,0.0,-1,0.03153195488721794
439.02,2.01737989016425,0.18764247875470508,18.74649031508983,-1.555060370795843,-1,-0.003849482939273785
437.33,2.068511265869006,0.07959128481982036,16.58437454032682,0.0,-1,-0.0007774449500376202
436.99,1.8933676815656213,-0.03185076649452134,16.11952985066928,0.0,-1,-0.003752946291677106
435.35,1.5113485826167903,-0.13795662181445079,13.734824292965286,0.0,-1,-0.011370161938670131
430.4,0.7818933179243004,-0.2891372955023135,6.857611531001616,0.0,-1,0.008480483271375627
434.05,0.656174575751038,-0.1382853458918586,10.361854058943251,0.0,-1,-0.00933072226701992
430.0,0.20113399001849075,-0.19777531054146863,4.867406272221906,0.0,-1,-0.007790697674418645
426.65,-0.322314135349302,-0.24040781196975386,0.631651151959467,0.0,-1,-0.018492909879292085
418.76,-1.2146786867540982,-0.37759078779151667,-7.878054246396566,0.0,-1,-0.008023688986531718
415.4,-1.8396377385603273,-0.33418327986591545,-10.981093660999065,0.0,-1,0.01829561868078966
423.0,-1.3654807862500888,0.04665789081477434,-1.4545667478316489,0.0,-1,0.0005200945626477882
423.22,-0.9962789112408359,0.13861992194134243,-1.1973180529194352,0.0,-1,-0.006190633712962579
420.6,-0.9469880644660975,0.06263692290536027,-4.22554577109937,0.0,-1,-0.008036138849262908
417.22,-1.1250936357066053,-0.03848954944504923,-7.964371999244257,0.0,-1,0.039259862902065956
433.6,0.2446113816487241,0.44373848930342674,9.741699983540165,0.0,-1,0.02246309963099624
443.34,1.720746275188958,0.6399577942812202,16.502214346401715,0.0,-1,0.028646185771642685
456.04,3.373751532360018,0.7643210171507602,23.05717018674474,-5.929721956376795,-1,-0.0066660819226384005
453.0,3.6657748665821828,0.35211478379097505,19.442992883890355,0.0,-1,-0.019426048565121423
444.2,2.772971961478106,-0.18022937377103387,9.910317422650792,0.0,-1,0.002476361999099508
445.3,2.1871561788029226,-0.2553483854820726,10.660357195567641,0.0,-1,0.0038176510217831083
447.0,1.8536519392317246,-0.19628420835109006,11.884868572391241,0.0,-1,0.006756152125279691
450.02,1.7840954911767994,-0.08861355213533839,14.091095018147357,0.0,-1,0.015954846451268878
457.2,2.1989759762179233,0.10875564430192863,18.853600666844173,0.0,-1,-0.011373578302712128
452.0,1.7898348873870304,-0.10012848150965481,12.21378039690029,0.0,-1,0.015929203539823078
459.2,2.0361114356893495,0.04871602226422134,17.095488018109478,0.0,-1,0.024390243902439046
470.4,2.922907090199658,0.31183722559151006,23.101762341888872,0.0,-1,-0.00595238095238082
467.6,2.8893959932715347,0.09277537622112897,19.57403972191854,0.0,-1,-0.022775876817793028
456.95,1.7443574453681663,-0.35075439056074664,7.788328793536245,0.0,-1,0.01105153736732678
462.0,1.4473083843024597,-0.21593448387548442,11.247028330516727,0.0,-1,0.012705627705627665
467.87,1.6673414884110684,0.0013662067443747095,14.95557262678976,0.0,-1,0.004595293564451541
470.02,1.8175795830978245,0.05053476714371019,16.269231329631765,0.0,-1,-0.017488617505638016
461.8,1.056233665183015,-0.23693705025703315,7.166060511782092,0.0,-1,0.028497184928540475
474.96,1.6842079007936945,0.1303457284512155,15.577412915648566,0.0,-1,-0.012695805962607332
468.93,1.355344360199581,-0.0661726040476327,9.617118602609679,0.0,-1,-0.006248267332011226
466.0,0.8338005598859013,-0.19590546812043752,6.82851042115373,0.0,-1,-0.01656652360515032
458.28,-0.1397880535948275,-0.38983136053372214,-0.016170566057169822,0.0,-1,-0.03380029676180496
442.79,-1.9057666892022667,-0.718603332047054,-10.596771878265287,0.0,-1,-0.019896564963075014
433.98,-3.3641087829057597,-0.7256484752501824,-15.245874856678462,1.4950224891357493,-1,0.0502788146919213
455.8,-1.9946040978487076,0.21461873660229003,0.7464396154208472,0.0,-1,-0.0006143045195261543
455.52,-1.16696808049943,0.3474182513171893,0.5697099315827643,0.0,-1,-0.01650860554970135
448.0,-1.2825693984498798,0.07727231112224642,-4.191003111701477,0.0,-1,-0.012075892857142945
442.59,-1.6843226075542361,-0.10816029932737004,-7.396969400416715,0.0,-1,-0.011093788833909435
437.68,-2.1540056614769014,-0.19261445108334518,-10.205462424854574,0.0,-1,0.029039480899287096
450.39,-1.1501800499818842,0.270403720137224,-0.6095387741611376,0.0,-1,-0.011567752392370956
445.18,-0.9865855734025217,0.1446660655721954,-3.952322515752698,0.0,-1,-0.011590817197538184
440.02,-1.2525728706626182,-0.0404404105626337,-7.1441867418471645,0.0,-1,0.017658288259624566
447.79,-0.6336854467374451,0.19281567112084652,-1.2056019422631934,0.0,-1,-0.01382344402510105
441.6,-0.7872679475466953,0.013077723437198818,-5.316053634933354,0.0,-1,-0.015398550724637694
434.8,-1.36512020232243,-0.18825817711284532,-9.482258027557144,0.0,-1,-0.015639374425023056
428.0,-2.106952979516791,-0.310030318102402,-13.285739668163444,0.0,-1,-0.004672897196261627
426.0,-2.468956619820915,-0.224011319468842,-14.378504749295168,0.0,-1,-0.032863849765258246
412.0,-3.610878721654558,-0.45531114043416165,-21.074666443397273,3.008953696497315,-1,0.029077669902912717
423.98,-2.8825998791001552,0.09098923404008019,-10.297609986620074,0.0,-1,0.0014623331289211894
424.6,-2.226577134564593,0.24900399285854746,-9.77640628459607,0.0,-1,0.012717852096090443
430.0,-1.2630176677497502,0.4041878198911302,-5.162086987724571,0.0,-1,0.01020930232558137
434.39,-0.3101531286965269,0.45235078631478454,-1.5664694497945248,0.0,-1,0.005087594097470172
436.6,0.37629190155479364,0.3795986055220351,0.24751202964168328,0.0,-1,0.03206596426935415
450.6,1.8548234248842164,0.6193767096171527,10.121589727295756,0.0,-1,0.020861074123391
460.0,3.2228539011419457,0.6624690619582942,15.264537677708134,0.0,-1,-0.004347826086956497
458.0,3.4716313141756245,0.30374882499732436,13.333600679466038,0.0,-1,-0.0333406113537118
442.73,2.034217411177849,-0.37788835933348386,0.6267618757864639,0.0,-1,0.0344905472861563
458.0,2.4184923420808104,0.0021288571898256947,9.626963624638883,0.0,-1,-0.0004366812227073469
457.8,2.3924221123588723,-0.007980457510704309,9.469202063928236,0.0,-1,-0.003931847968545288
456.0,2.030018488134658,-0.12346136057830615,7.936317719392719,0.0,-1,-0.006578947368421018
453.0,1.4296484686779536,-0.2412771266783369,5.2968061755543445,0.0,-1,-0.0066225165562914245
450.0,0.7603260865598145,-0.30353316959882526,2.6324997964433194,0.0,-1,0.0
450.0,0.36230438828744127,-0.23385162262373282,2.6324997964433194,0.0,-1,0.003555555555555534
451.6,0.26643484012731733,-0.10990705692795227,4.089013094242588,0.0,-1,-0.01463684676705057
444.99,-0.35453617063001275,-0.24362602256176077,-2.601204745500283,0.0,-1,0.033281646778579255
459.8,0.5986896715438093,0.23653327320402046,9.78264765723906,0.0,-1,0.026185297955632736
471.84,2.0287451200020428,0.5555295738874182,16.83546863065574,0.0,-1,0.005001695489996738
474.2,2.771377417564338,0.43272062381657106,18.05554732170664,0.0,-1,-0.008140025305778176
470.34,2.5900787815484705,0.08380732926690104,13.790694026091977,0.0,-1,0.018837436747884517
479.2,3.0219228984115034,0.17188381537664466,18.78036882488803,0.0,-1,-0.006677796327211993
476.0,2.7193513819754003,-0.04356256701981964,15.176123734687664,0.0,-1,0.025630252100840245
488.2,3.3581196752593883,0.19840190875472263,21.502129301384088,-2.117575989896693,-1,0.008992216304793077
492.59,3.763493848963094,0.20125869415280961,23.431773358273944,-2.0972520059008275,-1,-0.020686575042124233
482.4,2.8033897817347224,-0.25294845769185414,12.514531542175177,0.0,-1,-0.01664593698175787
474.37,1.420555266309293,-0.5452609910390946,5.31402532659753,0.0,-1,0.016506102831123304
482.2,1.2632584030708358,-0.23418595142585064,10.271778279039935,0.0,-1,0.006843633347158873
485.5,1.3543384378623955,-0.047701972211430244,12.233897888836353,0.0,-1,-0.023748712667353233
473.97,0.3261835854362971,-0.35861894154584295,2.221297791582465,0.0,-1,0.006814777306580533
477.2,0.05409086043687239,-0.2102372221817559,4.499872073175062,0.0,-1,0.0012573344509640982
477.8,-0.03646307376595814,-0.10026371879486215,4.9433721967974265,0.0,-1,0.008790288823775638
482.0,0.27129854861317426,0.06916596786142343,8.118484198833109,0.0,-1,-0.007053941908713668
478.6,0.119237814085011,-0.02763158888891329,4.654218669830442,0.0,-1,0.007104053489343842
482.0,0.316604295647096,0.05657829755772392,7.470917404541396,0.0,-1,0.004564315352697079
484.2,0.5722371784576126,0.10407039345608016,9.289011719685583,0.0,-1,-0.0032837670384138207
482.61,0.5198671883246675,0.017233467774378397,7.321226024389169,0.0,-1,-2.0720664718920645e-05
482.6,0.44952659423120167,-0.017702375439695828,7.307934380132089,0.0,-1,0.016929133858267553
490.77,1.057729080998513,0.19683337044253857,14.73174320736699,0.0,-1,-0.004258614014711504
488.68,1.099519567632342,0.07954128569212249,11.6829600398503,0.0,-1,-0.005729720880739975
485.88,0.7954548469799079,-0.07484114498677052,7.641713431152539,0.0,-1,-0.01210175351938747
480.0,0.08713458273865626,-0.2610538030760074,-0.001620906978224923,0.0,-1,-0.002083333333333326
479.0,-0.35762009794353844,-0.23526949458606736,-1.2237979468038205,0.0,-1,0.0020876826722338038
480.0,-0.46686243012266004,-0.11483727558839629,0.1306714805309852,0.0,-1,0.001083333333333325
480.52,-0.4392450603686484,-0.029073301944794905,0.8810958589466225,0.0,-1,0.013069175060351323
486.8,0.13450071287240917,0.18155749043208755,9.133091496984157,0.0,-1,0.0398520953163517
506.2,2.0268318734202353,0.6912962169933046,24.079858520911117,-9.387826861471979,-1,-0.037929672066376874
487.0,1.2040947975758058,-0.043813619617041555,2.8314991301180967,0.0,-1,0.01396303901437368
493.8,1.259051693188951,0.0037144253320344767,7.615561844557071,0.0,-1,-0.025415147833130813
481.25,0.13577583322972941,-0.3731871448757291,-2.3045022802863713,0.0,-1,-0.0025974025974025983
480.0,-0.5413434161856685,-0.3501021314303757,-3.1963247559172316,0.0,-1,0.006250000000000089
483.0,-0.5847910895445807,-0.131183268263096,-0.6698255316921333,0.0,-1,-0.008136645962732891
479.07,-0.8852823354286556,-0.14389150471572365,-3.859515532892246,0.0,-1,0.031164547978374868
494.0,0.2824122362483763,0.3412676889871028,7.688743067582124,0.0,-1,0.0008097165991902688
494.4,0.8760585023995304,0.31163798504608564,7.95709482898539,0.0,-1,-0.0008090614886731018
494.0,1.0665434269417915,0.16737430319611557,7.55152758704417,0.0,-1,-0.003441295546558698
492.3,0.9312406036344214,0.010690493296248493,5.710584357613179,0.0,-1,0.0016250253910217172
493.1,0.8526524750112117,-0.022632545108987046,6.439166096116011,0.0,-1,-0.0062867572500507896
490.0,0.48397070444866586,-0.13043810522384425,2.7060780766900194,0.0,-1,-0.011836734693877582
484.2,-0.22403440620331594,-0.2794810719586087,-3.665098942789605,0.0,-1,-0.0022304832713754275
483.12,-0.6493674276790671,-0.23493803114478662,-4.795655769416243,0.0,-1,0.005050505050504972
485.56,-0.6045866527770158,-0.0633857520809118,-1.6331156044185917,0.0,-1,0.0025743471455639266
486.81,-0.4276473775945533,0.037851174367183604,0.009203902248387408,0.0,-1,-0.012345679012345623
480.8,-0.8043737918704323,-0.11295841330289846,-7.2542646665468595,0.0,-1,0.006239600665557399
483.8,-0.6757058496858122,0.005236509627240538,-2.9859255301771768,0.0,-1,0.016391070690367826
491.73,0.10577027554694496,0.26223754495333257,6.531781670052737,0.0,-1,0.010676590812030984
496.98,0.9251941485343878,0.36055380598025855,11.60506749199569,0.0,-1,0.006881564650488947
500.4,1.5428065726502496,0.3260554100320401,14.595920640379973,0.0,-1,-0.015587529976019088
492.6,1.0730455703206871,-0.047901864099174185,3.9468182322787726,0.0,-1,-0.007551766138855109
488.88,0.43874460496255097,-0.22740094315243686,-0.3873536647767537,0.0,-1,-0.013868433971526706
482.1,-0.47996792813012235,-0.3820378254150368,-7.329754467994462,0.0,-1,0.008089607965152457
486.0,-0.5743268673322177,-0.15879892153904407,-2.6233605641615156,0.0,-1,0.010288065843621297
491.0,-0.15697909798899445,0.08618294926805975,2.8862255726496926,0.0,-1,-0.0016293279022403517
490.2,-0.001890288484901248,0.08042391959071767,1.9198382977660629,0.0,-1,-0.001835985312117483
489.3,0.0008116403075177914,0.02770861612771224,0.7604103443275534,0.0,-1,-0.018577559779276553
480.21,-0.7554050319885732,-0.24283601872279292,-9.411308563156567,0.0,-1,0.0012286291414174144
480.8,-1.021396282137573,-0.16960908962393095,-8.564953402097984,0.0,-1,-0.0016638935108153063
480.0,-1.1359422170339144,-0.0947183415067574,-9.43556495626305,0.0,-1,0.0121458333333333
485.83,-0.6127199997292792,0.14283462526595925,-0.7937845605593594,0.0,-1,0.01722824856431271
494.2,0.39745110890049773,0.38433524463191215,8.769191623247366,0.0,-1,-0.00040469445568591667
494.0,0.8527490708070218,0.27987773551281214,8.476891627382557,0.0,-1,0.014979757085020307
501.4,1.6260022958596778,0.3510436535218229,15.525943357801637,0.0,-1,0.002592740327084231
502.7,1.9854620503977003,0.23683446935328178,16.631661773796893,0.0,-1,0.010025860354087923
507.74,2.419736756800262,0.22370305858528106,20.682326767499532,-0.8256599335886676,-1,-0.017193839366605013
499.01,1.7077293802681766,-0.1627681059822681,7.2961042606777795,0.0,-1,0.009599006031943302
503.8,1.608581576979816,-0.08730530309020956,11.716285082855357,0.0,-1,0.005160778086542139
506.4,1.6416258772539436,-0.018087000938693976,13.965770125054078,0.0,-1,0.0011650868878356757
506.99,1.5705125376198907,-0.02973344685758228,14.491827974969183,0.0,-1,3.944850983250703e-05
507.01,1.4057464896678766,-0.06483316493653213,14.511341840782421,0.0,-1,-0.005542296996114526
504.2,0.9720512582194942,-0.16617613212830484,9.414066519564066,0.0,-1,-0.009559698532328409
499.38,0.27253270431032206,-0.28856489534582574,1.63784949230633,0.0,-1,-0.00941167047138447
494.68,-0.49160429800343763,-0.35090063255319515,-4.7751931244032235,0.0,-1,0.0028907576615184727
496.11,-0.7135391076600399,-0.19094514740326585,-2.5681328178730567,0.0,-1,0.01836286307472146
505.22,-0.005878253516641507,0.17223856891337755,9.097743770084278,0.0,-1,0.024900043545386108
517.8,1.3967753613480909,0.52496406125937,19.48726827275702,0.0,-1,0.014098107377365832
525.1,2.5900375553348454,0.5727420850820417,23.78124920769399,-2.5221439793589298,-1,0.0032374785755093782
526.8,3.1124988560502516,0.3650677952658161,24.702422848228338,-1.0438060662928592,-1,0.0050303720577071775
529.45,3.335187935070394,0.19591895809531934,26.153556981414496,-0.9628213231533209,-1,0.0014165643592407573
530.2,3.2311001466580365,0.030610389894320633,26.57609023600905,0.0,-1,-0.0022632968691060906
529.0,2.8097979068969607,-0.13023061662225155,24.237583700324294,0.0,-1,0.003780718336483968
531.0,2.53166362810839,-0.13612163180360737,25.616529385881222,0.0,-1,-0.001129943502824915
530.4,2.131624519705042,-0.17872024673565168,24.291041512671114,0.0,-1,0.0015460030165912464
531.22,1.8223029221945808,-0.16268061474870432,24.957625111343447,0.0,-1,0.010880614434697344
537.0,1.9974502132564567,0.004155558771057111,29.18457338633428,0.0,-1,-0.007150837988826875
533.16,1.5985696743493918,-0.13157499337866918,20.411425790364348,0.0,-1,-0.0017443169029933703
532.23,1.1884152653666433,-0.18057646745380596,18.372937103160723,0.0,-1,-0.008004058395806313
527.97,0.5293034554280212,-0.2798960924641427,9.592063386369809,0.0,-1,0.0005682141030740606
528.27,0.18063892917314206,-0.20952020623967393,9.994082659917105,0.0,-1,0.004486342211369232
530.64,0.1887534219479221,-0.06713523782163128,13.207207048517532,0.0,-1,-0.012532036785768086
523.99,-0.3770854501603935,-0.21099136997664902,0.5495951169227098,0.0,-1,-0.004828336418633894
521.46,-0.8394144320344594,-0.22444011728357172,-3.395599804794287,0.0,-1,0.012522532888428639
527.99,-0.4564610536352802,0.052837753705202495,6.369765275374341,0.0,-1,-0.01791700600390167
518.53,-1.015279276632782,-0.16866015643076648,-6.450605407745577,0.0,-1,0.0039341985998881945
520.57,-1.0400817817453571,-0.06448755384778049,-3.53334461462061,0.0,-1,-0.0010949536085446132
520.0,-1.0133095524895452,-0.012571774863989527,-4.267077169415977,0.0,-1,0.010750000000000037
525.59,-0.44964764182088857,0.18369671193488912,3.699574050850373,0.0,-1,0.020567362392739374
536.4,0.7704872836651475,0.46794387914030844,14.802210891560563,0.0,-1,-0.007848620432512887
532.19,0.9655141394360953,0.22099024497041875,8.710099227907179,0.0,-1,-0.017117946598019573
523.08,0.2234013890353026,-0.17370750181012468,-2.1137682541970833,0.0,-1,-0.02018811654049102
512.52,-1.0462717685846883,-0.4811268864767053,-11.302500338756253,1.9524699532165641,-1,0.006809490361351811
516.01,-1.3030857000126161,-0.24598027263487765,-7.267251985030796,0.0,-1,0.024592546656072578
528.7,-0.26540219072546734,0.2639010788840904,4.763105865015028,0.0,-1,0.003215434083601254
530.4,0.4172230798118335,0.31550878314046377,6.1347382095127685,0.0,-1,0.006165158371040702
533.67,0.9962671250960966,0.2981842761415756,8.804376023825775,0.0,-1,0.017820001124290386
543.18,1.995266887313619,0.43239467945303267,15.574571773189575,-1.8019511432039508,-1,0.006425126109208756
546.67,2.619327861146189,0.3521518844285345,17.736606130050788,-2.1948244741432745,-1,0.022865714233449852
559.17,3.754747692967044,0.49585723874979637,24.187921748158175,-7.989248266514892,-1,-0.009549868555179808
553.83,3.5645619677968625,0.10189050452653836,17.75689291658405,0.0,-1,0.023129841287037545
566.64,4.239922274561991,0.25908360376388906,23.80852562101134,-4.897030096885715,-1,0.021989270083298207
579.1,5.26260890506444,0.4272567447554456,28.22537646866877,-8.207348966500717,-1,-0.027611811431531685
563.11,4.002901478226931,-0.27748356069402114,13.06164754278938,0.0,-1,-0.005132212178792783
560.22,2.798639308289239,-0.4939152435439045,10.698749598463017,0.0,-1,-0.005069437006890221
557.38,1.7266216142962776,-0.521977645845622,8.313009684420514,0.0,-1,0.014388747353690556
565.4,1.7150609661084673,-0.17784609801114404,12.889698210050241,0.0,-1,-0.03597453130527062
545.06,-0.1286411051611367,-0.6738493897602496,-1.969672933664448,0.0,-1,-0.014181924925696032
537.33,-1.6839387153659118,-0.7430489999883416,-6.326998369447573,0.0,-1,-0.002959075428507707
535.74,-2.453759294187762,-0.5042898596033973,-7.21411374501853,0.0,-1,0.003285175644902383
537.5,-2.487522975749698,-0.17935118038844466,-5.819587407866692,0.0,-1,0.014753488372093004
545.43,-1.6362779018849096,0.2239646311587813,0.25094013472165244,0.0,-1,0.019562546981281015
556.1,-0.18513220646207174,0.5583701088605398,7.208349704595719,0.0,-1,0.0025534975723791042
557.52,0.6742016584545354,0.47256799125904914,8.075338866926643,0.0,-1,0.004860812168173467
560.23,1.273518452708231,0.3572949285042484,9.80234465161621,0.0,-1,-0.007961016011281186
555.77,1.0953836454426664,0.05972004041289458,5.613201632233633,0.0,-1,-8.996527340443539e-05
555.72,0.9108676046897699,-0.04159866678000068,5.564717600846322,0.0,-1,-0.010274958612250806
550.01,0.2668706172559041,-0.2285318847379555,0.030235727675467672,0.0,-1,-0.00967255140815615
544.69,-0.5207004278989871,-0.3387009766309489,-4.646293546892281,0.0,-1,-0.032991242725219916
526.72,-2.3685942481516804,-0.7288649322945475,-16.425069597508866,0.9784000038544036,-1,-0.017086877278250312
517.72,-3.845158304265283,-0.7351429961360503,-20.664715684024976,3.7036835873146856,-1,0.014370702310128936
525.16,-3.6430104736333533,-0.1776650551680401,-13.320480105770741,0.0,-1,-0.023573767994515937
512.78,-4.270019018847961,-0.2682245334608826,-19.232562864576476,1.5678843386942845,-1,0.014470143141308345
520.2,-3.6093550398845764,0.13081314850083414,-12.521560069463384,0.0,-1,0.009919261822376013
525.36,-2.548243463745848,0.3973082415465208,-8.165015643383313,0.0,-1,0.014009441145119483
532.72,-1.1920007203643763,0.5845169949759976,-2.380492995411828,0.0,-1,-0.005087100165189984
530.01,-0.6403792886432029,0.378712808899057,-4.242234793233862,0.0,-1,-0.01656572517499666
521.23,-1.0428702987289853,-0.00792606706224186,-9.887644155892922,0.0,-1,0.007002666768988641
524.88,-0.8530432788778626,0.060633650929626914,-6.658752442532517,0.0,-1,-0.02817786922725196
510.09,-1.9195428290457812,-0.33528863307943046,-15.12456556525953,0.0,-1,0.010370718892744435
515.38,-1.8519973683760327,-0.08924772413656057,-10.4333145406423,0.0,-1,-0.0007179168768675082
515.01,-1.6947248573430898,0.02267492896546086,-10.653583127017967,0.0,-1,-0.014873497601988195
507.35,-2.113194863714625,-0.13193169246869152,-15.120224745129299,0.0,-1,0.0060904700896815545
510.44,-1.8888302949242188,0.03081095877390494,-11.967216488447391,0.0,-1,-0.0009403651751430653
509.96,-1.659245485951942,0.0867985892487273,-12.282421611435915,0.0,-1,0.0010981253431641136
510.52,-1.3595159576365177,0.12884270585471724,-11.620412393402383,0.0,-1,0.0052103737365822855
513.18,-0.8746915303423748,0.20455571104962011,-8.3472322592782,0.0,-1,0.024689192875794186
525.85,0.49644497749989114,0.5252307396306287,4.456214510870147,0.0,-1,0.018065988399733834
535.35,1.9323094832960805,0.6536984151422727,11.495418199534434,0.0,-1,-0.004520407210236388
532.93,2.287549279252744,0.3363127370329788,8.917961542494247,0.0,-1,0.01557427804777367
541.23,2.966206737293419,0.33832339835788483,14.576005984353799,-0.2675698546646572,-1,0.011529294385011823
547.47,3.578351571539315,0.31682274420126033,18.230964012189233,-2.177390524358998,-1,-0.0029955979323067483
545.83,3.4495613577005315,0.06267751012082545,16.235283499104796,0.0,-1,0.005569499661066457
548.87,3.3510361376394258,-0.011949236646759953,18.153753397025596,0.0,-1,-0.000783427769781464
548.44,2.9866871828056674,-0.12543273049350612,17.550537121575857,0.0,-1,-0.0018415870468968532
547.43,2.471455440154955,-0.21355482438140605,16.025414312889012,0.0,-1,-0.006996328297681709
543.6,1.6887182821500346,-0.3320973274621086,10.290103847990075,0.0,-1,0.0018027961736570841
544.58,1.2382898463017682,-0.2608419211034583,11.247152914569668,0.0,-1,-0.04118770428587182
522.15,-0.9592818588142791,-0.8194712087398351,-12.026905873080395,0.0,-1,-0.035392128698649716
503.67,-3.518127556471086,-1.1261056354655472,-21.827322348541188,0.0,-1,-0.014592888200607557
496.32,-5.116873108926825,-0.9082837293070956,-24.7115743432765,0.0,-1,-0.030101547388781458
481.38,-6.7348397927441965,-0.8420834710414891,-29.4606804789978,3.4126547943494643,-1,-0.0501682662345756
457.23,-8.99508648525756,-1.0341100545182842,-34.641182885668485,15.33526884507961,-1,0.016228156507665625
464.65,-8.757285957742795,-0.265436509001173,-27.93091490688001,0.0,-1,-0.009986010976003379
460.01,-8.295278530840164,0.06552363930048521,-29.083112004551598,0.0,-1,-0.001717353970565827
459.22,-7.4388349398188325,0.3073224101072727,-29.287680049755846,0.0,-1,0.00548756587256638
461.74,-6.180710232656622,0.5218157057564943,-26.631373021641007,0.0,-1,-0.003725040065837959
460.02,-5.179922026354063,0.5075346373530181,-27.210394618239267,0.0,-1,0.0050867353593322395
462.36,-4.052867754339957,0.5448629697890413,-24.42290607060634,0.0,-1,0.017216022147244603
470.32,-2.4882683054712516,0.7031541395525824,-15.486845723568926,0.0,-1,0.013820377615240798
476.82,-0.9569462222476659,0.7448254075920562,-9.053419851375793,0.0,-1,0.03210855249360356
492.13,1.164293671218104,0.9553551003526088,3.0242084602397625,0.0,-1,-0.01897872513360288
482.79,1.349555812016149,0.3802057470502179,-3.431684376479957,0.0,-1,-0.03169079724103652
467.49,0.05472389808045364,-0.30487538896182587,-11.879473336427075,0.0,-1,-0.007957389462876274
463.77,-0.907252383727382,-0.4222838902565539,-13.660382925875922,0.0,-1,-0.0037087349332642905
462.05,-1.4559694926540487,-0.32366699972774016,-14.51212092378956,0.0,-1,0.018958987122605686
470.81,-0.8789972560628598,0.08443507895448288,-6.957545039928945,0.0,-1,-0.0004885197850513778
470.58,-0.5364280330953761,0.1423347673073222,-7.104088314131161,0.0,-1,0.018105316843044728
479.1,0.3895589144796645,0.35610723829412105,-0.0854950242786785,0.0,-1,0.015445627217699709
486.5,1.4367558120605395,0.4677680452916654,5.225361602490416,0.0,-1,0.0010071942446043813
486.99,1.8814579431792708,0.3041567254701323,5.5719640080921025,0.0,-1,0.004188997720692367
489.03,2.1170208468070086,0.17990654303262343,7.107883801847201,0.0,-1,-0.008465738298263914
484.89,1.713383894720323,-0.07457680301802072,2.978028115038768,0.0,-1,-0.005238301470436468
482.35,1.1571167607835946,-0.21028131231824965,0.48901834312504633,0.0,-1,0.004540271587021971
484.54,0.9650567970833208,-0.13411375867284114,2.6214751141992565,0.0,-1,0.010133322326330019
489.45,1.1977720821428761,0.03286717546223805,7.212317007757953,0.0,-1,-0.0032076820921442817
487.88,1.083482051160729,-0.027140951839969674,5.308274831338579,0.0,-1,0.006005575141428299
490.81,1.1802135314062525,0.023196842801851192,8.193354487057348,0.0,-1,0.0034636621095740505
492.51,1.2718948105784875,0.038292707324695474,9.863701845900607,0.0,-1,0.006375505065886911
495.65,1.473410882616406,0.07993625978753793,12.905362897746755,0.0,-1,0.0118430343992737
501.52,1.9405513450840317,0.18235890741838778,17.950376869193306,0.0,-1,0.01808502153453495
510.59,2.768242297560789,0.3366832866317151,24.017228759049615,-1.9131494441660948,-1,0.027850134158522444
524.81,4.136400915669128,0.5682806349133513,30.460469849568014,-8.035323770168816,-1,-0.003467921724052414
522.99,4.324113481750885,0.2519977336650365,27.719658902441665,-0.6082634798383424,-1,0.018336870685863982
532.58,4.856793641312493,0.261559297742215,31.424301948281567,-3.616469249248212,-1,-0.00895640091629446
527.81,4.320900917650533,-0.09144447530658173,24.57169517137862,0.0,-1,0.014891722400106167
535.67,4.347879479348762,-0.02148863786945121,27.966717451295068,0.0,-1,0.019433606511471746
546.08,4.866545470252163,0.1657257843446498,31.58486170793023,-1.2890275187842235,-1,-0.01823908584822742
536.12,3.8903330098495417,-0.27016222535265744,19.45926885642689,0.0,-1,-0.006472431545176516
532.65,2.788865695493996,-0.457209846569401,15.680441175136423,0.0,-1,-0.004731061672768155
530.13,1.795726563691801,-0.48344965945719887,12.918381974752727,0.0,-1,0.018882160979382334
540.14,1.9836797841496718,-0.09849881299977614,18.723444104606756,0.0,-1,-0.002110563927870568
539.0,1.8173497456995165,-0.08827628381664376,17.388502506384157,0.0,-1,-0.020834879406308016
527.77,0.646905580999487,-0.41957348283889107,5.572968793045952,0.0,-1,0.0031642571574741485
529.44,0.1469413668995685,-0.3065125656462699,6.823820859735896,0.0,-1,5.666364460554796e-05
529.47,-0.11278585405864305,-0.18874659553482714,6.848071384582731,0.0,-1,0.002228643738077629
530.65,-0.1349173100329608,-0.07029268383638163,7.8819357841166635,0.0,-1,0.00018844812965235214
530.75,-0.1264065955173237,-0.020593989773581498,7.976740205429152,0.0,-1,0.026321243523316218
544.72,1.0525493113669881,0.3861206390369101,18.85765477724098,0.0,-1,0.0038184755470698217
546.8,1.7276481555285272,0.35373982773281654,20.136846804762314,0.0,-1,-0.010881492318946528
540.85,1.425393564648516,0.017161745617601865,12.037502581181982,0.0,-1,0.014699084773966753
548.8,1.8179834721545376,0.13658388437454105,17.593296510131196,0.0,-1,0.009365889212828105
553.94,2.291113136561421,0.2032378495938083,20.67623310460465,-0.8822853574291685,-1,0.019298118929847785
564.63,3.2275852073846636,0.3799033068056836,25.960923943847504,-6.39767657004154,-1,-0.005118396117811619
561.74,3.186022475514278,0.11278019164509923,22.059963955719994,0.0,-1,-0.01776622636807068
551.76,2.0680725699529603,-0.33505657130540634,10.198070529836045,0.0,-1,0.0032260403073800514
553.54,1.4850915696761149,-0.3060125238607505,11.455459934846488,0.0,-1,0.004498319904614023
556.03,1.27734343873135,-0.17125355160183853,13.259505504061053,0.0,-1,-0.010503030412027936
550.19,0.5803574200314188,-0.28941319010058997,6.382491774433809,0.0,-1,0.0015812719242440654
551.06,0.2560012923455588,-0.20458977259548333,7.153490120438079,0.0,-1,0.00978114905817895
556.45,0.5216564541403841,0.02035512973311404,11.801489165663085,0.0,-1,-0.02187078803126974
544.28,-0.40315400280724134,-0.30148510907150383,-1.4196893619770208,0.0,-1,0.0032887484383039567
546.07,-0.682796397713787,-0.19370916799268317,0.31729692312042346,0.0,-1,0.004028787518083554
548.27,-0.582384562024231,-0.031099110767709104,2.5081495886843967,0.0,-1,0.005252886351615027
551.15,-0.24364659734408178,0.10254628463748006,5.370713533294072,0.0,-1,0.006731379842148222
554.86,0.2551929347746409,0.20046193891873426,8.915221583621715,0.0,-1,0.01998702375373984
565.95,1.407513289602889,0.45092743124899415,17.49070641858333,0.0,-1,0.0198250728862972
577.17,2.801380692883299,0.6149316115098014,23.668946389665408,-6.459847085540218,-1,-0.016286362770067675
567.77,2.4815326701166214,0.098361196247708,12.595282633426187,0.0,-1,-0.004508868027546242
565.21,1.9014809362234928,-0.16056351254847367,9.871954864809318,0.0,-1,0.01907255710266975
575.99,2.351331657925016,0.09642906971768328,16.658902356153675,0.0,-1,0.0033160297921839277
577.9,2.5394793806153757,0.09485893080268104,17.73327147820038,0.0,-1,0.011507181173213255
584.55,2.976096626909225,0.1771587256988436,21.3097361205474,-0.8465778601402008,-1,0.008604909759644341
589.58,3.3655638644803503,0.1888753210899896,23.754606915648353,-1.237452301013036,-1,0.009464364462837827
595.16,3.7448338278926485,0.18938176150076247,26.24932269257289,-1.2086892285503836,-1,0.006502453121849605
599.03,3.9448993239410584,0.12981575251639077,27.870302921081432,0.0,-1,0.0017862210573762471
600.1,3.8053571283035126,-0.003242147707051668,28.324763140500096,0.0,-1,0.000266622229628366
600.26,3.4318062697926734,-0.12559766873929679,28.398468427969775,0.0,-1,-0.007030286875687297
596.04,2.6073803180545383,-0.316674540159144,21.293908593220195,0.0,-1,0.00765049325548639
600.6,2.3578856490142925,-0.1887230697331299,24.110729837721237,0.0,-1,0.0017982017982016707
601.68,2.126647843742944,-0.1399869583348261,24.762431952712475,0.0,-1,-0.0025096396755750483
600.17,1.7079749541287583,-0.18621994931633723,21.94882323793425,0.0,-1,-0.00813102954162992
595.29,0.9496405964774794,-0.31485143565587204,13.383272294014901,0.0,-1,-0.005980278519712945
591.73,0.19467003461215882,-0.3566073325070642,7.805176065724474,0.0,-1,0.008365301742348619
596.68,0.21346225079514625,-0.1126050387746923,12.855493021181616,0.0,-1,0.008832204866930482
601.95,0.6442365046536906,0.10605640502795066,17.462385462776396,0.0,-1,0.023988703380679377
616.39,2.0092705895284553,0.4903634966342385,26.380875603543245,0.0,-1,0.03595126462142462
638.55,4.371015082838426,0.9507026633147366,33.903827651646836,-11.343026971579548,-1,0.009458930389163012
644.59,5.690969405923624,0.7568856621333122,35.31987842487443,-9.100809793698318,-1,-0.0034905909182580963
642.34,5.6891991169725316,0.2517051243940731,32.32225855403607,-1.5811699785632527,-1,-0.003923155961017555
639.82,5.004214046082666,-0.14442664883193057,28.873726976765667,0.0,-1,0.009393266856303262
645.83,4.745537006797463,-0.13436789603904487,30.984563722611796,0.0,-1,0.02516142018797507
662.08,5.574903736588453,0.23166627791731553,35.374660529075115,-3.284787028884125,-1,-0.026567786370227164
644.49,4.0591784567682225,-0.42801966730097174,16.820293388136278,0.0,-1,-0.004422101196294825
641.64,2.725550945460782,-0.5872157262028042,14.30438816040737,0.0,-1,0.006670407081852625
645.92,2.1882746110186417,-0.3748306868816482,16.414448081464712,0.0,-1,-0.0090413673519939
640.08,1.2506135595459682,-0.43749724611810725,10.95191729032404,0.0,-1,-0.03158980127484068
619.86,-1.00743476281923,-0.8985151894944352,-3.6985561368839512,0.0,-1,-0.042945181169941615
593.24,-4.270839360433456,-1.3873065957028876,-15.743230925569407,0.0,-1,0.006860629761984871
597.31,-5.207471712537881,-0.7746463159357706,-12.960859890949791,0.0,-1,0.004118464448946257
599.77,-5.036831912545267,-0.20133550531438527,-11.22081171722644,0.0,-1,-0.018573786618203636
588.63,-5.460109353170196,-0.2082043153131048,-15.955057495745415,0.0,-1,-0.002667210301887546
587.06,-5.347572294051815,-0.03188908539824098,-16.593692202551757,0.0,-1,-0.010373726705958375
580.97,-5.353172739988281,-0.012496510444901965,-19.09253230150243,0.0,-1,0.004733463001531879
583.72,-4.680708567957481,0.21998922052863268,-16.593262331386555,0.0,-1,0.01632632083875829
593.25,-3.1602507679456266,0.5801490068468289,-8.451878489717139,0.0,-1,-0.0006573957016434706
592.86,-2.16916763727761,0.5237440458382818,-8.681567898525003,0.0,-1,0.02477819384002955
607.55,-0.26869543550378694,0.8080720825373684,2.3444303968893436,0.0,-1,0.006550901160398359
611.53,1.0355986183418509,0.7041220454610022,4.895680935530535,0.0,-1,0.015747387699704074
621.16,2.4039457604027348,0.6908230625072953,10.57060738639862,0.0,-1,-0.007952862386502613
616.22,2.476123851399734,0.2543337178347649,6.517542743903249,0.0,-1,-0.011521859076303986
609.12,1.7142025759482067,-0.16919585253892078,1.0612015201001412,0.0,-1,0.016187286577357574
618.98,2.012058390226798,0.04288665391322355,7.406316633199218,0.0,-1,0.023716436718472345
633.66,3.2166480981804852,0.41582545395563697,14.92854648053411,0.0,-1,0.004103146797967305
636.26,3.767555610642262,0.322244322139138,16.106485448682108,0.0,-1,0.022239336120453812
650.41,4.908213065986388,0.48763392582775467,21.828178264840943,-0.9150174064840257,-1,0.04461801017819522
679.43,7.487857371492964,1.0224260771114437,29.654722049933483,-18.81759473917748,-1,0.013275834155100696
688.45,8.905358076621724,0.8133089274134004,31.43585620342121,-13.54049083539644,-1,-0.0069431331251362804
683.67,8.473661922801057,0.1272042578642445,27.44378372944378,0.0,-1,0.006245703336405173
687.94,7.9075086856572625,-0.1463163264265166,28.49036569319111,0.0,-1,0.008300142454283677
693.65,7.441306343280644,-0.20417288960104507,29.87760799990214,0.0,-1,-0.009572550998342089
687.01,6.034762976818911,-0.536905418687593,23.73330713475835,0.0,-1,0.0013682479148775517
687.95,4.906927712186416,-0.5549135611066962,24.047319612322013,0.0,-1,-0.001976887855222098
686.59,3.8207661038546803,-0.5470250564794776,22.651104684030955,0.0,-1,0.02624564878602942
704.61,4.460954791034283,0.031054543566708226,28.593504594955874,0.0,-1,0.0015895317977321355
705.73,4.502636235371256,0.024245329301226803,28.909965527028575,0.0,-1,0.000609298173522399
706.16,4.184090604592029,-0.09810010049266626,29.042134496360006,0.0,-1,-0.0024923530078169165
704.4,3.52947690548649,-0.2509045998660686,26.85181217428739,0.0,-1,0.014537194775695594
714.64,3.761380313809923,-0.006333730514211933,30.36859487484014,0.0,-1,0.0005737154371432407
715.05,3.5980503251540767,-0.056554573056685875,30.500388946791873,0.0,-1,0.009971330676176393
722.18,3.810714470396647,0.052036524061961575,32.73943333779073,0.0,-1,-0.0012877675925668797
721.25,3.5219870038182535,-0.07889698083881047,31.385078537808866,0.0,-1,0.006155979202772999
725.69,3.4541243535442163,-0.04891987703761602,32.872302597981246,0.0,-1,-0.010210971627003351
718.28,2.514849332278459,-0.329398299434458,22.17885144379899,0.0,-1,-0.024906721612741545
700.39,0.34480771062237636,-0.8331466403635135,3.618926294852578,0.0,-1,-0.00753865703393819
695.11,-1.2089470760907943,-0.7956338090255615,-0.5507915654924886,0.0,-1,-0.023032325818935107
679.1,-3.219245546439879,-0.9353107597915487,-10.816832608717895,0.0,-1,-0.023590045648652636
663.08,-5.291124319410983,-1.0023965109208843,-18.164974374406857,3.767705671930912,-1,0.011899016709899346
670.97,-5.22863667927902,-0.3133029569296406,-11.820674425166239,0.0,-1,0.013935049257045806
680.32,-3.982506469273062,0.3109424176921056,-5.071627590918773,0.0,-1,0.00820202257761049
685.9,-2.562565825164029,0.5769610206003795,-1.354022542136228,0.0,-1,-0.015089663216212301
675.55,-2.5015483510125023,0.21265949825063535,-7.295237787941559,0.0,-1,-0.0065428169639552
671.13,-2.6309105846856937,0.027765754859148117,-9.63449589500194,0.0,-1,-0.06356443610030837
628.47,-6.031349152798498,-1.124224271084552,-24.571828241528287,16.37793716864178,-1,0.005728197049978512
632.07,-6.928956007454985,-0.6739437085803468,-22.071119725675835,2.170001677063965,-1,-0.0028794279114655597
630.25,-6.952013100828708,-0.23233360065135678,-22.587492602268846,0.0,-1,0.015295517651725543
639.89,-5.58087388911315,0.37960187035473414,-15.464257466576278,0.0,-1,0.012017690540561787
647.58,-3.7893981258292797,0.7236925445462017,-10.225784045609778,0.0,-1,-0.009743969857006207
641.27,-3.1037104003683,0.46979342333572705,-12.930245049429843,0.0,-1,-0.022424251875185153
626.89,-3.7005573376070515,-0.04235117130100807,-18.375195831989856,0.0,-1,-0.00011166233310455631
626.82,-3.6964343614258723,-0.012742731706609778,-18.40030046291876,0.0,-1,0.00215372834306482
628.17,-3.273836676549763,0.13661831772316635,-17.256232690050865,0.0,-1,0.013276660776541327
636.51,-2.0947181110659585,0.4385789610689903,-10.329717269106467,0.0,-1,0.019999685786554755
649.24,-0.2697656524018157,0.7545104732443777,-1.3591494320450295,0.0,-1,-0.010997473969564409
642.1,0.07019104796370357,0.364822391203299,-5.484207381379811,0.0,-1,0.0033951097959818988
644.28,0.41598681081609357,0.236872718018563,-3.9325507339433017,0.0,-1,-0.022660954864344718
629.68,-0.6624475419923783,-0.2805205449299697,-11.867972136000354,0.0,-1,-0.026314953627239124
613.11,-2.527294089897282,-0.7151223642782911,-18.672895353166997,0.0,-1,-0.008595521195217781
607.84,-3.688276189691578,-0.6253681546908623,-20.53129846924308,0.0,-1,0.008916820215846277
613.26,-3.5097442237811265,-0.14894539626013703,-16.05352780712912,0.0,-1,0.031797280109578274
632.76,-1.5029995555108826,0.619266424003369,-2.683129433423389,0.0,-1,0.013733485049624017
641.45,0.3497894082502171,0.8240184625881564,2.1161902779654795,0.0,-1,0.005019876841530824
644.67,1.5153681061099178,0.663199053482619,3.8472009602588315,0.0,-1,-0.004684567297997377
641.65,1.7202101128639242,0.28934702007887525,1.8923096576218938,0.0,-1,0.010067793968674632
648.11,2.2176136068355845,0.2622501713501786,5.713623397078685,0.0,-1,0.013963679005106977
657.16,3.035680886585169,0.3601058170332543,10.586812856776227,0.0,-1,0.011595349686529977
664.78,3.8267411192445024,0.3837220165641959,14.265514478985963,0.0,-1,-0.005325069947952676
661.24,3.6083761423037686,0.05511901320782053,11.311577147182085,0.0,-1,0.008967999516060754
667.17,3.692662308641502,0.046468393181851475,14.360612386188322,0.0,-1,0.007614251240313674
672.25,3.8504168660901996,0.06807431687684984,16.84754288942443,0.0,-1,-0.003465972480476087
669.92,3.4142594059736666,-0.12269438107989439,14.551962195767558,0.0,-1,-0.040960114640554046
642.48,0.624992392084323,-0.9706537983230794,-5.461695632943673,0.0,-1,0.008295978084920774
647.81,-0.37755714753404845,-0.6577344459804837,-1.9832813556599689,0.0,-1,0.038360012966764945
672.66,1.2234645116178626,0.31442907105714246,10.764265645602208,0.0,-1,-0.03866738025153871
646.65,-0.24548003477423208,-0.38483849177831747,-2.719626744311917,0.0,-1,-0.029119307198638977
627.82,-2.52866230507243,-0.8893402540255053,-9.880835901271595,0.0,-1,-0.016549329425631698
617.43,-4.325364914798797,-0.8953476212506244,-13.289746153949444,0.0,-1,0.0031582527573976726
619.38,-4.700769143428829,-0.42358394996021875,-12.187837232138364,0.0,-1,-0.008024153185443583
614.41,-4.910907162457988,-0.2112406563297924,-13.964566921065774,0.0,-1,-0.00903305610260241
608.86,-5.0692339084343985,-0.12318913410206722,-15.949765833460333,0.0,-1,0.01800085405511953
619.82,-3.812627789053181,0.37780566175971675,-8.837564653049363,0.0,-1,0.010131973798844784
626.1,-2.3432724136081333,0.6157203457349216,-5.057380965414012,0.0,-1,0.006995687589841815
630.48,-1.048322024751542,0.6368902448638378,-2.446158602463804,0.0,-1,0.05671869052150735
666.24,2.6665133384059345,1.4505752026737715,13.330478629724361,0.0,-1,0.0038274495677232956
668.79,4.514221575117517,1.0994278131284512,14.184122089545198,0.0,-1,0.002183046995319904
670.25,5.183557228880204,0.5895878222970463,14.706798022870586,0.0,-1,0.0008951883625514245
670.85,5.136261953354847,0.18076418225722968,14.940423100305978,0.0,-1,0.008541402698069689
676.58,5.16209248614598,0.06886490501612119,17.241411551402607,0.0,-1,0.0062076916255282555
680.78,5.0948333786959665,0.0005352658553690048,18.903562874990527,0.0,-1,-0.004142307353329877
677.96,4.401634376746301,-0.23088791203143177,16.390470598864866,0.0,-1,-0.008864829783468031
671.95,3.1873986777092114,-0.4817078703561739,11.112357990296587,0.0,-1,-0.02393035196071147
655.87,0.974664271715028,-0.8981474254501192,-0.5700449839493302,0.0,-1,-0.00827907969567132
650.44,-0.6654249539250259,-0.8460788836967243,-3.8781631390114626,0.0,-1,0.007948465654018744
655.61,-0.9991841539180086,-0.39327936122990237,-0.31576020160329676,0.0,-1,0.021659218132731306
669.81,0.10053492557869959,0.23547990608893532,8.132423901957573,0.0,-1,0.011227064391394759
677.33,1.2686832215288177,0.46787606734635123,11.896916440886848,0.0,-1,0.006274637178332654
681.58,2.101200434376551,0.43346442673136165,13.933317876598942,0.0,-1,-0.005120455412424119
678.09,2.051525671269019,0.1279298878746098,10.960647011543735,0.0,-1,0.01505699833355445
688.3,2.7065611504427807,0.2609884556827904,16.086334475977893,0.0,-1,0.007569373819555469
693.51,3.2426987941594234,0.26570869979981104,18.436025037941334,0.0,-1,-0.008723738662744562
687.46,2.7363760498378724,-0.0802046815072468,12.820237654640835,0.0,-1,0.008931428737672054
693.6,2.7668500068572257,-0.01657690816263102,15.969207025135276,0.0,-1,-0.010149942329873207
686.56,1.9648494847955362,-0.2728591434081067,9.544340697383525,0.0,-1,-0.01638604054998838
675.31,0.46261176669838733,-0.5916989538350852,0.765643276710712,0.0,-1,-0.018820985917578525
662.6,-1.386224739575141,-0.8135118200362046,-7.162388094282832,0.0,-1,0.03756414126169627
687.49,-0.12095759774729231,0.1505851072638814,7.335355986710269,0.0,-1,-0.003025498552706285
685.41,0.3484224396455602,0.2066550482189113,6.016189657405214,0.0,-1,-0.0006857209553404742
684.94,0.5149105883715492,0.1243810656483001,5.694467395707257,0.0,-1,0.0005547931205653889
685.32,0.5869121137036473,0.0654608636601327,5.921890059610469,0.0,-1,0.009353294811182966
691.73,1.1081702002277325,0.19557298339473939,9.790349131139322,0.0,-1,0.015266072022320776
702.29,2.1564517268039936,0.4146181699903335,15.35589501807381,0.0,-1,-0.0002420652437027382
702.12,2.486721512858594,0.24829598534831154,15.194484876864024,0.0,-1,-0.018486868341594076
689.14,1.362962946480934,-0.29182086034311605,3.901039548286832,0.0,-1,-0.008793568795890438
683.08,0.18250341775205925,-0.4907601296906636,-0.5431959713818628,0.0,-1,0.0028986355917315354
685.06,-0.2579349647584195,-0.31039950406704747,0.925742873774027,0.0,-1,0.01852392491168664
697.75,0.6008404243829091,0.18279196169142709,9.340747003462283,0.0,-1,0.012869939089932059
706.73,1.7284914169216563,0.4368143180767248,14.171368648269123,0.0,-1,0.040807663464123456
735.57,4.55160929511419,1.0866440654230862,24.838653908847974,-15.902869600204667,-1,0.0019032858871350644
736.97,5.70053412628431,0.7451896321977358,25.23632953793941,-8.340588607033283,-1,0.019159531595587254
751.09,6.976618698012317,0.6737580679752471,28.962431974706732,-11.162962749643611,-1,-0.004047451037825112
748.05,6.779942759042001,0.15902737633497743,26.21896828039199,0.0,-1,0.015279727290956613
759.48,7.0691095596365585,0.14939805897651137,29.23321080959947,-1.0439867775204448,-1,-0.0005398430505082485
759.07,6.590433829964127,-0.1097592235653071,28.834955618512737,0.0,-1,-0.011000303002358214
750.72,5.106059812630974,-0.5313777469661529,20.783967249031036,0.0,-1,-0.019527919863597698
736.06,2.7167011529116962,-0.9735788022284773,9.024950957063368,0.0,-1,-0.009007417873542867
729.43,0.7431300603094542,-0.9823832982769065,4.477284618560638,0.0,-1,-0.021976063501638277
713.4,-1.6414163243507573,-1.1223098943123726,-4.864835950531962,0.0,-1,-0.029436501261564385
692.4,-4.446904822984948,-1.3092661309821878,-13.880787205591297,0.0,-1,0.03128249566724439
714.06,-3.674073670386747,-0.17881165946132915,-1.9810309328027174,0.0,-1,-0.011623673080693453
705.76,-3.673151954888681,-0.05929664798775436,-5.509695043236604,0.0,-1,-0.012653026524597544
696.83,-4.110761767565577,-0.16563548688821683,-9.102435097837883,0.0,-1,-0.028285234562231865
677.12,-5.6295031932735355,-0.5614589708653916,-15.862940683654593,0.0,-1,0.007871573724007597
682.45,-5.475581973354679,-0.13584591698217796,-12.746428616701778,0.0,-1,-0.008733240530441888
676.49,-5.438989532282449,-0.03308449196998264,-14.814960771212249,0.0,-1,-0.021345474434211975
662.05,-6.170777517389411,-0.25495749235898124,-19.390378458759706,0.0,-1,0.025617400498451737
679.01,-4.609106716827114,0.4355711027344382,-9.323087937547179,0.0,-1,0.002238553187729142
680.53,-3.317512423477069,0.5757217986948278,-8.478231713535337,0.0,-1,-0.014474012901709021
670.68,-3.21608924151235,0.22571499355318236,-12.340026580019305,0.0,-1,-0.021023438897834867
656.58,-4.072370213737258,-0.2101886595572422,-17.193120114773386,0.0,-1,0.02057631971732299
670.09,-3.035313182038294,0.2756227907139075,-9.086814774691902,0.0,-1,0.0027608231730067434
671.94,-2.1096752343522667,0.4004202461333115,-8.021781733986295,0.0,-1,0.03250290204482531
693.78,0.3489500090200863,0.953015163168555,3.073308414770324,0.0,-1,0.007278964513246278
698.83,1.9700167966212803,0.8580273169232497,5.270799608897214,0.0,-1,0.007226364065652469
703.88,3.0372154573700527,0.6417419925573409,7.483013777844519,0.0,-1,-0.00652099789736893
699.29,2.935213499630322,0.1799133449392034,4.748458368849143,0.0,-1,0.03603655135923578
724.49,4.739611395791258,0.6614370803667127,14.92663491569914,0.0,-1,0.003740562326602248
727.2,5.472676060889171,0.46483391515487504,15.844591877933894,0.0,-1,-0.007494499449945069
721.75,4.928985388364026,-0.026285585790089883,12.206565764396181,0.0,-1,0.0028957395219952886
723.84,4.420557936404521,-0.17823767924986544,13.075853283589879,0.0,-1,0.00647933244915988
728.53,4.188797715724377,-0.13666596664333674,15.078585833932749,0.0,-1,-0.015702853691680452
717.09,2.770517795740602,-0.5183152955423704,6.737989490545537,0.0,-1,-0.01065417172182015
709.45,1.1938346861037417,-0.6983328017264103,1.8107497085641526,0.0,-1,0.011107195714990414
717.33,0.9626735741099992,-0.30983130457338426,6.172554843796817,0.0,-1,-0.01636624705505141
705.59,-0.2114631130627913,-0.494655997248725,-1.1473228987329804,0.0,-1,0.0020691903229919095
707.05,-0.6592428638938372,-0.31414524935992366,-0.2426441530632033,0.0,-1,0.0009051693656745297
707.69,-0.7748625006516932,-0.14325496203925991,0.18649994726899166,0.0,-1,-0.018284842233181275
694.75,-1.846433777309585,-0.40494207956571726,-7.893191520485338,0.0,-1,-0.01315581144296507
685.61,-2.9900166008627593,-0.5161749677062972,-12.616605515120881,0.0,-1,-0.0017648517378685558
684.4,-3.413473295900758,-0.31321055424809874,-13.223441654117494,0.0,-1,-0.001870251315020388
683.12,-3.4474122020947107,-0.11571648681401703,-13.911995115167471,0.0,-1,-0.002503220517625082
681.41,-3.319597305017055,0.004032803421212705,-14.887811513038507,0.0,-1,-0.024992295387505248
664.38,-4.398223414393556,-0.35819776865176234,-22.974274863506,4.2331920030409265,-1,0.013456154610313353
673.32,-3.826017851215738,0.07133593150868522,-14.332349740753841,0.0,-1,-0.015995366244876297
662.55,-4.118580248692069,-0.0737421553225488,-19.212670876055192,0.0,-1,0.0014489472492642541
663.51,-3.8416464267058927,0.06773055555454244,-18.287276799528225,0.0,-1,0.0009193531371041175
664.12,-3.3322089801539505,0.19238933403549474,-17.6486948750629,0.0,-1,-0.010239113413238465
657.32,-3.366472841865175,0.05270849077475681,-21.006905744866796,0.0,-1,0.01843850788048429
669.44,-2.093065369232022,0.44203865446930335,-8.89885558660086,0.0,-1,0.009037404397705506
675.49,-0.7777728521460858,0.58577705718508,-3.809713797089046,0.0,-1,0.002161393951057855
676.95,0.06635447740893596,0.47663479558003397,-2.5912677423149475,0.0,-1,0.01215747100967568
685.18,1.168721935735789,0.526334084635629,3.9410081861902455,0.0,-1,0.005093552059312945
688.67,1.9133455035879479,0.4236525508292628,6.487531661633241,0.0,-1,-0.0025556507470921863
686.91,1.9795451622148903,0.163284069818735,4.790146316282652,0.0,-1,0.014819990974072494
697.09,2.696016228010535,0.29325171187146015,12.107777687338547,0.0,-1,0.012810397509647187
706.02,3.573750408574142,0.3903286308116889,17.271107916963544,0.0,-1,-0.0025353389422395622
704.23,3.5656382981414936,0.12740550679301332,15.289657193696243,0.0,-1,0.010877128210953657
711.89,3.9027790514132903,0.15484875335493653,19.553707679339794,0.0,-1,0.003975333267780101
714.72,3.9819511737647417,0.07800695856879614,21.015367759508365,0.0,-1,-0.007247593463174495
709.54,3.2580413037934477,-0.2153009704674993,14.698430899235149,0.0,-1,0.011289004143529624
717.55,3.29208292682506,-0.060419782478629,19.378393792865182,0.0,-1,0.03594174621977575
743.34,5.1839301611054225,0.6104758172672442,29.22929485734042,-7.6842799987274475,-1,0.006255549277584871
747.99,6.085359598153445,0.5039684181050887,30.48687023098013,-2.6789905322319782,-1,-0.005107020147328223
744.17,5.710627683498046,0.04307883448322958,26.271709269598418,0.0,-1,0.003010064904524601
746.41,5.23404275254552,-0.14450203215643231,27.054644891034258,0.0,-1,0.004943663670101017
750.1,4.867080057690487,-0.17048824233715543,28.361486231248193,0.0,-1,0.0020397280362618453
751.63,4.405508705455304,-0.21068653152411265,28.914746474673763,0.0,-1,0.003938107845615546
754.59,4.054263970549869,-0.18731042214318272,30.013251274015815,0.0,-1,0.011145125167309367
763.0,4.24161960555125,1.507095273289849e-05,32.8361741108845,0.0,-1,0.013499344692005089
773.3,4.840162455922723,0.1995193071080683,35.60324447967143,0.0,-1,0.0027285658864606432
775.41,4.911920343114957,0.09042573143343446,36.11283622202623,0.0,-1,0.013721772997510984
786.05,5.425139258118179,0.2012148821455524,38.41117400867522,0.0,-1,-0.019617072705298555
770.63,3.9446537774431363,-0.42642353284316314,19.80736807572015,0.0,-1,-0.0014014507610656812
769.55,2.7856898889854165,-0.528462473766961,18.682663036563014,0.0,-1,0.017061919303489104
782.68,3.0682337873411143,-0.0819728584704209,24.280268326070512,0.0,-1,-0.0011498952317677835
781.78,2.8788195875739575,-0.09046235274585923,23.28267386970832,0.0,-1,-0.013827419478625647
770.97,1.6433775220591542,-0.44196813942022084,12.144283744101884,0.0,-1,-0.02743297404568268
749.82,-0.8737916375364421,-0.9863790996719392,-3.2896440238608093,0.0,-1,-0.00980235256461559
742.47,-2.672060247539548,-0.9282159032250152,-7.3770969211064,0.0,-1,0.054076258973426494
782.62,-0.0026895319127788753,0.5803849374672514,12.526140068837357,0.0,-1,0.041654953872888534
815.22,4.048886620226654,1.543987029868895,21.458269155785317,-11.953715172535908,-1,0.016633546772650165
828.78,6.867267477944097,1.4541226291954468,24.290447860725152,-13.211435352408444,-1,0.00430753637877368
832.35,8.001685616974214,0.8628469227418547,25.015674897245034,-5.86147041565539,-1,0.007220520213852444
838.36,8.402920885074764,0.4213607302808011,26.2678917436358,-1.6976070063844872,-1,0.017844362803568936
853.32,9.14996177870205,0.3894672079693624,29.15713406014447,-4.428534267814143,-1,-0.0018164346317911528
851.77,8.631818743957297,-0.042891942258464155,28.063049835358868,0.0,-1,0.0001995843948483511
851.94,7.667595664588475,-0.3357050072090946,28.099937466199947,0.0,-1,-0.00841608563983387
844.77,5.949017819521714,-0.6847609507586183,22.395122698361007,0.0,-1,0.012109805035690258
855.0,5.446477412028116,-0.39576711941740506,25.259991125560248,0.0,-1,0.003918128654970765
858.35,5.020500757279024,-0.27391459138883256,26.16020967066997,0.0,-1,-0.007922176268422065
851.55,3.822470700131248,-0.49064821617886967,20.383991445940097,0.0,-1,-0.01792026304973282
836.29,1.6332497798797476,-0.8932897121434569,9.190391411591293,0.0,-1,0.002367599756065486
838.27,0.5675351714306771,-0.6530014401975093,10.105097249541991,0.0,-1,0.009531535185560713
846.26,0.6532166029202244,-0.18910666956932065,13.74832391491023,0.0,-1,0.015196275376361923
859.12,1.713289268421704,0.29032199864405306,18.837553134920782,0.0,-1,-0.012000651829779385
848.81,1.2413848288039162,-0.06052748032457833,11.18597537720781,0.0,-1,-0.04731329743994528
808.65,-2.4446827934052635,-1.2488650341779195,-8.688295812065263,0.0,-1,0.015358931552587718
821.07,-3.048993038392723,-0.6177250930551264,-2.7954973072608595,0.0,-1,-0.010754259685532341
812.24,-3.832898741020358,-0.46721026522758713,-6.264471506690768,0.0,-1,0.01696542893725983
826.02,-2.7571100305825667,0.20285948173673463,0.09482702361945883,0.0,-1,0.012263625578073256
836.15,-1.145289839481734,0.6048932242791891,4.3126527344905625,0.0,-1,0.029157447826346994
860.53,1.787727742692141,1.1793036021510215,12.734885993564646,0.0,-1,-0.012445818274784082
849.82,2.2127592218880636,0.5347783604489815,7.556012732407382,0.0,-1,-0.011520086606575553
840.03,1.4250450263286893,-0.08431194503679751,3.1035486453561703,0.0,-1,0.002154684951727992
841.84,1.0632675096882167,-0.1486964872257568,3.8371426633569996,0.0,-1,-0.037144825620070265
810.57,-1.8120602077726744,-1.0080080682288828,-8.595647296166163,0.0,-1,-0.02624079351567432
789.3,-4.871219049188767,-1.3557223032149923,-14.748316378674481,8.274076502590901,-1,0.007867730900798175
795.51,-5.4773635491310415,-0.6539556010524228,-11.77061537881854,0.0,-1,0.015964601324936156
808.21,-4.265655503341236,0.18591748157912757,-5.926243197682737,0.0,-1,-0.016703579515225053
794.71,-4.42933018850124,0.007414265473041581,-10.356376717168764,0.0,-1,0.010230146846019306
802.84,-3.464556682039415,0.32406259064495524,-6.552693775801437,0.0,-1,0.007099795725175495
808.54,-2.2184568719719664,0.5233874669041345,-3.9062534950695706,0.0,-1,-0.009201771093576006
801.1,-2.0305355609406206,0.23710292597849358,-6.835722125424255,0.0,-1,0.0012233179378355885
802.08,-1.6856969420131236,0.19398051496866353,-6.311931289674277,0.0,-1,-0.001134550169559212
801.17,-1.4486362207150023,0.14368041208892834,-6.723424063014626,0.0,-1,-0.012119774829312036
791.46,-2.0185528416729994,-0.1420787362896896,-11.070646706839668,0.0,-1,-0.006974452278068366
785.94,-2.595298415345951,-0.23960810332088034,-13.393362980106076,0.0,-1,0.0012214672875792143
786.9,-2.587396334236928,-0.07723534073728588,-12.670803041456836,0.0,-1,0.00908628796543387
794.05,-1.7719955991626648,0.24605513144565894,-7.268963155528532,0.0,-1,0.05566400100749336
838.25,2.466704401638026,1.4949183774154502,14.027909779170969,0.0,-1,-0.026197435132716995
816.29,2.5504957019018093,0.5262365592264113,3.122487658439944,0.0,-1,0.019821387007068703
832.47,3.728183376875222,0.5679747447332746,8.859043354304433,0.0,-1,0.016961572188787688
846.59,5.183011932955651,0.6742677669379011,13.222965866855027,0.0,-1,-0.012449946254975974
836.05,4.6001752165828975,0.03047701685504922,8.110605602810317,0.0,-1,0.01584833442975908
849.3,5.029575590347918,0.1532924635400228,12.361775586707445,0.0,-1,-0.01199811609560808
839.11,3.975977811368125,-0.3001017718132566,7.385310926539709,0.0,-1,0.007067011476445284
845.04,3.61201410426429,-0.2213551596390304,9.476289837437278,0.0,-1,0.0077274448546815755
851.57,3.6731977420236035,-0.0533905072932388,11.771355953145324,0.0,-1,-0.01652242328874909
837.5,2.225189749068022,-0.5004661667496069,4.395874571651227,0.0,-1,0.009683582089552223
845.61,1.9915866068345167,-0.24468976966103728,7.63546375543126,0.0,-1,-0.007379288324404931
839.37,1.1888194851482012,-0.3491522971157843,4.335632285514848,0.0,-1,0.002525703801660839
841.49,0.8650343005426748,-0.2243124939071035,5.301687300234093,0.0,-1,0.013666234892868667
852.99,1.5893888498613933,0.1666806851372049,10.356611515773785,0.0,-1,0.019378890725565423
869.52,3.196617053698901,0.5913029629915711,16.42143488595366,0.0,-1,-0.006417333701352335
863.94,3.268846401142696,0.22117743681178847,12.816951084354876,0.0,-1,-0.03382179318008194
834.72,0.5975572081027849,-0.8167039187427076,-2.2575521803375835,0.0,-1,0.0035460992907800915
837.68,-0.5412171557591137,-0.6518260942015355,-0.8831644813322015,0.0,-1,0.0029486199980899297
840.15,-0.8596695747100966,-0.3234261710508395,0.3280856233356175,0.0,-1,-0.005153841575908924
835.82,-1.308089986293112,-0.25728219421128484,-1.9020668821444815,0.0,-1,-0.01566126677992874
822.73,-2.514126026560234,-0.48777274482613553,-8.133651249433711,0.0,-1,0.02618112868134137
844.27,-1.1126335444804454,0.3045732457512178,2.9999140399929374,0.0,-1,0.013869970507065288
855.98,0.656665491932813,0.691290760721492,7.87331989626022,0.0,-1,0.0038318652304960565
859.26,1.7599262191450862,0.5981838293112551,9.190278132559001,0.0,-1,0.009042664618392537
867.03,2.8123960644891213,0.5502178915517635,12.292990546989415,0.0,-1,-0.002825738440422998
864.58,2.9000979817869847,0.21263993628320899,10.676761753569544,0.0,-1,-0.017002475190265876
849.88,1.4772741086203496,-0.4033946456278088,1.7291392764826128,0.0,-1,-0.14560879182943476
726.13,-9.669744003681217,-3.8501375859764586,-28.259017909199724,55.8828355017821,-1,-0.03566854420007437
700.23,-16.59577439285863,-3.5920559917179578,-30.841765987761132,47.20009732379128,-1,-0.04868400382731397
666.14,-21.516641721375777,-2.8376411067450356,-33.67754896400322,44.74133075971906,-1,0.008811961449545214
672.01,-21.69485524218635,-1.0052848758518707,-31.373100646273674,11.736704697104074,-1,0.008794511986428777
677.92,-19.483557399076062,0.40200432241947226,-28.94107620592219,0.0,-1,0.03528439933915517
701.84,-14.76094536093126,1.7082054535214262,-19.588035363424456,0.0,-1,-0.01934913940499261
688.26,-12.301227228447942,1.3893078620015817,-21.70292368577757,0.0,-1,-0.021605207334437604
673.39,-11.285432559835613,0.8017008435379704,-23.910320425558844,0.0,-1,-0.02549785414098804
656.22,-11.267915845543143,0.27307251927681264,-26.283875779321992,0.0,-1,0.021943860290756012
670.62,-9.120164501268391,0.8069412878505222,-20.322144294841127,0.0,-1,0.016745698010796062
681.85,-6.350441787358591,1.1922213339201075,-15.861995947136784,0.0,-1,-0.006321038351543629
677.54,-4.7955436147905175,0.9157065021627266,-16.760996983314634,0.0,-1,-0.08470348614103962
620.15,-8.400965893940565,-0.8965719256624407,-26.0804668876049,0.0,-1,-0.0004676287994839212
619.86,-9.527763209020577,-0.6744564135808169,-26.118062057387945,0.0,-1,0.0027425547704318376
621.56,-9.155514932475512,-0.10073604567858396,-25.346711023922037,0.0,-1,0.03317459295964986
642.18,-6.488097883163391,0.8555603345445126,-16.29295199164021,0.0,-1,0.01269114578467101
650.33,-3.934547868243726,1.1363701164880595,-12.969994936511156,0.0,-1,-0.008611012870388901
644.73,-2.7965605384301853,0.7581191487672001,-14.334858471363255,0.0,-1,-0.008732337567664006
639.1,-2.463686828654204,0.3636642861810606,-15.74523262452393,0.0,-1,-0.0048818651228289545
635.98,-2.351942738045068,0.1584694589300657,-16.55949964502407,0.0,-1,-0.03669926727255579
612.64,-4.045075464570118,-0.5115544225316615,-22.076674093660962,0.0,-1,-0.022199007573779128
599.04,-5.687885539118497,-0.7181214990266804,-24.77150119058925,0.0,-1,3.3386752136710385e-05
599.06,-6.033633448132832,-0.35462313601367157,-24.75971210940197,0.0,-1,-0.008780422662170717
593.8,-6.142037948628854,-0.1543425455032308,-25.871415529658165,0.0,-1,0.013944088918828035
602.08,-4.994403703157786,0.33109723332261254,-20.44460731894236,0.0,-1,-0.0053813446718044
598.84,-4.274386271825847,0.35037155488485094,-21.336012305775782,0.0,-1,0.003439983969006688
600.9,-3.3865120335077563,0.4127485977343137,-19.84778031617583,0.0,-1,0.004476618405724775
603.59,-2.436198911556289,0.4543539065619271,-17.79564426792536,0.0,-1,-0.014496595371029986
594.84,-2.4871924412842645,0.13445345894465044,-20.88703076151222,0.0,-1,0.01185192656848888
601.89,-1.7179231693745578,0.3012409102847857,-15.277330814164117,0.0,-1,-0.002774593364235911
600.22,-1.3292949359718023,0.2299563812291805,-15.985795184674863,0.0,-1,0.007830462163873175
604.92,-0.6325395746060849,0.3089039141982993,-12.028186309365694,0.0,-1,-0.004827084573166607
602.0,-0.47478359603940135,0.1555532975883276,-13.537806488138301,0.0,-1,0.03677740863787382
624.14,1.4886596929138705,0.7063321955138665,2.403767082044027,0.0,-1,-0.0064729067196461765
620.1,2.0096596963144293,0.40911073297147516,-0.13296030026582173,0.0,-1,0.006660216094178439
624.23,2.4468547233218487,0.28210191999296486,2.4798921410864594,0.0,-1,-0.004020953815100148
621.72,2.252381009882015,0.029209402184377176,0.6956912833509392,0.0,-1,0.0
621.72,1.9674457356719586,-0.08524195734189322,0.6956912833509392,0.0,-1,-0.016920800360290755
611.2,0.7843576205942782,-0.4227766908065247,-6.888376224336021,0.0,-1,0.004793848167539139
614.13,0.3716170946725015,-0.27850573890943386,-4.371223216443454,0.0,-1,-0.007946200315893992
609.25,-0.2723879261777711,-0.30750358658656884,-7.824680960123153,0.0,-1,-0.017874435781698783
598.36,-1.4791914427546544,-0.5047690343878175,-14.488844838428328,0.0,-1,0.006317267197005094
602.14,-1.6443272474801915,-0.22330161303778495,-10.78457924961399,0.0,-1,-0.026306174643770608
586.3,-2.9098678792196324,-0.4962807482590752,-19.05952814161629,0.0,-1,-0.0028142589118198558
584.65,-3.4376492051543437,-0.3413540247312623,-19.79716466715418,0.0,-1,-0.01104934576242178
578.19,-3.9534024343589635,-0.2857024179786274,-22.63517646862511,0.43604695834699214,-1,0.008319064667323905
583.0,-3.4809955127645935,0.06223483453858103,-17.395914638345708,0.0,-1,0.00716981132075456
587.18,-2.606375759237153,0.31228486268867384,-13.007534048601386,0.0,-1,-0.02077727443032784
574.98,-2.968534569203598,-0.016624649092590538,-19.456996213736634,0.0,-1,0.014122230338446506
583.1,-2.2255694267532817,0.24211349778590874,-11.524465615531916,0.0,-1,-0.01557194306293952
574.02,-2.4252894032986205,0.014131173746856796,-16.30569491409399,0.0,-1,-0.03937145047210899
551.42,-4.20637527462975,-0.5889848991947573,-24.923577478607456,4.820120833811188,-1,0.04542816727721166
576.47,-2.65888693740942,0.3195011460085242,-6.9764095170203575,0.0,-1,0.007251027807171129
580.65,-1.3152355240151792,0.5543841864675885,-4.553559364673966,0.0,-1,0.02402479979333516
594.6,0.6286931430165623,0.8327709511664433,2.876975118549261,0.0,-1,0.012848974100235333
602.24,2.1849330479477658,0.796336952032549,6.483796250455001,0.0,-1,0.03128320935175344
621.08,4.350975246417647,0.9874597168341435,14.027822675757392,0.0,-1,-0.017678881947575165
610.1,4.15641507511782,0.26429984851143873,7.5654361385976046,0.0,-1,-0.000655630224553283
609.7,3.679433733208043,-0.07089383113277936,7.331212638146766,0.0,-1,-0.013186813186813362
601.66,2.4643235844858964,-0.4286679932849755,2.5554778105228735,0.0,-1,0.00011634477944366672
601.73,1.6572415447509456,-0.41191667767330875,2.5936796966009794,0.0,-1,0.03338706728931595
621.82,2.789763729487504,0.24020183568775,12.279129980993432,0.0,-1,-0.012463413849667093
614.07,2.4777111777318623,-0.023950238689297354,7.26440013419348,0.0,-1,-0.0360708062598728
591.92,0.2693756370430265,-0.7440952597927111,-4.396513315415504,0.0,-1,-0.025189214758751133
577.01,-2.0997401030549554,-1.0377369999635644,-10.424058986548943,0.0,-1,0.00010398433302727383
577.07,-3.1043196311827614,-0.680772176030457,-10.388370603607562,0.0,-1,-0.01313532153811503
569.49,-3.9795827593147806,-0.5186784347208255,-13.421031651833324,0.0,-1,0.004073820435828379
571.81,-3.892249093437954,-0.14378158961466614,-11.81169071455843,0.0,-1,-0.0011892062048581842
571.13,-3.580894836046241,0.05585755592568242,-12.124694306573417,0.0,-1,0.036786721061754735
592.14,-1.3759764710132458,0.7535919736528927,1.517360164413894,0.0,-1,0.04826561286182329
620.72,2.2228140840877586,1.450794176251299,13.598929130137961,0.0,-1,-0.014434849851785114
611.76,3.090308187964297,0.7727627600426126,8.519219587128305,0.0,-1,0.01608473911337782
621.6,4.086529557572135,0.5896613765501502,12.2029787656342,0.0,-1,-0.008719433719433844
616.18,3.7924294459116936,0.09852042162990315,8.996472896307985,0.0,-1,-0.021974098477717474
602.64,2.201010269588892,-0.4976329182309662,1.6115699091891926,0.0,-1,-0.006222620469932272
598.89,0.9093831589617594,-0.5964200096193664,-0.30277836091804033,0.0,-1,-0.0001335804571791499
598.81,0.18112100706798628,-0.4415607205043799,-0.3464340184881536,0.0,-1,0.01409462099831349
607.25,0.5052298471987342,-0.03915062679121062,4.353834558564948,0.0,-1,-0.0038534376286538663
604.91,0.43018177999761065,-0.03806623133077808,2.834333204883521,0.0,-1,-0.003074837579144063
603.05,0.20180926473062755,-0.08881291553258708,1.5612725161962686,0.0,-1,0.05734184561810807
637.63,2.9524722350361117,0.8872833515909657,17.6587843333148,0.0,-1,0.020262534698806345
650.55,5.158431033935926,1.0310807168302603,21.57971744657425,-4.545274197591311,-1,-0.010206748136192378
643.91,5.2782078472245075,0.3836191767062802,16.945089499867578,0.0,-1,0.0001242409653523513
643.99,4.9049122666001495,0.003441198693973746,16.97371572018247,0.0,-1,-0.01108712868212236
636.85,3.7145217874045784,-0.3956497601671991,11.676884135524148,0.0,-1,0.008353615451047958
642.17,3.2531163988563776,-0.28568504957179996,14.03193227289303,0.0,-1,0.007100923431490269
646.73,3.1313206713442696,-0.13582692569463584,16.020613658416437,0.0,-1,-0.031017580752400575
626.67,1.137812751642855,-0.7097782817986835,1.9743518222752527,0.0,-1,0.006686134648220099
630.86,0.3954077291551812,-0.4840611014287858,4.234118596082993,0.0,-1,-0.009130393431189154
625.1,-0.4887454261847779,-0.4560714189229149,0.5975965675144153,0.0,-1,0.014653655415133526
634.26,-0.12675988500609492,-0.03136195924807732,5.83075725939424,0.0,-1,0.003452842682811541
636.45,0.24729620933374008,0.11423137836391925,7.039655863371216,0.0,-1,-0.03906041322963316
611.59,-1.6579504276074886,-0.5970050861924365,-7.597980750280875,0.0,-1,-0.003286515476054186
609.58,-2.6399112104440974,-0.5263219563430153,-8.553489052827842,0.0,-1,-0.004019160733619964
607.13,-3.1150656676587687,-0.3338254711858957,-9.78094881583526,0.0,-1,-0.031080658178643805
588.26,-4.665554090627893,-0.6281046313850069,-17.91317336649145,0.0,-1,0.0252779383265902
603.13,-3.8128354612267685,0.07487133267203916,-7.698217459911675,0.0,-1,0.006482847810588055
607.04,-2.742906524757359,0.3816000897138161,-5.269423435568733,0.0,-1,-0.018203083816552335
595.99,-2.9001998461261564,0.07476892278167302,-10.491697619237634,0.0,-1,0.010671319988590389
602.35,-2.207163186300022,0.25593519420260247,-6.288973966466692,0.0,-1,-0.003934589524362875
599.98,-1.8742145908620387,0.1962945965468621,-7.51121837823294,0.0,-1,0.000516683889462799
600.29,-1.525722410571234,0.18159559227922228,-7.278447237995131,0.0,-1,0.011427809891885632
607.15,-0.6526661195448469,0.3515506277685365,-2.094198412008353,0.0,-1,0.0011199868236846378
607.83,-0.10508246406948274,0.29971142774796694,-1.5800146580951804,0.0,-1,-0.003257489758649701
605.85,0.012466235673855408,0.1390867091637684,-3.0783734401427694,0.0,-1,0.017661137245192693
616.55,0.9618683992395063,0.3628296242431398,5.238690259675614,0.0,-1,0.005433460384397071
619.9,1.635580447752318,0.34551389091865037,7.55247683013377,0.0,-1,-0.0027262461687368456
618.21,1.6953047680293594,0.1350794037318972,5.931864295209067,0.0,-1,0.005726209540447336
621.75,1.8788915308321066,0.10622205551154806,8.642338024486499,0.0,-1,0.0072215520707679115
626.24,2.1882772846641956,0.13853593644787887,11.941284157309326,0.0,-1,0.00343318855390895
628.39,2.339780387858241,0.09667967988064152,13.490714950094628,0.0,-1,-0.008211461035344203
623.23,1.7905502404670415,-0.15085015583685268,7.272923687995501,0.0,-1,0.0013157261364182826
624.05,1.4350559800658402,-0.16878147207935124,7.999205334412842,0.0,-1,0.0033651149747617737
626.15,1.3127208515264783,-0.0970388668729043,9.937002285464622,0.0,-1,-0.015140142138465262
616.67,0.3521598829629511,-0.35253327847881055,-1.3268458099113545,0.0,-1,0.0017351257560771494
617.74,-0.06830059156573043,-0.2576645843358307,-0.14502256229018684,0.0,-1,-0.02489720594424838
602.36,-1.554505779532974,-0.5812899241010249,-13.549310504022152,0.0,-1,-0.017414834982402594
591.87,-3.0422328918888297,-0.6896723454856271,-19.719221558632523,0.0,-1,-0.008802608680960389
586.66,-3.9667437070760343,-0.5380610535576107,-22.306105335192054,1.1887861321441733,-1,-0.0012784236184502085
585.91,-4.160937139080033,-0.2440848285205366,-22.679424898657132,0.0,-1,-0.02159034664026893
573.26,-4.9654557601586475,-0.3495344831997169,-28.189414611669445,5.380001955899161,-1,-0.00915814813522664
568.01,-5.391427090684715,-0.2585019379085951,-30.04522677197335,3.9914700944117385,-1,0.02971778665868552
584.89,-3.7484604983907275,0.46148821812846386,-11.385571140561012,0.0,-1,-0.01906341363333275
573.74,-3.5437721607111143,0.22205885193602581,-17.026971687298847,0.0,-1,0.0358176177362568
594.29,-1.4336136451454422,0.7774057891672328,-1.5917730309179277,0.0,-1,-0.018257079876827675
583.44,-1.163233250267126,0.34926206134851645,-7.35313473831615,0.0,-1,0.02920608802961744
600.48,0.48889305136094663,0.6671294543255298,2.5098215786438374,0.0,-1,0.005112576605382335
603.55,1.530048447894842,0.5694282836198085,4.090272240430501,0.0,-1,0.002501863971501983
605.06,2.048955442170609,0.36277842596519183,4.910340790193693,0.0,-1,9.916371930063228e-05
605.12,2.142662652460899,0.1521618787518273,4.945872149304975,0.0,-1,0.002710206240084556
606.76,2.1476277032343205,0.05237564317508303,5.998920439514741,0.0,-1,-0.001318478475838769
605.96,1.9044745866848416,-0.0635924911247987,5.2983855307973755,0.0,-1,-0.0015347547692917685
605.03,1.5466918128530551,-0.14045842165219513,4.4190561502498085,0.0,-1,0.008726839991405333
610.31,1.67890944153271,-0.0027469309908467743,8.574482064391155,0.0,-1,0.012829545640740125
618.14,2.257609135744815,0.19198425440708622,13.984589928961654,0.0,-1,0.008202025431132132
623.21,2.7813248882055177,0.23856666895592982,17.077937366007546,0.0,-1,0.017393815888705033
634.05,3.7147390237520312,0.3906602681674811,22.657043492442284,-1.637502656214565,-1,0.0040533080987303904
636.62,4.086051172879365,0.25399080576493827,23.825512259916337,0.0,-1,1.5707957651267535e-05
636.63,3.932036316369704,0.03332531641842573,23.830347231926098,0.0,-1,-0.0019163407316652448
635.41,3.4256925284173576,-0.15767282384464032,22.02680123665786,0.0,-1,-0.005335137942430901
632.02,2.604546257073139,-0.32627303172961986,16.975474416784635,0.0,-1,-0.002816366570678075
630.24,1.8285942666449273,-0.36740834071927697,14.342846950312293,0.0,-1,0.0015073622746890614
631.19,1.3674020825437765,-0.2762001749401426,15.155068153040219,0.0,-1,-0.005703512413061107
627.59,0.7228558169477992,-0.3069154801787066,9.452935143701644,0.0,-1,-0.02135151930400414
614.19,-0.776321967262561,-0.602031088129689,-6.347206206613592,0.0,-1,-0.0016770054869016393
613.16,-1.5470506954291068,-0.4575866054320783,-7.316024762192605,0.0,-1,0.007322721638723939
617.65,-1.4293275015600102,-0.11328780385432724,-1.752750770172895,0.0,-1,0.0029304622358941046
619.46,-1.1005219461620754,0.07183925051453577,0.4034803701847167,0.0,-1,-0.0034061924902334395
617.35,-1.0202423396162885,0.050706285686774155,-2.177335474433903,0.0,-1,-0.012472665424799634
609.65,-1.5367490080419657,-0.15526679424630108,-10.399135634029832,0.0,-1,-0.014860985811531169
600.59,-2.4219399249179787,-0.34681923704077144,-17.66655318598641,0.0,-1,0.017982317387901903
611.39,-1.7627070562795097,0.10413787719923251,-4.435100564213556,0.0,-1,-0.002584275176237827
609.81,-1.4178650339370051,0.14965996651391245,-5.8387719134005,0.0,-1,0.01838277496269325
621.02,-0.19312193660425692,0.45813435461555363,5.0720534584620225,0.0,-1,0.021400276963704723
634.31,1.5428431067790598,0.7313664659996235,14.269001929738295,0.0,-1,-0.005770049344957506
630.65,1.9772553695725037,0.3885929095976892,10.480593263224115,0.0,-1,0.029604376437009527
649.32,3.5855235535049133,0.6656203645100329,20.37746958531909,-0.9109826320898264,-1,0.008146984537670043
654.61,4.531697349345677,0.5372647201169323,22.54228542777267,-2.210623329185978,-1,0.0005041169551336377
654.94,4.6546428014872845,0.22007005741951335,22.680669026835105,0.0,-1,0.03267474883195409
676.34,6.111561960767517,0.5589964055665817,29.958571518070073,-10.86794621806348,-1,0.030280628086465367
696.82,8.037391377010294,0.8282752739364527,34.38260525507843,-17.05356399070422,-1,-0.014092592061077491
687.0,7.512190137047469,0.10102467799120873,25.503012231265046,0.0,-1,0.004526928675400388
690.11,6.882740338978806,-0.1761417066924844,26.377730395692808,0.0,-1,0.021518308675428477
704.96,7.231953745029614,0.05769056645277448,30.140060781093467,0.0,-1,0.010341012256014581
712.25,7.411397635969138,0.07904481913076644,31.72748230465517,0.0,-1,0.018308178308178213
725.29,7.970169778441459,0.21260565386769592,34.23237031899981,0.0,-1,-0.008300128224572267
719.27,7.083708368140833,-0.22461858547764368,28.698454866596038,0.0,-1,0.005352649213786309
723.12,6.371001965645405,-0.31244166265769024,29.648557294886515,0.0,-1,-0.008961168270826492
716.64,4.9437319339273245,-0.5799038981252567,23.516373490376537,0.0,-1,0.0013395847287340779
717.6,3.8981192569076484,-0.5418388583816443,23.847809008209225,0.0,-1,-0.005643812709030249
713.55,2.7129696469887676,-0.5756628227668417,19.755741115899426,0.0,-1,0.005087239857052728
717.18,2.1968140381136436,-0.36393947721398856,21.337458903545766,0.0,-1,0.025307454195599544
735.33,3.268168397166619,0.23580496061299572,27.790360655962203,0.0,-1,-0.01622400826839654
723.4,2.537331543595883,-0.1650106309859134,16.805948898859597,0.0,-1,-0.00474149847940275
719.97,1.6746354881775005,-0.34256889546809877,13.922476628257321,0.0,-1,-0.03264024889925965
696.47,-0.8545988302131491,-0.9572677379529162,-1.8863648781978242,0.0,-1,-0.04672132324436096
663.93,-4.759666086890775,-1.620778331543514,-15.14765184363889,0.0,-1,-0.10225475577244592
596.04,-11.973060874655289,-2.9447243731026767,-28.734884256612826,38.64099291858679,-1,-0.006861955573451262
591.95,-14.922836528982998,-1.9648333424767959,-29.275705455300518,25.807459996698526,-1,-0.008243939521919041
587.07,-15.560821312064832,-0.867606041852877,-29.951661335072874,12.497224444207632,-1,0.015381470693443644
596.1,-13.830578594267081,0.2875455586482918,-24.927048122205658,0.0,-1,-0.0010568696527428756
595.47,-11.86540901917931,0.7509050445786869,-25.04860520280412,0.0,-1,-0.012830201353552617
587.83,-10.530706813370443,0.6952024167958513,-26.578626425710755,0.0,-1,0.007927462021332543
592.49,-8.597463476018447,0.8761485847159491,-23.523164563851275,0.0,-1,0.01561207784097629
601.74,-6.143553184340931,1.1100196254644885,-17.57643890589636,0.0,-1,0.009140160202080638
607.24,-3.9463019398070855,1.1024236233327782,-14.148607955529592,0.0,-1,0.000691654041235612
607.66,-2.4838178225562615,0.8549692468612009,-13.873698139713376,0.0,-1,-0.01272092946713621
599.93,-2.189757612051153,0.38300981912210297,-16.784616193020817,0.0,-1,0.0037337689397096696
602.17,-1.6735810391277255,0.2997287973485101,-15.095788355091408,0.0,-1,9.96396366474972e-05
602.23,-1.2710276660719728,0.23409405680142092,-15.046833493501609,0.0,-1,-0.001428025837304725
601.37,-1.035498674038081,0.15654101627843753,-15.460512532844518,0.0,-1,-0.000731662703493785
600.93,-0.8681092885179851,0.10797680059951109,-15.691342627155642,0.0,-1,0.007505033864177335
605.44,-0.3362388217148009,0.21328242246756512,-11.045032189717588,0.0,-1,-0.005632267441860628
602.03,-0.3264503531702303,0.07435696367071193,-13.22992401624488,0.0,-1,0.0009467966712624065
602.6,-0.24685192280048796,0.05131846468015144,-12.578044929878246,0.0,-1,-0.0012612014603384791
601.84,-0.24981504738218518,0.016118446699484756,-13.141013315452966,0.0,-1,0.010168815632061623
607.96,0.2795213109421866,0.1818182683412855,-5.650342743893418,0.0,-1,0.0034541746167509046
610.06,0.6958960475257072,0.19939766830826877,-3.242156075403223,0.0,-1,-0.0032455824017307844
608.08,0.6810920785237613,0.06153123310210762,-5.269955612734698,0.0,-1,0.0038646230759109557
610.43,0.8127657541457438,0.06440163624136341,-2.279989951251167,0.0,-1,0.012646822731517071
618.15,1.4542054457779159,0.23528044262451187,6.3410109190284984,-1.5061088417839983,-1,-0.00029119145838385485
617.97,1.6387415044458749,0.13993883376415694,6.101343966212212,0.0,-1,0.002524394388077056
619.53,1.7244477417426651,0.07521502368698241,7.828807868599419,0.0,-1,0.008199764337481596
624.61,2.046930215245766,0.13256583239669428,13.084851702745823,-2.5476193604030186,-1,0.0032019980467812292
626.61,2.2042606007269114,0.09663207262594664,14.993456893217484,-1.2889381974172238,-1,0.001851231228355621
627.77,2.1959040767402485,0.02942518287976137,16.12224290035212,0.0,-1,0.015801965688070574
637.69,2.8354004750185595,0.2229738603860243,24.067639981891276,-4.083924049356142,-1,0.0015211152754470714
638.66,2.9996986345728374,0.12909067331343405,24.71200637638684,-0.6980876338287771,-1,-0.01744277080136536
627.52,1.903539494802203,-0.32235615548573326,6.725710549745031,0.0,-1,0.006438041815400197
631.56,1.533498300350061,-0.23079911664595842,10.552418989566291,0.0,-1,-0.005811007663563128
627.89,0.9148528447614126,-0.28314819074486897,5.590620317846643,0.0,-1,0.003408240296867371
630.03,0.7076257132370074,-0.16345844075642468,7.829455139901967,0.0,-1,0.002285605447359673
631.47,0.6650433380384584,-0.06868027198499127,9.361227188694677,0.0,-1,0.00014252458549091074
631.56,0.5958318722692866,-0.04596391258472099,9.463478506634658,0.0,-1,-0.0015200456013678698
630.6,0.4315734833622855,-0.07007410049724072,7.741596717502134,0.0,-1,-0.001173485569299082
629.86,0.25181316529517517,-0.08327813952145036,6.344198438613994,0.0,-1,0.010446765947988546
636.44,0.6892819091538058,0.11806353477906006,14.768191743380044,0.0,-1,0.005483627678964043
639.93,1.1414094553202858,0.1900636936485134,18.36562190273831,0.0,-1,-0.002797180941665478
638.14,1.123189107126791,0.05728111515167278,14.60623548371558,0.0,-1,0.0030244147052371773
640.07,1.1813131741027973,0.03846839404255964,16.793796583563093,0.0,-1,-0.02029465527207963
627.08,0.029432443082214377,-0.37113744565934115,-4.320084105909281,0.0,-1,-0.008930280028066617
621.48,-1.0156272926849397,-0.4720657271421652,-10.327141642521859,0.0,-1,0.01710433159554614
632.11,-0.5676882195114104,-0.008042217989545297,2.7719041446233916,0.0,-1,-0.003860087642973631
629.67,-0.49974466463197587,0.01996711229662973,0.002824174736645091,0.0,-1,-0.008004192672352084
624.63,-0.8441274984729716,-0.10813857384812198,-5.371713884469116,0.0,-1,-0.014728719401886026
615.43,-1.7126416238539832,-0.3255508997430445,-13.359444942834955,2.9879471131803257,-1,-0.00742570235445128
610.86,-2.3850118845566612,-0.3326403868152408,-16.65362765574629,3.722819795699934,-1,0.007972366827096122
615.73,-2.116612691194973,-0.02141373115118439,-10.240839319783802,0.0,-1,-0.009257304337940364
610.03,-2.281028703581228,-0.061943247845813065,-14.66229105804154,0.0,-1,-0.006196416569676844
606.25,-2.488150984475851,-0.0896885095801454,-17.338603799524158,0.0734959032840834,-1,-0.0007587628865980411
605.79,-2.4226995428834925,-0.008079022662595747,-17.669683045196763,0.0,-1,0.00541441753743066
609.07,-1.9147488601804525,0.16662388668014794,-12.639122515452904,0.0,-1,0.006616645049009051
613.1,-1.1653777804805259,0.30533165546002494,-6.867775718772329,0.0,-1,0.004338607078779866
615.76,-0.4719107589238547,0.3329328923388988,-3.268337450220841,0.0,-1,0.011303105105885392
622.72,0.4941486484315192,0.43299743323142426,5.010425815853871,0.0,-1,-0.007820529290853084
617.85,0.530165964739922,0.15633824984660905,-0.9199050965900355,0.0,-1,0.036044347333495264
640.12,2.359827459165672,0.6619999147574531,17.100698800818265,0.0,-1,0.013028807098669049
648.46,3.773005918114791,0.6917261245688575,21.323589730903507,-1.227399823494352,-1,0.025444900225148892
664.96,5.5401779877464605,0.8196327314001755,27.63433205882893,-10.588764919251503,-1,0.011624759384023076
672.69,6.606249190250082,0.6285679779679327,29.933070830182018,-10.23095974894784,-1,-0.0109560124277156
665.32,5.9745973589811,-0.001027951100350144,22.08442599136491,0.0,-1,-0.019779955510130565
652.16,4.064221663431454,-0.6371345488833322,10.331223826429358,0.0,-1,0.0004753434739941387
652.47,2.7961820103706714,-0.6350580673147048,10.499792718224775,0.0,-1,-0.055987248455867666
615.94,-1.115019650357226,-1.5154199093475342,-11.127961150687362,0.0,-1,0.008750852355748906
621.33,-2.528535509858102,-0.9763119229494701,-7.743737871125354,0.0,-1,0.003975343215360416
623.8,-2.8187488137870105,-0.422175075626126,-6.160607879450083,0.0,-1,0.05243667842257138
656.51,-0.0031263979358300276,0.7978157800750182,9.982912374942153,0.0,-1,-0.001309957197910161
655.65,1.3332786764843831,0.7114069514984105,9.483409839717773,0.0,-1,-0.0067108975825516115
651.25,1.5237079906540885,0.3006120885560386,6.794784306223157,0.0,-1,0.016721689059501
662.14,2.399446981851156,0.39211702658436876,11.571413872836423,0.0,-1,-0.030129579847162136
642.19,0.9748625622954705,-0.3441557976571057,0.2607762695865574,0.0,-1,-0.0011834503807286456
641.43,0.11799847232634875,-0.4003399625420758,-0.12701808244658253,0.0,-1,0.002400885521413265
642.97,-0.191933445352106,-0.23675729340684354,0.7288941176867851,0.0,-1,-0.025024495699643934
626.88,-1.6717382837452988,-0.5721873772666788,-7.663165221963901,0.0,-1,-0.004067764165390453
624.33,-2.484829179296412,-0.4617594242725973,-8.861567210188163,0.0,-1,0.0022263866865279702
625.72,-2.5684721954639826,-0.18180081348005617,-7.869444122703264,0.0,-1,-0.005401777152720055
622.34,-2.6779210205924073,-0.09708321286949362,-9.704501541926888,0.0,-1,0.01823761930777401
633.69,-1.5636520147738793,0.33906193098301163,-1.3581199304894866,0.0,-1,0.0014044722182771086
634.58,-0.8020465106334314,0.36688914504115333,-0.7401117613874035,0.0,-1,0.004837845504112925
637.65,-0.09857321601043623,0.35678747988804954,1.4968615324137815,0.0,-1,0.002713087116756885
639.38,0.40554453263530377,0.28696840951126323,2.7997840320683878,0.0,-1,0.013090806719008974
647.75,1.3213080292384802,0.40091063537148,8.755711546490218,0.0,-1,-0.017985333847935103
636.1,0.6982474417702633,-0.07404998403224561,-0.838115739857237,0.0,-1,-0.003883037258292754
633.63,0.12269652788859275,-0.2165336326379721,-2.6591025934141683,0.0,-1,0.008759054968988211
639.18,0.28719636029040885,-0.017344600078718686,1.7984156026786025,0.0,-1,-0.003786100941831627
636.76,0.14384657980042448,-0.05356479352290103,-0.24219779558382015,0.0,-1,0.008763113260883193
642.34,0.5251844745721428,0.10925770041627242,4.363860984279768,0.0,-1,-0.007877448080455873
637.28,0.250421382410309,-0.05516846391518715,-0.23314289554951273,0.0,-1,-0.012082601054481446
629.58,-0.5494952788715182,-0.28502837506567147,-6.458517475418255,0.0,-1,0.006019886273388453
633.37,-0.5878290029397704,-0.10778736637797459,-2.843403219666122,0.0,-1,-0.006047018330517795
629.54,-0.877176781395633,-0.13237838161127913,-6.006402475025645,0.0,-1,-0.01277122978682843
621.5,-1.6187526055072112,-0.29131806857428577,-11.958014061016364,0.0,-1,9.654062751396353e-05
621.56,-1.8496444671039853,-0.17406997672368663,-11.888590260393997,0.0,-1,-0.01253298153034299
613.77,-2.4601200256437323,-0.2615151784211447,-17.19178102246243,1.503219177425649,-1,-0.007282858399726311
609.3,-2.932847802776564,-0.24474765185132563,-19.865262641789847,2.622165907720273,-1,-0.003167569341867682
607.37,-3.0856410411116713,-0.13251363006214412,-20.999005878554783,0.9707152741300433,-1,-0.008067570014982595
602.47,-3.3132342401866026,-0.1200356097123585,-23.781599315933743,1.779720901081646,-1,-0.0045811409696747685
599.71,-3.380927986375127,-0.06257645196696116,-25.26680817040719,0.0,-1,-0.00418535625552352
597.2,-3.3421975272714235,-0.00794866428775265,-26.605898381895493,0.0,-1,0.016393168117883494
606.99,-2.2284825037803557,0.36858878640110504,-12.047314860969557,0.0,-1,0.01140051730670999
613.91,-0.9092514500531479,0.5626066133761043,-3.9890184637068558,0.0,-1,-0.001075076151227372
613.25,-0.22886496901844566,0.41433103147026884,-4.613674016998161,0.0,-1,-0.0019078679168365031
612.08,0.03290035225052179,0.2253654509130788,-5.795742463054374,0.0,-1,0.007515357469611628
616.68,0.5443746501973692,0.24561324961997544,-0.09606039922311993,0.0,-1,-0.0035674904326391532
614.48,0.5714139116544175,0.09088417035900792,-2.6655633581379448,0.0,-1,0.006151542767868667
618.26,0.852315716411681,0.12392865837209055,2.0479829677135797,0.0,-1,0.014540808074273048
627.25,1.6709069757559973,0.314173305905469,11.219818619584622,0.0,-1,0.007301713830211387
631.83,2.3226270241151497,0.3219644514215405,15.008398754055733,0.0,-1,-0.03132171628444369
612.04,0.8057681296185137,-0.39829814769169847,-5.747523282079037,0.0,-1,-0.005996340108489595
608.37,-0.3256419950980671,-0.5099027574694265,-8.479121709270629,0.0,-1,0.0016601739073260902
609.38,-0.7800435578649285,-0.32143477341209603,-7.395763914660982,0.0,-1,-0.012602973514063365
601.7,-1.5822407094261735,-0.3745439749911137,-13.161678924780816,0.0,-1,-0.00955625727106535
595.95,-2.33065255942131,-0.3743186083287502,-16.88942477134897,0.0,-1,0.0018625723634531077
597.06,-2.4181374378005103,-0.1539344955693167,-15.468434684641636,0.0,-1,-0.002931028707332639
595.31,-2.406201757173335,-0.04733293831404728,-16.707385455084243,0.0,-1,-0.009574843358922114
589.61,-2.6747171037619637,-0.10528276163422534,-20.533520807569456,0.0,-1,-0.0026458167263107013
588.05,-2.7160816850761194,-0.04888244764946048,-21.52853544067349,0.0,-1,0.0024317660062920243
589.48,-2.3912571686436195,0.09198068959434647,-19.15025038371602,0.0,-1,-0.008057949379113749
584.73,-2.42540681304024,0.01927701506590873,-22.52220358488733,0.0,-1,0.016999298821678277
594.67,-1.412031067485259,0.34421758687363013,-7.826049847085642,0.0,-1,0.0077185665999630615
599.26,-0.4051739390839657,0.45035823842497447,-2.3799958132352828,0.0,-1,-0.0005840536661883
598.91,0.10285245337365723,0.31946154362753254,-2.7569677610500634,0.0,-1,0.007513649797131539
603.41,0.7232946118213022,0.31330123402505916,2.6031135479137077,0.0,-1,0.0005800367909050141
603.76,1.002407806726751,0.19747147631016937,3.015645731036024,0.0,-1,-0.005830131177951503
600.24,0.7650970869522098,-0.013279747821457244,-1.6836645313673273,0.0,-1,0.03193722510995589
619.41,2.1801836364855944,0.46726893390397595,16.359952592279996,0.0,-1,0.01533717569945603
628.91,3.49771160821183,0.5949323018767374,21.784013167978472,-0.7858544799019,-1,-0.015185002623586796
619.36,3.0691662933905945,0.05546232901850079,10.828936691267032,0.0,-1,-0.010236373030224843
613.02,2.0707964448640723,-0.31430250650267366,4.6741488528983055,0.0,-1,-0.01619849270823126
603.09,0.5715451501954476,-0.6045179337237663,-3.51170459766697,0.0,-1,0.002536934785852818
604.62,-0.09820925965505012,-0.42475744785808806,-2.1743737804109387,0.0,-1,-0.015563494426251157
595.21,-1.2090690262757562,-0.5118724048262648,-9.150749236915274,0.0,-1,-0.0030577443255322967
593.39,-1.8154098240630674,-0.3727377342045255,-10.392365357331506,0.0,-1,-0.008594684777296635
588.29,-2.392296070951488,-0.31654132703098226,-13.816638769982717,0.0,-1,-0.010233048326505623
582.27,-2.983047855149721,-0.30243103707640495,-17.501618207501892,0.0,-1,0.00407027667576898
584.64,-2.8323364259864547,-0.05057320263771281,-14.622755344063343,0.0,-1,-0.0035919540229885083
582.54,-2.6959526759059145,0.02860351581427567,-16.048350185959478,0.0,-1,-0.004789370686991368
579.75,-2.63559807787351,0.029652704615560133,-17.954601624109465,0.0,-1,-0.0016213885295386365
578.81,-2.464120939034501,0.06704328115152292,-18.6142804316474,0.0,-1,0.0031616592664260867
580.64,-2.0205389580287374,0.1702084207190957,-15.689175854913003,0.0,-1,-0.005442270597960763
577.48,-1.8937030543568198,0.09901477479700449,-18.283397214550963,0.0,-1,-0.010528503151624347
571.4,-2.1791431813244344,-0.0621417840568701,-22.696711239276564,0.0,-1,-0.002467623381169015
569.99,-2.25776797969786,-0.046922194143431906,-23.64178811284563,0.0,-1,0.025737293636730385
584.66,-0.8864330472431448,0.44147091277042794,-2.595716589761743,0.0,-1,-0.018061779495775254
574.1,-1.006896160412225,0.1070025998671158,-11.415383768227919,0.0,-1,0.00020902281832424485
574.22,-0.97321970362907,0.046893018883423565,-11.271448382525016,0.0,-1,-0.00426665737870513
571.77,-1.079446499935102,-0.019777925807536123,-13.226540493815094,0.0,-1,-0.002291131049197981
570.46,-1.1517726897601506,-0.030701371877528194,-14.297318651413427,0.0,-1,-0.0019282684149634077
569.36,-1.1836213938593119,-0.020850025325563237,-15.241604784535326,0.0,-1,-0.04986300407475053
540.97,-3.466743963087197,-0.7679908648511495,-30.233622005452222,11.990579286576349,-1,0.004066768952067479
543.17,-4.136076584110583,-0.47910782862484513,-27.36062544191023,5.112696524598277,-1,0.009260452528674357
548.2,-3.7069031792797205,-0.0166448079313275,-20.910174762529632,0.0,-1,-0.0005107624954397982
547.92,-3.2067412119243954,0.1611723864746657,-21.059428332957808,0.0,-1,0.00441670316834597
550.34,-2.487765127252942,0.29338282371537305,-17.722613174447424,0.0,-1,-0.0056147109059854206
547.25,-2.178463324312929,0.20089487555179542,-19.738653839655928,0.0,-1,-0.0006943809958884772
546.87,-1.8739404791501784,0.16847257357151557,-19.994736968191777,0.0,-1,-0.04063122862837609
524.65,-3.417184016639567,-0.45825698797262415,-30.63936151147213,3.8512995309257576,-1,0.002439721719241339
525.93,-3.797373783997614,-0.27948225177689023,-28.848952548065846,0.0,-1,0.0005894320536954378
526.24,-3.6451875190101646,-0.042431995596480476,-28.380653518391682,0.0,-1,-0.0010831559744604036
525.67,-3.312828759932245,0.09664225449381325,-28.63983418446402,0.0,-1,0.0013696805980938365
526.39,-2.8105803170656145,0.19963023245348133,-27.33855281409646,0.0,-1,0.002203689279811405
527.55,-2.2285744025434724,0.26054538232520796,-25.11355333398965,0.0,-1,-0.0015543550374370607
526.73,-1.820190245070421,0.22297651326608658,-25.66348114371335,0.0,-1,-0.007745903973572887
522.65,-1.8043156459114016,0.07961703747503535,-28.312886143399236,0.0,-1,0.007308906534009507
526.47,-1.3276853758392235,0.18541576918240454,-20.345977210245124,0.0,-1,0.042585522441924484
548.89,0.8896035405167595,0.8009015618461292,7.709947343044973,0.0,-1,-0.0011295523693272136
548.27,1.8724477036516873,0.5945819083270192,7.011297104240377,0.0,-1,-0.008481222755211792
543.62,1.8203324765814841,0.18082222708560525,1.7867729987423928,0.0,-1,-0.020878554872889143
532.27,0.6967471566646282,-0.31425436427708364,-8.521943825147758,0.0,-1,-0.0095816033216225
527.17,-0.34810776634913054,-0.4530364290969475,-12.271556857328179,0.0,-1,-0.0029402280099397604
525.62,-0.9706929139936165,-0.3585405255804778,-13.38918283980064,0.0,-1,0.006373425668734001
528.97,-0.9219277449831225,-0.10325845218999463,-9.179317929954713,0.0,-1,-0.0014745637748831975
528.19,-0.8857178483958705,-0.022349518534247603,-9.868830376932877,0.0,-1,0.0076866279179839125
532.25,-0.4554697460692978,0.13596619459744175,-4.5407375633308575,0.0,-1,-0.012325035227806369
525.69,-0.7490565494001657,-0.05254020291114203,-10.803346506879393,0.0,-1,-0.008008522132815998
521.48,-1.1842619052822556,-0.1625818529310774,-14.309429159267452,0.0,-1,0.0019559714658279326
522.5,-1.2181760911164474,-0.06549867958842315,-12.797297246229952,0.0,-1,-0.0010909090909091423
521.93,-1.1811185097737962,-0.009480366081924041,-13.33263381954486,0.0,-1,0.001207058417795448
522.56,-1.0116631766213686,0.053324989023501246,-12.23287993180275,0.0,-1,0.012687538273117083
529.19,-0.29013024532673626,0.25828597343937787,-1.7293465829817123,0.0,-1,-0.013341144012547601
522.13,-0.4935195925688731,0.018298875399080372,-9.764182501087113,0.0,-1,-0.005400953785455798
519.31,-0.7890876334759014,-0.09242305516931593,-12.532111535110836,0.0,-1,0.001001328686141445
519.83,-0.8277810178063874,-0.043705479833267336,-11.66299411254137,0.0,-1,-0.006348229228786417
516.53,-1.0531459584877894,-0.08969014017155641,-15.084818756388067,0.0,-1,0.00501422957040254
519.12,-0.8622329322877249,0.03374096200950272,-10.384690413839856,0.0,-1,0.004006780705809954
521.2,-0.5215903414970171,0.12479451760007021,-6.729104408813761,0.0,-1,-0.001151189562548005
520.6,-0.35780318431034175,0.09619389159558189,-7.552721627333106,0.0,-1,-0.0009604302727621583
520.1,-0.2877593403577521,0.05541257851605719,-8.287858597344247,0.0,-1,-0.007440876754470249
516.23,-0.5512574733517113,-0.06936185149263402,-13.695168832492989,0.0,-1,0.0084071053600141
520.57,-0.2754017504026933,0.06883129048546133,-4.837267080987914,0.0,-1,-0.0034001191002172027
518.8,-0.2620237430612633,0.02740309927563045,-7.51461581403602,0.0,-1,-0.005088666152659904
516.16,-0.45349942746872784,-0.05469086171061138,-11.315222938727679,0.0,-1,0.03681029138251701
535.16,1.0718876826165342,0.4902320827915503,14.25504736170862,-3.0365276668176193,-1,0.01805067643321645
544.82,2.550257264107813,0.6562005547609431,21.07042692848708,-8.463296423576708,-1,0.004698799603538584
547.38,3.2902539495111114,0.46539908005474695,22.60828037083907,-6.048151994173509,-1,-0.021173590558661304
535.79,2.4202311297535744,-0.13487457990092988,7.288811783026517,0.0,-1,-0.008398812967767233
531.29,1.4085337923953603,-0.3821906390863814,2.50933218006395,0.0,-1,-0.017975117167648436
521.74,-0.010526025650165138,-0.600416819043969,-6.122467329485957,0.0,-1,-0.011212481312531164
515.89,-1.2066787658686735,-0.5988565197541591,-10.53773322564652,0.0,-1,-0.024288123437166798
503.36,-2.7483652388222026,-0.7135143309025627,-18.162213229639303,0.0,-1,-0.03540209790209792
485.54,-4.775178038730417,-0.9134423769369255,-25.609039520837225,8.944889030433615,-1,-0.0054784363801129166
482.88,-5.612319602123705,-0.5835279801100715,-26.519915877978413,4.72536433487528,-1,0.004742379058979562
485.17,-5.372363750310058,-0.11452404276547501,-23.880712030314356,0.0,-1,0.022878578642537617
496.27,-3.879688845210694,0.45938362077796313,-12.306829022399256,0.0,-1,0.01712777318798242
504.77,-2.1017106555601117,0.7457872701428485,-4.978658122437118,0.0,-1,-0.0004160310636527331
504.56,-1.0550790061047906,0.59747297319939,-5.123547423837827,0.0,-1,0.012565403519898544
510.9,0.0844934024649433,0.5790151272563746,0.24751404597657256,0.0,-1,-0.007300841651986634
507.17,0.33640515654434466,0.2769756271119254,-2.7613170542084617,0.0,-1,0.005303941479188445
509.86,0.6584939372053782,0.19968813592431972,-0.34560199778159983,0.0,-1,-0.0033930882987487365
508.13,0.6204971661020977,0.0538971216070131,-1.9187063612148592,0.0,-1,0.03762816602050667
527.25,2.1431240167086116,0.5255079907378424,12.622714592946792,0.0,-1,-0.0028259838786154345
525.76,2.60167710728615,0.3280203604384604,11.13997757520746,0.0,-1,0.0005515824710893291
526.05,2.638313893634404,0.12155238226223819,11.33794167177907,0.0,-1,-0.001349681589202345
525.34,2.3776061290056987,-0.04638512745548917,10.499537784099424,0.0,-1,0.01621806829862571
533.86,2.7591184026075553,0.11170904871545595,16.58868401291801,0.0,-1,0.01168845764807247
540.1,3.239948005857741,0.19751288398854738,20.312820962636124,0.0,-1,-0.006628402147750512
536.52,2.912033806994714,-0.043467104958160085,15.648255635740014,0.0,-1,-0.009375232982926973
531.49,2.0862405569803286,-0.2897534516575151,9.487360640726038,0.0,-1,0.006999190953733914
535.21,1.8094905522248155,-0.18883448547100934,12.387911660088768,0.0,-1,0.004110536051269431
537.41,1.7036580038283091,-0.09822234462250523,14.077919369579504,0.0,-1,-0.01914739212147143
527.12,0.6512702293110806,-0.38353670637991133,1.947494132287666,0.0,-1,0.003073303991500964
528.74,0.20580382294326682,-0.2763343709159084,3.4877473601788864,0.0,-1,0.00355562280137689
530.62,0.12258696784738277,-0.11985040867059749,5.333846282136612,0.0,-1,-0.0005088387169726039
530.35,0.04826295964551264,-0.06472480562415588,4.985589258249114,0.0,-1,-9.427736400502429e-05
530.3,0.002912375574055659,-0.03669179656520429,4.914474524565648,0.0,-1,0.014557797473128575
538.02,0.6233277189071487,0.19457451558929623,13.1014700811224,0.0,-1,-0.0028065871157205713
536.51,0.7557580806648048,0.10900162578231742,10.705758956530545,0.0,-1,-0.0219380813032376
524.74,-0.22183991184510887,-0.2895321222425321,-4.3158779848491235,0.0,-1,0.01572207188321828
532.99,-0.004652248779734691,-0.02411481972571931,4.460420080719132,0.0,-1,0.0011069626071784633
533.58,0.1534959368179898,0.04467778862400172,5.0377028641439665,0.0,-1,0.014055999100416106
541.08,0.844778701548762,0.24532018445159132,11.865550338215812,0.0,-1,0.006135876395357398
544.4,1.3966885254517365,0.2657433361181887,14.515901422854967,-0.22232841554443894,-1,-0.011296840558412846
538.25,1.0437527269489237,-0.029064154128207953,6.442009780004113,0.0,-1,-0.0004273107292150913
538.02,0.761138767118382,-0.10389270465291656,6.150014233001599,0.0,-1,0.0014497602319616387
538.8,0.6214035566098346,-0.08120930505382129,6.988475210098876,0.0,-1,0.0033407572383075124
540.6,0.6497523216381751,-0.017620180008493636,8.998707913858297,0.0,-1,-0.002127266000739869
539.45,0.513947344015719,-0.05114171921031663,7.104132659504458,0.0,-1,0.008045231254054874
543.79,0.7648825765364791,0.06659783777014783,12.194754147385545,0.0,-1,0.020246786443296028
554.8,1.7441099780855893,0.34860841310641955,21.671087600851166,-4.337236249979924,-1,-0.008615717375630827
550.02,1.6900478473529574,0.09818209412459589,13.939708201563697,0.0,-1,0.004527108105159883
552.51,1.7296794613738484,0.04593790271516229,16.058888888594225,0.0,-1,-0.02392716873902745
539.29,0.5036886466032229,-0.39335097068515446,-0.9468425596843062,0.0,-1,-0.0015946893137273044
538.43,-0.22294748133242592,-0.3733290328736012,-1.8429263615565716,0.0,-1,0.005646044982634768
541.47,-0.31435325518918944,-0.15491160224345493,1.6277235553929046,0.0,-1,-0.03213474430716379
524.07,-1.7838600375184797,-0.5414727948575817,-13.789071941923126,0.15728286045089135,-1,-0.05930505466826963
492.99,-4.959958425556579,-1.2391903942985603,-27.26376609802812,18.436625592268058,-1,-0.03316497292034326
476.64,-7.497177750779258,-1.2588032398404136,-31.32558459998453,20.16704673586304,-1,0.02028784827123209
486.31,-7.335189267492353,-0.36560491885116964,-22.78108351127998,2.989904984050952,-1,-0.021796796282206876
475.71,-7.526262586891164,-0.18555941274999377,-25.869038896131965,3.832751886066603,-1,-0.022955161758213993
464.79,-7.904610697682983,-0.18796917451393735,-28.642515730009723,3.6154226003010876,-1,-0.03631747670991203
447.91,-8.841733861605292,-0.37503077947874885,-32.16351876086865,6.6246006137726,-1,-0.014556495724587615
441.39,-9.116817621766018,-0.21670484654649158,-33.34212452047744,0.05330529143589047,-1,-0.05043159110990281
419.13,-10.349624700032564,-0.483170641604346,-36.680789951919536,5.543491809792613,-1,-0.022570562832534002
409.67,-10.891892847496479,-0.3418129296894197,-37.832342432127874,0.0,-1,-0.050723753264822924
388.89,-11.987035850603718,-0.4789853109322202,-39.952528383544845,0.6342216141550807,-1,0.03430275913497405
402.23,-10.42402103127364,0.36134316946595213,-30.008326410091758,0.0,-1,-0.004524774382815733
400.41,-8.925511869002491,0.6199507772457,-30.337830676563655,0.0,-1,0.001598361679278737
401.05,-7.3791312987833635,0.7221104491549433,-29.82377491806352,0.0,-1,0.0029921456177532946
402.25,-5.891013405441868,0.7367427808321461,-28.773676496184958,0.0,-1,-0.01454319453076447
396.4,-5.143536674984318,0.49473983709656544,-30.185598824177923,0.0,-1,-0.02568113017154372
386.22,-5.1895035868401465,0.14959097508024577,-32.443584950455275,0.0,-1,0.02747138936357496
396.83,-3.895861743864714,0.48107760601855976,-22.83214387399608,0.0,-1,0.02358692639165394
406.19,-2.14438567705497,0.7441845576094348,-15.362834124179862,0.0,-1,0.028164159629729957
417.63,-0.13661550389548438,0.9173182435896403,-7.372437394823464,0.0,-1,-0.018557095994061745
409.88,0.23282087467555357,0.4289182073868928,-10.964397644748445,0.0,-1,-0.0035864155362544947
408.41,0.2756373244047836,0.15724488570537432,-11.645527871871877,0.0,-1,-0.001542567517935578
407.78,0.22157577223566705,0.034394444512085925,-11.961589905403883,0.0,-1,-0.008828289764088448
404.18,-0.12391965153517503,-0.10370032641958542,-13.852844058135346,0.0,-1,0.09730813004107075
443.51,2.991159274207291,1.0037928664409603,10.18008840690998,0.0,-1,-0.01012378525850599
439.02,3.925268797561273,0.6459674632649808,7.437853788668335,0.0,-1,0.006400619561751197
441.83,4.299384492774834,0.34002771949284716,8.745063250729523,0.0,-1,-0.005545119163479106
439.38,3.9239936326503653,-0.011787713543873757,7.047691411045733,0.0,-1,0.012767991260412392
444.99,3.8767987332005873,-0.01966087099788405,9.988991793399016,0.0,-1,-0.028068046472954467
432.5,2.489301389042282,-0.4690527383853964,1.2990090879419967,0.0,-1,-0.001387283236994219
431.9,1.5381109345429422,-0.47341439762824544,0.9054068451403339,0.0,-1,0.0028941884695530273
433.15,1.038506462748046,-0.32433962314104714,1.7621541497497617,0.0,-1,0.023825464619646963
443.47,1.5621620216216456,0.06643864524418408,8.418639111499736,0.0,-1,0.016235596545425723
450.67,2.293809632589955,0.2660287520708313,12.436821731932234,0.0,-1,-0.018705482947611318
442.24,1.7659826353582844,-0.08726608172027972,5.464197307863074,0.0,-1,0.013951700434153391
448.41,1.8690705837959172,0.005273955572451028,9.172094358215055,0.0,-1,-0.00022301019156578672
448.31,1.75652534269841,-0.035757095175018794,9.083510009290343,0.0,-1,0.032633668666770754
462.94,2.773042276924798,0.3269199463504564,17.091892099812185,0.0,-1,0.07424288244696942
497.31,5.914380554294269,1.1560860745733095,28.21958721101943,-16.694489544297483,-1,-0.011582312843095854
491.55,6.51218464678783,0.5846300556889572,23.586194700699508,-2.022657367125589,-1,-0.016478486420506644
483.45,5.593404639135599,-0.11138331732109119,17.352345097488637,0.0,-1,-0.019236735960285523
474.15,3.8928975820481924,-0.6039634581361657,10.783335125911442,0.0,-1,-0.02786038173573757
460.94,1.617402588333789,-0.9598194839501897,2.675041855791413,0.0,-1,0.03067644378877943
475.08,1.5232048757821417,-0.35133906550061234,9.155202243277941,0.0,-1,-0.01963879767618082
465.75,0.5716722798578076,-0.4342905538083155,3.758455657967964,0.0,-1,0.0029200214707461036
467.11,0.16159995857412923,-0.2814542916973313,4.431767145260913,0.0,-1,0.022285971184517583
477.52,0.8105971347177388,0.12251429481542608,9.453014104737164,0.0,-1,0.0006491874685876642
477.83,1.0933792948964651,0.13509881833138415,9.600311770084765,0.0,-1,-0.005566833392629089
475.17,0.921988767077778,-0.01209723649576766,7.605159244485172,0.0,-1,0.013931855967338036
481.79,1.3111277725786294,0.12568058966836126,11.197073003293255,0.0,-1,0.000996284688349558
482.27,1.436436627614171,0.08366314823463417,11.460138433951052,0.0,-1,-0.016256453853650377
474.43,0.7260546694973868,-0.2089062699607167,4.7267831364403605,0.0,-1,0.0032460004637144824
475.97,0.4386924679808999,-0.1654228238257346,5.78403688885011,0.0,-1,-0.01067294157194787
470.89,-0.16487967177573637,-0.256331654527457,1.3857732394411357,0.0,-1,0.02083289090870477
480.7,0.3645742309938669,0.09104074941404877,8.420030836968031,0.0,-1,-0.00921572706469731
476.27,0.22975332979586938,-0.0145933839279829,4.465723909645625,0.0,-1,0.0017007159804312
477.08,0.21069676838055784,-0.011216648447764821,5.083390825988424,0.0,-1,-0.0051773287498951825
474.61,-0.022222909692118265,-0.08137877550681366,2.662971089027643,0.0,-1,-0.0028865805608815354
473.24,-0.250997506254123,-0.1033844573562728,1.2744510779687204,0.0,-1,-0.0010776772884794061
472.73,-0.3869683456806001,-0.07978509892758334,0.7212993718612637,0.0,-1,-0.006261502337486569
469.77,-0.6693730699204821,-0.1207299410558218,-2.5778608164393404,0.0,-1,-0.001915831151414471
468.87,-0.8297943428804047,-0.09371707133858143,-3.59753718054138,0.0,-1,0.021583807878516437
478.99,0.0024778825463727117,0.246185051362732,7.752096980357081,0.0,-1,0.018184095701371694
487.7,1.144240838380881,0.4626493357324135,14.866705905792188,-1.3638951447624663,-1,-0.004244412548698007
485.63,1.4472689130997765,0.25522580348376955,12.104971422694518,0.0,-1,-0.030455284887671685
470.84,0.24567720770090773,-0.31545530063836646,-3.583693217171067,0.0,-1,0.024297001104409244
482.28,0.5777415876930263,0.005536359784584,5.974562311354013,0.0,-1,0.00319316579580331
483.82,0.8239619787146921,0.08391891693541664,7.118668775074667,0.0,-1,-0.011099169112479879
478.45,0.43090867599931926,-0.10304479525998544,1.893648083272879,0.0,-1,-0.005956735291043902
475.6,-0.039027031691659886,-0.1909935009836549,-0.7623938801536312,0.0,-1,-0.01320437342304459
469.32,-0.7940759662295136,-0.3153474785071696,-6.245377466598065,0.0,-1,0.010014489047984299
474.02,-0.7137607696460009,-0.07834409397455233,-1.478423489364232,0.0,-1,-0.009387789544744951
469.57,-0.984956440550377,-0.11651325495964282,-5.450491566609536,0.0,-1,-0.0015972059543838402
468.82,-1.100974572623386,-0.07751046234421732,-6.123121585576811,0.0,-1,-0.010153150462864247
464.06,-1.463902424274636,-0.14681277133182236,-10.345252525077477,0.0,-1,-0.00437443434038709
462.03,-1.6925411480773391,-0.12515049837817527,-12.074563657520656,0.0,-1,0.01012921238880593
466.71,-1.275815414305555,0.09719174513120299,-5.837098960117402,0.0,-1,-0.004692421418011183
464.52,-1.143634596227571,0.07645752106972892,-8.029856589287618,0.0,-1,-0.020731077241022966
454.89,-1.7847413041695859,-0.18821639562409542,-16.223656158920164,0.617490472259135,-1,0.052628107894216125
478.83,0.03843378387352914,0.5449862308063399,6.977022748865522,0.0,-1,-0.013992439905603171
472.13,0.3884851792389554,0.29834587539058877,1.379619793024709,0.0,-1,-0.023044500455383088
461.25,-0.37552955468157734,-0.1552229528433147,-6.35642115980766,0.0,-1,-0.0048563685636856535
459.01,-0.9129094587516988,-0.23086761897114538,-7.809596975300735,0.0,-1,-0.00010893008866907916
458.96,-1.1096902892241474,-0.14254948314786464,-7.844409254784473,0.0,-1,-0.0016994945093253833
458.18,-1.1806065136916573,-0.07115523587179151,-8.438822826037544,0.0,-1,-0.006154786328517181
455.36,-1.3526807497844402,-0.08107649065485822,-10.66677123972292,0.0,-1,0.0031842937456079135
456.81,-1.205161138682172,0.02214770681580336,-8.863988622205191,0.0,-1,-0.02195661215822775
446.78,-1.8668045715741641,-0.21316524202539622,-16.512338152223208,0.7574474048178672,-1,0.0038050047002999854
448.48,-1.9003925737223426,-0.08225108139119164,-14.262212852343474,0.0,-1,-0.014738672850517331
441.87,-2.3096538603195427,-0.16383745599613064,-18.819419412481526,0.8388747442083968,-1,-0.004141489578382784
440.04,-2.4743133485915223,-0.10949898142270342,-19.99635369642907,0.0,-1,-0.0017498409235524592
439.27,-2.4146169803448743,-0.01660087105868513,-20.51663967557148,0.0,-1,-0.00496277915632759
437.09,-2.365217381192849,0.010932909364446797,-22.04175022392933,0.0,-1,0.003408908920359721
438.58,-2.019249466517408,0.11896694134662944,-19.318661581460933,0.0,-1,0.028934287929226032
451.27,-0.6204947203032702,0.5059072291869224,-1.0562142305623112,0.0,-1,0.0019278923925809544
452.14,0.20309054616245703,0.44316416521755,-0.05173022828755336,0.0,-1,0.02209492635024546
462.13,1.4304589672150883,0.5568441954233938,9.991074702981805,0.0,-1,0.02633458117845633
474.3,2.9391049304734906,0.6884967195605989,18.536374082181922,0.0,-1,0.009909340080118012
479.0,3.8401691678965335,0.5298536523278807,21.177932937690187,0.0,-1,0.0018789144050104234
479.9,4.045687189283342,0.24512389123822986,21.683745339075628,0.0,-1,-0.018128776828505888
471.2,3.086305600869821,-0.23808589905843025,10.314749425830612,0.0,-1,-0.0018039049235992755
470.35,2.27858933992394,-0.34860072000143694,9.293884024196466,0.0,-1,-0.008100350802593859
466.54,1.367348764457347,-0.4199470984893434,4.684207795051144,0.0,-1,0.011831782912504751
472.06,1.257782746352575,-0.17650437219803838,9.724678879220775,0.0,-1,0.016946998262932667
480.06,1.764851175104127,0.11018801885117124,15.842730023417388,0.0,-1,0.012373453318335281
486.0,2.366314458221268,0.23721710065610413,19.646675666512564,0.0,-1,-0.006502057613168799
482.84,2.2065198949280784,0.025807512454304682,15.345148895523678,0.0,-1,-0.004162869687681203
480.83,1.7752459553707922,-0.13515547570099384,12.612102578262729,0.0,-1,0.002100534492440076
481.84,1.495838489311211,-0.13818764725352506,13.465247128417325,0.0,-1,-0.02913830317117705
467.8,0.061481548838855815,-0.5241815292419602,-3.073791706620163,0.0,-1,0.030696879008123235
482.16,0.535846282866089,-0.01660559840490894,9.052898416146704,0.0,-1,0.025966484154637426
494.68,1.7717081263075443,0.4064187483455155,16.47376087357948,0.0,-1,0.0012937656666935915
495.32,2.2953300375026515,0.3100135531802075,16.815348097142873,0.0,-1,-0.0075910522490511
491.56,2.0525301566416374,0.022404557439731132,12.648633589904037,0.0,-1,-0.013019773781430488
485.16,1.226752703157672,-0.2677909653480781,6.039270617884121,0.0,-1,-0.00018550581251552956
485.07,0.7041345844858711,-0.26346969467329306,5.947046355710363,0.0,-1,0.009194549240315819
489.53,0.7558143097761558,-0.07059665646100277,9.607255623337764,0.0,-1,-0.006496026801217414
486.35,0.45366964660661324,-0.12424710654351512,5.926012574775626,0.0,-1,0.015194818546314437
493.74,0.8806248444712992,0.1009026971070569,11.987709440890711,0.0,-1,0.009377405112002357
498.37,1.4065503730309956,0.20894274188891782,15.309110708720667,0.0,-1,-0.012179705841041777
492.3,1.0464672728916184,-0.05038011941681986,7.935092553112668,0.0,-1,0.011720495632744132
498.07,1.2600534500809886,0.054402019257516754,12.41703324022778,0.0,-1,0.002489609894191558
499.31,1.3651754178355873,0.05317466233737189,13.34949178056248,0.0,-1,0.00955318339308242
504.08,1.7014717835598958,0.12982367602056022,16.863474522134325,0.0,-1,0.01547373432788457
511.88,2.3778306511254073,0.2687275145286905,21.779537754393914,-2.058654394629116,-1,-0.020180511057279027
501.55,1.6570241973143425,-0.15069297976079143,8.917299898188212,0.0,-1,-0.060073771308942314
471.42,-1.352297712700647,-1.0533382965919271,-12.727724749368925,0.0,-1,-0.02161554452505199
461.23,-3.593433858316473,-1.0981581474025846,-17.24910437598068,3.39655317576603,-1,-0.03503674956095659
445.07,-5.761215776264635,-1.0886466884502486,-23.016809303400056,10.845457976007424,-1,-0.030287370525984736
431.59,-7.48833875388334,-0.9385898886896511,-26.803114055486006,14.602235683681556,-1,-0.015941055168099294
424.71,-8.301205346535767,-0.5838188271140261,-28.512952378647363,10.074031260639174,-1,-0.003319912410821413
423.3,-8.133371530650663,-0.1386616704096406,-28.86765244476112,1.417147876630736,-1,-0.009827545476021826
419.14,-7.718340328487216,0.09212317725126873,-29.952518339720115,0.0,-1,0.007491530276279912
422.28,-6.605963033364901,0.4015001574578614,-26.65226621767052,0.0,-1,0.032703419532064126
436.09,-4.348444133023349,0.8863396859331374,-13.785770043316646,0.0,-1,0.006122589373753096
438.76,-2.634814338433955,0.8666564935075107,-11.565786272144365,0.0,-1,0.004763424195459942
440.85,-1.3842649129364304,0.7057353063350118,-9.75691896525521,0.0,-1,-0.009504366564591082
436.66,-0.9928014574429653,0.36573292060949236,-12.228937422975342,0.0,-1,0.005725278248522869
439.16,-0.5060029415760141,0.2841771454921479,-9.793925843803969,0.0,-1,0.008083614172511133
442.71,0.07539656148884433,0.2885255495190021,-6.317010826671691,0.0,-1,-0.02780601296559826
430.4,-0.6660200671028065,-0.1509636930242162,-14.312429065399705,0.0,-1,0.005413568773234401
432.73,-0.7870600424733993,-0.09066788946493631,-11.92859816226634,0.0,-1,0.0010399094123356711
433.18,-0.7444916932859087,-0.01603318009248189,-11.439895076684095,0.0,-1,-0.019599242808993944
424.69,-1.3686665442517096,-0.21340267701942772,-16.913325672801513,0.0,-1,0.020532623796180705
433.41,-0.8400317577135752,0.10507736983956895,-7.585122644071397,0.0,-1,0.01234396991301523
438.76,-0.05987838463505568,0.2950769143060295,-2.5875081281131784,0.0,-1,0.019236028808460093
447.2,1.0385215006238013,0.4644922665216289,4.3560466530761985,0.0,-1,0.0005590339892664886
447.45,1.522011318201237,0.31599402803302157,4.553540867889325,0.0,-1,-0.0025701195664319387
446.3,1.5410886171398488,0.11169044232387781,3.373194029650385,0.0,-1,-0.022720143401299575
436.16,0.5772032151808162,-0.28406498654505163,-5.961796752924563,0.0,-1,-0.0019946808510638014
435.29,-0.025339753730406755,-0.29553598515209156,-6.684030091522331,0.0,-1,-0.012336603184084138
429.92,-0.7719995920418228,-0.3473986078211692,-11.063462178380377,0.0,-1,-0.0028842575362858502
428.68,-1.184329545194032,-0.25324285365779287,-12.047948970409536,0.0,-1,-0.0062984044042175835
425.98,-1.5168003930039617,-0.19523790048924083,-14.235718816337304,0.0,-1,0.00868585379595288
429.68,-1.2483024508252925,0.024420013896476078,-9.052493679396726,0.0,-1,0.015406814373487343
436.3,-0.45836160883385446,0.2714536186293047,-0.8892414101068553,0.0,-1,-2.2920009168037048e-05
436.29,-0.026027720435308765,0.23459583567595016,-0.9006334203414212,0.0,-1,0.0005959338971783801
436.55,0.2139748671335724,0.15819947441494378,-0.5618070918408478,0.0,-1,-0.018600389417019803
428.43,-0.3605217446764186,-0.13876571246501576,-9.838688788540374,0.0,-1,-0.01041010200032677
423.97,-0.9893932385251105,-0.2558790687712359,-13.965326493547288,0.0,-1,0.01759558459324939
431.43,-0.5997128822390323,0.04460042917161411,-3.708897942223018,0.0,-1,-0.007162227939642607
428.34,-0.612396630576086,0.01063889361152015,-6.890198513944036,0.0,-1,-0.01559508801419418
421.66,-1.1243721188632776,-0.16711219822522383,-12.998276947515244,0.0,-1,-0.017075368780534173
414.46,-1.8866621864349327,-0.30980075526562634,-18.366064632947914,1.4513637042885534,-1,0.01529701298074615
420.8,-1.5822520380178275,-0.0017968689495071466,-9.868645059316712,0.0,-1,-0.000736692015209095
420.49,-1.3240259606411087,0.08547640280907065,-10.137821740975724,0.0,-1,-0.01041641893980827
416.11,-1.4495774252326896,-0.013358353927503508,-13.93538343850961,0.0,-1,0.02477710220855056
426.42,-0.5323883720924414,0.30127689973758165,-1.1825244082646833,0.0,-1,-0.0033769523005487967
424.98,-0.1494281478479138,0.22807904132736978,-2.6482858977137766,0.0,-1,-0.015765447785778264
418.28,-0.5038290234049896,-0.042107278076568666,-9.010780656212688,0.0,-1,0.009419527589174859
422.22,-0.3107103758997596,0.05033712314288713,-4.248062578847602,0.0,-1,0.006489507839514852
424.96,0.040074812511136315,0.13370743718459435,-1.063526657596384,0.0,-1,-0.0016707454819276935
424.25,0.15296117234066742,0.08219793233804183,-1.8768831620849014,0.0,-1,-0.004313494401885665
422.42,0.04415758789366464,-0.008868550702986984,-4.063421766136287,0.0,-1,-0.005397471710619883
420.14,-0.20392400332099214,-0.08565004730588127,-6.781808480241466,0.0,-1,-0.01913647831675147
412.1,-0.9809711319848589,-0.2875657253232494,-14.916395294308941,0.0,-1,0.014292647415675708
417.99,-0.7969137686513932,-0.03450278732992795,-6.291936796244144,0.0,-1,0.005981004330247064
420.49,-0.4301422729303681,0.11075623613036567,-2.9728904580716744,0.0,-1,0.001474470260886207
421.11,-0.15924466899230083,0.12721794668947767,-2.1259933688239343,0.0,-1,-0.0018522476312603509
420.33,-0.07552547794063003,0.0703123792470495,-3.172491423208456,0.0,-1,0.01648704589251304
427.26,0.5501279074135823,0.23198858820042068,6.265131069061084,0.0,-1,-0.0067406263165286084
424.38,0.5771106078062758,0.08632376286437138,2.003055033744495,0.0,-1,0.006432913897921777
427.11,0.7700094073520631,0.09307418747005292,5.549446561619561,0.0,-1,0.0068366462972067055
430.03,1.0456246898456243,0.1228964899878714,9.137627684874047,0.0,-1,-0.014952445178243234
423.6,0.5604636069385833,-0.12075486430638982,-0.6160541411007827,0.0,-1,-0.019428706326723333
415.37,-0.41465556842649676,-0.36529134655715667,-9.99869684419486,0.0,-1,0.010063317042636744
419.55,-0.5193271920734901,-0.15665432340138336,-4.188625528292292,0.0,-1,0.005768084852818545
421.97,-0.32671907122420407,0.01198459914930089,-1.0110183092890495,0.0,-1,0.003957627319477686
423.64,-0.06402175486419992,0.0915606385031017,1.1838777154927556,0.0,-1,0.0013690869606270972
424.22,0.12099538288782696,0.09219259208504288,1.981193448141596,0.0,-1,-0.006836075621140081
421.32,-0.03824566347680047,-0.022349484759861527,-2.3431473009628405,0.0,-1,-0.01761131681382322
413.9,-0.7330123813694058,-0.239038734217489,-11.458367521483353,0.0,-1,0.0026334863493597815
414.99,-0.9284780418682317,-0.14483479823877166,-9.597772232153794,0.0,-1,-0.005108556832694733
412.87,-1.12550436862864,-0.11395370833305996,-12.078736715706725,0.0,-1,-0.0362099450190132
397.92,-2.376058834623109,-0.4548360581091764,-24.39737210564779,7.384615378282376,-1,0.00045235223160444704
398.1,-2.788331164735098,-0.28903612940705514,-24.075455826013552,3.8377876510676288,-1,0.01369002763124838
403.55,-2.307939732729835,0.06378510086606903,-14.662626705743783,0.0,-1,-0.004584314211374063
401.7,-2.0295823723330386,0.11404748708762202,-16.27877746263411,0.0,-1,-0.007244212098580949
398.79,-1.9637718277735416,0.059952677215706185,-18.77470997176762,0.0,-1,-0.008425487098472906
395.43,-2.0472189031793278,-0.007831466063359827,-21.482669528328742,0.0,-1,0.002453025819993293
396.4,-1.8375075322839507,0.06729330161067248,-19.54798485452271,0.0,-1,-0.04487891019172541
378.61,-3.0620262191459346,-0.3857417950837707,-30.372944456076752,4.832478457448985,-1,0.061567312009719766
401.92,-1.4766167109814319,0.3998892376935774,-2.9630630226224213,0.0,-1,-0.0274930334394905
390.87,-1.4816938976507572,0.1316040170080841,-10.125628760684222,0.0,-1,0.00951723079284661
394.59,-1.0507579995144738,0.18751330504812258,-6.8854502293110755,0.0,-1,-0.0025849616057173064
393.57,-0.8327268838201007,0.13518147358083188,-7.581877034086887,0.0,-1,0.013568107325253598
398.91,-0.20931741898795053,0.2528636461376607,-2.6361065723451986,0.0,-1,-0.006943922187962248
396.14,-0.11100290165620663,0.11705938782313488,-4.870230484003542,0.0,-1,-0.009542081082445586
392.36,-0.36759540118566747,-0.04651103723544198,-7.882487964331226,0.0,-1,-0.01284534611071475
387.32,-0.8852587008515798,-0.18805811230045144,-11.672461137252007,0.0,-1,0.002478570690901627
388.28,-0.9903187922802204,-0.09770606790969738,-10.5198847794274,0.0,-1,0.028124034202122283
399.2,-0.0503222719711971,0.28076348413310864,1.0437736932231516,0.0,-1,-0.016332665330661245
392.68,-0.11946382248578402,0.07054064453950726,-4.698597467555615,0.0,-1,-0.0015024956707753168
392.09,-0.1932459458692506,-0.0010804929479864278,-5.2052814830976715,0.0,-1,0.002295391364227628
392.99,-0.13903317873854348,0.017710758060906884,-4.178215743694238,0.0,-1,0.04984859665640351
412.58,1.532159303055039,0.5629677466181632,12.6344988950422,-3.1180514434474844,-1,0.009840515778757997
416.64,2.578408935363882,0.5364057929756689,15.126551078016774,-3.944354041493341,-1,0.05157930107526876
438.13,4.677499673571333,0.8784988437277068,24.95159125912201,-15.175100310806215,-1,0.029968274256499283
451.26,6.431420069877447,0.8774730800112733,28.973189145168902,-16.122846644034382,-1,0.005805965518769662
453.88,6.990761928874065,0.47893831300263034,29.69595097960631,-8.525977765928246,-1,0.035449898651626066
469.97,8.02870269763281,0.505626360587125,33.553471814666,-11.651373442998988,-1,0.015320126816605217
477.17,8.47861452387616,0.31851272894349236,34.972963674256846,-6.970948669393067,-1,0.002996835509357254
478.6,8.11618589334148,-0.014638633863729211,35.25382953523645,0.0,-1,-0.010551608859172612
473.55,6.837789420295678,-0.4310117023031772,29.428571080407238,0.0,-1,-0.02168725583359743
463.28,4.7729420654148385,-0.8319530190613387,18.805268477457687,0.0,-1,0.008569331721637097
467.25,3.673606549189799,-0.6437628450954591,20.499931602094065,0.0,-1,-0.01973247726056726
458.03,2.049471578644784,-0.7559659385468249,11.832037623333747,0.0,-1,-0.010043010283169118
453.43,0.6832814618185807,-0.7073853517910096,7.886666710289127,0.0,-1,0.01175484639304858
458.76,0.3874129482539388,-0.33441795511855055,11.083601581304393,0.0,-1,0.0008501177086057687
459.15,0.23969427911708863,-0.1607122080851336,11.322311011885567,0.0,-1,-0.026440161167374465
447.01,-0.865806245377712,-0.42207091085997817,0.5895935587557943,0.0,-1,0.0023713116037673565
448.07,-1.2580726538436693,-0.27144577310864515,1.4145706652335832,0.0,-1,0.014908384850581324
454.75,-0.7926998035896986,0.06464235904844184,6.500138299383792,0.0,-1,0.019131390874106646
463.45,0.2310449385031461,0.36279570038042896,12.222403643057902,0.0,-1,-0.008026755852842737
459.73,0.4136635646742661,0.18180477551718302,8.562410763977049,0.0,-1,-0.012877123529027923
453.81,-0.022832419296321405,-0.08489706948446815,3.045243377149845,0.0,-1,0.026883497498953357
466.01,0.7774889569930679,0.23847476893497377,11.377035618290229,0.0,-1,-0.0035192377845968403
464.37,0.9761922320549843,0.14572601466563007,9.792339861215481,0.0,-1,-0.008829166397484767
460.27,0.6525278502480205,-0.059312789047111236,5.791032749526202,0.0,-1,0.02213917917743924
470.46,1.2854850051571702,0.19121478862067942,12.68658633363328,0.0,-1,-0.013795009139990544
463.97,0.9540064988486847,-0.04675457256260196,6.45512189684451,0.0,-1,-0.0973769855809643
418.79,-3.056233295876268,-1.3523314557625186,-18.08476533589594,15.659737484179061,-1,-0.01368227512595821
413.06,-5.2841670852490665,-1.193421748378439,-19.92686771653751,12.280131061900818,-1,0.0001694669055343212
413.13,-5.951953389498044,-0.6204026842091386,-19.872125725851355,4.901758224778064,-1,-0.017645777358216597
405.84,-6.397350425831064,-0.35526657351405255,-22.37461291194004,3.8914874847208125,-1,0.011186674551547426
410.38,-5.708603075178246,0.11116025904625548,-18.440880832946664,0.0,-1,-0.004971002485501308
408.34,-5.058512476920384,0.2537502857680387,-19.274652498088642,0.0,-1,0.017583386393691613
415.52,-3.7135911380480593,0.5328905415467879,-12.787593280294601,0.0,-1,0.005102040816326481
417.64,-2.554997873774596,0.5638279352734172,-10.916157558114833,0.0,-1,0.021334163394310934
426.55,-1.0202847521566127,0.6995136856304669,-3.4733347299367665,0.0,-1,-0.02323291525026383
416.64,-0.9937377953345958,0.24202021415082786,-9.576956699186653,0.0,-1,-0.007680491551459223
413.44,-1.1643195006457177,0.02381283627990194,-11.394036143464213,0.0,-1,0.02931501547987625
425.56,-0.14258372824741627,0.3485162028927345,-1.6275836908308747,0.0,-1,0.022511514240060038
435.14,1.178499468638961,0.556533133259704,4.701167770875834,0.0,-1,0.023969297237670606
445.57,2.6099994446955748,0.6626777031054392,10.551060047976854,0.0,-1,0.023879525102677546
456.21,3.9949161456659112,0.6825314680252585,15.588190340122125,0.0,-1,-0.020451108042348842
446.88,3.5769648173455835,0.08819337990164344,8.331352780225643,0.0,-1,0.010920157536698838
451.76,3.4765754184066395,-0.004065339679100166,10.848811579847762,0.0,-1,-0.005888082167522457
449.1,2.914999434069898,-0.18854710800528052,8.700896964899073,0.0,-1,-0.0034736138944555517
447.54,2.2612948223957687,-0.2807505732264701,7.381019467293257,0.0,-1,-0.010457165839924953
442.86,1.3560012813589992,-0.39534803808774654,3.3802096459752633,0.0,-1,0.012328952716434083
448.32,1.2453544040607198,-0.1686649717953419,7.244550322255819,0.0,-1,0.01643915060670942
455.69,1.7004180984064874,0.09546624085014188,11.972135512841888,0.0,-1,0.032917114705172335
470.69,3.0362484373788448,0.477098859940833,19.578957311200995,0.0,-1,0.004546516815738588
472.83,3.629476237083452,0.35677555321514687,20.51392849086956,0.0,-1,0.0070215510860138775
476.15,3.900300450512134,0.20919992221460948,21.997481348970354,0.0,-1,0.01268507823164966
482.19,4.214020853017132,0.1743067749065359,24.582562710146803,0.0,-1,0.021837864742114244
492.72,4.897212649851497,0.28583285724696683,28.43831210918495,0.0,-1,-0.006555447312875495
489.49,4.5615408274478,-0.016612988385576344,24.582248808331073,0.0,-1,-0.001777360109501691
488.62,3.9410765139586488,-0.21235910062490948,23.50085831702691,0.0,-1,-0.011706438541197683
482.9,2.825754647717474,-0.4425603222886947,16.46123023344876,0.0,-1,-0.01269413957341059
476.77,1.5217808272871025,-0.5821780475730223,9.657539302412246,0.0,-1,-0.0015521110808146554
476.03,0.6813121814646479,-0.4742155644651591,8.849472048817397,0.0,-1,0.046992836585929565
498.4,2.0684685100980573,0.30431358805608344,21.71708715216451,0.0,-1,0.04069020866773676
518.68,4.279674298573241,0.8385064588437556,28.49174402785873,-5.827676411117977,-1,-0.01939538829335996
508.62,4.190304334596419,0.24971216495564486,19.33756735414218,0.0,-1,0.009673233455231633
513.54,4.2064273247249275,0.08861171836138482,21.1649940660608,0.0,-1,-0.00029209019745291
513.39,3.8514532093954585,-0.08878746565602791,21.021607815565446,0.0,-1,0.025536142114182203
526.5,4.4455117176144086,0.1684236808543078,25.76375791078813,0.0,-1,-0.02605887939221274
512.78,3.228748328589404,-0.3494465693902322,13.65165339802197,0.0,-1,-0.015386715550528507
504.89,1.6938042733610814,-0.6281302082061848,7.752258638517127,0.0,-1,0.001861791677395086
505.83,0.8635152229668392,-0.486139752866809,8.264310212534944,0.0,-1,0.020837040112290817
516.37,1.2547444291891452,-0.03163684888150109,13.739665045909575,0.0,-1,-0.005170710924337074
513.7,1.1232969965345774,-0.054361427178689636,11.469827331966165,0.0,-1,0.006093050418532142
516.83,1.2247985304960594,0.01571336892759745,13.177816587689108,0.0,-1,0.008881063405761891
521.42,1.5559827532687223,0.11563253056675338,15.658275926150708,0.0,-1,-0.01950443020981163
511.25,0.7444096352161296,-0.23198019582861318,6.318445484276161,0.0,-1,-0.0008997555012224545
510.79,0.23825560658849554,-0.24604474148541577,5.918684109895409,0.0,-1,0.02261203234205844
522.34,0.9278239583921959,0.1478412034394282,13.205176810892972,0.0,-1,-0.004154382203162776
520.17,1.0144561377613854,0.07815779426953928,11.09694332508144,0.0,-1,-0.023011707710940632
508.2,-0.024265784034128046,-0.3201880425086581,0.7265884344348308,0.0,-1,-0.004073199527744986
506.13,-0.7141045962624162,-0.33667561824564884,-0.8755695899877978,0.0,-1,-0.008713176456641492
501.72,-1.367015286021342,-0.3298621026681916,-4.292842342210989,0.0,-1,-0.007593877062903598
497.91,-1.8970526903989935,-0.286633169015281,-7.153965952596323,0.013826407532349094,-1,-0.047036613042517716
474.49,-3.9556503350545995,-0.7817436045569623,-19.986003863623097,13.704842181602714,-1,0.009315264810638935
478.91,-4.28697829612787,-0.3710238552100775,-15.85042365745717,3.705668909733049,-1,-0.022739136789793557
468.02,-5.00289408532052,-0.36231321480090894,-20.605471122983616,6.7290401859193025,-1,0.04873723345156189
490.83,-3.0431108061401346,0.5324900214598256,-3.3250084789857937,0.0,-1,0.01240755455045539
496.92,-1.3021265993716042,0.7578247427427853,0.28457945068489465,0.0,-1,-0.010303469371327423
491.8,-0.7497906127063629,0.4367202431360089,-2.7059193920032882,0.0,-1,-0.003456689711264671
490.1,-0.5528067349815728,0.2112347069535997,-3.7212944023979944,0.0,-1,0.04748010610079567
513.37,1.5309190984626753,0.7649868467992826,9.502425666657167,0.0,-1,0.002629682295420599
514.72,2.5577054236462686,0.597257723994292,10.134974559823675,0.0,-1,-0.0033416226297793283
513.0,2.7146231342675264,0.25139181153851675,8.834067905130269,0.0,-1,-0.004931773879142232
510.47,2.3560300617225494,-0.035733753668820256,6.824940139878521,0.0,-1,-0.01290967147922506
503.88,1.431231020306484,-0.3201775983616286,1.7139100505160627,0.0,-1,-0.018119393506390358
494.75,0.08872891457286869,-0.5542265680317481,-4.575405226632846,0.0,-1,-0.01594744820616467
486.86,-1.2474162145082914,-0.6301238990376361,-9.325300748240053,0.0,-1,-0.01799285215462354
478.1,-2.5415374278398417,-0.6414150374563956,-13.97269356446182,0.0,-1,0.005877431499686336
480.91,-2.7426365821856393,-0.2808380639340644,-11.469444710085007,0.0,-1,0.05339876484165429
506.59,-0.47463311084305815,0.6623884691361723,6.009478937914793,0.0,-1,0.02422077024812963
518.86,1.7214213840651382,0.9528143213481228,11.779285240177138,0.0,-1,-0.019986123424430513
508.49,1.8118301828471317,0.34774104004337225,5.004548606326296,0.0,-1,-0.030266081928848165
493.1,0.42354873366753054,-0.3468468030454097,-3.4186815605282845,0.0,-1,-0.01892111133644303
483.77,-1.083387718727863,-0.6179277518136013,-7.774369164800433,0.0,-1,0.0008475101804577001
484.18,-1.7124069683649168,-0.4156490004835516,-7.51178923376893,0.0,-1,0.012371432112024516
490.17,-1.3850493458197093,-0.029430459312781432,-3.5602239758393637,0.0,-1,0.0008568455841850842
490.59,-1.0709497557287477,0.0948897102593933,-3.275045941692973,0.0,-1,-0.021586253286858592
480.0,-1.7071541477059213,-0.18043822723926017,-9.340215168216474,0.0,-1,0.0064791666666665915
483.11,-1.6238268313856565,-0.0323703036396652,-6.9289278396707985,0.0,-1,0.009314648837738915
487.61,-1.071844270610086,0.17320408571196855,-3.4378582490266467,0.0,-1,0.004593835237177268
489.85,-0.5198659676714215,0.2417274628835444,-1.6848586006212116,0.0,-1,0.005124017556394689
492.36,0.008612014437176185,0.25673514833071404,0.3432637480076153,0.0,-1,0.006194654317978721
495.41,0.5263000042883732,0.25814104606063704,2.8417234641994398,0.0,-1,0.020811045396742056
505.72,1.6004523321899455,0.44409779132073646,10.337121868062269,0.0,-1,-0.033793403464367655
488.63,0.5799908017915527,-0.1921212463592188,-3.3260672882302202,0.0,-1,0.06493665964021855
520.36,2.665594136443076,0.6311606960974347,13.653206045541452,-2.347745709093374,-1,0.002652010146821482
521.74,3.6012629590651954,0.5222765062398516,14.203989237014824,0.0,-1,-0.01920496799172
511.72,2.9339921237875046,-0.04833144301261294,7.209889748601107,0.0,-1,0.01178378800906743
517.75,2.858357362499646,-0.04132206810015715,10.115148717872302,0.0,-1,-0.006354418155480324
514.46,2.308176868314092,-0.1971675207619037,7.738615508603033,0.0,-1,0.032266842903238224
531.06,3.224071882195176,0.23957583103972668,15.405756942644118,-0.7415636020241436,-1,0.025194893232403315
544.44,4.5283467322860815,0.5146168937102109,20.240954923739068,-6.477490007328242,-1,-0.019947101608992712
533.58,3.8981219296410927,-0.038535969644926116,12.378204332360987,0.0,-1,0.01354998313280098
540.81,3.860666034181804,-0.025330621701404876,15.25520405984419,0.0,-1,-0.011982026959560521
534.33,2.980215916937027,-0.30192691298206054,10.637404251176108,0.0,-1,-0.011397451013418713
528.24,1.784139531903179,-0.49933443267196953,6.464886561142222,0.0,-1,0.01944192033923975
538.51,1.8932563783943124,-0.13007252872694552,11.436979820543328,0.0,-1,-0.0007799298063173588
538.09,1.7550434367738035,-0.08942849011581822,11.11979106443092,0.0,-1,0.00955230537642393
543.23,1.9680166795656078,0.04118158422532869,13.670268211498836,0.0,-1,-0.04778822966331031
517.27,-0.2528314223355892,-0.7265555058919559,-3.4615604778207825,0.0,-1,0.00405977535909674
519.37,-1.1671861880915912,-0.5469700905493194,-2.199144376262673,0.0,-1,-0.001983171919825888
518.34,-1.6129313886285672,-0.33090509702876525,-2.806466096561678,0.0,-1,0.008276420882046498
522.63,-1.3438930398447155,-0.02062224941497126,0.12601213166490766,0.0,-1,0.010007079578286726
527.86,-0.6615494454656528,0.2205737816546972,3.6152068261993264,0.0,-1,-0.00968059712802638
522.75,-0.691081861154089,0.06368045532208699,-0.16942557794862267,0.0,-1,0.005624103299856742
525.69,-0.4032579139020527,0.1171681341913744,1.9967338941559447,0.0,-1,-0.007761228100211182
521.61,-0.5657411141175999,-0.015105022008057634,-1.2489456159929446,0.0,-1,-0.0031632829125207707
519.96,-0.7373376213822667,-0.06223384309090818,-2.5790361944476814,0.0,-1,0.008654511885529681
524.46,-0.3866910732326687,0.09613756835289661,1.4360704477865625,0.0,-1,-0.013289860046524105
517.49,-0.7599768763885777,-0.09238274493433751,-4.538491408805825,0.0,-1,0.013314266942356268
524.38,-0.30912170493411395,0.1194908088400421,1.632259471295825,0.0,-1,-0.002059575117281387
523.3,-0.14793397712912792,0.09355951221500938,0.6344603819466244,0.0,-1,-0.003611695012421201
521.41,-0.2125122817991496,0.009660402514995892,-1.1993039794589322,0.0,-1,-0.002301451832530943
520.21,-0.3270920773176158,-0.03497313100115679,-2.415052825613486,0.0,-1,-0.00911170488841051
515.47,-0.752124301967001,-0.15333511855018067,-7.105108612662249,0.0,-1,0.008788096300463621
520.0,-0.5244633891278454,0.024775264762991633,-1.694680585389996,0.0,-1,-0.015903846153846102
511.73,-1.056094316947565,-0.168951887685576,-9.481721334907945,0.0,-1,0.00463134856271874
514.1,-1.0364019211118602,-0.0497531639499571,-6.577551788535644,0.0,-1,0.012682357517992626
520.62,-0.39685556310132597,0.19659773135352576,0.7697403097719615,0.0,-1,-0.0010372248472974022
520.08,-0.08901108717100215,0.1681474024279499,0.17018055435076462,0.0,-1,-0.004710813720966045
517.63,-0.13183792527490823,0.04177352144134794,-2.6487770661850263,0.0,-1,-0.0036126190522187684
515.76,-0.2980981838873049,-0.04149557905701623,-4.802502255035975,0.0,-1,0.006204436171862948
518.96,-0.08972013120285283,0.055627491209145286,-0.44032946536427175,0.0,-1,0.008536303375982657
523.39,0.39111223940619766,0.17881995393939865,5.061783993285118,0.0,-1,0.0008406733028909485
523.83,0.6356024047602205,0.14110337309780718,5.596320081713536,0.0,-1,-0.008533302789072827
519.36,0.3323806203738968,-0.054039470429505465,-0.9848601851773751,0.0,-1,0.001155268022181133
519.96,0.20307134314953146,-0.06111624921795694,-0.10035624470219062,0.0,-1,0.015578121393953204
528.06,0.7964940926082136,0.17743550008024167,10.244926393461832,-0.12106830063135021,-1,0.0024429042154301417
529.35,1.134330959620229,0.17175745569741907,11.646353113961851,-0.33121487896892177,-1,0.008198734296779087
533.69,1.5703884798246008,0.20260499196726367,16.111971845997203,-2.116271023394347,-1,0.001480260076074158
534.48,1.7233848666079439,0.11853379291686883,16.891635967664172,-0.8711688855763668,-1,-0.01783041460859147
524.95,0.8621009877823553,-0.2475833619695733,1.1255873763455142,0.0,-1,0.015887227354985933
533.29,1.0546172993877008,-0.0183556834547427,10.238282131523924,0.0,-1,-0.00039378199478690146
533.08,1.0454906802413007,-0.009160767533714198,9.925682117693505,0.0,-1,0.02078487281458674
544.16,1.8771364806481188,0.27416167762436805,19.273454146578715,-3.380038482294367,-1,0.025893119670685083
558.25,3.3106980074641115,0.5692410681467868,26.89016595477031,-9.792518663041164,-1,-0.020080609046126408
547.04,2.817420603583514,0.025321221422063278,13.069596320813062,0.0,-1,0.03153334308277267
564.29,3.7734968513444755,0.32713248972767506,21.751141440749976,-6.621933071042349,-1,-0.01125307909053841
557.94,3.4079102376130095,-0.012818041334596852,15.457334663760946,0.0,-1,0.011506613614367112
564.36,3.476124410946227,0.018465377332873345,18.55578241771984,0.0,-1,-0.018463392161031877
553.94,2.3522211300339677,-0.36847930119312844,9.010140049573955,0.0,-1,-0.05572805719030938
523.07,-0.9782489379249455,-1.2329831230506807,-9.53608039959991,0.0,-1,0.014204599766761472
530.5,-1.9427965604106703,-0.7325102485121353,-4.920043030113483,0.0,-1,-0.0014326107445805647
529.74,-2.3265039916193473,-0.37207255990693744,-5.313814844378996,0.0,-1,0.007003435647676248
533.45,-2.0153157079221273,-0.020294758736572494,-2.8116898247557103,0.0,-1,-0.038953978817133916
512.67,-3.4234452570799476,-0.47614143596479774,-13.177770763572845,0.0,-1,0.0008582518969317832
513.11,-3.805556260235562,-0.2860841463734709,-12.852930149478368,0.0,-1,-0.011167196117791489
507.38,-4.156982073460426,-0.2125033198661117,-15.425247467000005,0.0,-1,-0.0046316370373290505
505.03,-4.18211314061773,-0.07921146234113863,-16.482886144911156,0.0,-1,0.024216383185157397
517.26,-2.82700257914496,0.42529969971054404,-6.490489447491576,0.0,-1,0.02056992614932529
527.9,-1.0271970834797912,0.7417017317919044,0.6757736137913426,0.0,-1,0.010380753930668618
533.38,0.41497208797602525,0.7279569677492403,4.014169697115868,0.0,-1,-0.007161873336083202
529.56,0.7831423330393363,0.36537573760418385,1.3236545114644258,0.0,-1,-0.0003399048266484739
529.38,0.8869655944844226,0.15639966634975666,1.1901546492627944,0.0,-1,-0.005761456798518916
526.33,0.610796758999868,-0.039923056378265986,-1.1996951382288543,0.0,-1,0.005452852772975136
529.2,0.6609792780076305,0.003419820876498836,1.1831376792742248,0.0,-1,0.003061224489795844
530.82,0.7659889310108383,0.036143157959902195,2.5676333452902185,0.0,-1,0.014901473192419301
538.73,1.41382801326165,0.22799408007023803,8.892631136718713,0.0,-1,-0.004789040892469454
536.15,1.4049285532818203,0.07303154003013601,6.1777510861915275,0.0,-1,-0.024508066772358506
523.01,0.18840144385171698,-0.38116518979998915,-5.445219672056091,0.0,-1,0.004244660713944359
525.23,-0.2505622311842899,-0.2733762882786654,-3.372293838893256,0.0,-1,0.015497972316889763
533.37,0.22916945056306304,0.0687851311562292,3.6826319438514474,0.0,-1,-0.004124716425745856
531.17,0.2666045038898801,0.03540672816101542,1.6330734174979398,0.0,-1,-0.0029933919460811698
529.58,0.1306049885623679,-0.033530929055498926,0.09714342516686969,0.0,-1,0.004154235431851561
531.78,0.2350548151850944,0.023639632522409193,2.2795277041865205,0.0,-1,0.0039678062356613975
533.89,0.4435251605643771,0.07736999263389727,4.40446163324598,0.0,-1,0.014703403322781972
541.74,1.1649665698736271,0.2662704673143824,11.492564151329951,0.0,-1,0.015856314837375818
550.33,2.144440060372176,0.4152479859376439,17.613912857987728,-1.8752826141799233,-1,-0.00012719640942715493
550.26,2.449640133923708,0.24014935316305852,17.516732989801156,-1.5742173185292359,-1,0.010776723730600235
556.19,2.89227015953918,0.22759312625951011,21.387603275027544,-3.9700525726270826,-1,0.0005034250885487257
556.47,2.8958959923853627,0.07707298636856441,21.565372788382817,-0.576407740880768,-1,-0.0062177655578917745
553.01,2.3680509094430136,-0.1502573655245949,15.940283584478479,0.0,-1,-0.01730529285184701
543.44,1.1092907921848791,-0.46967249426090985,3.1109552890577845,0.0,-1,0.023204033563962723
556.05,1.4383031675403117,-0.046886706301825676,13.506164933874288,0.0,-1,0.00523334232533057
558.96,1.725450757923113,0.08008696136032523,15.469096685395257,0.0,-1,0.0014133390582509175
559.75,1.791070323287613,0.0485688422416084,16.020406179010223,0.0,-1,-0.011987494417150524
553.04,1.1154575790292256,-0.20901463400559295,7.375384960117593,0.0,-1,0.0022240705916389825
554.27,0.78719640864756,-0.17909193479575292,8.48266487718945,0.0,-1,-0.006134194526133396
550.87,0.2741327894027563,-0.23071851801351895,4.16133325099031,0.0,-1,0.003394630312051783
552.74,0.15058991399689603,-0.11808713113979308,6.141773256976158,0.0,-1,-0.0037630712450701376
550.66,-0.09706401653920693,-0.12191368722529869,3.2959797590399162,0.0,-1,0.004249446119202416
553.0,-0.017802313762331323,-0.014217328149474365,6.078898305542012,0.0,-1,0.016907775768535194
562.35,0.8024787304395886,0.2686879053508152,15.26726729467994,0.0,-1,-0.0016715568596070707
561.41,1.0674126916705973,0.1778739555272747,13.776869720603472,0.0,-1,-0.005076503802924792
558.56,0.8734286146469685,-0.005370040498784645,9.221139852148617,0.0,-1,0.011565454024634825
565.02,1.2419841915811958,0.12106184547848087,15.438821195348652,0.0,-1,-0.00920321404552038
559.82,0.889429964083206,-0.07716412733983635,7.585794755348651,0.0,-1,-0.0012146761459042033
559.14,0.5823670199938533,-0.12807569047639633,6.598895976143879,0.0,-1,0.009460957899631417
564.43,0.8211382962831522,0.03689852860430087,12.198648385081952,0.0,-1,0.013199156671332313
571.88,1.4929290764041525,0.23622976957510033,18.548547755013672,-2.068990888735925,-1,0.02290690354619862
584.98,2.79608037676428,0.5131270233117426,26.320155519381586,-8.669541771735453,-1,-0.011162774795719477
578.45,2.6704826622141127,0.12917643625385855,17.13254348257577,0.0,-1,0.01434869046590026
586.75,3.0768102497544305,0.1785013412647256,21.908503465887065,-3.329528032035455,-1,-0.004720920323817657
583.98,2.7927398560451593,-0.03518968414818202,18.23194480601613,0.0,-1,-0.004263844652214077
581.49,2.2104763378532652,-0.20581773411335869,14.916851431881469,0.0,-1,0.0045228636777931985
584.12,1.9543048839362882,-0.15399639601011206,16.809358679400248,0.0,-1,0.007481339450797764
588.49,2.0275270833164996,-0.02692473220996705,19.81547960980049,0.0,-1,-0.0142568267939982
580.1,1.1960109260635363,-0.2861469631543101,8.51065611643643,0.0,-1,3.4476814342321305e-05
580.12,0.6822519369317206,-0.2666353174287086,8.528442511373058,0.0,-1,-0.008343101427291
575.28,-0.034815219045185586,-0.3279008244685383,2.479069717880897,0.0,-1,-0.02560492282019189
560.55,-1.6179475287798368,-0.6370110447343965,-11.11246902099385,0.0,-1,0.001730443314601704
561.52,-2.1938513895821643,-0.4043049685122415,-9.975925846016729,0.0,-1,0.0021192477560907363
562.71,-2.199815704184857,-0.1367564277049782,-8.49308895391821,0.0,-1,-0.004460556947628369
560.2,-2.2286465528040935,-0.055195758774738035,-10.766399851805787,0.0,-1,-0.019992859692966825
549.0,-2.99067476438006,-0.27240799011690164,-19.144913472189618,0.0,-1,-0.056684881602914405
517.88,-5.715799306469762,-0.9991775107355343,-31.40483875145477,17.955977588650626,-1,0.029968332432223743
533.4,-5.308711635308782,-0.1973632798581848,-16.7156338108002,0.0,-1,-0.0034683164604424332
531.55,-4.816941830119276,0.09813550844377339,-17.492540047684955,0.0,-1,-0.0076944784121906196
527.46,-4.51047844168113,0.13486629896063995,-19.25535555217786,0.0,-1,0.010086072877564023
532.78,-3.5380402106553674,0.3691015099954673,-14.22204452847388,0.0,-1,-0.0022147978527721213
531.6,-2.8553177442545348,0.35060799213210014,-14.851599754091296,0.0,-1,-0.002276147479307822
530.39,-2.376846699032967,0.2763596791178893,-15.54241825914707,0.0,-1,-0.015535737853277776
522.15,-2.6262072848360276,0.008999697771609583,-20.00339389747857,0.0,-1,0.015953270133103548
530.48,-1.8378703040011715,0.26577889286882206,-11.115985170534366,0.0,-1,0.00978359221836822
535.67,-0.8580459549169746,0.41520108065100647,-6.178497497301379,0.0,-1,0.017081412063397305
544.82,0.46587004920149866,0.5797056949231599,1.4973738676503388,0.0,-1,-0.021566755992804998
533.07,0.10983888049395318,0.07455817540520485,-6.904299213937648,0.0,-1,-0.0030202412441142634
531.46,-0.21149661056767854,-0.08225910521880897,-7.948790187155765,0.0,-1,-0.028826252210890857
516.14,-1.6312063052178019,-0.5006562666229775,-16.52635690688428,0.0,-1,0.018812725229588878
525.85,-1.3959606271081384,-0.08847019617110474,-8.170241458456843,0.0,-1,-0.008899876390605854
521.17,-1.552007735794291,-0.08150576828575251,-10.806618600955169,0.0,-1,-0.006197593875318819
517.94,-1.7698639788211494,-0.09978733710420373,-12.613585339007955,0.0,-1,-0.0005599104143338973
517.65,-1.7554701020994798,-0.028464486794178123,-12.784748912195319,0.0,-1,-0.008924949290060824
513.03,-1.9869839885636793,-0.0866594577527926,-15.574581972446232,0.0,-1,-0.004288248250589599
510.83,-2.120492266082124,-0.07338924509041256,-16.88793571316127,0.0,-1,0.014525380263492815
518.25,-1.3922053826678393,0.21829921277462394,-8.521227306583128,0.0,-1,-0.015590931017848475
510.17,-1.5853781590717517,0.008375478790237256,-13.973677627755535,0.0,-1,0.005468765313523027
512.96,-1.3173497006843036,0.09213464572589514,-10.902188032360868,0.0,-1,-0.005166094822208422
510.31,-1.2943896631003327,0.038364894436621944,-12.787716993288463,0.0,-1,-0.014951696027904582
502.68,-1.8108771723832433,-0.15937420494876298,-17.76154862468603,0.0,-1,0.009011697302458765
507.21,-1.5407144959928019,0.03692949048055949,-12.270930089499956,0.0,-1,0.016916070266753458
515.79,-0.562240283131473,0.33846790111396285,-3.199208803181783,0.0,-1,-0.005176525330076065
513.12,-0.24864981977322032,0.21735278815740522,-5.443586951524004,0.0,-1,-0.005905051449953236
510.09,-0.323633769779633,0.0474562793836642,-7.98423203439345,0.0,-1,0.040933952831853304
530.97,1.405843736032125,0.5923112617318075,9.637742916839287,0.0,-1,-0.010245399928432986
525.53,1.7000955109352844,0.2955210122116556,4.815246257678197,0.0,-1,-0.011778585428043997
519.34,1.1897134391422242,-0.07162035319380156,-0.2690062808088385,0.0,-1,0.0021950937728656417
520.48,0.9303796166504981,-0.11031805856184262,0.6673304380638427,0.0,-1,-0.0005571779895480189
520.19,0.6990144040171344,-0.11389442373173542,0.40197381231642737,0.0,-1,-0.002018493242853747
519.14,0.4375805973656952,-0.12510941012772492,-0.6380493663998621,0.0,-1,0.0012135454790616063
519.77,0.32289864425945325,-0.0799304544113223,0.04909435358730008,0.0,-1,-0.005463955210958771
516.93,0.0019827806846706153,-0.13361543932870165,-3.1361575870840426,0.0,-1,0.0264639312866346
530.61,0.9813596171735526,0.28192046572006013,10.36455176192829,0.0,-1,-0.009215808220727095
525.72,0.9817680673203313,0.09410963862227961,4.831360116106566,0.0,-1,-0.00038043064749304634
525.52,0.8834916201169563,-0.001388936193698509,4.603904816328928,0.0,-1,0.018610138529456588
535.3,1.5757290948389482,0.23028284617609773,12.953737781179463,0.0,-1,-0.003810947132449005
533.26,1.6205370742966352,0.09169694187792832,10.379790231796825,0.0,-1,-0.004031804373101244
531.11,1.328729641167456,-0.06670349708375034,7.620963223357165,0.0,-1,-0.01596656059949919
522.63,0.36543178783892927,-0.34333378347075905,-1.9920753346975175,0.0,-1,0.00740485620802489
526.5,0.1758302121880888,-0.17764511970719987,2.0632126303665714,0.0,-1,-0.0125925925925926
519.87,-0.4861230933196339,-0.27986614173830754,-4.667408522891165,0.0,-1,-0.0001154134687518793
519.81,-0.7815894882969587,-0.19177751223854422,-4.7262611368356175,0.0,-1,0.021180816067409403
530.82,0.05330977157257166,0.21437391587699542,6.727763468973912,0.0,-1,0.019159036961681863
540.99,1.3138169205428767,0.49162702161576677,14.379405169022107,-2.1071422797786,-1,-0.01885432263073261
530.79,0.9845857516494334,0.05413195090744116,3.781604493911459,0.0,-1,-0.035400064055464475
512.0,-0.8279119787680429,-0.586121926503345,-9.772619059774314,0.0,-1,0.00570312499999992
514.92,-1.421834845746048,-0.39334826449378335,-7.27999147819785,0.0,-1,-0.015866542375514547
506.75,-2.2811433754228574,-0.417552264723531,-12.182762467057714,0.4193523269373145,-1,-0.001795757276763732
505.84,-2.5965356923094305,-0.2443148605367016,-12.712367270659719,0.0,-1,-0.005733038114818845
502.94,-2.7795205430602437,-0.1424332370958381,-14.47402763772638,0.0,-1,0.01650296258002948
511.24,-1.9477195898472814,0.2297892387057079,-6.0525157498229305,0.0,-1,0.00023472341757302395
511.36,-1.3595091474202263,0.27266656037758774,-5.935147481566325,0.0,-1,0.005925375469336691
514.39,-0.6996114972550345,0.3108547368475931,-2.83153365202665,0.0,-1,0.0005832150702775873
514.69,-0.2863617140677661,0.24136817334495386,-2.511003180164394,0.0,-1,-0.006644776467388258
511.27,-0.3408733463018052,0.06228551370363827,-5.900042573052048,0.0,-1,-0.017368513701175536
502.39,-1.0797230502270168,-0.2255213967405244,-13.429430815901114,0.0,-1,-0.007723083660104657
498.51,-1.682504314670723,-0.27610088706141034,-16.228705281167763,0.0,-1,0.006639786563960692
501.82,-1.5678529206700205,-0.053816497686902665,-11.748538279738959,0.0,-1,0.01813399226814405
510.92,-0.6215394802804894,0.2974989809008761,-1.1738632233223996,0.0,-1,-0.02019885696390822
500.6,-0.9565878033957347,-0.012516447404789743,-9.840070742145592,0.0,-1,0.016939672393128102
509.08,-0.33772964800368754,0.20211390266241913,-1.4952413109494032,0.0,-1,-0.0016303920798302896
508.25,-0.06932309964065553,0.15684015034181706,-2.219864903553024,0.0,-1,0.010211510083620423
513.44,0.5031570995108723,0.24310678316444828,2.6905969923189943,0.0,-1,-0.010322530383297113
508.14,0.30580077412736273,0.01525015259364626,-2.389323934460549,0.0,-1,-0.011256740268429932
502.42,-0.29502745307496525,-0.19519269153622726,-7.323251875554661,0.0,-1,0.006249751204171705
505.56,-0.3091892789198596,-0.06978483912704053,-3.9153137533569904,0.0,-1,0.011749347258485532
511.5,0.2044955814009768,0.1479666737312653,2.0736235117825075,0.0,-1,-0.00965786901270771
506.56,0.03263004644469447,-0.00796628707500567,-2.7738775237819837,0.0,-1,0.027597915350600077
520.54,1.1089781084294827,0.35612725830326086,9.175785573110375,-0.976867129665834,-1,0.030641257156030388
536.49,2.8839039637193764,0.7103510378643851,18.280624890451236,-9.88943373789516,-1,0.021435627877500085
547.99,4.489374894387765,0.7719406561775917,23.088817666253803,-12.384329784138686,-1,0.003375974014124372
549.84,5.072162451856229,0.45157607121535204,23.798739944340497,-6.862892181670873,-1,0.004292157718609024
552.2,5.137542692935767,0.1723187707649636,24.74313820626466,-2.640067340626615,-1,0.002191235059760821
553.41,4.842937589064263,-0.04076211103551319,25.25131632843356,0.0,-1,-0.012829547713268719
546.31,3.700390238039745,-0.39443648735334413,16.524627388067486,0.0,-1,-0.0022880781973604325
545.06,2.716584042690897,-0.45941422756739714,15.0489718694147,0.0,-1,0.0046783840311159786
547.61,2.210798941458961,-0.32173310959977774,16.72216200971478,0.0,-1,0.0020452511824109454
548.73,1.867006479054794,-0.22184185733464812,17.48186921829499,0.0,-1,-0.004045705538242905
546.51,1.3545263745980947,-0.2447739872637824,14.251395931475955,0.0,-1,0.03851713600849016
567.56,2.739575791153243,0.38009180976378865,26.236578205235077,0.0,-1,-0.024860807667911544
553.45,2.027969183501341,-0.11050493262937122,11.00391985864433,0.0,-1,0.0065046526334806565
557.05,1.8031684477169847,-0.11176855613790915,13.094361314313339,0.0,-1,-0.004272506956287558
554.67,1.342170709181687,-0.1909220982244022,10.703985386615486,0.0,-1,0.0005408621342422038
554.97,1.024824280815551,-0.169422842196846,10.911394399489929,0.0,-1,-0.015874731967493894
546.16,0.04658237656451547,-0.3825549154826272,1.9622905276084452,0.0,-1,-0.010454811776768547
540.45,-0.922253773607963,-0.4504636885517019,-3.0094579819952045,0.0,-1,-0.004773799611434981
537.87,-1.544817367560313,-0.3576757608346839,-5.163213638551426,0.0,-1,-0.004536412144198532
535.43,-1.9306977172396955,-0.24785203683802215,-7.223460385925726,0.0,-1,-0.02220645088993889
523.54,-2.9535797489761535,-0.42357802285816026,-15.745631407092695,4.846194841595548,-1,-0.0004775184322114434
523.29,-3.239722452429646,-0.2365735754372178,-15.904325050938745,2.074858757567654,-1,0.01794416098148255
532.68,-2.330316933120571,0.2242773146239525,-5.226678021552658,0.0,-1,-0.0112262521588945
526.7,-2.179754429039349,0.12494660623505816,-9.831761554280313,0.0,-1,0.006797038162141389
530.28,-1.6244936412455218,0.2267357980096285,-6.00043699650729,0.0,-1,0.00018857961831497683
530.38,-1.2031554439114416,0.21602466511456964,-5.889360861172001,0.0,-1,0.012349636109958873
536.93,-0.34639005825181357,0.3575966835913993,1.1607666734442716,0.0,-1,0.006257798968208217
540.29,0.39085847276567165,0.3649484048696282,4.436724031945701,0.0,-1,0.00960595235891848
545.48,1.159411198877251,0.37783371032706914,9.14051352246166,0.0,-1,-0.0009349563687027773
544.97,1.4045699620266987,0.20766415782550562,8.481323782666784,0.0,-1,0.03152467108281187
562.15,2.8417685134324984,0.5482875697437684,20.703559967310767,0.0,-1,0.005674641999466434
565.34,3.5893870796827514,0.4319687119980071,22.38097500129848,0.0,-1,-0.0004952771783353072
565.06,3.640747439500956,0.1611096906054037,21.97903931631886,0.0,-1,-0.014051605139277168
557.12,2.7013653327850307,-0.259424138703507,11.260562378317992,0.0,-1,0.006066915565766884
560.5,2.2882271683615727,-0.22418743437565514,13.809588256240936,0.0,-1,-0.015200713648528041
551.98,1.1809724887864377,-0.44381403798359687,3.8800450882306876,0.0,-1,0.008442334867205359
556.64,0.917264108266636,-0.23584080616779945,7.864721066930528,0.0,-1,-0.009557344064386242
551.32,0.26563790898455863,-0.2958223351499589,2.149447116673798,0.0,-1,0.014945947906841672
559.56,0.6043549835947033,0.014298246486728616,9.101370996666247,0.0,-1,0.0063978840517551205
563.14,1.02168393893362,0.1438757339418818,11.781784276925634,0.0,-1,0.016692119188834065
572.54,1.928541421691989,0.3502444055667502,17.91629397016918,0.0,-1,0.0029168267719286156
574.21,2.360425044596809,0.2607093428238567,18.901649397777277,0.0,-1,-0.01704951150276046
564.42,1.5638314356662022,-0.17862808870225,7.415791210194001,0.0,-1,-0.0022500974451649114
563.15,0.9293820115619837,-0.27102583760215615,6.068591449073558,0.0,-1,-0.01868063570984635
552.63,-0.3419578681202893,-0.5141219057614764,-3.8893844809105147,0.0,-1,-0.010531458661310555
546.81,-1.4341313189513585,-0.5354317855308486,-8.427940514781724,0.0,-1,-0.0011887127155684185
546.16,-1.9148737677876397,-0.33872474478904335,-8.929582368212927,0.0,-1,0.002270396953273801
547.4,-1.892338844890105,-0.10539660729716949,-7.459901898378632,0.0,-1,0.002192181220314282
548.6,-1.6233764797004824,0.0545219192974844,-5.9592549320003485,0.0,-1,0.03487057965730944
567.73,0.24055274286934036,0.6394837139557692,11.739856500352232,0.0,-1,0.014302573406372865
575.85,1.829137958915112,0.742689643333847,16.706246787694297,0.0,-1,-0.0027785013458366814
574.25,2.3376690703616987,0.41707358492681124,14.862879319497111,0.0,-1,0.017205050065302485
584.13,3.2204622035549164,0.4332889060400098,20.46309606581994,-0.9964865769322842,-1,0.015476007053224494
593.17,4.146820253188594,0.45321565189122914,24.581733568790696,-4.070052386107591,-1,0.002073604531584561
594.4,4.3669309235730225,0.22444210742521964,25.10650317988312,-0.08296048897830133,-1,0.001598250336473761
595.35,4.192242015134184,0.016584399662127325,25.539871802002352,0.0,-1,-0.021130427479633895
582.77,2.707210726320227,-0.48948229638394336,10.136261902358555,0.0,-1,-0.014465398012938113
574.34,1.0365941880533,-0.7200329448836236,2.2094300742353212,0.0,-1,-0.004648814291186576
571.67,-0.10759693008458271,-0.6214080210071689,-0.1050883950948176,0.0,-1,0.006822117655290727
575.57,-0.34572607831319146,-0.2865123897452592,3.257938908130079,0.0,-1,-0.0021717601681811027
574.32,-0.5401468125680822,-0.16031104133338336,2.014635800775345,0.0,-1,0.006686167989970571
578.16,-0.27234494531478504,0.035830275306637904,5.556105073354409,0.0,-1,0.006209353812093532
581.75,0.1834180670881551,0.16386442923652603,8.720764931774873,0.0,-1,-0.0038676407391491363
579.5,0.20851473436550805,0.062987032171293,5.946588391727957,0.0,-1,-0.003347713546160591
577.56,0.0420201734738157,-0.034502509573466456,3.524063916623845,0.0,-1,0.0061811759817163026
581.13,0.25277121190504204,0.05874950961925329,7.304170115401533,0.0,-1,-0.028960817717206155
564.3,-1.0654175365381207,-0.41981307960796976,-9.815843406135329,0.0,-1,-0.001825270246322841
563.27,-1.7215604493815135,-0.3586519974837876,-10.615951805275671,0.0,-1,0.003745983276226328
565.38,-1.730335201688149,-0.1224755832634743,-7.987899117985471,0.0,-1,0.0164668010895328
574.69,-0.8146946443674778,0.26438832468573237,2.177108070712407,0.0,-1,-0.0013572534757870791
573.91,-0.35398314534313613,0.24169994123669136,1.3393415097983663,0.0,-1,-0.002160617518426222
572.67,-0.19746213371900012,0.13274031762027583,-0.07655698285493884,0.0,-1,0.015733319363682385
581.68,0.6480868832362603,0.32609644485851214,9.042945360769473,0.0,-1,-0.00428070416723958
579.19,0.8093541514442677,0.1624545710221732,5.916105495794689,0.0,-1,-0.010480153317564245
573.12,0.31670827292782633,-0.11006376916475608,-1.0985478901944532,0.0,-1,0.011166945840312525
579.52,0.5773263109256277,0.05018475627768182,5.448958557562619,0.0,-1,-0.003019740474875743
577.77,0.5136914706807829,-0.004483361322387691,3.371223810432312,0.0,-1,-0.004950066635512451
574.91,0.20073309466829414,-0.10581391244495886,-0.02894663710931411,0.0,-1,0.001687220608443063
575.88,0.1083594821063798,-0.06606250833562441,1.1439904292805068,0.0,-1,-0.00503577134125166
572.98,-0.1885239476833931,-0.12098197937513243,-2.5514014149482094,0.0,-1,0.006631994135920971
576.78,-0.004588666938047936,0.02098443379007091,2.450706360828292,0.0,-1,-0.0017511009396996569
575.77,0.0035946956794532525,0.009722598802524036,1.0166187568203213,0.0,-1,0.001858380950726879
576.84,0.0965534856816248,0.0342271296015652,2.5439588115095972,0.0,-1,0.004524651549823178
579.45,0.3524867568759191,0.09672013359861986,6.241897311688781,0.0,-1,0.008024851151954504
584.1,0.8385794960668136,0.1942709575965048,12.089730617925632,0.0,-1,0.004280089025851641
586.6,1.220077574323227,0.19192301195097272,14.89246167702278,0.0,-1,0.00739856801909311
590.94,1.6708201489245766,0.21422186218410744,19.274098707515435,-1.42637408930932,-1,-0.0023352624631943764
589.56,1.6419564238148041,0.06178604569144497,16.34850502924627,0.0,-1,-0.009888730578736515
583.73,1.0048615259421467,-0.19176961739373755,5.371658009859146,0.0,-1,0.006441334178472813
587.49,0.9159089498438107,-0.09357406449735794,10.10182313530462,0.0,-1,0.03298779553694531
606.87,2.4101069159743247,0.46687463387771877,25.172266791770014,-9.222855560721882,-1,0.008321386787944585
611.92,3.3771969893750793,0.47798823575949134,27.61981753977723,-7.854215852340758,-1,0.0002778140933457074
612.09,3.593475610294149,0.23142228555952027,27.702037044969032,-2.8630025967426036,-1,0.0005227989347971196
612.41,3.428825286562642,0.022257320609337494,27.872061246551027,0.0,-1,-0.007805228523374841
607.63,2.6624313508166324,-0.24804553837889065,19.12403558260452,0.0,-1,-0.002221746786695844
606.28,1.9448651037088212,-0.3218705951622338,16.77020893259673,0.0,-1,0.05190670977106282
637.75,4.04650988817923,0.5932580631027249,32.343310867455926,-9.835125533754876,-1,0.00012544100352807064
637.83,4.7667897897327975,0.43784598821876397,32.366652596005196,-2.4346472045000382,-1,-0.012824733863255222
629.65,4.048030591365205,-0.09363773671627662,21.6112686541792,0.0,-1,0.0020964027634400306
630.97,3.4613151095676358,-0.22678440617128182,22.260721728811077,0.0,-1,-0.012789831529232853
622.9,2.207014442871582,-0.49369502428911183,12.541583490492911,0.0,-1,0.0027452239524803357
624.61,1.5384462392842124,-0.38742107595882724,13.691365340352192,0.0,-1,0.006756215878708449
628.83,1.427624950883569,-0.16608078811982363,16.510097129735016,0.0,-1,0.03107358109504954
648.37,2.88157889410968,0.4292910517020956,26.06846891522784,0.0,-1,-0.03346854419544398
626.67,1.5600909578802202,-0.29739896150912126,6.256237955814662,0.0,-1,0.008170169307610164
631.79,1.1960060766087963,-0.2204946142601818,9.052174247501412,0.0,-1,0.0024533468399310365
633.34,1.0434631295889858,-0.12434585375999752,9.91400703936057,0.0,-1,-0.005557836233302749
629.82,0.5869030619467139,-0.19363530713408983,6.892552641776803,0.0,-1,0.013368899050522298
638.24,1.0113811062966533,0.07694757907194982,11.987513741680047,0.0,-1,0.0014101278515918914
639.14,1.2143383696136425,0.09330161412964633,12.513711409370266,0.0,-1,0.04033545076196132
664.92,3.362955470470979,0.7473062383289943,23.97825836335886,-7.411479931509689,-1,-0.006105997714010658
660.86,3.8186843983603467,0.40101172207278735,20.22033465475846,0.0,-1,-0.002648064643040904
659.11,3.582491829108335,0.054939717606925065,18.552561237181436,0.0,-1,-0.013412025306853259
650.27,2.4291878920566887,-0.3661214064815739,10.489075758796076,0.0,-1,0.008242729942946836
655.63,2.0967702658593907,-0.23284634422629047,13.390201029918778,0.0,-1,-0.006970394887360287
651.06,1.3749972639391217,-0.31820644871551984,9.267562475601324,0.0,-1,-0.024268116609836188
635.26,-0.4171390090158411,-0.7034475738901609,-2.579651886660706,0.0,-1,-0.02814595598652525
617.38,-2.7684455614087256,-1.0182513754276818,-12.104441831377535,0.0,-1,-0.0037416178042695147
615.07,-3.905895040821065,-0.7185669516133402,-13.16646983642621,0.0,-1,-0.0026988798022991034
613.41,-4.287461860458848,-0.36671125708370766,-13.97265266939035,0.0,-1,-0.04563016579449308
585.42,-6.453456781906198,-0.8442353928436859,-24.449693169907547,11.238380391939586,-1,-0.007362235659868044
581.11,-7.357832844137647,-0.5828704850250448,-25.660699175666714,6.537931733095547,-1,0.04754693603620663
608.74,-4.89436813824193,0.6268647402902241,-6.56422718225263,0.0,-1,0.041939087295068456
634.27,-1.1272717737739413,1.4646537015860712,5.0765784307964665,0.0,-1,0.004130732968609552
636.89,1.0685490562746054,1.2201581772115395,6.106604750354762,0.0,-1,-0.0042393505942940335
634.19,1.8524137166092487,0.6680076125153944,4.671265421013196,0.0,-1,-0.03459531055361964
612.25,0.2616449037258235,-0.30758706678934367,-5.587136703167687,0.0,-1,-0.019812168231931437
600.12,-1.566376578026393,-0.7118695161805201,-10.177345747669982,0.0,-1,-0.05005665533559944
570.08,-4.853189270733651,-1.3328940696292593,-18.994983864457776,0.4913844817953077,-1,0.012173730002806415
577.02,-5.513829844526185,-0.6645115478072645,-15.284349343304761,0.0,-1,-0.02015528057952931
565.39,-6.353830977711823,-0.5015042269976338,-18.444339124258807,0.0,-1,-0.016183519340632113
556.24,-7.006845629495388,-0.38483962626039947,-20.77020669266639,0.0,-1,-0.040540054652667856
533.69,-8.628615819595893,-0.6688699387869681,-25.678974865970265,3.8189379957294705,-1,-0.01667634769248083
524.79,-9.462116263013172,-0.5007901274014159,-27.34725352147336,0.5797718456858547,-1,0.10415594809352324
579.45,-4.535356796137421,1.4753231131581117,-2.685848849603488,0.0,-1,-0.04447320735179927
553.68,-3.841530663021331,0.7230497487580676,-9.457381661782613,0.0,-1,0.03234720416124848
571.59,-1.6819900412115203,0.9608634568559595,-3.540203942382881,0.0,-1,0.02241116884480121
584.4,0.605446106461045,1.0827665348428417,0.3839166566839012,0.0,-1,0.009086242299794822
589.71,2.1412103380921508,0.8728435888246491,2.0041187064403516,0.0,-1,-0.010869749537908646
583.3,2.1964915924000934,0.3093749477108638,-0.17805046194606433,0.0,-1,0.02665866620949786
598.85,3.3369245868540247,0.4832693140549318,4.920636028455817,0.0,-1,0.04224764131251568
624.15,5.737397368509846,0.9612473652369182,11.916331818018556,0.0,-1,-0.008251221661459529
619.0,6.030350645295243,0.4180668806741048,9.816809109200811,0.0,-1,0.016736672051696377
629.36,6.537631396580082,0.3084492106529808,12.647818715556767,0.0,-1,0.13868056438286502
716.64,13.51980248917414,2.430206767749013,27.491795111540796,-41.12273534950782,-1,0.027852199151596313
736.6,17.5475711613733,2.1526584799827244,29.55621865652688,-35.10964399445254,-1,-0.016684767852294446
724.31,17.074991234025106,0.5600261842115124,24.858897978563817,-2.704077581178808,-1,0.03452941420110189
749.32,17.499952000848907,0.3283289836784391,27.82002133847068,-3.324431439357113,-1,0.016281428495168893
761.52,17.27076971752342,0.03304890011765238,29.150971065688225,0.0,-1,0.01393266099380197
772.13,16.601114432733652,-0.21220212822403894,30.293638913899983,0.0,-1,0.01784673565332251
785.91,16.03119392094436,-0.2607075466711102,31.73799401799613,0.0,-1,-0.021580079143922237
768.95,12.996967504971053,-1.0983113208814732,24.291672244189442,0.0,-1,0.044645295532869333
803.28,13.257607004903434,-0.27922394031636344,28.663361374252545,0.0,-1,0.010058759087740343
811.36,12.956459504461009,-0.19345714691959692,29.571810015691995,0.0,-1,-0.007321041214750634
805.42,11.231180795534783,-0.6395786186152748,26.89745582777732,0.0,-1,-0.006034118844826297
800.56,9.02760970811039,-0.9477165686798887,24.617595446045044,0.0,-1,-0.005621065254321933
796.06,6.798523355388966,-1.0589343071337707,22.40896845136112,0.0,-1,-0.007675300856719192
789.95,4.608269899412562,-1.0830625877033917,19.313781361023473,0.0,-1,-0.01748211912146347
776.14,1.9782873464732802,-1.2376817135475582,12.594250577927426,0.0,-1,0.014327312082871746
787.26,1.4251054577975992,-0.5969545340744129,15.579655013943778,0.0,-1,0.000685923329014404
787.8,1.0747557253099558,-0.31576808885401886,15.727246150972064,0.0,-1,-0.02668189895912665
766.78,-0.9416487847096278,-0.777390866291201,5.444682571348757,0.0,-1,0.0048514567411774845
770.5,-1.5613803076604427,-0.4657074630806721,6.774415906448517,0.0,-1,-0.003854639844257046
767.53,-1.9886310434973211,-0.29765273297251693,5.310081349798082,0.0,-1,0.03813531718629881
796.8,0.4026295088755205,0.6978692731334415,15.152167650650753,0.0,-1,-0.030622489959839294
772.4,-0.4686260073442554,-0.0577954143621115,4.113686497462723,0.0,-1,-0.022941481097876748
754.68,-2.3418682648421054,-0.6436792239533204,-2.3946183099826257,0.0,-1,0.001643080510945083
755.92,-2.980000371520873,-0.42727044354402954,-1.9091951241353797,0.0,-1,-0.012593925283098772
746.4,-3.8440663939002206,-0.43044548864112553,-5.431557597121397,0.0,-1,0.0008306538049303036
747.02,-3.904093872264866,-0.16349098900192383,-5.139313608214422,0.0,-1,-0.01497951862065261
735.83,-4.541266455425102,-0.2668878573873865,-9.42877276782923,0.0,-1,0.005558349075193814
739.92,-4.140580542386488,0.04459935188374242,-7.207310870922697,0.0,-1,0.0569250729808628
782.04,-0.08518920733490631,1.3666635623117747,9.931142051503947,0.0,-1,-0.01603498542274051
769.5,0.9046055608019969,0.7854861101495593,4.527321579402496,0.0,-1,0.011786874593892271
778.57,2.0799524814702863,0.6536110102726163,7.599764797394037,0.0,-1,-0.007333958410932873
772.86,2.018463235015247,0.19737392127252562,5.000295659902619,0.0,-1,0.004839168801594074
776.6,2.131180008869819,0.1033635650423661,6.431269982870717,0.0,-1,0.0012232809683234702
777.55,2.0891067283912435,0.020430094854596792,6.818818602462194,0.0,-1,0.04719953700726642
814.25,4.952311194119375,0.9612115201942428,18.75035421673651,-5.221797418547908,-1,-0.028910039914031294
790.71,4.009554160806829,0.006151495627232606,7.439174637469101,0.0,-1,-0.014733593858684113
779.06,2.233212797416627,-0.5900632892543229,2.6737243699273776,0.0,-1,0.017225887608143253
792.48,2.2772743826035367,-0.18200056802247122,7.216829598989207,0.0,-1,0.009211588935998272
799.78,2.717865643313303,0.08619689756243165,9.562988148324457,0.0,-1,0.0065017879916977606
804.98,3.1450058033921096,0.17111235254707946,11.245078162767555,0.0,-1,-0.014236378543566297
793.52,2.141492066482215,-0.27746712812093843,5.583295027099943,0.0,-1,0.039368887992741186
824.76,4.064610859153731,0.5485505548501926,15.29958739009443,0.0,-1,-0.00274019108589163
822.5,4.4991193505599085,0.3276863487521231,14.1712227812326,0.0,-1,-0.013349544072948305
811.52,3.4264469837164597,-0.24832867269710857,8.69603319122055,0.0,-1,-0.012236297318611977
801.59,1.777073551651597,-0.6325673682539903,4.0610543324602375,0.0,-1,0.0010853428810240207
802.46,0.876797372981514,-0.5109478489746913,4.411500887368838,0.0,-1,-0.001707250205617683
801.09,0.23942616923136484,-0.38277301757494686,3.6948099936015524,0.0,-1,-0.005055611729019249
797.04,-0.4367116134129674,-0.35297026673975973,1.4680626235168432,0.0,-1,0.005470239887584105
801.4,-0.3750545369507563,-0.09710439675918292,3.7617236291766076,0.0,-1,-0.00034938857000244017
801.12,-0.3363047873069718,-0.01945154903846613,3.5810304757911666,0.0,-1,0.006802975833832603
806.57,0.1652621531237628,0.1607051304640895,6.726506857304685,0.0,-1,0.018845233519719118
821.77,1.66894044391222,0.554794473750849,14.236442601573458,0.0,-1,-0.016111564062937345
808.53,1.1783678856470488,0.021407305161892598,4.998650424130432,0.0,-1,-0.008917418030252366
801.32,0.23405094937720605,-0.30763654370265003,0.5960610226717336,0.0,-1,-0.001996705436030588
799.72,-0.39094509787241805,-0.3108775303174247,-0.38326333517536426,0.0,-1,-0.006189666383234149
794.77,-1.0833643633412748,-0.3344322652620939,-3.4785828879929355,0.0,-1,-0.00727254425808721
788.99,-1.820960299130661,-0.35734273368382685,-6.962029862878168,0.0,-1,-0.008491869351956338
782.29,-2.5963449087643085,-0.3775757811058247,-10.747565356691048,0.0,-1,0.0023265029592607345
784.11,-2.616008471184159,-0.1324131145085583,-9.176554121568806,0.0,-1,0.00022955962811344044
784.29,-2.392839546462028,0.030251936737857754,-9.008856762868042,0.0,-1,-0.007509977176809568
778.4,-2.572685121895802,-0.04986454623197201,-12.837794551847978,0.0,-1,-0.01760020554984576
764.7,-3.589884149454747,-0.35568785793030555,-20.06446253293005,4.644554576049472,-1,0.01652935791813781
777.34,-2.7459933174462776,0.1627343246927211,-8.418597651894864,0.0,-1,0.0025471479661409724
779.32,-1.9302151249881945,0.3261708390502682,-6.7760619243008335,0.0,-1,0.002271210799158263
781.09,-1.213974768343519,0.3474703985649814,-5.233537245121838,0.0,-1,-0.0015107093932837934
779.91,-0.8530233593259027,0.23614060252753255,-6.116683295255548,0.0,-1,0.021438371094100628
796.63,0.7918709584600947,0.62701164010451,7.1822159327096315,0.0,-1,0.013381369016983946
807.29,2.4366622041480923,0.7572676285975024,13.337209941905492,0.0,-1,0.028663801112363663
830.43,4.984335976646435,1.1016471336986147,22.776043525956197,-4.244663573528442,-1,-0.00804402538443938
823.75,5.286144864841731,0.4678186739646373,17.224768654781215,0.0,-1,-0.006470409711684444
818.42,4.552370570202584,-0.08865187355817028,12.96660080544747,0.0,-1,-0.014308056987854534
806.71,2.830285875366144,-0.6035788561315365,4.534227875894615,0.0,-1,0.006954171883328586
812.32,2.200886371667366,-0.41099278661010485,7.559623934110405,0.0,-1,0.01684065392948586
826.0,2.842779422178978,0.07696675463383595,14.042502054110031,0.0,-1,-0.015508474576271136
813.19,1.8593276622533494,-0.30216166843059744,5.259968997340955,0.0,-1,-0.01235873535090204
803.14,0.3751578104360078,-0.5954438400826464,-0.6406231019867761,0.0,-1,0.00887765520332695
810.27,0.19597640032441177,-0.2582084167314142,3.2909549632519486,0.0,-1,0.06191763239414039
860.44,4.270887661908205,1.2722342816174597,20.933788936240617,-11.420030970255311,-1,0.04983496815582722
903.32,9.525769320874474,2.17570531352791,28.60739106246517,-30.885962532237613,-1,0.0009852543948987158
904.21,11.433562706951307,1.3611662332015815,28.736849745058862,-13.82834847442507,-1,0.0014156003583238874
905.49,11.54132917441052,0.489644233553598,28.94050370725624,-0.4874828968000884,-1,0.02372196269423177
926.97,12.423434976939234,0.457250012027437,32.13155517704158,-5.565891317550381,-1,-0.00731415256157153
920.19,11.264201630125285,-0.2339944449288378,27.987153812967208,0.0,-1,-0.003890500874819347
916.61,9.447568154207943,-0.6835426402820595,25.744743489475155,0.0,-1,-0.002083765178210961
914.7,7.5927874033985745,-0.8461077970304753,24.475303640741103,0.0,-1,0.025669618454137844
938.18,7.989331411043963,-0.14985459646169552,29.22996038047924,0.0,-1,-0.02025197723251404
919.18,5.938492463946318,-0.73356451451978,17.863890172033976,0.0,-1,-0.01691725233360164
903.63,3.1223652850686676,-1.18323056446581,10.032456190852848,0.0,-1,-0.0035191394708010693
900.45,1.189104588540772,-1.0388304203312355,8.498539474063314,0.0,-1,0.00380920650785721
903.88,0.40921552456507015,-0.6062398281023125,9.731655477553069,0.0,-1,-5.531707748807069e-05
903.83,-0.018996967803218467,-0.34481744015686705,9.702923234986173,0.0,-1,0.0002766006881824712
904.08,-0.21068680000371387,-0.17883575745245414,9.810323900804327,0.0,-1,-0.006890983098840842
897.85,-0.8081411494370059,-0.25876336896191543,5.699840390457588,0.0,-1,-0.00295149523862559
895.2,-1.2603565617005188,-0.23699292707514275,3.94755890699372,0.0,-1,0.003071939231456655
897.95,-1.1522678876905275,-0.042968084355050395,5.55958596773327,0.0,-1,-0.003830948271061896
894.51,-1.288867893377983,-0.059856030014168615,2.9818975504949066,0.0,-1,-0.010027836469128415
885.54,-1.9972622384401575,-0.256083458358781,-3.2960352192354634,0.0,-1,0.001592248797344098
886.95,-2.0675208911012533,-0.10878070367329218,-2.215417542647188,0.0,-1,0.0005073566717401778
887.4,-1.8928568098400547,0.021961125862635544,-1.8426694647081305,0.0,-1,-0.01413116970926298
874.86,-2.6927867017227527,-0.2593229220066875,-10.560206534047566,0.0,-1,-0.025055437441419137
852.94,-4.695019422520659,-0.7538518809348647,-20.81962545450784,10.11391561747405,-1,0.02045864890848126
870.39,-3.8507174977095247,0.030150014625422994,-7.572650197800627,0.0,-1,0.0001838256413790873
870.55,-3.094340077161519,0.2621758117244761,-7.463145050573729,0.0,-1,0.01847108150020116
886.63,-1.1182896937907572,0.7460753983650794,2.603564638989539,0.0,-1,-0.024959678783709083
864.5,-1.8812403609560988,-0.005625089600087341,-8.510828909762786,0.0,-1,0.022521688837478404
883.97,-0.48344566445905457,0.46405653563231897,1.5054337225548835,0.0,-1,-0.016075206172155188
869.76,-0.9284278441723472,0.006358118639675392,-4.773019508102834,0.0,-1,0.018545345842531313
885.89,0.2706167196520255,0.4018008941546827,2.5258353346229256,0.0,-1,-0.01113005000620848
876.03,0.02592094159319913,0.05236837203195211,-1.833618681414066,0.0,-1,0.004897092565323113
880.32,0.2589129740977114,0.09512013484548815,0.16589182989898887,0.0,-1,-0.008519629225736125
872.82,-0.2711670908248607,-0.144986643359028,-3.331149220442896,0.0,-1,0.017930386563094203
888.47,0.7905568009492754,0.30557908280503604,4.08910112463996,0.0,-1,0.04176843337422764
925.58,4.348039013423886,1.2876870984265492,16.404590163393493,-12.743267345480604,-1,0.04307569307893422
965.45,9.086943535209116,2.008863873403927,24.553175708167757,-31.656211697341405,-1,0.10484230151742713
1066.67,19.13415050150104,4.0186902798986175,34.890808470253916,-78.28186092797819,-1,-0.03587801288120973
1028.4,19.37407477618865,1.419538184862077,22.515209325325827,-15.842679890664385,-1,0.005046674445740695
1033.59,18.312030682183376,0.11916469695226795,23.10599163974119,0.0,-1,-0.011648719511605177
1021.55,15.2516727449987,-0.9803977467441349,19.26816498795833,0.0,-1,-0.015730997014340886
1005.48,11.111354380989837,-1.7069053702509986,14.264904344708796,0.0,-1,0.016867565739746126
1022.44,9.528582333902932,-1.0965591391126353,17.055339550926632,0.0,-1,0.0034525253315598192
1025.97,8.23731444920088,-0.7959423412715623,17.639719913617142,0.0,-1,-0.008898895679210872
1016.84,6.144404302749763,-0.962950829240893,14.358969284446388,0.0,-1,0.020376853782305915
1037.56,6.31258220429504,-0.2649243092318718,18.24303743414258,0.0,-1,-0.014601565210686562
1022.41,4.608122638043142,-0.6564612918279238,12.69252921974148,0.0,-1,0.00928199059085899
1031.9,4.162715968413636,-0.36728932048580987,14.69131832590675,0.0,-1,-0.004457796298091066
1027.3,3.209786302897669,-0.44007299533392574,12.877005679820726,0.0,-1,-0.006142314805801519
1020.99,1.9400059448981892,-0.5699511177778018,10.299447498363435,0.0,-1,0.017522208836521447
1038.88,2.634281937157084,0.04144162482703084,14.839956130306788,0.0,-1,-0.007970121669490404
1030.6,2.0718964385234813,-0.17364795793552412,11.238250485506427,0.0,-1,0.013099165534639967
1044.1,2.743045652662886,0.16583375206796003,14.782208324221585,0.0,-1,-0.009912843597356447
1033.75,1.9875331220107455,-0.19655959286139346,10.101270220352546,0.0,-1,-0.008851269649335025
1024.6,0.6816490965170487,-0.5008145394516967,6.118190113155364,0.0,-1,-0.013029474917040762
1011.25,-1.1405970076061749,-0.7743535478583069,0.6739438889620786,0.0,-1,0.004805933250927152
1016.11,-1.551670309033966,-0.39514228309536614,2.5364875864956957,0.0,-1,-0.004408971469624379
1011.63,-2.001234433995023,-0.28156880268547435,0.5802990653481785,0.0,-1,0.002570109625060546
1014.23,-1.842580293642527,-0.040971554110992736,1.739071537450286,0.0,-1,-0.004811531901048105
1009.35,-2.016371532329458,-0.07158759759930788,-0.672981680463991,0.0,-1,-0.00490414623272406
1004.4,-2.3477361906454917,-0.13431741863844726,-3.1353687731126882,0.0,-1,-0.0007467144563918504
1003.65,-2.3802738372497743,-0.055618355080909954,-3.5259358842765494,0.0,-1,-0.008000797090619183
995.62,-2.867353174114328,-0.180899230648488,-7.71791080726323,0.0,-1,0.02436672626102321
1019.88,-0.8502800780371444,0.6120579551428986,5.696670702933716,0.0,-1,-0.029101462917205945
990.2,-2.244220190162082,-0.26062738566067956,-7.675196785069353,0.0,-1,-0.0018279135528176393
988.39,-2.9050052303776965,-0.3071374752920981,-8.352716099860068,0.0,-1,-0.01078521636196239
977.73,-3.88164731462075,-0.42792651984505037,-12.301693880463773,1.4944626818406732,-1,-0.0061366634960572375
971.73,-4.546497747190529,-0.3642589841382762,-14.412035167944289,0.6253177901621711,-1,0.0038488057382195517
975.47,-4.1883814845429015,-0.002047573830216365,-12.007916821295098,0.0,-1,0.011942960829138816
987.12,-2.6894582295071814,0.4989585604018347,-4.91403439157709,0.0,-1,0.004639760110219715
991.7,-1.3342084161970433,0.6180694579039909,-2.300434031327228,0.0,-1,-0.011202984773621028
980.59,-1.4712328081922124,0.16034835530294056,-7.723677519561242,0.0,-1,-0.004752240997766721
975.93,-1.8054756035071478,-0.05796481333733161,-9.851071768361344,0.0,-1,-0.037226030555470135
939.6,-4.849640700872328,-1.034043303567504,-22.039206426773646,13.268994166146626,-1,0.039197530864197416
976.43,-2.8984198578154974,0.3057258464964421,-3.682655302395048,0.0,-1,-0.011326976844218128
965.37,-2.6029411148024337,0.20040152983650206,-7.312082084248864,0.0,-1,0.0062255922599625535
971.38,-1.7374566503957567,0.3552953314143932,-4.723026755010402,0.0,-1,0.0031192324322097953
974.40996,-0.9074296973261653,0.39510742816132827,-3.3724107895266116,0.0,-1,-0.018041646454434734
956.83,-1.8817937460140683,-0.19308554017552493,-9.772973770739732,0.0,-1,-0.016795041961476964
940.76,-3.5513262915235373,-0.6208726952283312,-14.695228684182474,0.0,-1,0.0008291168842211594
941.54,-4.025148706651294,-0.36489837011869586,-14.271099537459897,0.0,-1,-0.007806359793529616
934.19,-4.539130855327585,-0.29296017293166265,-16.566002858242058,0.0,-1,0.03378327749173082
965.75,-1.787861025055122,0.8194365524469336,-0.9520310825686735,0.0,-1,0.017965311933730188
983.1,1.1825956421690762,1.2632977398903773,5.433402144592172,0.0,-1,-0.02221544095209038
961.26,0.7492743389336738,0.276658812218325,-2.833991835738928,0.0,-1,0.019776127166427404
980.27,2.0543408257382225,0.5272417663409581,3.8261055546711873,0.0,-1,-0.014771440521489043
965.79,1.3290123336622628,-0.06602890857833388,-1.3628419942144134,0.0,-1,0.0003002723159279963
966.08,0.8797637264858622,-0.17175917191824475,-1.252892905980616,0.0,-1,0.004109390526664258
970.05,0.9126591123571188,-0.04628792868232934,0.3633082537096186,0.0,-1,0.015009535590948975
984.61,2.0663852125962876,0.3691460571856131,6.015363478887792,0.0,-1,-0.002945328607265818
981.71,2.2293828283328594,0.1773812243073949,4.638482777169706,0.0,-1,0.02455918754010855
1005.82,4.134266400506817,0.6940882654937846,13.032438304254214,-3.153038706176403,-1,-0.0027639140204013257
1003.04,4.5105193198849065,0.3567803949572914,11.572708662453365,0.0,-1,0.0083147232413463
1011.38,5.0177691695835165,0.28801008155196683,14.326510339044816,0.0,-1,-0.0007514485158891526
1010.62,4.789913330300919,0.02005141408978961,13.863118860209944,0.0,-1,-0.0071540242623340244
1003.39,3.6743259664677907,-0.36517864991444604,9.344354861741209,0.0,-1,0.001166047100329859
1004.56,2.907838454012335,-0.3772220541233007,9.855100847666655,0.0,-1,0.0017022377956519286
1006.27,2.42477482661684,-0.2867618938395986,10.657723351481948,0.0,-1,0.0015105289832748614
1007.79,2.107845110701078,-0.20123053658512013,11.419544939033088,0.0,-1,0.006727592057869325
1014.57,2.338726493518152,0.009883615410651192,14.797904715749794,0.0,-1,0.030732231388667097
1045.75,4.857606643800182,0.8429212552308938,25.679887575997768,-4.542051701165519,-1,-0.030638297872340403
1013.71,3.0422461652910897,-0.3241464077593994,5.936935866282809,0.0,-1,0.01839776661964443
1032.36,3.4352120789288847,0.022939835292798527,12.298125815868588,0.0,-1,0.012069433143477193
1044.82,4.383760695837054,0.3238294840669891,15.9474314842047,0.0,-1,-0.004268677858387138
1040.36,4.121054946304639,0.020374578178190994,13.502794129785102,0.0,-1,0.0
1040.36,3.6462808260132533,-0.1514665140377316,13.502794129785102,0.0,-1,-0.0069591295320851065
1033.12,2.501703697033008,-0.4320145476726589,9.11136164306081,0.0,-1,0.0010356976924270622
1034.19,1.8101064911236335,-0.37453725119401104,9.57046955284008,0.0,-1,0.006604202322590513
1041.02,1.8826323472419517,-0.10067046502523103,12.5526100253173,0.0,-1,0.006964323451998933
1048.27,2.366175913030702,0.12762436692117296,15.549683621026333,0.0,-1,0.005895427704694534
1054.45,2.925766369839266,0.22907160790991243,17.977101009674172,0.0,-1,0.0027786997961023463
1057.38,3.2059144007569103,0.16973987960918535,19.1231949989982,0.0,-1,0.0002648054625584706
1057.66,3.102162216152692,0.02199589833498905,19.240089091643355,0.0,-1,-0.003290282321350979
1054.18,2.5017726058376866,-0.19279790399333896,15.80003676555819,0.0,-1,0.012777703997419732
1067.65,3.115596750193845,0.14034208012093963,21.821147069421755,0.0,-1,0.014714560014986056
1083.36,4.472042426522421,0.49892925214983874,27.05582013328967,-1.504996980218948,-1,-0.011621252399940829
1070.77,3.728428395809715,-0.08156159285428899,16.11881644137455,0.0,-1,-0.011925997179599745
1058.0,1.9817523474691825,-0.6094125470649403,7.00086969660186,0.0,-1,0.003572778827977352
1061.78,1.2582682943432246,-0.4442988667302994,8.866501852662608,0.0,-1,-0.01810167831377496
1042.56,-0.8099960900815404,-0.8375210837183549,-2.722369099364414,0.0,-1,-0.030827961939840387
1010.42,-4.454961941453803,-1.494162311696873,-15.384215831545568,0.92812548253778,-1,0.007284099681320599
1017.78,-5.292864705352258,-0.7773550251984425,-11.212894063898112,0.0,-1,-0.0016211754996168226
1016.13,-5.408244028521949,-0.2975781161227111,-11.819636610808274,0.0,-1,-0.00559967720665655
1010.44,-5.489413354396788,-0.12624914733251646,-13.97868534660698,0.0,-1,-0.003028383674438917
1007.38,-5.327546904467795,0.011872434198825665,-15.156064232429003,0.0,-1,0.009033333995116077
1016.48,-4.044318104130866,0.43170041151191807,-8.80497505653647,0.0,-1,-0.03405871241932945
981.86,-5.950677195284925,-0.49155289321404716,-20.82582377650783,4.753873008393953,-1,-0.007638563542663901
974.36,-7.032966974588248,-0.5246142241724572,-22.740518921718134,1.7537086153365635,-1,-0.05523625764604467
920.54,-11.47303128302417,-1.6548928442027933,-32.104843459764325,30.428122211121718,-1,-0.03792339279118773
885.63,-15.6461441636568,-1.9426685749451416,-35.656150603811774,34.75519105845342,-1,0.012273748630918124
896.5,-15.523021923668352,-0.6065154449855648,-30.153020124668153,2.820925890470221,-1,0.037267150027886276
929.91,-11.383708976701769,1.1775991673270063,-15.731004870994667,0.0,-1,0.003957372218816868
933.59,-8.058743421826648,1.5008549074007096,-14.314737037635311,0.0,-1,0.02848145331462404
960.18,-3.508865359236893,2.0169109899968216,-4.830072980742457,0.0,-1,0.012268532983399139
971.96,0.04014578532780888,1.8553073781871747,-1.119169267359176,0.0,-1,-0.003230585620807469
968.82,1.5496392088327866,1.1216002672307175,-2.0797237934621435,0.0,-1,-0.0041390557585517795
964.81,1.841082653182525,0.4710145705268187,-3.3796863715701235,0.0,-1,0.00020729470051095156
965.01,1.8500474875921782,0.15999313497882395,-3.2995594844251386,0.0,-1,-0.0068496699516067405
958.4,1.1495259474976365,-0.18017613503857266,-5.7393311337797215,0.0,-1,-0.01714315525876453
941.97,-0.6656953181743575,-0.6651324669035222,-11.32024716146757,0.0,-1,-0.0028132530760002217
939.32,-1.7386646744957943,-0.5793672744083198,-12.174984028225339,0.0,-1,-0.02045096452753059
920.11,-3.7310939631153133,-0.8572655210092797,-17.89011824409924,0.0,-1,0.0035647911662735066
923.39,-4.143050777165399,-0.42307411168645537,-15.998280423133522,0.0,-1,0.013970261752888735
936.29,-2.928774952759909,0.26373390423967846,-8.833904484660067,0.0,-1,-0.04532783646092553
893.85,-5.614239127827204,-0.8072434236092061,-20.52861445697442,0.0,-1,0.005795155786765038
899.03,-6.057451288041875,-0.4168185279412926,-17.912183102022453,0.0,-1,-0.013258734413757023
887.11,-6.76760309414567,-0.3756567780150295,-20.69210506694233,0.0,-1,0.010055122814532469
896.03,-5.815378739352127,0.19218919225950426,-15.942026292280552,0.0,-1,-0.011963885137774466
885.31,-5.747985000342737,0.08652764375629829,-18.74629027168814,0.0,-1,0.006065671911533732
890.68,-4.7877893808095,0.34890775442984534,-15.733798908593158,0.0,-1,-0.0109354650379484
880.94,-4.720375789308719,0.13877378197687573,-18.514352875000544,0.0,-1,0.022214906804095547
900.51,-2.66247101111594,0.732226186723218,-8.006143422142564,0.0,-1,0.016101986652008238
915.01,-0.20331270442659388,1.0637948311375216,-1.503119356790279,0.0,-1,-0.018043518650069368
898.5,-0.33262415904630416,0.3114944588392705,-7.527176266017641,0.0,-1,-5.564830272675181e-05
898.45,-0.37372787310232525,0.09013024826108318,-7.544921647048632,0.0,-1,-0.009783516055428931
889.66,-1.09563574070512,-0.21059253978057058,-10.748305383489637,0.0,-1,0.011712339545444372
900.08,-0.49695336278114155,0.129363279381136,-5.256685315615833,0.0,-1,-0.016420762598880145
885.3,-1.3878660602539412,-0.2538498060305545,-10.836412771334658,0.0,-1,-0.019033096125606996
868.45,-3.1218335706358857,-0.6626057721374998,-16.17902779333614,0.0,-1,0.024745235764868534
889.94,-1.9378311949405997,0.17379886785259524,-5.458140696963703,0.0,-1,-0.02109130952648508
871.17,-2.7485107408479053,-0.21229355935157024,-11.509455446565894,0.0,-1,-0.032852370949412846
842.55,-5.309807952064148,-0.9245302568559373,-18.71113856758917,10.484000321010626,-1,0.014646015073289442
854.89,-5.119639228333654,-0.24478717770848135,-13.058793933104504,0.0,-1,0.01859888406695598
870.79,-3.272918264107261,0.5339779288393038,-6.414734721099826,0.0,-1,0.004203079961873746
874.45,-1.7718145933184815,0.6783605332093612,-4.934354375549773,0.0,-1,-0.0049745554348448184
870.1,-1.236111541814239,0.4046878615712013,-6.443729232434613,0.0,-1,0.006907252039995315
876.11,-0.3644173875775323,0.42546067193596937,-3.6835611047695878,0.0,-1,0.005809772745431596
881.2,0.5259644718389609,0.4386141771174876,-1.321869916095011,0.0,-1,0.025465274625510625
903.64,2.7973250288939653,0.9033249113908308,7.777103146676602,0.0,-1,-0.0004869195697401185
903.2,3.6632282216802423,0.5897427013923693,7.5547932889664295,0.0,-1,0.01586581045172708
917.53,4.985077466266716,0.6371973153262811,12.742418813604608,0.0,-1,-0.006768171067975892
911.32,4.713078966371086,0.12173293847688349,9.255274808214175,0.0,-1,0.013749286748891754
923.85,5.228489802559011,0.21238125822160292,13.769654300464119,0.0,-1,0.015890025437029776
938.53,6.273821070439681,0.4192375087007578,18.336515872809684,-2.268929783858539,-1,-0.0007671571500111884
937.81,6.213668281843297,0.11969490670145788,17.87029785205091,0.0,-1,0.015194975528092014
952.06,6.853286197391526,0.25310427408322855,22.061840376438283,0.0,-1,0.049713253366384436
999.39,10.546154638716416,1.3153242384693726,31.141272593865153,-24.970714140713312,-1,-0.04395681365633031
955.46,7.852909306152469,-0.4593070313648582,10.77301536655552,0.0,-1,0.014286312352165487
969.11,6.989377531024388,-0.44094626883098,13.901474311059047,0.0,-1,0.009844083746943122
978.65,6.77016351587497,-0.2200534279934665,16.006761236096366,0.0,-1,0.015296582026260719
993.62,7.343876215310729,0.11788642381409797,19.144293754195118,0.0,-1,0.037972263038183574
1031.35,10.162909547085974,0.9789732518631151,25.48166513862691,-4.514035378220569,-1,0.008357977408251394
1039.97,11.443850417383146,0.7533047073867625,26.69664763285168,0.0,-1,-0.025606507880035045
1013.34,8.911499984416537,-0.5930152418599484,15.547172968319188,0.0,-1,0.0
1013.34,6.902699769231845,-0.8672718190148805,15.547172968319188,0.0,-1,-0.001865119308425589
1011.45,5.165574680870122,-0.8681323024588679,14.722767766975807,0.0,-1,-0.0025310198230263925
1008.89,3.653214246616699,-0.7934975789040974,13.52040459595716,0.0,-1,0.011468049043998896
1020.46,3.5567661756052757,-0.2966485499718403,16.633157059499936,0.0,-1,0.011916194657311197
1032.62,4.2254782921323795,0.12402118885175462,19.65669334732634,0.0,-1,0.004425635761461377
1037.19,4.588544492718256,0.1623624631458771,20.762993784333517,0.0,-1,-0.022888766764045165
1013.45,2.409365551951282,-0.6722721592070324,8.460463630028293,0.0,-1,0.018491292120973002
1032.19,2.680662285571998,-0.13365847519543905,13.956631338853555,0.0,-1,0.0014532208217479248
1033.69,2.7179221285846324,-0.03213287739426818,14.375832253370419,0.0,-1,0.0012092600296027545
1034.94,2.61422520604242,-0.04527659997882694,14.755379573807659,0.0,-1,0.02953794422865097
1065.51,4.892024644267622,0.744174279415458,22.668214737277466,0.0,-1,-0.005931431896462613
1059.19,5.0965889763581345,0.3162462038353233,19.10432982717623,0.0,-1,0.0010385294423096436
1060.29,4.865822061040262,0.028493096172483412,19.394605247616298,0.0,-1,-0.0197304511030002
1039.37,2.6016200982946884,-0.7452362888576971,7.899478145891258,0.0,-1,0.010285076536748372
1050.06,2.143550775397216,-0.40110187058505664,11.51867039330456,0.0,-1,-0.006637715940041589
1043.09,1.155053549332024,-0.4631996988834164,7.91200902095602,0.0,-1,0.004285344505267963
1047.56,0.9370504738551517,-0.22706759145342947,9.599783278113385,0.0,-1,-0.00028637977776924117
1047.26,0.7249613966287143,-0.1463855562266223,9.422088242460504,0.0,-1,-0.0037908446804041374
1043.29,0.22767007496327096,-0.21455895929735525,6.9265060053127385,0.0,-1,0.0106777597791603
1054.43,0.888385241216838,0.1487187356520706,11.913584983011205,0.0,-1,0.007406845404626106
1062.24,1.7955440542421002,0.35195918289244443,15.064431793132599,0.0,-1,-0.004895315559572233
1057.04,1.666161456234704,0.07419219496168283,11.312002688201318,0.0,-1,-0.0030935442367365784
1053.77,1.1901233692112783,-0.13394863068724772,8.937027996944458,0.0,-1,-0.014101748958501248
1038.91,-0.3854059550678812,-0.5698259849888024,-0.7045638851780254,0.0,-1,0.022061583775302873
1061.83,0.768946545714698,0.19484217193125897,10.398152654580173,0.0,-1,0.0013844023996307797
1063.3,1.4045439172964507,0.27681318117100395,11.006614507587997,0.0,-1,-0.0007805887331890915
1062.47,1.5361306099794092,0.13613329128465423,10.424180230875379,0.0,-1,-0.005609570152569021
1056.51,0.977246405489268,-0.14091697106849566,6.147323363008574,0.0,-1,-0.005215284285051691
1051.0,0.15720043611986512,-0.3203209801459662,2.3417098185762626,0.0,-1,-0.006812559467174184
1043.84,-0.8625892515747182,-0.44670355594684985,-2.3239669943834826,0.0,-1,0.01064339362354394
1054.95,-0.37476832445736363,0.013705790390168227,4.646141175257412,0.0,-1,-0.009848808000379239
1044.56,-0.9654605005273424,-0.19232879522660362,-1.9982461312397888,0.0,-1,0.013259171325725738
1058.41,-0.02618488018492826,0.24898227503860354,5.937012649460513,0.0,-1,0.030413544845570017
1090.6,3.128135003334819,1.1344340528527836,18.393127774431235,-13.739756895831988,-1,0.0015312671923712884
1092.27,4.58378369481693,0.8633609147782981,18.899912218504568,-7.74831106071133,-1,-0.009246797952887076
1082.17,4.087959399323154,0.12251220642817406,12.19825307584933,0.0,-1,-0.0008778657697035008
1081.22,3.420217301632647,-0.1817432970874444,11.572347100656387,0.0,-1,-0.022123157174303132
1057.3,0.80799481098461,-0.9313219292451604,-1.954065140542781,0.0,-1,-0.0004918187836943089
1056.78,-0.6087826685879918,-0.7826998029392542,-2.2076683747989847,0.0,-1,-0.00035958288385462556
1056.4,-1.2981061859918555,-0.49067444011437267,-2.411624504911174,0.0,-1,0.004988640666414135
1061.67,-1.0954257625278387,-0.09599800555011861,0.8223097081579311,0.0,-1,-0.0016954420865242792
1059.87,-1.0528000705853628,-0.017790771202547573,-0.3405435188022281,0.0,-1,-0.004094841820223127
1055.53,-1.305420552065243,-0.09013708422747602,-3.2087465983801806,0.0,-1,0.005996987295481926
1061.86,-0.7954457467999418,0.13994590701260845,1.3453645878341618,0.0,-1,0.017883713483886732
1080.85,1.108328801399466,0.6812401517373388,12.145261238148045,0.0,-1,0.005338391081093574
1086.62,2.448688675382755,0.6738666752402092,14.7842676216451,0.0,-1,-0.001849772689624718
1084.61,2.747311222758981,0.32416307420547863,13.082093361394577,0.0,-1,0.02497671974258031
1111.7,4.925179894550638,0.8340105819990455,23.506377619612493,-6.029038745213484,-1,0.0030943599892057083
1115.14,5.890349239233728,0.5997266422273784,24.521436072837233,-1.841528649187012,-1,-0.006779417830945156
1107.58,5.252071474972354,-0.012850374011332377,18.145986208393552,0.0,-1,0.00027988948879564823
1107.89,4.521093303260841,-0.24794284857428206,18.26966682468985,0.0,-1,0.004088853586547314
1112.42,4.1563464421333265,-0.20422990323393186,20.15138940282884,0.0,-1,-0.01714280577479743
1093.35,2.038444141391892,-0.774044067991789,4.917749732098727,0.0,-1,-0.001179860063108773
1092.06,0.7021226459050922,-0.7034551878261963,4.035796677977068,0.0,-1,0.00622676409721068
1098.86,0.5421183443361315,-0.2878198297983857,7.987530117637242,0.0,-1,-0.010410789363522022
1087.42,-0.5363936684761939,-0.45544394753690365,-0.04132177796959979,0.0,-1,-0.008506372882602808
1078.17,-1.8017835358427874,-0.5736112716344992,-5.568268436115261,0.0,-1,0.000519398610608679
1078.73,-2.237663174872523,-0.3364969702214118,-5.157795039481499,0.0,-1,0.0023917013525163178
1081.31,-2.0541310631479064,-0.050988286165598584,-3.148078135138306,0.0,-1,0.0023674986821540234
1083.87,-1.5778540853566483,0.14176289720855317,-1.095551371787522,0.0,-1,-0.013894655263084976
1068.81,-2.463227756014703,-0.2478702578165004,-10.952400356231898,0.0,-1,0.007569165707656422
1076.9,-2.026478945009103,0.06295951772969977,-4.407143404859887,0.0,-1,0.006992292691986313
1084.43,-1.0117312940890315,0.3592357228832572,1.031117347536238,0.0,-1,-0.002010272677812397
1082.25,-0.6017131941214302,0.25641794095028625,-0.5585785702542836,0.0,-1,-0.10494802494802502
968.67,-9.811561377960743,-2.9844767476296754,-32.36349787031303,55.332187692849516,-1,-0.023041902815200133
946.35,-15.458855355050446,-2.8772569082397936,-34.53562631062982,44.685528797709935,-1,-0.012490093517197653
934.53,-17.979264397341126,-1.799221983510158,-35.58059025713898,28.028626561564693,-1,0.008250136432217392
942.24,-17.09869688537458,-0.3062181571812026,-31.5850637146711,0.0,-1,-0.002048310409237586
940.31,-15.394355055610163,0.4660412241944041,-31.82112575119355,0.0,-1,0.004285820633620929
944.34,-12.923487886093767,0.978969464570266,-29.457936836213115,0.0,-1,0.009975220789122607
953.76,-9.82609697749433,1.358786791056568,-23.913468350679967,0.0,-1,0.002830900855561147
956.46,-7.233560108403481,1.3171078867158066,-22.306633911574437,0.0,-1,0.0008364176233193188
957.26,-5.267828331491046,1.0942798878760804,-21.79281246205881,0.0,-1,0.0067275348390196665
963.7,-3.309310082077218,1.0175993790966364,-17.50232917061936,0.0,-1,-0.010117256407595754
953.95,-2.866775117197335,0.48671144799217325,-20.470926595057698,0.0,-1,-0.0052203993920016956
948.97,-2.8216097083242175,0.17729228562176358,-21.926320736705534,0.0,-1,-0.005995974582968966
943.28,-3.0380595281939122,-0.013052511415977186,-23.57947241697961,0.0,-1,-0.013612077007887247
930.44,-3.9631128107793074,-0.31270193133379065,-26.978517358297886,0.0,-1,0.0019238209879195445
932.23,-3.946213384507132,-0.09860083502053829,-25.474471766730165,0.0,-1,0.008442122652135176
940.1,-2.9530792226620406,0.29817777560818426,-18.898216940193148,0.0,-1,-0.002861397723646464
937.41,-2.434588873184339,0.27222270836196216,-19.89444823642559,0.0,-1,-0.027960017495012757
911.2,-4.156627959013463,-0.4832721258223871,-27.646181826960543,0.0,-1,-0.009032045654082554
902.97,-5.357095172010304,-0.561246446273076,-29.488793270563722,0.0,-1,0.016069193882410238
917.48,-4.30173751417442,0.16470373718760278,-18.437759609799986,0.0,-1,-0.008381654096002111
909.79,-4.056413892408727,0.136675786317765,-20.826159385176645,0.0,-1,-0.009991316677474882
900.7,-4.353217590491795,-0.05337597058843446,-23.463564357684564,0.0,-1,0.0215499056289552
920.11,-2.521351306992301,0.5928301043036863,-10.489344928139673,0.0,-1,0.016802338850789633
935.57,-0.10697222299324949,1.0024030627675795,-2.312981935203034,0.0,-1,0.005600863644622978
940.81,1.5457983375890763,0.8850578744499684,0.2210178998569461,0.0,-1,0.01262741680041679
952.69,3.233367089747844,0.857542208869579,5.634593602906335,0.0,-1,0.020205943171440977
971.94,5.41187087501487,1.0120153313788682,12.898936629263645,0.0,-1,0.00799432063707628
979.71,6.697633528063761,0.7659259948092529,15.437046957387665,0.0,-1,0.0035520715313714923
983.19,7.072378727249543,0.38022373133167786,16.574966879813786,0.0,-1,-0.0037632604074492315
979.49,6.3620530995716535,-0.11003396544873745,14.082550377883663,0.0,-1,0.002828002327742052
982.26,5.707552527435041,-0.2548448458617836,15.167306846340054,0.0,-1,0.0001527090587012392
982.41,4.917172864080499,-0.3484081697387751,15.230488984776187,0.0,-1,0.003939292148899209
986.28,4.434718627063262,-0.27695413558533755,16.949062994703084,0.0,-1,-0.00013180841140447708
986.15,3.8130982896326486,-0.2995248243386506,16.82577988787574,0.0,-1,0.006459463570450685
992.52,3.715363263447898,-0.13241995017446717,19.84864945159734,0.0,-1,-0.006176197960746421
986.39,2.8460488117348177,-0.3339114672958492,13.647417116672742,0.0,-1,-0.009610803029227788
976.91,1.384220851567079,-0.5985798091545294,5.2229078159798235,0.0,-1,-0.022438095628051657
954.99,-1.2887115328140908,-1.0905040645119,-8.790671374865326,0.0,-1,0.01648184797746577
970.73,-1.2061184306035102,-0.33597032076710653,1.1082344070496575,0.0,-1,-0.0015040227457686628
969.27,-1.1859786769479115,-0.10527685570383594,0.23646137613560114,0.0,-1,-0.010121018911139257
959.46,-1.8945772437077721,-0.27129180748789894,-5.438303942239294,0.0,-1,-0.0014487315781793741
958.07,-2.2068284234453586,-0.19451432907516164,-6.216946603235307,0.0,-1,0.0002713789180330828
958.33,-2.1573849780270393,-0.048356961218947614,-6.013530435997573,0.0,-1,0.008660899690085877
966.63,-1.2612145071489067,0.2826045032197284,0.35781741101317266,0.0,-1,0.009900375531485706
976.2,0.08947193721917301,0.5444303158626027,6.671761592401751,0.0,-1,-6.146281499697093e-05
976.14,0.7523591646349814,0.4024391810928038,6.621593364550229,0.0,-1,0.015397381523142073
991.17,2.2736061812898924,0.6412287325825716,15.196829335038416,0.0,-1,0.01752474348497235
1008.54,4.2922625078432475,0.886628353045309,22.242872932192853,-4.132554082637284,-1,-0.0016062823487417166
1006.92,4.808902128799673,0.4677559913339113,20.75838352016234,0.0,-1,-0.015492789893933878
991.32,3.366480095211273,-0.32488868075149613,8.005260434459785,0.0,-1,-0.013214703627486557
978.22,1.2730624038161977,-0.8061021240488571,-0.34509549196906164,0.0,-1,-0.008566580114902522
969.84,-0.5780683088660226,-0.8857442789103592,-4.954253612366749,0.0,-1,0.009310814154912084
978.87,-0.7029613061350801,-0.3368790920598057,0.5423469959460192,0.0,-1,0.0032588597055789315
982.06,-0.44099436259170943,-0.024970716172145024,2.4107152057952987,0.0,-1,0.0036963118343076307
985.69,0.02923863939599869,0.14842076193852105,4.580157117430694,0.0,-1,0.006137832381377439
991.74,0.7660852537735536,0.29508912543869203,8.116002106628983,0.0,-1,-0.016375259644664908
975.5,-0.2826652101855416,-0.2512204461734677,-2.8350349299835855,0.0,-1,-0.015520246027678097
960.36,-2.04515167464956,-0.6712356368791619,-10.537673844774822,0.0,-1,-0.009975425881960986
950.78,-3.5542989339941187,-0.7267942987412401,-14.602061445759986,0.0,-1,-0.021508656050821306
930.33,-5.716847652500292,-0.9631143390824715,-21.551594946924357,6.523920899002292,-1,-0.0030526802317457635
927.49,-6.558384707378309,-0.6015504646534966,-22.388077422814046,2.690089227960584,-1,0.008345103451250058
935.23,-5.7876211758691625,0.056404355618550284,-16.469698789333755,0.0,-1,-0.0021278188253156527
933.24,-5.085770978792198,0.252751517565172,-17.234970868715507,0.0,-1,-0.0007500750075007945
932.54,-4.369364965354293,0.32305251033435844,-17.524661568958862,0.0,-1,-0.019891908121903557
913.99,-5.1928815448558225,-0.1668213563890566,-24.23270896356679,0.0,-1,0.01952975415485958
931.84,-3.6843997058686,0.4472201608660553,-10.804199512186955,0.0,-1,0.030530992445054972
960.29,-0.25229214421926827,1.2931092408384626,3.948662716122719,0.0,-1,-0.01152776765352126
949.22,0.5622859819569612,0.7025624556715643,-1.1731560336087625,0.0,-1,0.005383367396388561
954.33,1.3485512132153872,0.4962758956433302,1.2029606548904184,0.0,-1,-0.0011526411199480613
953.23,1.5376378944099542,0.22845419227929908,0.6405503690312457,0.0,-1,0.004741772709629277
957.75,1.8807114104730545,0.19050923611413317,2.997665783105674,0.0,-1,0.0007517619420516208
958.47,1.9555222176319376,0.08844001442433869,3.3916023214961086,0.0,-1,0.0077206381003056546
965.87,2.4466341030753256,0.19318396662257564,7.462887787344862,0.0,-1,-0.002981767732717633
962.99,2.2483038705407807,-0.0017154219706565499,5.371326623133079,0.0,-1,0.005877527284810835
968.65,2.433446765061717,0.06114249085009327,8.65729545318652,0.0,-1,0.0062767769576215215
974.73,2.829897648567112,0.15253112478516284,11.997027813489403,0.0,-1,-0.011500620684702478
963.52,1.8581316196058424,-0.2730783013920357,3.1939499172333328,0.0,-1,-0.01023331119229498
953.66,0.39573763682471963,-0.5784907613910529,-3.2881999987624724,0.0,-1,-0.0203112220288153
934.29,-1.9826041576345688,-0.985610851950114,-13.102582814895001,0.0,-1,-0.013668133020796502
921.52,-4.070724708394664,-1.0245771342367367,-18.023893075562707,0.0,-1,0.005284746939838492
926.39,-4.369724591408385,-0.44119233908348576,-14.38503379214118,0.0,-1,-0.007318731851595928
919.61,-4.7200808169645825,-0.26384952154656105,-17.106900190076217,0.0,-1,-0.0014027685649350419
918.32,-4.609418861662334,-0.05106252208143758,-17.62989322666661,0.0,-1,0.03469378865754846
950.18,-1.5149696455392814,1.0144622313472054,2.9144513512635726,0.0,-1,-0.011218926940158691
939.52,-0.7298309003494978,0.5998669921789963,-2.454971699384359,0.0,-1,-0.004630023841961872
935.17,-0.6389422860588638,0.23025186882321014,-4.546253480340077,0.0,-1,-0.014863607686303015
921.27,-1.6985861217419824,-0.27646398895330293,-10.685844334713757,0.0,-1,0.01224396756651136
932.55,-1.1468591961049697,0.0917543122279032,-4.097196515903349,0.0,-1,-0.014208353439493893
919.3,-1.8795908002778106,-0.21365909731497923,-9.794376798949521,0.0,-1,-0.02127705863156748
899.74,-3.7193240356742763,-0.6844641109038152,-16.594921652875257,0.0,-1,0.0048903016426966595
904.14,-3.962580317066454,-0.30924013076533097,-13.893723609032058,0.0,-1,0.011060234034552252
914.14,-2.9206600980069197,0.2442266960980679,-7.957257967899885,0.0,-1,0.005152383661146009
918.85,-1.7638116469765919,0.46702504904279873,-5.269833223589984,0.0,-1,-0.00020678021439846095
918.66,-1.0542364508801256,0.3922000817130884,-5.3626053484747445,0.0,-1,0.0014151046088868302
919.96,-0.5032624819251623,0.31439135022268394,-4.503223031276114,0.0,-1,0.01016348536892897
929.31,0.5933297093794181,0.47032784717575493,1.511731128972869,0.0,-1,-0.009953621504126708
920.06,0.3213483292500996,0.06611548901547881,-4.061128132217576,0.0,-1,-0.0006412625263568783
919.47,0.10941194508131957,-0.048606965051100404,-4.410672960657585,0.0,-1,-0.017270819058805564
903.59,-1.3290072424265418,-0.49567538418632073,-12.86155830014534,0.0,-1,0.009462256111732126
912.14,-1.2249662326448743,-0.13054479146821785,-6.586406318460163,0.0,-1,0.013199728111912501
924.18,-0.06753187503375102,0.34229652204763517,1.057922642050798,0.0,-1,0.005972862429396875
929.7,0.9768129600247448,0.46221378570204374,4.209124899319384,0.0,-1,0.009960202215768543
938.96,2.1892509642185587,0.5582172632986193,9.115714072254065,0.0,-1,-0.011960040896310864
927.73,1.6771990526306126,0.015388450570224421,1.6571165344092122,0.0,-1,0.021180731462817848
947.38,2.9189065091173916,0.41903196901900097,11.179675735130544,-1.6273357777251931,-1,0.001456648863180643
948.76,3.4115180282676647,0.3038811627230915,11.767340512809241,-0.06687209303038344,-1,0.018835111092373236
966.63,4.862697285487229,0.5850201399808856,18.605342323534416,-9.088125949307596,-1,0.014804009807268592
980.94,6.375562140306329,0.6992949982666614,22.91545666781768,-12.509072179836153,-1,0.00046893795746938416
981.4,6.6390310560236685,0.32092130466133373,23.047618446386025,-3.5035210234522083,-1,-0.010974118606072891
970.63,5.320012925880405,-0.3326989418273101,14.81941827552167,0.0,-1,-0.003647115790775035
967.09,3.9221694503187337,-0.576847472462994,12.258235092948198,0.0,-1,-0.009316609622682437
958.08,2.1455669250113942,-0.7844833325901113,6.000639168492981,0.0,-1,-0.01063585504342024
947.89,0.22930175194005642,-0.9002495018871497,-0.2792921898283893,0.0,-1,-0.006551393094135438
941.68,-1.2654393139239346,-0.7983301892503804,-3.7883332680540605,0.0,-1,-0.001985812590264202
939.81,-2.0631899040289454,-0.5320269264517972,-4.8543752645052365,0.0,-1,-0.00634170736638251
933.85,-2.78679937374568,-0.41854546538951043,-8.26392064004505,0.0,-1,0.00517213685281348
938.68,-2.513870827458618,-0.048538973034149446,-4.553990812561111,0.0,-1,0.006935270805812577
945.19,-1.6254173186935077,0.2799715119103203,0.19528904854831097,0.0,-1,-0.007776214306118412
937.84,-1.658239121086467,0.08238323650578705,-4.746839040920165,0.0,-1,-0.0035827006738889944
934.48,-1.8164634288591515,-0.0252803570889657,-6.9021789954590105,0.0,-1,0.004526581628285342
938.71,-1.3917036303404302,0.1331598138099186,-3.3479671111864846,0.0,-1,-0.0018323017758413718
936.99,-1.2066817618861023,0.1060605607547489,-4.628363473482622,0.0,-1,-0.0199361786144997
918.31,-2.5702806808351397,-0.4191794527314294,-15.916533314924386,0.0,-1,-0.020777297426794794
899.23,-4.627890083573334,-0.8255962851565415,-23.42122750345706,7.323885019097702,-1,-0.029313968617595054
872.87,-7.467703944644654,-1.2218033820759544,-30.135412645128383,18.137597447771782,-1,0.008821473988108286
880.57,-7.623635546459923,-0.45924499463040735,-24.062984152800233,0.1383750543889164,-1,-0.033273902131573996
851.27,-9.507965051829274,-0.7811914999999203,-30.35647649776694,13.169396402360917,-1,-0.00886910146017117
843.72,-10.286966050194792,-0.5200641661218128,-31.63249971925736,6.7200266600098075,-1,0.01995922817996476
860.56,-8.415886045194611,0.450338612959456,-20.312995324923012,0.0,-1,0.0015455052523938306
861.89,-6.6681888722616804,0.7326785952974619,-19.46768881916346,0.0,-1,0.024573901541960153
883.07,-3.473657879773441,1.3090698625952335,-7.282497268222556,0.0,-1,-0.009217842300157542
874.93,-2.2652542268815523,0.8391578384957077,-10.25924201842274,0.0,-1,-0.005188986547495222
870.39,-1.8506145481953808,0.4179325057272929,-11.904370544077835,0.0,-1,-0.00982318271119842
861.84,-2.2015768298360854,0.02232340802886279,-14.941252013922217,0.0,-1,0.0029587858535227163
864.39,-1.9810932348367487,0.08093566767606664,-13.26984952089299,0.0,-1,0.0108284454933536
873.75,-0.9257603344340168,0.37875618935959965,-7.259482837459451,0.0,-1,0.0004463519313304687
874.14,-0.2884471896965124,0.3386897780323681,-7.008761082657756,0.0,-1,-0.010364472510124179
865.08,-0.7007533515196656,-0.024538794596928315,-11.374337730037624,0.0,-1,-0.02792805289684197
840.92,-2.861843653137953,-0.7285430320717388,-20.307965232433077,0.0,-1,0.017350045188603058
855.51,-2.4880684995189313,-0.11825595948423917,-10.862609431194286,0.0,-1,0.0090939907189862
863.29,-1.445508547749455,0.30810133076174573,-6.375314965098937,0.0,-1,-0.003579330236652689
860.2,-1.0612695262190073,0.23078011743073112,-7.749981247363749,0.0,-1,0.004684956986747313
864.23,-0.44487755493548775,0.28239069623808355,-5.228074990289251,0.0,-1,-0.005299515175358427
859.65,-0.48127510638244075,0.08199771493037689,-7.567931460038437,0.0,-1,-0.01855406269993598
843.7,-1.7885342899073748,-0.4084204895315191,-14.70540283735702,0.0,-1,-0.004160246533127854
840.19,-2.5856193575108364,-0.40183518571166044,-16.099707071749165,0.0,-1,-0.025815589330984712
818.5,-4.5761936115200115,-0.7974698132402787,-23.332965290601837,10.260422116299424,-1,0.020549786194257846
835.32,-3.7884646042311942,-0.0032469353171538096,-11.944677257268701,0.0,-1,-0.027103385528899238
812.68,-4.96556138356766,-0.39344790488453985,-19.117358860737454,6.074117635229982,-1,-0.05174238322586988
770.63,-8.644479657938518,-1.3574553930851332,-27.765755346514485,27.62981765805796,-1,-0.03485459948353942
743.77,-12.001898823629176,-1.5716248529252645,-31.452223663053687,31.002279673833414,-1,0.029525256463691862
765.73,-10.850450171172042,-0.14005873348937747,-20.790083909467256,0.0,-1,-0.015475428675904124
753.88,-10.35802166401254,0.11745659122337493,-22.915780407263416,0.0,-1,0.026303921048442813
773.71,-7.596138938431636,0.9597797722680923,-14.225385328702416,0.0,-1,0.01600082718331164
786.09,-4.5505193307719765,1.3351331266425843,-9.321028243412371,0.0,-1,-0.00965538297141555
778.5,-3.280999582711047,0.8682176249011713,-11.332438990267327,0.0,-1,0.021348747591522166
795.12,-0.9878230767880041,1.0537980436080714,-4.746280846162726,0.0,-1,-0.0046030787805614315
791.46,-0.06391623409422209,0.6592349621006178,-5.9048976699085785,0.0,-1,-0.014517474035327105
779.97,-0.5541364599060898,0.05633824542958332,-9.520014486611572,0.0,-1,0.01126966421785447
788.76,-0.020568534486528733,0.19663539028304816,-5.6424038205344615,0.0,-1,0.02493787717429874
808.43,1.8870961394304686,0.7014333547333484,2.114342731613746,0.0,-1,-0.009203023143623978
800.99,2.063670464769757,0.292669226690879,-0.7698918116439657,0.0,-1,0.006342151587410694
806.07,2.4033184220419344,0.21077239465435227,1.27591793075851,0.0,-1,0.02405498281786933
825.46,3.9886991988411182,0.5987177238178454,8.387334611788418,0.0,-1,0.048748576551256306
865.7,7.80233132067076,1.470783281882496,18.865622032007536,-7.846598370159427,-1,0.007612336837241385
872.29,9.608119771529573,1.0921905775804372,20.229681147052347,-6.655830580230145,-1,-0.01742539751688077
857.09,8.443670682664788,-0.02408617042811656,13.140197596123961,0.0,-1,0.008890548250475527
864.71,7.792806914677044,-0.22498331280528738,15.102462169577763,0.0,-1,0.007135340171849469
870.88,7.332141121126824,-0.22854970211850212,16.697493315454153,0.0,-1,-0.013538030497887155
859.09,5.508296464257796,-0.6841314529958433,10.797565451774716,0.0,-1,-0.0037248716665309045
855.89,3.8706827638017103,-0.7739150511506434,9.217833621976077,0.0,-1,0.00880954328243111
863.43,3.357652349923569,-0.42898182167626153,11.815386723084409,0.0,-1,0.002953337271116352
865.98,3.0338327804909113,-0.2509337970363066,12.707945405295021,0.0,-1,-0.012275110279683088
855.35,1.7332702640669595,-0.5171654378200863,6.581947443876231,0.0,-1,0.009504881042847968
863.48,1.616049817182784,-0.21146196156808728,9.910105630069765,0.0,-1,0.026161578727938117
886.07,3.3052687756420482,0.4925856656303922,17.58200570150983,0.0,-1,-0.011251932691548117
876.1,3.043605856901536,0.07697424896329341,11.783977699715244,0.0,-1,-0.001860518205684225
874.47,2.5233072427894285,-0.14777478838293812,10.835867381565635,0.0,-1,-0.016730133680972425
859.84,0.8337156655009039,-0.612455455223821,2.761405699145513,0.0,-1,-0.0033145701525865157
856.99,-0.31805642860172156,-0.5880758497754823,1.287982467027824,0.0,-1,-0.017561465127947762
841.94,-2.1216044399361635,-0.7972079537033081,-5.932678301118472,0.0,-1,0.01988265197044914
858.68,-1.4515780756087224,-0.04239386312528892,2.3569868988882163,0.0,-1,0.006265430661014593
864.06,-0.5472667204776371,0.2873058306685988,4.7517233808490715,0.0,-1,-0.029523412725968146
838.55,-2.175338816205681,-0.4469220883531482,-6.711707974726814,2.140928160303929,-1,-0.018436586965595247
823.09,-4.096429962719185,-0.7893377449555508,-12.060599889460761,9.32394090359719,-1,0.00950078363240947
830.91,-4.0639397057493625,-0.2522824959952428,-8.030598679398743,0.0,-1,-0.018654246548964415
815.41,-5.0006996017853,-0.3963474640103932,-13.281740310673193,4.952139150430298,-1,0.011061919770422257
824.43,-4.300687916321181,0.10122140715124228,-8.545368055998892,0.0,-1,0.002377400143129149
826.39,-3.4289580805623245,0.32431708097003265,-7.506192194740429,0.0,-1,-0.0019482326746451673
824.78,-2.8415133226360467,0.3039206129654368,-8.183631082471585,0.0,-1,-0.03189941560173615
798.47,-4.503498166786471,-0.45268807706166303,-17.570775508008232,1.9425179434520032,-1,-0.007151176625295963
792.76,-5.435032408296252,-0.46140743952381413,-19.236108925201716,0.0,-1,-0.008363186840910197
786.13,-6.000380161693101,-0.34225173097355466,-21.14763803630129,0.0,-1,-0.0063221095747523215
781.16,-6.197189024917066,-0.17968686473250628,-22.567373382081485,0.0,-1,0.002099441855701656
782.8,-5.6424943711192554,0.12500259635510158,-21.281355747663266,0.0,-1,-0.007652018395503335
776.81,-5.3941058466272125,0.12446370694904818,-23.208205238471578,0.0,-1,-0.001042726020519802
776.0,-4.887902763828947,0.2102222632491042,-23.475595257411275,0.0,-1,0.01141752577319588
784.86,-3.4891426587772685,0.5363274561002607,-15.527334929947031,0.0,-1,-0.00914812832861922
777.68,-3.097334051353414,0.30937868784137157,-18.587081587915016,0.0,-1,0.004011932928710937
780.8,-2.383318576695274,0.3411313874998374,-15.768589764697715,0.0,-1,0.0004610655737704583
781.16,-1.7977009579749392,0.30891633540672414,-15.423909557338575,0.0,-1,0.006055097547237542
785.89,-0.9609170687834876,0.3819000748660586,-10.774126686769215,0.0,-1,0.08134726233951328
849.82,4.865051298210801,2.0692894806201165,20.602548336196676,0.0,-1,0.006083641241674709
854.99,7.8034478735236235,1.66922868531098,21.905857081526463,-0.6602369517815987,-1,0.016877390378834844
869.42,9.82485883838649,1.230213216724616,25.30163381465954,-5.305244882038664,-1,-0.009121023210876156
861.49,9.355992750952396,0.25378237643017343,20.125964336165183,0.0,-1,-0.0007661145225132948
860.83,8.286893644655947,-0.2717722432887584,19.68305224216158,0.0,-1,0.020062033154049086
878.1,8.50093628778643,-0.019243200052757814,24.386474271185207,0.0,-1,-0.004600842728618715
874.06,7.562879585369501,-0.3190999674898958,21.5031073791764,0.0,-1,-0.00014873120838387877
873.93,6.452777935380141,-0.47640053915975233,21.404149845429714,0.0,-1,-0.011591317382399047
863.8,4.51582894910382,-0.8044498418120245,13.76366682640053,0.0,-1,0.003276221347534136
866.63,3.40686871020705,-0.6378033602362647,14.928558288077127,0.0,-1,0.0015808361122970904
868.0,2.682649531574725,-0.45400751295619646,15.524688373914358,0.0,-1,-0.0078917050691244
861.15,1.5261524812939342,-0.5368348544123291,9.871005216131564,0.0,-1,-0.03757765778319688
828.79,-1.8759420839542145,-1.3129764732201594,-8.79205600442095,0.0,-1,0.013320624042278517
839.83,-2.5006608595821262,-0.6458984162826904,-2.5791095759336073,0.0,-1,0.0294702499315338
864.58,-0.5421318424309902,0.4375435336228153,8.377391292808646,0.0,-1,0.006627495431307473
870.31,0.9598103196805141,0.6464952319114399,10.495008847555845,0.0,-1,-0.01938389769162696
853.44,0.22496387409626095,-0.029450404557604393,1.8633077099788693,0.0,-1,0.01027605924259456
862.21,0.5696269951295108,0.1050709054918818,5.52853013994109,0.0,-1,0.0056714721471566865
867.1,1.1019896393853514,0.21247784991590757,7.531867151892811,0.0,-1,-0.011071387383231435
857.5,0.47633849156443375,-0.13772443263500334,2.3843915237118836,0.0,-1,-0.0328396501457725
829.34,-2.2228486233096874,-0.9456371825030416,-9.44261177703374,3.7472717311903807,-1,0.0012298936503725155
830.36,-3.3022047954709706,-0.6749977848881086,-8.907348680107077,0.0,-1,0.028144419288019584
853.73,-1.619199148595726,0.33600262066237874,2.078134562017418,0.0,-1,-0.0018155622972134688
852.18,-0.7719297294418084,0.39442401327209886,1.3721296288055598,0.0,-1,0.007979534840057312
858.98,0.28269912425537314,0.48301762232309353,4.386394573522381,0.0,-1,0.003434305804558724
861.93,1.0322886240826392,0.41086904071678654,5.709745252661492,0.0,-1,0.002529207708282577
864.11,1.5027259886560387,0.29376880176339526,6.740265110517328,0.0,-1,0.012509981368112877
874.92,2.5135508385548064,0.4348645505540545,11.655837880675875,0.0,-1,-0.002343071366524896
872.87,2.638667360291265,0.18666035743017106,10.214139475478632,0.0,-1,0.0067478547779165066
878.76,2.9721700078018785,0.17338766831359465,12.977780255858399,0.0,-1,-0.001797988074104473
877.18,2.7595738309070157,-0.013069502860422855,11.700342654836014,0.0,-1,-0.007170706126450654
870.89,1.8991445898839174,-0.29116624796117385,6.620211953262391,0.0,-1,0.00912859258919041
878.84,1.9731679202154737,-0.07238097254320586,11.11624488070224,0.0,-1,-0.0009558053798188748
878.0,1.7757489253632457,-0.08993332246514463,10.381535042960046,0.0,-1,-0.012198177676537636
867.29,0.6365603508235154,-0.40970729900162506,1.5947088820588178,0.0,-1,0.016084585317483358
881.24,1.176419367651647,0.04338390594216879,10.015642341079499,0.0,-1,0.02151513776042857
900.2,2.9283139287614404,0.5984261556839874,18.33467705929985,-1.0300197577353174,-1,-0.003843590313263756
896.74,3.2719017152528522,0.3140046473917999,15.568540685462281,0.0,-1,0.00399223855298092
900.32,3.4693704655608144,0.1704911325665872,17.099620285157314,0.0,-1,0.016394170961435917
915.08,4.5089906352513935,0.4033704340857218,22.667421969979756,0.0,-1,-0.006425667701184579
909.2,4.163051500492429,0.019143766442252463,17.603353741293176,0.0,-1,-0.01757589089309286
893.22,2.3114943080719286,-0.6108044753260828,5.850489520481204,0.0,-1,-0.004075143861534625
889.58,0.8897578528557233,-0.677513643514096,3.496612032373122,0.0,-1,0.002439353402729383
891.75,0.28557647084289783,-0.42723167517564054,4.759599816874214,0.0,-1,-0.01965797589010365
874.22,-1.501145592733792,-0.7379845795841101,-5.9731666253829445,0.0,-1,0.0005490608771248073
874.7,-2.229411158460948,-0.4887500484370888,-5.641374499842648,0.0,-1,-0.009820509889104878
866.11,-3.12359301145284,-0.4609773004763271,-10.318545004894233,0.0,-1,-0.02737527565782638
842.4,-5.2862178536610145,-0.8745340475615002,-20.014866203753606,6.820775235324163,-1,0.01758072174738845
857.21,-4.69284545362666,-0.09372054917571493,-9.862740323666799,0.0,-1,-0.006066191481667316
852.01,-4.438422132473875,0.05356759065902317,-12.011672365543511,0.0,-1,-0.0398352132017229
818.07,-6.769675294191302,-0.7592285236861347,-22.636336134326353,12.645106987647637,-1,0.004914004914004844
822.09,-7.03616226720078,-0.3419051655652039,-20.057685471238333,0.018737588119847715,-1,-0.006094223260227016
817.08,-7.000558898105396,-0.10210059882327371,-21.460665800045298,0.0,-1,0.0026680374014784736
819.26,-6.21771063871563,0.22691588685549746,-19.87766599069454,0.0,-1,0.012608939774918948
829.59,-4.447310622461146,0.6657719677033276,-12.57899620297303,0.0,-1,0.002145638206825007
831.37,-3.0431680624620867,0.689971509234129,-11.35208862651784,0.0,-1,0.015997690558956945
844.67,-0.9791661105907679,0.9179911537018159,-2.7637690618077286,0.0,-1,0.00472373826464767
848.66,0.46693204122743737,0.7880297685066738,-0.4114989001712388,0.0,-1,0.003534984563900778
851.66,1.4010701137009391,0.574055946993392,1.3986149218457413,0.0,-1,0.0005870887443346628
852.16,1.7930499737959735,0.32201193569614217,1.7196503197604045,0.0,-1,0.008683815245963178
859.56,2.45628573936051,0.32841590042022606,6.45018072138798,0.0,-1,0.00421145702452419
863.18,2.8848798105293554,0.252336657196357,8.652224370299024,0.0,-1,-0.02103848559975896
845.02,1.3454368619029538,-0.4290354304766817,-4.24376374277891,0.0,-1,-0.004993964639890214
840.8,0.11192898243120908,-0.5541811033161422,-6.701831019485397,0.0,-1,-0.004055661274976141
837.39,-0.7983190391738617,-0.48814304164040445,-8.694130661826286,0.0,-1,0.009123586381494908
845.03,-0.5502497967120235,-0.08002459972618875,-2.6618977526656735,0.0,-1,-0.0016804137131225527
843.61,-0.49869435908840387,-0.009489720700856408,-3.6457401954823965,0.0,-1,0.004705966026955721
847.58,-0.10052544368591043,0.12955973156721237,-0.3923301431453723,0.0,-1,-0.0034451025271952096
844.66,-0.1363971990108439,0.031229325414092957,-2.7349073381596156,0.0,-1,-0.0031136788767077705
842.03,-0.36213331008912064,-0.06483559522139459,-4.867767054270615,0.0,-1,0.008289490873246708
849.01,0.13684307687924502,0.14471359724899038,1.5759970088751203,0.0,-1,-0.010117666458581254
840.42,-0.3409056527098073,-0.11101171078002067,-5.56052338905468,0.0,-1,-0.002891411437138558
837.99,-0.7538712131118928,-0.17465909039403538,-7.412729390600042,0.0,-1,0.005799591880571331
842.85,-0.49253139222037134,0.028893576832495382,-2.5458943503932545,0.0,-1,0.0059203891558403665
847.84,0.0950161342437923,0.20548036776555303,2.0875950144018915,0.0,-1,0.002382525004717806
849.86,0.5492052196223085,0.2198898177146898,3.9154148215673885,0.0,-1,0.005259689831266456
854.33,1.1030326606762628,0.2579057529228814,7.867416685274897,0.0,-1,-0.003874381093956769
851.02,1.0121936594803174,0.05568891724231195,4.053565315020165,0.0,-1,0.001421823223896057
852.23,0.9832580205921886,0.008917759451394391,5.251472809853894,0.0,-1,-0.0019360970629993535
850.58,0.7493520327655006,-0.07499607612509784,3.1518284546684825,0.0,-1,-0.009111429847868502
842.83,-0.07588029721159728,-0.30007613536739863,-5.644891633266582,0.0,-1,-0.010713904346072223
833.8,-1.2346731040992154,-0.4862896474183389,-13.471564384530247,0.36031368576425393,-1,-0.021983689134084772
815.47,-3.238680082201313,-0.830098875173479,-23.870636101391163,10.967618929188461,-1,0.005346609930469537
819.83,-3.6074602310690125,-0.39962634134705954,-18.70157452913564,2.551164868103797,-1,0.028505909761779913
843.2,-1.54372861958052,0.5547017567138108,1.5074254169420556,0.0,-1,-0.015002371916508661
830.55,-1.4373854288711527,0.22034831580772596,-6.235262640058764,0.0,-1,0.007139847089278284
836.48,-0.7702650477771158,0.2958228989672542,-2.1519369461512596,0.0,-1,-0.010328997704667109
827.84,-1.0925161032487267,-0.00880938550145216,-7.184848708137167,0.0,-1,-0.00274207576343255
825.57,-1.35176528904708,-0.08935285709993512,-8.46036849327291,0.0,-1,0.013021306491272755
836.32,-0.47290944119231426,0.2631676635849436,-0.5381131266250279,0.0,-1,0.021068490529940753
853.94,1.4742609361677523,0.7367793469816701,9.465687552841871,0.0,-1,0.02131297280839406
872.14,3.8416577135004673,1.0347253747714618,16.96953039203987,-3.790438901986249,-1,-0.005733024514412821
867.14,4.288551292708462,0.49387298465981866,13.387567271054145,0.0,-1,0.019362502018128502
883.93,5.553785474586789,0.5863690555127157,19.47854804681161,-4.462110537440708,-1,-0.0012896948853415857
882.79,5.628587109310388,0.22039023007877123,18.617347663128868,0.0,-1,-0.0037154929258373937
879.51,4.923605667562924,-0.1615304038895644,16.00195579868688,0.0,-1,-0.004752646359904911
875.33,3.8124811410590382,-0.42421831013114986,12.622157400970067,0.0,-1,0.000765425610912418
876.0,2.9950454493854295,-0.413884667268253,12.95995881499882,0.0,-1,-0.02220319634703205
856.55,0.715907149433292,-0.8976743224067969,-1.2507936733112075,0.0,-1,-0.009713385091354776
848.23,-1.176654262995612,-0.9300785782785672,-5.973864096063991,0.0,-1,0.0031830989236409923
850.93,-1.7998804472937309,-0.5177682541922288,-4.084449720081928,0.0,-1,0.013197325279400207
862.16,-1.0256701688350631,0.08548067475547971,3.2140102509424864,0.0,-1,0.00566020228263886
867.04,-0.14642584886939858,0.32157499824038144,6.075939247999976,0.0,-1,0.004924801623915842
871.31,0.6612317985192249,0.376410881876335,8.541534584005184,0.0,-1,-0.009101238365220143
863.38,0.3491246390035485,0.02143457412021954,2.464550793929213,0.0,-1,0.007447473881720512
869.81,0.6998106726621245,0.1240402025929318,6.53000301545169,0.0,-1,-0.004196318736275684
866.16,0.5126694667695801,-0.02103366776653748,3.636707764846193,0.0,-1,0.01078322711739177
875.5,1.1547097415924554,0.20700220235211264,9.526453057797156,0.0,-1,0.014814391776127867
888.47,2.4603374005379237,0.5042099537658604,16.15945577885202,0.0,-1,0.010996432068612227
898.24,3.722289779965763,0.5887207777312331,20.241370391578627,-2.275914820137359,-1,-0.006958051300320678
891.99,3.522241821349212,0.12955760637156066,14.694631001580362,0.0,-1,-0.005885716207580827
886.74,2.691197690261788,-0.23382884157195427,10.253783263508446,0.0,-1,0.022915397974603513
907.06,3.7447424838629786,0.27323865067641195,19.312731318161298,-1.3740210622612494,-1,0.004487024011642138
911.13,4.298619673674921,0.27570528016278484,20.794157149707388,-0.24963622483460313,-1,0.00751813681911484
917.98,4.788173295774641,0.2550863007541686,23.212447104069994,-0.6905717499599859,-1,-0.014117954639534691
905.02,3.5539356655099255,-0.3263837765035156,12.35810602434303,0.0,-1,-0.008762237298623132
897.09,1.9798222115850876,-0.6334990768094513,6.648183617059885,0.0,-1,0.01102453488501709
906.98,1.8519469669905675,-0.2537914404679906,11.529587362004648,0.0,-1,0.0032084500209486055
909.89,1.876180430777481,-0.07651932556035912,12.895485681308053,0.0,-1,-0.002198067898317335
907.89,1.5652821267727859,-0.12913920985501814,11.23518384100484,0.0,-1,-0.03872715857647946
872.73,-1.6506072024607192,-1.115009513029508,-9.597720009510269,0.0,-1,0.0160530748341412
886.74,-1.9535012668723084,-0.472634525813699,-1.7959780655190585,0.0,-1,0.010668290592507512
896.2,-1.1538231935054455,0.1090145158510547,2.8361608663326408,0.0,-1,-0.013322918991296673
884.26,-1.652832224029794,-0.1299981715577645,-3.05192348654392,0.0,-1,-0.002770678307285279
881.81,-1.9687673872895175,-0.14864444493916262,-4.2152009902338605,0.0,-1,-0.013426928703462071
869.97,-2.949337686645208,-0.3764049147649513,-9.591477592774197,0.0,-1,0.0029081462579167994
872.5,-2.9830113624359456,-0.1366928635185629,-7.975153273710724,0.0,-1,0.009891117478510125
881.13,-2.0320972534617567,0.2714070818185421,-2.570879281085247,0.0,-1,0.0018612463541134439
882.77,-1.2506320945194602,0.3509574135869462,-1.5561126891110888,0.0,-1,0.0009628782128980884
883.62,-0.6848468405049744,0.30558088920047743,-0.9893090689805177,0.0,-1,-0.003644100405151618
880.4,-0.61321697678909,0.12573691763878725,-3.156972465244479,0.0,-1,0.011665152203543805
890.67,0.329532703134646,0.3561621991875078,4.045779867326047,0.0,-1,0.007589791954371483
897.43,1.336779817835236,0.4544697712960325,8.189212952702462,0.0,-1,-0.0028525901741639492
894.87,1.5156717236992563,0.21112055905335092,6.062267517443246,0.0,-1,0.008057036217551161
902.08,2.0796450329896743,0.2583646227812564,10.572192174398587,0.0,-1,-0.006873004611564482
895.88,1.6716612682190544,-0.04987304732978792,5.162307733376018,0.0,-1,-0.02348528820824214
874.84,-0.4249690531844408,-0.7155011229110944,-8.73445921285903,0.0,-1,-0.0029033880481003083
872.3,-1.6495367927875577,-0.6466896208380706,-10.083332324658208,0.0,-1,-0.001215178264358574
871.24,-2.212692596523425,-0.40328180819131276,-10.679315859068303,0.0,-1,0.011684495661356209
881.42,-1.4615461153478009,0.11595489099477052,-2.3402868470200033,0.0,-1,0.010244832202582321
890.45,-0.21167736514757962,0.45527454706499726,3.9034006713899814,0.0,-1,0.0013251726655061358
891.63,0.5292301237147967,0.39872734530912457,4.688216876087758,0.0,-1,0.01040790462411545
900.91,1.6289146911697117,0.49947063758801336,10.556346147739205,0.0,-1,-0.007903120178486156
893.79,1.4496807506329787,0.10674556568376015,4.535502533827483,0.0,-1,-0.03576902851900321
861.82,-1.4249096155214147,-0.9226149334902114,-13.546792890849325,0.0,-1,0.020178227472093857
879.21,-1.294295663971866,-0.2640003273135543,-2.9381986953167996,0.0,-1,-0.005982643509514163
873.95,-1.5594640495327212,-0.17638957095813645,-5.438365390356523,0.0,-1,0.008650380456547868
881.51,-0.9320929048520838,0.1503271912408337,-1.1028651769051478,0.0,-1,-0.013227303150276204
869.85,-1.5123995904407366,-0.14332649811593967,-6.881516834513057,0.0,-1,-0.008921078346841416
862.09,-2.323186300698353,-0.3180377361245186,-10.346824044539616,0.0,-1,-0.014348849888062731
849.72,-3.5658141307688993,-0.5202218553983551,-15.28793082127757,2.8195607178299724,-1,0.0005295862166359022
850.17,-3.85247686824016,-0.26896153095653874,-14.960742684882483,0.0,-1,0.0004469694296433957
850.55,-3.643101831289073,-0.019862164668484006,-14.656719375634147,0.0,-1,0.001845864440656042
852.12,-3.1039891602060834,0.17308350213816848,-13.2968060085377,0.0,-1,-0.005410036145143904
847.51,-2.959933727980683,0.1057129781211894,-15.653680959929659,0.0,-1,-0.0005899635402532022
847.01,-2.682911534536288,0.1275783905218617,-15.917430421150456,0.0,-1,0.0007792115795561827
847.67,-2.265824476602802,0.18155514948511575,-15.183290094583057,0.0,-1,0.0035745042292403273
850.7,-1.6159622412524186,0.2771391282784996,-11.67921173475984,0.0,-1,0.0103444222405078
859.5,-0.4230342701396239,0.49002236646376485,-2.561196578027328,0.0,-1,-0.005991855730075546
854.35,-0.2204840954049132,0.2308575137328252,-6.721419043643564,0.0,-1,0.014572482003862408
866.8,0.9366646665795315,0.46266875857242334,4.092559868900594,0.0,-1,-0.010452238117212631
857.74,0.6821836586901782,0.06939591689435665,-3.1322853128582793,0.0,-1,-0.006248979877352179
852.38,0.051427849854690066,-0.18711996398037717,-6.915060893646725,0.0,-1,0.011426828409864198
862.12,0.5434309579489991,0.10162771470464399,1.060290770158531,0.0,-1,0.0022734654108478303
864.08,0.9074799321671208,0.15522556297425527,2.547049386193734,0.0,-1,0.0013077492824737913
865.21,1.1080477582621597,0.11859779635643142,3.4528897447079956,0.0,-1,0.005940754267750092
870.35,1.544327691454555,0.18495924318294232,7.548543252720123,0.0,-1,0.0028953869133108157
872.87,1.8437736837628336,0.16146841183040705,9.490255630094126,0.0,-1,-0.007366503603056573
866.44,1.3040155396033697,-0.12609657744301894,2.661334676215276,0.0,-1,0.004247264669221096
870.12,1.2321351725566956,-0.06599231482989776,5.881798236211786,0.0,-1,-0.002930630257895417
867.57,0.8810170579869236,-0.13903680979988997,3.1004800236414596,0.0,-1,-0.019618013532049394
850.55,-0.7862934207968237,-0.6021157628612125,-11.215362422903276,0.0,-1,-0.012180353888660123
840.19,-2.417757541789001,-0.7445266279511302,-17.196646126002463,0.0,-1,0.026910579749818364
862.8,-1.1478431404693765,0.17512925778949806,1.0929596377421404,0.0,-1,0.0034306907742234216
865.76,-0.17056567810368506,0.3841355733850632,2.955535273368625,0.0,-1,-0.0010742007022730427
864.83,0.25478685958773895,0.2698293703588291,2.2607242694312006,0.0,-1,0.006324942474243311
870.3,0.9020642234678462,0.30570224474631214,6.03092539967259,0.0,-1,0.004274388142019969
874.02,1.460530886785591,0.28805630268801896,8.507069451933148,0.0,-1,-0.002688725658451796
871.67,1.4222199778789673,0.08324846459379831,6.282310750829282,0.0,-1,-0.002019112737618567
869.91,1.1378795252691134,-0.06703066267201852,4.555998419258579,0.0,-1,0.02085273189180481
888.05,2.412552671858407,0.4025474946390917,16.36918273002813,-2.789971791756102,-1,0.010708856483306217
897.56,3.641343189164786,0.5437793373151569,20.791946593290163,-6.012381352097464,-1,-6.684789874766839e-05
897.5,3.9472931820542954,0.2832431100682222,20.726743497332762,-1.277371688955327,-1,0.0026963788300835567
899.92,3.9729937466612455,0.10298122489172412,21.887151771901443,0.0,-1,0.005578273624322172
904.94,4.0730945500762346,0.06769400943557091,24.24068299504914,0.0,-1,0.0030278250491744263
907.68,4.0120537392773485,0.002217732878895262,25.485328105933775,0.0,-1,-0.00408734355720064
903.97,3.3380288556047617,-0.22393571693123038,20.369933164786175,0.0,-1,-0.00012168545416335608
903.86,2.71368067580147,-0.28276129891150736,20.21318172366948,0.0,-1,-0.001980395193945883
902.07,2.0261998629163145,-0.3234140372655543,17.494787284812034,0.0,-1,-0.007881871695101239
894.96,0.921109467897395,-0.47616814409482466,7.644948249090348,0.0,-1,0.002536426208992637
897.23,0.4809718147298554,-0.3054352657541215,9.72971444596994,0.0,-1,-0.002106483287451333
895.34,0.06332200358531281,-0.24102835896622138,7.128372583551027,0.0,-1,-0.0060535662429915815
889.92,-0.6024464022857501,-0.3022655882790948,0.16664504322433515,0.0,-1,0.009326681049982133
898.22,-0.1934600716975865,0.03557358076968961,8.724971492081089,0.0,-1,-0.015608648215359233
884.2,-1.1411785670952668,-0.304048304875997,-5.589661481806601,0.0,-1,-0.023614566840081452
863.32,-3.2599396008695294,-0.8076031128834198,-18.35437456000842,0.0,-1,0.0063939211416392805
868.84,-3.587658484350868,-0.3784406654549195,-13.032579705069075,0.0,-1,0.010680907877169465
878.12,-2.679213052395653,0.17666825550009868,-5.029554230806326,0.0,-1,0.010784403042864321
887.59,-1.2125559153849963,0.5477751308369185,1.8956552412392043,0.0,-1,0.0002816615779808185
887.84,-0.35734768726433686,0.467661119652526,2.0725718332033196,0.0,-1,-0.0029171922868985734
885.25,-0.11579793259863891,0.23640362477274135,-0.04239292548525242,0.0,-1,-0.010234397062976464
876.19,-0.7403732275491848,-0.1293905567259348,-6.853606949717793,0.0,-1,0.003332610506853406
879.11,-0.7476297727287147,-0.045549033968488195,-4.206994378289586,0.0,-1,-0.005721695805985583
874.08,-1.1081222309244367,-0.1353471640547368,-7.953329184897569,0.0,-1,-0.004770730367929743
869.91,-1.543524940778525,-0.19024995796960842,-10.899862040810305,0.0,-1,0.01033440240944472
878.9,-0.883432550640805,0.15661414405603713,-2.1463088820082348,0.0,-1,-0.0024462396177039603
876.75,-0.6589336430184858,0.12703768389278547,-3.906828679055735,0.0,-1,0.011953236384374177
887.23,0.3815602810442442,0.38917720265183847,5.049676923246828,0.0,-1,0.0007438882815054004
887.89,0.9250105529886241,0.3108758248654062,5.566269003268623,0.0,-1,-0.004527587876876571
883.87,0.7846514762117067,0.05683891602949631,1.556340600745365,0.0,-1,0.012581035672666774
894.99,1.5757509814723107,0.28264614043003355,10.350582665276995,0.0,-1,-0.0062570531514318795
889.39,1.3733214856465565,0.026738881534759784,4.785544044817357,0.0,-1,0.003867819516747417
892.83,1.4443299472632134,0.03258244771713881,7.462763040820832,0.0,-1,0.00481614641085093
897.13,1.7178066824662892,0.10201972764007161,10.695128605643546,0.0,-1,0.009173698349180137
905.36,2.3972278265289333,0.26048029056757205,16.16314768195963,-1.3467518197876416,-1,0.009057170628258282
913.56,3.220502746349439,0.36125173679602574,20.678947707024392,-5.111310992352969,-1,0.012029861202329295
924.55,4.279598310730648,0.4734491003924117,25.540114252852604,-8.8222383234056,-1,0.007300849061705694
931.3,5.015012900360375,0.402954563340713,28.026269850495495,-7.365339665848865,-1,0.005648018898314122
936.56,5.403135786811845,0.2636924832640606,29.803672217274936,-4.48149918134493,-1,0.003544887674041153
939.88,5.423602581136606,0.09471975919627429,30.887851982894162,-0.13939818494998235,-1,0.012820785632208231
951.93,5.986035763204313,0.21905098042132742,34.28908779088083,-2.6262445899468503,-1,0.0007773680837876995
952.67,5.8300827073044275,0.0210326415071469,34.47757804105933,0.0,-1,0.024699003852330925
976.2,7.227099287079113,0.4726830737606109,39.09844628883279,-6.445904994982129,-1,-0.005757017004712206
970.58,6.855015969709939,0.03353325213047853,32.5748959921893,0.0,-1,-0.00012363741268106576
970.46,6.0877229802160855,-0.24458657912112525,32.43170668195448,0.0,-1,0.01238587886157072
982.48,6.198432903784578,-0.0446255518508778,35.273776054466026,0.0,-1,-0.0006208777786825825
981.87,5.686418456920137,-0.18554666623843996,34.50294394358836,0.0,-1,-0.010418894558342773
971.64,4.104043028744513,-0.5893073648046876,22.32110998547232,0.0,-1,0.0021715861841835604
973.75,3.1466850622613265,-0.5155551104292915,23.20630262949112,0.0,-1,-0.012867779204107754
961.22,1.3616156571646343,-0.7668748385086612,10.450321998779266,0.0,-1,0.005659474417927246
966.66,0.8089463165192683,-0.4398480597180092,13.516954813907269,0.0,-1,0.0024413961475595602
969.02,0.6618661198200471,-0.1956427521390769,14.83140589468779,0.0,-1,0.01515964582774365
983.71,1.7573371781519427,0.2999427687309395,21.846752441349977,0.0,-1,0.0022974250541318852
985.97,2.3469612758052563,0.2965222887947512,22.775087492913798,0.0,-1,0.004168483828108416
990.08,2.7886932183148474,0.24608474376811396,24.47575725114558,0.0,-1,0.0003737071751777066
990.45,2.80800142137673,0.08846431560999868,24.63425333634123,0.0,-1,0.003180372557928246
993.6,2.846155404459637,0.04220609956430188,26.041565466799085,0.0,-1,-0.005132850241545861
988.5,2.2030527789627286,-0.20029884197753534,19.140842965723763,0.0,-1,-0.007162367223065291
981.42,1.1079137346341668,-0.4318126287686992,10.65095892942066,0.0,-1,0.005329013062705057
986.65,0.9038514012503356,-0.2119583207175102,14.253632591933169,0.0,-1,-0.013368469061977306
973.46,-0.37266738221251217,-0.496159034726786,1.134493724417304,0.0,-1,-0.06888829535882324
906.4,-6.568204492092832,-2.230565381535702,-26.254181658988802,31.7349800234407,-1,-0.014541041482789008
893.22,-10.21695600602527,-1.95977229848938,-28.740821555363997,25.715341465200368,-1,0.011744027227334808
903.71,-10.315752095822745,-0.6861894627622842,-22.06692717188356,3.800369018321021,-1,-0.0007745847672373518
903.01,-9.563837466069572,0.021908388996962458,-22.241371732093363,0.0,-1,-0.007430703978914988
896.3,-8.950060362353838,0.21189516423756594,-23.972589310304983,0.0,-1,-0.013031351110119327
884.62,-8.870666780299757,0.0970962487638829,-26.774167541268632,0.0,-1,-0.007042571951798582
878.39,-8.610914424247767,0.11894953493862381,-28.1669668961518,0.0,-1,0.014959186693837667
891.53,-6.668462044201078,0.6871339716617708,-18.53539837372959,0.0,-1,0.0006505670027929789
892.11,-5.093197350494279,0.7541328884561898,-18.123716062212274,0.0,-1,0.013159812130790982
903.85,-2.9027985577664595,0.9815105603946699,-10.015780011756078,0.0,-1,-0.0033855175084361866
900.79,-1.8206992815886451,0.6878699455241617,-11.348055838790835,0.0,-1,0.005994737952242035
906.19,-0.6779247033673528,0.6102148412484847,-7.58578029323661,0.0,-1,0.005583817963120241
911.25,0.3716229776905493,0.553254174102129,-4.1295815131795734,0.0,-1,-0.00819753086419761
903.78,0.24292823674534247,0.14151981105230743,-8.24073661249372,0.0,-1,-0.003950076346013298
900.21,-0.1391631534560247,-0.08019052638301993,-10.13786540460184,0.0,-1,0.011330689505781866
910.41,0.5313880808979548,0.1967869026569865,-2.5578357380240746,0.0,-1,0.012829384562999202
922.09,1.795714691333501,0.4870378376975111,4.7059671263806635,0.0,-1,-0.0014966001149562258
920.71,2.163235105606759,0.28485275065692317,3.7310986418230243,0.0,-1,0.007190103289852479
927.33,2.7183923872761397,0.2800033441087679,7.744655088133044,0.0,-1,0.008001466576083915
934.75,3.387771662504406,0.31646087311234483,11.864432976643045,-2.215656545694628,-1,-0.0052099491842738654
929.88,3.0343136615765616,-0.012332375938499673,7.75780485431541,0.0,-1,0.003742418376564638
933.36,2.894725189314613,-0.050640282733482866,9.872714858164258,0.0,-1,0.0018963743893032348
935.13,2.7312038540740105,-0.07138720599136184,10.976842623915928,0.0,-1,0.005635580079774938
940.4,2.861009531947616,0.01947282396074801,14.232666865400319,0.0,-1,-0.0006380263717566947
939.8,2.637494909888801,-0.06801393269935563,13.561805322657165,0.0,-1,0.022228133645456616
960.69,4.046779689701907,0.44709028237125015,24.04756216300899,-2.4050993538081684,-1,0.023233301064859546
983.01,6.274190438800019,0.8915003438231208,30.656041350733986,-13.99929812083883,-1,-0.007334615110731413
975.8,6.264213276782357,0.29384106060181914,23.90179468027668,0.0,-1,0.004550112728018085
980.24,6.1072069227084285,0.04561156884262996,25.31614870911295,0.0,-1,0.0018770913245735876
982.08,5.673103168778994,-0.12949739502893465,25.917112612057025,0.0,-1,-0.0022299608993158193
979.89,4.800792694416032,-0.33393595646396523,23.5490334426443,0.0,-1,0.019277674024635427
998.78,5.538738066033261,0.13466980505108772,29.636691066013285,0.0,-1,0.009551653016680373
1008.32,6.241149246339091,0.279026995118973,31.96575089287471,0.0,-1,-0.0031735956839099577
1005.12,5.805592399296984,-0.05217661730771184,28.614595453773248,0.0,-1,0.016366205030245107
1021.57,6.474847942501242,0.20569297529884878,32.66319354505363,0.0,-1,0.01013146431473122
1031.92,7.1324050522282505,0.28775002834195273,34.68951392630996,0.0,-1,-0.01188076595084897
1019.66,5.845149852739382,-0.33316839038230484,23.39848052396995,0.0,-1,0.017672557519173182
1037.68,6.216093098600027,0.012591618492780121,28.1548977274948,0.0,-1,-0.0019370133374451148
1035.67,5.7160569633135765,-0.16248150559789032,26.460522780013065,0.0,-1,0.01032182065715892
1046.36,5.880534148727747,0.000665226605426561,29.13375541505951,0.0,-1,-0.009423143086509378
1036.5,4.651061562374025,-0.40960245324943223,20.88393559485573,0.0,-1,-0.005315967197298543
1030.99,3.189570138999443,-0.6236979588746716,16.574477814640133,0.0,-1,0.0021144724973085616
1033.17,2.3746935823953663,-0.47952483849291605,17.444560948260346,0.0,-1,0.0044813535042633745
1037.8,2.155197505560409,-0.23300697177595797,19.328633664584103,0.0,-1,-0.00897089998072842
1028.49,1.0900163416795294,-0.4327293785522792,11.390774379674653,0.0,-1,-0.009800775894758362
1018.41,-0.37340893540067555,-0.6320515518774947,3.9585416610703916,0.0,-1,0.02704215394585696
1045.95,1.2209958373425707,0.32078440695525046,16.33206876829844,0.0,-1,-0.007409532004397867
1038.2,1.2706152372688848,0.12346793562718816,11.190193617358915,0.0,-1,0.00584665767674819
1044.27,1.6953736674595348,0.1827421219392793,13.64282666044354,0.0,-1,0.022589943213919605
1067.86,3.732305076933244,0.7398911771376628,21.437304536810615,-0.41072621933972187,-1,-0.009570542955068873
1057.64,3.5880786919256025,0.19855493071000696,14.754659580715185,0.0,-1,0.019571877009190164
1078.34,4.941958941761413,0.5174783935152725,20.884212627690516,-6.097878433357437,-1,0.006250347756737273
1085.08,5.768735821532573,0.44808509109547767,22.607679591018893,-5.337183850469955,-1,0.009261989899362444
1095.13,6.538896276290416,0.40608184861777374,25.05413162929993,-7.306399159533157,-1,0.005725347675618497
1101.4,6.90156848064521,0.2562513509908557,26.50851002914048,-4.123464067752593,-1,0.013800617396041215
1116.6,7.774440542768843,0.37637447103816335,29.696920598973435,-7.10665289548524,-1,0.010290166577109128
1128.09,8.520506528599753,0.3741468189563584,31.774583436203542,-6.198894254809147,-1,0.004715935785265524
1133.41,8.626830644132042,0.16015697816288288,32.68608523092604,0.0,-1,-0.0011646270987551999
1132.09,7.8510901482204645,-0.20519450591623212,31.561518689713225,0.0,-1,-0.00016783117949970006
1131.9,6.793129054579595,-0.4210518665190337,31.384494930055197,0.0,-1,-0.0017581058397384552
1129.91,5.5322210865442685,-0.5606532781847866,29.37950764341518,0.0,-1,-0.003336548928675742
1126.14,4.1265820119811,-0.6554307842493188,25.46599263419685,0.0,-1,0.004839540376862406
1131.59,3.5340473070343705,-0.41598849639868263,27.266279687328094,0.0,-1,0.03765498104437137
1174.2,6.494109345641391,0.8480245140694462,36.11638391348792,0.0,-1,-0.0033810253789814393
1170.23,7.102131252808249,0.4853488070787684,32.780267763188476,0.0,-1,-0.004811020055886517
1164.6,6.345131268657724,-0.09055039235725193,28.017878476861796,0.0,-1,6.010647432619365e-05
1164.67,5.443703670860941,-0.3306593300513452,28.035335483447355,0.0,-1,0.005924424944404816
1171.57,5.11434789939085,-0.22000503384047843,29.792905313811843,0.0,-1,0.003892213013307
1176.13,4.903474355373191,-0.14362619261937937,30.91432647715125,0.0,-1,-0.0010543052213616289
1174.89,4.286081387083414,-0.25367305363638604,29.579936435316,0.0,-1,0.006196324762318239
1182.17,4.2268781206814765,-0.10429210667944133,31.56332231421412,0.0,-1,0.0024869519612236157
1185.11,4.09003664409056,-0.08037786109011957,32.33330146755091,0.0,-1,0.004691547620052194
1190.67,4.14411285212077,-0.008767217686636464,33.758596620908705,0.0,-1,-0.007760336617198771
1181.43,3.055808218459333,-0.36569061711602435,22.8987397649328,0.0,-1,-0.021651727144223698
1155.85,0.12533855009019135,-1.0987200951617222,2.114322097423141,0.0,-1,-0.0005796599904830391
1155.18,-1.4061744966018068,-0.8767443806179069,1.6854596922374014,0.0,-1,-0.009020239270070562
1144.76,-2.923083145230976,-0.7978843430823588,-4.749355261239941,0.0,-1,-0.012937209546105666
1129.95,-4.672113874109755,-0.8489716906537126,-12.184398835508645,0.0,-1,-0.007416257356520295
1121.57,-5.855619749039988,-0.677492521861315,-15.725041770818265,0.0,-1,-0.005224818780816043
1115.71,-6.447737707418355,-0.4232034934132276,-18.04939085287548,0.0,-1,0.0145019763200116
1131.89,-4.858151877656155,0.3887941121163241,-6.330055323250683,0.0,-1,-0.014232831812278635
1115.78,-5.001012972970329,0.08197767226738328,-13.318767838461376,0.0,-1,0.0007886859416732506
1116.66,-4.582359106213062,0.16687717967488336,-12.709660813708474,0.0,-1,0.005704511668726209
1123.03,-3.460335580650053,0.4296335684126307,-8.20621671860674,0.0,-1,-0.005583109979252487
1116.76,-3.1334625194810997,0.25216887652719455,-11.249700466959325,0.0,-1,0.005372685268097088
1122.76,-2.2089041122731032,0.3922424279117305,-6.848045104361034,0.0,-1,0.01068794755780389
1134.76,-0.5625495659796798,0.6795323247350513,0.9803037110667461,0.0,-1,0.011473791815009404
1147.78,1.3925068376652234,0.8781962427933183,7.95955957145015,0.0,-1,0.0010019341685689742
1148.93,2.349826136348838,0.6118385138256444,8.5388866261762,0.0,-1,0.013029514417762567
1163.9,3.8801669409951955,0.7140597728240006,15.42931190937999,0.0,-1,-0.015723000257754305
1145.6,2.796990098235483,-0.12303902331190386,3.379815063617265,0.0,-1,-0.019718924581005548
1123.01,0.13981916866919164,-0.9267366509593984,-7.384507491353574,0.0,-1,0.009519060382365385
1133.7,-0.3095845601696965,-0.45871345993276225,-1.8833209745992576,0.0,-1,-0.02671782658551647
1103.41,-3.0326543779083295,-1.0605944258904654,-13.03877254905349,0.0,-1,-0.01419236729774076
1087.75,-5.446468088618758,-1.1581360455336318,-17.38276116880259,4.639557059995241,-1,0.0053321075614800595
1093.55,-5.716169269922375,-0.47594574227908293,-14.274109315002654,0.0,-1,0.005248959809793785
1099.29,-4.896339088080595,0.11462814652089914,-11.170910383233206,0.0,-1,-0.012253363534645123
1085.82,-5.2008957398195435,-0.0633095017393499,-15.512497224958096,0.0,-1,0.029084010241108293
1117.4,-2.2880994207041567,0.9498289391253456,-0.7349978167490576,0.0,-1,-0.02242706282441398
1092.34,-2.729359642754389,0.16952290569170447,-8.907668679376947,0.0,-1,-0.008037790431550618
1083.56,-3.454209783550141,-0.18510907836801582,-11.400420358804965,0.0,-1,-0.0019472848757797756
1081.45,-3.704617371985478,-0.14517222226778426,-12.01569337591625,0.0,-1,0.0032641361135512525
1084.98,-3.226936385204226,0.11083625483782233,-10.231033936500872,0.0,-1,0.012894246898560446
1098.97,-1.5533511930466375,0.5948071489984703,-3.4568412985552754,0.0,-1,-0.0029664140058418553
1095.71,-0.8587793308806795,0.4297930037214761,-4.773836960038629,0.0,-1,0.016254300864279703
1113.52,1.044238211109132,0.7776035152370959,3.255233910652791,0.0,-1,-0.006717436597456716
1106.04,1.2853937978450176,0.33958636732432723,-0.15444682323021652,0.0,-1,-0.012657770062565521
1092.04,0.13218877472559143,-0.27120621859836636,-6.011444458517843,0.0,-1,0.006025420314274221
1098.62,0.09290386527209193,-0.10349704268395529,-2.773145376025063,0.0,-1,0.009284374943110407
1108.82,0.9155194217726148,0.23970617127218918,2.0060866539875377,0.0,-1,0.02405259645388802
1135.49,3.473033914875259,0.9324068881249445,12.003161318348901,-1.7630428771408333,-1,-0.008199103470748259
1126.18,3.686538335186924,0.3819704361455365,7.368239122710193,0.0,-1,-0.010939636647782969
1113.86,2.45941235074406,-0.28171851609910936,1.687172202373155,0.0,-1,-0.0031152927656974416
1110.39,1.3517316626271167,-0.4631330680720176,0.13348864419343442,0.0,-1,-0.006862453732472518
1102.77,0.05024701334968995,-0.5882059057831482,-3.2922316609470954,0.0,-1,-0.01666712007036819
1084.39,-2.1363492290681734,-0.9249340494003373,-10.522038866831203,0.0,-1,-0.004546334805743402
1079.46,-3.462451581188134,-0.7503454671734326,-12.262903429427006,0.0,-1,-0.009625182961851442
1069.07,-4.702798458815778,-0.6635641149336919,-15.794951451536186,0.0,-1,0.004153142450915359
1073.51,-4.561072026061538,-0.17394589405981709,-12.99537892971044,0.0,-1,-0.0039310299857476805
1069.29,-4.461786140845788,-0.02488666961468944,-14.586681443705949,0.0,-1,-0.0014869679881042153
1067.7,-4.172827686501023,0.08802392824335836,-15.212944256935543,0.0,-1,-0.01413318347850534
1052.61,-4.938112818786749,-0.2257537346807892,-20.680531246839195,0.0,-1,0.014259792325742593
1067.62,-3.658412650030641,0.3513154780251062,-10.219713075941598,0.0,-1,0.012410782862816383
1080.87,-1.6095281781501853,0.800066649968521,-2.5861100593829462,0.0,-1,0.00910377751255953
1090.71,0.3690414059694831,0.9262120780293965,2.393484612573552,0.0,-1,0.0008068139102050953
1091.59,1.4009060808650702,0.6526922509749946,2.83726387537331,0.0,-1,-0.0060554054177849315
1084.97998,1.2492612449073022,0.1670158050057422,-0.9767339737714238,0.0,-1,0.004433279957847702
1089.79,1.4701687231863616,0.1293077610949338,1.834382593000882,0.0,-1,-0.0053404784408004335
1083.97,0.9731084020604612,-0.12258418667698878,-1.7432712564998099,0.0,-1,1.8450695129956785e-05
1083.99,0.645152541325615,-0.15018001580394502,-1.729638479408088,0.0,-1,0.022933790902130102
1108.85,2.499078565847867,0.5679153362394358,12.071728925946076,0.0,-1,0.0121387022590973
1122.31,4.339451697621598,0.8027628226710557,17.31739629369048,0.0,-1,-0.001318708734663332
1120.83,4.774683955373348,0.412665026807602,16.198828902354492,0.0,-1,0.007547977837852438
1129.29,5.29940975463478,0.3124636086896784,19.425537952906595,-1.059550271145099,-1,0.0032055539321167448
1132.91,5.421821841379142,0.1449585651446803,20.75295020654329,0.0,-1,-0.0035130769434464915
1128.93,4.699542731303154,-0.19244018164376886,17.189424381291175,0.0,-1,0.00026573835401655366
1129.23,3.971774615323284,-0.30673609920788003,17.327245818846748,0.0,-1,0.0052513659750450525
1135.16,3.771076006056319,-0.16914490282494832,20.086903577823108,0.0,-1,0.00696818069699412
1143.07,4.01563703425154,0.025138708456757808,23.414928665177243,0.0,-1,0.012737627616856484
1157.63,5.016614462161442,0.34203871212222037,28.342897518068682,0.0,-1,-0.006694712472897213
1149.88,4.4532186376029586,-0.07378570414542107,20.602744832711153,0.0,-1,0.0011479458726126879
1151.2,3.9104191721901316,-0.20552838985274935,21.142306677558807,0.0,-1,0.0035528144544823004
1155.29,3.653984508467829,-0.15398768452501743,22.85741859723835,0.0,-1,-0.007980680175540322
1146.07,2.4529351342343944,-0.45167901958615086,13.416803283286882,0.0,-1,0.009554390220492648
1157.02,2.5604991859313486,-0.11470498929639872,18.75870862076863,0.0,-1,-0.0036645866104302316
1152.78,2.0475729462857544,-0.20921040964733084,14.69436676583615,0.0,-1,-0.05038255347941489
1094.7,-3.2195212523943155,-1.8254348694424671,-15.944326298274838,0.0,-1,0.012213391796839224
1108.07,-4.470608247368091,-1.0255072881387477,-8.819308197360648,0.0,-1,0.010522800906080043
1119.73,-3.751934390907536,-0.10227781055939777,-3.2447557119769357,0.0,-1,-0.00451894653175311
1114.67,-3.501602930101626,0.049351216748837246,-5.288015101890572,0.0,-1,0.002888747342262743
1117.89,-2.8163036221903894,0.24488350822002447,-3.6308317904410288,0.0,-1,0.00028625356698785964
1118.21,-2.212295333052225,0.28296393245272977,-3.453914343673361,0.0,-1,0.008298977830639931
1127.49,-0.9525999107288499,0.5142197849253685,1.6820298916445893,0.0,-1,-0.010341555135744085
1115.83,-1.2150355403396134,0.08392805177153506,-4.4305262905418274,0.0,-1,-0.004418235752757904
1110.9,-1.655833726783385,-0.11895671155741216,-6.8292422884943065,0.0,-1,0.013178503915743933
1125.54,-0.518246676106628,0.33954344637311495,1.5804023267837906,0.0,-1,0.0007907315599624543
1126.43,0.16790073890729218,0.3418969537956785,2.0595990723354163,0.0,-1,0.014621414557495882
1142.9,1.8694827181720939,0.6811596443534933,10.165683708188809,0.0,-1,0.025207804707323422
1171.71,4.96531681462352,1.25899791360164,20.018663817388145,0.0,-1,-0.010352390949979196
1159.58,5.08862412829717,0.460768409091763,12.75683054177145,0.0,-1,0.0040963107331966064
1164.33,5.12205910777584,0.16473446285681081,14.364885589922068,0.0,-1,0.0180618896704543
1185.36,6.46443833853391,0.5023712312049602,20.60782543943543,-0.48773964912811607,-1,0.0008604980765338777
1186.38,6.681924759034928,0.23995255056865972,20.882728803321726,0.0,-1,-0.015121630506245931
1168.44,4.738840906032465,-0.5677104341446011,9.928933040078704,0.0,-1,-0.0011211529903117912
1167.13,3.263228904028665,-0.6811074787161338,9.186844466580105,0.0,-1,-0.012732086399972697
1152.27,1.0151538276911651,-0.9763941850178779,1.196516349561115,0.0,-1,-0.002004738472753731
1149.96,-0.3859798627852342,-0.7925092918314258,0.029921880220399544,0.0,-1,0.006504574072141667
1157.44,-0.4310483861247576,-0.27919260505698307,3.8162303223672183,0.0,-1,-0.016372338954935062
1138.49,-1.99682861561746,-0.6149909448498951,-5.64439019936556,0.0,-1,-0.0006324166220168514
1137.77,-2.673316345729063,-0.43049289165383264,-5.971146894440594,0.0,-1,0.016593863434613443
1156.65,-1.2154505153073387,0.34245764625596387,3.9194139389573692,0.0,-1,-0.004340120174642248
1151.63,-0.8035633904876249,0.2514482570252259,1.2441875356713012,0.0,-1,-0.01879075744813885
1129.99,-2.3339895455369515,-0.42632596600803363,-8.595365374092921,0.0,-1,0.0
1129.99,-2.904703494267096,-0.33234663824605937,-8.595365374092921,0.0,-1,0.0032301170806821045
1133.64,-2.6438351774431794,-0.023826107140714203,-6.342588704805216,0.0,-1,-0.0057866694894324056
1127.08,-2.839748087577618,-0.07324633909171752,-9.455423730646586,0.0,-1,0.006920538027469281
1134.88,-2.051058868680002,0.23848095993529972,-4.336937540884676,0.0,-1,0.04012759058226423
1180.42,2.309207313158595,1.532915713924632,15.134610851170379,0.0,-1,-0.007895494823876414
1171.1,3.520239794648205,0.9146493984714139,10.226928738647537,0.0,-1,-0.0020151993851933447
1168.74,3.6357360525055356,0.3433818854429149,8.97667414055693,0.0,-1,-0.00047059226175194535
1168.19,3.344672843725448,0.017439558887609063,8.661342234150204,0.0,-1,0.04797164844759849
1224.23,7.590418502358489,1.4210617391735498,24.248861448458825,-19.76381632450739,-1,-0.0209111033057513
1198.63,6.947423123144972,0.2593554533200111,12.32118932271019,0.0,-1,0.007733829455294883
1207.9,6.819473506609484,0.04380194559484085,14.608682877412207,0.0,-1,0.00909843530093557
1218.89,7.103042572791082,0.10912367059214656,17.229413347449125,0.0,-1,0.011838640074165685
1233.32,7.855406891482517,0.2871626630945272,20.42450807515924,0.0,-1,0.00213245548600538
1235.95,7.79613847653809,0.07596474938336684,20.997155128226666,0.0,-1,-0.0031878312229459693
1232.01,6.788492729354402,-0.3105603326001072,18.780400037378868,0.0,-1,-0.000681812647624569
1231.17,5.648962128316498,-0.4833636445460039,18.275411351593206,0.0,-1,0.028858727876735157
1266.7,7.569283317104237,0.478985848080578,26.41393811770513,0.0,-1,0.00029209757637937983
1267.07,7.929503635072706,0.27973538868301606,26.48374239140398,0.0,-1,-0.012154024639522532
1251.67,6.165488491134283,-0.49475991841846856,17.275812240156768,0.0,-1,-0.0009107831936533417
1250.53,4.674690211570578,-0.6618527326607246,16.61616141327727,0.0,-1,0.010315626174502102
1263.43,4.614733554157965,-0.24060313002444556,20.28007498263129,0.0,-1,0.015829923304021554
1283.43,5.866860762605029,0.3371746928075394,25.005594266150894,0.0,-1,-0.006412503993205698
1275.2,5.318185969944807,-0.07050003328422783,19.92230420505274,0.0,-1,-0.0042111041405270555
1269.83,4.153166409452751,-0.41183986459209443,16.647631521217292,0.0,-1,0.0023310206878086603
1272.79,3.4712260950855125,-0.36459339298644444,17.57760835258209,0.0,-1,0.012287965807399548
1288.43,4.144320429978279,0.10283364730210742,22.138524513344436,0.0,-1,-0.00021731875227992692
1288.15,4.112174228259846,0.023562481861224782,21.937226492719034,0.0,-1,0.001374063579552054
1289.92,3.9009199417123455,-0.06256393489542544,22.476669977815206,0.0,-1,-0.0033412924832548763
1285.61,3.111049469962609,-0.2841448022150539,18.893596511657407,0.0,-1,-0.0005911590606794137
1284.85,2.39352677825741,-0.33388916464008433,18.232684337489943,0.0,-1,-0.0359108067089543
1238.71,-2.0096951324501333,-1.5790370251158765,-8.574610224745712,0.0,-1,0.007322133509860995
1247.78,-3.2879981600997326,-0.9524466842551584,-3.945446818543793,0.0,-1,0.01541938482745353
1267.02,-2.049816493916069,0.09524499397616859,4.525242725348413,0.0,-1,-0.0050196524127479325
1260.66,-1.7899076196645183,0.11838462274257311,1.5520733846150847,0.0,-1,0.0018006441070550494
1262.93,-1.3216275475667771,0.19555489828010475,2.5775650146708884,0.0,-1,0.0015044380923723288
1264.83,-0.8190185492208002,0.23272129887536064,3.493068174773704,0.0,-1,0.010009250254975122
1277.49,0.5555374957207277,0.5357591146056296,9.308913870582444,0.0,-1,-0.013354311971130794
1260.43,-0.22514593978530684,-0.08164144030013501,-0.04470239216240657,0.0,-1,0.00026181541220049453
1260.76,-0.5692254958894409,-0.14190699880142305,0.12435746013858306,0.0,-1,-0.0014594371648846138
1258.92,-0.8471631492841425,-0.13994821739870822,-0.9031787212374383,0.0,-1,-0.0015410033997395045
1256.98,-1.0772017135411716,-0.12332892721857913,-2.054606206473352,0.0,-1,0.00893411191904403
1268.21,-0.16662085287475747,0.26241731114927835,4.768194114917264,0.0,-1,-0.0325103886580298
1226.98,-3.1332786848017804,-0.9014135069259148,-14.31297297840132,6.096608248625216,-1,-0.005150858204697628
1220.66,-4.882167710365138,-0.8834341774964245,-16.31197528250044,4.236742398848719,-1,0.004079760129765964
1225.64,-4.934764913949948,-0.3120104603604119,-13.21190487191219,0.0,-1,0.01223850396527526
1240.64,-3.299833106246524,0.4409737824476707,-4.659901818361149,0.0,-1,-0.011018506577250564
1226.97,-3.346547776874104,0.13141970394003044,-10.122858257119788,0.0,-1,-0.014792537714858667
1208.82,-4.603526130781802,-0.375186216655889,-16.14126593650679,0.0,-1,0.018828278817359045
1231.58,-2.9517214635038727,0.42553948354068005,-4.649278719990889,0.0,-1,0.015013235031423156
1250.07,-0.3390090079062702,1.0127506463794276,2.759686355313548,0.0,-1,-0.002047885318422149
1247.51,0.782264637218077,0.7113414305012582,1.681804097345406,0.0,-1,-0.018140135149217196
1224.88,-0.6081205933212459,-0.2263479333460216,-6.955676490600844,0.0,-1,0.002955391548559838
1228.5,-0.950969825814127,-0.1897323886129676,-5.312610223607237,0.0,-1,0.00599104599104594
1235.86,-0.4298136232428078,0.11047460465278391,-1.9284555430163195,0.0,-1,-0.000768695483307047
1234.91,-0.21258438668678536,0.1092346137362688,-2.3465970236736027,0.0,-1,-0.0010770015628670526
1233.58,-0.19708773618503983,0.041577088079338104,-2.9827736504994746,0.0,-1,-0.001621297362149221
1231.58,-0.33958209958541374,-0.03363909177367863,-4.008651790420323,0.0,-1,-0.012025203397261985
1216.77,-1.6166974396533078,-0.436918143947191,-11.008536126885545,0.0,-1,-0.011998980908470736
1202.17,-3.3371969897164036,-0.7191392313367624,-16.58007848430043,0.0,-1,0.006571449961319864
1210.07,-3.261013682271596,-0.21431864129731837,-11.312772171994474,0.0,-1,-0.01540406753328305
1191.43,-4.504504221693196,-0.485936393572973,-17.95838425708746,1.7653547599477406,-1,-0.0024004767380375602
1188.57,-4.989207472929593,-0.3235465482697899,-18.87002507628911,1.8949007046030601,-1,0.012325735968432783
1203.22,-3.594958475803651,0.35690081628538417,-9.271883243756363,0.0,-1,-0.010638121041870896
1190.42,-3.6649207709238,0.09564617372174489,-14.125570219872337,0.0,-1,-0.00021841030896652125
1190.16,-3.41615852090672,0.1148028079129415,-14.22180161278849,0.0,-1,0.04502755931975533
1243.75,1.4587358141773166,1.663232380998993,10.217602669159845,0.0,-1,0.0053628140703518845
1250.42,4.330454997204697,1.5116505213421245,12.20655415167726,0.0,-1,0.007197581612578219
1259.42,6.155443338951272,1.1122129543629002,14.841872814437863,0.0,-1,-0.01473694240205825
1240.86,5.0083172315785305,-0.011637717669946923,5.908996921007358,0.0,-1,0.01341005431716713
1257.5,5.404061075260643,0.1280353753373884,11.229686303157138,0.0,-1,0.009868787276342106
1269.91,6.185761240830061,0.30324518030226866,14.754215099532516,0.0,-1,-0.008835271790914367
1258.69,5.126131220212301,-0.25212828010516386,9.335515972395804,0.0,-1,-0.005696398636677924
1251.52,3.5716386082190184,-0.6022069640328152,6.0077056432416,0.0,-1,-0.0321608923548965
1211.27,-0.8574109151290941,-1.6770854957936427,-8.507363107791072,0.0,-1,-0.029555755529320438
1175.47,-5.983818100542521,-2.2678308937356904,-16.967655097482044,0.0,-1,0.007426816507439593
1184.2,-7.320870184870728,-1.2016276593546324,-13.461635919151192,0.0,-1,-0.002102685357203149
1181.71,-7.586823711628767,-0.4891937287042243,-14.05797643108496,0.0,-1,-0.006727538905484498
1173.76,-7.750065165705564,-0.21747839426034066,-16.025087293364706,0.0,-1,0.0010564340239913594
1175.0,-7.082513795601699,0.1500243252811746,-15.404722042430421,0.0,-1,-0.004187234042553278
1170.08,-6.568528627582964,0.22133649776663677,-16.78075594070316,0.0,-1,-0.008691713387118716
1159.91,-6.611658657941689,0.05940215580263697,-19.56142888096457,0.0,-1,0.0020777474114370698
1162.32,-5.881418784959351,0.26321400959499197,-18.061349297990915,0.0,-1,-0.005471814990708146
1155.96,-5.556180616388247,0.19615072605536543,-19.960815241932888,0.0,-1,0.016081871345029253
1174.55,-3.3813798140702147,0.7903171761244661,-8.635389743439006,0.0,-1,0.004248435571069686
1179.54,-1.5963644284054226,0.8584441872630864,-5.93478939382058,0.0,-1,-0.00541736609186616
1173.15,-1.1033263665392496,0.4504940830430866,-8.644902142935528,0.0,-1,0.0011848442228188372
1174.54,-0.6490301383946644,0.3015967703958906,-7.785918366365145,0.0,-1,0.01576787508301125
1193.06,1.1755371538772579,0.7087213542226043,2.5114700387686923,0.0,-1,0.005942701959666952
1200.15,2.580692703856812,0.7046256347340529,5.8574636049915725,0.0,-1,-0.021164021164021274
1174.75,0.9515460868585706,-0.3081736607547294,-6.377262765161888,0.0,-1,-0.013943392211108852
1158.37,-1.3073227288787166,-0.8556808254973391,-12.2949292025163,0.0,-1,-0.001476212263784249
1156.66,-2.470313576007584,-0.672890557542069,-12.879041637491966,0.0,-1,-0.009077862120242752
1146.16,-3.7209495349045483,-0.6411755054796777,-16.42743600262134,0.0,-1,0.01628917428631249
1164.83,-2.480355053111225,0.19980632543788168,-5.875203979351689,0.0,-1,0.011469484817527187
1178.19,-0.5400282244552272,0.7133777180312932,0.3906466699254736,0.0,-1,0.02891723745745578
1212.26,3.3143042085773686,1.5225700503546298,12.352954671651219,-7.589670300687885,-1,0.007399402768383023
1221.23,5.7127784077122215,1.3070147498298272,14.833559721622265,-8.051575335183315,-1,-0.010956167142962547
1207.85,5.320950639970306,0.30506232736263694,8.450404459565917,0.0,-1,0.003444136275199794
1212.01,5.0282908694352955,0.004134185609208529,9.81709923247891,0.0,-1,0.005907542016980072
1219.17,5.059603411714761,0.011815575962891067,12.195192822964984,0.0,-1,-0.0017388879319537587
1217.05,4.476959398544977,-0.19027614573563056,11.007373690889906,0.0,-1,-0.015447187872314139
1198.25,2.2458907754146367,-0.807114922955324,1.3452377102992656,0.0,-1,-0.005850198205716639
1191.24,0.359032232564914,-0.897991155268349,-1.8163700567267682,0.0,-1,0.0024512272925691914
1194.16,-0.37098305824042654,-0.5426688153578966,-0.38057239272140464,0.0,-1,0.006808132913512344
1202.29,-0.027575448789548318,-0.06642040196900613,3.597163720216656,0.0,-1,0.007236190935631104
1210.99,0.8714263100016524,0.27752711894073157,7.579474191793224,0.0,-1,0.0038728643506553695
1215.68,1.6391416635638052,0.3484141575009616,9.653469930040771,0.0,-1,-0.0013737167675704764
1214.01,1.7472375350480434,0.15217000966173333,8.521465504932145,0.0,-1,0.027322674442549877
1247.18,4.419849009536165,0.9415938280499514,20.76490449740251,0.0,-1,0.02669221764300267
1280.47,8.16200066265219,1.5612484937219921,28.004818180887526,-14.895482252336478,-1,-0.007598772325786651
1270.74,8.542076433988996,0.6471080883529323,22.198342214011518,0.0,-1,0.0026047814659173607
1274.05,8.29610795015833,0.1337132015074225,22.959165741664663,0.0,-1,0.008735920882225967
1285.18,8.409281379063259,0.08229554347078327,25.46747013228709,0.0,-1,0.008317900994413208
1295.87,8.655927978593809,0.10964738100044435,27.677244751686274,0.0,-1,0.0062737774622454445
1304.0,8.735423946809533,0.06304778307205616,29.25618132105268,0.0,-1,0.002170245398772863
1306.83,8.283053268683261,-0.1297742983514052,29.80856080728003,0.0,-1,0.007453149988904562
1316.57,8.178280157229892,-0.07818246993492473,31.674645033457708,0.0,-1,0.0014735259044336146
1318.51,7.606036921733903,-0.2168085684769716,32.0419471868384,0.0,-1,0.0003337100211602273
1318.95,6.722745560508201,-0.36669997656755804,32.13219790146937,0.0,-1,0.018908980628530303
1343.89,7.799204416519842,0.2365862931480276,36.42794179727959,0.0,-1,0.011206274323047216
1358.95,8.94250014314889,0.459960673259026,38.31311789349935,0.0,-1,-0.02188454321351041
1329.21,6.290606327867636,-0.7306443806740761,17.684544144251475,0.0,-1,0.003227480984945963
1333.5,4.797942226238092,-0.7411028274345401,18.850724580840264,0.0,-1,-0.0047244094488189115
1327.2,3.126781656570074,-0.8040877990341864,15.021979934951617,0.0,-1,0.02032851115129608
1354.18,4.278969567021932,0.11603337047255735,22.340870873903356,0.0,-1,0.013897709314862006
1373.0,6.066816058329323,0.6346266205933162,26.20055716518239,0.0,-1,-0.006533139111434827
1364.03,5.707671299122239,0.09182728712874422,20.9568531806039,0.0,-1,0.004845934473582059
1370.64,5.6032929779250935,-0.004183678022800841,22.505972566957567,0.0,-1,0.0037135936496819344
1375.73,5.508329402499385,-0.03304908448283683,23.7059485143037,0.0,-1,-0.00561156622302339
1368.01,4.358486831245045,-0.39429721857905875,18.656187001396546,0.0,-1,-0.005248499645470472
1360.83,2.822024976347393,-0.6435863578255705,14.116725888560339,0.0,-1,-0.007884893778061897
1350.1,0.9244586342028924,-0.8470508999900237,7.773817307742107,0.0,-1,0.020361454707058746
1377.59,2.189470576947315,0.13932034758479972,17.052262732154432,0.0,-1,0.01106279807489896
1392.83,3.9095206669069285,0.6197901458481376,20.980128184154154,0.0,-1,-0.0218404256082938
1362.41,1.908752322977989,-0.46032606602693393,6.137364806634636,0.0,-1,-0.0006826138974318496
1361.48,0.6718054574321286,-0.5657576438575982,5.7414176542662005,0.0,-1,0.017473631636160558
1385.27,1.9798482365397376,0.2474283784166702,13.132355879647292,0.0,-1,0.0017252954297719558
1387.66,2.6680489397153906,0.3118763605307744,13.807019621027592,0.0,-1,0.010838389807301452
1402.7,4.043145212993522,0.5623242112696354,17.91267860410356,0.0,-1,-0.018100805589220892
1377.31,2.2779312485497485,-0.4009632510580463,5.997523447296274,0.0,-1,0.008981275094205543
1389.68,2.2363299956152787,-0.14752150133083886,9.81420475729319,0.0,-1,-0.02120632087962704
1360.21,-0.42666479715308014,-0.9368387646997327,-1.354846477540903,0.0,-1,-0.0010954190896993454
1358.72,-1.8467734604412271,-0.7856491426626266,-1.8598368874319533,0.0,-1,0.017332489401789886
1382.27,-0.4404300037151643,0.2068981046878121,6.136778539774156,0.0,-1,0.007813234751531839
1393.07,1.1994442249574604,0.6155907777868124,9.332117663379933,0.0,-1,0.013940433718334422
1412.49,3.5377609872139146,0.9846358466810892,14.499118479708045,-2.9321056287490137,-1,-0.013224872388477138
1393.81,2.8554392860742155,0.10077138184712986,6.787823248998073,0.0,-1,-0.002087802498188296
1390.9,2.033825161664936,-0.2402809141873834,5.6364748424887665,0.0,-1,-0.0016104680422748263
1388.66,1.2668660026549787,-0.33574669106578026,4.688149641819663,0.0,-1,0.002830066394941877
1392.59,1.1053142562620906,-0.16576614581955607,6.145337299763632,0.0,-1,0.005220488442398752
1399.86,1.5382621950436715,0.0890605976540082,8.864409700386602,0.0,-1,-0.00973668795450966
1386.23,0.490714314847537,-0.3194957608473754,2.131206676764755,0.0,-1,0.01445647547665252
1406.27,1.596047515178725,0.26194581316127086,9.667874560025638,0.0,-1,-0.022641455765962437
1374.43,-0.637623177587102,-0.6572416265348521,-3.309533093642642,0.0,-1,-0.0026629220840640455
1370.77,-2.0063232591710403,-0.6753139027062636,-4.571481133744598,0.0,-1,-0.009724461434084453
1357.44,-3.634313028365341,-0.7677678906335217,-9.050365413971,0.0,-1,-0.013473892032060286
1339.15,-5.669615160598823,-0.9343566742890017,-14.401158699501934,7.054533481291401,-1,-0.004271366165104706
1333.43,-6.691464963332237,-0.6520688256741387,-15.94733517152116,3.987368168488274,-1,-0.0016873776651192829
1331.18,-6.832267784421447,-0.2642905489211165,-16.581717825622746,0.0,-1,-0.0008263345302664815
1330.08,-6.424980212930905,0.04766567418980827,-16.916512955551944,0.0,-1,-0.005698905329002746
1322.5,-6.317588076107995,0.05168593700423951,-19.27342398630006,0.0,-1,0.010790170132325194
1336.77,-4.548259668020819,0.6070047816971389,-10.289143849398513,0.0,-1,-0.0034635726415164214
1332.14,-3.6704071583087625,0.4949524304697315,-12.062905284634674,0.0,-1,-0.0020418274355548105
1329.42,-3.1522803069269685,0.3376930939505085,-13.137671789417446,0.0,-1,-0.0023243218847317504
1326.33,-2.888026855658836,0.20064884840621344,-14.410356305400548,0.0,-1,-0.009628071445266229
1313.56,-3.5793978920530662,-0.16357406266267205,-19.28050265663297,0.0,-1,-0.009934833582021296
1300.51,-4.714300252579278,-0.43282547439629493,-23.411783206761545,0.0,-1,0.007473990972772349
1310.23,-4.078893078460624,0.0675272332407868,-16.059547502928545,0.0,-1,0.015768223899620848
1330.89,-1.6996150681961808,0.8156017478350766,-3.42358757492692,0.0,-1,-0.0006161290564961064
1330.07,-0.43667480738099584,0.692847336216754,-3.813198884831273,0.0,-1,0.006180125858037622
1338.29,0.9161848903083865,0.6819023446353788,0.7733039434173392,0.0,-1,0.007913083113525676
1348.88,2.398765998293811,0.7214944842069346,6.126100371014267,0.0,-1,0.0008154913706184264
1349.98,3.031826052428869,0.45151817944733086,6.669881498877061,0.0,-1,0.0002518555830455238
1350.32,3.1240372417939852,0.18124312293748224,6.85353821031994,0.0,-1,-0.0003702825996800829
1349.82,2.868139732993768,-0.024884795287578143,6.462494266618592,0.0,-1,-0.0019928583070334405
1347.13,2.277012667510917,-0.20533728692347664,4.232678967941148,0.0,-1,-0.015202690163532817
1326.65,0.08503141247683743,-0.7991061806525187,-9.34810379292216,0.0,-1,-0.0035201447254362694
1321.98,-1.4072118327467251,-0.7637831419586938,-11.77344751175385,0.0,-1,0.006981951315450985
1331.21,-1.2668991359630581,-0.20782348172500886,-4.617507731882107,0.0,-1,0.001322105452933764
1332.97,-0.9445011929076372,0.03819148711013731,-3.3091248661533896,0.0,-1,-0.012265842442065522
1316.62,-2.0670937886375214,-0.3614670362065824,-12.565442562788363,0.0,-1,0.002445656301742316
1319.84,-2.1877989374493154,-0.1607240616727923,-9.964125166216846,0.0,-1,0.009198084616317104
1331.98,-1.05416826706778,0.32430220290291434,-1.0692717608535105,0.0,-1,-0.007244853526329309
1322.33,-1.2036722429547808,0.058266075671971285,-6.737242589805355,0.0,-1,0.015011381425211745
1342.18,0.47604845601472334,0.5793289248804919,5.13957310987503,0.0,-1,-0.0010207274732153548
1340.81,1.1620714341647727,0.4217839676768471,4.26841600288941,0.0,-1,0.005526510094644443
1348.22,2.0257436370593496,0.4284853901904748,8.23403291291558,0.0,-1,-0.006482621530610744
1339.48,1.5604344354185287,-0.012274603816782026,2.2914418468293434,0.0,-1,-0.005225908561531378
1332.48,0.6144102983132598,-0.3194329136406837,-2.061910306464796,0.0,-1,-0.00818023535062451
1321.58,-0.8181359617656199,-0.5839930579065211,-8.097492198499417,0.0,-1,-0.0038136170341560582
1316.54,-1.886231094991217,-0.5506960637107063,-10.643261545811399,0.0,-1,-0.010330107706564062
1302.94,-3.3964260703546643,-0.6869636796913845,-16.70767763253849,2.1480519197627927,-1,0.006569757625063177
1311.5,-3.1551547188400946,-0.1485641093922716,-10.218466170002849,0.0,-1,-0.028059473884864627
1274.7,-5.8382561498460745,-0.9438885134660842,-22.83931110638878,16.435781710232277,-1,-0.01949478308621644
1249.85,-8.764118852861884,-1.2899170721606312,-28.06147402285719,24.020933934134973,-1,0.019482337880545764
1274.2,-7.467540299964639,0.002220493578871441,-14.549145492487249,0.0,-1,-0.011458169832051612
1259.6,-7.413622665185812,0.018712709452565868,-18.21463538712824,0.0,-1,0.0069069545887583406
1268.3,-6.043861959030892,0.46282447186916187,-13.843955568110637,0.0,-1,0.0030749822597178067
1272.2,-4.530326442700925,0.6587866627330428,-11.869484506047002,0.0,-1,0.023502593931771676
1302.1,-0.9043648143108385,1.4282494303743767,1.0312415067841059,0.0,-1,-0.011327855003456011
1287.35,-0.24518693225650168,0.6958091041429045,-4.2029918834627225,0.0,-1,-0.0028741212568452745
1283.65,-0.2034990802080756,0.24583231873044353,-5.475849386568832,0.0,-1,0.0033108713434346626
1287.9,0.18846976916688618,0.21260038936846848,-3.5754148287571113,0.0,-1,-0.01863498718844636
1263.9,-1.6312516202428924,-0.53570700001377,-11.788757158916795,0.0,-1,-0.014953714692618192
1245.0,-3.980174679927586,-0.9615433532328215,-16.911034969774583,0.0,-1,-0.014698795180722812
1226.7,-6.3479549864425735,-1.1097745532492693,-21.08158409443187,0.0,-1,-0.02702372218146254
1193.55,-9.765348890829955,-1.5090561525455506,-26.93332391565001,14.771677567058987,-1,0.016672950441958934
1213.45,-9.001933435454475,-0.2485468990566897,-17.78445042237007,0.0,-1,-0.014916148172565924
1195.35,-9.378397921478836,-0.20833712836035012,-21.24076628820324,0.0,-1,0.015978583678420755
1214.45,-7.193430337701102,0.6588768184724616,-13.280459797629952,0.0,-1,-0.004240602741982014
1209.3,-5.9306606843372265,0.640548823945446,-14.46986389613241,0.0,-1,-0.0005375010336556851
1208.65,-4.859220800627099,0.5706629025518577,-14.630530038423686,0.0,-1,-0.007239482066768721
1199.9,-4.647732458719929,0.26071708148634265,-16.87123621926782,0.0,-1,-0.0066255521293441255
1191.95,-4.817177249539782,0.0304240968888303,-18.862620120346563,0.0,-1,0.0086832501363312
1202.3,-3.637968207487802,0.4032110463136034,-13.353863588551548,0.0,-1,0.01617732679031869
1221.75,-1.1243663358379763,0.9722709726544765,-4.2861852409292,0.0,-1,0.0022508696541845286
1224.5,0.4552984613069384,0.8506452565997972,-3.0924007197787873,0.0,-1,-0.007309105757452028
1215.55,0.4613559881038327,0.28556759446556385,-6.547785130979548,0.0,-1,0.01999095059849454
1239.85,2.4509384191601384,0.7583833418406234,3.7337544253086463,0.0,-1,0.011170706133806663
1253.7,4.395651433091643,0.9010321185907095,8.510989567950901,0.0,-1,0.0011565765334609068
1255.15,5.122536987299782,0.5426392242662823,9.003409718683116,0.0,-1,-0.011791419352268795
1240.35,3.8257683487954637,-0.25137647141267827,2.003584107628676,0.0,-1,-0.0014512032893940763
1238.55,2.7085700004770388,-0.4561916065770344,1.1830352821621588,0.0,-1,0.005530660853417357
1245.4,2.4950899929447132,-0.2232238713697865,4.23632227283499,0.0,-1,0.0007628071302392403
1246.35,2.2595924897666464,-0.1529071248492846,4.673182598452655,0.0,-1,0.018935291049865688
1269.95,3.920211030696919,0.5025704720269961,14.125760720436205,0.0,-1,-0.017559746446710434
1247.65,2.565502715270668,-0.28404594779975145,2.6073659983764514,0.0,-1,0.022241814611469568
1275.4,3.9868566646184718,0.37910266718268426,12.035969200904496,0.0,-1,0.039360200721342276
1325.6,8.548628917240649,1.6469583066016211,22.88060068120585,-26.30507755186204,-1,0.013616475558237973
1343.65,11.621295967115202,1.5732084521587257,25.65852467073924,-22.673065039455423,-1,-0.001711755293417272
1341.35,11.997521494792863,0.649811326612129,24.576958536437402,-3.9851535712489294,-1,0.0071196928467589515
1350.9,11.98167413406577,0.21132132196167852,26.149919984175156,0.0,-1,0.003146050780960863
1355.15,11.329444275863352,-0.146969512080247,26.857924342004054,0.0,-1,0.02531085119728438
1389.45,12.917542323773432,0.4803761786099443,31.723213083190046,-4.600042452958405,-1,-0.009032350930224142
1376.9,11.589296154080785,-0.2826233303609005,25.2883244000586,0.0,-1,0.00842472220204793
1388.5,10.926065056394464,-0.3152848093490732,27.137157011195427,0.0,-1,-0.014043932301044282
1369.0,8.058944086185193,-1.0608019265194475,17.679440899911214,0.0,-1,0.004419284149013825
1375.05,6.4579715938982645,-0.8872581396021255,18.990133350584188,0.0,-1,-0.01629031671575565
1352.65,3.252654381596585,-1.364191783967935,9.12616289250753,0.0,-1,-0.0017003659483237898
1350.35,1.187274576979462,-1.1431905295283529,8.17718780590981,0.0,-1,0.000888658495945549
1351.55,0.15564512658920648,-0.7249399933062028,8.562734606046938,0.0,-1,0.014205911730975629
1370.75,1.2268599741785238,0.11542495142770481,14.397482005844722,0.0,-1,0.0006200984862301251
1371.6,1.731062400124756,0.20654245912464564,14.642382215317639,0.0,-1,-0.012540099154272233
1354.4,0.40557507975427143,-0.3729816204152797,5.983954667323651,0.0,-1,-0.01561577082102783
