close,MACD,MACDandSIG,RSI,Bollinger,Fibonacci,Percent
377.45001,0.20617004197680444,-0.2349123699752666,-4.723104915417217,0.0,1,-0.0067559145116992125
374.89999,-0.30741207801366954,-0.24949816332191352,-7.085368091215017,0.0,1,0.0006668445096518205
375.14999,-0.5177521315078479,-0.15327940560536396,-6.7627645763721915,0.0,1,0.0023990404477951532
376.04999,-0.5047761472958996,-0.04676780713113854,-5.508006751129145,0.0,1,-0.003988831378509028
374.54999,-0.5812234762485673,-0.04107171202793547,-7.257694526907976,0.0,1,0.00533974116512459
376.54999,-0.4043451843708681,0.04526885994992125,-4.105477186131054,0.0,1,-0.004514619692328137
374.85001,-0.4238756064011113,0.008579479306559334,-6.373780779798302,0.0,1,0.00826997443590849
377.95001,-0.13998451688286195,0.09749018960826958,-1.2422827865238872,0.0,1,0.02129908661730151
386.0,0.6844589042831899,0.3073112035914405,9.416500495981929,0.0,1,0.009455932642487008
389.64999,1.343808206175936,0.3222201684947288,13.265975459232394,0.0,1,0.015013499679545683
395.5,2.048999673274295,0.34247054519769615,18.574320115351256,-0.027194416752138295,1,-0.02490520859671297
385.64999,1.410011267383993,-0.0988392868975354,3.9806039964171234,0.0,1,0.0346169074190823
399.0,2.0855169588234617,0.192222134847311,15.149608282820239,-2.164880569067577,1,0.020050125313283207
407.0,2.9161433913079122,0.34094952244392074,19.997922498814447,-5.647636558752083,1,0.037100761670761706
422.10001,4.346778824941168,0.5905283186923924,26.774288563480226,-12.181440297177403,1,0.031746007302866364
435.5,5.816530806346009,0.6867601000324113,31.004650683486574,-14.274630714389104,1,-0.014351320321469574
429.25,5.54586256318629,0.13869728562423056,24.017854934808668,-1.0618906011112017,1,0.04065232382061734
446.70001,6.40254072800758,0.33179181681517367,29.50243638128714,-7.915978173222584,-1,0.020707409431219848
455.95001,7.068168083084231,0.3324730572972747,31.769067807506843,-5.950485748337712,-1,0.041451912677883174
474.85001,8.386967753698855,0.5504242426372992,35.42746821053596,-10.403525896408269,-1,0.016426197400732923
482.64999,8.997451942864586,0.3869694772676766,36.65540738856532,-4.447007818558404,-1,-0.008805552860365773
478.39999,8.19873970887545,-0.1372475855738191,32.44928717134758,0.0,-1,0.013900501962803125
485.04999,7.670321949474555,-0.22188844832490506,33.81508564897548,0.0,-1,-0.007318812644445116
481.5,6.471087073984563,-0.47370777460496605,30.11697922505364,0.0,-1,-0.023468307372793262
470.20001,4.390546546740893,-0.8514161006162118,19.302307800953784,0.0,-1,-0.02477673277803638
458.54999,2.0135624042239897,-1.076133414377705,10.021205140350531,0.0,-1,-0.007196576320937176
455.25,0.3822742992801409,-0.9024738397738514,7.593645589260987,0.0,-1,-0.014827018121911006
448.5,-1.0277259447984193,-0.7708246946174706,2.7452589099866884,0.0,-1,-0.007023389074693465
445.35001,-1.9095814047711883,-0.5508933848634132,0.5392154283873865,0.0,-1,-0.052767485061917974
421.85001,-4.149710684359945,-0.9303408881507234,-12.47165228765816,0.0,1,0.0122081068576958
427.0,-4.494800267124333,-0.42514349030503684,-8.78653238428528,0.0,1,0.049765807962529385
448.25,-2.5219450362461657,0.5159039135243768,3.7275988732335747,0.0,-1,-0.013050775237032908
442.39999,-1.812856167786606,0.4083309273279787,0.4430241775736121,0.0,-1,-0.0015822333088207907
441.70001,-1.3655720529079076,0.2852050140688924,0.03634326680892741,0.0,-1,-0.006565587354186442
438.79999,-1.2698006577261935,0.1269921364168689,-1.7542008601222605,0.0,1,-0.012192297451966594
433.45001,-1.5619299053248028,-0.05504570372724671,-5.051252262747141,0.0,1,0.01857189944464399
441.5,-0.9070012036804087,0.19996099930571587,0.593571032311857,0.0,-1,-0.004416783691959303
439.54999,-0.6664542525515458,0.14683598347819293,-0.765224466121623,0.0,1,0.005005141735983321
441.75,-0.30730875594110785,0.16866049336287697,0.8882204941318008,0.0,-1,-0.022297702320316914
431.89999,-0.9229611113074725,-0.1489972873344959,-6.207446256968652,0.0,1,0.00023155823643339346
432.0,-1.145539696381718,-0.12385862413624715,-6.119168473499947,0.0,1,-0.001273124999999986
431.45001,-1.2071998475536816,-0.06183959176940368,-6.536281070735043,0.0,1,0.010314010654443928
435.89999,-0.7665982691768818,0.12625399553579875,-2.0853128729453587,0.0,1,-0.003211722945898665
434.5,-0.5990801242237467,0.09792404682964462,-3.3686179315960274,0.0,1,0.03475261219792869
449.60001,0.7929364586047996,0.49664687655273043,9.599066681869239,0.0,-1,0.0026689946025579836
450.79999,1.5228650451353474,0.4088584876944261,10.447666353434606,0.0,-1,0.04003997426885486
468.85001,3.2650922513060436,0.7170285646217076,20.72480872372246,-7.99628826783993,-1,-0.0011731257081556423
468.29999,3.8182798334491963,0.4234053822549533,20.108034328986108,-3.149918122384747,-1,0.0014947896966643892
469.0,3.835017805066684,0.14671445129081384,20.472175064052962,0.0,-1,-0.01663110874200424
461.20001,2.873802807119887,-0.2715001822186611,11.236429824320282,0.0,-1,-0.022224630914470245
450.95001,1.29954507421985,-0.6152526383728993,1.4006235461272212,0.0,-1,0.004324160010551914
452.89999,0.5666191182514808,-0.44939286478042284,2.996481578795361,0.0,-1,-0.012254316896761264
447.35001,-0.30956045292032286,-0.4418574786507422,-1.98916581692243,0.0,-1,-0.021906828615025686
437.54999,-1.5385218674295515,-0.5569396310533237,-9.46991467415485,0.0,1,-0.015998172003157896
430.54999,-2.6081257523983368,-0.5421811720073695,-13.930341528058982,0.0,1,-0.01161305334137852
425.54999,-3.342250548849563,-0.4254353228195318,-16.827710503749756,0.0,1,0.011397015894654361
430.39999,-3.0266254013376965,-0.036603391769221894,-11.50309817131064,0.0,1,0.02683554895064022
441.95001,-1.654092377470306,0.4453098773660562,-0.7942155787946703,0.0,-1,0.0074668852253221285
445.25,-0.554985667414087,0.5148055291407585,1.8664043924825222,0.0,-1,0.0075238854576080705
448.60001,0.31998399323191506,0.4632583965955869,4.551613015796519,0.0,-1,-0.011814578425889954
443.29999,0.28913515745222185,0.1441365202719646,-0.3202802088161718,0.0,-1,-0.039251072394565045
425.89999,-1.2003838568919605,-0.448460831357406,-12.527824372979765,0.0,1,-0.007161258679531768
422.85001,-2.0992763759897457,-0.4491177834850639,-14.239261237050279,0.0,1,-0.0008277403138763351
422.5,-2.4029504375395163,-0.25093061501161174,-14.446312354056658,0.0,1,0.01183431952662728
427.5,-1.9378749318527184,0.07138163022506205,-9.022144471641404,0.0,1,0.0038596257309941873
429.14999,-1.4063484346883115,0.20096937579648966,-7.255216245271626,0.0,1,0.019573576128942616
437.54999,-0.32338948321540784,0.4279761090897978,1.0362944593017218,0.0,1,0.025368529890721803
448.64999,1.170039116122382,0.6404682361425292,9.621814212084189,0.0,-1,0.012927716770928743
454.45001,2.3025851561143895,0.5910047587115121,13.352593543608073,0.0,-1,0.06205298576184415
482.64999,5.026974413100845,1.1051313385659896,25.554514866444052,-13.233685521021073,-1,0.022687289395779242
493.60001,6.8827561738356735,0.9869710331002723,28.62504761710521,-13.712947137156732,-1,0.004558346747197239
495.85001,7.424584039716763,0.5095996329937869,29.220937642921356,-6.9847853911467155,-1,0.00423515167419275
497.95001,7.251782636014241,0.11226607643042197,29.804790735740468,-0.5162923240170585,-1,-0.0032131739489271727
496.35001,6.427733381161772,-0.2372610594740152,27.950596360377588,0.0,-1,-0.008763997002840807
492.0,5.117563471972062,-0.5158103228879085,22.838323774898825,0.0,-1,0.023475589430894228
503.54999,4.998514061379581,-0.21161991116013024,27.241678153072726,0.0,-1,-0.0075464007059159455
499.75,4.205780684301658,-0.33478442941268405,22.920191207950893,0.0,-1,-0.00030013006503248896
499.60001,3.4464331054041963,-0.36471066943671504,22.74170595927633,0.0,-1,0.0004002802161673369
499.79999,2.7962215571718048,-0.3383074058897022,22.84018935554502,0.0,-1,-0.01010402181080472
494.75,1.817264819957984,-0.4390880477011745,16.135755523687408,0.0,-1,-0.006973239009600896
491.29999,0.8888468830212446,-0.45583532821263795,11.81674276737482,0.0,-1,0.0037655201254940263
493.14999,0.5047340076343971,-0.2799827345331618,13.246796106861666,0.0,-1,0.020987549852733434
503.5,1.13311723597144,0.11613349793462713,20.187508742981947,0.0,-1,-0.015590883813306866
495.64999,0.6987149138090558,-0.10608960807591905,10.551049938031412,0.0,-1,-0.004135942784947888
493.60001,0.2524558432437516,-0.18411622621374113,8.231249350725719,0.0,-1,0.012054254212839233
499.54999,0.5041199876907854,0.0225159727444309,12.824396659095491,0.0,-1,0.022119948395955324
510.60001,1.5087770609400764,0.3423910153312406,19.69994518708988,0.0,-1,0.043967840893696764
533.04999,3.756205842486338,0.8632732656258342,28.624346797052624,-8.54717253250567,-1,-0.02607629727185612
519.15002,3.4085722463855745,0.17187988984169023,15.377325437669256,0.0,-1,-0.0021189058222516044
518.04999,2.85903859446978,-0.12588458735803476,14.422883523978243,0.0,-1,-0.015635518108976232
509.95001,1.6710202189726715,-0.4379676542850479,7.549072483819707,0.0,-1,-0.027355642173631955
496.0,-0.22474148702355023,-0.7779097867604233,-2.2087680864448345,0.0,-1,0.00877018145161279
500.35001,-0.7913930494363512,-0.4481871163910749,0.6881732938370462,0.0,-1,-0.0008994103947355114
499.89999,-1.0462710765230554,-0.23435504782592642,0.3669250591928943,0.0,-1,0.020104061214324176
509.95001,-0.24901916702282278,0.18763228722476877,7.1116742339564,0.0,-1,0.00941266772403826
514.75,0.5703575516458841,0.33566966863115866,9.996524292563144,0.0,-1,0.005633841670714013
517.65002,1.1741844483430555,0.31316552177611,11.7248256882081,0.0,-1,0.010914652335954678
523.29999,1.8490800259963862,0.32935369980981366,14.998331667485857,0.0,-1,0.03191288041110041
540.0,3.4241053126567067,0.6347929954900446,22.673777918331353,-4.040258039650325,-1,-0.062037037037037
506.5,1.1346091799322267,-0.5515677124114786,-1.1852049827301272,0.0,-1,-0.017670306021717708
497.54999,-0.850523818091176,-0.8455669034782939,-5.520060078409003,0.0,-1,-0.006532006964767523
494.29999,-2.0430466655952273,-0.6793632503274485,-7.058626934615056,0.0,-1,-0.0007080315741053722
493.95001,-2.4982192005476804,-0.37817859509330054,-7.235618159859641,0.0,-1,-0.008705374861719295
489.64999,-2.875955534644902,-0.2519716430635075,-9.51369659722431,0.0,-1,-0.016440274000618316
481.60001,-3.495992407139795,-0.29066950518613366,-13.552360376032524,0.0,-1,-0.01090116256434459
476.35001,-3.9521781427922633,-0.2489517469462008,-16.0093906988537,0.0,-1,-0.0027291276849139567
475.04999,-3.959257832052458,-0.08534381206879837,-16.62835687787605,0.0,-1,0.013577539492212187
481.5,-3.095358690678154,0.25951844310183514,-10.549952089007654,0.0,-1,0.02024922118380057
491.25,-1.5929625624344794,0.58730485711517,-2.5048484577607155,0.0,-1,0.006106870229007688
494.25,-0.45901761810984,0.5737499338132699,-0.2234632291313332,0.0,-1,0.014061729893778407
501.20001,0.7253738222283346,0.5860471247171481,4.828763793041993,0.0,-1,-0.020051915002954668
491.14999,0.41962005721171636,0.09343111990017666,-2.8000456398567906,0.0,-1,-0.00468284647628725
488.85001,0.04010983660242573,-0.09535970023637133,-4.412934969880375,0.0,-1,-0.030684258347463245
473.85001,-1.4029877600857503,-0.5128190989748492,-13.460810041826129,0.0,-1,-0.02004853814395824
464.35001,-2.7992875784227067,-0.6363729724372686,-17.938722715477944,0.0,-1,0.006137611583124647
467.20001,-3.026663522722629,-0.28791630557906345,-15.272327336056073,0.0,-1,0.007170333750634805
470.54999,-2.608964534645679,0.04326089416596224,-12.089729361587715,0.0,-1,0.0034002763447089634
472.14999,-2.049367996053377,0.20095247758608803,-10.523652503462905,0.0,-1,0.02901624545200132
485.85001,-0.45712072708613505,0.59773324885111,1.189314530449046,0.0,-1,0.03571060953564675
503.20001,1.822929634654713,0.9592612035306527,11.63643340388414,0.0,-1,-0.023748032119474738
491.25,1.8152098459705712,0.31718047161550356,2.961465033184666,0.0,-1,-0.01984732824427482
481.5,0.8475824644642671,-0.21681563663026693,-3.031367638942598,0.0,-1,-0.024402907580477695
469.75,-0.6860297649942595,-0.5834759553629313,-9.211535355191913,0.0,-1,0.020117104843001554
479.20001,-0.6081658993073233,-0.1685373632253317,-2.981782676989937,0.0,-1,-0.009286331191854513
474.75,-0.88938764152158,-0.14991970181319614,-5.435045940609456,0.0,-1,-0.0028436229594522855
473.39999,-1.068383709168586,-0.10963858982006736,-6.205298336488937,0.0,-1,-0.002112378582855512
472.39999,-1.1521831005613308,-0.0644793270709374,-6.81955128639359,0.0,-1,-0.002116850171821505
471.39999,-1.1814008712109967,-0.031232365906867843,-7.482155823197338,0.0,-1,-0.008909588648909339
467.20001,-1.447558017268193,-0.09912983732135472,-10.323386920058901,0.0,-1,0.0012842037396358918
467.79999,-1.4100084221911402,-0.020526747414767232,-9.690267131696572,0.0,-1,0.0019239418966212618
468.70001,-1.198731256136682,0.06358347287989696,-8.664036462741173,0.0,-1,-0.01696183023337261
460.75,-1.6556992350980408,-0.1311281686938206,-14.631986043156509,0.0,-1,-0.009983743895822017
456.14999,-2.129542454987245,-0.201657129527675,-17.63603745671888,0.0,-1,0.004823018849567484
458.35001,-2.005667193682882,-0.02592728940777067,-14.71506524742621,0.0,-1,0.0020726082235713594
459.29999,-1.6974256302237904,0.09410475801710705,-13.401374129781892,0.0,-1,0.001524080155107299
460.0,-1.3435185459756553,0.1493372807550808,-12.364860310649,0.0,-1,0.0038043478260869623
461.75,-0.9087717916869451,0.19469467834793042,-9.655789728261027,0.0,-1,0.015051456415809517
468.70001,-0.03649993190197165,0.355655512710968,-0.06008602477925962,0.0,-1,0.012588009119095078
474.60001,0.8943443256490013,0.42883325675398043,6.534571784896357,0.0,-1,0.0023177412069588232
475.70001,1.3769044272871156,0.3037977861306982,7.689220468268587,0.0,-1,-0.014294765308077273
468.89999,0.9367741091655262,-0.04544417733029704,-1.2127688456917767,0.0,-1,0.020473470259617654
478.5,1.4386452743409563,0.152142329281711,8.767663028248073,0.0,-1,-0.01452457680250785
471.54999,0.9905262507335806,-0.098658898108555,0.8035665212578564,0.0,-1,-0.02481174901519978
459.85001,-0.2910754486312044,-0.4600868658244467,-9.470200802951382,0.0,-1,0.01011197107509032
464.5,-0.5201208442609868,-0.22971075381807643,-4.594791044611448,0.0,-1,0.016576986006458627
472.20001,0.050367361612472905,0.11359248401846112,2.5608046231463035,0.0,-1,-0.0012706480035864498
471.60001,0.2814141844148139,0.11487976894026738,1.971047081922059,0.0,-1,0.03816793812196906
489.60001,1.8734864137814498,0.5689839994356345,15.044838595567484,-5.476861128935013,-1,-0.013582516062448535
482.95001,1.9592319939829963,0.2182431932123936,8.507288382075998,0.0,-1,-0.0057977429175331
480.14999,1.605500451251828,-0.04516278317292488,5.8797236407191775,0.0,-1,0.029574133699346694
494.35001,2.4781779756152673,0.275838247063505,14.790059256508428,-2.303260841194458,-1,-0.010013188833555398
489.39999,2.295500239829096,0.03105350375911131,10.089696896291223,0.0,-1,0.038823049424255185
508.39999,3.5962030186169045,0.4439187608489732,19.520272158134304,-7.20420660028492,-1,-0.02596376919676957
495.20001,2.846872489792702,-0.10180392265840998,8.795785382809086,0.0,-1,0.01514539549383298
502.70001,2.859967851231204,-0.029569520406635963,12.452503785146853,0.0,-1,-0.013825362764564142
495.75,2.0490173776811957,-0.2801733313188812,7.223643476137632,0.0,-1,-0.00534541603630867
493.10001,1.2519581927660965,-0.3590775054113269,5.263395357562949,0.0,-1,-0.013587547889118867
486.39999,0.19076375091140108,-0.47342398242200745,0.41207995766523453,0.0,-1,-0.0020559210948997153
485.39999,-0.4390637825919157,-0.36775050530844144,-0.3112909710355609,0.0,-1,-0.015039102081563671
478.10001,-1.3257205674609054,-0.41813576339247716,-5.491513560169686,0.0,-1,-0.021125308071003768
468.0,-2.5002397459403483,-0.5308849806239735,-11.639496221537613,0.0,-1,-0.004380320512820446
465.95001,-3.0499785230183534,-0.36020791923399287,-12.798377945088276,0.0,-1,-0.0022535035464427144
464.89999,-3.1581847013057995,-0.1561380325071462,-13.427183739660911,0.0,-1,-0.0017207571890892615
464.10001,-3.015770732007411,-0.004574687736252692,-13.943103369704971,0.0,-1,0.008618831962533324
468.10001,-2.359916186357623,0.2170932859711785,-9.295949737069279,0.0,-1,-0.01474043976200723
461.20001,-2.4103292313362203,0.05556008033086046,-14.272642252953666,0.0,-1,0.00021678230232469176
461.29999,-2.2263433178808327,0.07984866459541617,-14.14637322943831,0.0,-1,0.002492998103035049
462.45001,-1.8529867513297518,0.15106841038216556,-12.575204959301615,0.0,-1,-0.00032440263110822265
462.29999,-1.5243945721101113,0.15988686320060208,-12.70760014214251,0.0,-1,0.010599221514151491
467.20001,-0.824730601491126,0.2865169446065292,-5.5728087076518165,0.0,-1,-0.010809117919325373
462.14999,-0.8270060660573222,0.0947471600134443,-10.694017624139022,0.0,-1,-0.002921129566615388
460.79999,-0.8717266261689929,0.01667553330059124,-11.995263951371705,0.0,-1,0.001410633711168341
461.45001,-0.7672746873773804,0.040375824030734586,-10.91635398534617,0.0,-1,0.010401971819222533
466.25,-0.25110999403347023,0.18551350579154824,-3.304941378461443,0.0,-1,0.000857887399463797
466.64999,0.06123068547458388,0.16595139509986745,-2.6953067992863,0.0,-1,-0.010500353809072216
461.75,-0.19603403189427127,-0.030437774089662556,-9.06730967238424,0.0,-1,-0.0034651001624255162
460.14999,-0.4416643879208664,-0.09202271003875256,-10.974546755581656,0.0,-1,-0.015755732168982517
452.89999,-1.1318408669407063,-0.2607330630195309,-18.389916845586185,0.0,-1,0.005519982457937278
455.39999,-1.174275700872272,-0.10105596565036556,-13.748860968016643,0.0,-1,-0.00351339489489233
453.79999,-1.2309701427653863,-0.05258346918115997,-15.417705906717572,0.0,-1,-0.005398810167448365
451.35001,-1.3609015184814552,-0.06083828163240956,-17.929586204818897,0.5197139313455068,-1,-0.002769469308309125
450.10001,-1.4166254131326923,-0.038854058761215615,-19.197910418934573,0.0,-1,-0.009220173089976136
445.95001,-1.6722685760306035,-0.09816574055304228,-23.11947239737283,1.4922373261609891,-1,-0.020966475592185785
436.60001,-2.4399011094769776,-0.28859942466647226,-29.616091100264704,5.88664364682495,1,-0.025309252741428034
425.54999,-3.5412272837437513,-0.46330853297774865,-34.52675263551275,9.71074749453993,1,-0.029608695326252876
412.95001,-4.846786430565203,-0.5896225599330664,-38.14512841791103,12.502966876143205,1,-0.0055697298566478315
410.64999,-5.287335468095478,-0.3433905324877804,-38.68194184243511,6.599643402340803,1,-0.025690929640592497
400.10001,-5.946163697852626,-0.3340729207483095,-40.80418147514362,7.530303531313223,1,-0.029617619854595878
388.25,-6.767565004576852,-0.3851580758241786,-42.54806061981392,8.257942168108173,1,-0.04932386349001927
369.10001,-8.210134407557575,-0.6092424929349676,-44.44097816593541,13.133594297668083,1,0.05662419245125472
390.0,-6.50557540841811,0.3651055020681655,-22.200755035935266,0.0,1,0.03487182051282045
403.60001,-3.9778304581468547,0.9642834841131407,-11.695992106032207,0.0,1,0.001114915730552113
404.04999,-2.344973778165638,0.8657133880314527,-11.367748570974399,0.0,1,-0.03081296945459644
391.60001,-2.370629289994554,0.2800192920675122,-16.798176973998288,0.0,1,-0.008299284772745552
388.35001,-2.4567379384095034,0.06463688121752087,-18.098834105613506,0.0,1,-0.02240252291998135
379.64999,-3.020065767749486,-0.16623031604082072,-21.428003305082083,0.0,1,-0.019359937293821683
372.29999,-3.662557535107055,-0.26957402779946316,-23.977224422528025,0.0,1,-0.014504432299340064
366.89999,-4.128590290860245,-0.24520226118421773,-25.7438810283267,0.0,1,0.006132461328221872
369.14999,-3.830057477831815,0.017776850614737327,-23.435791996595118,0.0,1,-0.021129568498701623
361.35001,-4.0116179481649965,-0.05459453990614804,-26.226225074501894,0.0,1,0.023246131915147794
369.75,-3.068097520984452,0.2963086290914654,-17.714820380529098,0.0,1,-0.010818120351588911
365.75,-2.673995847312142,0.23013676758792512,-19.515806047764183,0.0,1,0.02050580997949414
373.25,-1.6291120231999798,0.42500686390002906,-12.278096624681076,0.0,1,-0.011788318821165489
368.85001,-1.3375766092106005,0.23884742596313613,-14.675502108656005,0.0,1,0.02006232831605459
376.25,-0.4636783514483227,0.3709152279084713,-7.809781053769612,0.0,1,-0.012890392026578046
371.39999,-0.3922568599464853,0.14744557313676954,-10.837307076000421,0.0,1,-0.0045772214479595785
369.70001,-0.46552304253339116,0.024726463516621222,-11.902030011398175,0.0,1,-0.010819583153378831
365.70001,-0.7966958802824138,-0.10214879141080047,-14.430270023667916,0.0,1,-0.015723270010301604
359.95001,-1.375057642466686,-0.22683685119835761,-17.83913308737712,0.0,1,0.01333515729031376
364.75,-1.1496512200199618,-0.00047680958387785743,-12.30111013664039,0.0,1,-0.013433831391364004
359.85001,-1.3494762404615699,-0.06676727667516191,-15.496002472058372,0.0,1,-0.00013900235823260942
359.79999,-1.3411007306439728,-0.01946392228585503,-15.529137382549337,0.0,1,0.017787715891820932
366.20001,-0.6918195815147783,0.20993907561444658,-7.657464114352308,0.0,1,0.009830638726634477
369.79999,-0.009529041823952866,0.29740987176842404,-3.630992084325726,0.0,1,0.006760411215803508
372.29999,0.5407436481734749,0.2825608539219506,-0.8888545347770958,0.0,1,0.0005372280563318288
372.5,0.7874855224910107,0.17643424274649555,-0.658606550708555,0.0,1,0.03999997315436232
387.39999,2.0868984994422135,0.4919490732325662,13.144277690393835,-5.92511824970353,1,0.030330408630108607
399.14999,3.5418634462976684,0.6489713400293402,20.247421349928544,-10.207267005800588,1,-0.011148641141140891
394.70001,3.603358965867244,0.2368222865329721,14.977699578610768,-1.523819936460825,1,0.022548770647358163
403.60001,4.075493478496412,0.23631893305404672,19.981853013187944,-4.548801691953884,1,-0.00557482642282392
401.35001,3.784436278269652,-0.01824608905757108,17.281433806640706,0.0,1,-0.0089697518632178
397.75,3.023537154967073,-0.25971507078671685,12.962222235074861,0.0,1,0.002011288497800079
398.54999,2.4577919970685684,-0.2751534095617405,13.540135459418778,0.0,1,0.007276427230621829
401.45001,2.211771751696915,-0.17372455164446476,15.696069735205967,0.0,1,-0.009092090943029318
397.79999,1.6002789830363895,-0.2617391067683301,10.678354582294524,0.0,1,-0.011060834868296454
393.39999,0.7945093501197107,-0.3558362465616698,5.046972717818065,0.0,1,-0.023894230398938232
384.0,-0.4579170788485385,-0.536087558509973,-4.890602231936342,0.0,1,0.007942682291666614
387.04999,-0.7918047034286246,-0.28999172769668646,-1.5363976354214373,0.0,1,0.00813853528325903
390.20001,-0.6302631237663263,-0.04281671601146275,1.8407035568272647,0.0,1,0.007944592313054999
393.29999,-0.23863874028796772,0.11626922248896532,5.06072766349962,0.0,1,0.007246376995839743
396.14999,0.21456001314186324,0.18982265863959877,7.933856784724647,0.0,1,-0.008077698045631632
392.95001,0.15661438876162492,0.043959011419786836,3.6543479804956007,0.0,1,0.004580709897424207
394.75,0.2645895441747257,0.0506447222776292,5.699611790297773,0.0,1,-0.005193134895503437
392.70001,0.12569549320005535,-0.02941644289901371,2.753618635113952,0.0,1,0.010185892279452657
396.70001,0.3791071766127061,0.07466508017121237,7.613973807714544,0.0,1,0.004915502775006297
398.64999,0.6367190869346473,0.11075899683105117,9.851150160559264,0.0,1,0.0001254734761186871
398.70001,0.7166334515177368,0.06355778713804694,9.91145731094845,0.0,1,-0.005267118001827997
396.60001,0.5218711795160971,-0.043734828287864236,5.988381416720813,0.0,1,-0.000378214816484701
396.45001,0.3685007785556422,-0.06570174308277305,5.698918427180111,0.0,1,-0.009837356291150123
392.54999,-0.06389448680425858,-0.16603233614755797,-1.5390998156856739,0.0,1,-0.01846898531318264
385.29999,-0.8789342455838209,-0.3270240316423735,-11.79403179833509,0.0,1,-0.0014274332060064676
384.75,-1.2590421045082962,-0.23571063018894955,-12.463559682719975,0.0,1,0.022222196231318936
393.29999,-0.6316766919281918,0.13055159413038497,2.050524159025727,0.0,1,-0.015509738507748172
387.20001,-0.7736859279773967,-0.003819213972939939,-6.045732055629024,0.0,1,0.01782024747365063
394.10001,-0.20521671867061286,0.18821666511128132,3.1192542060704866,0.0,1,-0.0022836842861282403
393.20001,0.021119279205322528,0.1381842209957389,1.8894962640111999,0.0,1,-0.0017802898835125314
392.5,0.074193171542845,0.06375270444442048,0.8716947364817855,0.0,1,-0.012611490445859963
387.54999,-0.31795347991692324,-0.10946464900511593,-5.921441842325876,0.0,1,-0.0009030576932796963
387.20001,-0.5166956823204032,-0.10273561713619866,-6.379039722021766,0.0,1,-0.005165289122797234
385.20001,-0.7396754766621143,-0.10857180382596998,-9.076608353802158,0.0,1,-0.00025960539305291963
385.10001,-0.79785908411111,-0.055585137091655246,-9.21672408043247,0.0,1,-0.0007790703511018071
384.79999,-0.7854642974930357,-0.014396783491193665,-9.676955512105891,0.0,1,0.015072817439522268
390.60001,-0.23047654605960588,0.18019698931407874,1.9663551590884865,0.0,1,-0.008320532301061667
387.35001,-0.2046096248378717,0.06868797017860429,-3.6624273352794603,0.0,1,-0.0005163805210692818
387.14999,-0.1912936954905149,0.027334633175320366,-4.003124168898289,0.0,1,-0.0019372336804140966
386.39999,-0.2311945895259555,-0.004188753620040092,-5.3702381283608105,0.0,1,0.01229296098066679
391.14999,0.16395451258347293,0.1303201161631295,4.207456507782403,0.0,1,0.0003834846065060571
391.29999,0.3603661875895341,0.10891059705639689,4.483709250218951,0.0,1,0.005622310391574459
393.5,0.6118756761267719,0.12014002853121158,8.557926596832402,0.0,1,-0.0011436086404066348
393.04999,0.6491399473848105,0.0524680999297501,7.390387353725373,0.0,1,0.00419799018440381
394.70001,0.7511787540651653,0.051502302203368266,10.59149507672332,0.0,1,0.003293615320658194
396.0,0.8479324278998774,0.04941865867936013,13.023302170892883,0.0,1,0.02702022727272735
406.70001,1.7173157291589405,0.3062673199794743,26.36274843695378,-5.618888755387161,1,-0.00024588147907844693
406.60001,2.0005644023585205,0.1965053310596847,26.077751198804407,-2.508375531598915,1,-0.03578460315335463
392.04999,0.7629733720951322,-0.3470285664012347,-2.5511990264596136,0.0,1,-0.011605637332116725
387.5,-0.2985690907111689,-0.46952367640251197,-8.037877899494049,0.0,1,0.0
387.5,-0.8044595645550885,-0.3251380500821439,-8.037877899494056,0.0,1,0.008645187096774087
390.85001,-0.7111990044307959,-0.07729249665261706,-2.5178430060830763,0.0,1,-0.018293462497288915
383.70001,-1.2011354739993862,-0.18907632207373593,-11.256530962528124,0.0,1,0.0003909304041977979
383.85001,-1.3335090859504248,-0.1071499780082581,-10.994862275699631,0.0,1,0.0
383.85001,-1.2885701347633471,-0.020737008940393542,-10.994862275699631,0.0,1,-0.027354434613665934
373.35001,-2.033719814606229,-0.25529556292775846,-21.51158926205702,1.9777225553957578,1,-0.03254318916450538
361.20001,-3.2493180033104636,-0.4902979172106643,-28.845128815744694,7.793674473201861,1,-0.004983443937335519
359.39999,-3.7363422640534054,-0.32577405931786885,-29.705113252441876,4.213274088144317,1,0.021981080188677726
367.29999,-3.01015920575378,0.13346966632725232,-16.518585239896062,0.0,1,-0.019057991262128815
360.29999,-2.979554409457819,0.054691487541071115,-21.208240547786612,0.0,1,0.028032196170752144
370.39999,-1.8742891438550373,0.3866522510479511,-8.150417385799777,0.0,1,0.003239794903882043
371.60001,-1.0654640823990462,0.39849243750131413,-6.775965143056759,0.0,1,0.010360602519897677
375.45001,-0.25142954480446633,0.404175658365298,-2.363931645518498,0.0,1,0.0019976028233426035
376.20001,0.2390401860598672,0.29821512974321057,-1.4977272902830094,0.0,1,0.00013288144250700462
376.25,0.46852086932034354,0.17589860433456234,-1.4347152097799167,0.0,1,-0.017674392026578056
369.60001,-0.009948028159442401,-0.10085676438174121,-8.872787243578365,0.0,1,-0.003246807271460872
368.39999,-0.34835514121937194,-0.14642129248055696,-10.098116543765343,0.0,1,-0.009093377011220927
365.04999,-0.7676957693144004,-0.18858730685852843,-13.473658634202593,0.0,1,-0.023147459886247335
356.60001,-1.6175564359190844,-0.3461493244877376,-20.474050728481952,0.0,1,-0.0091138528010698
353.35001,-2.178523732894803,-0.30237220715448543,-22.709252789552085,0.0,1,0.016697296824754515
359.25,-1.7857979036414235,0.03011787403296462,-13.077356276064485,0.0,1,0.0006958942240780086
359.5,-1.4197851637112535,0.13204353798771162,-12.686387931052757,0.0,1,-0.0027816411682892728
358.5,-1.2017966967702591,0.11667733497623534,-13.686735426087239,0.0,1,-0.022036234309623426
350.60001,-1.6509852385689214,-0.11083706894080891,-20.604276966548067,0.0,1,-0.01083861920026763
346.79999,-2.054665739587506,-0.17150585665313112,-23.320588393537918,0.0,1,-0.001441753213429986
346.29999,-2.1269505117978156,-0.08126354295448035,-23.67620782213328,0.0,1,0.030464973446866273
356.85001,-1.1066786885864985,0.31300276008561223,-6.13425419537689,0.0,1,0.015832954579432457
362.5,-0.03348705293194598,0.462064798580055,0.8318005856052793,0.0,1,-0.021793075862069022
354.60001,-0.15243314736034108,0.11437290138388667,-7.384286684573759,0.0,1,-0.0025380709944141655
353.70001,-0.27420343229448463,-0.0024657945167522732,-8.238717370537586,0.0,1,-0.010319536038463917
350.04999,-0.6164066220703717,-0.11488966143087975,-11.699115756616322,0.0,1,0.006284845201681044
352.25,-0.5528068317858015,-0.01709662371543652,-8.455251257439194,0.0,1,0.030376181689141246
362.95001,0.4167277993386733,0.3174793358030128,4.478334041651543,0.0,1,0.03678186976768494
376.29999,1.979266131622694,0.6266725560290112,15.163548305120017,0.0,1,0.036539995656125424
390.04999,3.741429786796118,0.7962787370674782,22.53996909194524,-9.281113278693851,1,0.0026920139133961296
391.10001,4.39822746548316,0.48435880525150665,23.024622931525414,-5.3047242019201235,1,0.0015341344532311396
391.70001,4.410107349369753,0.16541289637936618,23.32355312936032,-1.3080143372791895,1,-0.003063594509481904
390.5,3.948537512198868,-0.09871898026383974,21.561286924025907,0.0,1,-0.04852755441741363
371.54999,1.8095403009302231,-0.7459053971774949,0.33478952470034073,0.0,1,-0.014533710524389898
366.14999,0.13924667021836967,-0.8053996759631162,-3.986626486896853,0.0,1,0.0012290591623393965
366.60001,-0.6700023676557407,-0.5382162379457424,-3.5608313711698756,0.0,1,0.00954719013782901
370.10001,-0.727126689288184,-0.1984468531927286,-0.143236591038864,0.0,1,-0.007160226772217504
367.45001,-0.9159282926637502,-0.1290828188560983,-2.6831804849754235,0.0,1,-0.008980867900915346
364.14999,-1.209003403296208,-0.14071930982951875,-5.798919792487531,0.0,1,-0.0005491693134468401
363.95001,-1.271455675004404,-0.06772386051257162,-5.994032083607145,0.0,1,-0.002472922036738101
363.04999,-1.2717288379414526,-0.022665674483206777,-6.9444272168441685,0.0,1,-0.010466850584405663
359.25,-1.4825538495815636,-0.07783022870777256,-10.905361289475266,0.0,1,0.028670814196242178
369.54999,-0.6060877012698143,0.2662119732013256,2.3082932295028087,0.0,1,0.005817940896169604
371.70001,0.061821014658505646,0.3113735630432152,4.593114962514875,0.0,1,-0.00040360504698411237
371.54999,0.37812195473446764,0.2092248343730591,4.391091698476188,0.0,1,0.018705450644743715
378.5,1.0839297618779256,0.3050108805055056,11.688750921114718,0.0,1,0.014134768824306532
383.85001,1.7923403519598082,0.33780715686246277,16.300671355136558,0.0,1,-0.009378689347956493
380.25,1.697183117670761,0.08088330752447193,10.826077457440967,0.0,1,0.011571308349769938
384.64999,1.874838407387017,0.0861795324135759,14.775914532778515,0.0,1,-0.01650851466290182
378.29999,1.278262851629563,-0.17013200778129267,5.760453414412069,0.0,1,0.02088295059167211
386.20001,1.5317881694483617,0.027797770012502054,12.898478467100283,0.0,1,-0.0020715172948856386
385.39999,1.464233480903772,-0.013252306177362616,11.776915235845799,0.0,1,-0.009470654111848886
381.75,1.0042708465561532,-0.15773831350832723,6.655672691568014,0.0,1,-0.012311748526522615
377.04999,0.298932792169353,-0.2876921226317092,0.6483739336100882,0.0,1,0.04521952115686312
394.10001,1.3421876989618227,0.25185426138692013,15.425151065664494,-0.28553598276835146,1,0.02854605357660356
405.35001,2.689466177444558,0.5330442466232186,21.648679385335456,-5.645475694219556,1,0.0002467003762995912
405.45001,3.1473165685656,0.33029821258142,21.698992735914103,-0.9065101061493692,1,0.007645776109365343
408.54999,3.3722970500789984,0.185092898031606,23.329269150752552,0.0,1,-0.0053848489875131245
406.35001,3.020430869995721,-0.05559109401722395,20.143150445594543,0.0,1,-0.022394511568979647
397.25,1.834461040787744,-0.41385364107506684,8.467529955948493,0.0,1,0.0013844933920703628
397.79999,1.134436872784761,-0.37129260302601663,8.926648942620908,0.0,1,0.005530442572409422
400.0,0.8732225493845931,-0.2108356421420614,10.850160630180518,0.0,1,-0.002249975000000015
399.10001,0.594847675235826,-0.16307017209694286,9.581868405749162,0.0,1,0.0013780505793523634
399.64999,0.4519212652251099,-0.10199886070255304,10.145892161107604,0.0,1,0.012260728443906466
404.54999,0.7511312881176764,0.06573705406333785,14.983205536915406,0.0,1,0.03126936179135753
417.20001,1.892310358887471,0.4023053749443777,24.026307829039723,0.0,1,-0.007070972984876023
414.25,2.0593731976983918,0.1897894045850994,19.383436687166324,0.0,1,-0.007604079662039798
411.10001,1.7087910172957095,-0.05359759193919422,14.578046857940507,0.0,1,-0.004500145840424574
409.25,1.2369331756530073,-0.1751518111939654,11.785615008276665,0.0,1,0.0024434941967013124
410.25,0.981259823527239,-0.14360838777324458,12.752941480292712,0.0,1,-0.0017063010359537056
409.54999,0.7133173288370926,-0.137183627487797,11.541298724439308,0.0,1,0.0012208521846137632
410.04999,0.5615696374222807,-0.09631043963420294,12.1217340580652,0.0,1,-0.01804658012551097
402.64999,-0.17776834473698955,-0.27854947393115775,-0.23041338697136382,0.0,1,-0.028809140166624725
391.04999,-1.4992899737551966,-0.533357034316455,-13.032981212450188,0.0,1,-0.007032348984333137
388.29999,-2.264276623784724,-0.4327812281153274,-15.3788652760637,1.215885345306333,1,-0.02163275873378201
379.89999,-3.1580802301508015,-0.44219494482713495,-21.51404144261118,4.765538676113636,1,0.0069755200572654275
382.54999,-3.1209753474878994,-0.1350300207214108,-17.331610122490602,0.0,1,0.03790354301146359
397.04999,-1.6340082938657474,0.45064567763358054,0.32942945403517854,0.0,1,0.015489283855667724
403.20001,-0.24185574256591735,0.6142660763111369,5.793870801215064,0.0,1,-0.012648809210099032
398.10001,0.04937517829779381,0.30183233239161605,0.6587332140239681,0.0,1,0.02059778898272313
406.29999,0.874207707204846,0.3755549537662227,7.62603748993498,0.0,1,0.00406108796606186
407.95001,1.3512749960579526,0.28420741420644324,8.922883289840556,0.0,1,0.03591126275496337
422.60001,2.6980357241463935,0.5436560474316279,18.44887194555747,0.0,1,0.0055608138769329685
424.95001,3.3424131111784163,0.3960111448212169,19.701214274640833,0.0,1,0.0016472055148322173
425.64999,3.444399045429577,0.1659990263574591,20.094076833982797,0.0,1,0.023376060692495315
435.60001,4.037527092102664,0.2530423576768488,25.17750472417582,-0.15053707060570787,1,0.013888842656362588
441.64999,4.50179552443069,0.23910359666829173,27.73444431846538,-0.9535129213858227,-1,0.005320978270598298
444.0,4.554614280225451,0.09730745082101766,28.68218804939295,0.0,-1,-0.002927905405405329
442.70001,4.093139968104083,-0.12138895376678338,26.676121614674855,0.0,-1,-0.0010165122878583732
442.25,3.4838069813680477,-0.24357398016760623,25.931508715067935,0.0,-1,0.020689632560768834
451.39999,3.6513224062193785,-0.02535285177209179,30.26193735552806,0.0,-1,-0.002769162666574232
450.14999,3.326636584793391,-0.1166795577326929,28.12822027279286,0.0,-1,-0.010774186621663628
445.29999,2.4829072920142607,-0.32013628350394097,20.09477137404741,0.0,-1,-0.009768650567452242
440.95001,1.491635371290215,-0.4371360680759957,13.579748812403011,0.0,-1,0.025059507312404916
452.0,1.792528963320649,-0.045414158681853944,21.148590904115423,0.0,-1,-0.008517721238938014
448.14999,1.4727641790591406,-0.12172631431445402,15.850684689869226,0.0,-1,-0.01071065515364622
443.35001,0.7901531053401527,-0.26811246267781397,9.69327012555928,0.0,-1,-0.003721664515131007
441.70001,0.245501476368986,-0.2709213638829936,7.634890021528896,0.0,-1,-0.010301154396623269
437.14999,-0.4264511278140617,-0.3142913226886805,2.127406869096113,0.0,1,0.007548942183436935
440.45001,-0.4518881692544028,-0.11324278804300719,5.550328977181053,0.0,1,-0.005221977404427869
438.14999,-0.6186176758699844,-0.09332409821952958,2.6358289622876043,0.0,1,0.004450576388236316
440.10001,-0.4879292895219578,0.012454762709498968,4.866528657699433,0.0,1,-0.0059077708269081874
437.5,-0.598591822221124,-0.03273592332988906,1.2880317734329765,0.0,1,0.009714285714285786
441.75,-0.24987377005231792,0.105327376279639,6.447210128521505,0.0,-1,0.03033387662705156
455.14999,1.0619739035364546,0.47239168328947057,18.23370088297399,-0.9524916709056015,-1,0.019553993618675047
464.04999,2.3710665817027916,0.5938281204852693,23.521804408762634,-5.641968107736773,-1,0.011744445894719346
469.5,3.282191538977429,0.5016510259199691,26.21574304551463,-5.901394607682164,-1,0.000638956336528107
469.79999,3.4892372226999555,0.2362322365474987,26.362825828225226,-2.024648839540191,-1,0.020114964242549327
479.25,4.089491129336238,0.278828714394594,30.56870646130936,-5.348650403125134,-1,0.020552968179446962
489.10001,4.869661321876379,0.35299963564491144,33.888805392906804,-7.387295852346654,-1,-0.0313841948193786
473.75,3.5747738079900273,-0.31396262608048,14.736263425469616,0.0,-1,-0.02321899736147759
462.75,1.712765567047711,-0.7253236223409321,4.7782621849662945,0.0,-1,-0.015126958400864421
455.75,0.05569764932255339,-0.7941305133553633,-0.5952261316654344,0.0,-1,0.0
455.75,-0.7774777803168718,-0.5424353143315962,-0.5952261316654344,0.0,-1,0.026439912232583573
467.79999,-0.12510984677686565,0.0366442064028033,8.132959075314737,0.0,-1,0.029820458097914893
481.75,1.3740007738911686,0.5119182756902794,15.736149981987111,0.0,-1,0.019408427607680245
491.10001,2.788223519734288,0.6420470071777995,19.818079868693346,0.0,-1,-0.0001018529810252744
491.04999,3.258814599344703,0.370879362262738,19.76867395314052,0.0,-1,0.012422360501422647
497.14999,3.7308755892045156,0.2809801173741837,22.413801098347477,0.0,-1,0.012873378515003031
503.54999,4.189333118367358,0.2464792155123421,24.967134628826045,0.0,-1,-0.03167506765316386
487.60001,2.7402857897514536,-0.4008560377011876,9.672823178329502,0.0,-1,0.00625508600789404
490.64999,2.0415699762975805,-0.3665239503850204,11.348239112709557,0.0,-1,0.0364822182101745
508.54999,3.01374790487921,0.2018846593988699,19.58753313189017,0.0,-1,-0.017697375237388124
499.54999,2.4986912104300814,-0.10439067835008631,12.182365031159534,0.0,-1,0.003303012777560177
501.20001,2.170440262336342,-0.14421387548127518,12.984760077287035,0.0,-1,-0.00418994405048001
499.10001,1.6504447664281088,-0.22140312379650284,11.150005620014944,0.0,-1,-0.027549588708683848
485.35001,0.10707662127163076,-0.5882570896509937,0.4568984951178763,0.0,-1,-0.004635829718021456
483.10001,-0.8610305030792347,-0.518788071333953,-1.097893493144042,0.0,-1,0.021527612884959302
493.5,-0.4066656899980785,-0.021474419417598922,5.8837577347950685,0.0,-1,-0.011246180344478218
487.95001,-0.6080936426242829,-0.07430079068126783,1.6955779399050002,0.0,-1,0.013116097692056572
494.35001,-0.12479981538535867,0.1363310121858855,5.927633413216107,0.0,-1,-0.014564619913732813
487.14999,-0.4727545838171636,-0.07054125208197315,0.40725637729484276,0.0,-1,0.05121623834991751
512.09998,1.4718300806183606,0.6246811374511837,14.064433852722473,0.0,-1,0.011716462086173163
518.09998,2.8214699061179545,0.6581069876502594,16.527464382612152,-1.0654025718060893,-1,0.009264698292403173
522.90002,3.6611706600245384,0.4992692471856146,18.449671937379534,-3.1407159939731173,-1,0.007362745941375204
526.75,4.096755148642444,0.3116179119345066,19.985739851013065,-2.260923749134008,-1,-0.014048448030374971
519.34998,3.3564827972311377,-0.1428848131589331,13.394184984113707,0.0,-1,-0.004524848542402871
517.0,2.510808055089683,-0.3295198517667961,11.355179892239711,0.0,-1,0.04477760154738886
540.15002,3.8079050127614664,0.32252570196832897,21.41776845392957,-4.135310646888001,-1,-0.02888092089675398
524.54999,2.83912557386725,-0.21541791230862906,9.765723298061332,0.0,-1,0.006386483774406537
527.90002,2.3973112232645235,-0.2190774209704518,11.273325762257592,0.0,-1,0.005304015711156795
530.70001,2.209960612691134,-0.13547601051461378,12.575624086494344,0.0,-1,-0.004239683357081581
528.45001,1.744621923013483,-0.20027156673075486,10.751555313008744,0.0,-1,-0.02128867402235457
517.20001,0.42906741792353387,-0.5052753572735681,2.2844316060843823,0.0,-1,0.017788108704793082
526.40002,0.5022020472182476,-0.14404690932628483,7.647910909918032,0.0,-1,0.0547112251249533
555.20001,2.8969183579307582,0.7502231337954086,19.552209635564537,-0.2863403862367022,-1,-0.013508645289829868
547.70001,3.2278666501260886,0.3603904753302465,14.320932501384988,0.0,-1,-0.010954902118771148
541.70001,2.6243519087132654,-0.08104142202752573,10.290138920512035,0.0,-1,0.02852133969870163
557.15002,3.391399378947426,0.22866868273554486,16.327517000214883,0.0,-1,-0.03661494977600477
536.75,1.7923048324854562,-0.45680862124214183,4.231077489178382,0.0,-1,-0.002049333954354804
535.65002,0.7517338232140673,-0.49912654350451024,3.64493363325321,0.0,-1,-0.013348305298299112
528.5,-0.4270311666894031,-0.5592971778026603,-0.2394416903338552,0.0,-1,0.00264904446546832
529.90002,-0.8641593977504272,-0.3321418029545615,0.5397304695521257,0.0,-1,0.0018871484473619304
530.90002,-0.9273768968017748,-0.13178643400196977,1.1411193393449182,0.0,-1,0.013185156783380725
537.90002,-0.29837090492719653,0.16573985262420288,5.362498091035228,0.0,-1,-9.302844048986181e-05
537.84998,0.036826333087333296,0.1669790302129109,5.324531176863815,0.0,-1,0.004741173365852003
540.40002,0.41385942433726086,0.18133737382094617,6.994472026353037,0.0,-1,-0.005088822905669033
537.65002,0.33872101793406273,0.03539965580591603,4.551158822562265,0.0,-1,-0.012926643246474745
530.70001,-0.30624243676197693,-0.20318793296337453,-1.3101556090951192,0.0,-1,0.015828094670659487
539.09998,0.09679353895353415,0.06661601425071219,5.159892114806809,0.0,-1,-0.012335318580423471
532.45001,-0.26391876810146186,-0.09803209760142795,-0.34748533859120556,0.0,-1,0.05897261603957893
563.84998,2.194382475712814,0.7867563820709496,16.95985715823467,-3.5996623047101366,-1,-0.040968308627057026
540.75,1.3156695579772304,-0.030652178554878118,2.2719170439392116,0.0,-1,0.01904760055478505
551.04999,1.6250064692779915,0.09289491091529434,6.950333278432673,0.0,-1,0.012340060109609974
557.84998,2.210923552488566,0.226270664708623,9.83813704503254,0.0,-1,0.020525249458644756
569.29999,3.2738059647197133,0.4297176923132566,14.31651029912112,-3.461279652154758,-1,0.022835061001845514
582.29999,4.6157633404419585,0.5905583560118339,18.717078172815178,-8.739837467586085,-1,0.03237168181988137
601.15002,6.47293091659958,0.8159086440564849,23.902324719777397,-15.1573777799739,-1,-0.0049072775544447556
598.20001,6.616269628295186,0.31974911858403043,21.83195122932308,-4.063276046274268,-1,-0.008859896207624618
592.90002,5.694917348451668,-0.2005343870864955,18.02756520157594,0.0,-1,-0.014251998169944491
584.45001,4.055497262825611,-0.6133181575708511,12.192513767454017,0.0,-1,-0.015399092901033584
575.45001,2.1478291147772097,-0.8403287685397509,6.461218479700456,0.0,-1,0.008775723194443863
580.5,1.4358417811881736,-0.5174387007095957,8.826783908512823,0.0,-1,0.0056847372954349495
583.79999,1.2351937992947342,-0.239362227534345,10.389391065427624,0.0,-1,0.011733521955010762
590.65002,1.6027728250734299,0.04273893274811691,13.57756046276036,0.0,-1,-0.014137018060204398
582.29999,0.9571621025399963,-0.2009572632617722,7.327996892610535,0.0,-1,0.017946093387362083
592.75,1.4254273993949482,0.0891026778643933,12.45936952230641,0.0,-1,0.030113842260649504
610.59998,3.0282727645394516,0.5639826810029658,19.435130453096377,0.0,-1,0.0074517526187931615
615.15002,3.956509383400089,0.4974064332878676,20.96330238740208,0.0,-1,-0.010891668344577221
608.45001,3.5325844108804176,0.02449382025606539,15.597271421203658,0.0,-1,0.004684000251721443
611.29999,3.263738223713858,-0.08145078897016456,16.78436714383605,0.0,-1,-0.005643726576864516
607.84998,2.5698361114878026,-0.2584509670654067,13.822258054322532,0.0,-1,0.012338570776953883
615.34998,2.6337320460841056,-0.06485167748970122,17.323048881860515,0.0,-1,0.006987958299763175
619.65002,2.8045390095419407,0.03531842865604462,19.220435771200584,0.0,-1,-0.014362978637521895
610.75,1.9145625738090075,-0.284886002358963,11.066067887505383,0.0,-1,0.03553010233319687
632.45001,3.118361641458364,0.30630435509679765,20.485386939395696,-1.1912952635008196,-1,-0.009882203970555725
626.20001,2.9395643718282827,0.042502361822238655,15.420360169762404,0.0,-1,-0.021558607129373852
612.70001,1.4802020393608473,-0.4722866568817323,5.797415631935664,0.0,-1,-0.03166316253201962
593.29999,-0.9894976301528686,-0.9806621087984827,-4.815019543559231,0.0,-1,-0.016264908415049795
583.65002,-2.9460534957303253,-0.9790726581253131,-9.113027333309667,0.0,-1,0.002227345079162335
584.95001,-3.5704944705415755,-0.5345045443121879,-8.283199451652798,0.0,-1,-0.008205812322321315
580.15002,-3.9851729187354294,-0.3163943308353474,-10.554922808780034,0.0,-1,-0.02111522809220967
567.90002,-4.881247732937709,-0.40415638167920864,-15.831198110304598,0.0,-1,0.005458672109220908
571.0,-4.664182828960747,-0.06236382590074907,-13.444969099068572,0.0,-1,0.03178637478108581
589.15002,-2.654466807892163,0.6491173983892784,-1.3389117405718665,0.0,-1,-0.004752677425013174
586.34998,-1.661739896700169,0.5472814365270908,-2.8800959566605755,0.0,-1,-0.015093340670020883
577.5,-1.7643964497125353,0.14820829450490813,-7.596490045897006,0.0,-1,-0.012207774891774825
570.45001,-2.256190855409386,-0.1145287037306475,-11.047489164670353,0.0,-1,0.0004382504963056366
570.70001,-2.2932388203070104,-0.05052555620942378,-10.852356739377257,0.0,-1,0.007008936271089228
574.70001,-1.7873262343968008,0.1517956765669286,-7.580355560271094,0.0,-1,0.025317539145335966
589.25,-0.1729269219086973,0.5887316630183441,2.6990131606490664,0.0,-1,-0.004836622825625692
586.40002,0.4111849778278156,0.39094785425161904,0.7280571142539998,0.0,-1,0.01944060302044326
597.79999,1.6189730128770634,0.532911963100289,7.750877159264903,0.0,-1,-0.000334576787129115
597.59998,2.07128511266194,0.3284080209617217,7.59085840094027,0.0,-1,-0.021167955862381294
584.95001,1.0706699031659355,-0.2240690628447608,-1.795464489363333,0.0,-1,-0.01495854320952994
576.20001,-0.2480268601792659,-0.514255275396654,-7.161485717411004,0.0,-1,-0.008156907182282125
571.5,-1.2783738368369768,-0.5148674173514551,-9.830259310225614,0.0,-1,-0.0036745056867890646
569.40002,-1.8620145054294426,-0.3661693619813071,-11.035356047688722,0.0,-1,0.026958165544145762
584.75,-0.7195019642731495,0.2587810597249953,0.9225473612224846,0.0,-1,-0.0018811115861478989
583.65002,-0.17995219667227502,0.26611027577528995,0.14038717196056893,0.0,-1,-0.013278505498894644
575.90002,-0.541014629815777,-0.031650719122737314,-5.241510237380169,0.0,-1,-0.001562805988442273
575.0,-0.7514629605695973,-0.08069968329218591,-5.85295512495442,0.0,-1,-0.004347826086956497
572.5,-1.0023985458989273,-0.11054508954050535,-7.639004222906927,0.0,-1,-0.003493449781659441
570.5,-1.2109997930721192,-0.10638211223789917,-9.109493045825104,0.0,-1,0.0035056967572304476
572.5,-1.0477171005693435,0.01896686008829218,-6.914291539303868,0.0,-1,0.018165973799126656
582.90002,-0.012097662603878234,0.3515287660179192,3.140564926268894,0.0,-1,0.01029336042911777
588.90002,1.006720194929244,0.4567822078503472,7.907446673132398,0.0,-1,0.00543379163070834
592.09998,1.6988991074516662,0.38298704012425655,10.300607995417757,0.0,-1,0.005911163854455781
595.59998,2.1950803047585623,0.29305607914371756,12.866362959995946,0.0,-1,0.009906011078106625
601.5,2.7519158780154385,0.28329721746686465,16.876098557319466,0.0,-1,0.006234413965087171
605.25,3.1135073414759518,0.21496289364245946,19.223075091336128,0.0,-1,0.012308979760429661
612.70001,3.6556782947499187,0.2523779489721423,23.38568434703727,-1.352144200861403,-1,0.005630830657241237
616.15002,3.90962474682442,0.16877480034888137,25.11732762271174,-0.9161466857915457,-1,0.014850230792818886
625.29999,4.473293410626297,0.24414782138358593,29.120621724627398,-4.11917032252677,-1,0.016472077666273455
635.59998,5.240685791641681,0.33718006746632323,32.61835021199245,-5.694455953802958,-1,-0.0066078667906815935
631.40002,4.837661499512592,-0.021948074887588653,26.79008230837036,0.0,-1,0.007522964601743176
636.15002,4.628844228488674,-0.07692178197050215,28.680052940999346,0.0,-1,-0.01587680528564639
626.04999,3.297029407269406,-0.4695788677299233,15.985522036678304,0.0,-1,-0.007347624109058648
621.45001,1.9730378793872205,-0.5978567985373697,11.004646401950183,0.0,-1,0.02059697448552611
634.25,2.213288125497229,-0.11920218414245376,18.383405172266393,0.0,-1,-0.005597146235711392
630.70001,1.8531400714274469,-0.1597834127374118,14.615646045985557,0.0,-1,-0.017678801051549065
619.54999,0.589469371773589,-0.4744847041304232,4.194939808880115,0.0,-1,0.016786409761704757
629.95001,0.7751799076322641,-0.09625805609058269,10.754378691009933,0.0,-1,-0.00174621792608598
628.84998,0.7117676832588131,-0.05322342682134451,9.74881320093327,0.0,-1,0.004214073442444954
631.5,0.8415825974672089,0.025530495795683783,11.456416476860511,0.0,-1,-0.013301694378464068
623.09998,0.13635650478238404,-0.22656519896304705,3.4675168718606457,0.0,-1,0.003691285626425511
625.40002,-0.03594958362509715,-0.1329570957901761,5.237803854379344,0.0,-1,-0.017828621111972476
614.25,-1.0482751625266928,-0.381760891563924,-4.156470547612798,0.0,-1,0.003744387464387433
616.54999,-1.2754158551003911,-0.20296719471254088,-2.124684069695647,0.0,-1,-0.014678436699025799
607.5,-2.036867380128797,-0.32147290658031547,-8.87085093340982,0.0,-1,0.00024694650205758784
607.65002,-2.235352527632358,-0.17331935136129228,-8.71845317295081,0.0,-1,-0.015469463820638185
598.25,-2.9316507240814644,-0.2898725159367994,-15.02231199484418,4.051756220685888,-1,0.006268282490597521
602.0,-2.722995595299153,-0.02707246238482952,-10.900116179119195,0.0,-1,0.017857142857142794
612.75,-1.4959183979664203,0.40000157831596783,-0.6686037844873027,0.0,-1,0.005303957568339346
616.0,-0.48688659946958524,0.4696777922709343,2.038157520094316,0.0,-1,-0.014204545454545414
607.25,-0.670963483598598,0.09520030271397384,-5.132017355782793,0.0,-1,-0.012433083573487047
599.70001,-1.3362541353632196,-0.19003011635021583,-10.367482904680948,0.0,-1,0.0067533599007276734
603.75,-1.2200457832985876,-0.024607254761861208,-6.442058041004707,0.0,-1,0.0021531925465838597
605.04999,-0.9519386253247148,0.08116663440400385,-5.162755955098106,0.0,-1,-0.007602644535205982
600.45001,-1.1218884942273917,-0.02959441149955766,-8.83143266959437,0.0,-1,-0.0020817719696598624
599.20001,-1.2175393874931615,-0.04174843492177582,-9.823975045998587,0.0,-1,-0.06141520257985311
562.40002,-4.230569051834891,-1.0182593664211685,-27.538220132540037,16.09201576390501,-1,0.005156418735546842
565.29999,-5.142872296352834,-0.6435208703130373,-24.656022053066597,5.72263927537972,-1,0.013797965926021005
573.09998,-4.520452060582443,-0.0070335448475482565,-17.19183476006304,0.0,-1,0.01805972842644321
583.45001,-2.9700351043153432,0.5144611371398504,-8.559641663076285,0.0,-1,0.017482234681939657
593.65002,-1.097322867488856,0.7957244579887792,-1.3376481339554687,0.0,-1,0.003453196211464782
595.70001,0.101309323215105,0.6647855495642468,0.038307596401388366,0.0,-1,-0.012842067939532242
588.04999,0.05468130829922302,0.20605251154945498,-4.966345740382202,0.0,-1,-0.007737420418968077
583.5,-0.3523553081836326,-0.06699470164446686,-7.75835932898363,0.0,-1,-0.008826083976006927
578.34998,-0.9556790074097989,-0.22343946695687777,-10.813771269702535,0.0,-1,-0.0019883635164990032
577.20001,-1.2735317730720226,-0.18043074420636707,-11.5046039460997,0.0,-1,-0.005630630533079883
573.95001,-1.5971638414805511,-0.1680209375382986,-13.523909446843255,0.0,-1,-0.014025594319616808
565.90002,-2.296715388894768,-0.2891908283175053,-18.125482544874654,0.0,-1,-0.005831489456388561
562.59998,-2.730101546860624,-0.2408589954277871,-19.857524133393145,0.0,-1,0.029328120488024245
579.09998,-1.3442861636052612,0.38165212927585856,-3.6588838160329047,0.0,-1,-0.009670143659821884
573.5,-1.0060196250103672,0.23997288929025085,-7.385248500773663,0.0,-1,-0.02214474280732348
560.79999,-1.8113855536287247,-0.18846434644270227,-14.565233241026114,0.0,-1,0.01551357017677546
569.5,-1.3381188884688981,0.09493410623904142,-7.226307930358175,0.0,-1,-0.021861299385425803
557.04999,-2.027476481849817,-0.19814116238062573,-13.773659318989026,0.0,-1,0.017323436268260384
566.70001,-1.399030571719436,0.14343491591658508,-6.345757773167215,0.0,-1,-0.03988005929274652
544.09998,-2.8515575690111064,-0.43636402712502864,-16.499289171721927,3.0852401242716496,-1,0.01911417089190115
554.5,-2.4735229369058516,-0.019443131673257952,-9.431406667395656,0.0,-1,0.016230838593327412
563.5,-1.3283787094445643,0.37523369859600986,-3.9208568996037343,0.0,-1,0.00905054125998217
568.59998,-0.22011003659338257,0.49450079048239726,-0.9466058119927823,0.0,-1,-0.006419222877918407
564.95001,0.04820263621502363,0.2542711544302678,-3.0078273918799283,0.0,-1,-0.029737126653028967
548.15002,-1.2216570803986997,-0.3385295207278185,-11.320074810458074,0.0,-1,-0.055641701882999106
517.65002,-4.296448848672412,-1.1377737630005105,-21.49208349332933,15.608807272832678,-1,-0.007920467191327552
513.54999,-5.817476495419783,-0.8862671365826271,-22.569537911081728,10.413705874042307,-1,-0.07915490369301725
472.89999,-9.48070061084195,-1.5164970840015988,-30.633068666689077,29.912772509950003,-1,0.0724254614596207
507.14999,-7.668087617649462,0.09870530306363001,-13.231665767559889,0.0,-1,-0.06497087774762644
474.20001,-8.868605486249123,-0.36727085517867764,-20.123732626546342,8.266494225609279,-1,-0.019506536914665973
464.95001,-9.500647296694808,-0.3331042218747875,-21.774052481345603,3.7886726050339803,-1,-0.09785998283987563
419.45001,-12.816614260526421,-1.2163570619021336,-28.31948715487738,24.848367510473395,1,-0.005960185815706565
416.95001,-13.614879887398331,-0.6715408962580138,-28.622136930733266,7.10121038576699,1,0.0027581244092067525
418.10001,-12.783606043551174,0.05324431586304712,-28.065152137570557,0.0,1,-0.18129638408762538
342.29999,-17.61933695133166,-1.5941621973058133,-35.55808963738461,32.36212203756122,1,0.14314928843556207
391.29999,-14.485590992610867,0.5131945871383277,-18.701554886253728,0.0,1,0.10989011269844395
434.29999,-8.12825209719955,2.2901778275165476,-7.630489927084071,0.0,1,0.09935533270447472
477.45001,-0.6763933080605966,3.2473455388851673,1.1472358778789058,0.0,-1,-0.07634309191867028
441.0,0.06840136218062298,1.330713403042129,-5.250058191385918,0.0,-1,-0.06462585034013602
412.5,-1.9399014162138997,-0.22586312511746454,-9.636092708467785,0.0,1,0.06993941818181826
441.35001,-0.37822685405996026,0.4452704790121583,-3.714608400464151,0.0,-1,-0.025943173763607663
429.89999,-0.5200390018113126,0.10115277708693537,-5.656260786555315,0.0,1,-0.01767853030189659
422.29999,-1.180941825536081,-0.18658334887927774,-6.986997489710205,0.0,1,0.11413689590662801
470.5,2.6036860813962335,1.199348186017679,2.9604944995886697,0.0,-1,0.01296495217853355
476.60001,4.787360361412709,1.1276741553447183,4.087458556556491,0.0,-1,-0.009127171440890258
472.25,5.117749971303226,0.48602125507841176,3.0798446347363964,0.0,-1,0.011752228692429867
477.79999,5.318964778639895,0.22907868747169324,4.287090924966854,0.0,-1,-0.01276680646226036
471.70001,4.467993450754875,-0.20729754680444223,2.633262581835048,0.0,-1,0.038159846551625076
489.70001,5.170174999249468,0.1649613338967173,6.934783869102176,0.0,-1,0.011843965451419969
495.5,5.573750356892674,0.18951223051330768,8.290884188209425,0.0,-1,0.025832472250252314
508.29999,6.377724672639886,0.3311621820868398,11.280624116096824,0.0,-1,-0.023509699459171696
496.35001,5.252403107793441,-0.26471979425320136,7.039389155294131,0.0,-1,0.014707323164957709
503.64999,4.860373733054132,-0.21891638966417037,8.966978992388576,0.0,-1,-0.030080393727397903
488.5,2.9968287345966473,-0.6941537960405517,3.4380276626053217,0.0,-1,-0.07195494370522004
453.35001,-1.1138453258484446,-1.6016092854952149,-6.964349778414466,0.0,-1,0.06926213589363317
484.75,-0.4596960789170339,-0.3158200128546014,2.2598332794263456,0.0,-1,0.002888066013408963
486.14999,0.022352384458486085,0.055409483506972876,2.639752830406451,0.0,-1,0.013781796025543525
492.85001,0.8198489174413339,0.284302005496607,4.562536595229879,0.0,-1,0.01663788137084543
501.04999,1.8336081074792787,0.432687065178184,6.939848806612346,0.0,-1,-0.04410733547764356
478.95001,0.34602202687500494,-0.35163300514203,-0.7729581227496425,0.0,-1,-0.002923102559283852
477.54999,-0.5432745156667238,-0.413643182561253,-1.2378785115443662,0.0,-1,0.028164611625266733
491.0,0.1781842560346263,0.1026051963800324,3.454552743920111,0.0,-1,0.007230122199592737
494.54999,0.8198974538824473,0.2481061314092845,4.671959581702112,0.0,-1,0.051562027126923926
520.04999,3.197429264982759,0.8752126475031989,12.500108537984019,-2.2400977123974144,-1,0.009902932600768022
525.20001,4.54891106511775,0.7422314825460634,13.899166140043562,-1.1939178129607626,-1,0.0030464203532669654
526.79999,4.978907709758744,0.3907427090623523,14.358182908285642,0.0,-1,-0.019077430126754558
516.75,3.9414978895993613,-0.21555570369901034,9.11253132906402,0.0,-1,-0.0420899854862119
495.0,1.2818348220530424,-0.9584062570817764,-0.5746334718192472,0.0,-1,-0.015555575757575824
487.29999,-0.7964837802245484,-1.0122416197864559,-3.5677678267402797,0.0,-1,-0.03683558458517511
469.35001,-3.2651010996779064,-1.1602863130799381,-9.863496708935365,0.0,-1,0.005113433362875508
471.75,-4.027318834431469,-0.640834682611167,-8.681461720139247,0.0,-1,0.015898251192368873
479.25,-3.4478177989389565,-0.020444549039551507,-4.916338886241427,0.0,-1,0.030359916536254472
493.79999,-1.6582499646144697,0.5897077617616451,1.7560318642092412,0.0,-1,0.001923876102144062
494.75,-0.5461110504010094,0.5672822253250351,2.17756647431122,0.0,-1,0.025669550277918285
507.45001,1.1138018275725017,0.7423983677661821,7.671198486302586,0.0,-1,-0.00817818488169908
503.29999,1.5051064475948692,0.37790099592951654,5.362091786977466,0.0,-1,0.02682296894144587
516.79999,2.7003332203064474,0.524375922880365,11.005363601678106,0.0,-1,0.01238393986811026
523.20001,3.6062538383033598,0.47676551362575914,13.440022411408812,0.0,-1,-0.013570393471514008
516.09998,3.167023827443245,0.012511834255214627,8.90652880049457,0.0,-1,-0.031776730547441456
499.70001,1.3168260030595889,-0.6125619967094806,-0.22282940620227265,0.0,-1,0.0033019811226338014
501.35001,0.41949159061277896,-0.503298803052097,0.6324669518552355,0.0,-1,0.0324124258020857
517.59998,1.2900309185049537,0.12241350828002595,8.387224740483468,0.0,-1,-0.0026081531146889825
516.25,1.5052996725756316,0.11256075411690136,7.552727350550839,0.0,-1,0.01123484745762715
522.04999,1.9708249102296804,0.19269533059031674,10.263856848221543,0.0,-1,-0.029115947306119105
506.85001,0.7726871198709659,-0.3351474865894659,0.813414946535282,0.0,-1,-0.010160796879534417
501.70001,-0.31993903529763656,-0.4759245472526895,-2.0191805339181386,0.0,-1,-9.970101455647473e-05
501.64999,-0.8437588599405217,-0.33324812396519166,-2.0480279286038154,0.0,-1,0.0012957241362647753
502.29999,-0.9811888672668942,-0.15689271043052144,-1.600091311845837,0.0,-1,-0.004778021198049376
499.89999,-1.1681381319912134,-0.11461399171828024,-3.2506950358088886,0.0,-1,0.011602360704188186
505.70001,-0.6809329200207799,0.1241970734173844,1.2166136457987236,0.0,-1,-0.010480561390536658
500.39999,-0.8222542373671899,-0.005708081309675261,-2.8034799760130724,0.0,-1,0.031075180477121878
515.95001,0.4714412904068581,0.4293291488214577,7.954993726820568,0.0,-1,0.009981529024488234
521.09998,1.508166446759958,0.4886847683915192,10.887474757760486,0.0,-1,-0.001343235514996377
520.40002,1.8425184877064567,0.27434560311267253,10.252839317543774,0.0,-1,0.03199456064586603
537.04999,3.243648800870801,0.5584919720923391,18.83755020345791,-4.5491577254987305,-1,-0.01824781711661516
527.25,2.8572440573805125,0.057362409534016834,10.31766485059459,0.0,-1,0.0211475011853961
538.40002,3.355106347520291,0.18507489989126524,15.686508535462892,-0.044497475135926834,-1,0.006500742700566775
541.90002,3.61611196363026,0.1486935053337448,17.23273676311109,0.0,-1,-0.00867320506834457
537.20001,3.0536046080493406,-0.1379379500823914,12.9971112994577,0.0,-1,0.021965729300712278
549.0,3.5012163795880724,0.10322460715211346,18.52807075228546,0.0,-1,0.0011840072859745643
549.65002,3.487422567058502,0.029810264874181147,18.813392939320224,0.0,-1,-0.003092895366400672
547.95001,3.04823961353884,-0.13645756288182698,17.047053674364733,0.0,-1,0.04416463100347423
572.15002,4.591295668984117,0.46886616418781646,26.56257530748789,-5.257411492369442,-1,0.021934789061092808
584.70001,6.026048224291344,0.6345395731650143,29.905990279150345,-6.9392083972607,-1,-0.0035916366753612206
582.59998,6.066251316587341,0.22491422182033727,27.84141499073857,0.0,-1,-0.0011156368388477444
581.95001,5.526667753019751,-0.10488978058241738,27.15585482131823,0.0,-1,0.0055846721267347466
585.20001,5.067153658484244,-0.1881346250393081,28.221494701972674,0.0,-1,0.012474350436186832
592.5,5.0234663063428115,-0.07727399239358057,30.492572211185134,0.0,-1,0.013164540084388054
600.29999,5.232999604743554,0.04408643533572043,32.64160360298955,0.0,-1,-0.0030817591717766657
598.45001,4.747517953548595,-0.1471317386197466,30.310061888154635,0.0,-1,-0.006099122631813558
594.79999,3.804982298488767,-0.3632224645598585,25.632306571751144,0.0,-1,0.008490232153500754
599.84998,3.437465112751511,-0.2435798834323717,27.634893070672746,0.0,-1,0.024422806515722595
614.5,4.188086093820175,0.16901369921209763,32.3186766376043,0.0,-1,0.003173327908869039
616.45001,4.376890243202865,0.11927261619826268,32.849866118092706,0.0,-1,0.017844107099617146
627.45001,5.023218130960686,0.25520016798536105,35.56749291200663,0.0,-1,-0.028368777936588097
609.65002,3.4444480639261883,-0.4411899663497123,16.594180980827815,0.0,-1,0.02140570749099613
622.70001,3.4555248584150604,-0.14337105728694688,21.70501441682606,0.0,-1,-0.00048175685752760433
622.40002,3.1481036841248624,-0.15026407719238177,21.425901827554924,0.0,-1,0.017753839403796823
633.45001,3.6528836233027278,0.11817195399516134,25.352491506211123,0.0,-1,0.011129512808753406
640.5,4.188365790949774,0.21788470721406927,27.540399805973394,0.0,-1,-0.004293520686963315
637.75,3.877909725527502,-0.0308571194027345,24.667698069507566,0.0,-1,-0.004155264602116904
635.09998,3.1786875490223565,-0.24335976530262649,21.818814620857424,0.0,-1,-0.012596441901950639
627.09998,1.8975191650179113,-0.5081760497690238,13.670321750899916,0.0,-1,-0.03843084160200416
603.0,-0.9095232907358195,-1.1050728351742516,-3.8544704487107353,0.0,-1,0.01849091210613607
614.15002,-1.3080825777179825,-0.5012107073854717,2.820988432842384,0.0,-1,-0.014898672477451136
605.0,-2.160857006399283,-0.45132837868892417,-2.5427303647397324,0.0,-1,0.00314052892561989
606.90002,-2.2488378035400274,-0.17976972527655644,-1.339889899590787,0.0,-1,8.236941564110367e-05
606.95001,-2.101259218482028,-0.01073038007285243,-1.3055544899266565,0.0,-1,0.0031303566499651936
608.84998,-1.6940341577461595,0.1321648935543387,0.10365996279393386,0.0,-1,-0.00016421122326382154
608.75,-1.3575837808994038,0.1562050901336982,0.023324161376450547,0.0,-1,0.0
608.75,-1.0762266107344658,0.14585408676621214,0.023324161376450547,0.0,-1,-0.014784394250513366
599.75,-1.5958624747573822,-0.12459392575223482,-7.542236989516489,0.0,-1,-0.02000833680700287
587.75,-2.7226918672057536,-0.4171411060668686,-15.313992628448922,0.08747712882109226,-1,0.002296860910250942
589.09998,-2.946717241162787,-0.2137221600079675,-13.853003653265759,0.0,-1,0.014428790169030314
597.59998,-2.1048368247111284,0.2093860854812304,-5.212703998662214,0.0,-1,0.009789207154926816
603.45001,-1.0209910477593667,0.43107728747766405,-0.0352072562439929,0.0,-1,-0.013919993140774078
595.04999,-1.0939872386369416,0.11936036553336304,-6.537613571041298,0.0,-1,0.005125602976650656
598.09998,-0.7851538975224912,0.14273123554927114,-3.7172853295869857,0.0,-1,0.001086808262391159
598.75,-0.511139402171807,0.13891524363331842,-3.09014905438913,0.0,-1,0.001753636743214937
599.79999,-0.2440380376488065,0.13533886938543965,-2.0005376665556582,0.0,-1,-0.012920973873307373
592.04999,-0.7359841855833338,-0.11886909284969593,-8.915771295267618,0.0,-1,0.0067561862470431056
596.04999,-0.5872919107520147,0.009941060660541012,-4.4196118526575106,0.0,-1,-0.011240684694919678
589.34998,-1.0223389474402893,-0.1417019920092445,-10.088308538754617,0.0,-1,-0.024688199700965474
574.79999,-2.3671667201643913,-0.4955099215777823,-19.30079828850128,5.452098566400309,-1,0.00782881015707737
579.29999,-2.467316713179457,-0.1985533048642827,-14.207816809391275,0.0,-1,0.0026756258014088985
580.84998,-2.1826161502553987,0.028715752686591767,-12.451312173447882,0.0,-1,0.0023242318093907866
582.20001,-1.7458786896054335,0.15515107111218573,-10.840567632891926,0.0,-1,-0.01296803481676334
574.65002,-2.011185901813292,-0.036718713698557615,-16.249652511742475,0.0,-1,0.02993119185830695
591.84998,-0.5429106827660917,0.477185501782881,0.9132354378357945,0.0,-1,-0.016896173587773067
581.84998,-0.596863849678698,0.14107744495675822,-6.385789269132395,0.0,-1,0.006616877429470813
585.70001,-0.2532659456617239,0.16155844965791077,-3.127602616625694,0.0,-1,0.02714695190119576
601.59998,1.2646360018185305,0.5598201323793884,8.006962672023533,0.0,-1,0.005319165735344633
604.79999,2.1848681420736966,0.49335075754485147,9.886934830409075,0.0,-1,-0.008845866548377379
599.45001,2.0170802003618746,0.10852093861100975,5.2889182204285845,0.0,-1,-0.008758028046408795
594.20001,1.3275962128091123,-0.19365434964725092,1.0179522700203592,0.0,-1,0.0074048635576426936
598.59998,1.2388853679652811,-0.0941217314970273,4.304990046384873,0.0,-1,-0.011276311770007097
591.84998,0.5287894982128591,-0.26807253374981643,-1.2692123902934753,0.0,-1,-0.011404917171746853
585.09998,-0.4328242281810617,-0.40989542004791246,-6.258042382016164,0.0,-1,-0.009827380270975183
579.34998,-1.3567290723628957,-0.44460008807658213,-10.122144794432721,0.0,-1,8.637266199618132e-05
579.40002,-1.7014507384235458,-0.2631072513790773,-10.070832550076915,0.0,-1,0.0014670002945460503
580.25,-1.6611923432519689,-0.0742829520691668,-9.11856426539402,0.0,-1,-0.004480792761740515
577.65002,-1.7192954503951796,-0.04412868640412593,-11.208582658514544,0.0,-1,-0.0002597074263064325
577.5,-1.6175740497671995,0.019197571407951308,-11.335311402255932,0.0,-1,0.006406943722943703
581.20001,-1.1235813453058654,0.17106342528976182,-6.2953923690285265,0.0,-1,-0.017894046491843674
570.79999,-1.6496215476330462,-0.11832559234580642,-15.220690104611009,0.0,-1,-0.019971916958162472
559.40002,-2.725170686493925,-0.397958243735562,-22.148182429678045,2.840473441337622,-1,0.01751875160819627
569.20001,-2.2191818653832343,0.036010192458376444,-10.615770703335357,0.0,-1,0.00975050931569732
574.75,-1.3187564660458975,0.3121451972652378,-5.076122795392116,0.0,-1,0.012701157024793464
582.04999,-0.15031489420675825,0.49352892303479234,1.413239615312058,0.0,-1,-0.0053259686509056214
578.95001,0.18810046623013932,0.27731476115722997,-1.2945229982384916,0.0,-1,0.007254529626832484
583.15002,0.6916339409293641,0.260282745285485,2.473554891811993,0.0,-1,-0.01603366145816143
573.79999,0.10659534986814378,-0.10825194859191178,-5.595081170602434,0.0,-1,-0.018124730186906968
563.40002,-1.0614710581514828,-0.42543945220384616,-12.686075541731746,0.0,-1,0.005857277037370379
566.70001,-1.2820491739820454,-0.2153391893448029,-9.34491313363133,0.0,-1,0.009969948650609517
572.34998,-0.8146699673987996,0.08401333907948094,-3.8815782568109256,0.0,-1,-0.018956897666004946
561.5,-1.417256200157226,-0.17285763122631526,-11.45340445059285,0.0,-1,-0.0006232947462154748
561.15002,-1.6296096331900571,-0.12840368808638214,-11.678898953152242,0.0,-1,0.016662175294941628
570.5,-0.8208205469405812,0.22679513272103136,-2.553058470271047,0.0,-1,0.0008764241893075564
571.0,-0.3063576249041944,0.24708601825247278,-2.0950750650087855,0.0,-1,-0.014535884413309996
562.70001,-0.7152621951439642,-0.05393951732909896,-8.728884722663906,0.0,-1,-0.002843486709730225
561.09998,-0.9934451306684196,-0.11070748428451815,-9.917777487095101,0.0,-1,0.006059561791465384
564.5,-0.7664145042083419,0.038774380725186464,-6.101978462213019,0.0,-1,0.025066465899025836
578.65002,0.5901370177057288,0.4651086342130857,6.660766606429611,0.0,-1,0.01494853486741432
587.29999,1.9400655271872438,0.6050123812315336,12.461210373619238,-0.17831799261546166,-1,-0.0019580623524273477
586.15002,2.3575268213290883,0.3408245584577929,11.250284643729294,0.0,-1,-8.537063600211336e-05
586.09998,2.365626899955828,0.11630821236151068,11.192926298401495,0.0,-1,0.006227640546925262
589.75,2.4767096976063385,0.0757970033373403,13.930489680482538,0.0,-1,-0.0038151759220008685
587.5,2.1383586216310277,-0.08751802421265698,10.983941529322792,0.0,-1,0.019659557446808584
599.04999,2.753485698507461,0.17586968422125882,19.105557570868626,-0.7428546886816321,-1,-0.0080126701946861
594.25,2.431592928736677,-0.04867436184984175,13.045593963714772,0.0,-1,-0.0037021623895666655
592.04999,1.8846796331232554,-0.198529219154421,10.350465458077537,0.0,-1,-0.0024491344050188157
590.59998,1.3333321825562052,-0.24995888990715698,8.518481698269397,0.0,-1,0.0038096851950453203
592.84998,1.134047442059682,-0.1497478768012268,10.581531688454525,0.0,-1,0.0283377592422287
609.65002,2.339904451639768,0.35203637759295314,22.09530502219384,0.0,-1,0.022635921507884182
623.45001,3.8978400854598476,0.6366573371376778,27.9686444120711,-5.74981496586247,-1,0.011147662023455629
630.40002,4.931155395248311,0.5566575489753802,30.29008090599605,-4.970365516282982,-1,-0.004600285387046821
627.5,4.795215100538485,0.14023908475518443,26.550387201661906,0.0,-1,0.013705147410358443
636.09998,5.044308694805295,0.1297775596739985,29.670403329791,0.0,-1,0.053372128702157795
670.04999,7.577663934038355,0.8877109329690196,37.16248042441693,-16.98024252621758,-1,-0.00783523629333982
664.79999,7.775369559151613,0.3618055193607592,31.971906298418887,-1.8298737701843493,-1,-0.028203971543381057
646.04999,5.663774908445703,-0.5832630437817174,16.303590297237292,0.0,-1,0.02762948730948822
663.90002,5.6234988407221635,-0.20784637050175192,21.970733518153978,0.0,-1,-0.003916297517207568
661.29999,4.918066736800256,-0.30442615814121954,20.063647849083495,0.0,-1,0.004309738459242984
664.15002,4.393014290105953,-0.27649286827850794,20.999585757836712,0.0,-1,0.001430339488659449
665.09998,3.843566875916622,-0.2753134274892792,21.331530689825172,0.0,-1,-0.00646517836310867
660.79999,2.8902134291622588,-0.40955562474788065,17.448644303548278,0.0,-1,-0.021186440998584133
646.79999,1.0060189200215746,-0.764583377962855,6.351810233957366,0.0,-1,-0.007575711310694233
641.90002,-0.42824407788384633,-0.7329487919560922,2.9631901584640374,0.0,-1,-0.008412556210856681
636.5,-1.5596902370128873,-0.6214649836950444,-0.6692008850542308,0.0,-1,0.01798901806755704
647.95001,-1.041271630159713,-0.034348792280623375,6.379052978226426,0.0,-1,-0.0072536614360111384
643.25,-1.086957190886551,-0.026678117669153734,3.0155547750597265,0.0,-1,0.009793999222697192
649.54999,-0.4942210386760735,0.18868601151377462,6.849596649202219,0.0,-1,0.0030020938034345246
651.5,0.0058329573188302675,0.22958000250289282,8.027532708882923,0.0,-1,0.0016883806600151985
652.59998,0.347038875539738,0.19026197357460023,8.733588473064756,0.0,-1,0.010496521927567448
659.45001,1.059557761688552,0.30092695324113805,13.036059383574042,0.0,-1,0.007657881451847981
664.5,1.7483532246221785,0.3299074720582549,15.944523649885895,0.0,-1,-0.01316779533483825
655.75,1.2178881873704768,-0.06685252173114886,7.269270701543753,0.0,-1,-0.006557361799466199
651.45001,0.4928324864638398,-0.2639694075459287,3.431181435197864,0.0,-1,-0.004221352302995585
648.70001,-0.13993140452816988,-0.29891109951264616,1.0023021161510641,0.0,-1,0.00901800510223505
654.54999,0.04284593368640799,-0.038711253766022774,5.756129919493667,0.0,-1,-0.0006875105139029225
654.09998,0.09316327498652299,0.0038686958446974146,5.297566859161741,0.0,-1,-0.038067529064899186
629.20001,-1.9644391606123008,-0.6845779132513756,-13.273025271489239,3.7272628410894413,-1,0.01915128704463931
641.25,-1.8253712816940606,-0.1818366781110452,-3.594950811600249,0.0,-1,0.011461957115009636
648.59998,-0.9912247354270676,0.21743662271864928,1.4390627465431436,0.0,-1,0.013336448144818158
657.25,0.22928559899196443,0.47931565237922713,6.751022689863937,0.0,-1,0.032635998478508954
678.70001,2.607934466285542,0.9526548398909349,16.767209552453238,-7.1508114868823895,-1,-0.008103727595348054
673.20001,3.1215976944085924,0.4887726893379951,12.634517963582951,0.0,-1,0.003713606599619723
675.70001,3.326629500602621,0.23126816517734117,13.767196115471293,0.0,-1,0.0011839425605455478
676.5,3.21859211198273,0.0410769255191501,14.153548982308877,0.0,-1,0.0028086031042129367
678.40002,3.0546924083409976,-0.04094092604086086,15.134635945804149,0.0,-1,0.02572222801526447
695.84998,4.172348189158242,0.3589049515921281,22.74631305532195,-4.742716526660615,-1,0.025723964237234
713.75,5.875148730470414,0.6872351643014332,28.176623605503877,-11.663929428236202,-1,0.007425555166374664
719.04999,6.678619106920564,0.4969018469171944,29.51916036397074,-6.71052290629018,-1,-0.02051317739396674
704.29999,5.294636036235602,-0.2956937412559224,16.80991849166581,0.0,-1,0.018032103053132298
717.0,5.219758997873555,-0.12352359320598971,21.211743345604944,0.0,-1,0.01129704323570424
725.09998,5.422338895536313,0.026352101485589863,23.684979185829874,0.0,-1,-0.009240049903187053
718.40002,4.513437269739711,-0.2941831747703372,18.292724939056015,0.0,-1,-0.007168735880603183
713.25,3.2536983510296977,-0.5179740311601169,14.275457290168177,0.0,-1,-0.008902881177707656
706.90002,1.8235223624222954,-0.6493833399225064,9.481857423177466,0.0,-1,-0.0029000423567678846
704.84998,0.7856375045834056,-0.562422732587132,7.93203181299733,0.0,-1,-0.015464241057366435
693.95001,-0.7071055497179941,-0.6850552622961773,0.20418212658174184,0.0,-1,0.006628690732348286
698.54999,-1.0112199477256354,-0.329723220101273,3.135557861807733,0.0,-1,0.006298790441611857
702.95001,-0.7123404844189736,-0.010281252264870422,5.89500807812734,0.0,-1,-0.003485326076032136
700.5,-0.7077065457307299,-0.0018824378588755408,3.9303671571761427,0.0,-1,-0.018700899357601664
687.40002,-1.7380790309090344,-0.3440849743457268,-5.385911195243956,0.0,-1,-0.010183299092717535
680.40002,-2.6917586875891857,-0.4325882103419594,-9.536046793206353,0.0,-1,0.003600764150477165
682.84998,-2.740121958630084,-0.16031716046095257,-7.457520215292831,0.0,-1,-0.016182163467296284
671.79999,-3.456792597597996,-0.2923292664762882,-13.792366864547361,0.0,-1,0.009154540177948034
677.95001,-3.014560200615506,0.049967710168734136,-8.413410715445046,0.0,-1,0.031123209217151615
699.04999,-0.7838989854063811,0.7602096417926196,5.795450266510635,0.0,-1,-0.025749231467695144
681.04999,-1.1032434623513154,0.14695505494922845,-4.658697684169802,0.0,-1,0.011966845488097011
689.20001,-0.4918104122943987,0.2527960350020484,0.04968492939008229,0.0,-1,-0.012768412467086265
680.40002,-0.8784421862415002,-0.04461191298168432,-4.6382665151691285,0.0,-1,0.0016901381043461505
681.54999,-0.9027237243615218,-0.022964483700568694,-3.9051486086705793,0.0,-1,0.003668109510206241
684.04999,-0.6313041830580914,0.08281835253428727,-2.212894137667817,0.0,-1,0.030480272355533744
704.90002,1.2945167695150985,0.6695464350358259,9.553440040869177,0.0,-1,0.0200737262002062
719.04999,3.3287150150086973,0.9012482268431414,15.428218538041676,0.0,-1,-0.006744983057436649
714.20001,3.664256219838194,0.4122631438908795,11.998690615625307,0.0,-1,-0.004550546001812594
710.95001,3.2558388039329884,0.001281909328557873,9.669925705710249,0.0,-1,-0.022083141963807007
695.25,1.4719760289860915,-0.5941936218727797,-0.34178504134267484,0.0,-1,0.00014380438691108388
695.34998,0.4657116390970941,-0.5334860039205924,-0.28209019848017647,0.0,-1,0.0111454666325006
703.09998,0.5696034742278471,-0.14319805626327986,4.377360013664543,0.0,-1,0.014720566483304554
713.45001,1.4365849356075842,0.24126113503881919,9.892363816124615,0.0,-1,-0.003924577700965992
710.65002,1.517027754996775,0.10723465147600342,7.792415468840808,0.0,-1,-0.02821366275343251
690.59998,-0.24000648155833915,-0.5499331950263703,-4.813221424801505,0.0,-1,0.0218650889622094
705.70001,0.1598127736273227,-0.050037979946902816,3.647166738655841,0.0,-1,0.018563100204575633
718.79999,1.4380696700845874,0.409406305503454,9.650511790244323,0.0,-1,0.02045076544867519
733.5,3.1823598124727823,0.717898815963883,15.26031231454985,-1.9731543584339306,-1,-0.04478524880708923
700.65002,1.0518098992941987,-0.470883699071567,-1.486924621487269,0.0,-1,0.006565303459207694
705.25,0.2822157844303774,-0.4134926046451295,0.48989126015893447,0.0,-1,0.022048904643743317
720.79999,1.1697332449626856,0.1580082852957263,6.729945607809576,0.0,-1,0.009295241527403464
727.5,2.0743483714818467,0.3542078039382959,9.192240533279715,0.0,-1,-0.009621993127147732
720.5,1.770460237117959,0.016773223191469455,5.524351379221812,0.0,-1,-0.004510756419153328
717.25,1.2001444835094617,-0.18451417680567594,3.804415897305745,0.0,-1,0.007947033809689863
722.95001,1.2899753997461403,-0.03156108685633252,6.4342228821000305,0.0,-1,0.02386057094044447
740.20001,2.664892907885701,0.44778547376107625,13.433832625097587,-1.0541994817589284,-1,-0.011956268414533122
731.34998,2.392774752964897,0.0585557729467574,8.111482388094075,0.0,-1,-0.028098708637415926
710.79999,0.34481861275742176,-0.6631334557535726,-2.2295949131101835,0.0,-1,-0.009355613524980377
704.15002,-1.2620585084094955,-0.7566701923068299,-5.102315184446326,0.0,-1,-0.0015622097120725487
703.04999,-2.0519946932920448,-0.5155354590631265,-5.5931403377443445,0.0,-1,-0.018846455001016338
689.79999,-3.3801298946257248,-0.6145568867989355,-11.261011621621137,0.0,-1,-0.012974789982238222
680.84998,-4.508354170740404,-0.5809270543045382,-14.647539786684128,0.778442185029462,-1,0.011162561831903117
688.45001,-4.063434294569333,-0.0453357260444891,-9.721620656812178,0.0,-1,-0.012491872866702503
679.84998,-4.2190239986030065,-0.0669751433593877,-13.243034568119974,0.0,-1,0.005442391864157958
683.54999,-3.6368993507362575,0.17171650150245377,-10.705939760048295,0.0,-1,-0.010313788461909001
676.5,-3.6302612475749356,0.059451534887925206,-13.78197857440518,0.0,-1,-0.014042867701404282
667.0,-4.116087092029602,-0.14212476985558053,-17.581668507955037,0.0,-1,0.007046491754122863
671.70001,-3.624325256587781,0.1165456885287468,-13.896693961233133,0.0,-1,0.023894580558365686
687.75,-1.738918067484633,0.6673176258772986,-2.943271644308254,0.0,-1,0.01228645583424215
696.20001,0.0528628660239292,0.819699519795287,1.881971644848612,0.0,-1,-0.00746913232592461
691.0,0.5110139272762808,0.4259501936825463,-1.1615392087130445,0.0,-1,-0.012807496382054917
682.15002,-0.039993369370563414,-0.04168570098809933,-6.038269761680596,0.0,-1,0.021989297896670923
697.15002,0.9378357630869232,0.3120478104897958,2.831722998464805,0.0,-1,0.003872853650638719
699.84998,1.5735940157251207,0.31593535437599773,4.279084534877185,0.0,-1,0.0022862471182754085
701.45001,1.89367614073376,0.21200582646154564,5.184572830933909,0.0,-1,-0.00940912382337844
694.84998,1.3459083581769846,-0.11192065203174328,0.5923005849833984,0.0,-1,-0.010865640378949104
687.29999,0.3306996037171075,-0.3757098021638735,-4.247049138425702,0.0,-1,0.027353397749940278
706.09998,1.362202759510751,0.21859778454325673,7.105076928903486,0.0,-1,-0.016499037430931396
694.45001,0.7936066074483961,-0.1166661225063661,-0.08678455239237337,0.0,-1,-0.005471941745670006
690.65002,0.12650881412980652,-0.2612546386083186,-2.2655652287301606,0.0,-1,-0.03576342472269822
665.95001,-2.275916650373574,-0.8878933677038998,-13.707250623717862,0.0,-1,0.028906073595523996
685.20001,-1.683302995094209,-0.09842657080817818,-2.7568883870064482,0.0,-1,-0.008975510668775444
679.04999,-1.7592225845299936,-0.05811538674798755,-5.4736999462452545,0.0,-1,0.010750298369049283
686.34998,-1.0422479972036172,0.21961973352612962,-1.5629336123316904,0.0,-1,0.0263714293398829
704.45001,0.911429129559906,0.7244322867632178,6.82284313796292,0.0,-1,-0.03648237580406877
678.75,-0.32935223452170703,-0.17211635910613174,-4.779645015392255,0.0,-1,-0.00906080294659306
672.59998,-1.4347985636857175,-0.4258542294233809,-7.108284803334882,0.0,-1,0.003047933483435461
674.65002,-1.6971185146272774,-0.22939139345498027,-6.039462265140635,0.0,-1,-0.014155546901191918
665.09998,-2.482688613879077,-0.33832049756892646,-9.921977082805405,0.0,-1,0.010224086910963548
671.90002,-2.101912945681761,0.014151723542796368,-6.008457551581756,0.0,-1,-0.006027742044121487
667.84998,-2.0738690327762015,0.014065212149451778,-7.831009482390591,0.0,-1,0.009807651712440135
674.40002,-1.3411879902588453,0.24891541822226926,-3.82392742139222,0.0,-1,-0.0038553231359632623
671.79999,-1.0797509698119256,0.17011747955639622,-5.193240929839227,0.0,-1,0.0012653021921005259
672.65002,-0.7882173787708098,0.1538836901991707,-4.605031547014704,0.0,-1,0.01100121873184512
680.04999,0.03989836498067234,0.3273331446502176,0.49793332112004407,0.0,-1,-0.012940210468939228
671.25,-0.2827011268919932,0.001577884259184037,-5.052252898684024,0.0,-1,-0.003649921787709509
668.79999,-0.6246099455872809,-0.1134436448120345,-6.530219323323827,0.0,-1,0.0026913726478972055
670.59998,-0.5935143594692818,-0.02744935289801176,-5.052495166515591,0.0,-1,-0.006412153486792471
666.29999,-0.8868395364545449,-0.10692484329442498,-7.9688403014083065,0.0,-1,0.0006003602071193992
666.70001,-0.9262638302426467,-0.048783045694175575,-7.582654092697858,0.0,-1,-0.0008249437404388438
666.15002,-0.9146198246164658,-0.012379680022664874,-8.009999076598604,0.0,-1,0.002026540508097474
667.5,-0.7200811697520066,0.06071965828059811,-6.458698290588707,0.0,-1,0.0047940224719100755
670.70001,-0.2961375781737843,0.16155441661960684,-2.743806922577889,0.0,-1,-0.0006709557079028761
670.25,-0.09698848420350714,0.12023450352996135,-3.2247127509738647,0.0,-1,-0.016560954867586686
659.15002,-0.9143298968681393,-0.23236896971155696,-13.425564984754274,1.6648202246360597,-1,-0.0009861487981143169
658.5,-1.3009747784614092,-0.2063379504349423,-13.937294320616964,0.7693978946355173,-1,0.008428230827638439
664.04999,-0.9233834877196614,0.057084446768935204,-6.445056227671174,0.0,-1,0.007378992656863037
668.95001,-0.24930421837200356,0.24372123870553103,-0.6255010128738334,0.0,-1,-0.00455936909246768
665.90002,-0.14565506550059126,0.1157901305256478,-3.911832563996107,0.0,-1,-0.0009761525461435827
665.25,-0.13586090027320097,0.04186143191767938,-4.626974439114676,0.0,-1,0.016009049229612993
675.90002,0.7678595906966166,0.3151939742958324,7.4051228197142365,0.0,-1,0.0037727325411234247
678.45001,1.3682307036234533,0.3051883624075564,9.762918684042212,0.0,-1,0.0036111872118624877
680.90002,1.7585645347849095,0.23184073118967086,12.00797941417676,0.0,-1,-0.0011749742642099825
680.09998,1.7405144058002406,0.07126353406833408,10.777579318501374,0.0,-1,0.014115615765788014
689.70001,2.386448974157929,0.23906603414200767,18.983240471497425,-4.301901554334222,-1,-0.006959533029439857
684.90002,2.1105463438235574,-0.012278865397454819,11.800407650137032,0.0,-1,0.006351262772630539
689.25,2.1592145000043956,0.012129763594461274,15.42545027897772,0.0,-1,-0.009648197315923146
682.59998,1.4494457030943977,-0.2325463444385123,6.343278971977092,0.0,-1,-0.0013184442226322757
681.70001,0.8987766627149085,-0.26107179493933375,5.191217857348683,0.0,-1,0.01591606255073974
692.54999,1.4527090872988992,0.0976202098815524,14.82550640951061,0.0,-1,-0.0005775323164757262
692.15002,1.5752853756494005,0.07339883274401782,14.259592398322908,0.0,-1,0.011774860600307413
700.29999,2.184463905187158,0.22752578742725849,20.157815798774536,0.0,-1,0.012708867809636981
709.20001,3.048682844523796,0.36391490892129896,25.136517799819828,-2.2482363568153687,-1,0.013465862754288516
718.75,4.0225679104818255,0.4459333249597761,29.261580908889655,-4.6490424693868135,-1,-0.0027826086956521667
716.75,4.00762978425405,0.143665066244,26.315360889677137,0.0,-1,0.0013951866062085205
717.75,3.74952490578562,-0.038146604074809964,26.794564048871948,0.0,-1,0.0025774712643678033
719.59998,3.462177057735971,-0.10849815070815305,27.721118216358633,0.0,-1,0.008824388794452354
725.95001,3.5591575455664497,-0.0038392209592248427,30.665418451199756,0.0,-1,-0.04098078323602472
696.20001,0.8318846606845227,-0.9103707019470506,-2.2110372893889476,0.0,-1,-0.013932792100936675
686.5,-1.4094096701468288,-1.0505550109261341,-8.359372889185835,0.0,-1,-0.0002913474144210504
686.29999,-2.429273529716852,-0.6901396234987192,-8.481751636081988,0.0,-1,-0.0008013842459767551
685.75,-2.7825984986922094,-0.34782153082469236,-8.85124446977369,0.0,-1,0.0025519504192490494
687.5,-2.5815444416222135,-0.048922491251565337,-7.056058240982601,0.0,-1,-0.013963607272727163
677.90002,-3.065887042952113,-0.17775503086048827,-13.788729245751277,0.0,-1,0.003171514879140913
680.04999,-2.8734035900376966,0.004909474017976034,-11.393604264224393,0.0,-1,0.007573002096507686
685.20001,-2.108543231077306,0.25658994432612214,-5.8156584783550045,0.0,-1,-0.005691797932110387
681.29999,-1.8754027823406432,0.16324346435426174,-8.953578485526677,0.0,-1,0.002862189973025009
683.25,-1.440048159444018,0.19953269575029564,-6.71585976062471,0.0,-1,-0.00043906330040244246
682.95001,-1.1273660013753215,0.17073828460633078,-6.994884603005758,0.0,-1,0.015301280982483734
693.40002,-0.0062435888930849615,0.43062023236285585,4.386076194393155,0.0,-1,-0.007066656848380259
688.5,0.14650291642249158,0.19445557922614415,-0.7388352147396873,0.0,-1,0.007480058097313114
693.65002,0.6398359260450661,0.22926286294957288,4.291158092376499,0.0,-1,0.0062711452095105535
698.0,1.1956811036858426,0.2617026801967831,8.181855930762318,0.0,-1,-0.027650415472779355
678.70001,-0.23436889946754036,-0.3894491076521999,-9.015850386450673,0.0,-1,-0.022469426514374113
663.45001,-2.2006964927553554,-0.7852589003133383,-17.460229046695062,0.0,-1,-0.00203486318434154
662.09998,-3.1129714150030168,-0.5658446075203334,-18.106602662907623,0.0,-1,0.004908624223187497
665.34998,-3.038861258209863,-0.1639114835757267,-14.67045004596664,0.0,-1,-0.0033816789173121142
663.09998,-2.936067741629131,-0.02037265566499835,-15.99035299655511,0.0,-1,0.008520615548804678
668.75,-2.1691636715362392,0.2488438048092978,-9.760951073537882,0.0,-1,-0.005831805607476648
664.84998,-1.9299496638617484,0.16268593749459637,-12.477584434829012,0.0,-1,-0.003308957007112978
662.65002,-1.8328435213694547,0.08659735999563001,-14.000868121307526,0.0,-1,0.002112683856857034
664.04999,-1.5148893233424587,0.13485051934087533,-12.215011360888376,0.0,-1,0.009487222490583758
670.34998,-0.7046722807170909,0.3150225206554145,-4.597515007208969,0.0,-1,0.005146580298249548
673.79999,0.04665976398860039,0.35545152178703526,-0.8120294323611219,0.0,-1,0.0022261799083731493
675.29999,0.5434374726758051,0.28407641015808,0.834749752750227,0.0,-1,-0.008588760678050589
669.5,0.2632073709630731,0.001282102815115982,-5.378345018625993,0.0,-1,0.005825272591486241
673.40002,0.4261600391930642,0.05474492368170236,-0.7445797670917713,0.0,-1,-0.009504038921768987
667.0,-0.06121196329127088,-0.14420902626754425,-7.264663475905664,0.0,-1,0.004947511244377756
670.29999,-0.02479780092596684,-0.035931621300746744,-3.2279522305686683,0.0,-1,-0.005445278314863078
666.65002,-0.3086884029994508,-0.10660740779141026,-6.95683974986234,0.0,-1,0.01245029588388813
674.95001,0.2667561628804833,0.15627905269617465,2.5927264310224416,0.0,-1,-0.006593095687190242
670.5,0.16141459891377963,0.016979162909823653,-2.1832154708273492,0.0,-1,0.0045488292319164625
673.54999,0.34945843368757323,0.0683409992278724,1.192129228933922,0.0,-1,-0.006161339264513899
669.40002,0.06852798160048224,-0.07086315095307288,-3.3679829642549137,0.0,-1,0.00246484904497013
671.04999,0.059849590423596055,-0.02651384737665302,-1.3473879752680062,0.0,-1,-0.004768661124635476
667.84998,-0.21614457103339646,-0.10083600294454852,-5.017465065128498,0.0,-1,0.0014224901227068987
668.79999,-0.256962104175841,-0.04721784536233101,-3.68170138963427,0.0,-1,0.0034389803145780107
671.09998,-0.06429152873238309,0.04848424336037563,-0.3906527672604767,0.0,-1,0.024512010863120715
687.54999,1.4082355530504174,0.5070037750477254,16.117057928982476,-6.288593956548766,-1,0.01643515404603524
698.84998,2.96881196452091,0.6891933955060727,22.89447324509659,-10.349604503697037,-1,0.007512341919220011
704.09998,3.9391991732128417,0.5531935347326682,25.431369302872966,-8.813039297904766,-1,0.01171708597406873
712.34998,4.783626179790986,0.465873513770271,28.882350104669356,-9.22277877724298,-1,0.007580571561186966
717.75,5.25720583476425,0.313151056247845,30.839676851297654,-6.743091817746972,-1,0.0011145802856147302
718.54999,5.122561009353831,0.059502076945809,31.127609779219313,-0.9106936958584129,-1,0.056293939966514994
759.0,7.9991926792024515,0.9787112489314769,39.76699949652446,-23.42245646119477,-1,-0.03241104084321467
734.40002,6.720910790859875,-0.09985687980370006,18.559203688153886,0.0,-1,0.0022466911152860813
736.04999,5.659191447450212,-0.3871920744044548,19.103194036320133,0.0,-1,-0.0024454724875412337
734.25,4.50673332179133,-0.5132167333544455,17.68370092265961,0.0,-1,0.012802206332992894
743.65002,4.338278148812606,-0.22722396877772333,21.125360529001625,0.0,-1,-0.008471780851965982
737.34998,3.3675240499220536,-0.39932602255609195,15.89902481048776,0.0,-1,-0.003322655545470954
734.90002,2.397356662983384,-0.4564978031649205,13.871106574189426,0.0,-1,0.005851122442478651
739.20001,2.0708257475987466,-0.2610095728498525,15.916520994063205,0.0,-1,0.009604951168764142
746.29999,2.326656477606548,-0.0017262809473503893,19.123538611372553,0.0,-1,0.011858542300127839
755.15002,2.998186302809927,0.22326784808534272,22.68337165165147,0.0,-1,-0.009799403832366993
747.75,2.467434023510691,-0.10249481040463104,15.651186041216306,0.0,-1,-0.023537251755265776
730.15002,0.5297733819019186,-0.6800518173378012,2.283489042157896,0.0,-1,0.007738094700045162
735.79999,-0.012373887394346639,-0.40739969554468886,5.514399569588946,0.0,-1,-0.0037374286998834716
733.04999,-0.5115830314261984,-0.3022029465255136,3.5533571215998094,0.0,-1,-0.011458932016355283
724.65002,-1.4185531841566217,-0.403057699751979,-2.179816776068442,0.0,-1,0.0015869315783638704
725.79999,-1.6579946618421673,-0.2141663924791748,-1.3437096512345121,0.0,-1,-0.006613378432259287
721.0,-2.0395483455313297,-0.19857335872277915,-4.7094332093180284,0.0,-1,0.006657406380027764
725.79999,-1.660363658581673,0.06020377607562577,-0.8046209828947752,0.0,-1,0.012331234669760827
734.75,-0.58657351022498,0.3779979748107729,5.740072556146615,0.0,-1,-0.016808411024157865
722.40002,-1.0299623101946054,-0.021796941719617546,-3.4533063656208896,0.0,-1,0.009759122099691986
729.45001,-0.5783273509964602,0.1432793391595092,1.6090373610689213,0.0,-1,-0.003838494703701456
726.65002,-0.5376484254810521,0.06131942155830572,-0.4613275111711914,0.0,-1,0.008945159046441553
733.15002,0.0691617394001014,0.22270986214648641,4.270530083454439,0.0,-1,-0.010229829905753829
725.65002,-0.2581966564426921,-0.034882844565435694,-1.5537057795026215,0.0,-1,-0.0004134775604361929
725.34998,-0.42536279966054735,-0.06734966259443032,-1.7837143537708897,0.0,-1,-0.004480595698093226
722.09998,-0.7443323046311434,-0.12877305585500876,-4.389904735570546,0.0,-1,-0.006647265105865219
717.29999,-1.2417885317304354,-0.20874309431810034,-8.105935851557064,0.0,-1,-0.01937818234181199
703.40002,-2.5453651009692067,-0.5041065545189571,-16.80737334077267,3.1047421330659972,-1,-0.0035541653808881524
700.90002,-3.1933729605078724,-0.3840381380192075,-18.130195750093403,1.5004049856738675,-1,-0.010129875584823145
693.79999,-3.8429316435681358,-0.3445322736931571,-21.69037383443711,5.011710428074366,-1,0.014125093890531737
703.59998,-3.0308008481342767,0.15586617391356716,-11.204623838615724,0.0,-1,-0.0011369954842807006
702.79999,-2.438834546406156,0.2492774918805627,-11.712562616537852,0.0,-1,0.0008537706439069037
703.40002,-1.8896126833416247,0.2661664516483646,-11.046465090689615,0.0,-1,-0.01258178809832855
694.54999,-2.1950365281975337,-0.013085797735848281,-16.901183061963422,0.0,-1,-0.005471154063366956
690.75,-2.481494573275654,-0.0998479476046561,-19.11576215017145,0.0,-1,-0.010857763300760048
683.25,-3.042932381375067,-0.22042858523468967,-23.067528294457233,0.0,-1,0.009952418587632517
690.04999,-2.5034077536436143,0.10636534749892101,-14.724434710620635,0.0,-1,0.005506832918003468
693.84998,-1.7083622936409029,0.300470269167211,-10.439398443170887,0.0,-1,-0.015493262679059261
683.09998,-2.0643093725027484,-0.01849226989821151,-17.253837990624028,0.0,-1,-0.0038793296407356737
680.45001,-2.2910879642251984,-0.08175695387355386,-18.72919233019302,0.0,-1,0.013740877158632037
689.79999,-1.4343882630676035,0.25831424909468037,-8.411925350498848,0.0,-1,0.004131675907968813
692.65002,-0.6490035572331863,0.3478996516430326,-5.5858488680536595,0.0,-1,-0.0005053490072808309
692.29999,-0.23139674121318876,0.2551688225543434,-5.877161395500856,0.0,-1,0.005922331444783158
696.40002,0.3383588952312948,0.27497481966627574,-1.4823950040521936,0.0,-1,0.009836271974834165
703.25,1.165871805517554,0.36749590998417836,5.076554359522632,0.0,-1,0.004550316388197695
706.45001,1.749139776867537,0.31692129377805367,7.863048718906782,0.0,-1,7.07622610125469e-05
706.5,1.8991779478035369,0.15565315490468445,7.908366660913337,0.0,-1,-0.0055201981599434236
702.59998,1.4909305376212387,-0.0841980850925379,2.9700530657899904,0.0,-1,0.025619129678882135
720.59998,2.6625626210617384,0.3624779994493208,17.279444850459342,-4.717183194458926,-1,-0.008326394902203549
714.59998,2.526498444360186,0.07547127424925604,10.46561342477299,0.0,-1,-0.001399384310086349
713.59998,2.1645914856459285,-0.095478561488334,9.352462709645394,0.0,-1,-0.003573416579972455
711.04999,1.5907562158183737,-0.2231046104386296,6.410086245039402,0.0,-1,-0.009211715198814585
704.5,0.6254430629197714,-0.39613925444574405,-0.5819652043283696,0.0,-1,-0.02221436479772898
688.84998,-1.2135021021061903,-0.7450281398239018,-12.817398934715825,0.0,-1,0.009508659635876215
695.40002,-1.486012842777086,-0.3391796268315992,-6.331478801573439,0.0,-1,-0.011791788559338823
687.20001,-2.1817679762144735,-0.3449782534229957,-11.81558337069827,0.0,-1,0.0023282595703104647
688.79999,-2.2144998782486027,-0.12590338515237498,-10.177158317271982,0.0,-1,-0.026350131044572067
670.65002,-3.5588216727450117,-0.490075059882928,-20.14953297641985,1.1216647615254942,-1,0.019384178949252817
683.65002,-2.8510807639311224,0.0725552829769871,-8.492423249797802,0.0,-1,-0.004168843584616666
680.79999,-2.49712274586318,0.14217110034830993,-10.107241818114105,0.0,-1,0.019168610739844327
693.84998,-1.024551008007279,0.5382476127347371,-0.1758649844921507,0.0,-1,0.016502140707707502
705.29999,0.7512816115879559,0.7713600774433242,6.7850986495947865,0.0,-1,-0.020345924008874472
690.95001,0.38075945375317133,0.13361263986951324,-2.4088773714074634,0.0,-1,-0.009769158263707056
684.20001,-0.39873157964359507,-0.21529279784241773,-6.1218934364598425,0.0,-1,0.014907936058054183
694.40002,0.09475136862840827,0.09273005014319521,0.37830730509030985,0.0,-1,-0.011520736995370484
686.40002,-0.33306977128802373,-0.1116970299244123,-4.240430065810081,0.0,-1,-0.004734848346886755
683.15002,-0.7900578603056374,-0.1895617063140087,-6.058881348327141,0.0,-1,0.0023420624360077635
684.75,-0.8193820831222638,-0.0729619763768784,-4.866229902884186,0.0,-1,-0.015114976268711167
674.40002,-1.6282606876037562,-0.2939468602861237,-10.852491434730908,0.0,-1,-0.007265747115487997
669.5,-2.305346599210793,-0.3236775906310536,-13.405683834121199,0.0,-1,0.005003704256907993
672.84998,-2.1726123384135008,-0.06364777661125398,-10.412666235740922,0.0,-1,-0.004978791854909459
669.5,-2.2043591798136504,-0.031798206003801344,-12.385514551430916,0.0,-1,-0.01926814040328606
656.59998,-3.1115376688625247,-0.3129922316842251,-18.99634474246935,3.704207929186964,-1,-0.03502893801489304
633.59998,-5.222498774315113,-0.8079844457122709,-27.003217095045027,15.175364597074122,-1,0.00812818838788476
638.75,-5.413602762515211,-0.33302947797078986,-22.35428872667933,3.0042680046819896,-1,0.001800422700587223
639.90002,-4.962186193072284,0.03946236382404589,-21.28645175976804,0.0,-1,0.0009376152230780033
640.5,-4.27296405892821,0.24289483265603984,-20.681756067628044,0.0,-1,-0.004918064012490286
637.34998,-3.8347743202787115,0.2270281904351794,-22.064131727803666,0.0,-1,0.003765623402075091
639.75,-3.0961132575973807,0.32189641770550326,-19.298030578915615,0.0,-1,0.003985916373583365
642.29999,-2.256274121456954,0.38724518461530977,-16.29400079049754,0.0,-1,0.003814432567560866
644.75,-1.4441642099320688,0.39978503204673177,-13.36177410636109,0.0,-1,-0.005971275688251176
640.90002,-1.2385939033418936,0.20178511287896894,-15.98840146562727,0.0,-1,0.013496598112135993
649.54999,-0.31176175810162476,0.37620575270641265,-5.9712810783686265,0.0,-1,0.0014625664146341588
650.5,0.2568019610268948,0.3149231572783108,-4.953299026329837,0.0,-1,0.004073820138355222
653.15002,0.7405186571722879,0.266213284474568,-2.0208480077657995,0.0,-1,0.0006123707995904226
653.54999,0.9539979504805842,0.1598975259276214,-1.5594444033515558,0.0,-1,-0.010175151253540626
646.90002,0.427073601261327,-0.12234227443054524,-8.379131549646544,0.0,-1,0.020714128282141475
660.29999,1.2446861265465259,0.23175675028488452,5.612237700769761,0.0,-1,0.004013357625524128
662.95001,1.7706035453103368,0.2525580563495651,7.832883575614645,0.0,-1,-0.007240349841762583
658.15002,1.4860127925830966,-0.010677565459225047,2.5426294991302782,0.0,-1,0.022943066992537675
673.25,2.4782146835041203,0.3271747751539329,14.040328384472247,-1.3658057427203403,-1,-0.004307493501671034
670.34998,2.5261294053393613,0.12502983232972475,10.892209643296589,0.0,-1,0.0016409786422311168
671.45001,2.4312451491454112,0.010048525378591577,11.686018368507632,0.0,-1,0.004021163094479752
674.15002,2.4062000919529964,-0.004998843937940922,13.695707576197968,0.0,-1,-0.00749097359664852
669.09998,1.7723242223606803,-0.21295823784341894,7.4348471881893445,0.0,-1,-0.019503796727060152
656.04999,0.22019343570116234,-0.5883630081676458,-5.206916417978235,0.0,-1,-0.010060178493410121
649.45001,-1.124219743937033,-0.6442587292686137,-10.137382127536249,0.0,-1,-0.01231811513868486
641.45001,-2.3694080217613873,-0.6298156690309893,-15.283892627094083,0.0,-1,-0.021591752722866175
627.59998,-3.948720658860111,-0.7363761020432378,-22.190419450235677,1.8207941499283606,-1,0.005098805133805229
630.79999,-4.142649422504405,-0.3101016218958441,-18.682628531552314,0.0,-1,-0.01474316764018968
621.5,-4.669392185784659,-0.27894812839203276,-22.93009114056272,1.0351888990015823,-1,-0.0016894448913917781
620.45001,-4.63114671860933,-0.08023422040556749,-23.382951522191913,0.0,-1,0.0032234667866311018
622.45001,-4.059428425137526,0.16382802435541244,-20.87358410999724,0.0,-1,0.002329520405984109
623.90002,-3.314449409640247,0.3029356799508971,-18.97359788915774,0.0,-1,0.03245712349872987
644.15002,-0.9782557844215489,0.8797097683898651,1.2893128866594665,0.0,-1,-0.015136225564349126
634.40002,-0.541137656443766,0.43894263212254936,-5.676753281550731,0.0,-1,-0.015841802779262282
624.34998,-1.1149871210845959,-0.044968944172760095,-11.643294885605584,0.0,-1,-0.033795116002085845
603.25,-3.0673279266479767,-0.6657699165787139,-20.80973795603387,0.0,-1,-0.004641508495648483
600.45001,-4.0212201688756295,-0.5398873862687887,-21.80328844331906,0.0,-1,-0.0004163543939319503
600.20001,-4.183897942583144,-0.23418838665876773,-21.898179965674775,0.0,-1,0.010079956513163069
606.25,-3.412412834221641,0.17909890723424526,-15.931987506664854,0.0,-1,-0.017979414432989782
595.34998,-3.650637543855737,-0.019708600799950293,-20.785038061845846,0.0,-1,-0.06391196989710146
557.29999,-6.636362603351586,-1.0018112200985998,-31.18230486672702,13.088408527103638,-1,0.02924814335632764
573.59998,-6.21786241615348,-0.19443701096683164,-19.42240091707107,0.0,-1,0.022228034247839368
586.34998,-4.427957121208237,0.5318227613261373,-11.65952079233378,0.0,-1,0.01065916297976166
592.59998,-2.6431747136349486,0.7722017229664755,-8.119756379015072,0.0,-1,-0.002784289665348827
590.95001,-1.6680164503786727,0.5824533287409173,-8.813317196509402,0.0,-1,-0.015145122004482259
582.0,-1.7872701145523706,0.15439988818907313,-12.551141613361523,0.0,-1,-0.01589347079037806
572.75,-2.468791103759827,-0.1757070336727944,-16.085592995591966,0.0,-1,-0.0064600785683107675
569.04999,-2.912153173050342,-0.20635636765443666,-17.45093243854837,0.0,-1,-0.06343903107704119
532.95001,-5.899486443274668,-1.064563212626254,-27.34035706748746,8.574800841186743,-1,0.011164292876174375
538.90002,-6.405695041447302,-0.5235906035996294,-23.263830123157476,0.0,-1,-0.029133437404585738
523.20001,-7.433325587079594,-0.51707371641064,-26.842456487280973,0.0,-1,0.07186540382520246
560.79999,-4.194365394305919,0.9072954921210119,-6.661203200575073,0.0,-1,-0.051800981665495405
531.75,-4.646187348393482,0.15182451267781616,-14.634569349645844,0.0,-1,-0.01927597555242122
521.5,-5.339082713071207,-0.18035695066663582,-17.01377940035576,0.0,-1,-0.034515819750719046
503.5,-6.740606835987478,-0.527293691194302,-20.841382472313303,0.16784657453325735,-1,0.018967209533267138
513.04999,-6.083819161113297,0.04316466122662632,-16.305793267834297,0.0,-1,0.00321609985802751
514.70001,-5.110938726916743,0.3386816984743932,-15.500717922009734,0.0,-1,0.012822964584749075
521.29999,-3.648588615908693,0.6003439364941476,-12.14707626453287,0.0,-1,-0.004795703142062235
518.79999,-2.821697842412277,0.4757449033301877,-12.945559379332636,0.0,-1,-0.012239745802616442
512.45001,-2.702275968796471,0.19838892564866484,-15.027565544469176,0.0,-1,-0.015123426380653227
504.70001,-3.0632087012555758,-0.05418126893681352,-17.50363789597283,0.0,-1,0.024965285814042115
517.29999,-1.938409342380396,0.3568726966461222,-9.849072557966998,0.0,-1,0.024840576548242455
530.15002,-0.14363971774446327,0.7172141070940184,-3.0344305999206114,0.0,-1,-0.014712892022526125
522.34998,0.11571173771881149,0.3255218541857644,-6.383947359787925,0.0,-1,0.013305274750848195
529.29999,0.8149123206405875,0.3415741457025135,-2.6653942147183542,0.0,-1,-0.006518061713925216
525.84998,0.8091024187147013,0.11192141459220917,-4.326787645454715,0.0,-1,-0.006655890716207646
522.34998,0.44710559952557105,-0.08335846819897375,-6.065025809856998,0.0,-1,-0.0053603716037281535
519.54999,-0.004484110029466137,-0.178316059251337,-7.502682427063853,0.0,-1,-0.013376980336386901
512.59998,-0.8090727889710934,-0.3276349127309881,-11.02045677308746,0.0,-1,0.020288763959764644
523.0,-0.2772760626943409,0.0680539378485881,-3.6382337231176365,0.0,-1,0.03690246653919682
542.29999,1.6200611390019048,0.655130379848278,7.070693784770079,0.0,-1,-0.007560354186987861
538.20001,2.092059644933215,0.37570962859319623,4.502261172524079,0.0,-1,0.02257519467530278
550.34998,3.166218094154374,0.4832893592714518,10.374229464855219,-4.757361628301851,-1,0.03897521718816099
571.79999,5.226946644252166,0.8480059697897477,18.37944692988161,-14.858757983489227,-1,-0.003760003563483716
569.65002,5.642567865613387,0.4212090637169892,16.874848458252117,-5.247778543737468,-1,-0.02422547093037941
555.84998,4.230161154159418,-0.3303992159123261,7.803811353997283,0.0,-1,0.00566703267669455
559.0,3.433946035585791,-0.375538111495318,9.20716921872721,0.0,-1,0.010375652951699399
564.79999,3.2330088066669305,-0.19215844680472616,11.805909087544073,0.0,-1,0.004603452631080973
567.40002,3.0797919583185376,-0.11512509838437301,12.980582531548592,0.0,-1,-0.008988420550284926
562.29999,2.321531704284439,-0.29112845080615735,9.024160135094093,0.0,-1,0.00453492805504041
564.84998,1.9614397685769518,-0.2170734621712147,10.405971950575996,0.0,-1,0.016730123633889482
574.29999,2.4054413200084355,0.0756426964200898,15.23358282073876,0.0,-1,-0.04805847201912705
546.70001,0.1269903190569721,-0.7342694348437913,-3.260128494432635,0.0,-1,0.023047338155343988
559.29999,0.02718062532642307,-0.2780263761914468,3.4359719991377773,0.0,-1,0.020829644570528272
570.95001,0.9458457263506261,0.21354624161091873,8.762306368120264,0.0,-1,-0.029599824334883618
554.04999,-0.08197720033319911,-0.2714255616909689,-0.3852790946542086,0.0,-1,-0.025358704545775712
540.0,-1.7598897303140575,-0.6497793638906091,-6.622843073780587,0.0,-1,0.018240703703703565
549.84998,-1.6313568511116046,-0.1737488282293853,-1.5723031180191214,0.0,-1,-0.00400101860511104
547.65002,-1.614474007251033,-0.0522886614562712,-2.6210448376951163,0.0,-1,0.04336711244893232
571.40002,0.5076735819501437,0.6899529759149684,8.229483686672289,0.0,-1,0.01925096187430997
582.40002,2.4431079113882106,0.8751291017843452,12.236742873972183,0.0,-1,-0.004378502596892209
579.84998,2.994729416824839,0.4755835357403244,10.735901241558935,0.0,-1,-0.02112615404418916
567.59998,2.0001460514744167,-0.17299994320336598,3.809699101800909,0.0,-1,0.0037879141574319597
569.75,1.5153438645097594,-0.2192673767226745,4.814573925473319,0.0,-1,-0.006669574374725706
565.95001,0.8299982823183427,-0.3015376529713638,2.5686976058438304,0.0,-1,-0.0037106280817983395
563.84998,0.24315646769593968,-0.2961264891979223,1.2785886428717248,0.0,-1,-0.008246821255540215
559.20001,-0.45802497858983315,-0.3324359784945651,-1.641234353092365,0.0,-1,0.007778934052594
563.54999,-0.4079486201836744,-0.09411987336280214,1.2443891273390264,0.0,-1,-0.0289237694778417
547.25,-1.7072472226318496,-0.46447282527032585,-8.427417789665917,0.0,-1,0.006395614435815489
550.75,-1.9229592553033399,-0.22672828598060546,-5.909813121873256,0.0,-1,-0.001906472991375363
549.70001,-1.9580678336971005,-0.08727895479145542,-6.5341140595914595,0.0,-1,0.00936869184339284
554.84998,-1.3832856367524755,0.16250108071772318,-2.484097421018099,0.0,-1,-0.008741065467822384
550.0,-1.3847857352175197,0.05366699408422626,-5.79758220711264,0.0,-1,-0.03872725454545456
528.70001,-3.045136139848637,-0.5355611368489637,-17.020138017953542,2.676316541452934,-1,0.030262908449727455
544.70001,-2.2882166638434,0.07378611305209093,-5.301419971482915,0.0,-1,0.011841398717800766
551.15002,-1.181571370520487,0.3934771354583346,-1.2847948017375117,0.0,-1,0.0031751790556044934
552.90002,-0.3839511096490469,0.3970324654432583,-0.1859352296448975,0.0,-1,0.02929998085368113
569.09998,1.3968516132574678,0.7259450627832577,8.877049094419156,0.0,-1,0.01572660396157466
578.04999,2.9166828402726424,0.7485920965994777,12.98081968031999,0.0,-1,0.0346855641326107
598.09998,5.104374050424099,0.9787611022503118,20.346636235583787,-5.080576619250678,-1,0.018057248555668037
608.90002,6.672858484631092,0.8490818454857685,23.50217176876768,-9.099959911099177,-1,-0.01634095856984863
598.95001,6.071861661348635,0.08269500740110391,16.281957597687196,0.0,-1,0.013690641728180353
607.15002,5.948708944595069,-0.013485903117487652,19.064580020763344,0.0,-1,0.0012352795442549525
607.90002,5.453906840835316,-0.1694293356257468,19.321871358002937,0.0,-1,-0.008554054661817578
602.70001,4.3186793855526275,-0.4348855969694787,15.147714742658508,0.0,-1,0.005641231032997629
606.09998,3.674506542448512,-0.3596861466911978,16.60842398092649,0.0,-1,-0.001319897750202803
605.29999,2.979545409025718,-0.35154909337133056,15.886492684479208,0.0,-1,-0.008838559538056456
599.95001,1.9379377248955052,-0.4643855925005145,10.975731429267697,0.0,-1,0.00825070408782902
604.90002,1.6681399057557655,-0.24472780388008464,13.753107083997648,0.0,-1,-0.019507422069518277
593.09998,0.4108926707062892,-0.5006583463098537,3.641196850846896,0.0,-1,-0.018715191998488923
582.0,-1.1769703360440644,-0.6961737843534026,-3.98679984628739,0.0,-1,-0.01649481099656347
572.40002,-2.6728193114155374,-0.7306742532416253,-9.518675094104964,0.0,-1,0.012840635470278139
579.75,-2.585510523149992,-0.21445515499202683,-3.9962843323366,0.0,-1,-0.015868926261319527
570.54999,-3.093064418754807,-0.24066968353228058,-9.25422942848104,0.0,-1,-0.03461572227877874
550.79999,-4.734919331660876,-0.6275081988127837,-17.982794452218627,0.0,-1,0.00426657596707658
553.15002,-4.965434343808852,-0.28600773698692006,-16.11041445478549,0.0,-1,0.02042843639416292
564.45001,-3.725239821232094,0.3180622618632789,-7.63019292972978,0.0,-1,-0.022411231775866236
551.79999,-3.848874241507815,0.064809280529186,-13.460258411725164,0.0,-1,0.011417162222130406
558.09998,-3.064952764853274,0.2829102523945757,-8.97016450478349,0.0,-1,0.006002562479934248
561.45001,-2.1384101294548827,0.4031509625976555,-6.603884412682895,0.0,-1,-0.006144821335028583
558.0,-1.7844388009677914,0.2523740970282491,-8.50898125525216,0.0,-1,0.01424732974910392
565.95001,-0.796249069976966,0.41352127600635824,-2.597013008802193,0.0,-1,-0.043643448296785126
541.25,-2.2941342819834745,-0.36145464533338356,-14.85585575218564,0.0,-1,0.01616628175519641
550.0,-2.1227323644881153,-0.0633509092793414,-8.863992478056801,0.0,-1,0.028090927272727217
565.45001,-0.5726362086998051,0.495581748836323,0.16827560180558976,0.0,-1,0.015651215568994292
574.29999,0.9876298865859781,0.6852826147073687,4.60187114823858,0.0,-1,-0.016454832255873852
564.84998,0.8979596103467884,0.19853744615605962,-0.6115523112736412,0.0,-1,-0.01310077057982717
557.45001,0.16163033803161397,-0.1792639420530383,-4.399792253734894,0.0,-1,-0.0051126198742019735
554.59998,-0.4575059929619556,-0.26613342434886933,-5.848996651222862,0.0,-1,-0.01667868794369587
545.34998,-1.4997819923786437,-0.43613647458851923,-10.388739717657415,0.0,-1,0.0023838636612769637
546.65002,-1.7876014927220467,-0.2413186583106408,-9.434404209854577,0.0,-1,-0.01262237217150386
539.75,-2.3575461185001814,-0.27042109469625863,-12.892652370257373,0.0,-1,-0.0004631773969430153
539.5,-2.4668895881809476,-0.12658818812567496,-13.019568674665507,0.0,-1,-0.004355848007414176
537.15002,-2.511818857339563,-0.05717248576143019,-14.295031505568424,0.0,-1,0.005119612580485322
539.90002,-2.095798587140621,0.1196159281458371,-11.535425624085946,0.0,-1,0.005278718085618861
542.75,-1.475640236446111,0.24659142628011566,-8.637344414249625,0.0,-1,-0.01262087517273136
535.90002,-1.6134227080616483,0.036269651554859506,-13.258468015538178,0.0,-1,-0.019966429559006182
525.20001,-2.4395295515308817,-0.26327906397145817,-19.22577829064773,0.0,-1,0.0074256853117729005
529.09998,-2.324291343971254,-0.04934695213727691,-14.953509636762789,0.0,-1,0.011151049372559063
535.0,-1.5813129615271464,0.23121047676894357,-8.848634244691603,0.0,-1,-0.015420560747663514
526.75,-1.7655476901778684,0.015658582706073787,-14.092139063525039,0.0,-1,-0.007973440911248297
522.54999,-2.0605369136551417,-0.09311021359039984,-16.506238776526274,0.0,-1,-0.002487781121189969
521.25,-2.144652615922496,-0.05907530528591787,-17.263158161350056,0.0,-1,0.01985607673860912
531.59998,-1.1454910823958926,0.3133620760802285,-6.056660193866605,0.0,-1,0.044958654814095445
555.5,1.4412156079004035,0.9666895887921749,10.730149158000522,0.0,-1,-0.01701171917191724
546.04999,1.8269668190567927,0.45081359998285486,3.6692794493230565,0.0,-1,-0.0138265545980506
538.5,1.2384293563802657,-0.04590795423122396,-1.3517489774609786,0.0,-1,-0.0058496193129062846
535.34998,0.578456512010348,-0.23529359953371398,-3.373930544051362,0.0,-1,-0.0008404969026054587
534.90002,0.16276871382444824,-0.21699379923987128,-3.6795239769746573,0.0,-1,0.008132323494771887
539.25,0.3038590885795429,-0.025301141494925516,-0.14893038943755954,0.0,-1,-0.004636068613815492
536.75,0.14074935190876658,-0.06280362605523396,-2.158282615873567,0.0,-1,0.007731755938519047
540.90002,0.3933003709142895,0.06324913098342966,1.4510670070696605,0.0,-1,0.0012016453613736822
541.54999,0.5409650161741411,0.07030459208109374,2.0287470230521762,0.0,-1,0.006278312367802075
544.95001,0.8530519207895395,0.12746383223216406,5.131818457697037,0.0,-1,0.04706848248337492
570.59998,3.0755052130314198,0.7833057081580148,20.90671107585908,-9.99640308457515,-1,0.032860148365234876
589.34998,5.492939758066427,1.0669134177310076,27.36919929523583,-16.7936189675238,-1,-0.004411606156328296
586.75,6.027247050745018,0.5337402368031992,24.808924497107995,-5.62239488747548,-1,-0.017213429910523992
576.65002,4.95046510952227,-0.1810139014731833,15.459230979080601,0.0,-1,-0.01734154106159569
566.65002,3.1662020464506213,-0.6550923215149438,7.546925172444617,0.0,-1,-0.0014118767700741497
565.84998,1.943550344377286,-0.6259146745294264,6.935163967264835,0.0,-1,0.0014138729844968
566.65002,1.236931964642622,-0.44417768475469677,7.4379003820207,0.0,-1,0.0077648810459760575
571.04999,1.147209277721572,-0.17796679055858222,10.27196735793288,0.0,-1,-0.007267262188376811
566.90002,0.6609163277843209,-0.22141991349861123,6.3404507446237375,0.0,-1,-0.01049569551964391
560.95001,-0.1331406744996002,-0.3384923052608442,1.0369825767723384,0.0,-1,0.025403333177585585
575.20001,0.6684258805667014,0.15435808326848588,10.845005566523255,0.0,-1,0.0006953581242112872
575.59998,1.0468378347192129,0.1775900124736658,11.088094864722919,0.0,-1,-0.0013029882315145347
574.84998,1.0863073255690097,0.07235316777448753,10.308004404237195,0.0,-1,-0.002087431576495713
573.65002,0.9155197938630408,-0.032811454643827065,8.96932211482099,0.0,-1,-0.0002615183383067876
573.5,0.7413310451880761,-0.06900006777293055,8.788049793760258,0.0,-1,0.006015710549258868
576.95001,0.8799599170849888,0.02320960137466066,11.789407866576425,0.0,-1,0.012826015896940435
584.34998,1.4926085266097289,0.21195273696646688,17.440578499352256,0.0,-1,-0.014374895674677646
575.95001,0.9745512874879978,-0.10203483405175473,6.838263144709657,0.0,-1,0.004514245949921891
578.54999,0.850975060636415,-0.07520368696777913,9.052173579126446,0.0,-1,0.014691902423159764
587.04999,1.4266056921575228,0.16680898151777623,15.483421887327907,0.0,-1,-0.0182267441994165
576.34998,0.7038697002383287,-0.1853090034671393,3.689092868933784,0.0,-1,-0.016656511378728478
566.75,-0.5161524374077544,-0.4684437137044076,-4.483412311423464,0.0,-1,-0.035288928098809014
546.75,-2.7498174697801687,-0.9007029153589408,-16.342840651105213,7.799810907959795,-1,0.0024690992226794606
548.09998,-3.5250001968180413,-0.5586285474656045,-15.071276674377543,2.1822431171004837,-1,0.02125528265846688
559.75,-2.6480065439354803,0.10612170180565217,-4.96900869200153,0.0,-1,-0.01491733809736484
551.40002,-2.6846741721662966,0.023151357858278487,-9.923870876338228,0.0,-1,-0.010156020668987353
545.79999,-2.9459543052678328,-0.07937625841441909,-12.960860895222652,0.0,-1,-0.011634261847457972
539.45001,-3.360263179712888,-0.16456171095315808,-16.189019451665736,0.0,-1,-0.03095747463235754
522.75,-4.679063185292762,-0.4944539055110111,-23.052121023738138,7.748424307974801,-1,-0.0036346628407460946
520.84998,-5.106876255974953,-0.3074223253977344,-23.726311538799088,2.416989809773554,-1,-0.012287549670252362
514.45001,-5.428540603318083,-0.20969555758028857,-25.97580223203565,0.7937206780079578,-1,0.02633878848597937
528.0,-4.007828560046505,0.40367216189709687,-13.238846939374397,0.0,-1,0.004640170454545567
530.45001,-2.759319325073534,0.5507271322900227,-11.178338576967157,0.0,-1,-0.02215100344705434
518.70001,-2.8842880971642444,0.14191945339977075,-16.92164336463137,0.0,-1,0.02554463031531462
531.95001,-1.6022484751125603,0.4746530251504848,-6.456662277222691,0.0,-1,-0.004323695754794632
529.65002,-1.019373791160774,0.3525092363674238,-7.731503820904059,0.0,-1,-0.005286585281352507
526.84998,-0.8763252999214046,0.1651859092022645,-9.341702475673202,0.0,-1,0.012052823841808058
533.20001,-0.20260477930833076,0.27963547660511284,-4.144320865185094,0.0,-1,-0.01997378057063437
522.54999,-0.7363624540593037,-0.08470739938195337,-10.578458451448213,0.0,-1,0.007750435513356191
526.59998,-0.6043785869300109,0.01575882258244643,-7.187965261012295,0.0,-1,-0.011298823064900043
520.65002,-0.9838517711211807,-0.12123812053624117,-10.771895656123021,0.0,-1,0.004513550196348692
523.0,-0.8957690489565948,-0.011051799457218459,-8.618441764024467,0.0,-1,0.001434034416825991
523.75,-0.7145802671279853,0.056712327457130396,-7.89099966565486,0.0,-1,0.014319809069212486
531.25,0.06056247938033721,0.277285024655151,-0.8759012589090176,0.0,-1,0.0005646870588233988
531.54999,0.4680861460195729,0.22826956376479554,-0.6033769645949079,0.0,-1,0.010629329519882047
537.20001,1.1036758005041065,0.28795307274977644,4.497333300468895,0.0,-1,0.008842144288121023
541.95001,1.7253309777044024,0.3032027499833574,8.413034154578206,0.0,-1,-0.0007381123583705129
541.54999,1.8590459848292085,0.1456392523693879,7.946433915417131,0.0,-1,-0.01495703102127277
533.45001,1.0959846563224573,-0.20580735871245448,-0.8811716894688146,0.0,-1,-0.0008435842001390803
533.0,0.585621104042275,-0.23872363699754562,-1.3387810504440907,0.0,-1,-0.00544093808630397
530.09998,0.039969235898638544,-0.26145850171372736,-4.381909753493844,0.0,-1,0.01952467532634139
540.45001,0.6263150321686908,0.10829576485210834,6.424428042406738,0.0,-1,0.007586233553774857
544.54999,1.2089600109562753,0.23031358121323098,9.929125435820943,0.0,-1,-0.004223652634719466
542.25,1.20786999943698,0.07640785656464533,7.068220292444295,0.0,-1,0.005809165514061965
545.40002,1.3691708270575873,0.0792362280617509,9.975808759377657,0.0,-1,-0.01118450637387225
539.29999,0.8273878386130491,-0.15418225346092906,2.34753253007883,0.0,-1,-0.006119024775060655
536.0,0.21254819117314128,-0.2563406336336123,-1.3703016604674971,0.0,-1,-0.00792910447761197
531.75,-0.4667506484779551,-0.3118798244282363,-5.856649020962145,0.0,-1,-0.006582040432534075
528.25,-1.0591708475971018,-0.301433341182461,-9.292996408361645,0.0,-1,0.02725985802177
542.65002,-0.06711504319014239,0.23020748774149946,6.269222061335533,0.0,-1,-0.007002745526481502
538.84998,0.11783577927917577,0.13838610340360588,2.248324223727792,0.0,-1,-0.011041960138886697
532.90002,-0.29533845775949885,-0.09159604454502293,-3.5288908352565898,0.0,-1,-0.009007393169172873
528.09998,-0.8773173714655513,-0.22452498608369187,-7.71947740186787,0.0,-1,0.0058701573895156844
531.20001,-0.8368612140296818,-0.06135627621594075,-4.211462476547702,0.0,-1,0.0006588478791631491
531.54999,-0.7177297008092864,0.019258412334818176,-3.801289965428815,0.0,-1,0.0015050136676701964
532.34998,-0.5316873024650022,0.06843360355970085,-2.7869103957312973,0.0,-1,0.01427637885888533
539.95001,0.23897700524594256,0.2796993037568819,5.974942807531079,0.0,-1,0.01426059793942791
547.65002,1.24606190866416,0.42892806905836656,12.906099337311858,0.0,-1,0.04546693890379094
572.54999,3.7207633679846595,0.967876509459622,26.308120873602377,-14.100314894109033,-1,0.024539324505096882
586.59998,5.818882983646176,1.0219987083737134,30.68362515618817,-16.28740477882843,-1,-0.0010228094450326353
586.0,6.333037542839747,0.5120510891890948,29.982745967923492,-7.188117335599259,-1,-0.0019624914675768768
584.84998,5.966526693866513,0.0485134134052867,28.529902156579183,0.0,-1,0.009831581083408869
590.59998,5.765227378224381,-0.05092863407894832,30.49789720257,0.0,-1,0.009905232302920286
596.45001,5.671644605551251,-0.04817046891735988,32.32894696258427,0.0,-1,-0.011065520813722585
589.84998,4.602213668752142,-0.37253380190548935,23.659475266857243,0.0,-1,-0.0016105112015091239
588.90002,3.6048170612898502,-0.4566434697892605,22.43955140989695,0.0,-1,-0.003566021274714948
586.79999,2.6307148357846017,-0.4769152317648362,19.607896757017485,0.0,-1,-0.008520790874587458
581.79999,1.5077708200498137,-0.5332864158332082,13.084290335819126,0.0,-1,-0.007390838903245767
577.5,0.46231874384500316,-0.526246164012673,7.899195531936321,0.0,-1,0.0036363290043288643
579.59998,0.07606447708883479,-0.3041668102562805,9.69674482002798,0.0,-1,-0.005348481896082835
576.5,-0.3817330293800296,-0.25398810557504836,5.789722955784825,0.0,-1,0.010147406764960953
582.34998,-0.09132236349944378,0.012140853435179164,11.124585173912003,0.0,-1,-0.0034343608975482276
580.34998,-0.10517350026748318,-0.0005700944442867395,8.445513959358877,0.0,-1,-0.0002584130355272052
580.20001,-0.11583211029596896,-0.0037429014909241692,8.23286250436265,0.0,-1,-0.008617717879735975
575.20001,-0.5281754061188622,-0.13869539910460582,1.316225486516629,0.0,-1,0.01608136272459393
584.45001,0.08050089647952063,0.15666030116459234,10.86983955555668,0.0,-1,-0.007956232219073822
579.79999,-0.009371026927851744,0.022262792585739988,4.85691929899825,0.0,-1,-0.007588772121227438
575.40002,-0.42019023638761155,-0.12951880562467327,-0.30432338567123196,0.0,-1,0.004257837877725379
577.84998,-0.38642065475187337,-0.03191640799631168,2.4627681354116717,0.0,-1,-0.02145880493064989
565.45001,-1.370664976037915,-0.33872024309411786,-9.931925911601397,2.8313060055594406,-1,0.006808700914162191
569.29999,-1.4277333886777797,-0.1319295519113275,-5.415343218047738,0.0,-1,0.0008782715769941607
569.79999,-1.2956231459412493,6.023027506762979e-05,-4.8191961443937075,0.0,-1,-0.0028079677572475648
568.20001,-1.254931095744496,0.013584093490607074,-6.483672631086868,0.0,-1,0.004927824622882326
571.0,-0.8966749793340796,0.12394673663367439,-2.7079567335145924,0.0,-1,-0.008318739054290702
566.25,-1.0386573395177265,-0.006011874516657523,-7.999966510075851,0.0,-1,0.007152300220750529
570.29999,-0.6855945746497127,0.1156836301171188,-2.440684061884326,0.0,-1,0.044362599410180614
595.59998,1.6564021890051208,0.8192267979239842,18.50969117178653,-4.701611077864186,-1,0.005036937711112799
598.59998,2.939367055082016,0.70073055466696,20.08432872897079,-3.8982645396679345,-1,0.018125677184285927
609.45001,4.240071400197053,0.667144966593999,25.089829771131505,-7.968753091543817,-1,0.0036098284746930442
611.65002,4.720418456071457,0.38249734082280096,25.994741861402673,-4.214947974216557,-1,-0.00523176636207745
608.45001,4.300556279335979,-0.012454945304225973,21.780491852706646,0.0,-1,-0.013559043248269509
600.20001,3.0447455010236126,-0.42275524120553065,11.940953119150691,0.0,-1,-0.0005831889273044677
599.84998,2.1339421534488565,-0.4445195295934288,11.54325131967768,0.0,-1,-0.002417204381668814
598.40002,1.3798819668739952,-0.39952657205609676,9.776725310210047,0.0,-1,0.010193816504217246
604.5,1.396193376347128,-0.12773838752765476,14.535192575242974,0.0,-1,-0.0004962613730354892
604.20001,1.2630004663880072,-0.08697709916225849,14.120693344942225,0.0,-1,0.00868917562579985
609.45001,1.5286539725427701,0.05955880233083488,18.104241475140896,0.0,-1,-0.01378295161567078
601.04999,0.8340912279082886,-0.2116679807678823,6.877687583547122,0.0,-1,0.006987788153860475
605.25,0.7673030865987585,-0.09281870735913744,10.49550247695035,0.0,-1,-0.02428750103263122
590.54999,-0.5550337412726094,-0.4717185117435019,-4.386528992230538,0.0,-1,-0.002285970743983845
589.20001,-1.2824476767689248,-0.39971081574660583,-5.503475603384487,0.0,-1,0.0005939918432791291
589.54999,-1.510119004786361,-0.20912738125468078,-5.114716782567953,0.0,-1,-0.007632940507725228
585.04999,-1.8731114183962063,-0.19070659828817527,-9.197647904619217,0.0,-1,0.004529561653355607
587.70001,-1.6776800070014133,0.0015749377022058475,-5.872143371062663,0.0,-1,0.00042538709502482064
587.95001,-1.4193243007205183,0.08664354799436702,-5.5450686734024615,0.0,-1,-0.015477557352197469
578.84998,-1.930205255853366,-0.14141246904616023,-14.055385882672134,0.2326089646053333,-1,-0.10909557256959734
515.70001,-7.287292795431995,-1.832833336208263,-35.48333236534633,36.856460648896814,-1,-0.04459957253054925
492.70001,-11.275228832268681,-1.9402564576816506,-38.30475543673169,34.73239287984336,-1,-0.007712644454787032
488.89999,-12.646262781331302,-1.1037634689147566,-38.7076587246802,18.92681020227309,-1,-0.014011045490101237
482.04999,-12.84875785741832,-0.43541951500059106,-39.43654483855373,8.277144339292363,-1,0.0018670677702949945
482.95001,-11.804273907343656,0.20302147835802486,-38.601640868905434,0.0,-1,0.05300751520845792
508.54999,-8.165010773360962,1.2807615374469066,-18.416660147761338,0.0,-1,0.019860446757653083
518.65002,-4.82329247525621,1.5408266118505534,-12.204418551571983,0.0,-1,0.007519463703095752
522.54999,-2.4254947865990744,1.3128747668358964,-9.872000830143257,0.0,-1,-0.015405205538325584
514.5,-1.6953038767206863,0.6810218922380948,-13.049577723018693,0.0,-1,-0.004761924198250722
512.04999,-1.3931005987213894,0.327741723412464,-14.013232346458544,0.0,-1,0.013768167440057821
519.09998,-0.5384080764948749,0.3941447485463262,-9.086401213292348,0.0,-1,-0.008668850266571049
514.59998,-0.44119447567379666,0.16378611645580143,-11.204104931150056,0.0,-1,-0.02011267081666024
504.25,-1.2183198022904094,-0.2044464033869371,-15.736370686410957,0.0,-1,0.007337649975210692
507.95001,-1.197021648741213,-0.06104941661258034,-12.821246770540448,0.0,-1,-0.013584053281148756
501.04999,-1.661622434571484,-0.17521673414761718,-15.950013493751904,0.0,-1,-0.013172298436728735
494.45001,-2.3054526246057208,-0.2730156413939513,-18.74540120096922,0.0,-1,-0.015370613502465158
486.85001,-3.0685800009056834,-0.34538100589797116,-21.716311973234113,0.0,-1,-0.008216082813678027
482.85001,-3.527762022313482,-0.2681876757685897,-23.20574589734934,0.0,-1,0.012115563588783962
488.70001,-2.9758728644912935,0.09456716068453286,-17.435098180935086,0.0,-1,0.00020458358492758677
488.79999,-2.4436072135392806,0.20894427054551512,-17.3343051437002,0.0,-1,0.001943555686243048
489.75,-1.8946729536016278,0.2526261768277225,-16.28825225866968,0.0,-1,-0.014190934150076662
482.79999,-2.04148391083271,0.03527173986554688,-20.068038037776375,0.0,-1,0.014809486636484959
489.95001,-1.348930730212146,0.2426083068287037,-12.108038387740542,0.0,-1,0.00040816409004662546
490.14999,-0.8735782457175674,0.2393202637744274,-11.889540547661746,0.0,-1,0.010303009493073834
495.20001,-0.1422688163270891,0.32354323105496857,-6.329251828950497,0.0,-1,-0.007976595153945998
491.25,-0.09392586693797966,0.12396206014802602,-9.492127402955674,0.0,-1,-0.0020356234096692294
490.25,-0.14526056999858383,0.024209119029140608,-10.30090913205266,0.0,-1,-0.023049444161142185
478.95001,-1.1004887073623308,-0.3103396727782022,-18.258108637193573,0.0,-1,-0.017538406565645648
470.54999,-2.186397050430685,-0.4654160052821854,-22.766689603044444,0.0,-1,-0.008181872451001326
466.70001,-2.8679831344289823,-0.3823340297601612,-24.603706116122993,0.0,-1,-0.011356374301341954
461.39999,-3.41144591522567,-0.3085989368522828,-26.978980090266642,1.2625895619706284,-1,0.021348093223842568
471.25,-2.578055979355213,0.1749303330060581,-14.518271407918775,0.0,-1,-0.012732095490716189
465.25,-2.4465230131403928,0.10215443307362593,-18.021734622471524,0.0,-1,0.03761418592154753
482.75,-0.7185462789379358,0.610043722425361,-1.5319881223720841,0.0,-1,0.03045056447436556
497.45001,1.430321778074756,0.9196372598126843,7.976216134511624,0.0,-1,0.0022112372658309454
498.54999,2.477227325074864,0.6555142689375975,8.611151615332389,0.0,-1,-0.012636626469494039
492.25,2.269245321485357,0.1491774217826971,3.470034810151354,0.0,-1,0.0014220619603859674
492.95001,2.0344847095668115,-0.028527730045282862,3.968522009570421,0.0,-1,-0.006592960612781029
489.70001,1.4767306778103375,-0.19542725393391902,1.1421034468793039,0.0,-1,0.012762915810436759
495.95001,1.5956261054478773,-0.02551060876545974,6.059294926210399,0.0,-1,0.006553079815443397
499.20001,1.7929383104793146,0.05726719875532593,8.473995764396513,0.0,-1,0.009014422896345797
503.70001,2.1171828871217713,0.12717059179926093,11.711094230784894,0.0,-1,0.008040480285080864
507.75,2.4403724348495075,0.15012004650899913,14.479996892980168,0.0,-1,0.013589404234367386
514.65002,2.9736045058093055,0.22778403915626555,18.757015471190016,0.0,-1,-0.0018459340582558381
513.70001,2.9132526658050892,0.05581073305068296,17.513379409651662,0.0,-1,-0.0002920381488800139
513.54999,2.6278040236525158,-0.07654596970063032,17.29979551120742,0.0,-1,0.006815305361022483
517.04999,2.557762700605224,-0.0488624309159742,19.778216750375705,0.0,-1,0.028623905398392768
531.84998,3.542927647364536,0.31210083861444593,27.714240533137158,0.0,-1,0.0029144308701489763
533.40002,3.8694361501304684,0.21286978046012628,28.375051039778896,0.0,-1,-0.0020622983853657573
532.29999,3.6185682223358526,-0.012666049111496491,26.584408178703228,0.0,-1,-0.014089799250231017
524.79999,2.5665869065772995,-0.35488245495668336,15.284931807344904,0.0,-1,0.010384927789347076
530.25,2.280881506483297,-0.21352928501689528,18.980234316872313,0.0,-1,-0.03196607260726081
513.29999,0.5354545142292864,-0.6529854257569687,0.4299471385071385,0.0,-1,0.06672511332018538
547.54999,2.4722864752498026,0.42794884508784925,19.091613320656677,-1.9343592093956659,-1,-0.03250842904772944
529.75,1.7513460828225789,-0.09766384911312476,6.753695964307873,0.0,-1,0.00349217555450676
531.59998,1.3990953797070915,-0.1499715174095373,7.6274829101064086,0.0,-1,-0.025865313237972698
517.84998,-0.03945458682619574,-0.5295071613142749,-0.613157623462385,0.0,-1,0.02297966681392949
529.75,0.2362266454759947,-0.08460864300402815,5.505301606269931,0.0,-1,0.02784332232184994
544.5,1.5835483745041756,0.4209043620080508,11.855814512696426,0.0,-1,-0.010651955922864942
538.70001,1.6419143744761868,0.1597567873266874,8.225010346234697,0.0,-1,0.014479283191400016
546.5,2.1842703432557755,0.23403758536875863,11.593614811962226,0.0,-1,-0.012442799634034718
539.70001,1.706759965707647,-0.08115759739312334,7.131116172491737,0.0,-1,0.018250842722793204
549.54999,2.146606446457895,0.11956296111904141,11.6079250491658,0.0,-1,0.004549176681815537
552.04999,2.3959791496282605,0.12297855476313568,12.706234606923609,0.0,-1,0.019201214005999834
562.65002,3.204336405411027,0.31044527018196755,17.135527687164313,-1.429142540421367,-1,0.00844219289283954
567.40002,3.737320332851482,0.28114306587414095,18.97044993953287,-1.5352242508312202,-1,-0.01189636898497115
560.65002,3.129868935500781,-0.10876944382552,13.382789497410172,0.0,-1,-0.0024079728027122105
559.29999,2.4528183255337126,-0.26194001793086263,12.261840028144924,0.0,-1,0.0003576077303344416
559.5,1.9265589934223044,-0.26273311668075694,12.371386572763797,0.0,-1,0.0010723503127791911
560.09998,1.5528810779147761,-0.21213701072942848,12.731962756080662,0.0,-1,0.0025888413707852997
561.54999,1.3574695303348108,-0.13584951943646462,13.6668801247666,0.0,-1,-0.007034119972115116
557.59998,0.817473795683668,-0.2252817513625358,9.173735655151638,0.0,-1,0.016857999169942683
567.0,1.2626881120510234,0.07331085500160661,15.594076774852525,0.0,-1,-0.007583756613756543
562.70001,1.0217387608971649,-0.055879498717417375,10.739143328394704,0.0,-1,0.005864563606458706
566.0,1.0911183552454986,0.0045000318769721215,13.069924601729845,0.0,-1,0.010689028268551226
572.04999,1.5390474561492056,0.1508097109268931,17.054134360725087,0.0,-1,0.009002744672716556
577.20001,2.063926385255286,0.2252295466776577,20.10467636414012,0.0,-1,0.0032050934995651037
579.04999,2.3085369843703347,0.15661338193090213,21.170129580882318,0.0,-1,0.010534548148425138
585.15002,2.746800035230308,0.19829214426362496,24.49977214606446,0.0,-1,0.012304468519030332
592.34998,3.3370282243911333,0.2628401111414833,27.854088957619467,-2.8656102500658562,-1,-0.01713508963062671
582.20001,2.508225800272271,-0.188654104325793,14.553471935095743,0.0,-1,-0.009962194950838277
576.40002,1.401473271523514,-0.43180221102485006,8.236543866986565,0.0,-1,-0.003903539073437212
574.15002,0.5438075678555379,-0.42982263823094213,5.879583652025609,0.0,-1,0.009666445713961691
579.70001,0.5321565853669199,-0.14715787357318666,10.284921834063034,0.0,-1,0.025444194834497225
594.45001,1.711151378675254,0.3439456399117158,19.328366209922848,-0.12189191828645107,-1,-0.0009252081600603645
593.90002,2.1122203271064564,0.24833819611430608,18.680430786543653,0.0,-1,-0.02054219496406151
581.70001,1.1200689407298796,-0.24793773008742348,5.8219744153385165,0.0,-1,0.004641584929661713
584.40002,0.7556550024808075,-0.20411722277883193,7.766336984966927,0.0,-1,0.0006844113386579309
584.79999,0.5438076164829226,-0.13865486959223894,8.070085707587062,0.0,-1,0.0004274965873374281
585.04999,0.4133999554436514,-0.08968751021050336,8.278480044512392,0.0,-1,-0.01179381269624491
578.15002,-0.2612513713629596,-0.2547796123390382,0.5707573663160019,0.0,-1,0.0543111111541601
609.54999,2.0398580795140333,0.6821099461793183,20.37930487319821,-6.328446115995348,-1,0.02788942708374087
626.54999,4.437091298326436,1.026447721663907,26.13296627895619,-13.440758061202132,-1,0.02737214950717659
643.70001,6.695118632871981,1.0948250187364845,30.400421609833444,-17.854453817310514,-1,-0.001864237970106597
642.5,7.166204914072068,0.5219704333121902,29.298093184971563,-7.232230679476743,-1,-0.005447470817120603
639.0,6.512897645166163,-0.04377894519790537,25.924629560154912,0.0,-1,-0.018935805946791784
626.90002,4.635170873616062,-0.6405019055826688,15.260238912320773,0.0,-1,0.005343722911350213
630.25,3.5892082483729837,-0.5621548436085826,16.69911752871009,0.0,-1,0.05862754462514874
667.20001,5.846293748386984,0.5649768854684725,27.911422740317846,-5.7137719173490495,-1,-0.02285671428572067
651.95001,5.216812019361782,-0.021501614518909307,17.490740855670055,0.0,-1,-0.001150394951293876
651.20001,4.404836819902357,-0.27782560465944517,17.001046050841907,0.0,-1,-0.0007678132560224871
650.70001,3.5901128185141715,-0.36418320201587706,16.64286616024559,0.0,-1,-0.005686199390099955
647.0,2.5752405829438203,-0.4596851458620761,13.836903959821342,0.0,-1,0.04111279752704777
673.59998,4.069866083246666,0.344980118146923,22.93847430721631,0.0,-1,-0.01848272026373865
661.15002,3.440526659794159,-0.09478643510186124,14.49672373139174,0.0,-1,-0.0046132343760649785
658.09998,2.584976393085185,-0.3167789006036119,12.526854079792827,0.0,-1,0.015423218824592633
668.25,2.787621560306775,-0.038044577794007495,16.32936126910336,0.0,-1,0.006434702581369134
672.54999,3.014974847225403,0.06310290304154043,17.864315676954376,0.0,-1,-0.001263816835384901
671.70001,2.8065719200826607,-0.04843334136706723,17.191559646779723,0.0,-1,0.013249917920947984
680.59998,3.2101536298376914,0.11838278946265435,20.584174029683126,0.0,-1,-0.01550101426685313
670.04999,2.2652658488954103,-0.2755016638265424,12.12314228876322,0.0,-1,-0.004327990513065982
667.15002,1.362385637683019,-0.39279395834631137,9.929062490037332,0.0,-1,-0.015888525342471094
656.54999,-0.08592243773011887,-0.6137006779198165,2.411202886685871,0.0,-1,0.003807783166670964
659.04999,-0.5945829389592063,-0.37412039304963474,3.9258263720469486,0.0,-1,0.003034671163563818
661.04999,-0.6326979446604355,-0.13741179958362132,5.193446073267928,0.0,-1,-0.020800242353834708
647.29999,-1.7448639521227278,-0.41652593568197127,-4.391823429517885,0.0,-1,0.009037587039048223
653.15002,-1.6680391265102799,-0.11323370335650784,-0.2651799930667167,0.0,-1,-0.002066952397858146
651.79999,-1.603125953161566,-0.016106843335931265,-1.2142518879118356,0.0,-1,0.01043263286947882
658.59998,-0.8704097037236807,0.23886980203398478,3.7275301703683397,0.0,-1,0.005845779102513937
662.45001,-0.11068160369450197,0.33286596735438784,6.3756351741558674,0.0,-1,-0.004755105973958784
659.29999,0.015904246627997054,0.15315060589229565,3.587689899003955,0.0,-1,-0.018883679946665843
646.84998,-0.9596290154297549,-0.27412755205515216,-5.973660866411606,0.0,-1,-0.006338378490789998
642.75,-1.7090915618395002,-0.3411966994882991,-8.671834370460935,0.0,-1,0.00015555036950587464
642.84998,-1.9330668715576849,-0.18839066973549468,-8.574569661871934,0.0,-1,-0.01578901814697098
632.70001,-2.729796453787003,-0.3283734173216044,-15.100645728961524,1.6821363482783909,-1,0.015015014777698621
642.20001,-2.109011540419374,0.09747049868200808,-5.936414022845625,0.0,-1,0.010277140917515748
648.79999,-1.0728697887007002,0.37787075013356075,-0.45387425914462654,0.0,-1,-0.005163347798448625
645.45001,-0.7445580971162826,0.23539414723932617,-3.0491738196326494,0.0,-1,0.000542226345305874
645.79999,-0.4891907432310063,0.1635871670415342,-2.728560022903295,0.0,-1,-0.008981093356783654
640.0,-0.8040736710191823,-0.050431920248880546,-7.462444149282668,0.0,-1,-0.010000031250000041
633.59998,-1.4278439956616467,-0.2247340816304484,-12.114103821547545,0.0,-1,-0.0013415088807293696
632.75,-1.6915738250110053,-0.16282130365993575,-12.715756156811942,0.0,-1,-0.012011031212959211
625.15002,-2.3158059209348494,-0.26235113319459336,-17.796551033425764,0.38593460685945047,-1,0.005198752133128037
628.40002,-2.1641048088189336,-0.0368833403595592,-13.673725249649635,0.0,-1,-0.0038988063685930774
625.95001,-2.1120796853592765,0.005047261033365835,-15.434378138737074,0.0,-1,-0.0012780413566891857
625.15002,-1.9767263165161921,0.04680020995881673,-16.031689829043252,0.0,-1,0.01711582765365649
635.84998,-0.8526591057183168,0.3902891402522308,-2.5391237955465584,0.0,-1,-0.004167602553042382
633.20001,-0.44040140817617157,0.2675156125981254,-5.065722105579177,0.0,-1,-0.0042640713161075094
630.5,-0.42257327539039125,0.09511458179463528,-7.6198622295177,0.0,-1,-0.003489310071371987
628.29999,-0.5617789360484267,-0.014697026287800008,-9.694071884899067,0.0,-1,-0.0015120324926314321
627.34998,-0.6637343550399919,-0.038884148426455045,-10.618854473933688,0.0,-1,0.012034813486405227
634.90002,-0.030230868282387746,0.19820644611038304,-0.40630549984650344,0.0,-1,0.0033863126984936542
637.04999,0.46820428078660825,0.23221386505979302,2.144620328991273,0.0,-1,0.012086979233764783
644.75,1.3200723319222334,0.3613606387318061,10.166525648001667,0.0,-1,-0.005273392787902398
641.34998,1.352665329829847,0.13131787887980662,5.594328701979066,0.0,-1,-0.0020269588220771517
640.04999,1.14790721796453,-0.024480077661836797,3.8556578973672586,0.0,-1,0.0014061714148296822
640.95001,1.0248708938680693,-0.049172133919432426,4.939710820705912,0.0,-1,0.010297183707041357
647.54999,1.4279451573307824,0.1179673765144269,12.179238670093383,0.0,-1,0.014207412774417616
656.75,2.2771543592847365,0.32239219282279374,19.715276250864292,-4.6931154212383035,-1,0.0010658698134755618
657.45001,2.5703302636546823,0.2051893657309134,20.216988646354878,-1.8905051706221911,-1,0.017035530959988998
668.65002,3.436058193868462,0.35697243198156414,26.992864274303898,-6.586683611567878,-1,-0.011515755282561768
660.95001,2.9409164761528928,-0.04605642857800163,15.593335391716096,0.0,-1,-0.016264467565406338
650.20001,1.5524359109490433,-0.4781789979272837,3.3420697803846835,0.0,-1,-0.007305444366265124
645.45001,0.3329926357679369,-0.5658740910361301,-1.1384756772508666,0.0,-1,-0.0008521031706235638
644.90002,-0.3503108881365051,-0.416392538313524,-1.6608462958349577,0.0,-1,0.023336935235325207
659.95001,0.5913957572558957,0.1751047023596256,11.0121635965182,0.0,-1,-0.017804378849846536
648.20001,0.03379943351410475,-0.12749720712738846,0.30674565327366565,0.0,-1,-0.006093813543754822
644.25,-0.576982847816339,-0.24609316281927746,-2.7875483322400285,0.0,-1,0.00807141637563058
649.45001,-0.4009579178301692,-0.023356077611035864,1.5697337879460846,0.0,-1,-0.011317314476598561
642.09998,-0.892034793017956,-0.17147765093294087,-4.348373894690987,0.0,-1,0.003348419353633947
644.25,-0.8840686645269216,-0.05450384081396886,-2.3941181929486888,0.0,-1,0.00613117578579736
648.20001,-0.47724571157084483,0.11743970404736925,1.1887278425240524,0.0,-1,-0.020826904954845626
634.70001,-1.3590637591286168,-0.25479278117013426,-9.363708506263777,0.0,-1,0.004253993945895873
637.40002,-1.4617166363133265,-0.11914855278494807,-6.763336887222984,0.0,-1,-0.006040210039529148
633.54999,-1.7120691885463657,-0.12316703500599568,-9.569299565807704,0.0,-1,-0.012706163881401
625.5,-2.365405532283944,-0.25883445958119156,-14.86643057142691,0.8783855148574276,-1,-0.0018385611510791655
624.34998,-2.5907915764623795,-0.16140683458654248,-15.58221122581324,0.0,-1,0.010490974949658893
630.90002,-1.9417486338463732,0.16254536934315444,-8.092366719662209,0.0,-1,-0.02496433587052349
615.15002,-2.7679147763844867,-0.22120692439831968,-17.88999944680623,1.3676628352844773,-1,0.009916247747175477
621.25,-2.442006616288154,0.03490041189933768,-11.68407582220253,0.0,-1,0.0004024144869214652
621.5,-2.0547186515492513,0.14072945887941346,-11.428371123246656,0.0,-1,0.0050684151246984666
624.65002,-1.4273464482174631,0.2560338874037338,-8.058874303761371,0.0,-1,0.0009605058525412602
625.25,-0.9447164758666986,0.24622128658483278,-7.3926305731542215,0.0,-1,0.007676913234706095
630.04999,-0.22467595003570295,0.3220872708052762,-2.0801450581678793,0.0,-1,0.018649313842541204
641.79999,1.1332339753827227,0.5599990654079007,8.39465573605149,0.0,-1,0.004985992598722344
645.0,1.984420273476644,0.4703951211672739,10.781559280269903,0.0,-1,-0.009302325581395321
639.0,1.7446450664004942,0.07687330469704134,4.292483273696334,0.0,-1,0.001486713615023616
639.95001,1.5585378739957605,-0.0364112959025642,5.135142030090769,0.0,-1,-0.022970559841072657
625.25,0.11060528829375471,-0.49478129386819003,-8.134688630133724,0.0,-1,-0.014074354258296617
616.45001,-1.3559106119149646,-0.65376573135897,-13.91195369161396,0.0,-1,-0.01719527914355956
605.84998,-2.8595118443597585,-0.7191223212679216,-19.538059982959155,1.8301395500092212,-1,0.0046216721835992125
608.65002,-3.1396831402188354,-0.33309787237566635,-16.49541759760445,0.0,-1,-0.0017251950472294553
607.59998,-3.1056318597967447,-0.09968219731785855,-17.09532611750607,0.0,-1,0.017692561477701263
618.34998,-1.9339702312693134,0.35732647706985743,-5.741992048556838,0.0,-1,0.002749268302717489
620.04999,-1.0453077310664867,0.4153296590908948,-4.132496759555146,0.0,-1,-0.0012095798920986889
619.29999,-0.5763675033762183,0.29475662892705445,-4.772637931436066,0.0,-1,0.004521217576638481
622.09998,-0.0605342642497817,0.27019662268449707,-1.7752329203939325,0.0,-1,-0.00048222152329913115
621.79999,0.17742771066764362,0.16938619920064082,-2.087365863756645,0.0,-1,0.0010453843847761934
622.45001,0.3357913889039992,0.10924995914566549,-1.2881502912822995,0.0,-1,-0.005944268520455154
618.75,0.07865644561354657,-0.04929499471492904,-5.597146317972019,0.0,-1,0.004201987878787783
621.34998,0.16019927016714064,0.010749276612888353,-2.0053314710541557,0.0,-1,0.008690786471096335
626.75,0.6376224099300316,0.16272413879192643,4.742102815896118,0.0,-1,0.00023932987634611713
626.9,0.8356987789840105,0.12026683594863508,4.922613496926921,0.0,-1,-0.009331647790716269
621.04999,0.37759456526237045,-0.11261245925766833,-3.1710603155665993,0.0,-1,0.024313711042809993
636.15002,1.3754120779630057,0.2950683511476557,12.625143501276995,0.0,-1,-0.001886363219795295
634.95001,1.6597023278164897,0.1931195336670466,11.024314789316804,0.0,-1,0.02653749072308842
651.79999,3.0677039254251213,0.5337070437585596,22.136579443530735,-6.441162136658704,-1,0.0009205738097664007
652.40002,3.5660652304439964,0.34402278292581157,22.447394859419063,-3.8832540480859734,-1,0.023758429682451565
667.90002,4.8097404470830725,0.5292326665216294,29.12954538220967,-10.33906320040876,-1,0.0008983081030600193
668.5,5.0807646848123795,0.2667523014169788,29.344992902858493,-3.4520017511441665,-1,-0.005235602094240788
665.0,4.501213079942659,-0.10426643448424766,24.368886786263204,0.0,-1,0.004511278195488799
668.0,4.086336187512643,-0.1730477756380875,25.813507069314966,0.0,-1,0.007934116766467048
673.29999,3.9800355590048184,-0.093116134715304,28.22284974387503,0.0,-1,0.0034903164041337753
675.65002,3.7910514481671953,-0.09403341518430919,29.241617140064534,0.0,-1,0.022348818993596753
690.75,4.638970105401086,0.25129508068319417,34.438885522050796,0.0,-1,-0.012450206297502708
682.15002,3.959683591901239,-0.1426638109388838,22.890274086177726,0.0,-1,-0.010554877649934014
674.95001,2.6900658691595254,-0.470760511226866,14.663330908356741,0.0,-1,-0.003259515471375485
672.75,1.6477506853586874,-0.5043585650092348,12.276920738516054,0.0,-1,0.006837577108881332
677.34998,1.3726122030117267,-0.25983234911873176,15.255832936825996,0.0,-1,0.0014025393490082472
678.29999,1.1998261115872992,-0.14420614684771982,15.874223470962292,0.0,-1,-0.010393616547156315
671.25,0.42594838990953576,-0.3060279561751611,7.443926712317861,0.0,-1,0.0018621973929235924
672.5,0.10768049657815482,-0.2080986165021807,8.490462892074504,0.0,-1,0.05182153159851288
707.34998,2.8437381751977,0.8426530207057881,26.43917292140884,-0.6229643279352786,-1,-0.012935562675777446
698.20001,3.2122913332408416,0.4037353929163099,17.877024103233197,0.0,-1,-0.019550300493407335
684.54999,1.9913753011591098,-0.27239354638847413,7.2479003450347435,0.0,-1,-0.016726331410800266
673.09998,0.26080184335501144,-0.6676556680641909,-0.043291936400677855,0.0,-1,-0.0012627841706368548
672.25,-0.6970500391599899,-0.541835850193064,-0.5626353544079166,0.0,-1,-0.009222774265526201
666.04999,-1.6345559771541502,-0.4931139293957416,-4.404352456304231,0.0,-1,-0.03295549933121389
644.09998,-3.7962634480551287,-0.8849404667655731,-15.079056841715484,5.566403141159412,-1,0.0001553019765658803
644.20001,-4.552426062834343,-0.547034360514929,-15.001999819151344,0.7917041134538749,-1,-0.0067526077809282326
639.84998,-4.9136410316544925,-0.302749776445026,-16.89596248208943,0.254397940311037,-1,-0.002891271482105773
638.0,-4.838943430093309,-0.07601739162794718,-17.72138321228701,0.0,-1,0.009090893416927814
643.79999,-3.9150168434715624,0.28263639833126675,-12.30929409171899,0.0,-1,0.006679077456959837
648.09998,-2.768469646538051,0.47639453175492585,-8.460710698255625,0.0,-1,-0.002160114246570366
646.70001,-2.081154410859881,0.387903255811032,-9.368570826873516,0.0,-1,0.003092624043720127
648.70001,-1.3974005921157868,0.35721902485170887,-7.378015905073838,0.0,-1,-0.004932958148096911
645.5,-1.2057411334008066,0.1829594945222297,-9.775663181827426,0.0,-1,-0.012858233927188212
637.20001,-1.7010988095931907,-0.10413272722338474,-15.387091830881957,0.0,-1,0.01687068397880287
647.95001,-0.9111860802232741,0.22859333404884397,-4.45484425202126,0.0,-1,-0.0018520101573885617
646.75,-0.5402983755196828,0.1998270129174784,-5.380137839102893,0.0,-1,-0.0013916041747198404
645.84998,-0.38483132520798335,0.11843135440972596,-6.122984584446705,0.0,-1,-0.0076642566436248005
640.90002,-0.6875251896180998,-0.061420836666796874,-10.174684270788667,0.0,-1,0.006319222770503341
644.95001,-0.4440791893549658,0.060675054532112416,-5.514368689979406,0.0,-1,-0.0014729978839755908
644.0,-0.3645170901104393,0.046745717925546326,-6.394553681392416,0.0,-1,-0.009937919254658478
637.59998,-0.8276946163124421,-0.13881060275881885,-12.019580562295197,0.0,-1,-0.03630798420037584
614.45001,-2.9194729947206497,-0.7435296603890089,-24.987446039769225,8.061446613405678,-1,-0.005207925702531924
611.25,-3.988740267698063,-0.6042656444554741,-26.23376041561246,7.326228825440239,-1,-0.007607394683026625
606.59998,-4.578480548545258,-0.39800197510088964,-28.00340480819872,6.947408380574075,-1,0.001978255917515881
607.79999,-4.391809809923416,-0.0704437454930158,-26.372788740643635,0.5420781463815274,-1,0.013326801798730026
615.90002,-3.2574877897855004,0.3546260915482997,-16.021739531706345,0.0,-1,-0.012826789646800174
608.0,-3.0772044639011256,0.1783031391442247,-20.373151787181655,0.0,-1,-0.03593746710526313
586.15002,-4.551460762300508,-0.4319843864183861,-28.74014934641318,6.626827565463486,-1,-0.007677215467808085
581.65002,-5.284300514641814,-0.38827471291989735,-30.03067470272871,2.598201316101836,-1,-0.00455603869832244
579.0,-5.431197014592385,-0.1783904042901563,-30.79353987815078,0.0,-1,-0.0007772193436960118
578.54999,-5.089546346684983,0.05442008787241548,-30.93098934616497,0.0,-1,-0.006136012550963743
575.0,-4.790424650507589,0.11784726134993662,-32.05653838140533,0.0,-1,0.0027825739130433735
576.59998,-4.1083300815431585,0.2666472767714554,-29.70071150595552,0.0,-1,0.018210198342358597
587.09998,-2.5499219569322804,0.608351800460778,-15.90403658896821,0.0,-1,-0.014137268408695891
578.79999,-2.249890231549216,0.302794508614614,-20.403838376318767,0.0,-1,-0.026693175996772234
563.34998,-3.199884349562012,-0.21573320313272726,-26.7501254989163,0.0,-1,0.05218784244920016
592.75,-0.9582227127715441,0.6753094778859137,-2.808087437232132,0.0,-1,0.020919477013918275
605.15002,1.2757949983547405,0.969775729670733,3.9272371414593152,0.0,-1,-0.02222591019661546
591.70001,1.1656534373881868,0.2865447229013932,-3.257741703290179,0.0,-1,-0.013013368041011275
584.0,0.3717773704559022,-0.16911044801029718,-6.909678324569349,0.0,-1,-0.01164381849315066
577.20001,-0.6228079438815257,-0.38789858744924177,-9.97790758106882,0.0,-1,0.02139636137566936
589.54999,-0.0390349390601159,0.06529147245738937,-2.4424972614481533,0.0,-1,-0.007124094769300204
585.34998,-0.09389635839443145,0.003476684374357941,-4.5979221088765385,0.0,-1,-0.0004270949150796399
585.09998,-0.13433570486199642,-0.012320887364402344,-4.7336086874809595,0.0,-1,0.012562006924013325
592.45001,0.46914176397604024,0.19705219382454475,0.1345783082708394,0.0,-1,-0.012237319398475499
585.20001,0.12761868473035065,-0.04815696180704829,-4.318496057680747,0.0,-1,0.004699248039999215
587.95001,0.17538892137997664,-0.0001289083858074247,-2.358470602702795,0.0,-1,-0.01785866114705903
577.45001,-0.6903417037435702,-0.2886198445031182,-8.683361656012195,0.0,-1,-0.0048488872655833015
574.65002,-1.2990110409933777,-0.299096393917642,-10.247088764432718,0.0,-1,0.010528129799769248
580.70001,-0.9909289562020831,0.00299523029121751,-5.228782919619057,0.0,-1,-0.007491010719975821
576.34998,-1.116813000789648,-0.040962938098782375,-8.022200216130123,0.0,-1,0.009109048637426786
581.59998,-0.6491872730175601,0.1422209298911018,-3.5423938407407505,0.0,-1,-0.00171939483216621
580.59998,-0.4446088030467763,0.11559979995396186,-4.2893254988130565,0.0,-1,0.0024113331867494647
582.0,-0.18860050114074056,0.12386936728666587,-2.9646726972934303,0.0,-1,0.013659810996563548
589.95001,0.6176211915740168,0.3100303533338078,4.101398303630511,0.0,-1,0.003983354454049293
592.29999,1.165095271966834,0.28583481124220833,6.028127361762337,0.0,-1,0.030390005578085466
610.29999,2.8417410394993112,0.6541601929248952,17.602520814103485,-5.6455082621799875,-1,-0.004260167200723641
607.70001,3.226587169973982,0.3463354411331885,14.862390464279386,-2.3399720801662625,-1,0.01028467977152081
613.95001,3.670961304380171,0.26356985851312587,18.294851562976234,-3.905482688998177,-1,0.013030376854297865
621.95001,4.25390159621827,0.2821700501170752,22.162375763580727,-5.36956764280751,-1,-0.0017686791258353374
620.84998,4.099210775785764,0.04249307656152279,20.842093858690987,0.0,-1,0.0011275026537007626
621.54999,3.7385986342540036,-0.10603968832341248,21.214474601845552,0.0,-1,-0.01850213206503315
610.04999,2.2884093439670323,-0.5187429928701279,7.751394170742763,0.0,-1,0.019998377510013654
622.25,2.389281420159591,-0.13929030555918986,15.450463466915792,0.0,-1,0.016231386098834788
632.34998,3.082275673242634,0.18456798250795092,20.410464937897387,0.0,-1,0.0027674548198768356
634.09998,3.3177498270139267,0.1400140454264145,21.206280405398857,0.0,-1,-0.0025232298540680542
632.5,3.025676084981683,-0.05068656553527662,19.312541701599244,0.0,-1,-0.009644237154150082
626.40002,2.1191678735503956,-0.31906492565552114,12.29440032947764,0.0,-1,-0.006625191359349025
622.25,1.1434814450389013,-0.4315837847223385,7.865373440539813,0.0,-1,0.002571281639212497
623.84998,0.6936797770299563,-0.29379515091042785,9.110721113979316,0.0,-1,0.004889060026899594
626.90002,0.6651422949396419,-0.10744421100024737,11.519728146334565,0.0,-1,-0.0008773966859979554
626.34998,0.5496083626495647,-0.07432604776344154,10.801946534405957,0.0,-1,0.011175860498949808
633.34998,1.0293740329503862,0.13514654084579336,16.353110987981154,0.0,-1,0.002210499793494858
634.75,1.3001440320215352,0.13530551330564755,17.379710592798162,0.0,-1,-0.004489925167388664
631.90002,1.089685362221985,-0.025051052164634102,13.029923312950132,0.0,-1,-0.012343788183453608
624.09998,0.24364558047045648,-0.29036361130538757,2.686770034881455,0.0,-1,-0.0027238584433216806
622.40002,-0.3413414421112293,-0.2917835446290245,0.6731235837134619,0.0,-1,0.011246786270990183
629.40002,-0.02205649989275571,0.00916713252981637,8.014792249243108,0.0,-1,0.008261772854725846
634.59998,0.5727540128742703,0.20132588176561417,12.608312963359559,0.0,-1,-0.0010242200133695478
633.95001,0.7682656015182374,0.1322791568031938,11.671219925154766,0.0,-1,-0.019638788238208305
621.5,-0.23550157095303348,-0.2904960052226924,-3.2281821101500157,0.0,-1,-0.00482703137570395
618.5,-0.9677600262758688,-0.34091815351517596,-6.0697560405927575,0.0,-1,-0.008973306386418689
612.95001,-1.7157417517476006,-0.36296662632896926,-10.946830963302162,1.8716872174512673,-1,-0.013622693309035205
604.59998,-2.642589968504467,-0.42993828102861187,-17.06007513300255,5.8329129238361475,-1,0.001736751628738098
605.65002,-2.798294912840902,-0.1952144084550156,-15.624723700485369,1.2438053858347757,-1,-0.006769635704792165
601.54999,-2.984625308939144,-0.1271816015177527,-18.54560697675851,1.45056050391986,-1,0.007314471071639517
605.95001,-2.462403397909952,0.1316801031704795,-12.239528050915837,0.0,-1,-0.007921429030094407
601.15002,-2.3960913259028302,0.06599739172586716,-16.027842943738946,0.0,-1,-0.011561190665850818
594.20001,-2.74242851274073,-0.09344659837067759,-20.749032898966828,0.0,-1,0.0008414675051924281
594.70001,-2.6453947300979053,0.0011957280907157752,-19.97172514817505,0.0,-1,-0.0115184628969488
587.84998,-2.947264111268396,-0.10022455102659178,-24.274225451386368,0.0,-1,-0.021689207168128166
575.09998,-3.9150934592479416,-0.3560179663353793,-30.154815137651074,2.966645966294095,-1,0.014867049725858283
583.65002,-3.3602470116336463,0.06627616042630535,-18.489605785404844,0.0,-1,-0.012507564036406738
576.34998,-3.411139870190368,0.005127767289861307,-22.312259981517762,0.0,-1,-0.018131275028412275
565.90002,-4.023154643619591,-0.20229566871312077,-26.790642390943166,0.0,-1,-0.01917305109831957
555.04999,-4.898068310032613,-0.3590697783753809,-30.440424184765963,1.2711382676078529,-1,-0.0048644447322664375
552.34998,-5.152353617403037,-0.20445169524860152,-31.255448846163056,0.0,-1,-0.0034397937336757556
550.45001,-5.00846430297122,-0.02018746027226115,-31.84687638713391,0.0,-1,-0.019802016172186132
539.54999,-5.427482620507817,-0.14640192593628587,-34.88655699725555,0.0,-1,0.01668056744843982
548.54999,-4.4347015609004075,0.28212637789037487,-23.582737042151248,0.0,-1,0.020235220494671857
559.65002,-2.6437500676884156,0.6910259570341224,-12.227243611212714,0.0,-1,0.0033949252784801764
561.54999,-1.3696309821083332,0.6550483475380684,-10.452941412598278,0.0,-1,-0.009972362389321643
555.95001,-1.0851005241426037,0.31319293516793256,-13.830385225299416,0.0,-1,0.01996578793118453
567.04999,0.07258808185213184,0.49029384705422274,-3.7251820042729236,0.0,-1,0.005555101059079526
570.20001,0.9078850446952629,0.44186360329911806,-1.170785699703373,0.0,-1,-0.001402998923132226
569.40002,1.183210605725435,0.23906305477643008,-1.817229665914219,0.0,-1,-0.006673761620170082
565.59998,0.9056025024301562,-0.012848349506282886,-4.964047499871938,0.0,-1,-0.009193706124246859
560.40002,0.25800157558001047,-0.2201497587854762,-9.032153810547847,0.0,-1,0.009368308016834082
565.65002,0.35020098085658447,-0.04265011783630074,-3.6006534056778037,0.0,-1,-0.0009724033953010247
565.09998,0.3212806017567118,-0.02385683231205782,-4.092362892937345,0.0,-1,-0.0015041232172755548
564.25,0.2092153620604904,-0.04530735733609309,-4.912756619329485,0.0,-1,0.025166167478954504
578.45001,1.3190822953739598,0.3548531919924589,8.76561375797489,0.0,-1,-0.028697432298428138
561.84998,0.38075640408283107,-0.19449089976622336,-5.59994029854272,0.0,-1,-0.019756127783434274
550.75,-1.0451345752362613,-0.5401272930284386,-12.424500654045382,0.0,-1,-0.0016341715842034255
549.84998,-1.7459871836261982,-0.4136599671394585,-12.937728967414714,0.0,-1,0.00045466947184391593
550.09998,-1.930081222518993,-0.19925133534408435,-12.673527439983864,0.0,-1,-0.02844931934009509
534.45001,-3.165452306755469,-0.4782074731935202,-21.109126356022585,2.2566576954449147,-1,0.03274394175799533
551.95001,-2.0610168233107515,0.20874267008373248,-5.519756663688071,0.0,-1,0.005978784201851939
555.25,-1.0620485129791177,0.40257032680512217,-3.0815051208154003,0.0,-1,0.013867645204862722
562.95001,0.16760718493503646,0.5440753415730921,2.3444993364865283,0.0,-1,0.011102229130433905
569.20001,1.2893011018140896,0.5552564194840486,6.367017688421875,0.0,-1,0.00439212922712362
571.70001,1.951039635102461,0.4056649842574733,7.9447128096675215,0.0,-1,0.0017491691140603116
572.70001,2.2026555988214795,0.21909364932549735,8.609867236627032,0.0,-1,0.03631917170736565
593.5,3.8782414474458164,0.6315598326499448,19.68931755076396,-5.271156160652708,-1,0.008171828138163306
598.34998,4.797012584470849,0.5167769898916594,21.655079609346558,-4.280639007098216,-1,0.004763148818021312
601.20001,5.094149604277504,0.2713046698994379,22.80658495739854,-1.31882976422321,-1,-0.008316699795131388
596.20001,4.401538980491068,-0.140435317962333,17.464120469918967,0.0,-1,-0.010231516098096138
590.09998,3.1801029202235895,-0.45395712607660377,11.360604696076592,0.0,-1,-0.01550579615339076
580.95001,1.5418788134045371,-0.697393744298552,3.320742793964939,0.0,-1,-0.0024959290387137623
579.5,0.4734426922112789,-0.5886099551639368,2.1183173380334352,0.0,-1,0.01975842968075936
590.95001,0.8539385739303498,-0.06937135781495529,10.027257293868573,0.0,-1,-0.0032151958166478645
589.04999,0.814689966962419,-0.036206654927628645,8.253157117685852,0.0,-1,0.007130141874716056
593.25,1.0771756662315966,0.07542634811384974,11.078485984432248,0.0,-1,0.0030341171512853204
595.04999,1.2686530436801604,0.0889679085208046,12.293656022809984,0.0,-1,0.009579043938812593
600.75,1.7336714787644496,0.18466211453503134,16.02580923497088,0.0,-1,-0.018227232625884326
589.79999,0.9092072397429547,-0.2132673748288212,4.509493253987365,0.0,-1,0.010766412525710756
596.15002,0.9503770169202426,-0.05736586588384451,9.105526986240264,0.0,-1,0.013083938167107734
603.95001,1.5417629874322074,0.1780067015427067,14.061191186410113,0.0,-1,0.0056295553335614645
607.34998,1.9923065570689005,0.2095167570598,16.05356123556912,0.0,-1,0.02231010199424066
620.90002,3.1807227954647033,0.46597766515186745,22.74445555770636,-3.4715246068120678,-1,0.004429054455498349
623.65002,3.7390373483739268,0.34143073935369683,23.904322406246692,-2.1648316569472854,-1,0.014591485140976967
632.75,4.464939845797403,0.35577774559239117,27.43497036828299,-5.491874749302383,-1,0.002370604504148499
634.25,4.580812774026072,0.15721689127368688,27.98060206382334,-2.1496966473916927,-1,0.0020496491919590465
635.54999,4.365347340304766,-0.01941618081587304,28.481649565714804,0.0,-1,0.003933600880081878
638.04999,4.102169011752153,-0.09419816978949491,29.47939798033235,0.0,-1,0.013635310926029431
646.75,4.353733263163235,0.05245536054052913,32.5991481296586,0.0,-1,0.003324344800927692
648.90002,4.295872616938482,-0.0018017618947414604,33.296446773282725,0.0,-1,-0.020033902911576473
635.90002,2.8256195757479645,-0.49068493436175276,15.628081724631144,0.0,-1,0.0023588613820140214
637.40002,1.9800247571737373,-0.44542658431199333,16.538050570177703,0.0,-1,0.010276105733413754
643.95001,1.938057784788839,-0.16246451889896374,20.346946003758333,0.0,-1,0.04480158327818007
672.79999,4.159734483197212,0.68640405983647,30.955869700056752,-2.644962847340139,-1,0.015383516875498326
683.15002,5.786430792135093,0.7710334562581167,33.33280804770904,-3.767923546729662,-1,0.029568849313654333
703.34998,7.800906380592664,0.9285030149052291,36.883037621114866,-10.817984375265155,-1,-0.009241487431335349
696.84998,7.616401976438851,0.24799953691713839,30.734478118899318,0.0,-1,0.0005023032360567115
697.20001,6.918618776325275,-0.14992788773214638,30.815711304950113,0.0,-1,0.026247833817443444
715.5,7.518174778241473,0.14987603806135041,34.59016270122703,0.0,-1,-0.0026555136268344715
713.59998,7.033103214346056,-0.11173184194468888,32.71281063360013,0.0,-1,-0.008688284996868911
707.40002,5.687812164536126,-0.4856742972515393,26.55288284817547,0.0,-1,0.004947695647506523
710.90002,4.83284895925317,-0.4468791675114989,27.59929132116342,0.0,-1,-0.04402875104715864
679.59998,1.3942932766739204,-1.2951449500302497,3.7595416698478132,0.0,-1,0.024499735859321303
696.25,0.946325995661482,-0.5810374103475628,10.865616679837608,0.0,-1,0.02025131777378819
710.34998,1.8184801888502307,0.09703892761372868,15.809560912215758,0.0,-1,-0.011191610084932968
702.40002,1.4405206030404543,-0.0936402193986825,10.9831029845325,0.0,-1,7.11702713220852e-05
702.45001,1.135663259882108,-0.13283252085234287,11.003085284037986,0.0,-1,-0.024841639620732603
685.0,-0.5655715166873279,-0.6113557658072596,0.8936602318154314,0.0,-1,0.001970773722627772
686.34998,-1.2565596119146676,-0.4341146203448665,1.5833574453946184,0.0,-1,0.004443855305423128
689.40002,-1.243170358535508,-0.14024178898856898,3.232289306205594,0.0,-1,-0.005367000134406719
685.70001,-1.4412123686346376,-0.11276126636256611,0.8958975227791797,0.0,-1,0.03631321224568729
710.59998,0.6548651570353741,0.6611054197691486,13.029279232763201,0.0,-1,0.01963131212021718
724.54999,2.8108326567841004,0.9390243065059585,17.957829552704183,0.0,-1,0.002001255979590999
726.0,3.775414518593152,0.6345353894383368,18.443678888359884,0.0,-1,0.004132231404958775
729.0,4.1930875729482295,0.35073614793113794,19.506581677046512,0.0,-1,-0.004595308641975215
725.65002,3.7733351357134097,-0.023005429767894103,16.718337241901892,0.0,-1,0.019155198259348083
739.54999,4.4073451557865155,0.20366819676840375,21.912818801728974,0.0,-1,0.003448029253573459
742.09998,4.569570569507505,0.12196453682979769,22.778834982539223,0.0,-1,-0.0070070881823766085
736.90002,3.8365557289090475,-0.2036834345895535,18.026418707245114,0.0,-1,0.0024426515825035633
738.70001,3.300334497867425,-0.2466348885437255,18.80976818429542,0.0,-1,0.008934587668409488
745.29999,3.307194340857677,-0.07992501518449124,21.64046524536238,0.0,-1,0.01804643791824012
758.75,4.155858900614703,0.2562465148575117,26.474881943034063,0.0,-1,6.58978583194525e-05
758.8,4.238036272108616,0.11280796211714161,26.491434915343277,0.0,-1,-0.009159225092250867
751.84998,3.346786935179921,-0.2594804582705179,18.99374559779619,0.0,-1,-0.017889153897430288
738.40002,1.5014333554505583,-0.7016113459999604,6.983401927443111,0.0,-1,-0.003521153750781436
735.8,0.23696878596501847,-0.6553586384951668,4.929569103300288,0.0,-1,-0.04471323729274257
702.9,-3.1566775642749008,-1.3496683295783622,-13.54432813715048,0.0,-1,-0.00391236306729259
700.15,-4.819610942371924,-1.0042005692251283,-14.648543855880611,0.0,-1,0.020567021352567272
714.55,-4.04944338622272,-0.0780110043586415,-4.962572906812781,0.0,-1,-0.012805262053040334
705.4,-4.089405992629622,-0.03932453692184801,-9.270869971973568,0.0,-1,-0.005741423305925641
701.35,-4.106103463113982,-0.018674002468736184,-11.100919422388458,0.0,-1,-0.0034932629927996173
698.9,-3.976443576429915,0.03699529473844354,-12.241283342465117,0.0,-1,-0.0001430819859780108
698.8,-3.5885766683854854,0.1416207342609579,-12.291417733317758,0.0,-1,0.003863766456783102
701.5,-2.8705951586644005,0.2865340813273476,-9.905230511067764,0.0,-1,0.013684960798289403
711.1,-1.4723881405818702,0.5615803664699595,-2.0310738819811363,0.0,-1,0.02306286035719296
727.5,0.7160810468411682,0.9166831846309994,8.358462486572847,0.0,-1,-0.009347079037800632
720.7,1.1839755533160314,0.4615258970352877,3.4421461053049427,0.0,-1,-0.005758290550853418
716.55,0.9734248437771384,0.08365839583213153,0.554194875956803,0.0,-1,0.018142488312050897
729.55,1.870364085359597,0.32686587913819665,8.381998658167902,0.0,-1,0.0008909601809334866
730.2,2.2171366990374963,0.2245461642720319,8.744839572823494,0.0,-1,-0.01670775130101343
718.0,1.189094947623289,-0.2678318623807252,-0.29285776401447805,0.0,-1,-0.010863509749303613
710.2,-0.0740171737190849,-0.5103146612410331,-5.190127669735936,0.0,-1,-0.011194029850746356
702.25,-1.3619051365803898,-0.5994008747007793,-9.687929959683714,0.0,-1,0.009327162691349145
708.8,-1.346523689962737,-0.19467314269437552,-4.664888284089727,0.0,-1,-0.004161963882618469
705.85,-1.4724559924902678,-0.10686848174063535,-6.496942218101836,0.0,-1,0.006021109300842875
710.1,-1.0585508110465298,0.10234556656770089,-3.0642861240115735,0.0,-1,0.010139416983523386
717.3,-0.16338565273747463,0.33250357495891875,2.3817423703188396,0.0,-1,0.008852641851387233
723.65,0.8269790641452346,0.44095609728054275,6.733166494242205,0.0,-1,0.0002763767014442031
723.85,1.2699131672411568,0.294630066792155,6.871090592120424,0.0,-1,0.023140153346687953
740.6,2.781387454852279,0.6020347848010923,16.737904758195967,-1.9502546981651676,-1,-0.035579260059411366
714.25,1.1095089774202052,-0.35661456421032733,-2.326047146866536,0.0,-1,0.017570878543927027
726.8,1.2269439905857098,-0.07972651701494082,4.545270703227622,0.0,-1,-0.0009631260319206136
726.1,1.1250828312863632,-0.0605292254380958,4.104948180528311,0.0,-1,0.022517559564798173
742.45,2.3428953490295044,0.3857610974350152,12.054630782952259,-0.3449979191283319,-1,0.004579432958448315
745.85,3.0398936621486428,0.3609198035180512,13.514852107727158,0.0,-1,-0.023664275658644485
728.2,1.6642350135291508,-0.3382462817004801,1.977664640865818,0.0,-1,-0.0061109585278770195
723.75,0.4668861047586006,-0.5118650634903436,-0.539192981125602,0.0,-1,-0.012297063903281447
714.85,-0.9123621916897946,-0.6303711199795797,-5.344332052372728,0.0,-1,-0.007554032314471493
709.45,-1.975956157273231,-0.5646550285210052,-8.089262296939886,0.0,-1,0.012403974910141669
718.25,-1.609756793625479,-0.06615188829108454,-2.2713780622232207,0.0,-1,0.03362339018447602
742.4,0.7199892876672038,0.7545313976671997,9.957408052618575,0.0,-1,-0.020676185344827624
727.05,0.545696554341248,0.19341288811374796,1.4557766418713172,0.0,-1,-0.0094904064369713
720.15,-0.1619245251835082,-0.17140273047033613,-1.9473269903443295,0.0,-1,0.004929528570436714
723.7,-0.20640802118055035,-0.07196207548912609,-0.054877937692943135,0.0,-1,-0.017755976233245874
710.85,-1.2822824340806847,-0.3826121627964202,-6.437588738828005,0.0,-1,0.00900330590138565
717.25,-1.1800294376906777,-0.09345305546880445,-2.709908211048507,0.0,-1,-0.011920529801324409
708.7,-1.7430671530215704,-0.21883025693323233,-6.932362128851906,0.0,-1,0.004233102864399596
711.7,-1.6293304146017817,-0.03503117283781454,-5.017198589962483,0.0,-1,-0.004496276521006148
708.5,-1.7033511775084662,-0.036350645248166336,-6.741848054170987,0.0,-1,-0.004446012702893354
705.35,-1.8609156275027772,-0.06463836508082577,-8.482852623344677,0.0,-1,-0.007584886935563917
700.0,-2.230454883541256,-0.14472587370643497,-11.41352815614934,0.0,-1,-0.021357142857142963
685.05,-3.475186604598889,-0.4631525315880225,-18.350264907895436,3.670147142429869,-1,0.013064739800014769
694.0,-3.06212024807769,-0.016695391688941186,-11.049902041266392,0.0,-1,-0.005043227665706085
690.5,-2.89207704914395,0.05111593574826623,-12.777384442641008,0.0,-1,-0.014627081824764687
680.4,-3.4077156955817145,-0.15484090356316615,-17.411625270284162,0.0,-1,-0.00881834215167554
674.4,-3.8815587108355203,-0.20956130627232383,-19.88632672411682,0.07528337808332708,-1,0.020462633451957313
688.2,-2.6450169925594764,0.34232680400124016,-8.528114656984293,0.0,-1,-0.004940424295263091
684.8,-2.0896613840415057,0.2992274708397371,-10.294656923729093,0.0,-1,-0.003504672897196248
682.4,-1.8378451311124309,0.1836812412562705,-11.578278157346396,0.0,-1,-0.0027110199296600523
680.55,-1.7129499103884882,0.10285882066007113,-12.613470543101876,0.0,-1,-0.033575784292116495
657.7,-3.4119231408274118,-0.5320381365929507,-22.705717924717344,2.7390094228655926,-1,7.602250266081079e-05
657.75,-3.972916160978002,-0.36434371891451356,-22.65803118278252,0.0,-1,-0.02668187001140243
640.2,-5.38483632430507,-0.592087960747194,-28.22737964112626,6.545318349091076,-1,-0.009684473601999422
634.0,-6.158726712276575,-0.45532611623956676,-29.83932987820409,4.499954911586428,-1,0.025630914826498374
650.25,-4.678278013572594,0.34170752748813804,-15.67864438841223,0.0,-1,-0.010918877354863521
643.15,-4.139863829756223,0.2933739037681695,-18.399605716978034,0.0,-1,-0.010339734121122546
636.5,-4.079834752035026,0.11780099382978904,-20.8080767738091,0.0,-1,0.008326787117046264
641.8,-3.2681673171714465,0.3098228095644564,-16.331167565787744,0.0,-1,-0.013244001246494275
633.3,-3.298319656642093,0.09322349003126984,-19.740418387949237,0.0,-1,0.002131691141639136
634.65,-2.926035854990573,0.15516909722759653,-18.516095863838334,0.0,-1,-0.01276294020326163
626.55,-3.171057632915563,-0.02995089356579772,-21.814784957062038,0.0,-1,0.009576250897773475
632.55,-2.529313719135075,0.20393100673822984,-16.11357340554094,0.0,-1,0.00379416646905395
634.95,-1.7976656189836149,0.31185970229656323,-13.860360952219835,0.0,-1,-0.012914402708874784
626.75,-1.9653694339925778,0.04805196242919996,-18.00049897072073,0.0,-1,-0.0035101715197447536
624.55,-2.068773888664282,-0.018450830747501534,-19.05721131104854,0.0,-1,-0.0016011528300375888
623.55,-2.031411625278224,0.00630381087951859,-19.564814492839112,0.0,-1,0.00040093015796638376
623.8,-1.8226128581453622,0.07170085933746018,-19.249257719941674,0.0,-1,-0.0020038473869830042
622.55,-1.6704957364000848,0.07460599369424581,-20.0051536570645,0.0,-1,-8.031483414983054e-05
622.5,-1.4593958641606832,0.09523528864454911,-20.03788744922031,0.0,-1,0.006265060240963738
626.4,-0.9072296060277267,0.2158005155925018,-13.98605230606126,0.0,-1,-0.007183908045977017
621.9,-0.9305440097921291,0.06416203727603309,-17.577771015922266,0.0,-1,-0.00723589001447178
617.4,-1.2396558775250242,-0.0816499434856206,-20.812151859394955,0.0,-1,-0.0005668934240362633
617.05,-1.3200738215977026,-0.05402262918609968,-21.061631637503442,0.0,-1,0.00024309213191808787
617.2,-1.2377766418342162,0.009424850192462308,-20.773570228368015,0.0,-1,0.004779650032404215
620.15,-0.8476466651329702,0.1331849422979028,-15.01454865755862,0.0,-1,0.004595662339756501
623.0,-0.3444444546879595,0.21212905091430456,-9.791795166593865,0.0,-1,-0.027367576243980674
605.95,-1.4849729782414443,-0.30946649087972666,-23.788333199280114,2.9505458523856305,-1,0.022939186401518263
619.85,-0.7731561584980682,0.1341167762878831,-6.0990771166602755,0.0,-1,-0.002984593046704842
618.0,-0.5069847354182002,0.1334293997892504,-7.602150273529119,0.0,-1,-0.009385113268608358
612.2,-0.8149836292601549,-0.05818983135090139,-12.119985255907146,0.0,-1,-0.005798758575628948
608.65,-1.196901107076087,-0.14670243638894465,-14.679574681632054,0.0,-1,-0.014129631150907818
