close,MACD,MACDandSIG,RSI,Bollinger,Fibonacci,Percent
0.78125,0.00015844837758693942,0.0004688545345258855,7.2250042599772115,0.0,1,0.03750000639999995
0.81054688,0.003185295313617109,0.001165233823518685,21.36943764322953,0.0,1,0.03602408536814061
0.83974609,0.0068665450054974375,0.0016154945051330043,29.043451206074153,0.0,1,0.00011629705831683879
0.83984375,0.008143096100979519,0.0009640152002050283,29.064304908763802,0.0,1,0.023255813953488413
0.859375,0.009730384473638831,0.0008504345242881135,32.855377864128286,0.0,1,-0.02659090618181814
0.83652344,0.007808866620498622,-0.0003570277762840312,17.06731101975673,0.0,1,0.06233948447397952
0.88867188,0.010543072142220278,0.000792392581812542,27.795596531286293,-0.019712586103304508,1,0.038131858071170255
0.92255859,0.013855478057896109,0.0013682661658294577,32.023726846547945,-0.02781533725452423,1,-0.011326337550008558
0.91210938,0.013486290344242646,0.0003330261507253317,27.000157415602416,0.0,1,0.049250529580125546
0.95703125,0.015921328125395706,0.0009226879772927972,32.20588245988888,-0.01744286264578132,1,0.03775509942857136
0.99316406,0.018823137172189308,0.001274832341362133,35.19971693466135,-0.021533044616752872,1,0.009439528047360035
1.00253906,0.019486696931236946,0.0006461307001365893,35.88438213194249,-0.002475400931795102,1,0.002824857517272239
1.00537109,0.018430587899824324,-0.00013665944375867642,36.100206580692316,0.0,1,-0.020689654006263436
0.98457031,0.014633252725799406,-0.0013113315392611971,26.548583664901315,0.0,1,-0.015869867130159587
0.96894531,0.01021306407830369,-0.0019105067289189714,20.061489017641748,0.0,1,-0.0077605308807366935
0.96142578,0.006525253581363799,-0.0018661057419529538,17.024288614891873,0.0,1,0.009649574822093943
0.97070313,0.004910689701113635,-0.0011602232074010392,18.87401674236962,0.0,1,0.00603621212182559
0.9765625,0.004182464452562318,-0.0006294828186507858,20.052853441608306,0.0,1,-0.049999994880000065
0.92773438,-0.0005991968760934441,-0.0018037147157688495,1.8649976713526328,0.0,1,0.0021052577570748188
0.9296875,-0.0027773344674135725,-0.0013272841023629928,2.4140963606060453,0.0,1,-0.014705876974789978
0.91601563,-0.00477428122412249,-0.00110807695302397,-1.8573583889376195,0.0,1,0.007462678338796547
0.92285156,-0.0048052370004667555,-0.0003796775764560783,0.3887714941328895,0.0,1,0.01587301862501045
0.9375,-0.0031995751386000304,0.00040866142847021574,5.026762366884519,0.0,1,-0.02812500266666662
0.91113281,-0.004327378779449997,-0.00023971407079325085,-3.6411165907430743,0.0,1,0.02893890957565226
0.9375,-0.0023333998682540935,0.0005847549468008845,4.348898956228709,0.0,1,0.008229162666666623
0.94521484,-0.0004990570903016245,0.0008063659082511178,6.457450558461005,0.0,1,-0.010228320156293824
0.93554688,-0.0003459609438003497,0.0003198206849174643,3.0459118118556177,0.0,1,0.0020876773166087492
0.9375,-7.782279189960661e-05,0.0001959862789394025,3.6742637348850877,0.0,1,-0.02395833599999997
0.91503906,-0.0018090134832909888,-0.0005117348041506599,-4.163581817478686,0.0,1,0.02454642755905967
0.9375,-0.0006521127053791265,0.00021505532458706753,3.3977003345694214,0.0,1,-0.004166666666666652
0.93359375,-0.0003448404243082681,0.00017410920188597537,1.995080675094684,0.0,1,0.0014644378242676392
0.93496094,-4.8535081747069775e-05,0.00015680484814905793,2.4804983375912997,0.0,1,0.002715685641370147
0.9375,0.0003152505130125105,0.00017353014763621277,3.4517565600772997,0.0,1,-0.0031250026666665986
0.93457031,0.00022673160097452794,2.83370785327434e-05,2.086867765109524,0.0,1,0.012957163169456942
0.94667969,0.0011726928448743124,0.0003247661074775093,7.1159507552821495,0.0,1,-0.01175984878264369
0.93554688,0.0006202148964180587,-7.590394699291474e-05,1.5850199858347338,0.0,1,-0.01336116903088802
0.92304688,-0.0007493753191782915,-0.0004818313875297551,-3.975239453363251,0.0,1,0.007194239148503367
0.9296875,-0.0008183374837116286,-0.00018359785068769745,-0.7464954345571897,0.0,1,0.02111344941176463
0.94931641,0.0008511187243309681,0.0004952861191182999,7.5862923369409785,0.0,1,0.03477008261133929
0.98232422,0.004365571101324739,0.0013365794987040239,17.5439632568484,-0.01685514609527705,1,0.00407595569617536
0.98632813,0.00609265886471122,0.0010212224206968355,18.539466547613273,-0.011035814293370638,1,-0.007920792039055047
0.97851563,0.005797439507678526,0.00024200102122138006,14.265894920909815,0.0,1,-0.0019960130836131906
0.9765625,0.005003949036855637,-0.00018382981653383614,13.171757583622203,0.0,1,0.005799997440000038
0.98222656,0.004662213048372887,-0.0001751886016721953,15.087037128660839,0.0,1,0.050904752565436695
1.03222656,0.008269493966767016,0.0011440307722406446,26.880282778721792,-0.02314835805097748,1,0.05487228501463859
1.08886719,0.014104062428733632,0.0023261997447357532,33.77756773897113,-0.04615591188104462,1,-0.011659190502378958
1.07617188,0.014788065623989155,0.001003400979997092,27.98365484087769,-0.012274462055273494,1,0.015245009003580279
1.09257813,0.015264915919617872,0.000493417091875269,29.97247287135768,-0.006858946236304675,1,0.06185197940947251
1.16015625,0.01986277474079734,0.0016970919710182462,35.83056910739299,-0.038139228245426704,1,0.040067344377104464
1.20664063,0.02438017125632075,0.0020714961621805528,38.41947297993836,-0.041363704254007594,1,0.04904499196251999
1.26582031,0.02953882857605561,0.002410051160638471,40.79782905174754,-0.04884506482018436,1,-0.011109396719981568
1.25175781,0.028484713187918453,0.000451978590833773,36.12759868852116,0.0,1,-0.007645496535787499
1.2421875,0.024786403561523285,-0.001082110345187133,32.90315456628538,0.0,1,-0.0235849016352202
1.21289063,0.018430309284865443,-0.002479401540614993,23.53872512063407,0.0,1,0.004186791351500574
1.21796875,0.014139579706131,-0.0022567103731164773,24.102121028875487,0.0,1,0.019964724053880722
1.24228516,0.012842284107919655,-0.0011846686571092748,26.737337698524996,0.0,1,-0.0014935942726708173
1.24042969,0.01096882346648731,-0.0010193764328472067,26.08098057428093,0.0,1,-0.0024405655753048094
1.23740234,0.008865745356896992,-0.001040818180812508,24.919282491526033,0.0,1,-0.0071817465611064835
1.22851563,0.00633483502236043,-0.0011905761717830232,21.365106302087966,0.0,1,0.002384731564221143
1.23144531,0.00478561693656232,-0.0009132647525270446,21.85420392174035,0.0,1,0.0
1.23144531,0.003612206482282998,-0.0006955584022687892,21.85420392174035,0.0,1,0.018239494533460077
1.25390625,0.004596229048286382,9.615472124486525e-05,25.771211372896914,0.0,1,0.00038940710280366275
1.25439453,0.004745911243930756,8.194563896307943e-05,25.852384748622327,0.0,1,0.006461659235711181
1.2625,0.005100715571425551,0.00014558332215262523,27.257728305851998,0.0,1,0.005569306930693019
1.26953125,0.0054389956042208976,0.0001612877849826574,28.465684430466936,0.0,1,0.013384617353846107
1.28652344,0.006570901820266872,0.00043106466700954405,31.15362385686356,0.0,1,0.02679519776180661
1.32099609,0.009462000609934185,0.0011073878188922852,35.291961842662786,0.0,1,0.016855182364695853
1.34326172,0.011974519120606653,0.001206635443188251,37.29420873191522,-0.016193102048551955,1,-0.0005816066879358317
1.34248047,0.012167797615892262,0.00046663797949128734,36.83335617659007,-0.006901242437845623,1,-0.004946537509033511
1.33583984,0.010697067895544032,-0.0003346972469523146,32.709453009357475,0.0,1,-0.0132319605020913
1.31816406,0.00759729904407469,-0.001144822032807219,22.522970347848187,0.0,1,0.010223742559025695
1.33164063,0.006537353864667139,-0.0007349224040715903,25.118921832661087,0.0,1,-0.015327078147202688
1.31123047,0.003761755119574328,-0.0011701737163881338,14.814502790332568,0.0,1,-0.013703731274639974
1.29326172,0.0005630803203968693,-0.0014562828385218645,7.146336732812372,0.0,1,0.006191948525314572
1.30126953,-0.00041586293922502016,-0.0008117420327145848,9.517905251672744,0.0,1,-0.00262664261415535
1.29785156,-0.00115551015743387,-0.0005171297503078115,7.995760520217289,0.0,1,-0.006997741714006245
1.28876953,-0.002185877086751997,-0.0005158322265419798,3.9241712037299195,0.0,1,0.001742825189233077
1.29101563,-0.0023317291275153362,-0.0002205614224351062,4.796230500353779,0.0,1,-0.019288960893525386
1.26611328,-0.004285540220603901,-0.0007247908385078902,-5.564138047136659,0.0,1,0.008870035704862111
1.27734375,-0.003969444915431275,-0.00013623184444508819,-0.7554935998613743,0.0,1,0.01337920195718656
1.29443359,-0.002056456853225752,0.0005922520725868117,5.723387718245355,0.0,1,-0.018936243766665473
1.26992188,-0.002971233917687499,-0.00010750833062497843,-3.6961064840726436,0.0,1,-0.0049215625767469184
1.26367188,-0.003701852956777829,-0.0002793757899051028,-5.8122999400283675,0.0,1,0.030061822694036566
1.30166016,-0.0005929847299248614,0.0009431641456492884,7.351209269121227,0.0,1,0.00637707156989431
1.30996094,0.0017025964443289077,0.0010795817733010192,9.661105740458076,0.0,1,-0.00328015887252342
1.30566406,0.002350430661095082,0.0005758053300223981,7.858725294007925,0.0,1,0.020194467174044828
1.33203125,0.00467574438105367,0.0009670396833269955,15.056382317305193,0.0,1,0.014369505219941514
1.35117188,0.007043808375944982,0.0011117012260727695,19.287443611490772,0.0,1,0.017707428902383526
1.37509766,0.009634671342061862,0.0012341880640632172,23.70883228892741,-0.01187139660763914,1,0.0024856198213587533
1.37851563,0.01041204437994847,0.0006705203673166085,24.296186281272952,-0.00576069569119908,1,0.006092371981302858
1.38691406,0.010632929700562732,0.00029713522931028996,25.77380572067173,-0.001764926833422109,1,-0.004435992234443242
1.38076172,0.009344599885823035,-0.00033039819514313513,22.386738975727212,0.0,1,0.004314307033367104
1.38671875,0.008418137487967714,-0.0004189535309994854,23.653722218533403,0.0,1,0.0
1.38671875,0.007253394831709725,-0.0005278987290858244,23.653722218533417,0.0,1,-0.0035915501971831576
1.38173828,0.005651534767604716,-0.0007099195977302783,20.323236723616603,0.0,1,0.0036044959252341524
1.38671875,0.004794682671585226,-0.0005222572312499228,21.74293914940631,0.0,1,-0.00704224991549296
1.37695313,0.0031528980676100993,-0.00072134727840835,14.971363196667866,0.0,1,0.0
1.37695313,0.0020692642599884348,-0.0006016603620100048,14.971363196667866,0.0,1,-0.010780141804826782
1.36210938,0.00011802950117845157,-0.0008509650402733295,5.19515698658757,0.0,1,-0.0012905131010844118
1.36035156,-0.0010139086699914035,-0.0006609677371477283,4.123580550430994,0.0,1,0.018664756042915842
1.38574219,0.0006205004669228575,0.00032448046658884426,15.022195211434862,0.0,1,-0.00042283478429694377
1.38515625,0.001337168329803129,0.00034704944315637194,14.628515418967964,0.0,1,-0.003102083248731069
1.38085938,0.0012259990670930865,7.862672681544316e-05,11.59008792070361,0.0,1,0.0014144235309463404
1.3828125,0.0012310078468134034,2.7878502178586752e-05,12.480950524119983,0.0,1,-0.001836156384180776
1.38027344,0.0009193399161060434,-9.459647617625767e-05,10.455576167497824,0.0,1,-0.005518609414088438
1.37265625,5.2128457743494394e-05,-0.0003206026448462689,4.560182520053679,0.0,1,-0.003984063745019806
1.3671875,-0.0008415504762497861,-0.00040476052627984977,0.6222467075083884,0.0,1,-0.0028571428571428914
1.36328125,-0.0015437815702257218,-0.00036899720675192854,-2.1204174357194248,0.0,1,-0.006088824297994178
1.35498047,-0.002457980319694908,-0.0004277319854070383,-7.55065207277368,0.001838761708581993,1,0.001801804567707066
1.35742188,-0.0025067971677881218,-0.00015884961116675086,-5.493850452851781,0.0,1,0.021582730049997556
1.38671875,0.0001191000054807656,0.000822349187367379,12.415754004470323,0.0,1,-0.005352109070422495
1.37929688,0.0008036344249919836,0.000502294535626199,7.217915559312303,0.0,1,0.0038232740728014747
1.38457031,0.0015183845993314016,0.000405681569988539,9.857127883766005,0.0,1,-0.008322748160041082
1.37304688,0.0007889418032236417,-0.000107920408706407,2.0595632488185984,0.0,1,-0.01607397410931799
1.35097656,-0.0014807180784321972,-0.0007925267634540821,-9.239999584230027,0.0,1,0.005132287417333181
1.35791016,-0.0019143548460573978,-0.0004087211770264277,-5.067787353296453,0.0,1,0.004314990912211547
1.36376953,-0.0014833628260320086,7.42361433298715e-06,-1.6520199825028428,0.0,1,0.0025062665830348774
1.3671875,-0.0008594224138498419,0.0002104546755050513,0.34431956527814833,0.0,1,-0.008642859885714338
1.35537109,-0.0014605345066047715,-0.00013021913908329284,-6.163790501940895,0.0,1,-0.012897176374036423
1.33789063,-0.00309608434409836,-0.0005885896588589605,-13.845991495147054,0.003600205554263214,1,0.014744523623728467
1.35761719,-0.0020119722341702673,0.00016517415035637723,-2.343945101190286,0.0,1,-0.013091643307787004
1.33984375,-0.0027833718263587937,-0.0002020751472773829,-9.625530303593763,0.0,1,-0.006559764897959175
1.33105469,-0.0036695456369231216,-0.0003627496526139038,-12.752564644645084,0.0005032562071052293,1,-0.06162875997228934
1.24902344,-0.010642774572461766,-0.0024453261960508503,-29.34362873658775,0.04852699465641552,1,0.0320562919139451
1.2890625,-0.009905902825859236,-0.0005694848164827741,-13.905973006094527,0.0,1,0.06053030787878777
1.36708985,-0.002209695883736318,0.002375574041880048,5.0369051058781835,0.0,1,-0.014215305599701411
1.34765625,0.00020308224430309885,0.001596117389973155,0.8645291472967784,0.0,1,-0.007318839652173947
1.33779297,0.0005706077879643612,0.0006545476445448059,-1.220869456142772,0.0,1,0.00430688464449025
1.34355469,0.001186963244131256,0.00042363436690390026,0.10684086381706237,0.0,1,-0.01446431629813294
1.32412109,-0.0002232392981296183,-0.0003288560584523247,-4.329740632452996,0.0,1,0.016299143758823353
1.34570313,0.0008887660389174101,0.0002610497595315679,1.021490729431271,0.0,1,-0.011320758390448216
1.33046875,0.00010117320419777975,-0.00017551435839602086,-2.637337228726615,0.0,1,-0.013945979565472721
1.31191406,-0.0018472784801784048,-0.0007079886809240683,-6.827073997499539,0.0,1,-0.007741551302529737
1.30175781,-0.0035139186156849522,-0.000791542938810205,-9.031222265082029,0.0,1,0.006751693696387395
1.31054688,-0.0033219896321312614,-0.00019987131841883807,-6.268957996077248,0.0,1,-0.03427720189605121
1.265625,-0.006692682671010086,-0.001190188119099221,-15.450200726017535,0.0,1,-0.01774691555555552
1.24316406,-0.009692050634531935,-0.0013965186942070228,-19.05908005456333,0.0063122094049421484,1,-0.0007855439450203949
1.2421875,-0.010465443730081736,-0.000723303929918942,-19.21442694647995,0.0,1,0.012028304905660425
1.25712891,-0.008734902467016692,0.00033574577771536794,-13.771342775269005,0.0,1,0.0005437708054936152
1.2578125,-0.0070847574632326715,0.0006619635938331292,-13.517419287082468,0.0,1,0.020962734906832203
1.28417969,-0.003472022672738051,0.0014248994614425832,-4.258309919071905,0.0,1,-0.0036501901069623255
1.27949219,-0.001766945054762381,0.0010433256931394177,-5.53856001314761,0.0,1,0.0035109163112592157
1.28398438,-0.00039281165787796724,0.0008058196966746105,-3.9312580070673775,0.0,1,-0.003650745346294615
1.27929688,-6.36356546126482e-05,0.00037833189997997654,-5.426862399982525,0.0,1,0.013893123854097134
1.29707031,0.0015873744849046467,0.0006764473464990906,1.2418914412080184,0.0,1,0.008884206130660655
1.30859375,0.0032408850142544576,0.000776652625282967,5.1309102097978325,0.0,1,-0.0003731333731342712
1.30810547,0.0037568765277415928,0.00043088137959003403,4.924655056240525,0.0,1,-0.009929077049115942
1.29511719,0.0026194425738399474,-0.0002355175247705371,-0.5438673491055539,0.0,1,0.010933489347014103
1.30927734,0.0030124512157356786,5.249703904173153e-05,4.896034747073131,0.0,1,0.005444919714260088
1.31640625,0.00355199376870563,0.00019734653067056103,7.4573326802081965,0.0,1,0.023738872403560762
1.34765625,0.006129932231131896,0.0009250949976989421,16.674648931187292,0.0,1,-0.02608695652173909
1.3125,0.003978386276417334,-0.00040881698567187333,2.465614931077333,0.0,1,-0.004910712380952309
1.30605469,0.002033971942692059,-0.0007844104397990498,0.28277538359113663,0.0,1,-0.008523999864048615
1.29492188,-3.546705272827744e-05,-0.0009512831450731288,-3.435332837112341,0.0,1,0.0013574641274884947
1.29667969,-0.0009207467960443694,-0.0006121876294630737,-2.7510144245125403,0.0,1,-0.005723757422312903
1.28925781,-0.0019051477680320783,-0.0005321962004835941,-5.428844924106535,0.0,1,-0.0001514902593454659
1.2890625,-0.0022548617733566534,-0.00029397006860272306,-5.502583277647155,0.0,1,-0.00022727369696973199
1.28876953,-0.0022662277949059284,-0.00010177869671733255,-5.624941918227897,0.0,1,0.006289309152118117
1.296875,-0.001407602656104956,0.00025228214736121323,-1.2894311531942222,0.0,1,0.009036144578313143
1.30859375,0.00011557263463757295,0.0005918191460345809,4.4178127929485385,0.0,1,0.0003731333731342712
1.30908203,0.0009082192271223644,0.00046148857950645744,4.651431316530584,0.0,1,0.007832901044406038
1.31933594,0.002083350087771274,0.0005455398133851223,9.495332171123415,0.0,1,-0.00814211882987137
1.30859375,0.0016021205107812353,2.1436745465027926e-05,2.9160313315591893,0.0,1,0.0032089561791044385
1.31279297,0.001577930679721229,-9.176951983262249e-07,5.0739182567419405,0.0,1,-0.010488729231997618
1.29902344,0.0002868807075477875,-0.00043065588912392255,-2.8064458748299614,0.0,1,-0.0016538885549286508
1.296875,-0.0005615876708346956,-0.00042637475583546863,-3.948805417425042,0.0,1,-0.006777106506024144
1.28808594,-0.0016714445541228251,-0.0005120772130411994,-8.513423222965976,0.0,1,-0.021986351314416175
1.25976563,-0.004447111782923452,-0.0010959148139472754,-19.37979718001192,0.008247075822997996,1,0.0073643380792982605
1.26904297,-0.004691241082080078,-0.00044668137103463356,-13.341070091350446,0.0,1,-0.011158140689278673
1.25488281,-0.005602382308151688,-0.0004526075323687479,-18.056270673547658,0.0007866890864158815,1,-0.024046691658801134
1.22470703,-0.008105736062175017,-0.0009853204287973592,-25.513729525204663,0.020040097066349682,1,0.007894108356673701
1.234375,-0.007876270767338545,-0.00025195171132029546,-19.719523435787302,0.0011604652559151774,1,0.027215189873417867
1.26796875,-0.0043057030559754406,0.0011062053333476029,-3.7858266508120835,0.0,1,0.04798212889710407
1.32880859,0.002908376054370665,0.0027734281478979037,13.1574897086576,0.0,1,0.005438382965299748
1.33603516,0.006875265105013018,0.002246772399513419,14.62807724588464,0.0,1,-0.019077551821315875
1.31054688,0.006161747538249829,0.0005110849442500768,5.886072053157868,0.0,1,-0.0136363683533397
1.29267578,0.0038022514600140056,-0.0006161370446619158,0.5582456409750165,0.0,1,0.01027423133123162
1.30595703,0.0034124199658949195,-0.0003353228462603338,4.166326826533698,0.0,1,-0.0010468874308980913
1.30458984,0.0028192033883440715,-0.0003095131412703938,3.7179437417273817,0.0,1,0.00044913733192952776
1.30517578,0.0023364898172066884,-0.00026407557080259216,3.8996649770063883,0.0,1,0.0340441499764883
1.34960938,0.00560322554687076,0.0010008867196204937,15.35979079318895,0.0,1,0.011577423980263069
1.36523438,0.008071741282796863,0.0011564674851821987,18.426509330540668,0.0,1,-0.012374827536939081
1.34833984,0.007225475710526785,0.00010340063763737348,11.848336615236413,0.0,1,-0.0020279531308664556
1.34560547,0.005972355781847849,-0.0003832397636805212,10.79726257127551,0.0,1,-0.0023949516198087384
1.34238281,0.004579544502354427,-0.0005920170143913148,9.473698609125911,0.0,1,0.0019642087043711953
1.34501953,0.0037212368207448776,-0.0004834415653336213,10.260189532963807,0.0,1,-0.012706016246470497
1.32792969,0.001557826578211463,-0.0008822839359556786,2.8708665802423923,0.0,1,0.007501104971905592
1.33789063,0.0011763809087603772,-0.000421243201802255,6.338200022133968,0.0,1,-0.00729927378293993
1.328125,7.38238316380091e-05,-0.0005079334263082077,2.1581118063926468,0.0,1,0.0
1.328125,-0.00048360669289304603,-0.00035512131694642095,2.1581118063926468,0.0,1,0.0
1.328125,-0.0007220213974172829,-0.00019784534049021923,2.158111806392661,0.0,1,0.014485293176470515
1.34736328,0.0008221297001054229,0.00044876858567749554,10.148465070171632,0.0,1,0.006088283777482939
1.35556641,0.002209288607191162,0.0006119758309210783,13.070603105403386,0.0,1,-0.012535121757701329
1.33857422,0.001302744843468151,-9.818931093397761e-05,3.9634500864176303,0.0,1,0.014080399665847398
1.35742188,0.002311549224651044,0.0003035383567496384,10.91839391282403,0.0,1,0.004532371321434692
1.36357422,0.003136017313188244,0.00037600214842894606,12.948581095419144,0.0,1,0.0026498594260604413
1.3671875,0.003588023248024319,0.00027600269442167383,14.163393819924536,0.0,1,-0.004499997257142896
1.36103516,0.003002329278106952,-0.00010323042516523087,10.415810513349498,0.0,1,0.006242373635667375
1.36953125,0.0031672956866395374,2.0578661122451318e-05,13.671532504121473,0.0,1,0.0011409013120364797
1.37109375,0.0031160459170191945,-1.0223702832630379e-05,14.272004311419423,0.0,1,-0.0042735006267806686
1.36523438,0.002342469705790773,-0.00026126663802035054,10.130762030852566,0.0,1,0.0007153057484532432
1.36621094,0.001841855791360647,-0.0002539601841501588,10.60087354444277,0.0,1,-0.007862760929143175
1.35546875,0.0005428783515319946,-0.0005176458746596038,2.9673878345466775,0.0,1,-0.004034582132564801
1.35,-0.0006075793976765276,-0.0005560345412893754,-0.5556205325649657,0.0,1,-0.0010127333333334043
1.34863281,-0.0012461091558078063,-0.0003981880998068847,-1.4525734073330767,0.0,1,0.004706737039861908
1.35498047,-0.0009325599385558991,-2.8212960851659204e-05,2.9504448921786306,0.0,1,0.001801804567707066
1.35742188,-0.0004946211683838353,0.0001365752697734682,4.610355586816276,0.0,1,-0.0005036017247636027
1.35673828,-0.0002914000192657529,0.00011326547296385025,4.0174546407787375,0.0,1,-0.012452313205167376
1.33984375,-0.0015733836097677756,-0.0003895727058460575,-8.388321148255038,0.0,1,-0.008892126413994172
1.32792969,-0.0030760984375384215,-0.0006307625112055679,-14.73448401564211,0.0008833819755731387,1,-0.002941609054617933
1.32402344,-0.003896635148295413,-0.0004837664073208533,-16.590669980030086,0.0036483646317841956,1,0.01784923837904273
1.34765625,-0.0020127830746494713,0.000466695222108363,0.8128092811018419,0.0,1,0.0
1.34765625,-0.0009031251149387298,0.0005254510606063681,0.8128092811018419,0.0,1,-0.003695653101449259
1.34267578,-0.0006880748755051513,0.0002468337666799822,-2.4223497294071947,0.0,1,0.024801802859659938
1.37597656,0.0022518548171703845,0.0010622544864518394,14.411242929406171,0.0,1,0.0007097286599127006
1.37695313,0.003615545928743913,0.0008086485326751227,14.779761254988372,0.0,1,0.0
1.37695313,0.003996095990468795,0.0003963995314666684,14.779761254988372,0.0,1,0.005106382960181177
1.38398438,0.004439300522125489,0.00027986802104112106,17.748301881005816,0.0,1,0.011430988838183387
1.39980469,0.005609320244443161,0.0004832959144529308,23.361393637897038,-0.0036245765092026705,1,0.02553369784751891
1.43554688,0.00870540258523178,0.0011931260850805165,31.46094298956183,-0.022908324850624107,1,0.020408159711231555
1.46484375,0.011969399373523482,0.0014857076244574052,35.481372657694465,-0.02940665514888341,1,0.017333336746666594
1.49023438,0.014719833653209058,0.0014120473013809944,37.9895290355003,-0.02915113464510588,1,0.002621231970235449
1.49414063,0.01519391882195098,0.0006287108233743056,38.33403270726936,-0.011324236863554438,1,-0.006535951036951593
1.484375,0.01335099900449288,-0.0004047363313612641,31.81525978774654,0.0,1,0.01973684547368415
1.51367188,0.013758362512056088,8.757254006484111e-07,35.40538128038352,0.0,1,-0.006451616185140452
1.50390625,0.01200171155649965,-0.0005852584100519299,29.586021307432134,0.0,1,0.026103894441558584
1.54316406,0.013394727615679836,0.00026925254970941795,34.349308869937886,0.0,1,0.009239341667923506
1.55742188,0.014163160010629783,0.00034589498155312114,35.6961507648258,0.0,1,-0.0017557092494423499
1.5546875,0.013139247873885873,-0.0002260057183969301,34.15297357651798,0.0,1,0.005025125628140614
1.5625,0.012183396149356707,-0.00039395248097536494,35.009907703463,0.0,1,0.002124998400000022
1.56582031,0.01096687977464561,-0.0005368229518954871,35.38315728040337,0.0,1,-0.00012473334184814888
1.565625,0.00942843910606972,-0.0006917545401571266,35.24442920492267,0.0,1,0.009792913373253498
1.58095703,0.009151184679609292,-0.0003230029888725179,37.07599284056403,0.0,1,0.014330718400360265
1.60361328,0.010137979576411604,0.000221263969309932,39.26402352373235,0.0,1,0.014432737798230288
1.62675781,0.011715256226778381,0.0005995135398922363,40.994554068649165,0.0,1,0.0011405938785686853
1.62861328,0.01168224569973031,0.00018883433761472147,41.12202602385511,0.0,1,0.04323319775459522
1.69902344,0.01655973329456195,0.0016887739774821206,44.44023983472641,-0.00849076183470654,1,-0.0674790219492204
1.584375,0.008064462650764437,-0.0022688322221051313,6.34157315738242,0.0,1,0.02317554240631159
1.62109375,0.006204684607968636,-0.0013762034216336441,11.822316866040971,0.0,1,-0.004819277108433773
1.61328125,0.004106696869240034,-0.0011580637201207486,10.040451073982538,0.0,1,-0.022154965230024137
1.57753906,-0.0002630375725609646,-0.0018425993873072493,2.367842931281082,0.0,1,0.03565680332504728
1.63378906,0.0022615150042519794,0.00022731772983523163,11.067632441887135,0.0,1,-0.021817094307143958
1.59814453,0.00036495420897075803,-0.0005564143551486633,4.109256078014113,0.0,1,0.03880232284122642
1.66015625,0.004553904293916,0.0012108452432655265,12.392644130720178,0.0,1,-0.021411761694117626
1.62460938,0.003306648145228852,-1.2136968473873844e-05,5.959253786017982,0.0,1,0.006251502745847626
1.63476563,0.0032538202254495108,-2.1654962751071864e-05,7.355179508297994,0.0,1,-0.010573478964076233
1.61748047,0.0015158245801056847,-0.0005865502026982995,4.11180447345847,0.0,1,0.007063936914181168
1.62890625,0.00147265637575833,-0.00020990613568188472,5.941683456976662,0.0,1,0.0013189463788969569
1.63105469,0.0015073875756048682,-5.8391645278448815e-05,6.3057165562818795,0.0,1,0.0031732718907175883
1.63623047,0.0018304525442276454,8.822444111477603e-05,7.251185182593822,0.0,1,0.02059087067361598
1.66992188,0.004647064816520219,0.0009682789044691163,13.036148237177457,0.0,1,0.0
1.66992188,0.005668115551289654,0.0006631098797461842,13.036148237177457,0.0,1,0.008187131484258536
1.68359375,0.006845620456066959,0.0006135382615078296,15.383020217966802,0.0,1,0.004640371229698292
1.69140625,0.007514946203783346,0.00042762133640807196,16.724417575453273,0.0,1,0.027655892840646512
1.7381836,0.011121476060659718,0.001344717064428149,23.544471254456738,-0.015618855368531914,1,0.011292765620386724
1.7578125,0.013633692984042822,0.0012856446626037504,25.85206796065495,-0.0139672913139679,1,0.0026111146666665253
1.76240235,0.014136147863730741,0.0005960331807638893,26.387187975624144,-0.004705085271180742,1,-0.00775752483534764
1.74873047,0.012070039648263808,-0.0004900250115676807,21.167548668901844,0.0,1,0.006254537327298859
1.75966797,0.010942607236508417,-0.000539152474441024,22.818523071123366,0.0,1,-0.002774847348048337
1.75478516,0.009060106260921685,-0.0008072178166759186,20.807363879748834,0.0,1,0.012855471150667874
1.77734375,0.009243729418051627,-0.000207864886515325,24.432267121082702,0.0,1,5.4947164835228435e-05
1.77744141,0.008573368545112148,-0.00029274191981826757,24.447529360500155,0.0,1,0.012032306595129993
1.79882813,0.009305967396549875,0.000146618977206487,27.68826978084263,0.0,1,-0.01677524355814919
1.76865235,0.006382121205889435,-0.0009257424044846509,14.803377273707724,0.0,1,0.011705590417472322
1.78935547,0.006113614676735102,-0.00039808297787966105,18.75391122100079,0.0,1,0.02859793979337133
1.84052735,0.009734216855763478,0.001074173067049572,26.116179871035854,0.0,1,0.018199180794569614
1.87402344,0.013524674040630513,0.0016215434173055352,29.61036342995108,0.0,1,0.06930692926658377
2.00390625,0.025116413963011563,0.004404427779895529,37.49343000002979,-0.07482552300417811,1,0.1448830403118908
2.29423828,0.053013585260617724,0.010767199692500569,43.61992626011538,-0.216988188966738,1,-0.03243519238986814
2.21982422,0.056343200471035804,0.004698938300972885,32.15837652289666,-0.0646883129407767,1,0.007874709106471478
2.23730469,0.05476944720365884,0.001041728344531971,32.710841190124356,-0.01343448659428903,1,-0.04705368941053811
2.13203125,0.04064566330299879,-0.004360685185376023,18.51451619263672,0.0,1,-0.06554598578233772
1.99228516,0.018551125244085753,-0.008818407748096356,4.673481258981539,0.0,1,-0.015881576912413542
1.96064453,0.003321209944288306,-0.008016107682631269,2.029267107953771,0.0,1,0.03242516378019844
2.02421875,0.0007273364656992243,-0.00353666038707345,6.704041581138121,0.0,1,0.008297956927826977
2.04101563,0.000769528354262583,-0.0011648228328366972,7.908208765177619,0.0,1,-0.002392348166388225
2.03613281,0.00031959526902225477,-0.0005382519726923419,7.392629858588549,0.0,1,-0.0023980803098987424
2.03125,-0.0003389050460165244,-0.00039891742924370703,6.83042766587544,0.0,1,-0.015961536000000054
1.99882813,-0.003341735616367636,-0.0011339159998649396,3.000076174990909,0.0,1,0.0013679865511999623
2.0015625,-0.004336808766845834,-0.0007096630501143794,3.2950593461020503,0.0,1,0.00019516252927398448
2.00195313,-0.004440392111514591,-0.00027108213159437837,3.3415425726424672,0.0,1,-0.0019512195073217997
1.99804688,-0.004447671941222531,-9.278732043410589e-05,2.758131351470759,0.0,1,0.026930594341209924
2.05185547,0.00040337663902523246,0.0015860870866045527,9.532444200399922,0.0,1,0.009947172351276734
2.07226563,0.004496132875897008,0.0018929477744921096,11.838730820718233,0.0,1,0.036333648017894404
2.1475586,0.012442247421341257,0.003279687439978786,19.065105215936057,0.0,1,-0.06998317531358633
1.99726563,0.002854036575618224,-0.002102841135248083,-1.3622735871856122,0.0,1,-0.01271269560674304
1.971875,-0.004293791061877883,-0.003083556257581397,-3.9205839616599505,0.0,1,0.06418383518225057
2.0984375,0.003036986041196954,0.0014157402818311465,8.243797271736184,0.0,1,0.05235480208488452
2.20830078,0.01560456575596847,0.00466110666553422,15.705880645439308,0.0,1,0.07000398288135368
2.36289063,0.03347046263368991,0.007509001181085221,23.19513565791587,-0.08843198682172249,1,0.0005786048590830095
2.36425781,0.039728137519743356,0.004588892022379554,23.25253458965078,-0.055604296216861915,1,0.04878149900242912
2.47958985,0.04915730016945785,0.004672684890698019,27.723650999208886,-0.0920714497651054,1,-0.0582096026889285
2.33525391,0.03774744481352732,-0.0022457234884108376,13.064733267900529,0.0,1,-0.004809100180459658
2.32402344,0.027961024234434806,-0.004010714689167784,12.052939474034275,0.0,1,0.02407765302057374
2.37998047,0.025400814425351914,-0.0021903081660835585,15.148512025018164,0.0,1,0.016453983758950574
2.41914063,0.02526732165203116,-0.0007746003131347719,17.22735476127157,0.0,1,0.030114644471909147
2.49199219,0.02916592846103505,0.0010413354986230396,20.824592426581006,0.0,1,0.018927816142152665
2.53916016,0.03261540199378432,0.001496936343790771,22.9597692601305,0.0,1,-0.003999846153855846
2.52900391,0.03077583442734344,-0.00011421040755003539,21.704300791341637,0.0,1,0.0024327127275971527
2.53515625,0.027804092775177924,-0.0010286506865718505,22.028271759835434,0.0,1,0.018952236178736426
2.58320313,0.028005120884496915,-0.0002758741924176189,24.556121900957905,0.0,1,0.06986239212244993
2.76367188,0.040810937365448385,0.004176647429511286,31.52439312274643,0.0,1,-0.004911661220795782
2.75009766,0.042681749158803406,0.002015819740955438,29.700197121672232,0.0,1,0.030929297979912285
2.83515625,0.04714855845891375,0.002160876347021924,32.43645425719403,0.0,1,-0.01116009743731039
2.80351563,0.04281619823739291,-0.0007238279581663065,28.086114313306865,0.0,1,-0.020342761563273304
2.74648438,0.03232939744018282,-0.003736876251792136,20.622139617836055,0.0,1,0.0077158276064908105
2.76767578,0.026157830588229736,-0.003302814367915071,21.737490009873966,0.0,1,0.008256592107042326
2.79052735,0.022796525446567184,-0.0022213731698592087,22.967182061822484,0.0,1,0.02516185336796628
2.86074219,0.02506739908852218,1.6500157365262336e-05,26.46340858526854,0.0,1,0.0008875528906013841
2.86328125,0.024325474318789286,-0.00024180820412254486,26.585083876328923,0.0,1,-0.013983628049113128
2.82324219,0.018590800740690305,-0.001992160594073842,20.2242462186895,0.0,1,0.005223104858743888
2.83798828,0.0154030713899167,-0.0017266299816158168,21.202987817352565,0.0,1,-0.0018581577792843307
2.83271485,0.012086164932036958,-0.0016811788131651864,20.28498996404244,0.0,1,-0.007584377933416042
2.81123047,0.007630166292093676,-0.002045725817702822,16.409211866129866,0.0,1,-0.0009031845759696067
2.80869141,0.0045547314477811796,-0.0017070535540051066,15.931793812541954,0.0,1,0.006953861122108718
2.82822266,0.004265057238309833,-0.0006655759211588175,17.903930145045493,0.0,1,-3.4530520309217216e-05
2.828125,0.0037566603637149143,-0.00039132426525124563,17.882098468011648,0.0,1,-0.0044198895027625085
2.815625,0.0021477402294411974,-0.0006667481331749875,14.91398015228252,0.0,1,-0.0312846810210875
2.72753907,-0.006176192356815768,-0.0029968935731439854,-1.6418127050757363,0.0,1,0.02005012525815064
2.78222657,-0.0052661842868761966,-0.0006956285010681377,6.084444221754836,0.0,1,0.008353805635606504
2.80546875,-0.002435483228000468,0.0007116908526025303,8.982352881337498,0.0,1,0.021442495126705596
2.865625,0.004195845070437798,0.0024476730503469324,15.524727428171445,0.0,1,-0.018470553544165824
2.81269532,0.0027510487971205144,0.0003342922590098829,6.685529297669433,0.0,1,0.0025692651275146527
2.81992188,0.0024016099273684866,-5.048870247381654e-06,7.554154977872798,0.0,1,0.0254190339485576
2.89160157,0.008000063831878457,0.0018644683447541967,15.237243768211655,0.0,1,0.011448831797390424
2.92470703,0.01289140713147674,0.00225193721478416,18.19185291524775,-0.012846110786229215,1,0.028882434764756493
3.00917969,0.021302183186985957,0.0035542377567644584,24.368283441867007,-0.05640958137636254,1,0.0008437714797948637
3.01171875,0.02394397761582523,0.0020653440618679103,24.533435441548747,-0.026322699986199627,1,-0.0024643303761349156
3.00429688,0.022651054195592657,0.0002574735472117805,23.00565648033303,0.0,1,0.00981666964950545
3.03378907,0.022574687135843874,6.0368829154333614e-05,25.245958975868504,0.0,1,0.06003347490470068
3.21591797,0.035832688011316005,0.004439456568208822,34.22767001985659,-0.09953157049958206,1,0.07002520341027241
3.44111328,0.05824190694810927,0.008949558501667364,39.4744732676493,-0.18769843366645178,1,-0.008371880742037097
3.41230469,0.06219230833749689,0.004299986630351665,35.43473211912375,-0.06608027880974587,1,-0.0010302772815987682
3.40878907,0.058691848337399044,0.0002665088767512744,34.91488501655459,0.0,1,-0.013092306119134589
3.36416016,0.04833155514256671,-0.0033645947726936853,28.203115066526593,0.0,1,-0.05915991823647304
3.16513672,0.022538492283270095,-0.009719219210663432,6.194508288870324,0.0,1,0.07000709593359988
3.38671875,0.026228922330016058,-0.00200959638797249,17.50676493563647,0.0,1,0.07001153550173012
3.62382813,0.04564750882588742,0.0058029967026329565,25.13979649689921,0.0,1,0.02193597133978864
3.70332032,0.05817719217166584,0.006110893349470459,27.140166723612467,0.0,1,-0.011339065047443753
3.66132813,0.05609458533024947,0.0013427621693513636,23.661232350302512,0.0,1,-0.014696470266924666
3.60751953,0.045894683132020386,-0.0029523800096259087,19.216785202979864,0.0,1,-0.03868330547887566
3.46796875,0.02534094343857074,-0.007835373234358518,8.9647659947236,0.0,1,0.024724037666141063
3.55371094,0.020097510805298313,-0.004359601955876983,12.733034277240108,0.0,1,0.018136852177403018
3.61816407,0.02117209608822046,-0.001095005557651612,15.387770675010444,0.0,1,-0.019163293498738465
3.54882813,0.014167052388996737,-0.002700016418958444,10.257063602223049,0.0,1,0.021711612165337568
3.62587891,0.01590484117363511,-0.00032074254477335723,13.76745581313589,0.0,1,0.04206954059588264
3.77841797,0.028159920468151522,0.003978112249914352,19.661930980248314,0.0,1,-0.00695252092504739
3.75214844,0.02975167257639688,0.0018566214527199025,17.558843932700412,0.0,1,0.025610327399520516
3.84824219,0.03607605508248657,0.002727001319603198,21.104468565489697,0.0,1,0.016977109748905983
3.91357422,0.041676244245324234,0.0027757301608136234,23.30821936200587,0.0,1,0.0700187155259826
4.18759766,0.06383860513963269,0.008312697018374025,30.307479726168708,-0.12867314140341968,1,-0.016277604854712857
4.1194336,0.06391956349181749,0.002797885123519611,24.880379228147362,0.0,1,0.06213403464010203
4.37539063,0.07996316487692479,0.006280495502875641,30.40523583388088,-0.1004947329587198,1,0.015601285867360426
4.44365235,0.08700984516306853,0.004442391929673134,31.60416906304239,-0.04232944262103189,1,0.06151242682159874
4.71699219,0.10606068487588427,0.007831077214162957,35.5404987725382,-0.1410581943600162,1,0.034222185133615746
4.87841797,0.12019986265930171,0.007323418332526796,37.320792335750454,-0.1392958912045481,1,-0.0407366632424897
4.6796875,0.10069192382940262,-0.004061506832457429,24.73423498465496,0.0,1,-0.002629380701168582
4.66738282,0.0815215707620025,-0.007743953299952519,24.000419573919103,0.0,1,0.00933171365617702
4.7109375,0.06877248666480273,-0.006831012465717434,24.967137437643302,0.0,1,-0.06998341625207305
4.38125,0.02919294572746889,-0.015470184467683765,7.1081559911858605,0.0,1,-0.06998929985734659
4.07460938,-0.018582955218486852,-0.021082028471213172,-4.173797844654366,0.0,1,0.0071901051776401825
4.10390625,-0.03848092025659078,-0.013659997836439036,-3.061014139212446,0.0,1,-0.010803348638873
4.05957032,-0.04891782025426039,-0.008032299278036219,-4.628126990337826,0.0,1,-0.02990137143381222
3.9381836,-0.06017534523190626,-0.0064299414185606946,-8.81140206487163,0.0,1,-0.007339995524840437
3.90927735,-0.06319834978473704,-0.003150981990463826,-9.792284994362326,0.0,1,-0.005820490070882256
3.88652344,-0.06133948207909112,-0.00043070476160596977,-10.612671420171935,0.0,1,0.0005527922404604535
3.88867188,-0.055119388053010976,0.0019297964214913949,-10.4832016047013,0.0,1,0.03410346619422144
4.02128907,-0.03636462620222014,0.006894852757427412,-2.754621733334787,0.0,1,0.07001311397889642
4.30283204,-0.0004949455933056512,0.014254844455447302,9.463696388077068,0.0,1,0.06629445382674048
4.58808594,0.0412522985105932,0.018667362853115387,17.847024717042487,0.0,1,-0.024094332897347637
4.47753907,0.049475989853326574,0.00896368473194959,12.299148150508067,0.0,1,-0.00551799316851076
4.45283204,0.04740591720358278,0.0022978706940686017,11.05926953522566,0.0,1,-0.003223896583352759
4.43847657,0.04122409861174514,-0.0012946492992563438,10.284703314772749,0.0,1,-0.027810781031113896
4.31503907,0.02441138943151433,-0.006035786159829054,3.768132845824425,0.0,1,0.029172134471542543
4.44091797,0.02446066072210673,-0.001995504956412219,8.812852075300896,0.0,1,-0.023903242689258808
4.33476563,0.01360087964056067,-0.004285095345986093,3.3574728894263686,0.0,1,0.004978822811234629
4.35634766,0.008836084963073532,-0.0030166300078244106,4.314774274260522,0.0,1,-0.01721625679434413
4.28134766,-0.0005326527892588473,-0.004128455920052263,0.3264592630159342,0.0,1,0.06503045118274753
4.55976563,0.01802886356701272,0.004811020145406434,11.873932743922467,0.0,1,-0.014756275971140154
4.49248047,0.020200119781230264,0.002327425453207993,8.23853593269007,0.0,1,0.049627198490636903
4.71542969,0.03818150623990313,0.006769603970626953,15.66560775526223,0.0,1,0.0063372400745096424
4.7453125,0.04648064144924824,0.00502291305999069,16.551521107573592,0.0,1,0.0011524530786961584
4.75078125,0.04721255143314984,0.0019182743479640996,16.726099193677285,0.0,1,0.022159184870909288
4.85605469,0.05241691380567204,0.002374212240162099,20.067610798980056,0.0,1,0.04090415423224991
5.0546875,0.06720375300812709,0.005720350480872383,25.27346677890877,-0.005110924605955525,1,0.02121329360123636
5.16191407,0.07793240735867712,0.005483001610474145,27.609229496594295,-0.029078966314735055,1,-0.02784819701580188
5.01816407,0.06482320058739521,-0.0025420683869359223,18.0358314155242,0.0,1,-0.01039193602930566
4.96601563,0.04852096048613852,-0.006281436162730872,14.813224511056006,0.0,1,0.005978132614133491
4.99570313,0.03880038539499875,-0.005334003751290214,15.8367956502657,0.0,1,0.0054343581460976065
5.02285157,0.03296910239984552,-0.0037217622488144794,16.817584022043988,0.0,1,-0.009565657939599514
4.97480469,0.023302129035615238,-0.00446291187101492,13.247037469151913,0.0,1,0.003337127994867961
4.99140625,0.017910261600531996,-0.0032849264353660527,13.985890085634033,0.0,1,0.02492565496947874
5.11582032,0.02408964524961288,0.0009648190712382779,19.150033038468123,0.0,1,0.07001870620819606
5.47402344,0.055022126636685265,0.010632433486103557,28.85127164487301,-0.017107438468723757,1,0.06882649008167196
5.85078126,0.09729967511049775,0.017636660653305353,34.53480377486443,-0.19887704169452824,1,-0.012852184461943028
5.77558594,0.1040638664215292,0.008133617321445602,29.780190933534897,-0.000582053591221765,1,-0.03716478851321536
5.56093751,0.08088660404191828,-0.005014548352721776,17.702622741378505,0.0,1,0.014470356815788232
5.64140626,0.06926315168195263,-0.005546000237562479,19.618429396731187,0.0,1,-0.009382357440784639
5.58847657,0.05326868869514012,-0.007180154408124993,16.725704235068648,0.0,1,0.012337049128936517
5.65742188,0.04657784231047213,-0.0046236669309309975,18.613228184432444,0.0,1,-0.017123524116607003
5.56054688,0.03127801559226562,-0.006641164549712503,13.031062725341243,0.0,1,-0.05914998238446645
5.23164063,-0.006387253232859713,-0.014768811124945946,-1.7709679319101355,0.0,1,0.04330620469242752
5.45820313,-0.00580740820935155,-0.0047296553671459275,6.116557176470252,0.0,1,0.017283332582750388
5.55253907,0.002827793319849725,0.001301848720685116,9.006045403422092,0.0,1,0.03489394627528486
5.74628907,0.023055577974462338,0.007176544458432577,14.361128359054092,0.0,1,0.03018252264848198
5.91972657,0.0457012971372297,0.009940754540399978,18.45918604996531,0.0,1,0.027813521123493334
6.08437501,0.06693641862384503,0.010391958675671768,21.87096623718506,0.0,1,0.0238507948246931
6.22949219,0.08406904281516514,0.009174860955663958,24.565311629387537,0.0,1,0.005486753808740197
6.26367188,0.0884779088428953,0.004527908994464702,25.18729579900763,0.0,1,0.009978172739150581
6.32617188,0.08851751611985215,0.0015225054238071772,26.361753953712295,0.0,1,-0.013306576488402388
6.24199219,0.07414588591500948,-0.004283041593678497,21.310472596685756,0.0,1,-0.07575330849620954
5.76914063,0.021376950319671018,-0.019017325729672324,0.4724995557335774,0.0,1,0.0650010155845342
6.14414063,0.024461069995362017,-0.005311068684660442,10.61410681233017,0.0,1,0.012047810175204399
6.21816407,0.030133327333594195,0.00012039621785724444,12.306951545933408,0.0,1,-0.022238276192670492
6.07988282,0.0189349078915777,-0.0036926744080530843,7.203645021042618,0.0,1,-0.0057502654302800105
6.04492188,0.008844377512938095,-0.004594401595564231,5.917064968202467,0.0,1,-0.03350565383981441
5.84238282,-0.013816174135793169,-0.009084984414765166,-1.1545755886169715,0.0,1,-0.0067529176391765144
5.80292969,-0.027282862948842634,-0.007517224409271547,-2.4559496651274273,0.0,1,0.002457003748394637
5.81718751,-0.03055448377629677,-0.0035962817455752263,-1.9007097041694223,0.0,1,-0.011381950450485068
5.75097657,-0.03516166554199973,-0.002734487837092729,-4.391656092360535,0.0,1,-0.02682968329324975
5.59667969,-0.04739319096301742,-0.004988671086036803,-9.784349077236712,0.0,1,-0.02195079347126261
5.47382813,-0.059797151093275325,-0.005797543738764906,-13.592651792477369,0.0,1,-0.007707129087372366
5.43164063,-0.06453166023396495,-0.00351068429315151,-14.862263015149466,0.0,1,-0.009924487585254882
5.37773438,-0.06601346395147889,-0.0016641626702218193,-16.51987034262912,0.0,1,-0.06501053330194406
5.028125,-0.0903873588142794,-0.008679352511007446,-25.013812665540843,0.1395628717191899,1,0.0734151656929769
5.39726563,-0.06428030717782374,0.005809233041816075,-7.807963545200202,0.0,1,-0.02587392386688947
5.25761719,-0.057507459094776614,0.004194027041621064,-11.51812512548807,0.0,1,-0.011033098817146869
5.19960938,-0.05416273096202229,0.0025129183914584657,-13.019014517083185,0.0,1,0.012846516943547881
5.26640625,-0.04241040014880948,0.00475508306822376,-10.023700460887383,0.0,1,-0.03200563572170301
5.09785157,-0.047046258063136115,3.974171796571058e-05,-14.724637512047003,0.0,1,-0.0013409452798172072
5.09101563,-0.046013327181704256,0.00035755753313252564,-14.910577578652592,0.0,1,0.004833882232649689
5.115625,-0.03961163697584702,0.0022530825796632514,-13.57023728482838,0.0,1,-0.003321623457544276
5.09863282,-0.03452583712493151,0.002446294143526255,-14.13835187097056,0.0,1,0.04562344224662174
5.33125,-0.009721019105728423,0.009083704054243115,-1.8411935088899938,0.0,1,-0.035133351465416074
5.14394532,-0.012117248503982658,0.0022291582186629594,-8.892538475924397,0.0,1,-0.005125869028483443
5.11757813,-0.014502858327777979,-5.215053504412093e-05,-9.812894136683681,0.0,1,0.008968781488832844
5.16347657,-0.010662221712361308,0.001262828693457516,-7.330272140137815,0.0,1,-0.014979006673404904
5.08613282,-0.014298697428622553,-0.0007912156742679102,-10.407196546417438,0.0,1,0.04884605038686329
5.33457032,0.00577774783229934,0.006428409862217995,1.9572397421470313,0.0,1,0.06432834125617082
5.67773438,0.043931496476735,0.014860719502217887,13.441764008303991,-0.046765660088920136,1,-0.03340213319383922
5.48808594,0.04354337609255765,0.004824199706013513,5.321274607233683,0.0,1,-0.01946688538918917
5.38125,0.030817706226089925,-0.002633823386818071,1.2177849994503092,0.0,1,0.04674796933797909
5.63281251,0.04285027160734778,0.003132913998146594,9.146097236138672,0.0,1,-0.010020805751974171
5.57636719,0.04059192166403136,0.0002915213516100565,6.8428804483763415,0.0,1,0.0032573303337293247
5.59453126,0.03759375905370366,-0.0009022137529058824,7.435530958705485,0.0,1,-0.03250244418153447
5.41269532,0.017808869494064794,-0.006895701104181584,-0.17503970785408995,0.0,1,0.023923790707657933
5.54218751,0.017223368089739566,-0.0024937341695022708,4.586455213387509,0.0,1,-0.006695800157075382
5.50507813,0.012402888380098176,-0.0024380712930478863,2.9853888280577223,0.0,1,0.0005321795496480153
5.50800782,0.00920321532693702,-0.0018792481154030136,3.1060414607390854,0.0,1,-0.018190845633185737
5.4078125,-0.0015131658102225387,-0.004198543084187524,-1.6126249481107777,0.0,1,-0.006934412019647618
5.3703125,-0.009870259227949596,-0.004185212167304862,-3.3368376282706933,0.0,1,-0.03786005190573172
5.16699219,-0.030169643501150922,-0.008161532146835397,-11.583583457874205,0.0,1,-0.014704214213259736
5.09101563,-0.04413657867932219,-0.007376155775002224,-14.20979091844137,0.0,1,0.002071663252779965
5.1015625,-0.04656309221179811,-0.0032675564358260467,-13.539814404973725,0.0,1,-0.06531393470137836
4.76835938,-0.0716630179603861,-0.009455827394804682,-23.3140688560714,0.10310389726488722,1,-0.09302039855896937
4.32480469,-0.11520395350464785,-0.01766558764635548,-30.891062370742386,0.3280107942524628,1,0.035586867160930735
4.47871094,-0.11454857098472448,-0.005670068375477372,-22.909875450542533,0.043657943342553907,1,-0.018621081181006027
4.3953125,-0.11162503547603642,-0.0009155109555964297,-24.428935399625463,0.0,1,0.04968005801635256
4.61367188,-0.08266456643202158,0.00934831936280614,-13.990181277264938,0.0,1,-0.009821352965395436
4.56835938,-0.06507165970734619,0.008980408695827183,-15.118182646484264,0.0,1,0.0055579296390644295
4.59375,-0.04873668303606227,0.008438461789037031,-13.872477591483381,0.0,1,0.015051021496598649
4.66289063,-0.03074608528074929,0.008809686514783338,-10.37779511853472,0.0,1,-0.03535226602559183
4.49804688,-0.032925591796362674,0.0022100599997233183,-15.39366448335604,0.0,1,0.023838470976540904
4.60527344,-0.02233599907113959,0.004266550908315469,-9.912042515558682,0.0,1,0.00771873385220756
4.64082032,-0.012217629452599965,0.004794973508951698,-8.1175673998981,0.0,1,0.036530448996137777
4.81035157,0.007987295311052911,0.008333299424201525,-0.15673724134981626,0.0,1,-0.02480815347141041
4.69101563,0.0074794880836250854,0.0026084973989245674,-4.979944669453204,0.0,1,0.03343325888683957
4.84785157,0.019671955462942314,0.0049336549260805985,1.8271754020988809,0.0,1,-0.003303655190086574
4.83183594,0.022794223697355953,0.002685307720164745,1.1091925711918194,0.0,1,0.004891062174598559
4.85546875,0.02442524000645019,0.0014387746764196602,2.1950143248049088,0.0,1,0.03503620325020118
5.02558594,0.03738174399379268,0.004798426221254051,9.405843084570861,0.0,1,-0.010804087453332833
4.97128907,0.036220111487980766,0.0012122645718140451,6.389410461576439,0.0,1,0.014222291040500767
5.04199219,0.03851287927774294,0.0011683441205254039,9.374033236563214,0.0,1,-0.041410032410224784
4.83320313,0.019050768232812487,-0.006097922308135016,-1.5138169924085716,0.0,1,-0.03689485113777957
4.65488282,-0.007127877142386829,-0.010758855894444778,-8.700675535621613,0.0,1,-0.03004237816667532
4.51503907,-0.03127685590145468,-0.011635944884504212,-13.424667255546154,0.0,1,0.006964570962173289
4.54648438,-0.038124498122534156,-0.00616119570186123,-11.662458614312484,0.0,1,0.026849385106652468
4.66855469,-0.028198751889529028,0.001254850177047965,-5.063510924170586,0.0,1,-0.018031209997456443
4.584375,-0.02790095694889949,0.0005175483725591672,-8.469010948837735,0.0,1,-0.0005112474437627412
4.58203125,-0.025622292232842625,0.0009320710295386767,-8.566151034542656,0.0,1,-0.014109120272804754
4.51738282,-0.027735138022077166,-0.0003935915865652881,-11.337673364152856,0.0,1,0.0033291533171413423
4.53242188,-0.025227044414855015,0.000704834006885622,-10.295197460471122,0.0,1,0.016418167145552554
4.60683594,-0.015669572243339758,0.0034207687261336266,-5.142691687854764,0.0,1,-0.01153177597203503
4.55371094,-0.0140121218039706,0.0016927397218342612,-7.990340079786527,0.0,1,-0.004031738123456696
4.53535157,-0.01354566726728823,0.0007197314195055444,-8.990015652158533,0.0,1,-0.011842729096302462
4.48164063,-0.01665954606000586,-0.0007980491244040273,-11.934466471313115,0.0,1,-0.02139806555618451
4.38574219,-0.024819726618031446,-0.0029860765608098715,-16.680391477566573,0.0,1,-0.03620574423231204
4.22695313,-0.04006392801220837,-0.006076759318328934,-22.897224975450943,0.0,1,0.02000739241695837
4.31152344,-0.037299842208279976,-0.0011042245048001817,-15.648689899303399,0.0,1,0.011370328999069423
4.36054688,-0.028724192455625186,0.002490475082618203,-11.697309637465693,0.0,1,-0.004747828786099473
4.33984375,-0.023767945707995786,0.0024822406100825332,-12.749382824018099,0.0,1,-0.0003150297749774378
4.33847657,-0.01942309185851432,0.002275698153188,-12.82430716327034,0.0,1,0.007833249633061756
4.37246094,-0.012800043112230597,0.002966248966490573,-9.517959629017206,0.0,1,-0.0020100945715937346
4.36367188,-0.009154270146403576,0.002204007310772532,-10.121053843879153,0.0,1,0.0043863563820476514
4.3828125,-0.004973476151289624,0.0021282671019621615,-8.029157798173088,0.0,1,0.007754011836007102
4.41679688,0.0003634088588748696,0.002488384037375552,-4.301739789138047,0.0,1,-0.0006190866535840112
4.4140625,0.0027737022923837173,0.0016328924902948001,-4.562662400176606,0.0,1,-0.011504424778761013
4.36328125,-0.0004840636818936872,-0.0005416244946608682,-9.351780879745355,0.0,1,0.01235452103849588
4.4171875,0.002419579471125033,0.0007873395527859509,-2.789114767369746,0.0,1,0.05151220544747104
4.64472657,0.02263135859170795,0.006999706224456292,15.237984539043623,-0.0022012222755201094,1,-0.0013456120410550998
4.63847657,0.030330468269356814,0.004899605300701718,14.565068902830731,0.0,1,0.0009684602114956586
4.64296875,0.03202683241906801,0.002198656483470972,14.854578829747155,0.0,1,0.013124684502776596
4.70390625,0.035284236792334056,0.0018186869522456711,18.708029098094343,0.0,1,0.09940209373858155
5.17148438,0.07293743007960618,0.0131572934131726,33.8265755346972,-0.27901602295074834,1,0.0012840839325902742
5.178125,0.08623929254994156,0.008819718627835996,33.948950472805436,-0.1482922055721776,1,0.03473898756789384
5.35800782,0.10069385107261386,0.007758092383502765,36.92628739503722,-0.16103882954895354,1,-0.011956402855716641
5.29394532,0.09419143441123268,0.0004185585740405229,30.98219210705294,0.0,1,0.03183914449649072
5.46250001,0.0971371640462726,0.0011214294030268135,34.15060498587707,-0.00943773805107817,1,0.03664902693519623
5.66269532,0.10719820769326915,0.003727491016674453,37.00723203815156,-0.04278364070099627,1,-0.048563446284798584
5.38769532,0.08037887887566164,-0.007697279266977691,18.236070407712333,0.0,1,0.029943809071965255
5.54902344,0.07371498456055292,-0.004787057860695471,22.152235593937235,0.0,1,-0.017528421181079
5.45175782,0.05613465368961901,-0.007455796243876461,16.647722982147457,0.0,1,-0.003546734950159669
5.43242188,0.04105527211335058,-0.007511725940048293,15.54323655511179,0.0,1,0.04634356748449009
5.68417969,0.05107412614910434,0.0008357093652351516,22.206580143622887,0.0,1,-0.009414836074613908
5.63066407,0.047367740987889206,-0.0009568919319933242,19.05264231718698,0.0,1,-0.02632765658847047
5.48242188,0.029213720824957434,-0.0063703040316416965,10.86942138617588,0.0,1,0.0035625222625150776
5.50195313,0.01932983817474554,-0.005418062227284533,11.536698517547393,0.0,1,0.06428825030721419
5.85566407,0.04225298866841065,0.00583502942212686,21.36305643621361,0.0,1,0.031853507607378706
6.04218751,0.06573710152620826,0.009773047426641493,25.091562993114408,0.0,1,0.047097232505450615
6.32675782,0.09571525866125707,0.013250401520563435,29.595122456825067,-0.04912696012277529,1,-0.007810328987746917
6.27734376,0.09861022734034286,0.005381790066549735,26.91211057612034,0.0,1,0.00759178592443388
6.32500001,0.09581154690152438,0.00086103654257709,27.717000711289117,0.0,1,0.009140316191082576
6.38281251,0.09124561944032195,-0.0012349636395417862,28.717098751226445,0.0,1,-0.02203182371089263
6.24218751,0.0696401040896939,-0.007613492996723273,20.201527841406758,0.0,1,0.02468710844605826
6.39628907,0.06587580107357116,-0.003792598670948666,23.669712988909353,0.0,1,-0.0172524347777796
6.28593751,0.04930803614271273,-0.00678678786726903,17.425714800875014,0.0,1,0.05540019757530157
6.63417969,0.0659353323320575,0.003280169440691913,24.88857803523183,0.0,1,0.022580740498453267
6.78398438,0.08123809356572576,0.0061943102247867254,27.366994806697647,0.0,1,0.06532504132917838
7.22714844,0.11904997138541606,0.014668729348159007,32.91092932616098,-0.13674910804469498,1,0.0462394944249962
7.56132813,0.15588338684647596,0.017167381603072962,35.820949658260375,-0.20921699571053942,1,0.0002841352687070753
7.56347657,0.16148884900646632,0.007590947921021107,35.83817617352281,0.0,1,0.00020658489327485263
7.56503907,0.1509643843359223,-0.0009778389165076284,35.85206602494736,0.0,1,0.03606743567022974
7.83789063,0.15585941663932346,0.0013057311289645102,38.11399177620845,0.0,1,0.020558185563760434
7.99902344,0.15874638223774706,0.0013975655757960392,39.24251640899523,0.0,1,0.08643633378326476
8.6904297,0.20457818818381313,0.01574312384062071,42.594682438977316,-0.1931820925611003,1,-0.06562535221934984
8.12011719,0.16291986630819544,-0.008638399344998993,22.024720379700597,0.0,1,-0.0933012618257546
7.36250001,0.06537928484470346,-0.035392993602830325,4.239553127710657,0.0,1,0.06695670619089067
7.85546876,0.05224144954256538,-0.016176942968322797,11.17148410669877,0.0,1,0.04090004935618907
8.17675782,0.06809316609628269,-0.00010840880486849558,15.009829646551864,0.0,1,0.06012181977526132
8.66835938,0.11131139053178352,0.014369938543544111,20.044238144491857,0.0,1,0.006511649728117241
8.7248047,0.12834833020521863,0.010468959405659742,20.584190422886678,0.0,1,-0.003245954605723189
8.69648438,0.12381107919150125,0.0019772361306474584,19.881978965487676,0.0,1,0.025019090530465693
8.91406251,0.12935637458535076,0.002507510508165667,22.239533799525773,0.0,1,-0.03650306800462422
8.58867188,0.09423343856682997,-0.010871808503451708,13.924737446484336,0.0,1,-0.015304497812530293
8.45722657,0.05786540817700114,-0.01574661296442685,10.784468471743239,0.0,1,-0.016073531774849825
8.32128907,0.02353115063400324,-0.01669362350247492,7.536633051530913,0.0,1,0.012064312290499535
8.4216797,0.012768978476337622,-0.009151931886713514,9.320208558417256,0.0,1,-0.009763678141309406
8.33945313,-0.0005284033088575057,-0.007483104557302882,7.1361487742835905,0.0,1,0.016675254100264825
8.47851563,0.00445548107428273,-0.0008330733913875484,9.90982135388515,0.0,1,0.03761806121716127
8.79746095,0.033154909842995295,0.009288785125775006,15.584954377348097,0.0,1,0.012432564420760572
8.90683595,0.053856298407103154,0.009996724563294292,17.346243014024324,0.0,1,-0.004429533699899402
8.86738282,0.05643120698856485,0.00419054438158533,15.99261782282096,0.0,1,0.013634061194168767
8.98828126,0.06309093069691585,0.003616756029978775,18.17086244325128,0.0,1,0.021447197125204376
9.1810547,0.07722766832634953,0.005917831219804159,21.414707349840484,0.0,1,-0.029187142300764357
8.91308595,0.05552966894720335,-0.005260056053114005,11.702220425525198,0.0,1,-0.03861071596644927
8.56894532,0.011374811012029085,-0.016471637996096092,1.6739944823209711,0.0,1,0.03754017303030266
8.89062501,0.015156121960107072,-0.004230109016006036,8.653260721249808,0.0,1,0.0068101927515666905
8.95117188,0.02082933977080259,0.0004810362648964943,9.865456426336102,0.0,1,0.013222780389733568
9.06953126,0.03179345202858386,0.0038150495075592525,12.26820025949926,0.0,1,0.018821603355938077
9.24023438,0.04885131382175878,0.006957637100244725,15.571191374901701,0.0,1,0.05694356423889757
9.76640626,0.09715695856653284,0.0184210939483396,23.5123937343878,-0.2433994280705516,1,-0.038216942861437064
9.39316407,0.08210985189171005,0.0011246624245056097,12.203950541712658,0.0,1,0.018256295612645523
9.56464845,0.08203417589665563,0.0003496621431503949,14.955947253261272,0.0,1,0.003369340772791274
9.59687501,0.0778457032410742,-0.0012796035041436754,15.480766219755964,0.0,1,-0.008649462446213452
9.5138672,0.06234700747652688,-0.005592766422896994,12.789570961657617,0.0,1,0.019092196283757135
9.69550782,0.06453879397120943,-0.0011336599760714827,16.170092991430224,0.0,1,-0.007513949898500516
9.62265626,0.05418549105428383,-0.0038289876309990298,13.595384523276941,0.0,1,-0.00909312331603529
9.53515626,0.037201715341296904,-0.00693758778132865,10.456083145953066,0.0,1,0.025931994532410352
9.78242188,0.04621515287302813,0.0006919499168008617,15.762724995877846,0.0,1,-0.029189793029044786
9.49687501,0.023075036399475835,-0.007482722185583813,6.102381877101024,0.0,1,-0.034448009440528615
9.16972657,-0.017680311537258575,-0.016079356707439412,-2.735921188558251,0.0,1,-0.02057551755330045
8.9810547,-0.05230728204418611,-0.016902109071455652,-7.069741346750128,0.0,1,-0.085314137993169
8.21484376,-0.12911273879396745,-0.031235855273745672,-19.633776787148083,0.2063102156870329,1,-0.08342843637965924
7.52949219,-0.213868703102694,-0.03866393986082409,-26.47602604997916,0.5060629835652106,1,0.09981582967814995
8.2810547,-0.17579408416516706,-0.00019644030776572174,-10.002497716059693,0.0,1,-0.031911130836993595
8.01679688,-0.1641287526826396,0.0038229637249205806,-13.107221110165689,0.0,1,0.07528139218615215
8.62031251,-0.09432572171782283,0.02454199822991246,-2.722312922162587,0.0,1,0.03636487188096149
8.93378907,-0.025440682758929967,0.031142345729601777,1.850557626534119,0.0,1,-0.09472901737090156
8.08750001,-0.0594021947162382,-0.0009397220759021496,-8.854479122110497,0.0,1,-0.026661514650186624
7.87187501,-0.089401517801873,-0.010313015053845645,-11.126568871020524,0.0,1,0.09606986887359126
8.62812501,-0.03393021952786768,0.015052761073386559,-0.30197275378709776,0.0,1,-0.02619069145823605
8.40214845,-0.022198432096876886,0.00892818283479245,-3.0616902378154265,0.0,1,-0.04823450126021045
7.99687501,-0.04825545570664147,-0.005709613591657378,-7.738140476453594,0.0,1,-0.0452080893533936
7.63535157,-0.08738963286930179,-0.014947930251439229,-11.536399788978741,0.0,1,0.09231831743931074
8.34023438,-0.0409340178781914,0.010502561579890393,-1.5076712923526614,0.0,1,0.06999672232232879
8.92402345,0.03435404694054611,0.028596875466209305,5.209631915178171,0.0,1,-0.006215666096215711
8.8685547,0.06451284627153697,0.019585224932400058,4.4598254315975865,0.0,1,-0.01673750740918356
8.7201172,0.061846383747736766,0.005639587469533282,2.3459931473522175,0.0,1,0.021882768960949317
8.91093751,0.07126097967352507,0.00501806113177386,4.84920791105997,0.0,1,-0.0319568653332416
8.62617188,0.046299393496958885,-0.00664784168159744,0.45460198207470626,0.0,1,-0.00751709459329708
8.56132813,0.024556671783930284,-0.009463521131542016,-0.5478708564581112,0.0,1,-0.0037642010107139523
8.52910157,0.008953374945422254,-0.008355605990016682,-1.0845579238398315,0.0,1,-9.159815879633548e-05
8.52832032,0.000340507780714816,-0.005656157718241374,-1.0988530749972654,0.0,1,0.051208061331354804
8.96503907,0.03239892771663477,0.008800754072559529,6.751407089211689,0.0,1,0.05152393161851543
9.42695313,0.08422106537487473,0.020207630576933158,13.365625247639088,-0.018847917913630496,1,0.049952347646816
9.89785157,0.14235524875608974,0.0261139379860494,18.77484575489514,-0.2382182428045745,1,-0.014089231285572934
9.75839845,0.1479383097170217,0.010565666315660471,15.588225884398284,0.0,1,-0.00024017773121365327
9.7560547,0.13820633522107073,0.00027789727323648816,15.531524789068854,0.0,1,-0.004324237747457604
9.7138672,0.11830752837133929,-0.0065403031921649896,14.417740599486677,0.0,1,0.008042625907012546
9.7919922,0.10500958091552803,-0.006612750215992086,15.620059373268546,0.0,1,0.014620524309649774
9.93515626,0.10154014711132753,-0.0033607280067308593,17.833135260198887,0.0,1,0.03632932291696034
10.29609376,0.12142187628328394,0.005507000388408512,22.747362297668246,0.0,1,-0.008498368608484852
10.20859376,0.11395258451232237,-0.0006540971275176832,19.87205963153599,0.0,1,-0.025063136609718373
9.95273438,0.07940027491748225,-0.011735468907452598,11.9205124779428,0.0,1,-0.021311667919746147
9.74062501,0.0378316497102702,-0.017768031371554888,6.045548369653822,0.0,1,0.013454443617884282
9.8716797,0.024815923797476103,-0.010261252428116326,8.733482952883996,0.0,1,-0.029301783363169687
9.58242188,-0.007864751142044213,-0.014313975789212216,1.0739037027029852,0.0,1,0.002323591079461007
9.60468751,-0.021694223516634636,-0.009381149387934213,1.6136004925216056,0.0,1,0.010269236755210187
9.70332032,-0.01858170691087757,-0.0020895442607257175,4.105409095358112,0.0,1,0.05722509632661499
10.25859376,0.030795813634574287,0.01576265876157538,15.287446120113572,0.0,1,5.7116990272554347e-05
10.2591797,0.05296708443775344,0.012644643188251509,15.297359589724621,0.0,1,-0.0047404199382529155
10.21054688,0.05558606113619646,0.005087873295564843,13.621728635208243,0.0,1,-0.0029457893248515665
10.18046876,0.04975686772406718,-0.00024710670552147845,12.519237385076643,0.0,1,0.0021295375007859274
10.20214845,0.04450250620766383,-0.0018338227406416094,13.032278581868027,0.0,1,-0.0040968703998812694
10.16035157,0.034683709932158635,-0.0038842063387155984,11.23670212624819,0.0,1,-0.0003267908572970324
10.15703126,0.026607310133391238,-0.003986868712494332,11.08311517050025,0.0,1,0.002903623041522474
10.18652345,0.022809516889559234,-0.002594887318775444,12.02315720869224,0.0,1,0.050158182279548935
10.69746095,0.06158795219351276,0.012061182661726025,24.076757295046562,-0.08813139583476115,1,0.004217559681767291
10.74257813,0.07960460549602999,0.010025945321414417,24.85964764594692,-0.021952901775870615,1,-0.005290716000591944
10.6857422,0.07724288752261899,0.002554742449334471,21.823541541924413,0.0,1,-0.045493594258712355
10.19960938,0.029114052909028132,-0.015191364054752132,1.8416218770898922,0.0,1,0.00028723550979758983
10.20253907,0.0028676053598157836,-0.01381260386798816,1.9311703446062722,0.0,1,-0.0019143518947583038
10.18300782,-0.012122189694775187,-0.009600799640859711,1.225601760334328,0.0,1,-0.03091854151203033
9.86816407,-0.04484388391417227,-0.01410749795341893,-8.800379136160878,0.0,1,-0.015497278816524629
9.71523438,-0.07021188153102287,-0.013158498523423177,-12.73657578107747,0.0,1,0.01867637083193041
9.8966797,-0.06192444687853005,-0.0016236879569767881,-5.718838936421129,0.0,1,0.028971206373386016
10.18339845,-0.028727129812406105,0.010524543036382387,3.4279637200969617,0.0,1,-0.012524214841068249
10.05585938,-0.020362799628310668,0.00629629107349261,-0.5816294920113805,0.0,1,0.010041565438040134
10.15683595,-0.006069020400570224,0.006863356767077685,2.550895680495991,0.0,1,0.025844662776107974
10.41933595,0.02345862091334716,0.012130332693665024,9.750778414592887,0.0,1,-0.005679794785770409
10.36015626,0.03133591566085947,0.006669209147059114,7.562813829009706,0.0,1,-0.030672649333186808
10.04238282,0.006182116729544163,-0.006161529928085399,-2.758262364024368,0.0,1,-0.0017892914781354463
10.02441407,-0.008407354963575031,-0.006917000540401532,-3.284523757124191,0.0,1,-0.049605454895180756
9.52714845,-0.0564402795631711,-0.01831664171333254,-15.20350642739384,0.028856177265589977,1,0.01514996126674184
9.67148438,-0.06372539106603803,-0.008533917738733153,-10.246138686759146,0.0,1,-0.005452562184668608
9.61875001,-0.06645202839530029,-0.003753518355998478,-11.436379353911299,0.0,1,-0.008528265098346144
9.53671876,-0.06911361552699091,-0.0021383684958963672,-13.333803346528384,0.0,1,0.014110755846594936
9.67128907,-0.05347074863225387,0.004501499466280222,-8.121267257900861,0.0,1,-0.004180382750155975
9.63085938,-0.044562560298864184,0.004469895933223306,-9.241078538311285,0.0,1,-0.004360169569831429
9.5888672,-0.03989426777393135,0.003046062819385381,-10.4611924380103,0.0,1,-0.016152358434998404
9.43398438,-0.04714250086363769,-0.001400723423440324,-14.781732138076627,0.0,1,-0.04008115603854756
9.05585938,-0.07834849233652008,-0.010868904965440906,-22.83416519817476,0.08574392599131464,1,0.011991545522430647
9.16445313,-0.07837296787825032,-0.003631126835723711,-17.881515729179,0.0,1,-0.006585396765513396
9.10410157,-0.07688342165926265,-0.0007138602055786758,-19.17581643253377,0.0,1,-0.0017806194137175435
9.08789063,-0.07108260841149594,0.001695651014062674,-19.542133215528334,0.0,1,-0.0025574889648513066
9.06464845,-0.06419549941998781,0.002860920001856934,-20.10804112344707,0.0,1,0.0034259111284122845
9.09570313,-0.05281442997256747,0.004747329816425762,-18.226106398352638,0.0,1,-8.589220523524954e-05
9.09492188,-0.04278779691781054,0.00492465429039423,-18.249929696001104,0.0,1,-0.004917750871324622
9.05019532,-0.03793604398061312,0.003258802409197216,-19.6952849388811,0.0,1,0.05304616232304693
9.53027345,0.00765768031970282,0.01628417556983772,4.828896723846043,0.0,1,0.007152371897576559
9.59843751,0.035496740776551405,0.01470774534222877,7.204584651618816,0.0,1,0.021874491528569573
9.80839845,0.06395495427359776,0.014388652946425044,13.732657286007445,0.0,1,0.008084588977928409
9.88769532,0.07946255399932056,0.009965417557382616,15.91454244258233,0.0,1,-0.0007308639441371279
9.88046876,0.07999226102890589,0.0034983748623226424,15.515432248748269,0.0,1,-0.0011662847461905157
9.86894532,0.07263080612462147,-0.0012876933473205954,14.820041504128639,0.0,1,-0.07999366643567529
9.0794922,-0.0028902485045723125,-0.025602915992171463,-14.147307905506693,0.0,1,-0.023361370363862544
8.86738282,-0.05808570344378694,-0.026932790310462036,-18.36742943918539,0.0,1,0.07352261013582817
9.51933595,-0.0265135281264115,0.0015464616689711344,1.2354992437396604,0.0,1,-0.054145550982471535
9.00390626,-0.05147045395719019,-0.007803488053935853,-9.072937888075366,0.0,1,0.010607374981711493
9.09941407,-0.05170072820948057,-0.0026779207687420772,-6.723251412429768,0.0,1,-0.009036467553564242
9.01718751,-0.054359684651503315,-0.0017789590702549374,-8.309563081406353,0.0,1,-0.05185409857358059
8.54960938,-0.0901240333182205,-0.01251443591232404,-16.14929439930082,0.0,1,0.07328551190487254
9.17617188,-0.04828232987506276,0.009775755843611234,-1.6798026035577038,0.0,1,-0.005789451276058677
9.12304688,-0.02776503399722685,0.010097683907149047,-2.6554438366460573,0.0,1,-0.00991222353556509
9.0326172,-0.02272843989187301,0.005044759337500964,-4.396949467964639,0.0,1,-0.009687114826475773
8.9451172,-0.02560777284820759,0.0007218087937221271,-6.131788988089468,0.0,1,-0.010982772813753705
8.84687501,-0.033100307422357034,-0.002256908593475774,-8.11937546836711,0.0,1,0.030664959061064145
9.11816407,-0.01148079409090208,0.006454201579326396,-1.0259079041420662,0.0,1,0.014737067568471485
9.25253907,0.011483612082400896,0.009806202584209792,2.185815167019946,0.0,1,0.01574736717107439
9.3982422,0.03415077499551877,0.01082445516577589,5.556105778432965,0.0,1,0.013674431586791824
9.52675782,0.05334809353578329,0.01000725790201347,8.427923290192865,0.0,1,-0.019312380295188558
9.34277345,0.04316904751126671,-5.726270750103929e-05,2.982181163313335,0.0,1,0.018856485276328883
9.51894532,0.04916309303973776,0.0019789276069900053,7.223980463262123,0.0,1,0.001025915127328414
9.52871095,0.04887699388399369,0.0005642761504153146,7.460356082797539,0.0,1,0.002295693521902731
9.55058595,0.0464837781491223,-0.0006096465281520275,8.037480112382177,0.0,1,0.0022699842830062877
9.57226563,0.043220162102592496,-0.001291087524893944,8.65515363610713,0.0,1,-0.0012854511643969335
9.55996095,0.03696128390411069,-0.0025166552411252513,8.11568557452729,0.0,1,-0.010725887954594726
9.45742188,0.022206815312861394,-0.005757041277458182,3.5549419933853272,0.0,1,-0.0061955309537274905
9.39882813,0.008096200574497558,-0.006622552005274007,1.013128623273559,0.0,1,0.009974647764944278
9.49257813,0.008178709824107955,-0.002180014251887871,4.824850285535696,0.0,1,-0.003991604754903455
9.45468751,0.004380853630236103,-0.0019926234819199074,2.973790473314118,0.0,1,-0.008304413013857537
9.37617188,-0.004426114769218614,-0.0035998639604582086,-0.8471771751478059,0.0,1,-0.002333041701876315
9.35429688,-0.01028367273817743,-0.0031524739764723416,-1.9207207867730034,0.0,1,-0.005741845773019727
9.30058595,-0.016831389827808962,-0.003233397022034625,-4.624461970850355,0.0,1,0.001890001349861059
9.31816407,-0.01723778922030661,-0.001213265471510759,-3.5298246966055515,0.0,1,0.01710369111369392
9.47753907,-0.0027232564815307114,0.004433755755755047,5.4615039400577245,0.0,1,-0.015352910594754188
9.33203126,-0.007364702905347187,-6.923022268714302e-05,-2.612920760678442,0.0,1,0.0010464624183008642
9.34179688,-0.008257899208478747,-0.0003208088419395672,-2.0478616964931717,0.0,1,-0.016098682291195265
9.19140626,-0.020548890759336302,-0.004203933464265709,-9.492090084291839,0.024305024457001778,1,0.004759880997796229
9.23515626,-0.02133614563815378,-0.0016637294476943947,-6.6494479389730685,0.0,1,-0.006006260039177702
9.17968751,-0.024574156774383127,-0.0016339135279745814,-9.383420330473847,0.0,1,-0.0025531914865803973
9.15625001,-0.026098440944631207,-0.0010527325660742194,-10.551442316869618,0.0,1,-0.005759386205314021
9.10351563,-0.02908024461770431,-0.001344845413049106,-13.197305230194935,0.0,1,0.016305513829276475
9.25195313,-0.015778001069431724,0.003985799378407828,-2.2391053500641718,0.0,1,0.00021110461462092722
9.25390626,-0.0076492850395109,0.004038171802776217,-2.1070117320901076,0.0,1,0.004495567475091056
9.29550782,0.0005193100620761726,0.00406892230145443,0.8352154363313957,0.0,1,0.019477654530121402
9.47656251,0.019648222607695942,0.007732611615691401,11.380233552337039,0.0,1,0.032605110732288
9.78554688,0.05332402449653095,0.013802804501508809,22.545899515743656,-0.1406048105315385,1,0.04387050466003184
10.21484376,0.10149299673290635,0.020657258912628068,31.018061647827622,-0.3377247355793447,1,-0.008030592726363972
10.13281251,0.11028379562335111,0.009816019267690948,26.03625523843361,-0.12123381908434538,1,-0.002891288077331744
10.10351563,0.10304747209996101,0.0008598985814336213,24.225101437321896,0.0,1,0.009085637451525352
10.19531251,0.09849176099660184,-0.001231937507308517,26.198869999097468,0.0,1,0.007662835241526
10.27343751,0.09451667536187358,-0.0017356743806789254,27.806011857064874,0.0,1,-0.014068441050944736
10.12890626,0.07260847209768606,-0.007881292548288815,18.32287557957335,0.0,1,-0.015618974639419747
9.97070313,0.04242007029078643,-0.012689898118396152,9.502539357284135,0.0,1,0.0021547507452466252
9.99218751,0.025581228529770073,-0.009842913293137502,10.27634772092835,0.0,1,0.04534792802342036
10.44531251,0.052790455271781056,0.0057887711496244915,22.562245206539572,0.0,1,0.08001121931008637
11.2810547,0.13164104653680475,0.028213120804882738,33.20643198272684,-0.3309700319371309,1,0.0249484926263146
11.56250001,0.18355003079124899,0.026707368353108996,35.335161064136386,-0.28411429691896295,1,-0.004054054050547817
11.51562501,0.19030243701920035,0.011153258193686788,33.37928937505559,0.0,1,-0.008480325637140518
11.41796876,0.16968208288157527,-0.0031556986479794324,29.17845440176103,0.0,1,0.008552856646631746
11.51562501,0.15336975307263323,-0.0064893428189738145,30.28225871325995,0.0,1,-0.007801899586169281
11.42578126,0.12494579624544144,-0.011637766548721867,26.155350039372948,0.0,1,0.016068376054312772
11.60937501,0.11562114731139239,-0.006987471827590311,28.64753775350222,0.0,1,-0.001345895019029153
11.59375001,0.10002164390175139,-0.007528991745743771,27.877834556410605,0.0,1,-0.0003369272234290399
11.58984376,0.08356123437178553,-0.007996467091903214,27.666694573772233,0.0,1,0.005055611724657183
11.64843751,0.07325040590915322,-0.006102431851511839,28.632222238824596,0.0,1,0.018779342706882973
11.86718751,0.08021995785207459,0.0002890400304698393,31.88150873842862,0.0,1,-0.0006583278467131581
11.85937501,0.07636869566919557,-0.0011874073841363908,31.390373440096837,0.0,1,0.03129117256913516
12.23046876,0.09900348577198947,0.007149127572885841,35.86504248613484,0.0,1,0.04279782813492106
12.75390626,0.14569038200905382,0.0179453412699834,39.73380100896982,0.0,1,-0.007656967834731465
12.65625001,0.14875494412683032,0.007003301129253292,34.91588991200962,0.0,1,0.07999999993678997
13.66875001,0.22226597984181673,0.026838112281413223,40.68031853209642,-0.2908582615933497,1,0.08000400103886296
14.7623047,0.3316288902124924,0.045400340884029666,43.61055502635787,-0.7719422100818232,1,0.07166955509325046
15.82031251,0.4468419220467901,0.053537790906109106,45.22460439932077,-1.0477709397716612,1,-0.010148147825684184
15.65976564,0.4538327052933724,0.02017619138423049,41.334519416010195,-0.34213780286151696,1,-0.0019706156981796896
15.62890626,0.4169370898088829,-0.0055731413667530205,40.54454135742827,0.0,1,0.0800049990190419
16.87929689,0.4679437437492293,0.015144504191197783,43.19457478321689,-0.3598039153496053,1,0.08000277729577876
18.22968752,0.5669843112403008,0.03806169056075648,44.90730103264586,-0.7229906675463802,1,0.04697008651742385
19.08593752,0.6406100690491456,0.03722914945653377,45.674289445939806,-0.5466393028427419,1,-0.05444126068793709
18.04687502,0.5374502338661387,-0.021976895242157735,29.5253203842516,0.0,1,0.011688311675358332
18.25781252,0.45866092178579265,-0.03358873577416793,30.276265702774637,0.0,1,-0.03674582808127125
17.58691408,0.3251363189301344,-0.05570444620994208,21.065222905692778,0.0,1,0.04725415079755724
18.41796877,0.3005338817581311,-0.02676896112731514,25.011535801783253,0.0,1,-0.03817603389279722
17.71484377,0.20459442302561825,-0.04090280661994267,16.487038283095572,0.0,1,-0.025347298899718207
17.26582033,0.10215653840722538,-0.04778023041277851,11.52578014789406,0.0,1,0.051798056675364634
18.16015627,0.11695254623075968,-0.010994740863081415,16.978797533256312,0.0,1,-0.013766401361478997
17.91015627,0.09377117128996204,-0.011392038601293022,14.154621130344935,0.0,1,0.07999999991066509
19.34296877,0.19376726121206644,0.029534683773603798,21.742151048084978,0.0,1,-0.056908598834489954
18.24218752,0.13588626357211453,-0.009448771288782715,10.76285351050236,0.0,1,0.07087794424777405
19.53515627,0.20336930528779362,0.01934475680896547,17.295036281189056,0.0,1,-0.01939612075598718
19.15625002,0.18858786320498666,0.0015211049087195117,13.83469502420538,0.0,1,0.004893964105820325
19.25000002,0.17329398689649977,-0.004590923799922458,14.338809003352054,0.0,1,0.006493506486759948
19.37500002,0.16162254983421676,-0.005420786954068502,15.0603343315219,0.0,1,-0.0060483870905306825
19.25781252,0.13255266048355452,-0.011496892101576922,13.717437024533297,0.0,1,0.0036105476635930334
19.32734377,0.11276593160126325,-0.010427873661289402,14.204528841467521,0.0,1,0.04086664776077509
20.11718752,0.15929571869334325,0.012033971143596861,19.391088737656503,0.0,1,0.018640776680497018
20.49218752,0.20053596901493975,0.017758073821731113,21.564582954460263,-0.010288630361603879,1,-0.003431185661920022
20.42187502,0.19858538842449036,0.005269164410427241,20.5213294312299,0.0,1,-0.020657995389103068
20.00000002,0.14590506576055873,-0.01580371941783479,14.274768542369216,0.0,1,0.0039062499960937913
20.07812502,0.11391656561521657,-0.015930739854392306,14.914231238386762,0.0,1,0.005933851885139729
20.19726564,0.09835765340794111,-0.010496550687222592,15.94704561780324,0.0,1,0.03665022747108848
20.93750002,0.14406792452030714,0.01173790680838116,21.698389278386273,0.0,1,0.0
20.93750002,0.1549173996997979,0.007529127329290647,21.698389278386273,0.0,1,0.1663992538112007
24.4214844,0.43776438564789544,0.09679203775912937,35.7162003213391,-1.731327547262417,1,0.08000767758408656
26.37539065,0.7055330339846186,0.12152022869861756,39.08501549952619,-2.199523674213175,1,-0.06399490541763775
24.68750002,0.6399653861542625,0.018650860289420423,22.640831986965324,0.0,1,0.011075949358115622
24.96093752,0.5766375717262306,-0.014892318046203834,23.52063703708727,0.0,1,-0.03724569637078279
24.03125002,0.41944657520169315,-0.05736110485691376,15.55654895008935,0.0,1,0.04193758123947977
25.03906252,0.38988157067261753,-0.028975369795329775,19.531875056837606,0.0,1,-0.01248049920999994
24.72656252,0.3165672708520262,-0.034096556538640355,16.872724713409,0.0,1,0.01137440757373831
25.00781252,0.2769670150373962,-0.024565604117756767,18.092965109867862,0.0,1,0.06716651041176314
26.68750002,0.3740602608769663,0.02417588057393777,24.360104825131685,0.0,1,-0.016364168606003426
26.25078127,0.3550419662236699,0.0017191953068804722,20.36724280761871,0.0,1,-0.06654563847196304
24.50390627,0.1703730717117189,-0.060983233068356846,6.809616768575779,0.0,1,-0.018013709534157485
24.06250002,0.027057014313097483,-0.06809976348899276,3.8942723605654095,0.0,1,-0.02402597400600437
23.48437502,-0.09503284891230734,-0.06339654223813253,0.14909915984178923,0.0,1,-0.025948103770316977
22.87500002,-0.1989396264489791,-0.05576777325826812,-3.625163008122243,0.0,1,-0.015027322391232945
22.53125002,-0.26296054634656585,-0.039929564385284944,-5.714213119732619,0.0,1,-0.03259361994332888
21.79687502,-0.3342555440998147,-0.03707485404617794,-9.992238724568779,0.0,1,-0.041218637955010906
20.89843752,-0.4169182059681198,-0.03991250530482765,-14.635980978400802,0.0,1,0.018691588767158596
21.28906252,-0.39095426973826264,-0.004649523024990165,-11.204086459894988,0.0,1,-0.0036697247671946265
21.21093752,-0.3519031958118113,0.011467183633820377,-11.656503326925687,0.0,1,0.07992633509959068
22.90625002,-0.1617763508642689,0.06719800952712093,1.8748716769372606,0.0,1,-0.0006821282395135242
22.89062502,-0.05453364915181069,0.05814690374652638,1.7585467295115649,0.0,1,-0.029351535810532403
22.21875002,-0.05235741086626433,0.02010771401069092,-3.250121467350681,0.0,1,-0.033755274231218824
21.46875002,-0.10940617415130305,-0.01231368309144927,-8.259955810414155,0.0,1,-0.0010917030557515695
21.44531252,-0.13076649961454478,-0.01122466951823034,-8.414691437500245,0.0,1,0.032750455342862805
22.14765627,-0.07202080821162227,0.015840340628230726,-1.9965685769815025,0.0,1,-0.0031218030096328286
22.07851565,-0.04240794682585758,0.015151067337998474,-2.5666161298502104,0.0,1,-0.07574175984063491
20.40625002,-0.1634229897308188,-0.03528799185565426,-14.04193175707141,0.0,1,0.04000765692862962
21.22265627,-0.14227807453906394,-0.004714358887966452,-6.6125632883399845,0.0,1,-0.013436407128880057
20.93750002,-0.14361213156493235,-0.0020161386379449475,-8.481782512467326,0.0,1,-0.007462686560035681
20.78125002,-0.14533231578078798,-0.0012454409512668574,-9.542952724498285,0.0,1,0.07999999992300744
22.44375002,0.004460285093017546,0.04951571997417956,4.273912283969985,0.0,1,-0.05632135890274892
21.17968752,-0.02635364656116579,0.006233929439998745,-4.621972428460886,0.0,1,0.014385835471476316
21.48437502,-0.014173850174827862,0.006137908608778893,-2.325025065827866,0.0,1,-0.008709091133710878
21.29726564,-0.022495246133757973,-0.0007278291167170728,-3.6548258822540447,0.0,1,-0.007758478144239356
21.13203127,-0.03855087110207833,-0.005594484695012475,-4.889455001185873,0.0,1,0.0018854671134509449
21.17187502,-0.04004579849439338,-0.002363137362442508,-4.500455150310856,0.0,1,-0.049815498107923406
20.11718752,-0.12534673731602197,-0.0292213587280237,-12.34853597308733,0.0,1,0.009320388340248398
20.30468752,-0.14192664528383148,-0.015267088898611059,-10.29422083827317,0.0,1,0.011927664474592259
20.54687502,-0.11820708716075146,0.002817489741489654,-7.571780271480293,0.0,1,0.007623573893719815
20.70351564,-0.08344333250248326,0.012527081466585946,-5.762381894393634,0.0,1,-0.013226165292958836
20.42968752,-0.08192685413147771,0.004681186612530502,-8.307531350063634,0.0,1,0.05353728484242626
21.52343752,0.016804456231650278,0.0344708323252195,3.5524036971561515,0.0,1,0.06715063514631381
22.96875002,0.18521244839391215,0.06762627482916046,14.233868397592914,-0.25061625449972524,1,0.07999999993034002
24.80625002,0.4071070737755491,0.09650696673693249,23.0037554317949,-1.2221824131666388,1,0.02355757115762569
25.39062502,0.5328267136517404,0.0740755355377079,25.15633614364866,-1.0184562285569356,1,-0.009230769223498192
25.15625002,0.5317530574521889,0.02433395977938546,22.577434089898148,-0.2049539035320045,1,-0.006211180119285564
25.00000002,0.4738826412313948,-0.011178818813802893,20.778412816720987,0.0,1,0.006890625194487354
25.17226565,0.4198126821850501,-0.02174959262004922,21.63957225711046,0.0,1,-0.005291662333938518
25.03906252,0.3466930516464579,-0.03162307438621381,19.870494721019938,0.0,1,0.0
25.03906252,0.2812421487399561,-0.0323579924309052,19.870494721019924,0.0,1,-0.03525741026824991
24.15625002,0.15151214322504458,-0.0540293326486056,8.126022289677948,0.0,1,0.025226390664754295
24.76562502,0.12480237853216991,-0.02691303244716009,12.907863920273307,0.0,1,0.006309148259889152
24.92187502,0.11406813130804849,-0.012549093223760494,14.076612608211889,0.0,1,0.003134796235728876
25.00000002,0.10570574675364952,-0.006970492592719826,14.694639590285817,0.0,1,-0.006234374795012543
24.84414065,0.07972746141364695,-0.010982925977574137,12.318101679670754,0.0,1,0.004858413969734299
24.96484377,0.070152956959177,-0.0068524768106813655,13.472715898693131,0.0,1,0.004537631040020029
25.07812502,0.06895972915200943,-0.00268190153928298,14.603706365844374,0.0,1,0.005607476631042108
25.21875002,0.07433522115242397,0.0008978634870438484,16.053475574061324,0.0,1,-0.008674101604025486
25.00000002,0.05259919872326435,-0.006946052980705254,11.686561356941702,0.0,1,-0.006859374794512596
24.82851565,0.023057556781743926,-0.012162564974075231,8.327731215602007,0.0,1,0.024212960552074003
25.42968752,0.056462928579172456,0.00708093560778443,15.61961606118453,0.0,1,-0.014746543767203968
25.05468752,0.03721037042962294,-0.004057207513921697,8.522154199934597,0.0,1,0.001262862686862043
25.08632815,0.027119946319047017,-0.004715877208165874,8.938520262520868,0.0,1,-0.0048426529093297255
24.96484377,0.009691040403836837,-0.0073815943744586845,6.518160313869572,0.0,1,0.0014238775266326442
25.00039065,0.0031312407459118674,-0.004647131344127886,7.091044988877307,0.0,1,-0.010015468698286067
24.75000002,-0.021275481645208316,-0.009684617911749358,1.7542625975230237,0.0,1,-0.005681818177226794
24.60937502,-0.043424636036998976,-0.010611257434513341,-1.0983138338481737,0.0,1,0.017380952570001273
25.0371094,-0.015235961896483019,0.005859138902000873,6.925495013257752,0.0,1,0.0011545362341229826
25.06601565,0.002536892831816573,0.007877331210100156,7.42746597183033,0.0,1,-0.012825507830559468
24.74453127,-0.015578452540015775,-0.003412671387244064,0.198522275930749,0.0,1,-0.00882455067010035
24.5261719,-0.041534535014264407,-0.009789584620497567,-4.156610096483043,0.004070582561581659,1,-0.025212225638849173
23.90781252,-0.10258131333353404,-0.023612120979922407,-13.987455132565316,0.37461829089003373,1,0.011257434354349671
24.17695315,-0.10212787388203992,-0.0077195605094761005,-7.975014586175341,0.0,1,0.010178857049239154
24.4230469,-0.07288268549945798,0.007175209291035281,-2.922844686153894,0.0,1,-0.0110519330821085
24.15312502,-0.07468002418321262,0.0017926235357602072,-7.442526997729679,0.0,1,0.07607711211192991
25.99062502,0.08376964182351188,0.053414096514161576,16.722753127769735,-0.191782600050324,1,0.03787423346851093
26.97500002,0.2380449213415794,0.06922979201074306,23.386899030221457,-0.6877322722122656,1,-0.0074287532845755955
26.7746094,0.27864626598881514,0.036610378885992945,20.20673032361114,-0.1818716791225512,1,0.010869089279786026
27.06562502,0.29997771781336624,0.019313943570181347,22.153852250669757,-0.12366198504016879,1,0.0567053459458593
28.60039065,0.41354243640786237,0.04429288738822584,29.864882459295345,-0.9046920889941426,1,0.01065326357701335
28.90507815,0.4612535510044573,0.03066800066160691,31.023986261659516,-0.5439669767765274,1,-0.006554319591071556
28.71562503,0.4308835523857155,9.933401428835475e-05,27.924794547685167,0.0,1,-0.009413429090176506
28.44531253,0.35726554871087046,-0.024506223220185586,23.469622283450164,0.0,1,0.0066190606906297855
28.63359378,0.30637452198087445,-0.02513241665006055,24.593780193629016,0.0,1,-0.00259201658619046
28.55937503,0.24921290261746876,-0.0274313453378221,23.23463927504234,0.0,1,0.011475544183152886
28.8871094,0.22717554855097788,-0.016489566468104316,25.43105350861407,0.0,1,0.0036916338192010123
28.99375003,0.20611229497182038,-0.012517606682420607,26.13898030500104,0.0,1,0.012138930619041366
29.34570315,0.20773407026792157,-0.003631943795439796,28.419258278369,0.0,1,-0.00883860232192113
29.08632815,0.16961920206031067,-0.013915604001016907,22.728085951772925,0.0,1,0.0327016829038973
30.03750003,0.21569115778481063,0.010718783907827684,28.95216185510337,0.0,1,0.07990012476414488
32.43750003,0.4207528724983298,0.07192683287378232,37.16467249383733,-0.2385714478399521,1,0.034645953879325564
33.56132816,0.5818733346468932,0.07768243167411526,39.3306442666199,-0.536618343262063,1,0.07875042183670233
36.20429691,0.8341915170005976,0.11000020467593985,42.59564190973873,-1.7570729746512512,1,0.037644443790415316
37.56718753,1.004408866760734,0.09340585147869207,43.70022021728059,-1.6091829423176307,1,0.06010065321490954
39.82500004,1.1939678452440745,0.09432160998734429,45.05742829967892,-2.0722843025378737,1,0.08000823896546572
43.01132816,1.4547773573820706,0.11837704070844679,46.305494234136106,-2.757068374980598,1,-0.07984815040410498
39.57695316,1.1777527503358982,-0.05288252211257527,23.9439454787846,0.0,1,-0.05412714544597863
37.43476566,0.7625787592848212,-0.15601883772121738,13.69410082464212,0.0,1,-0.0347166425937766
36.13515628,0.38314275215221727,-0.17848494828460715,8.251177467973783,0.0,1,-0.020052753179901184
35.41054691,0.10111207173989811,-0.15350520956564212,5.322424052004813,0.0,1,0.0057914417566389265
35.61562503,-0.03123943111125982,-0.09528557080560003,6.017813013849803,0.0,1,-0.022297534279717812
34.82148441,-0.1609902816108999,-0.07501214043508006,2.5018190910152143,0.0,1,0.06682521321037527
37.14843753,-0.018537090059808747,0.022480350372003702,10.561071955266307,0.0,1,0.027308096852815433
38.16289066,0.13877202405405598,0.059929821495289484,13.556377863677419,0.0,1,-0.008383062039252875
37.84296878,0.17920208910648228,0.03345329551590526,11.908829688176247,0.0,1,0.055502797420852845
39.94335941,0.35951616670715225,0.07125579103885843,17.966398687885416,0.0,1,-0.019656740484462976
39.15820316,0.3542838374485555,0.022007820593420546,13.755223246372154,0.0,1,0.024819192955022107
40.13007816,0.4031336030318826,0.023619195392249215,16.601323189458512,0.0,1,-0.013179796159160984
39.60117191,0.3498884980708894,-0.009875303189581353,13.58229813277346,0.0,1,0.019875911293454562
40.38828129,0.3597010190844827,-2.0927391995995137e-05,16.12163426113962,0.0,1,-0.019033986479398468
39.61953129,0.2705696946675715,-0.029717417269635726,11.470270439373841,0.0,1,-0.007236803179253348
39.33281254,0.17956332873681902,-0.04024126106679607,9.7290615362828,0.0,1,0.04899098222483733
41.25976566,0.2796759617100477,0.019957123968810886,16.76008042424378,0.0,1,0.030078106604544352
42.50078129,0.4098439172208188,0.05004169315986068,20.45174281707665,0.0,1,0.0024723809024358445
42.60585941,0.44953074520780234,0.02990950704894807,20.75728573868618,0.0,1,0.014522650371764811
43.22460941,0.4834757637673093,0.021284841869484983,22.610337081696898,0.0,1,0.007898423251478048
43.56601567,0.48860914773312203,0.008806075278432579,23.6346146320448,0.0,1,-0.00012552788947750582
43.56054692,0.45000268157160406,-0.00993346362769515,23.58563696425867,0.0,1,-0.016284804947531706
42.85117191,0.3340846408598779,-0.041950501446473776,17.148432997173927,0.0,1,-0.008186036329105306
42.50039066,0.21905346293235795,-0.05232722645799792,14.069004194060582,0.0,1,0.01770204316517221
43.25273441,0.20597873122423493,-0.02180065272204032,17.60895099317804,0.0,1,-0.005915449589259936
42.99687504,0.16095485693482203,-0.022274842337151074,15.182341252898595,0.0,1,0.020068682414646544
43.85976567,0.1969375675455396,0.004569289424522172,19.310006365853283,0.0,1,-0.004657956486524006
43.65546879,0.1814927188887765,-0.0036251864107469667,17.213833813928588,0.0,1,0.0008500511168143543
43.69257817,0.1617383496529925,-0.007793185215510312,17.41274459849862,0.0,1,-0.003200629394216392
43.55273442,0.126729323397349,-0.014267403823717939,15.742684943009337,0.0,1,-0.004332032936911534
43.36406254,0.08294137665308199,-0.019351783522661647,13.388596799975495,0.0,1,-0.013142723412371549
42.79414066,0.006642131893194403,-0.031883676094183085,6.587744945848748,0.0,1,-0.0029939846442519347
42.66601566,-0.042738084811183796,-0.027087964266187103,5.110797935403951,0.0,1,0.017990386918636414
43.43359379,9.815807089097461e-05,0.00524942620529589,11.755268050696841,0.0,1,0.0518751685824983
45.68671879,0.20926851633935684,0.07147326149125394,24.20720780426589,-0.26089527061775897,1,-0.015595341903957283
44.97421879,0.23703965244531133,0.033081465865736154,16.589438521185343,0.0,1,0.04024006816995351
46.78398442,0.38198571862784547,0.059342510682756755,24.094693047384737,-1.0241931121469463,1,-0.007631484458330506
46.42695317,0.3928740043334571,0.02341026546278946,20.61744985161846,-0.19003203395803325,1,0.007664930513466395
46.78281254,0.3952335943251484,0.008589951818160246,22.069101892315217,-0.06083312136153296,1,-0.020640593148912978
45.81718754,0.2830085064605612,-0.03454504534880898,12.725679105913436,0.0,1,0.031110391242491486
47.24257817,0.322094472823224,0.0015136403379512609,19.261776860571644,0.0,1,0.010286007216866455
47.72851567,0.3552910416026194,0.011570069705782227,21.176307914044827,0.0,1,0.0714244793106511
51.13750005,0.6263637708587666,0.09421426632064311,30.596588475694276,-1.7429274262287962,1,0.07270532869938373
54.8554688,1.0195338837486076,0.16246145973682802,36.101227897574546,-3.1558219214670657,1,0.08000427260955245
59.24414068,1.4968804398811457,0.21326933862312214,39.870286000346894,-4.320011974988617,1,0.016536445440092695
60.22382818,1.6924543062906494,0.1362810683442086,40.50868848925549,-2.5912641026370835,1,0.011564930378027638
60.92031256,1.7072437456378466,0.050356835897135355,40.95878484514431,-0.9059858874720561,1,-0.0222947498613425
59.56210943,1.4591845590082926,-0.06590078357747298,32.483448970333995,0.0,1,-0.07999790127647932
54.79726568,0.8164859399428295,-0.2361998008809787,10.506933280403665,0.0,1,-0.005096912711503143
54.5179688,0.40382139541485884,-0.21628811513631652,9.474883755688268,0.0,1,0.04594242146453564
57.0226563,0.3725612985329647,-0.08251607067273686,15.361890482458875,0.0,1,-0.02270205097407918
55.72812505,0.2180068710476064,-0.0790234993860317,10.329049307068459,0.0,1,0.022500420548421163
56.9820313,0.22705460555096124,-0.023325254960892272,13.365000782685932,0.0,1,-0.010577621686154282
56.37929693,0.16242939150672697,-0.029316823001708847,10.876761516498036,0.0,1,0.02555930454026667
57.82031255,0.23666563685905118,0.014973140783538452,14.572362768052173,0.0,1,0.03016484264922914
59.56445318,0.39940667563029564,0.059238059851594305,18.565605493625654,0.0,1,0.08000131161449198
64.32968756,0.8445961703800577,0.16814251820045223,26.579449398101957,0.0,1,-0.001099074668038047
64.25898443,0.9909159760565984,0.1048207746256643,26.258941734658066,0.0,1,-0.005574366342347092
63.90078131,0.951649287556819,0.021851362041961586,24.50363959465527,0.0,1,-0.021878400409811816
62.50273443,0.7362079293438626,-0.06452999872366494,17.741759834749644,0.0,1,-0.005905991527673349
62.13359381,0.5363748711253962,-0.08812101898071045,15.984801500026151,0.0,1,0.001552853522283737
62.23007818,0.3998008002557185,-0.07489836328346272,16.239098735143315,0.0,1,-0.03321218501480594
60.16328131,0.12596395896623136,-0.11624506819098329,6.233128731769376,0.0,1,-0.01899777962758864
59.02031255,-0.11669885492570131,-0.11963596069430533,1.4569267740022127,0.0,1,0.028552140563003592
60.70546881,-0.08787566896119614,-0.03027092490993339,7.386230474399667,0.0,1,-0.048189902612499114
57.78007818,-0.3099236560655072,-0.08410630400474817,-3.556027829562538,0.0,1,-0.028522752684167374
56.1320313,-0.5324579182788653,-0.10221352207270212,-8.508291590322479,0.0,1,0.004586006849176538
56.38945318,-0.5779017328623084,-0.04921911221871511,-7.445221963475554,0.0,1,0.045429040459441516
58.95117193,-0.3389885999155027,0.06323134024269689,2.165002442166241,0.0,1,-0.0003578173140483809
58.93007818,-0.1930407959491447,0.06972638140301829,2.085281124619584,0.0,1,-0.022649989126486525
57.59531255,-0.21521063013686614,0.015852182405098947,-2.9682514768527213,0.0,1,-0.05355931730246344
54.51054693,-0.46542512971932126,-0.07812077239245208,-12.348891554200073,0.0,1,-0.04533956306059028
52.03906255,-0.7577039837006012,-0.1234665421245773,-18.02604792137967,0.5606923200958036,1,0.08000300247530112
56.2023438,-0.4937613078828633,0.04682537789772023,-3.05331744976737,0.0,1,0.04065249730741649
58.48710943,-0.13024605848374904,0.13678020909894484,3.2244862197050495,0.0,1,0.0144329345085914
59.33125005,0.13271045608944831,0.13324557455738076,5.391413220936215,0.0,1,0.046211682337544024
62.07304693,0.481612582035261,0.16071590016773118,11.781128963685106,0.0,1,0.006381090821055979
62.46914068,0.6489370756718955,0.10934679793478852,12.640120225219043,0.0,1,0.016764527550725328
63.51640631,0.7657933686842213,0.07540103031570478,14.954124501072556,0.0,1,-0.013671418621542641
62.64804693,0.6880421194667008,-0.0007834063006052494,11.447700257067048,0.0,1,0.0008043447875767384
62.69843756,0.5960288707357151,-0.030932218343863616,11.581423461584116,0.0,1,-0.0013893389275712043
62.61132818,0.4930940588089143,-0.044622343423554756,11.173860230034037,0.0,1,0.011872601997244603
63.35468756,0.46248209627810155,-0.02507810198478916,13.466460889762011,0.0,1,0.0041433398239301145
63.61718756,0.4305109403228542,-0.019016419313345523,14.29371110031785,0.0,1,0.052007859462186
66.92578131,0.6543655964849862,0.06827941228292878,22.890530265050955,0.0,1,0.015846611862288862
67.98632819,0.8001413648589732,0.07135172688563862,25.03158589553931,0.0,1,0.05664626966229469
71.83750007,1.127281791974383,0.1328307180003494,31.06531212672212,-1.244933195999181,1,-0.008640377649489217
71.21679694,1.1451865953675622,0.05024517379784288,27.70268143469829,0.0,1,0.0468529742051047
74.55351569,1.336766676616847,0.08060841834904253,32.130171986334446,-0.3434535566145911,1,0.009530695815265222
75.26406257,1.380371734190092,0.0414044919740959,32.932065318154145,0.0,1,-0.04564138757199154
71.82890632,1.00088026429421,-0.11269565930726211,16.82410264310488,0.0,1,0.003529437283516179
72.08242194,0.748854142321747,-0.12157392709324177,17.344211236232084,0.0,1,0.004969354807447424
72.44062507,0.590286830308699,-0.09338041303542988,18.128641022836646,0.0,1,0.0015637806809443155
72.55390632,0.471252709276456,-0.07080484468922432,18.395406882639335,0.0,1,0.0030311513349816632
72.77382819,0.3907914121539591,-0.050422047270573755,18.955908029672813,0.0,1,0.009092812161431985
73.43554694,0.3731380417465573,-0.022691805892658512,20.69351876291256,0.0,1,0.012127982116449498
74.32617194,0.4074352697306409,0.003868474030475022,22.957146352380164,0.0,1,0.03644724744046868
77.03515632,0.6163796429117951,0.0709376157372098,28.555152527045124,0.0,1,0.00226661940263595
77.2097657,0.6840376409263911,0.04619853791726858,28.86843143095463,0.0,1,0.009248344345124782
77.9238282,0.7203687115231503,0.027509869504675932,30.183820597656847,0.0,1,0.009444319112648314
78.6597657,0.7398316458612726,0.015657601280932743,31.50238248403349,0.0,1,-0.012593795457999879
77.6691407,0.6053583925419019,-0.03960521734614597,24.125481387872043,0.0,1,-0.02033364687398942
76.08984382,0.3560671598370533,-0.09629881668366491,13.883086180330395,0.0,1,0.01912829198917909
77.54531257,0.32303834266487286,-0.04310921128528178,18.359894716045915,0.0,1,0.01705655965737507
78.86796882,0.38982542635670825,0.00789262413551789,21.879417596029953,0.0,1,0.005884042748192542
79.33203132,0.42940539100624164,0.015824196261683743,23.04816636781277,0.0,1,0.07955093806363922
85.64296883,0.9393230499138099,0.1752472850564174,33.44499767726468,-2.8201348791762655,1,0.08000145958975624
92.49453134,1.6869685010414486,0.30763091206135207,38.702242186109586,-5.694007192477855,1,0.08000050676293324
99.89414072,2.5368446331851544,0.3858356814016859,41.819566095445836,-7.53409425013794,1,-0.000543544191968004
99.83984384,2.7458542398248937,0.19828176268047493,41.61346866944878,-3.3484706132343405,1,-0.015497476363039997
98.29257822,2.49259905482603,-0.018324474106129696,35.53454915147569,0.0,1,-0.010078329696294741
97.30195321,2.0757027902577505,-0.1450735795581366,31.67905817220054,0.0,1,0.08000224818919643
105.08632822,2.342977342952139,0.040733657712083815,36.85312989682757,0.0,1,0.07558517739216519
113.02929698,2.9432805707199776,0.2136789618266408,40.04164705715347,-2.791882397613975,1,0.08000207354735678
122.07187511,3.7517069812105746,0.3407017907724126,42.3794982315606,-5.257261028579379,1,0.07876379183440885
131.68671887,4.644514918021656,0.4111699091944985,44.03415751768192,-6.855866175409744,1,-0.0799986947840946
121.15195324,3.8259788407587223,-0.13578872268947828,24.37402519042388,0.0,1,-0.08000025794714127
111.45976573,2.2901969395640407,-0.5571902079613866,11.277495658597537,0.0,1,-0.08000014024432855
102.54296884,0.588389836503012,-0.7529991036741386,1.929953529691062,0.0,1,0.04813530918635345
107.47890635,0.09978192443058731,-0.4138690052488545,6.053223034668001,0.0,1,-0.07999752855691389
98.88085947,-0.8693410986414989,-0.46099734277364696,-1.9276464976419803,0.0,1,0.03324708156483425
102.16835947,-1.0074991852907544,-0.19971847647430085,1.034221689967275,0.0,1,-0.07546902896355179
94.45781259,-1.6351655365078273,-0.27579494256379133,-5.56998237427667,0.0,1,0.007096422007034198
95.12812509,-1.7568755424073714,-0.13250164948777843,-4.8839353902584435,0.0,1,-0.02508951740341714
92.74140634,-1.8702174793232018,-0.0819478621345362,-6.984887166981018,0.0,1,0.005454514762752938
93.24726571,-1.7288820436708505,0.019795857839271624,-6.366737249857444,0.0,1,0.07994537376767874
100.70195322,-0.8929168630387636,0.28525367949045277,2.1350272965232193,0.0,1,-0.011078484223267515
99.58632822,-0.49349328413616433,0.2282257527976841,0.8594576210519307,0.0,1,0.05280829682144894
104.8453126,0.1855916439931491,0.3024368936423325,6.4414487417230575,0.0,1,0.034172366996214176
108.4281251,0.8082358460583805,0.3083603652358547,9.890328045411266,0.0,1,0.016615269316318848
110.2296876,1.2023351682528016,0.2341532291434253,11.589499781479397,0.0,1,0.047634910107465345
115.48046886,1.7367553369956,0.25619113262874116,16.223301501733644,0.0,1,0.029875181786649385
118.93046886,2.146735809950698,0.22205720186127986,18.957307860849312,0.0,1,-0.05121821446084218
112.8390626,1.6652142072656915,-0.08648813360790886,9.507743894986916,0.0,1,0.027098882599189356
115.89687511,1.5405032644843857,-0.07039969212973829,12.382937711665562,0.0,1,-0.006956615519053133
115.09062511,1.2825850210533645,-0.10943931185358657,11.11167386816134,0.0,1,0.010182193370484871
116.26250011,1.1444000642500782,-0.08254142288562427,12.350742439688979,0.0,1,0.06130389199661601
123.38984386,1.5738862263275877,0.11564824639729498,19.02106051525169,0.0,1,0.07588372727518577
132.75312512,2.437745560172374,0.32650252674736047,25.38641804461227,-2.8916612226402094,1,0.04731527038871719
139.03437513,3.189967264580403,0.3595747437184631,28.655447351427583,-3.5619799242100783,1,-0.021178440563686562
136.08984388,3.0548699072360392,0.07482579545803292,23.566240150447058,0.0,1,0.057320818568052045
143.89062513,3.3828138404608694,0.13425657622762088,27.79531495704522,0.0,1,0.080003257679919
155.40234389,4.2241945503682246,0.3252124287116587,32.40974548956824,-3.8777399050786983,1,0.08000402181063904
167.8351564,5.328936401957861,0.4766514267670985,35.92080391597928,-7.329651645796048,1,-0.07258796530665368
155.65234389,4.421994918422882,-0.14343001892262652,20.58188207056871,0.0,1,0.007639220009692416
156.84140639,3.6991131417868246,-0.28877059851956144,21.14060732631779,0.0,1,0.025946791435169425
160.91093765,3.3685404299865525,-0.2064477701066112,23.08454501818663,0.0,1,-0.04211374695199277
154.13437514,2.3578288290875378,-0.4057197903352088,14.985494105938699,0.0,1,0.03955051398795972
160.2304689,2.1639951062140597,-0.1998511710695623,18.47716664427965,0.0,1,-0.04141007828006171
153.59531264,1.3338156309261535,-0.34334354878582296,11.107663762417566,0.0,1,-0.06257820368859923
143.98359388,0.00659802737169457,-0.5568537174467607,2.085394948250773,0.0,1,0.008904009237805655
145.26562513,-0.5507246725198343,-0.37139213911276325,3.111383576659442,0.0,1,-0.03332257714561204
140.42500013,-1.1868777164222877,-0.3358483943384055,-1.2664847231857195,0.0,1,-0.053131119836873464
132.96406262,-2.027792554504998,-0.3922544108070387,-7.294913531168817,0.0,1,0.03169324422677611
137.17812513,-1.9280953848376043,-0.09751908037988155,-3.1674143227017453,0.0,1,0.07999977219108367
148.15234389,-0.8030539546007844,0.34250744995231286,6.003614516040955,0.0,1,0.08000105464953089
160.00468765,0.8140832367343762,0.6532148804291579,13.548836637199727,0.0,1,0.0800025389756136
172.80546891,2.6215433343407426,0.8202249926785083,19.770134246111766,0.0,1,0.0800032550891101
186.63046892,4.458894772782202,0.8858588103733225,24.9090632093841,-7.04721941552495,1,0.08000016747747662
201.56093769,6.25020165843776,0.8923885653429604,29.160124037148734,-11.871834676872709,1,-0.045337560763160645
192.42265643,5.863481524729053,0.16855614387808426,20.98160234855108,0.0,1,-0.03706846502555572
185.28984392,4.587096954980609,-0.36927614195678693,15.144468313793851,0.0,1,-0.016338422473425318
182.26250017,3.314367944691355,-0.5473350507486803,12.712454242633008,0.0,1,-0.07999708528304239
167.6820314,1.1867670466557456,-0.89164531626143,2.2698857859176016,0.0,1,-0.07999701815396787
154.26796889,-1.0937691987500386,-1.0573938538890715,-5.333122395231825,0.0,1,0.009500514011726358
155.73359389,-2.0207544715570975,-0.6614597088987102,-4.372976903790651,0.0,1,-0.0799993980027196
143.27500013,-3.3540670486641773,-0.6649240953352633,-10.797860835459403,0.0,1,0.08000348978956251
154.73750014,-2.786009415662363,-0.03228882077781625,-3.1473169394411613,0.0,1,0.07988327004647444
167.09843765,-1.239735022022927,0.5046618576205399,3.8161246510863975,0.0,1,-0.04023171218441368
160.3757814,-0.9235079275346436,0.2736296507029412,-0.13217414350742018,0.0,1,0.0545009036507802
169.11640641,0.0399500311707186,0.4123625364694345,4.672044813230805,0.0,1,-0.042139983111529666
161.9898439,-0.07553036790747569,0.09896071246374674,0.30476999523992987,0.0,1,-0.04048768491960997
155.43125014,-0.6735258501209671,-0.1663449232499149,-3.493994464417014,0.0,1,0.024257107284435975
159.20156265,-0.6022037278843015,-0.031674267004416445,-1.0324714103399018,0.0,1,-0.04349831681755789
152.27656264,-1.093442356942262,-0.174304298687459,-5.236121048752267,0.0,1,-0.07957868597709494
140.15859388,-2.2577722050594105,-0.44621138226820256,-11.639006259131271,0.0,1,-0.07999866222687602
128.94609387,-3.5861644461963635,-0.5915345411350521,-16.55695437919573,0.0,1,-0.07999951530443372
118.63046886,-4.81114894708179,-0.6055063473401594,-20.431919568985208,1.523574343978467,1,0.027040376143043554
121.83828136,-4.755394410267684,-0.18325060350868405,-17.720762114615425,0.0,1,0.07920976192601148
131.48906262,-3.5270025026716496,0.3483804346957835,-10.000200319396626,0.0,1,0.08000308961362945
142.00859388,-1.74226206865103,0.7110402895721344,-2.7207283973355842,0.0,1,0.08000176045402019
153.36953139,0.24204144658023097,0.8984479349344652,3.9792868673822923,0.0,1,0.07982660342664549
165.61250015,2.2342704803141658,0.9635589895561336,10.057302859800664,0.0,1,-0.04926786928891125
157.45312514,2.364247872988301,0.36451212741008976,4.706992471190432,0.0,1,-0.07999900763354262
144.85703138,1.1825414332429887,-0.2723981041117409,-2.5446272793678375,0.0,1,-0.07999805842769714
133.26875012,-0.4725470110665526,-0.6424955161404274,-8.207435316505794,0.0,1,-0.07999577920855794
122.60781261,-2.1491237747991363,-0.7730240932910037,-12.750983352727616,0.0,1,-0.07606188432432226
113.28203135,-3.5854669470988085,-0.736455755196892,-16.310848088594568,0.0,1,0.048758284470858504
118.80546886,-3.5445631618237456,-0.23185065664060955,-12.38715035184326,0.0,1,-0.030531791043007073
115.17812511,-3.531009651534248,-0.07276571545037047,-13.943926440172355,0.0,1,-0.027003011700613033
112.06796885,-3.4891617804283044,-0.010305948114809116,-15.311729428754695,0.0,1,0.07954854407981893
120.98281261,-2.4345707165063146,0.34809503860239355,-8.271449088377373,0.0,1,0.031687093954064105
124.81640636,-1.3849281456697895,0.4659125364796397,-5.41719175222601,0.0,1,0.016699527496314648
126.90078137,-0.570998263945711,0.4266141394012395,-3.824454261748663,0.0,1,-0.02934748486017147
123.17656261,-0.4268016977548541,0.19027023519736552,-6.316923038323225,0.0,1,-0.029733740919497542
119.51406261,-0.6243449398465231,-0.0024243356314345155,-8.749924542345774,0.0,1,0.06937598872407702
127.80546887,0.01986270576151128,0.21392776999219998,-1.5305148298197935,0.0,1,0.04724587533998226
133.84375012,0.8435014072520772,0.34585549049425535,3.129981148527584,0.0,1,-0.11302825119915283
118.71562511,-0.07564811010698236,-0.19109800895493478,-7.5559767230021535,0.0,1,0.03661586245258164
123.06250011,-0.16667927627760548,-0.09404305837518596,-4.08313348897147,0.0,1,-0.014607668854388245
121.26484386,-0.34810960717311445,-0.09182446309023168,-5.3218638615119644,0.0,1,-0.09019514363641379
110.32734385,-1.3212739728564316,-0.3549962762578497,-12.21333597842505,0.0,1,-0.02833188166162859
107.2015626,-1.9582317621267293,-0.33065135517604927,-13.97769305845678,0.0,1,0.01142707223933681
108.4265626,-2.0114413432513203,-0.12795364543354681,-12.702811196883225,0.0,1,-0.010865649262960186
107.2484376,-1.9686031052093398,-0.02837180246385551,-13.480452865240949,0.0,1,0.014416002550698304
108.79453135,-1.654292581587569,0.0953129070526384,-11.607449334279885,0.0,1,-0.00933525782405975
107.77890635,-1.4439150213110565,0.10189682244305032,-12.416819438750274,0.0,1,-0.06400545100725075
100.88046884,-1.7932697818968677,-0.08248597938092028,-17.575599272243338,0.0,1,-0.08013041417185396
92.79687509,-2.4921408261983657,-0.26045234122747285,-22.49177373318129,2.3777599600987713,1,0.013024078114999504
94.00546884,-2.533181800332585,-0.10049777178723085,-20.710732317773257,0.0,1,0.005144315069829375
94.48906259,-2.302304324871983,0.0434599012244572,-19.94670240370256,0.0,1,-0.0013477088935951453
94.36171884,-2.0056188725690163,0.11338178450914116,-20.04141348451707,0.0,1,-0.01006764195988008
93.41171884,-1.76930790703679,0.11656425001378912,-20.80407932834058,0.0,1,-0.014552510401060204
92.05234383,-1.6169913495176047,0.0896269358443249,-21.9398135133081,0.0,1,0.06375448756457813
97.92109384,-0.9170212907982176,0.26319899818790393,-10.626697212881986,0.0,1,0.11677131618528902
109.35546885,0.4622467636280021,0.5474890175380412,4.770959434916101,0.0,1,-0.0007287015531824981
109.27578135,1.1067196022054304,0.39732061870515656,4.66345582030079,0.0,1,0.07729154306339803
117.72187511,2.0405705346436918,0.4437238503811394,13.17548240199087,0.0,1,0.06208356554948513
125.03046886,2.946497935475847,0.44988375040443174,18.80646919376045,0.0,1,-0.003786577018519588
124.55703136,3.1144670162689465,0.20595094373251044,18.05742186687266,0.0,1,-0.016941285666171146
122.44687511,2.763066284476409,-0.04848326268667558,14.575970153789129,0.0,1,0.008970727092979969
123.54531261,2.4486468532071086,-0.1209675646519921,15.59394714498059,0.0,1,0.003560181610357649
123.98515636,2.1240368789718644,-0.14852584629574528,16.028295221797904,0.0,1,-0.021531055235747942
121.31562511,1.5622678811065924,-0.23676494805367243,10.848121763226203,0.0,1,0.0008049766871451869
121.41328136,1.159332412915063,-0.21323347208173393,10.972575126927609,0.0,1,0.005488742603241725
122.07968761,0.9167874985763831,-0.15192612880680456,11.891071167045688,0.0,1,0.06005938746684181
129.41171887,1.3301186881923428,0.08713502026971831,20.40558550298411,0.0,1,0.013075998949522383
131.10390637,1.5669566839842872,0.1079910053538875,22.009305270470804,0.0,1,0.0208625076531348
133.83906262,1.7827256457148906,0.10791998902816369,24.491807071573007,0.0,1,0.019058570869121105
136.38984388,1.9546147611039544,0.0932697014724091,26.638750175399878,0.0,1,-0.0261428923779482
132.82421887,1.580539337873148,-0.09360190725279915,17.778378190295356,0.0,1,0.0013939946462715458
133.00937512,1.2772197022683258,-0.13230718095254046,17.991890913498793,0.0,1,-0.029761764886336528
129.05078137,0.6892420967768658,-0.24009492881466687,8.744786852248176,0.0,1,-0.021321548546932356
126.29921887,0.10851957763307496,-0.2736058159861526,3.160896756851173,0.0,1,0.009198146753351955
127.46093762,-0.09407508424158095,-0.15873349262026953,5.160339414085371,0.0,1,0.007269383995607948
128.38750012,-0.11031928315875916,-0.05832589717914924,6.7947751973432915,0.0,1,0.02113961637591877
131.10156262,0.11692376597920884,0.05630571731960626,11.376790363490151,0.0,1,-0.00954651092624792
129.85000012,0.1165047683832654,0.01862890657455428,8.213533889326555,0.0,1,0.032868453954992605
134.11796887,0.4622506013866712,0.12145824652598669,15.040419471629406,0.0,1,0.019374268279581885
136.71640638,0.8131390936061678,0.15744891291516105,18.519591302899826,0.0,1,-0.017074578478252778
134.38203137,0.726290497748721,0.0235334390192381,12.32791681662426,0.0,1,-0.015371288697910823
132.31640637,0.45020657500762695,-0.08418349457395202,7.242244725392425,0.0,1,0.002290910162360049
132.61953137,0.299907815719763,-0.07816075128727201,7.803639674031146,0.0,1,-0.022509175075212884
129.63437512,-0.04899690273413171,-0.14235515658038891,0.5423781499385925,0.0,1,-0.002814405898607153
129.26953137,-0.24976983256658514,-0.1143760288042808,-0.3053639308553713,0.0,1,0.010672951973895506
130.64921887,-0.21436818643559263,-0.026324794224429432,3.0065333711184365,0.0,1,-0.03951420486590773
125.48671887,-0.6090116811671464,-0.14032276298532775,-8.384322589098993,0.0,1,-0.03251091069028922
121.40703136,-1.0955564142689838,-0.2089558320290551,-14.990333112563583,1.7204542708901727,1,-0.009967760816188775
120.19687511,-1.348378767130825,-0.15392606163029887,-16.73091777755028,1.0648260198832844,1,-0.030945324049364897
116.47734386,-1.6723859838008366,-0.15931109276677025,-21.559775875033303,2.4070366211747825,1,-0.01736523329748263
114.45468761,-1.863578780985776,-0.11683462998390315,-23.852856053138595,1.7734478034603853,1,0.0030238495008549915
114.80078136,-1.775035801996097,-0.00943055033140805,-22.73785347216653,0.0,1,0.0002790159580845497
114.83281261,-1.5801753915015695,0.06180995338770656,-22.62509921780314,0.0,1,-0.06769352185424982
107.0593751,-1.9988503627958494,-0.11895500596885777,-30.694617142735442,1.8761078207285635,1,0.03891678095550555
111.22578135,-1.6944164640433428,0.061826297594549606,-18.64413398393534,0.0,1,-0.06495093729453949
104.0015626,-2.003016371830128,-0.08225787006407859,-25.6497970267687,0.0,1,0.019696218487394113
106.0500001,-1.8196951697376846,0.03368777734278838,-20.674890669309224,0.0,1,0.00856023101503034
106.9578126,-1.5007422628799816,0.11754689473349722,-18.458059302232186,0.0,1,-0.01227849764384581
105.64453135,-1.3256440583778044,0.09754836641189146,-19.972013712215652,0.0,1,-0.0019375115529819409
105.43984385,-1.144681909595235,0.09283683839815371,-20.219554430176608,0.0,1,-0.01793824972550928
103.5484376,-1.1164278635710048,0.04036362814079464,-22.543453867286246,0.0,1,-0.026633067325006143
100.79062509,-1.2390828944279804,-0.027430467572060246,-25.624996838577086,0.0,1,-0.019440052070819114
98.83125009,-1.3604347519874693,-0.049594108377183144,-27.608847963597842,0.0,1,0.017959906389766633
100.60625009,-1.1598244514349147,0.05033873072512374,-21.732360609363198,0.0,1,0.15848450027445016
116.55078136,0.3658436756276018,0.5253356192625468,9.144291522616207,0.0,1,0.015068539048016527
118.30703136,1.2445449328565559,0.46801229216383367,11.188868460688084,0.0,1,-0.039766761585657284
113.60234385,1.1881261912329961,0.13719785018009123,3.256144058626141,0.0,1,-0.00481394116940137
113.05546885,1.0153333878184583,-0.011864984411482205,2.3790973308818053,0.0,1,0.006212381914331377
113.7578126,0.9028545162929902,-0.04144795197898343,3.472504290433463,0.0,1,0.06246823710462257
120.86406261,1.3635647050058424,0.13975407891128966,13.018425737654603,0.0,1,-0.02242317684409678
118.15390636,1.2544430531117854,0.010210809005744226,7.977834214814003,0.0,1,0.05409390554152482
124.54531261,1.6279624935720989,0.12791008315535257,15.259206992926138,0.0,1,-0.000627281736765517
124.46718761,1.6725482560045748,0.057498615195942904,15.105990019513598,0.0,1,0.04142030408973252
129.62265637,1.9850845125537688,0.1233449572483789,20.230700371620202,0.0,1,-0.030135549674663586
125.71640637,1.6504080981155624,-0.0704438190632759,12.50270866136146,0.0,1,0.020532324097803478
128.29765637,1.5606400493868193,-0.05340395593067293,15.305721179909398,0.0,1,-0.006722648132500675
127.43515637,1.31382768757355,-0.10007210591464744,13.542226736807407,0.0,1,-0.0438887424735539
121.84218761,0.6148551360357857,-0.266348219150804,3.192795946920768,0.0,1,0.005584836938237636
122.52265636,0.27083666143057883,-0.20345556458533698,4.201192805918673,0.0,1,0.001370919917916824
122.69062511,0.09025509817543309,-0.1280123759468276,4.4702175055861275,0.0,1,0.060441659689576266
130.10625012,0.6104118091999027,0.13071477835921397,14.65483571841861,0.0,1,0.03393860783726654
134.52187512,1.1875912639454924,0.23596474436826798,19.21143227414582,0.0,1,-0.0089785583119667
133.31406262,1.276564010989489,0.10831249713742142,16.601903780168556,0.0,1,-0.020112281835132806
130.63281262,0.9912325502623673,-0.05900632119656679,10.934994465633054,0.0,1,-0.000287064170539697
130.59531262,0.7628391073769478,-0.09579992136066207,10.854530027887797,0.0,1,0.026872135987081158
134.10468762,0.8775203769861548,0.006293782749514976,15.580565111981997,0.0,1,0.011540657358566575
135.65234387,0.990705667875261,0.039826357879540364,17.503038782048833,0.0,1,0.01838914971045824
138.14687513,1.172617112663545,0.07391260088927476,20.45810334991944,0.0,1,-0.01417196370281748
136.18906263,1.0027037006690307,-0.03200027036841324,15.281399553081513,0.0,1,-0.01428964795276666
134.24296887,0.6720138729493499,-0.12089669936269798,10.381612267058372,0.0,1,-0.010911884341730738
132.77812512,0.3285974905104183,-0.15477102726720987,6.815155202102183,0.0,1,-0.05779731219328721
125.10390637,-0.5100120540849389,-0.33112685728752245,-7.721194600080715,0.0,1,-0.04557461613658487
119.40234386,-1.3619460310422085,-0.39435361141493075,-15.093659239355851,0.0,1,0.020237511022675125
121.81875011,-1.4730503294339883,-0.1684859699355703,-10.154093940378104,0.0,1,-0.02778846644661237
118.43359386,-1.6879446386770383,-0.1277934263928735,-14.363417877115722,0.0,1,-0.07105115605921031
110.0187501,-2.355966720075486,-0.26527183593044024,-22.412779177914892,3.1030471046005346,1,0.07100352215326611
117.83046886,-1.8426706374350772,0.08267474890332283,-8.729767654894275,0.0,1,-0.03889990258331222
113.2468751,-1.814432856328608,0.03697084333659739,-13.256306923701565,0.0,1,0.02943651873004316
116.58046886,-1.3713117477480097,0.1600306506390652,-8.106203781306561,0.0,1,-0.011305227735725842
115.26250011,-1.1453059436453685,0.12867881824723537,-9.552810161522167,0.0,1,-0.0021079600890847594
115.01953136,-0.9571082754569318,0.10562549547855737,-9.83688375144191,0.0,1,0.014854814045905496
116.72812511,-0.640867605907971,0.1406220550091727,-6.724052070866435,0.0,1,0.024241694084723875
119.55781261,-0.19353434564115446,0.1959851050919964,-1.7683192038215694,0.0,1,-0.01759739664076143
117.45390636,-0.12906537420431619,0.08681802550961157,-5.015098814638449,0.0,1,0.0022748285542846247
117.72109386,-0.06380981563553689,0.050691194692796954,-4.497439828849409,0.0,1,-0.018608602147421438
115.53046886,-0.20841663504818086,-0.031305208239949006,-8.089884676617558,0.0,1,-0.007181547068812022
114.70078136,-0.33249261683381803,-0.051793730008528716,-9.437551201020554,0.0,1,-0.07170831717514625
106.47578135,-1.052239557157165,-0.25718022344395863,-20.046818537233392,0.0,1,-0.0029863011660351546
106.1578126,-1.3509237933890716,-0.18528815322528835,-20.379599274645738,0.0,1,-0.04079274670359967
101.82734384,-1.748561325389261,-0.19430856174182587,-24.642705024869056,0.6999591377125398,1,0.0006751624603704709
101.89609384,-1.7959374809402533,-0.08056157243093942,-24.45368116185443,0.09680297583307151,1,-0.008755855758327158
101.00390634,-1.7443130603040515,-0.009645717264912479,-25.35364065669753,0.0,1,-0.036230034387796706
97.34453134,-1.878089344960614,-0.04780733397382497,-28.76315759497939,0.48867220233258024,1,0.07019205307111398
104.17734385,-1.2190689993755086,0.20373767053709346,-11.19877517303675,0.0,1,0.06846798196611914
111.31015635,-0.19356870163500162,0.4097459894258668,1.3778178191206436,0.0,1,-0.035591709507108216
107.3484376,0.005168943204836296,0.20282787808856825,-4.4047436897684875,0.0,1,0.02182583000164695
109.69140635,0.2993544161910222,0.16567111702491805,-0.6581686306093459,0.0,1,0.023182935059524734
112.2343751,0.6334150138348633,0.16657723822291975,3.2262982989095903,0.0,1,-0.005707921476189481
111.5937501,0.6942753115038727,0.07581251196397643,2.107876386374109,0.0,1,0.008253990471461137
112.51484385,0.7436069968797199,0.04171473244660784,3.6633459495111182,0.0,1,-0.012415028561584829
111.11796885,0.5898993398276673,-0.03733097486848158,0.8788541421617424,0.0,1,0.0030091892738912662
111.45234385,0.49175181631599685,-0.04515949946005071,1.5475333709307293,0.0,1,0.023826046705432313
114.1078126,0.6229877990338366,0.028692161085929646,6.743492024638044,0.0,1,0.014309384018461158
115.74062511,0.7727578496399303,0.059487403897341085,9.696376796614416,0.0,1,0.021951021930159742
118.28125011,0.9949651374729882,0.09389823057679969,13.950902736303803,0.0,1,0.0039233817664965365
118.74531261,1.0618268949334322,0.0535866626790813,14.707019421391351,0.0,1,0.014638735726008045
120.48359386,1.1516289699192015,0.04779624588828346,17.540602457316155,0.0,1,0.031195896715758842
124.24218761,1.4137770724188243,0.10331478279596884,22.78928587568045,0.0,1,-0.0035087719267180573
123.80625011,1.3907082426337354,0.026748651003626556,21.303430026954814,0.0,1,-0.02341107575283785
120.90781261,1.0217450158550463,-0.11407152525835418,11.959785150205114,0.0,1,-0.048745816112072626
115.01406261,0.2609721511444576,-0.2916147966563143,-2.1940244134802356,0.0,1,0.039118857710959576
119.51328136,0.23377293536044874,-0.10627133748010775,6.277659382978243,0.0,1,-0.005386430634942374
118.86953136,0.14704641618841663,-0.06433261888404662,4.862001776826219,0.0,1,-0.00797223846310946
117.92187511,0.012457934420027073,-0.06630703355081206,2.693928973810486,0.0,1,0.011852391667756645
119.31953136,0.06059688650083217,-0.006056027156668989,5.57115677353147,0.0,1,0.0025731851818429075
119.62656261,0.10520255949948876,0.012849881947329195,6.221080080357034,0.0,1,-0.003030263447272974
119.26406261,0.0885301827072027,-0.0012741649483189593,5.162499403796318,0.0,1,-0.023732788302338714
116.43359386,-0.16305591674787934,-0.08428675480113368,-2.5832647596755933,0.0,1,-0.0019726909767654455
116.20390636,-0.29440159841310276,-0.07187747882211903,-3.1760870497378733,0.0,1,0.0028573157340456845
116.53593761,-0.3078717018779429,-0.028449194095653052,-2.129263331125806,0.0,1,0.015358727845738773
118.32578136,-0.1397971326205436,0.04654179172058209,3.369000229562225,0.0,1,-0.015436724600556562
116.49921886,-0.1963236286067911,-0.0033282347552217872,-2.331961855893937,0.0,1,-0.009931665304901638
115.34218761,-0.30464584504936454,-0.03721681706593177,-5.665239535362275,0.0,1,-0.026788496247769356
112.25234385,-0.5909067795165299,-0.10782591717769907,-13.283479599750386,0.44625573763356385,1,0.014497191721667413
113.8796876,-0.5491830359570713,-0.022034057872746815,-7.501340585368872,0.0,1,-0.014536997641008575
112.22421885,-0.620511640347587,-0.03112088742108754,-11.479558856415437,0.0,1,-0.00011834566670276825
112.2109376,-0.6055734100138892,-0.005394219029129954,-11.511674590095602,0.0,1,0.017141265737004252
114.1343751,-0.3873533856792193,0.07094193510184665,-4.235444596321635,0.0,1,-0.0024436656332120776
113.85546885,-0.2692061122052678,0.0630297361919327,-5.091332125840161,0.0,1,0.014409716340999523
115.49609386,-0.05097988195119285,0.09375198881533589,0.9092783923834631,0.0,1,0.010552304924505318
116.71484386,0.1639440566717809,0.10289197581276992,4.9586390670881,0.0,1,-0.002175440943095186
116.46093761,0.23658516709396338,0.05851102874498412,3.928905420254125,0.0,1,0.022700744595181677
119.10468761,0.47350279171388365,0.09847621778830146,12.136473258830364,0.0,1,-0.012108570442855626
117.66250011,0.43232074638102347,0.01909805748514709,6.080843425203966,0.0,1,-0.04355678321647716
112.5375001,-0.05138033931716279,-0.1548676760710131,-9.502757207889971,0.0,1,-0.015036654435155672
110.8453126,-0.42996481222316163,-0.17781738299233735,-13.249302302886967,0.0,1,-0.02886201206851935
107.64609385,-0.8500282101575607,-0.19929359364224553,-19.229240191057546,1.4393229427505077,1,-0.03602662076530139
103.76796885,-1.3124013082782966,-0.22055556392099374,-24.760741648450608,2.9234398728259663,1,-0.05493777437467884
98.06718759,-1.9092861866487993,-0.27248014743049875,-30.489324325653623,4.89959804270363,1,-0.07396873957808592
90.81328133,-2.6531136319466526,-0.33876919757611734,-35.229222439522815,6.9282522860443265,1,-0.050240448678653626
86.25078133,-3.184142885266695,-0.28993281696538675,-37.37302356964326,6.173899472687296,1,-0.005760817378557048
85.75390633,-3.2257185214878206,-0.11050281772883741,-37.59095568392627,2.3147489091772684,1,0.01077757025369075
86.67812508,-2.9006782336410595,0.07151249003930804,-34.57416820353504,0.0,1,0.02644482097281653
88.97031258,-2.3054192785809278,0.22225714836647992,-27.242934375131124,0.0,1,-0.017649848072501806
87.40000008,-1.9465309028357893,0.19371517470387278,-28.65157014887888,0.0,1,0.015598183624166317
88.76328133,-1.4912690355602365,0.21632568065980862,-24.219974600128747,0.0,1,-0.011714796190714472
87.72343758,-1.2260193281257727,0.16052512936475738,-25.39491982276843,0.0,1,0.08675168768961972
95.33359384,-0.35704650873140054,0.3431659829197099,-5.008291188857257,0.0,1,0.045899677896796165
99.70937509,0.47184221419341554,0.3906849019481753,3.0946904346175756,0.0,1,-0.06217287736889776
93.51015634,0.33036482863968786,0.08306917213148254,-6.899317618850439,0.0,1,-0.009482592957880676
92.62343759,0.15820250430952854,-0.029697717399558926,-8.151240597968943,0.0,1,-0.04416403791994039
88.53281258,-0.28194761738134844,-0.15661594636347864,-13.574498662525464,0.0,1,-0.02078148989491868
86.69296883,-0.6318473559449984,-0.1688385616423762,-15.790035950344176,0.0,1,0.045472978411091214
90.63515633,-0.42562765389807566,0.012460380134848847,-7.468270376104805,0.0,1,0.0635618422615678
96.39609384,0.19302929411689718,0.21037244271660727,2.323722167786869,0.0,1,-0.011532819492097501
95.28437509,0.3936287644479677,0.13699063768255926,0.47948356787671287,0.0,1,0.03273916890417228
98.40390634,0.7210870400761706,0.15481630443692074,5.382624716668062,0.0,1,0.02103098674608983
100.47343759,0.9971865287172648,0.14363859769267162,8.417494247272359,0.0,1,0.04970996693057406
105.46796885,1.468348333978028,0.20493346765114495,14.832008949381418,-1.9674064321617806,1,0.012837132114732919
106.8218751,1.6943923962769105,0.14365917665000905,16.39345973827595,-0.8069919776533538,1,-0.011782172413859815
105.56328135,1.56133224856994,0.0035330096476795525,13.482160105884297,0.0,1,0.010753324787587282
106.6984376,1.4592875081689556,-0.03283724358443485,15.019314482456153,0.0,1,-0.006091935501780998
106.0484376,1.2324911789543904,-0.08654452426633341,13.32344607584124,0.0,1,-0.022284922847368716
103.68515635,0.8194453119342455,-0.16653013042882614,7.287200422933971,0.0,1,0.03808856435215291
107.6343751,0.8737368315963039,-0.03741287025558926,13.710229117103758,0.0,1,-0.013914293167109237
106.13671885,0.7032665012943085,-0.06929440018586153,9.913867100145488,0.0,1,-0.006087372560603654
105.4906251,0.5055846485354607,-0.08899208431490313,8.250087027227671,0.0,1,0.016626181220723568
107.24453135,0.5107705222780794,-0.02793540352409485,11.47679255035856,0.0,1,-0.02897146559259034
104.1375001,0.21187997812621973,-0.1089419825586515,3.3594830122066455,0.0,1,0.001462909613287433
104.28984385,0.0574733537064418,-0.08778286899280982,3.6925931721414926,0.0,1,-0.02668344689443125
101.50703134,-0.2564204471456577,-0.13389222328163644,-3.1051734842658902,0.0,1,0.006049457775424427
102.12109384,-0.340827101976231,-0.07276629270406992,-1.5063562518009164,0.0,1,-0.01690701142219575
100.39453134,-0.4985083792268341,-0.07681585665155766,-5.6753787613641435,0.0,1,-0.008754523162456507
99.51562509,-0.6090488404165626,-0.06245210594709538,-7.7307564478835005,0.0,1,0.0007379494419452737
99.58906259,-0.6074452093100575,-0.020282824946863398,-7.483287323102026,0.0,1,-0.0008393868546000549
99.50546884,-0.5629891054809519,0.008057759627414063,-7.712552797075858,0.0,1,0.019981627876122676
101.49375009,-0.3281551906096638,0.0809638914995674,-0.5138978000696497,0.0,1,-0.03095172113764988
98.35234384,-0.44517582145654444,-0.01201891311577108,-9.40335085013487,0.0,1,0.0002700749058224261
98.37890634,-0.46437461009193726,-0.010405900583721317,-9.303264988632023,0.0,1,-0.005495334519491357
97.83828134,-0.48032820356863226,-0.008786498020138755,-10.79697415160203,0.0,1,-0.056271110700195415
92.33281258,-0.9070667133429282,-0.14517500259814486,-22.300558059377856,1.8679858029799163,1,-0.019562384698668223
90.52656258,-1.1953679087848315,-0.1444920660133493,-24.97720139053621,1.6282650367024019,1,-0.02953207792063728
87.85312508,-1.4626909724403845,-0.1372717098896341,-28.408455354299587,1.8824819304938814,1,0.017989897895616336
89.43359383,-1.342755860731458,-0.00577886606023581,-21.92960393958776,0.0,1,-0.01554924654647527
88.04296883,-1.2867773998160459,0.016733198285058704,-24.02770793024253,0.0,1,0.10770664183655732
97.52578134,-0.361322343540337,0.31406275152025587,2.737860418926161,0.0,1,-0.09273990052403103
88.48125008,-0.6221955584407937,0.017729845539933065,-11.871672054589354,0.0,1,-0.12405523769245552
77.50468757,-1.6154960785209482,-0.3251902248467404,-22.24108343933934,4.5088338775330925,1,-0.03347579780457399
74.91015632,-2.193732602850943,-0.30114224972557846,-24.09161592010903,3.3227653669725044,1,0.0830578296142046
81.13203132,-1.7815502314450242,0.03701337389344683,-12.915919078977126,0.0,1,-0.011795972989081083
80.17500007,-1.5067491306216567,0.10393815823893804,-13.847888245546407,0.0,1,-0.043128313027515075
76.71718757,-1.5319371943248399,0.026250031511918293,-17.161004671095185,0.0,1,-0.09353550993318815
69.54140631,-2.014851564982692,-0.152221446381978,-22.889774778021398,0.28603125499195414,1,-0.05808140378977622
65.50234381,-2.4249929948963995,-0.18745429209856201,-25.556641335678577,0.5169170577510442,1,0.12628364923847446
73.77421882,-1.738658042778539,0.16629355333976625,-11.73705744856251,0.0,1,0.03185394623742077
76.12421882,-1.0547690631547368,0.2833941776545228,-8.367192359796036,0.0,1,-0.03535545312279631
73.43281257,-0.8492110055799458,0.16298407840977136,-11.0711917067092,0.0,1,-0.05192884660879604
69.61953131,-0.9934378313275545,0.006252417554054257,-14.68229891477985,0.0,1,-0.020086855996962583
68.22109381,-1.0993012165907317,-0.033203655903041085,-15.968623303865016,0.0,1,0.02597253871265659
69.99296881,-0.9129682245064146,0.05104311206042533,-12.751063146453347,0.0,1,-0.03820696272020285
67.31875006,-0.9665726055887234,-0.000853756340627787,-15.567374902580958,0.0,1,-0.02221242222511932
65.82343756,-1.0374364539974863,-0.023905868249797013,-17.112250546857226,0.0,1,0.02501958361713963
67.47031256,-0.849175757035411,0.05478494290409275,-13.6192542135828,0.0,1,0.0787151757341733
72.78125007,-0.24170263630142585,0.2207526878793593,-3.619542567480707,0.0,1,0.010927436657587997
73.57656257,0.14845185209068745,0.20363572542382424,-2.252966036983281,0.0,1,-0.06329503713318141
68.91953131,-0.05692782972082,-0.0005813187958944102,-9.044285974019232,0.0,1,-0.07415804203616827
63.80859381,-0.580785143149825,-0.17481287740829982,-15.097823155642502,0.0,1,0.007125803482739279
64.26328131,-0.7564244129351891,-0.11681738239788797,-14.160408438019537,0.0,1,-0.009324434385935332
63.66406256,-0.8311435759165988,-0.06384551512643255,-14.900517772045497,0.0,1,-0.039293164768465894
61.16250006,-1.0077047344142471,-0.08013555787469362,-17.968762531456967,0.0,1,0.029302064144563822
62.95468756,-0.8626609607952176,0.021636071914778676,-13.546823844850344,0.0,1,-0.014606239592939496
62.03515631,-0.7948782647527679,0.029806255985742824,-14.850480672902641,0.0,1,-0.03581638432402612
59.81328131,-0.8799033113354824,-0.018406263532323885,-17.9297060013497,0.0,1,-0.15999007328160242
50.24375005,-1.646551497015551,-0.26168481640413077,-27.40300589653616,4.323745407170897,1,-0.11015051632277606
44.70937504,-2.3538608826042875,-0.3229980673309556,-31.00799927687825,5.375372462906952,1,0.06998322493214615
47.83828129,-2.2506183143483014,-0.07325183302498983,-23.62920552495651,0.0,1,-0.0019597275962253136
47.74453129,-2.019258004024614,0.05270282576623231,-23.708931880452617,0.0,1,0.1599986910249549
55.3835938,-1.0987178060273877,0.3244143412544862,-7.869067467877905,0.0,1,0.07892398181643467
59.75468755,-0.18263007735982484,0.41350068997401634,-0.9129465591142818,0.0,1,-0.0015035431308183522
59.6648438,0.28314598092060805,0.29309224941814976,-1.0473320074980776,0.0,1,-0.026109387049128574
58.1070313,0.36262080331744073,0.12418902393832751,-3.4999156433599907,0.0,1,0.03369321175422013
60.06484381,0.5352908567394081,0.09895302578676496,-0.0017070932293279384,0.0,1,0.0004032100720450238
60.08906256,0.5790365412221092,0.047566236756488744,0.04319074257929856,0.0,1,-0.044504251623658564
57.4148438,0.3298047750282791,-0.06722184314578045,-4.92274128336382,0.0,1,-0.11595977728672313
50.7570313,-0.37711254765432045,-0.25804638860946,-14.631514580848332,0.0,1,0.14177530808426142
57.95312505,-0.09947068419109684,0.006531824951254539,-1.3494545051757,0.0,1,0.0636964142453953
61.64453131,0.3552566595564457,0.15375305623293237,4.034547012278736,0.0,1,-0.03617007806884398
59.4148438,0.3672083173005092,0.05523490465899861,0.4821856622938583,0.0,1,0.005036094195706831
59.71406255,0.367518348897498,0.018514978751995814,0.9628842356909004,0.0,1,0.04496689967713485
62.39921881,0.5608098572878717,0.07060216238078981,5.29050668086677,0.0,1,-0.0062225338298269595
62.01093756,0.5783646858757336,0.02938566365621731,4.517479857662067,0.0,1,-0.026620807795443402
60.36015631,0.4013799388466879,-0.049199694457609466,1.1399084536997464,0.0,1,-0.0009448492761864324
60.30312506,0.27468663292827245,-0.058631000125341615,1.0185757287657395,0.0,1,0.007501165976886437
60.75546881,0.22614473972504356,-0.035724297776190184,2.0217482286864623,0.0,1,-0.0024817724717348666
60.60468756,0.17046329397967241,-0.030468581173853787,1.6301114163165735,0.0,1,0.006136076514408728
60.97656256,0.15940687994201141,-0.013841665070504938,2.6078265218989714,0.0,1,-0.020397181437969203
59.73281255,0.0369489320946812,-0.04543320430594505,-1.067754407557345,0.0,1,0.02015485641149506
60.93671881,0.07296640216312511,-0.003138578079167051,2.5014624408272184,0.0,1,0.012461698214630168
61.69609381,0.1481758536837532,0.02402362448048702,4.719449386350803,0.0,1,0.0012029732421725559
61.77031256,0.1796174874704235,0.01848841942238577,4.947908525277079,0.0,1,0.005084359896915469
62.08437506,0.20654205540788695,0.015137662453283074,5.991882250925094,0.0,1,0.06266673371907183
65.97500006,0.5270112514259608,0.11186895282378567,16.63421323374574,0.0,1,-0.014612542616494806
65.01093756,0.5629897034828346,0.049282468293553205,12.474619682993435,0.0,1,0.0035090249204521307
65.23906256,0.5530735375543756,0.013122100788364732,13.080565572350764,0.0,1,0.026034057409055622
66.93750006,0.6435624514606104,0.034537004898199886,17.431130054496407,-0.485959688153244,1,-0.008765172727904225
66.35078131,0.5862834749586767,-0.007580657201244567,14.513186079765617,0.0,1,-0.07487430670618589
61.38281256,0.09478963462781564,-0.16635816584403523,-4.152334796646798,0.0,1,-0.039760723046281976
58.94218755,-0.3622418392565905,-0.20779654657614718,-10.405578042196097,0.0,1,-0.004267953234457056
58.69062505,-0.5815342979274192,-0.14236300174899197,-11.014544050686645,0.0,1,-0.03683243700605299
56.5289063,-0.8228625649355479,-0.1278970895857069,-16.006449491716204,0.0,1,0.04823306655766668
59.2554688,-0.6477412763616499,0.01574139966273036,-5.963870946402579,0.0,1,0.0035202447001820847
59.46406255,-0.4888193798778957,0.05822109871549486,-5.249326614226661,0.0,1,0.016173108912485468
60.42578131,-0.288480253312855,0.08618674176017854,-1.8574732335401762,0.0,1,0.019509987697997833
61.60468756,-0.0660284814209362,0.10287950455069911,2.144129533441145,0.0,1,-0.034189768561825984
59.49843755,-0.12482105618990147,0.014695643260577956,-4.7824356954175755,0.0,1,0.007143044884882155
59.92343756,-0.10839892139188834,0.01037259268619703,-3.198107328020434,0.0,1,0.000456311438618906
59.95078131,-0.08887596471022619,0.009965183122619722,-3.088350961545437,0.0,1,-0.009421791470560659
59.38593755,-0.11877846931020741,-0.0066457738257871685,-5.209388163549981,0.0,1,-0.10420448855909326
53.1976563,-0.6395216200010196,-0.17579630817219982,-21.110011602318075,0.953101719224378,1,-0.020912575428628344
52.0851563,-0.9393080603463417,-0.158527582839174,-23.02298330163803,0.5129864073274959,1,0.03913363028537176
54.12343755,-0.8410688379901359,-0.020096120160989384,-14.348894776783972,0.0,1,-0.028898062850407413
52.55937505,-0.852198698646184,-0.010408660272345882,-17.627492295323982,0.0,1,0.01261965632903772
53.2226563,-0.7314736332536995,0.03677213504004617,-14.818719173424789,0.0,1,0.007647706414833699
53.62968755,-0.5762356936196511,0.06400335822469816,-13.033656769637993,0.0,1,-0.028872767505056962
52.08125005,-0.5796335410009874,0.02020183694778732,-16.88809064869252,0.0,1,0.07696807864925659
56.0898438,-0.19898019044156712,0.13361839583573587,-1.4554199196604927,0.0,1,-0.013385333228544183
55.33906255,-0.05463693679173076,0.09265388316185741,-3.679470549329686,0.0,1,0.020371572955024675
56.4664063,0.11603308059916628,0.08777463351758483,0.13227507193670363,0.0,1,0.037300939408286604
58.5726563,0.36721949924468333,0.11298701738770062,6.538876197754298,0.0,1,-0.003948087974968595
58.3414063,0.4429402502970561,0.06290258948002447,5.666445506477821,0.0,1,-0.11793457145375674
51.46093755,-0.12948345753485313,-0.1698403727839616,-13.137882506836057,0.0,1,0.053028692828391844
54.1898438,-0.17749616915623534,-0.07261769480178128,-4.956749639525299,0.0,1,0.004944999490845481
54.45781255,-0.1643804483705722,-0.01983399133870606,-4.190622933111548,0.0,1,0.044156887458381755
56.86250005,0.05626640771981073,0.0669376215838923,2.4225878445469107,0.0,1,-0.037563200670421515
54.72656255,-0.016093823211647873,-0.001807536449188768,-3.2125550809908106,0.0,1,0.00018558172716809374
54.7367188,-0.05008643257640699,-0.011933381937982629,-3.1823516451637346,0.0,1,0.06943750618095135
58.53750005,0.2538229029559105,0.0973253178647783,6.972722280394116,0.0,1,0.040986013375198915
60.93671881,0.5845605588090805,0.1426876579059828,12.054650984954662,-0.7439833720863973,1,-0.052898114190405354
57.7132813,0.43259621433490736,-0.0030922288560634725,2.7533874825715543,0.0,1,-0.01698861558232001
56.73281255,0.2388586284032428,-0.065609938262576,0.2099036020020577,0.0,1,0.012737888666512154
57.4554688,0.18230630390381464,-0.04072075425400137,2.101196533038596,0.0,1,0.002148402973260577
57.5789063,0.14912440799545124,-0.02463421672078825,2.444038237985339,0.0,1,0.0032699691970357048
57.76718755,0.13579653020831728,-0.012654031502640745,3.0140119055292445,0.0,1,0.017432582279141906
58.7742188,0.2017354846307171,0.01776164097325303,6.138149402272283,0.0,1,-0.03704589860069729
56.59687505,0.03644835895602938,-0.04917516156714491,-1.5940349484926841,0.0,1,0.020802274842204316
57.7742188,0.048879412039013914,-0.012248036161386797,2.34916162851502,0.0,1,-0.0031236900082498575
57.59375005,0.03598259174392382,-0.008381618818825633,1.676497568917334,0.0,1,-0.009332609867101271
57.05625005,-0.01825603438228285,-0.02087341498167744,-0.43130499018741375,0.0,1,-0.00900974914316155
56.54218755,-0.08669255291352584,-0.029769977837640148,-2.490567191146944,0.0,1,0.010321386124014564
57.1257813,-0.06505362026968697,-0.0027103483979337567,0.1231316110706473,0.0,1,0.026476661948079183
58.6382813,0.0772286477413715,0.046523973204374916,6.378049281713771,0.0,1,-0.028178584251922767
56.98593755,0.004238748601785858,-0.00882197531173691,-1.070262016955084,0.0,1,0.02954402125125699
58.6695313,0.1076900491485091,0.03154310841166212,5.574434266033698,0.0,1,0.029148967481183785
60.37968756,0.292954550326165,0.07226920319643934,11.26284275206418,0.0,1,-0.018515643342623567
59.2617188,0.26800985838781344,0.01577483708602928,6.049888367477408,0.0,1,-0.00972908838411879
58.6851563,0.18515648255298345,-0.022359512916266894,3.4439763009248097,0.0,1,-0.01879734279586487
57.5820313,0.03637300442282054,-0.05704766368214327,-1.3631574274535296,0.0,1,-0.0006648124273448408
57.54375005,-0.044239922510833196,-0.04588686353859902,-1.5312575641762365,0.0,1,-0.008770500698363937
57.03906255,-0.12291701743508554,-0.04152131948761713,-3.8669148615722406,0.0,1,-0.008533077653114285
56.5523438,-0.19257237594428744,-0.03705889266560636,-6.132117504420698,0.0,1,0.0466796523825066
59.19218755,0.00863462196313236,0.05471603508060449,6.685003400198276,0.0,1,-0.008394266550468155
58.69531255,0.06711231908658277,0.03773124406801831,4.101467417492444,0.0,1,-0.022840409936619288
57.35468755,-0.020960275608906898,-0.016780450209157124,-2.4021018667847756,0.0,1,-0.0011578173090405208
57.2882813,-0.06878373748924105,-0.02153463736316376,-2.714944378062796,0.0,1,0.020333019660689233
58.45312505,0.010106822194693166,0.019118640773590156,3.271097827165235,0.0,1,0.006535685639958766
58.8351563,0.08054580435377545,0.029852540977557483,5.127922528831554,0.0,1,0.010822079689112751
59.47187505,0.16211304090383294,0.03713992584253832,8.203531742003555,0.0,1,0.029176081274403964
61.20703131,0.33398359410354317,0.06967015968074952,15.387116220302161,-0.3950918122691647,1,0.004199374557119162
61.46406256,0.41350617536144085,0.049730913646215735,16.339318782353317,-0.16992773114488102,1,-0.04509749103053762
58.69218755,0.18781903387693433,-0.05865207594609695,-0.10721876612221592,0.0,1,-0.01296488564771514
57.93125005,-0.004087581355065595,-0.0835195637260323,-3.614860097640012,0.0,1,-0.045568561833579935
55.2914063,-0.3196872363581491,-0.13303973957637194,-13.504912622243268,0.1800843429167145,1,-0.03251239876675005
53.49375005,-0.6006511483298382,-0.13800121718268704,-18.57465307027091,0.9864092774189217,1,0.001212174318296677
53.5585938,-0.6856751961215295,-0.07434175499145945,-18.194968789772144,0.18627006026711257,1,-0.018554445318540114
52.5648438,-0.7538601203405833,-0.04750889307017103,-20.935232507805306,0.2715645767564112,1,-0.022234442557213407
51.3960938,-0.8225267390883957,-0.03872517060599445,-23.876471676951645,0.3717488061112917,1,0.008223509195945944
51.81875005,-0.7530947993715955,0.010235589703601944,-20.989894453846446,0.0,1,0.04723495351852858
54.2664063,-0.4516495753989034,0.10389360455876473,-6.727530014066424,0.0,1,0.008868285792494213
54.7476563,-0.22318533212931158,0.11078594927611884,-4.342402292295226,0.0,1,-0.08938738807710389
49.8539063,-0.49816693281707813,-0.05473188380388255,-19.046905741113168,0.0,1,-0.006863805173878634
49.5117188,-0.6226594470928646,-0.05974146602655639,-19.80249914945015,0.0,1,-0.08255621313635353
45.42421879,-0.973642417806353,-0.13690814558001496,-27.192093912560296,1.2220847963487103,1,-0.09999484021946337
40.88203129,-1.4465126600125728,-0.2032594625954116,-32.48434821839005,2.8974067763912856,1,0.016300712781925908
41.54843754,-1.5068712052812998,-0.08787266928804627,-29.478037148334007,0.11312640926942663,1,-0.029840923592045154
40.30859379,-1.5147981899755507,-0.031933217994098984,-30.915906081485033,0.0,1,-0.04279484441920545
38.58359379,-1.5362784998247179,-0.017804509281088787,-32.78095062030425,0.0,1,-0.09998582638509579
34.72578128,-1.7404798222639073,-0.0740019439067594,-36.14544465421463,0.2029263213577508,1,0.08011428821623912
37.50781253,-1.4657045607948405,0.06692443918743574,-24.484009180827936,0.0,1,0.03699229350925837
38.89531254,-1.0905498824940736,0.14735970582940094,-19.286482896169087,0.0,1,0.025047201998906976
39.86953129,-0.7309084906358478,0.16900036589587564,-15.709297469662708,0.0,1,-0.06985675953252479
37.08437503,-0.722275108820412,0.05921124923710386,-20.54063032707054,0.0,1,-0.0026754866414692158
36.98515628,-0.6660370546776591,0.0384831011266189,-20.70401090117453,0.0,1,-0.017004288024060177
36.35625003,-0.6348237938831431,0.023232120640378273,-21.8052823190845,0.0,1,-0.05993209553246093
34.17734378,-0.7478907014956278,-0.029944928990702113,-25.369538247547606,0.0,1,0.08318284675076626
37.02031253,-0.5051858676772341,0.0709199682758972,-13.695958840458545,0.0,1,0.04476005594650778
38.67734379,-0.20364869012826858,0.12415238194162093,-7.889345192610449,0.0,1,-0.03425778195095652
37.35234378,-0.14632604467643517,0.06049167579781811,-11.044512310847352,0.0,1,0.015038380276976682
37.91406253,-0.05866098906081163,0.049385577137813885,-8.963502278225413,0.0,1,0.033566866093365455
39.18671879,0.09611464283539561,0.06805373634467371,-4.303312966572783,0.0,1,0.10000199355808337
43.10546879,0.4920554052138897,0.1546648329077226,7.255106636553542,0.0,1,0.06957861343792615
46.10468754,0.8989560651353088,0.1871884976097139,13.80633537391384,-0.735241563345248,1,-0.014013623873699421
45.45859379,0.9736522438347421,0.08729489210304908,11.54845680403951,-0.08011459595063286,1,0.021190300220239155
46.42187504,1.010136083698228,0.04125957732217833,13.677699582824168,0.0,1,0.01146078760372271
46.95390629,0.9885359341551165,0.00655314259302231,14.87144899538751,0.0,1,-0.048135638301117445
44.69375004,0.7070115107039712,-0.09165709361937435,6.159386330883052,0.0,1,0.03329953849627776
46.18203129,0.6313551105863979,-0.05577116457898257,10.081709417129815,0.0,1,0.017813340535719036
47.00468754,0.609468672145411,-0.025885867673323126,12.160918696948883,0.0,1,0.00483661868417995
47.23203129,0.5666817094127978,-0.022890943468645397,12.756578036297284,0.0,1,-0.00011578477255025366
47.22656254,0.4976090230954284,-0.030654543262004896,12.730184567068783,0.0,1,-0.0009760132332511384
47.18046879,0.4177641155121279,-0.03683315028176848,12.484080907046547,0.0,1,-0.0009272904895185619
47.13671879,0.33938215209446554,-0.03840503789981026,12.226620041357187,0.0,1,-0.01615977457814899
46.37500004,0.20843276187775928,-0.05645147603883882,7.63268576936612,0.0,1,-0.017402291090111266
45.56796879,0.05833606577959216,-0.06884939071233531,3.0244183370110065,0.0,1,0.013715774843515938
46.19296879,0.03050971224887178,-0.032225248081018565,6.0484749733142635,0.0,1,-0.016236237237957307
45.44296879,-0.04844594053722773,-0.03706030028903936,1.6179306962448834,0.0,1,-0.022383825860951112
44.42578129,-0.16865223021883935,-0.05242219665688366,-3.876387838069242,0.0,1,0.037474720796294436
46.09062504,-0.07596404337473928,0.013421996729072141,4.861227890475739,0.0,1,-0.04166384158022263
44.17031254,-0.1833156546714605,-0.03130987152254969,-4.579442774542315,0.0,1,0.014220524236299825
44.79843754,-0.16937140576386867,-0.00578854087165262,-1.366876172565462,0.0,1,0.02286282304121623
45.82265629,-0.06293343499641679,0.03354980996526642,3.583102060244933,0.0,1,0.011099176503021502
46.33125004,0.03791281580367922,0.04479868692178749,5.926435537107352,0.0,1,-0.021566842015644405
45.33203129,0.0019083107200827953,0.0029313939460636883,0.37482972774991197,0.0,1,0.018440327428795422
46.16796879,0.05340849061827413,0.018143857948085006,4.5670415857118485,0.0,1,0.10000846108265593
50.7851563,0.4594734988491851,0.14140295539299869,20.079279432640405,-1.7096644411712205,1,0.10000769161756029
55.86406255,1.0474587322272058,0.24312939625700647,28.88900407854564,-3.993064861889593,1,0.006181299465840562
56.20937505,1.2829391628972857,0.15953660897569555,29.348354937018755,-2.331077458743067,1,-0.02443431364924953
54.83593755,1.179314656324216,0.018637367467541965,22.387633099556012,0.0,1,-0.007565180218205181
54.4210938,0.9946558691773291,-0.05534047322644842,20.317432187598442,0.0,1,0.020255817607252702
55.52343755,0.9113004656724399,-0.04623195891044585,22.628617829479566,0.0,1,0.09888841995878916
61.01406256,1.2512331426139625,0.0979002393436923,30.87146572651376,-1.5875795733309914,1,-0.03307383044712964
58.9960938,1.1487659892002213,-0.0015223046900163517,22.015123093371457,0.0,1,0.010514467315461573
59.6164063,1.0534946217266707,-0.03226455738785572,23.024116565978616,0.0,1,0.020285942831143045
60.82578131,1.0188489703459993,-0.022303402922842386,24.978401795887535,0.0,1,-0.024288118100295075
59.34843755,0.7935100837934996,-0.08254742982511398,18.265762917504063,0.0,1,0.04936418936946385
62.27812506,0.8588554260344594,-0.005734029194718104,23.49443493346982,0.0,1,0.066260223730634
66.40468756,1.163837019985401,0.09974918825207446,28.92808794788921,0.0,1,0.06237793824806914
70.54687506,1.5645236902954167,0.16681195285403017,32.849411502715384,-0.2006276736807564,1,0.0040199336931479035
70.83046882,1.658122864592471,0.0868037090503615,33.088813201248925,0.0,1,-0.02794965984244624
68.85078131,1.401771587191618,-0.05651585611683041,24.971676060831385,0.0,1,-0.03998683744203391
66.09765631,0.9273545662252332,-0.17697762569440512,15.138676189700632,0.0,1,0.0429761834016833
68.93828131,0.8495852585566013,-0.08491564445434563,19.695309966309964,0.0,1,-0.02734556496299745
67.05312506,0.5828054790092381,-0.11723180800056965,13.568516190431154,0.0,1,-0.02947755974432731
65.07656256,0.23613492431812233,-0.1546341208972285,7.663126215886059,0.0,1,0.014202021644088347
66.00078131,0.12013996577937291,-0.09020969314532598,9.612414671379213,0.0,1,-0.055207679783147
62.35703131,-0.251515010638272,-0.15395488985432362,-0.39293258629974304,0.0,1,0.0307202725940674
64.27265631,-0.25674749796057483,-0.053062459058875494,4.106578292102029,0.0,1,-0.028795779671425326
62.42187506,-0.39219988762501146,-0.06283828290777072,-0.6259827408286327,0.0,1,0.015281601987814586
63.37578131,-0.34775057098848094,-0.006129655423746716,1.7889277488478328,0.0,1,-0.025159946229308283
61.78125006,-0.42942430258784015,-0.029267795674368657,-2.4259281100479058,0.0,1,-0.011406170955032935
61.07656256,-0.49319976817186273,-0.03101442041946373,-4.254108016324935,0.0,1,0.03146665299167739
62.99843756,-0.32383127028288783,0.04611802582317037,1.4047463841588197,0.0,1,0.012884744153010441
63.81015631,-0.1445178529814939,0.07514381437485479,3.672384611584789,0.0,1,-0.009035591406467813
63.23359381,-0.09086486491566603,0.04293226748022755,1.765947900578169,0.0,1,-0.00205092723955691
63.10390631,-0.0672735904731212,0.02217451397425746,1.3104498315817068,0.0,1,0.05873249718952289
66.81015631,0.2589823459542515,0.11614348346721007,11.943642254802135,0.0,1,0.0486920728774447
70.06328131,0.671622202005068,0.17626111317267557,18.625893599053867,0.0,1,0.04239471024569408
73.03359382,1.069499655696731,0.19137952228811295,23.36973311732028,-0.7834299962630098,1,0.030540312113042978
75.26406257,1.3651858070678458,0.16235522455307594,26.352963750080022,-1.8319978378105333,1,-0.07905499393506887
69.31406256,0.9034300646644198,-0.09980017261678342,7.320349192349205,0.0,1,-0.04320236239807551
66.31953131,0.3477220839073283,-0.2185027177912917,0.30778112888154396,0.0,1,-0.07371979872937984
61.43046881,-0.3665306217968265,-0.3109184744984822,-8.829356168496709,0.0,1,0.02481209698585074
62.95468756,-0.5660945269991657,-0.17016079323360717,-5.347187934100582,0.0,1,-0.040393636257449184
60.41171881,-0.8306159981837382,-0.1448940881393932,-9.762284287882608,0.0,1,0.005172837425513999
60.72421881,-0.86761706726071,-0.060631719072121615,-8.966196474426923,0.0,1,0.062282089817138564
64.50625006,-0.4986469086941341,0.10277947983148472,-0.00825765449727811,0.0,1,-0.042643639142585066
61.75546881,-0.5018396911863405,0.03319556577975946,-5.474649464796457,0.0,1,-0.009918149951779198
61.14296881,-0.5126577748335848,0.007459160710838408,-6.647451325731204,0.0,1,0.02122331112237008
62.44062506,-0.3672073145877377,0.05096987365222849,-3.3400867019101668,0.0,1,-0.028689755239935777
60.64921881,-0.4131653290825028,0.0016706197191544425,-7.175287205767724,0.0,1,-0.005835297748990054
60.29531256,-0.43120607973968106,-0.005456710312674584,-7.934256753301177,0.0,1,-0.008188862268665886
59.80156255,-0.4454384492566277,-0.006563026609873734,-9.059028531986023,0.0,1,-0.009053379659558769
59.2601563,-0.4605519507437137,-0.007225509365653249,-10.350679665738213,0.0,1,-0.004785572089353374
58.97656255,-0.45336218475861756,-1.1914460185724618e-05,-11.065589983522834,0.0,1,-0.02828189161729977
57.3085938,-0.5509845155361788,-0.03254474841258237,-15.16972353392007,0.0,1,0.057242178571828894
60.58906256,-0.28050790796361014,0.07931061971999542,-2.9683249901157964,0.0,1,-0.013822626966222495
59.75156255,-0.19168561268036655,0.05604430500107968,-5.340174661438077,0.0,1,-0.029915535656565018
57.96406255,-0.2802589973153786,-0.010843026544644141,-10.11075535450027,0.0,1,0.00981211417866712
58.53281255,-0.2537949398566042,0.005207010304710102,-7.923294300641871,0.0,1,0.04610127879460668
61.23125006,0.0054564596941659715,0.08815280328516009,1.4000624307070595,0.0,1,-0.0627105237315484
57.3914063,-0.18535952550495693,-0.034221060637987605,-9.027258694348014,0.0,1,0.0062482133322459
57.75000005,-0.23543807847910614,-0.028099871204045612,-7.810340780466092,0.0,1,0.013392857131261593
58.52343755,-0.17640439009291953,0.010311272394047,-5.088578235214378,0.0,1,0.0024295821631894476
58.66562505,-0.12033822172541875,0.022125813587182602,-4.563839276866922,0.0,1,0.009068875504975038
59.1976563,-0.03794101489788204,0.03484100680490644,-2.485325744613199,0.0,1,0.011996357700397864
59.90781256,0.06559902809070906,0.046127016597832526,0.32134845478289975,0.0,1,0.0006781252438370355
59.94843756,0.11528788057744777,0.03193862302819042,0.48963414403456795,0.0,1,-0.02799280645672264
58.27031255,-0.009318767393970973,-0.030889341647742777,-6.304072306250298,0.0,1,-0.005926045097213062
57.92500005,-0.09962156909685405,-0.04039738111687529,-7.608234301366885,0.0,1,-0.015523845476457687
57.0257813,-0.21140606835688658,-0.050727293458969286,-10.978078140250567,0.0,1,0.002328990449097068
57.1585938,-0.23861343729049622,-0.02597822079752632,-10.192834990573289,0.0,1,0.010729467070969223
57.77187505,-0.18122589781642517,0.010469772892181567,-6.462331446499576,0.0,1,0.013171417741616231
58.53281255,-0.0740185115946943,0.03922571970463748,-2.0178429325175316,0.0,1,0.02427858320982046
59.95390631,0.10417787081573238,0.07247403403835473,5.2858021547707,0.0,1,-0.0005472954477784286
59.92109381,0.1818601977862997,0.05005212033630735,5.087369366695782,0.0,1,-0.07865813122412357
55.20781255,-0.18722709354394595,-0.10634505699797944,-14.976094614559017,0.5884149484564034,1,0.02298134885983627
56.47656255,-0.2504393147470694,-0.056519092733700954,-8.593284617969381,0.0,1,0.00843823487978912
56.95312505,-0.2214619407863765,-0.009180572924336022,-6.2856997503682095,0.0,1,0.05134430740074025
59.87734381,0.05516680459283663,0.0891493908182924,5.628425508743163,0.0,1,0.023407225685350586
61.27890631,0.30568081856637264,0.11322113493060951,10.123540299599476,0.0,1,0.05213100954901795
64.47343756,0.6716753615059403,0.1597385592900591,18.265363055103506,-1.7418573337587162,1,0.02525264762693702
66.10156256,0.9343767695169021,0.14081332243367362,21.554328663639197,-1.8058958376388574,1,0.00164283181507896
66.21015631,0.9969122218959683,0.06778292493757998,21.771145810279535,-0.6546552645105095,1,-0.011233170882692378
65.46640631,0.8831247629275012,-0.015334844676962334,17.836372714507462,0.0,1,-0.03201785263841217
63.37031256,0.5779628240326531,-0.10683226119060352,7.896841532454133,0.0,1,-0.003908079982491985
63.12265631,0.3565802650824992,-0.10940494004691914,6.804194800717347,0.0,1,-0.01112665073140684
62.42031256,0.1576453176838868,-0.10277996248184385,3.6157756276681354,0.0,1,-0.0005757340603742556
62.38437506,0.0420459425109172,-0.07279311255160449,3.4452225642768823,0.0,1,-0.011020387706677792
61.69687506,-0.07654924028480536,-0.06379609844910904,0.06034400416130836,0.0,1,-0.011282479855309613
61.00078131,-0.18747554082560214,-0.05824079966330195,-3.2692370818368204,0.0,1,-0.02045311934054639
59.75312505,-0.33128708436053245,-0.06735078106607745,-8.735128158974312,0.0,1,0.0022749857833586073
59.88906256,-0.36425747326462243,-0.03344038999005583,-7.915057181667237,0.0,1,-0.040922017397495236
57.4382813,-0.5546196499446125,-0.074600855556682,-17.113162281912714,0.0,1,0.0011969369285429465
57.5070313,-0.5978532674558892,-0.039278157689319526,-16.659057123988447,0.0,1,0.018516757445623977
58.57187505,-0.4809119914235396,0.025887706114343323,-9.706550844460018,0.0,1,-0.04867150398662201
55.7210938,-0.619930458288735,-0.03771025358361735,-19.24761011229521,0.0,1,-0.0014301137067772585
55.6414063,-0.644419445197272,-0.0207330801640514,-19.472123654304497,0.0,1,-0.011387090875882522
55.00781255,-0.6557617973851038,-0.010691810783961087,-21.321791953531864,0.0,1,0.036926572896416765
57.03906255,-0.43751532369692825,0.06918488763473818,-8.661099898786027,0.0,1,-0.005780030127791713
56.70937505,-0.31940643487809695,0.062431258817856494,-9.943446349309028,0.0,1,-0.0014740728482071086
56.6257813,-0.2407009333955088,0.04704558676681486,-10.290478671256942,0.0,1,-0.006608628462314914
56.25156255,-0.21247466737124654,0.025090617597025716,-11.93098246892837,0.0,1,0.049554179006534804
59.03906255,0.05163635458848148,0.09640054651891794,3.849108586951857,0.0,1,0.027471218883708515
60.66093756,0.3145450868526467,0.11976975959436106,10.376173672817899,0.0,1,0.003940962827413408
60.90000006,0.4397092374136733,0.08164463671846256,11.273191597694442,0.0,1,-0.022436884378551625
59.5335938,0.351781687909714,-0.0020943042618322694,3.571216729739021,0.0,1,0.0005642822456319863
59.56718755,0.28130225166525946,-0.024191246835428948,3.730095668305097,0.0,1,0.037549510930367846
61.80390631,0.4090139092375935,0.03450680357896835,13.07731935976308,0.0,1,0.0015548167702865712
61.90000006,0.4467930580872945,0.02409531747622312,13.429974766445007,0.0,1,-0.02794325522331842
60.17031256,0.28430925267153384,-0.046129495979845836,3.256684339702808,0.0,1,0.023358175987510776
61.57578131,0.2964973080743576,-0.01131381352567401,9.169123020227609,0.0,1,-0.0030069654994363537
61.39062506,0.26245353926957904,-0.015119194110150835,8.093526111445783,0.0,1,-0.011478747761751507
60.68593756,0.1648365682613928,-0.037578721706112345,3.9465301614997585,0.0,1,-0.022683385399442813
59.30937505,-0.01242184043115202,-0.0716123767995524,-3.29060921723687,0.0,1,0.0026476632044700743
59.4664063,-0.08692995390816094,-0.04870683009218711,-2.3996063820319193,0.0,1,-0.044878279453049785
56.7976563,-0.3393356811543171,-0.10037085244611443,-13.821902620079747,0.0,1,0.013479869591027427
57.5632813,-0.37345848801453485,-0.04483121976877741,-9.286999136843164,0.0,1,0.0173178974076309
58.5601563,-0.2763254341100989,0.017433944711886196,-3.7605740416534346,0.0,1,0.0016009178582059302
58.6539063,-0.19691928764871136,0.03228003039109126,-3.2419805241275554,0.0,1,-0.006793025821027032
58.2554688,-0.17400939878062616,0.01839663975305883,-5.279116335484005,0.0,1,-0.001877506133810436
58.1460938,-0.1571682544481945,0.011745928028496833,-5.8656007099989225,0.0,1,0.022854609194745246
59.47500005,-0.02490814024462651,0.04800201407735494,2.5373500747253317,0.0,1,0.009536570147510304
60.04218756,0.09056322104421355,0.054491125122065005,5.697484374181641,0.0,1,-0.007741952431954302
59.5773438,0.10201498660160979,0.02198096355982042,2.513559223989624,0.0,1,0.004510943134728995
59.84609381,0.12163545466350456,0.013867143873905058,4.195588502068873,0.0,1,0.002911113138864385
60.02031256,0.1358276299724963,0.009353106394298927,5.335139609161011,0.0,1,0.008109233845016162
60.50703131,0.1721646442959468,0.015230040239249815,8.53717455456701,0.0,1,-0.016268770565798896
59.5226563,0.09395484693301626,-0.020993252374560248,0.4152008099741167,0.0,1,-0.007179514097054862
59.09531255,0.011408398507136042,-0.034513233600146825,-2.7473005178622145,0.0,1,-0.0011898151810350033
59.02500005,-0.03667490058140288,-0.027532177562895253,-3.283043426563083,0.0,1,-0.04345351542274167
56.4601563,-0.2713972875772228,-0.0874181881862384,-17.991822331951653,0.1677183811125289,1,0.01039173088509493
57.04687505,-0.3172488112770324,-0.04442323729534936,-12.95390220883705,0.0,1,-0.0027663653769234298
56.88906255,-0.3268882138538487,-0.018020879957388547,-13.756492206228685,0.0,1,0.03816364082448742
59.0601563,-0.1235427514877685,0.061774860802897236,2.10478263380449,0.0,1,-0.02480257150961862
57.59531255,-0.13364510351408398,0.017224169592193916,-6.085387867272871,0.0,1,-0.04659396105664504
54.9117188,-0.35119200006773355,-0.06677424232048523,-16.730395040507524,0.7621379636609831,1,0.008621793495926733
55.3851563,-0.39124632333891185,-0.03560952186388783,-13.703458663250565,0.0,1,0.00022569224021506962
55.3976563,-0.37762795802959204,-0.00733038551818932,-13.618800289643062,0.0,1,-0.04423980026750696
52.94687505,-0.5435815497057987,-0.05776132573146536,-21.786735376008647,0.8657151426356435,1,-0.01738180958046931
52.02656255,-0.6579525914017523,-0.057377455809139666,-24.20324537422799,0.7040420268240624,1,0.0006607201843666921
52.06093755,-0.6574441462995821,-0.018956336902323123,-23.940411103694192,0.0,1,0.033164260600220485
53.78750005,-0.4585227032235295,0.05998836872457647,-11.736519983573224,0.0,1,-0.007015454327664039
53.4101563,-0.35229706891687584,0.05540466767707669,-13.211025798171292,0.0,1,-0.05025963573149095
50.7257813,-0.4935240793538114,-0.028607447586619594,-21.8005055605848,0.0,1,0.03979731703018641
52.7445313,-0.35478141129279805,0.03671174015813122,-10.079331422850387,0.0,1,0.0459170825924089
55.1664063,-0.0540220429878886,0.11249036948768024,0.6578107901080301,0.0,1,-0.014742327886600015
54.35312505,0.033086040580222686,0.06653281768526384,-2.5089954809815964,0.0,1,-0.00543322025602655
54.05781255,0.04927353731592632,0.027573438140322502,-3.677330039650336,0.0,1,-0.020102899076703484
52.9710938,-0.037298738259217146,-0.019666279144940322,-7.911002623739641,0.0,1,-0.0028317331064815487
52.8210938,-0.08997664785851356,-0.024114729581412253,-8.492809186394382,0.0,1,-0.02782091668840081
51.35156255,-0.2312784861699626,-0.05513885596428711,-13.921591901392297,0.0,1,-0.04115320245498544
49.2382813,-0.4587629689781849,-0.09420777959083648,-20.158100742597355,0.0,1,0.034478381559593485
50.93593755,-0.3928036088007829,-0.00941613980447814,-10.780188474894366,0.0,1,-0.036918310341378935
49.0554688,-0.4837960238120189,-0.0334695182719047,-16.320868605389613,0.0,1,0.015416222054328799
49.8117188,-0.4259550626666311,0.008123814291161047,-12.382834799810702,0.0,1,0.002462397462984045
49.93437505,-0.3513169727050567,0.02758730141757848,-11.722364075527246,0.0,1,-0.03955191204500719
47.95937504,-0.44930484749884414,-0.02346685779206964,-17.818205173699084,0.0,1,0.033149801444952276
49.5492188,-0.3283697342708365,0.032489418478646004,-9.36257301046848,0.0,1,0.03446699143519094
51.2570313,-0.09822032480093412,0.08754627598284948,-1.67293105219224,0.0,1,0.01147708392545943
51.84531255,0.07406284450076583,0.08660981509484982,0.7679340164847588,0.0,1,-0.01622916727888457
51.0039063,0.0839153379432176,0.0321541028457672,-2.7770327305330227,0.0,1,0.035383319257646706
52.8085938,0.23223926483584023,0.060159343246129954,4.752544677805346,0.0,1,-0.006331829271318257
52.4742188,0.25918337287917126,0.02903448376315365,3.1903059450027342,0.0,1,0.015498682373904948
53.28750005,0.31883024999423526,0.02956045362607257,6.541376060280456,0.0,1,0.0048674642225028375
53.54687505,0.34369908438558383,0.018143096005807047,7.616574465338807,0.0,1,-0.01047563465610668
52.98593755,0.280747119549126,-0.014936289610216924,4.383444217725305,0.0,1,-0.01694140542767475
52.0882813,0.1510708563351315,-0.04820418427473716,-0.5504639584717665,0.0,1,-0.009569090927175616
51.5898438,0.032107028366880286,-0.055722670747662795,-3.171612868764086,0.0,1,0.005693950172417583
51.8835938,-0.005571304647823183,-0.031133667920788758,-1.3879394762116135,0.0,1,-0.02211982952499325
50.73593755,-0.11958421660119001,-0.0483821932913852,-7.567102204678264,0.0,1,-0.024175418041525898
49.50937505,-0.26883886286110226,-0.06587894651709914,-13.132148474724808,0.0,1,0.005033768851824716
49.7585938,-0.300294718252637,-0.03244493396954462,-11.316661609788845,0.0,1,0.007238071305785132
50.11875005,-0.26098506526068377,0.0022882396741362165,-8.610309561057207,0.0,1,-0.012953610162909523
49.4695313,-0.2736830458263171,-0.003469913630499033,-11.97206502878376,0.0,1,-0.02420997791018087
48.27187504,-0.35702980395694084,-0.02893889058704091,-17.39952356155431,0.0,1,0.03976500308739617
50.1914063,-0.20898976102584044,0.03970038411468649,-3.7405925134826177,0.0,1,-0.04353646213734397
48.00625004,-0.2996502811414672,-0.01698671200031343,-13.179026675031714,0.0,1,0.010203749503280513
48.49609379,-0.27918937193749116,0.0011580657345541812,-10.123562782377178,0.0,1,-0.028127265381552746
47.13203129,-0.35936501134071364,-0.026339191222889413,-15.313882440522207,0.0,1,-0.003978186275196305
46.94453129,-0.38513074676393444,-0.01736830888203672,-15.989979646793294,0.0,1,0.011266621168985136
47.47343754,-0.32184386474521176,0.015306191045561968,-12.19059651962624,0.0,1,-0.001612743967307817
47.39687504,-0.26976031000708645,0.022463248594562446,-12.537514318992905,0.0,1,0.007186655232281458
47.73750004,-0.19285309013743301,0.03312348948807195,-9.824071773355442,0.0,1,-0.016512830570086123
46.94921879,-0.20401849352448664,0.007319362033672783,-13.8565479641805,0.0,1,0.026191862861452142
48.17890629,-0.09012569575763507,0.04040405326684146,-4.39363162774039,0.0,1,0.015177804070487522
48.91015629,0.03526867777225817,0.055266142265578244,0.45732739051547355,0.0,1,-1.5973165069627093e-05
48.90937504,0.09496170388951697,0.03831972279427901,0.4519861828963485,0.0,1,-0.009855600273071863
48.42734379,0.07672547079068437,0.006694496565148811,-2.9615966301552135,0.0,1,0.02031071049994493
49.41093755,0.1431797116753799,0.02438291248328145,4.082263276142228,0.0,1,0.0207918287112121
50.4382813,0.2500871686447823,0.04376345648422797,10.222004214330205,0.0,1,0.0002788060900877909
50.4523438,0.2838721747424202,0.025849487527288606,10.30273411388913,0.0,1,-0.021524024816464538
49.3664063,0.18661387156269882,-0.02380293855081092,1.3591932849827941,0.0,1,0.01631613095563722
50.17187505,0.18955595984261464,-0.006953616756965042,6.656964178378665,0.0,1,0.005403301146904349
50.4429688,0.19782181982902358,0.00043741440981462376,8.353260462134756,0.0,1,0.0293493580021007
51.92343755,0.3088419940031457,0.03715252952797893,16.345414711319293,-0.2427894759724296,1,0.020568144182895987
52.9914063,0.4276126440899475,0.051974393204926916,20.831913729711545,-0.660397868808424,1,-0.005941411485054338
52.67656255,0.4251266029591818,0.01649611735805373,17.868282158439015,0.0,1,0.04796369348515883
55.20312505,0.5990032404805348,0.06345758495980225,26.59859241339727,-1.1124032596386826,1,-0.012581375590076216
54.5085938,0.5781470183678294,0.014200454282365604,20.728943314227536,0.0,1,-0.019306015375505803
53.45625005,0.4318446766141619,-0.04403396249043395,12.647013948402154,0.0,1,0.001651467319863098
53.5445313,0.33006322018614753,-0.048605139639482764,13.040664059665083,0.0,1,0.017698469423337526
54.49218755,0.3306385777899621,-0.01600992734522272,17.167598339670946,0.0,1,0.03351971323089242
56.31875005,0.4555865834427024,0.03631269276917254,23.503790489769344,0.0,1,-0.0073521251738079
55.90468755,0.44558982931551583,0.008771979547328668,20.096487184190764,0.0,1,-0.023253863977636957
54.60468755,0.2951256331422982,-0.04723073887529633,10.339075026214616,0.0,1,0.002332102896539734
54.7320313,0.20591171146049447,-0.04548155351903338,10.93099436186948,0.0,1,0.022524515730882433
55.9648438,0.2468798163312158,-0.0015044828827706913,16.33542244788248,0.0,1,-0.013820060014176239
55.1914063,0.1823374257389716,-0.02201562449167163,10.501395110365884,0.0,1,0.019789086258525046
56.2835938,0.22588706996460672,0.007178006577987839,15.290950002456043,0.0,1,0.02484627234304293
57.6820313,0.3453744279137041,0.04222178817569505,20.397676001001614,0.0,1,-0.012677258125616597
56.9507813,0.3153994045621147,0.004082254941368546,14.853775801049437,0.0,1,-0.020398644645108766
55.78906255,0.17731871333948135,-0.04466614542708827,6.938665428181935,0.0,1,-0.002842739109621295
55.6304688,0.08028566244986735,-0.04723306543890077,5.903749182967353,0.0,1,0.030460488407748176
57.32500005,0.16628960263423664,0.012923624915156168,13.730188521779198,0.0,1,-0.027365896181974825
55.75625005,0.06470493917356634,-0.029553679515171377,3.8913608338867007,0.0,1,-0.020345252756107768
54.62187505,-0.0860107208212284,-0.06008977983665538,-2.055616563534848,0.0,1,0.003003604322440845
54.78593755,-0.14052911575019067,-0.03820272492187256,-1.1485880166471603,0.0,1,-0.006502581062428181
54.42968755,-0.18576505356882222,-0.027812887580168033,-3.1194190160871145,0.0,1,-0.02266398734820585
53.1960938,-0.29570208051406865,-0.045916638175138164,-9.418474205132526,0.0,1,0.018724941604640888
54.19218755,-0.24302094144385222,0.0022548336316927653,-3.0261595071705116,0.0,1,0.0029841709167173214
54.3539063,-0.18295206428842192,0.020774570262374364,-2.0166813092200897,0.0,1,0.008595288394203315
54.8210938,-0.09873932868667623,0.03499576862137335,0.9788807532667505,0.0,1,-0.02910034057000155
53.2257813,-0.18134739182857373,-0.015870764840174717,-8.162528547091199,0.0,1,0.00013210233515148495
53.23281255,-0.20695320324713862,-0.013825525419579876,-8.111498121263438,0.0,1,0.017699374781579236
54.17500005,-0.12399438368582594,0.0230444313805776,-1.397377178939152,0.0,1,0.009589870780258636
54.6945313,-0.028887837764685287,0.03938365910057276,2.0004119785525205,0.0,1,-0.012912625507771835
53.9882813,-0.03778141165705762,0.010163361736066807,-2.7205663820865453,0.0,1,0.026756385186131215
55.43281255,0.08129785653484589,0.04308087664265678,6.296536981101738,0.0,1,-0.019872029747839304
54.33125005,0.04226579425289145,0.001349604786900778,-0.8292596025161529,0.0,1,0.04430288733987986
56.7382813,0.21981355109084433,0.059632453874951225,11.119307098279087,0.0,1,0.038526678107184686
58.9242188,0.47243109191891364,0.10408333156767352,18.57365149133689,-1.0771249573499517,1,0.013152486630845228
59.6992188,0.6239539380063732,0.08520205921837776,20.78048662212848,-0.9727256552498673,1,-0.018765949078047184
58.5789063,0.5543598245495716,0.005202648587191994,13.60632375578659,0.0,1,0.02107200506063389
59.81328131,0.5762306999420375,0.0090245079932193,17.623764400286206,-0.09429285362442386,1,0.0018155457721367174
59.92187506,0.5481963918097676,-0.0063366000463501715,17.969388464228274,0.0,1,-0.001603650585095595
59.82578131,0.48048839259281806,-0.02468153308776655,17.26338932814477,0.0,1,-0.004740326892356039
59.54218755,0.38296088026827846,-0.040736348470768735,15.047833672496168,0.0,1,-0.0032277534284177456
59.35000005,0.28626809241698936,-0.04580971210735263,13.473551161442842,0.0,1,-0.004028011791046282
59.11093755,0.19414414912326095,-0.04597788513369369,11.419094187486145,0.0,1,-0.007586370959193234
58.66250005,0.09453370671612049,-0.04852944251361138,7.537558028692956,0.0,1,-0.0018644790097042119
58.55312505,0.027736093286208074,-0.0384423519811746,6.568722111018808,0.0,1,0.012461973624412037
59.28281255,0.05283323713073429,-0.00444840271221613,11.388152566293606,0.0,1,-0.0017395429731513756
59.17968755,0.05238528929209707,-0.00163211685028445,10.336772518823608,0.0,1,0.002481848182721569
59.32656255,0.06003545793177523,0.002006017263131238,11.383396423368161,0.0,1,0.018857489156853147
60.44531256,0.15208675492396395,0.031352438085106654,18.433184129603575,0.0,1,0.014850717317558049
61.34296881,0.26024319467639856,0.04650295927918044,22.851723476372683,0.0,1,0.031279053446907845
63.26171881,0.4525303149962454,0.07959669319967577,29.625147309126092,-0.38097692018436646,1,1.2349490571939015e-05
63.26250006,0.5110281197398123,0.04603149931441425,29.62744684704323,0.0,1,-0.012732167543743511
62.45703131,0.4305689496332832,-0.01147589026403828,20.51112039105567,0.0,1,-0.013484270422970845
61.61484381,0.28427632711057527,-0.05258950426224873,12.233611286940082,0.0,1,-0.0009002497867405257
61.55937506,0.18281792609001002,-0.05134930176093799,11.703521931281372,0.0,1,0.007145032735814905
61.99921881,0.15350754423889157,-0.026886561204018805,14.376916871042312,0.0,1,0.03834473716976161
64.37656256,0.3241720371267576,0.04792597722794906,24.899761907536814,-0.2917161367613943,1,0.04667362438309097
67.38125006,0.6328805721434563,0.11887817074821594,32.25914049941491,-1.8149818793196033,1,-0.013252481205154876
66.48828131,0.6600807294731936,0.04869277602598443,24.99796056600512,-0.01634261279470195,1,0.0359555842457977
68.87890631,0.8178928306819557,0.06883495907824888,30.1976030164319,-1.0088112733644294,1,0.02690410038829194
70.73203132,0.9830682295628463,0.07800345265304653,33.205810840704416,-1.2142393627277954,1,0.02283044498883746
72.34687507,1.1183038890397228,0.07107970404330777,35.35926760460964,-1.0584258804613995,1,-0.014804976012628757
71.27578132,1.0034719155248553,-0.014584089823853175,27.989284056779326,0.0,1,-0.013142174559890085
70.33906256,0.7843733724736666,-0.07789421095834725,21.95256015782006,0.0,1,-0.011140235901375473
69.55546881,0.5441601740752731,-0.10603580311891359,17.12331749953492,0.0,1,0.02708045524278324
71.43906257,0.5356730403698009,-0.038174312274795286,22.12095195871936,0.0,1,-0.0030292425770279685
71.22265632,0.4687561993195857,-0.03503038444167017,20.7480763701968,0.0,1,0.019305654563376518
72.59765632,0.5108180955178483,0.002343837252197445,24.213473189615925,0.0,1,-0.018681732562024433
71.24140632,0.37626003565716815,-0.0440714075361609,15.685208552875721,0.0,1,-0.03208720360926187
68.95546881,0.08713121025539294,-0.11106674431264538,4.052611470130294,0.0,1,0.005710206990034994
69.34921881,-0.03188163663344312,-0.07669319706716049,5.55889811089839,0.0,1,0.020379195097670166
70.76250007,0.029042181308255977,-0.005256459708487128,10.697369408545732,0.0,1,0.010709238639821317
71.52031257,0.12023495017008656,0.028645436384447817,13.230335842015116,0.0,1,-0.014255128695112251
70.50078131,0.0708508170868214,-0.006912898899605779,7.674050499386951,0.0,1,0.03726687436905518
73.12812507,0.25919982912128603,0.060478704378286285,16.182875195557983,0.0,1,0.03163326350546636
75.44140632,0.524547786878415,0.10860888737847174,21.740576408220164,-0.1846555434326973,1,-0.03235126595662319
73.00078132,0.410124033517107,-0.0019382886609454197,10.151807447280738,0.0,1,-0.020761764087924406
71.48515632,0.19243307071003812,-0.07320975048933809,4.119613149532121,0.0,1,-0.0005792286417428683
71.44375007,0.06410097924732838,-0.06718061398401595,3.9553678580498755,0.0,1,-7.654623385022763e-05
71.43828132,-0.005862543921310248,-0.0457147123842182,3.931348622225336,0.0,1,0.000360888441373719
71.46406257,-0.038207322678857736,-0.02601983038058856,4.038523227617517,0.0,1,0.00912827687848039
72.11640632,0.003166210665611402,0.005117900987960194,6.860122459595871,0.0,1,-0.003141622157303292
71.88984382,0.004708918115710503,0.0022202028126864317,5.544262796615541,0.0,1,0.01911561740822254
73.26406257,0.11960609116445653,0.03903912528714415,11.542315144361183,0.0,1,0.01270020685941331
74.19453132,0.24462656592511678,0.05468653334926815,15.0862249271227,0.0,1,0.004085543699880345
74.49765632,0.3120116728116926,0.04069054674528133,16.213224426154497,0.0,1,-0.0054217309637910605
74.09375007,0.2860443993540116,0.004907757762533438,13.193179335530743,0.0,1,0.006600590461921074
74.58281257,0.2899789376789954,0.0029474320291724143,15.321191646266868,0.0,1,0.00539459073928561
74.98515632,0.3013099412015805,0.004759478517252502,17.06193330154852,0.0,1,-0.015961492363799734
73.78828132,0.18212669786272784,-0.03814125494053339,7.518837510013732,0.0,1,0.01648508717427344
75.00468757,0.2087250388714068,-0.0038476379772847957,13.400215359781143,0.0,1,0.0004166406262386957
75.03593757,0.2072346228031421,-0.0017793513485165058,13.544286555348016,0.0,1,-0.01004726900755648
74.28203132,0.126394342035411,-0.027539877372082522,7.479235943476894,0.0,1,0.007278005062503423
74.82265632,0.12049342314858791,-0.01114693208630188,10.48436519654009,0.0,1,0.0020360644421451024
74.97500007,0.12019715760946781,-0.003814399208473998,11.339848726625902,0.0,1,-0.07296182067212631
69.50468756,-0.34582678079421214,-0.15661277920405134,-17.08792816813147,0.5102751619453727,1,-0.034080435193024394
67.13593756,-0.7474156849298623,-0.18606722777990048,-23.088613478991803,1.580523309252797,1,0.03515488627667862
69.49609381,-0.68924580908687,-0.04263245064563603,-10.813520412239185,0.0,1,0.03690630105070625
72.06093757,-0.38898674040812864,0.08587553934436848,-0.5602593938936238,0.0,1,-0.0004336607467761988
72.02968757,-0.2090458110347555,0.08860548957258058,-0.6728480167925852,0.0,1,0.0022343217835507634
72.19062507,-0.0882434037618367,0.06980263228183314,-0.021016202165526465,0.0,1,-0.01970693907443688
70.76796882,-0.13904327064521738,0.00633425513281749,-5.627314127057758,0.0,1,-0.012386430253912728
69.89140631,-0.22590314069981332,-0.026841871640592818,-8.791865243158654,0.0,1,0.005555493450479565
70.27968756,-0.2181510431687883,-0.006363258036522601,-6.7982011075673086,0.0,1,-0.015573934489472085
69.18515631,-0.28730667830588175,-0.025172964391205366,-10.94618843562187,0.0,1,-0.009835473189523602
68.50468756,-0.3546480018489291,-0.030838095978084235,-13.375298503829775,0.0,1,-0.020288301421456767
67.11484381,-0.47458497596637983,-0.05025835669851164,-17.905611029369325,0.0,1,0.0029217642308032588
67.31093756,-0.4786635691945662,-0.018112316642232673,-16.613874247653428,0.0,1,-0.024362218228475285
65.67109381,-0.5774678808757727,-0.03897220944114643,-21.6285818668491,0.0,1,0.013407249657625187
66.55156256,-0.5053753174767337,0.01104011798596416,-15.737914720287122,0.0,1,0.009602516836833885
67.19062506,-0.3739592176541464,0.04748540593618383,-11.649150166071834,0.0,1,0.02559183291514988
68.91015631,-0.13379362877168433,0.09588366493954864,-1.9828459072289064,0.0,1,-0.0006235474174038913
68.86718756,-0.0061420944328176574,0.07451173309280511,-2.1909800579527356,0.0,1,-0.0009415768568088456
68.80234381,0.052791868106027096,0.044481898543883285,-2.5359526491284115,0.0,1,0.026014284556100442
70.59218756,0.22701317286660583,0.072901067768154,6.983541830549534,0.0,1,-0.0067177228301211755
70.11796881,0.25568783167467757,0.03385857552540858,4.097796870705807,0.0,1,-0.040601218893180246
67.27109381,0.011478258439154843,-0.07011699923670472,-9.562025882865505,0.0,1,-0.014400687503850151
66.30234381,-0.1923122163818647,-0.09130249135257476,-13.086182890775916,0.0,1,-0.016307869946475706
65.22109381,-0.3682856024272212,-0.08909195913264378,-16.68662915674002,0.0,1,-0.0055580177949180465
64.85859381,-0.4557901619142939,-0.05886550620657216,-17.854583369658272,0.0,1,0.0263554125920078
66.56796881,-0.31911201149831925,0.02593754806980081,-7.324448143835106,0.0,1,-0.003955074110064238
66.30468756,-0.24612037283213795,0.03297639557866072,-8.428502617095361,0.0,1,-0.0013667962754215779
66.21406256,-0.19666660576304196,0.02747672088258557,-8.835804638446085,0.0,1,0.0032564834668558085
66.42968756,-0.13758208841490216,0.028853746076908465,-7.350329464215207,0.0,1,-0.006256615306591828
66.01406256,-0.13121007237292304,0.011741920706295872,-9.538234990153974,0.0,1,-0.0023550853253228032
65.85859381,-0.13004562082085158,0.004302124086122433,-10.382919037527188,0.0,1,-0.02155422956790287
64.43906256,-0.23692053080975484,-0.034190928634260265,-17.307019041268433,0.0,1,-0.009371741704617298
63.83515631,-0.32094012907005265,-0.039403508964852674,-19.801861298156552,0.0,1,0.004870944444625547
64.14609381,-0.3102934591110369,-0.009585613001945659,-16.882021462085767,0.0,1,0.04385740553950024
66.95937506,-0.044672231705604304,0.08534520480116231,2.9173198614716327,0.0,1,-0.014596070365415437
65.98203131,0.01041575547257878,0.04681106399311514,-2.5094368285259208,0.0,1,-0.01655280200254261
64.88984381,-0.05392385556103818,-0.0058428490135006075,-7.873624428045581,0.0,1,0.006272649556559262
65.29687506,-0.047680735614434866,0.00013342364436756682,-5.287714930388873,0.0,1,-0.01943048574428996
64.02812506,-0.14631494767326103,-0.03283359613815287,-11.279776740357711,0.0,1,-0.018473327133842976
62.84531256,-0.2820068497299104,-0.056175166064934084,-15.999648193370433,0.0,1,0.003965590110830641
63.09453131,-0.30558400078074044,-0.026584105705254713,-14.16844666255939,0.0,1,0.021978430161984752
64.48125006,-0.1763473470744259,0.034217516000353276,-4.772837788532783,0.0,1,-0.024643791777010593
62.89218756,-0.22945528296506978,-0.0062968066300968795,-11.879588268735048,0.0,1,0.009987329497813446
63.52031256,-0.18454422732996534,0.012871416335002522,-7.884756195959305,0.0,1,-0.007379529179067368
63.05156256,-0.18577251390158267,0.00388104325446173,-10.024668045620203,0.0,1,0.03789061528374593
65.44062506,0.028182927304413852,0.07261216148681943,3.387588635345274,0.0,1,0.04123489800908686
68.13906256,0.3576818622987048,0.13403703216037013,13.596098680851675,-0.27864480088125276,1,0.011809488856578065
68.94375006,0.5596817996042915,0.112012323155319,16.059057074362173,-0.47663331936588804,1,-0.007920859389353607
68.39765631,0.5685338057900537,0.04028810978036046,12.852569048911036,0.0,1,-0.025974025951240876
66.62109381,0.3775351167337817,-0.050236859758637176,3.470800525994747,0.0,1,-0.0009264145403561352
66.55937506,0.24543128331116293,-0.06078023106041863,3.1644791077038548,0.0,1,0.007030846512278144
67.02734381,0.19792415549059683,-0.036095786293661586,5.32084687911312,0.0,1,-0.00433591700759961
66.73671881,0.13345816195608506,-0.033520593276057775,3.6174066860239407,0.0,1,-0.051110356649552435
63.32578131,-0.19414113997417815,-0.120373298402107,-11.744124273213316,0.0,1,0.0014064177047261595
63.41484381,-0.33434048760813084,-0.08685754867868659,-11.235135748334372,0.0,1,0.018270071806394617
64.57343756,-0.2800289749577587,-0.01084867867610484,-4.715591399770453,0.0,1,0.03923585061807877
67.10703131,-0.018404658219424164,0.08359187935407657,6.529736427301778,0.0,1,8.149295078707652e-05
67.11250006,0.11439695083468848,0.07213116280272974,6.551152895958801,0.0,1,0.02041814116259877
68.48281256,0.2854573844588657,0.08106386547563565,11.791972869387799,0.0,1,-0.034315179417333086
66.13281256,0.15136615256605523,-0.01767578880572493,0.24388822052164016,0.0,1,-0.019031305357807393
64.87421881,-0.03317612192752506,-0.06740602109976841,-4.784621218614639,0.0,1,-0.2654656246488064
47.65234379,-1.557838834013694,-0.5306895777286458,-32.06897066105705,8.303828063542909,1,-0.12997786692917668
41.45859379,-2.7064961205556415,-0.5597822880901977,-35.55270286892524,8.588345035507352,1,0.07776961192489096
44.68281254,-2.7865985246136376,-0.2132948973827311,-26.90998051052691,1.9665582138933857,1,0.05762842251021838
47.25781254,-2.3798498495915013,0.06448459254646854,-20.58258995344791,0.0,1,-0.02020168621202978
46.30312504,-2.057711982947808,0.12887415306338745,-21.54689212464107,0.0,1,-0.01039346695464416
45.82187504,-1.7652712177136465,0.14043830609918295,-22.059876373917913,0.0,1,-0.0043988269756322085
45.62031254,-1.488741775287096,0.13898924950857783,-22.29234830554902,0.0,1,-0.01256978455588631
45.04687504,-1.2742016977998958,0.11784310899859274,-23.002417899282264,0.0,1,0.005150884490743524
45.27890629,-1.0414122467396325,0.1168775200196186,-22.17088183785001,0.0,1,0.00415825525453517
45.46718754,-0.8225430631478687,0.11191556787046075,-21.437235812466763,0.0,1,-0.005859307874841013
45.20078129,-0.6667637369229951,0.08923163136511147,-21.886533092603088,0.0,1,-0.00881483657204285
44.80234379,-0.5665135540669723,0.0631606047403781,-22.602700576648882,0.0,1,-0.028161891616965362
43.54062504,-0.5743222289667145,0.018450643280211954,-24.85635952019265,0.0,1,0.0457905691103051
45.53437504,-0.36422054733602494,0.07618410830363381,-15.409510589693028,0.0,1,0.011049344578859976
46.03750004,-0.18689091090934795,0.08450458157677027,-13.174086500279394,0.0,1,0.012014661949919514
46.59062504,-0.03655810012023153,0.0782791307886289,-10.642453927301645,0.0,1,0.013984841358977596
47.24218754,0.09595168861768144,0.07026297317551396,-7.6202277815449335,0.0,1,-0.015776418045183593
46.49687504,0.09210123393516767,0.022137506164333395,-10.144730027574326,0.0,1,-0.01666778679929104
45.72187504,0.01791757043264397,-0.0173487191127301,-12.71109025940865,0.0,1,-0.049176406217657176
43.47343754,-0.20803718385467107,-0.08110115780001503,-19.120752905175227,0.0,1,0.03317399270929622
44.91562504,-0.18349583734377717,-0.018853270429707053,-11.577232791277126,0.0,1,-0.0032004452764931024
44.77187504,-0.16791301097634204,-0.0010901480207572978,-12.036092699303907,0.0,1,0.006351643743889079
45.05625004,-0.12243093021126583,0.01479731091477296,-10.449287155058393,0.0,1,0.0383028158905343
46.78203129,0.054327791855548924,0.06385201099386258,-1.5569082185405065,0.0,1,-0.06790133759495409
43.60546879,-0.12653370476567716,-0.03900316187578784,-12.760549406642944,0.0,1,0.022556660375259163
44.58906254,-0.1244538318458126,-0.012307762985307766,-8.13482697915282,0.0,1,-0.022917615706392058
43.56718754,-0.19819899273206687,-0.02868430795718735,-11.417465696321258,0.0,1,-0.035003407061790726
42.04218754,-0.3456383237808538,-0.05870787966865809,-15.856674520463926,0.3720909822851013,1,-0.02924889431193467
40.81250004,-0.4930287539901741,-0.06869943662599282,-19.047432797747714,0.7743073564562692,1,0.007982388966142784
41.13828129,-0.49848980209565497,-0.024720161577157895,-17.198850673238788,0.0,1,-0.007729266756637432
40.82031254,-0.4861769051404252,-0.00413575487397605,-18.124329291783948,0.0,1,0.051177033442674214
42.90937504,-0.26541717290110967,0.07220799245511317,-6.489288343488411,0.0,1,0.008520865187599869
43.27500004,-0.10245045903969441,0.07839156877217615,-4.673422019307985,0.0,1,-0.03444540724719092
41.78437504,-0.1366483138556731,0.01473123798539916,-10.434739505779667,0.0,1,0.05109939416243581
43.91953129,0.03556980572430746,0.06231645252179325,-0.2661006313456724,0.0,1,-0.03029332761351522
42.58906254,0.007842319203938075,0.011529655333807957,-5.455346642940938,0.0,1,0.014033092403446856
43.18671879,0.0431297368434258,0.015605690991098566,-2.710289267325308,0.0,1,0.03467863018912154
44.68437504,0.181983988426218,0.05148664752463025,3.674496354695833,0.0,1,0.031173508609062095
46.07734379,0.352326511015427,0.0739430567046131,8.828390411813182,0.0,1,0.006646433470552271
46.38359379,0.43365806305875054,0.05175820291597888,9.917721634355203,0.0,1,-0.031480015468633216
44.92343754,0.3165059796588494,-0.021797960161307417,2.5517504260093133,0.0,1,0.0221731417840203
45.91953129,0.3145622521539977,-0.007913895888719713,6.596212169588611,0.0,1,0.01056535718833973
46.40468754,0.3278065548887312,0.001776802282004608,8.510122535287444,0.0,1,0.0004208895918793587
46.42421879,0.308739097515371,-0.005763551697118563,8.591796990368394,0.0,1,-0.018208437794586696
45.57890629,0.20303440236908443,-0.03715608228113504,3.5248720178131876,0.0,1,0.06018066191732663
48.32187504,0.3618432504318463,0.04055092192720894,14.571340066562286,0.0,1,-0.009344887788940381
47.87031254,0.3734638619272417,0.017390511140868092,11.880955536446159,0.0,1,-0.006691255665655982
47.55000004,0.321459470847671,-0.011537959979567525,9.91346565191867,0.0,1,0.0036474763376257435
47.72343754,0.2831221110705755,-0.016625106585554328,10.665870607567506,0.0,1,0.013210883006312457
48.35390629,0.29289898442615225,-0.002282744409992543,13.437689315287116,0.0,1,0.016076131581550523
49.13125005,0.3381578190684209,0.014325363410758685,16.65662215456186,0.0,1,-0.0011448925061494641
49.07500005,0.32791991813385835,0.0013624874920653562,16.188105394582735,0.0,1,0.031265919479097404
50.60937505,0.42333889115542434,0.032260486837877134,22.12617040137826,0.0,1,0.028203149092235424
52.0367188,0.5547154492365891,0.054545681639680654,26.408545567949915,-0.38303211916419855,1,-0.01692014351220017
51.15625005,0.5008050450074535,0.00021175913684834402,19.129198110662486,0.0,1,0.008888210131813734
51.61093755,0.470006714142265,-0.010195523909446724,20.729273961531433,0.0,1,-0.040431715621875974
49.5242188,0.2415470933644812,-0.07955171489574353,5.9433215989103445,0.0,1,-0.016074837307681
48.72812504,0.040847211861887445,-0.09341719879944577,1.3894395668434996,0.0,1,-0.00723080869027426
48.37578129,-0.09226864237790267,-0.0755110176797453,-0.5885367415671396,0.0,1,-0.0002745433695505728
48.36250004,-0.1522442867996432,-0.045162220700495276,-0.668062029606979,0.0,1,0.046879038679241924
50.62968755,0.019387207389456762,0.042156424496201564,11.181917362233882,0.0,1,0.0034101780665640735
50.8023438,0.11797537470155817,0.046914863936101,11.93520212675282,0.0,1,0.11547511022513102
56.66875005,0.6463053646324752,0.1917482846223394,28.03036265878866,-2.4354333826983776,1,-0.030839858801508857
54.9210938,0.7109735583785621,0.08547215945614206,18.44990985946673,0.0,1,-0.007880624183781326
54.4882813,0.6479921503867203,0.007496917154766747,16.21290800836576,0.0,1,-0.022998064356270942
53.2351563,0.45807501719190924,-0.06080673868001474,9.913887106553275,0.0,1,0.011358800124345647
53.8398438,0.37533415749518184,-0.04784919945891403,11.85930572908088,0.0,1,0.005122252044869491
54.11562505,0.3256676520222186,-0.03250523497729241,12.774783063134365,0.0,1,-0.02138072412415004
52.9585938,0.17727615745054948,-0.06029890984965386,6.457654998655407,0.0,1,-0.029002611092743935
51.4226563,-0.039687394622824,-0.09242082064100912,-0.8392531322199943,0.0,1,0.014402698213005438
52.1632813,-0.08314313777427884,-0.04529218793082133,2.453200348369066,0.0,1,0.027857239111221288
53.6164063,0.023151335464518752,0.020334095102658756,8.33551914768038,0.0,1,0.008538664405040475
54.0742188,0.11252033579520315,0.03656769847778106,10.065028096027817,0.0,1,0.016167015805321316
54.94843755,0.22067970381095137,0.04824235549784309,13.297552592156201,0.0,1,0.0028009213157327295
55.1023438,0.26919493333457467,0.032252528340488806,13.869629589587682,0.0,1,0.016744410244124763
56.02500005,0.3479076578185101,0.03698841760814142,17.268017378348617,0.0,1,-0.005257139665098554
55.7304688,0.333727444408936,0.007602734732855776,15.09628808838032,0.0,1,0.009939020107435415
56.28437505,0.3449855715034005,0.00628695394244011,17.302151483936683,0.0,1,0.0484287379504269
59.0101563,0.5490142749253479,0.0701052191214625,25.699388703986656,-0.21590938755858247,1,-0.009055644545039043
58.4757813,0.560746187059209,0.02727904375177448,21.689035666630616,0.0,1,-0.0040615105043496635
58.2382813,0.50009162753787,-0.011125171923188182,19.861347237411238,0.0,1,-0.059534509305651406
54.7710938,0.1391577538157165,-0.12401968188178059,-0.5771318144913735,0.0,1,0.000855834651963816
54.8179688,-0.04899941253000861,-0.10405894940916857,-0.35583109346343633,0.0,1,0.014052189763003264
55.5882813,-0.07480200299203688,-0.043287179957065616,3.369634893554462,0.0,1,-0.021320253518973264
54.40312505,-0.180232818807049,-0.04957266525735926,-2.6223475071451574,0.0,1,-0.021023608459051157
53.25937505,-0.3132413251473025,-0.06086039053253761,-7.713237581403469,0.0,1,0.015886287610503924
54.1054688,-0.28313432205515454,-0.010251129146796545,-3.0295988004236847,0.0,1,-0.013313118174109628
53.3851563,-0.30451233533781163,-0.010543047476484546,-6.3782577459549685,0.0,1,0.021424494733567112
54.5289063,-0.19451281403432574,0.03315215794233378,-0.07925041281583844,0.0,1,0.0006590541134692263
54.5648438,-0.12030886054638756,0.03578537047675731,0.11533120136799369,0.0,1,0.052947324665483686
57.4539063,0.16757406290978594,0.10788943131097693,12.96787695541417,0.0,1,0.010171197010498068
58.0382813,0.34624893606205376,0.09552143482108161,14.994842132500224,0.0,1,-0.019572211212257273
56.9023438,0.31207083629968224,0.020447778352903345,8.12352601865608,0.0,1,-0.02221459461218178
55.6382813,0.1636373417268544,-0.0426619054066415,1.4041243586583647,0.0,1,0.04392209721258933
58.0820313,0.2794299826298712,0.024376911832125092,11.07120476458526,0.0,1,0.037285627956334944
60.24765631,0.4945092220288885,0.07981871707704746,17.447448718015906,-0.04221722691192298,1,0.01113891877464801
60.91875006,0.6167642190593199,0.06735790470249292,19.18528758733214,0.0,1,0.006938032208207101
61.34140631,0.6617160534862663,0.03743657970981307,20.295012758343717,0.0,1,-0.014442732133051472
60.45546881,0.5552208412425514,-0.023019544177967255,14.855298809520605,0.0,1,0.0058669216694806625
60.81015631,0.4852621233504806,-0.030992754023346003,16.024834340451534,0.0,1,-0.020106119342418793
59.58750005,0.3079562324585723,-0.0694328816384181,8.560755481016905,0.0,1,0.10385200343708667
65.77578131,0.7093303726410696,0.11064708618135977,24.66664616569679,-1.5479991558052433,1,-0.0028268383331498947
65.58984381,0.8354117866788968,0.0789095000730623,23.710212151606015,-0.046618291481607343,1,0.01299505686381952
66.44218756,0.8998634906412377,0.047787068011801104,25.320383377552503,0.0,1,0.05312419156597703
69.97187506,1.1512413434023046,0.09972164025762265,30.74634903916879,-1.1355816297515275,1,-0.03905587062882987
67.23906256,0.9532591161659809,-0.032753528992900294,17.90348797779025,0.0,1,-0.018299909355547705
66.00859381,0.6722906803673112,-0.10457398826385667,12.898559961606217,0.0,1,-0.014841817458192574
65.02890631,0.39414161410404347,-0.1275743515090415,9.048320249331695,0.0,1,-0.029482081258764392
63.11171881,0.062456321463727704,-0.15308654804978578,2.1121383589715137,0.0,1,0.04205092651635245
65.76562506,0.11256783585493224,-0.03432501121952708,9.440172784004865,0.0,1,0.02830838676438474
67.62734381,0.2833861692292885,0.045497774051609735,13.762398891584404,0.0,1,-0.020100966907988904
66.26796881,0.2318985718140283,-0.001996607787883492,8.688443184229008,0.0,1,0.018556287782498515
67.49765631,0.28930385045522655,0.018469556951104915,11.747938806113787,0.0,1,0.012280518988585953
68.32656256,0.3629733564045665,0.03071302096681494,13.758216188025642,0.0,1,-0.013080564373704084
67.43281256,0.2950811630121848,-0.012393057475188929,9.981727034556066,0.0,1,0.04480153852861912
70.45390631,0.48830278189831233,0.06027618713697952,17.264224684081938,0.0,1,-0.0003437531184349307
70.42968756,0.5422034636831796,0.03805895630728229,17.155369837910214,0.0,1,0.009772601353848609
71.11796882,0.5813269542686754,0.025727482297592696,18.75218621114621,0.0,1,-0.016939284543531774
69.91328131,0.4520541608723647,-0.03451510369957267,12.813260515896232,0.0,1,0.011979126058845324
70.75078132,0.4195382516015229,-0.022343670990138176,15.139341692613698,0.0,1,0.01012577156935901
71.46718757,0.4280192968326446,-0.004620875253005474,17.09558545133008,0.0,1,-0.003071776817647476
71.24765632,0.3782972738788146,-0.01811429940227849,15.837656183960007,0.0,1,0.002061471318303143
71.39453132,0.3341510729119932,-0.020753500123033286,16.30723441479141,0.0,1,-0.0208896428399441
69.90312506,0.15994819468592425,-0.06498545944970074,7.404706049933182,0.0,1,-0.018876570237273405
68.58359381,-0.05044319815094411,-0.09179228409552304,0.7114193692743243,0.0,1,0.013156845535096995
69.48593756,-0.07623998222345563,-0.03919635605601153,4.722693457750573,0.0,1,0.041026736633414496
72.33671882,0.15478006259223775,0.06394122958656062,14.783478209980686,0.0,1,0.02554243930523925
74.18437507,0.41136310061739323,0.10684142253723872,19.641373636755972,0.0,1,-0.005402502206452997
73.78359382,0.47197592374519104,0.05581808188834553,17.4005441279474,0.0,1,0.002816513661654696
73.99140632,0.4802687166636588,0.021370291602271108,17.993874194254573,0.0,1,-0.022130948463367495
72.35390632,0.3079343867342459,-0.05032134610904726,8.648252192499342,0.0,1,0.022567026205586593
73.98671882,0.332173731208357,-0.008694000544978708,14.11319604727889,0.0,1,-0.02371624972677755
72.23203132,0.17038830084472067,-0.05682647696953835,5.374917533327995,0.0,1,-0.015347675120595095
71.12343757,-0.017086251907485916,-0.081433676573915,0.5394436024998654,0.0,1,-0.008600804191978617
70.51171881,-0.16037623729130246,-0.07490788731924386,-2.0288403335565732,0.0,1,-0.02097390724490844
69.03281256,-0.34189873104227786,-0.0854767936900731,-7.790751220101164,0.0,1,0.030861682741787355
71.16328132,-0.22662935366423653,0.00993086122932274,1.5282080192560628,0.0,1,-0.023680137126088296
69.47812506,-0.29053857383654247,-0.017992786314327713,-4.867917061587903,0.0,1,0.0046102640179679355
69.79843756,-0.27158892776964194,0.00031895325085762316,-3.466256399208376,0.0,1,0.023102236473615534
71.41093757,-0.10510669325537947,0.05560039592170671,3.2184501461841393,0.0,1,0.010130625988362896
72.13437507,0.04717977343969437,0.06929562087226018,5.963047310128445,0.0,1,0.026448035325025376
74.04218757,0.27837573400059057,0.1001638604777188,12.422859562843378,0.0,1,0.05076286740510749
77.80078132,0.6839918822809921,0.16859333625270678,21.55632409535818,-1.343946539343932,1,0.009479339249391483
78.53828132,0.8912589662311063,0.12528680673427373,22.987743222682482,-0.8692663219194543,1,-0.006545374960593708
78.02421882,0.8777823860202432,0.03727007550780348,20.249720274265385,0.0,1,0.016391144561798132
79.30312507,0.9044710845797965,0.02131959135578565,23.04489203675844,0.0,1,-0.018363084666771723
77.84687507,0.721088676811263,-0.0540209388042493,15.284522567866944,0.0,1,-0.009202761823847161
77.13046882,0.5096062290260619,-0.08850112886315009,11.70134682760552,0.0,1,-0.002643653709351379
76.92656257,0.3444056318812727,-0.08456724200264643,10.648639604985277,0.0,1,-0.011171368787185831
76.06718757,0.16149028065210302,-0.08916086441060539,6.16157898829357,0.0,1,-0.02488548361615217
74.17421882,-0.10117231418348638,-0.11727448641539828,-2.448771565617406,0.0,1,-0.025541640749833783
72.27968757,-0.3819501895859929,-0.1326841206059683,-9.374916970385343,0.0,1,-0.00042153959188728773
72.24921882,-0.49304900732174417,-0.08126097944723987,-9.480381293194831,0.0,1,-0.002378918454858381
72.07734382,-0.521833915579478,-0.036681962568324566,-10.129138934371937,0.0,1,0.010589752750963743
72.84062507,-0.42913343924338676,0.018672837922588892,-5.72654503135761,0.0,1,-0.008569651199452522
72.21640632,-0.39904031030505394,0.016255322286973906,-8.488411646130466,0.0,1,0.010731633426424914
72.99140632,-0.28615705331046115,0.043046193093855545,-3.8539505912478447,0.0,1,-0.009718609844151183
72.28203132,-0.26498358703730673,0.021406553122336636,-7.295358531777943,0.0,1,0.02315150071795169
73.95546882,-0.09286176331428919,0.06450945894845139,2.073171066246836,0.0,1,0.0412410339446756
77.00546882,0.25510429549008506,0.13749183925094188,13.995407387936076,0.0,1,-0.00048697840003630866
76.96796882,0.4047036336014287,0.09569705912076187,13.778665238385656,0.0,1,0.04818359905888969
80.67656257,0.7548274790236462,0.14860696818099317,23.602694569826326,0.0,1,-0.004880599612289593
80.28281257,0.834174611816124,0.07598470032449034,21.320725528701985,0.0,1,-0.008514820646124743
79.59921882,0.7473674813943489,-0.0036074766990948914,17.29596481401326,0.0,1,-0.006399246218130261
79.08984382,0.59923537606727,-0.05057986067539133,14.292109424441918,0.0,1,-0.02987109198719362
76.72734382,0.2783580420647809,-0.12381906489262684,2.268795847121531,0.0,1,-0.0010182158812024333
76.64921882,0.088212454891476,-0.10465488402197726,1.9120896017059223,0.0,1,0.01506456970829162
77.80390632,0.08201258173053816,-0.036951585727638375,6.758306393307819,0.0,1,-0.0025605237503195655
77.60468757,0.05547670083919343,-0.02116248887299438,5.682561301866009,0.0,1,0.002234884327619646
77.77812507,0.052038826990255416,-0.008200120907310794,6.480436130238587,0.0,1,0.010908433434676068
78.62656257,0.11668644614992729,0.018815832750787034,10.359554071138476,0.0,1,0.02128336080456461
80.30000007,0.27873951021727805,0.06028963227271261,16.837568954065816,0.0,1,0.017444349424394767
81.70078133,0.4532695213995055,0.07827321448498004,21.212976304745467,0.0,1,-0.020453828382010708
80.02968757,0.3635042535406683,-0.0038306844579523713,10.612563681668789,0.0,1,0.0013569183299013687
80.13828132,0.29737907764952354,-0.023318620116365707,11.03139580849868,0.0,1,0.025727014930197356
82.20000008,0.4113447965664818,0.030215699600197543,18.1711774360912,0.0,1,0.011880322372865848
83.17656258,0.5154291313110946,0.044766678114936787,20.970410649084954,0.0,1,0.024148554444866743
85.18515633,0.6919016835741445,0.07374641012599559,25.828557443950302,-0.6818471438078433,1,-0.005135871304915662
84.74765633,0.6860211527411479,0.02262195976433301,22.876918820397805,0.0,1,-0.005263788632253741
84.30156258,0.588737978762893,-0.024887071404640637,19.79880992270006,0.0,1,0.01912775932794597
85.91406258,0.6254098935435337,0.003928281125333388,24.179044438796865,0.0,1,0.0068291352123368565
86.50078133,0.6405215889718932,0.00634665885123098,25.60921184204787,0.0,1,0.005175170017160946
86.94843758,0.6320053251050695,-0.0007232016718642376,26.7031287623023,0.0,1,0.012875806410781454
88.06796883,0.6683743535795656,0.011881942267544021,29.284777582976375,0.0,1,0.005402432420332115
88.54375008,0.6705094425185223,0.004672343735500184,30.314848037444506,0.0,1,0.03880496925977961
91.97968758,0.9020293251114566,0.07873074210947817,35.92912522532194,-0.4583723583674413,1,-0.03426367911131356
88.82812508,0.679989947648636,-0.047769545117780865,16.577386861341296,0.0,1,0.0014423922590351967
88.95625008,0.522981513279845,-0.06825932649552391,16.913967960080285,0.0,1,0.027207897115979707
91.37656258,0.6025882116554584,0.0037824572933631284,22.687107700654536,0.0,1,-0.004702381966095626
90.94687508,0.5563685848719757,-0.014145723163373147,20.268492451435677,0.0,1,-0.017257671015297515
89.37734383,0.35610045190757944,-0.07147128537592312,11.908016091309115,0.0,1,0.012840572351119572
90.52500008,0.32192936859974,-0.03521412289458753,15.265618773613355,0.0,1,-0.015206434673112112
89.14843758,0.16330283789584144,-0.06461355119949536,8.404659998308126,0.0,1,-0.025247568113352492
86.89765633,-0.11718410144742109,-0.11503349684758597,-0.9609712589654791,0.0,1,-0.00675183629546805
86.31093758,-0.296555458498446,-0.09813495129953698,-3.1375228497832737,0.0,1,-0.0038559713210336577
85.97812508,-0.3892625571490811,-0.06361401665005734,-4.41277885724665,0.0,1,-0.016728455623587157
84.53984383,-0.5230343308786445,-0.06579526345987358,-9.681209980453659,0.0,1,-0.002689190560336896
84.31250008,-0.5652793360035417,-0.03601342286159026,-10.483286307287273,0.0,1,-0.04110452194765479
80.84687507,-0.8280973113990342,-0.09961046608569424,-20.442618277450286,1.0676351795196979,1,0.05547717529114893
85.33203133,-0.5167351681468659,0.07058389238882468,-1.7043335859434379,0.0,1,0.01834744791138676
86.89765633,-0.18752408250853136,0.13326499267571978,3.1312144645346507,0.0,1,-0.025892528003925275
84.64765633,-0.19479153281366735,0.0419991807901946,-3.7723424112490633,0.0,1,-0.03033715121407199
82.07968758,-0.396190026065085,-0.053133104153741006,-10.31189755271533,0.0,1,-0.007671660657653789
81.45000007,-0.5163473963520318,-0.057763491480229245,-11.784804266714545,0.0,1,-0.0028967157740605876
81.21406257,-0.5530585901328493,-0.031491561753682284,-12.36626661172636,0.0,1,0.031206110491216688
83.74843758,-0.3141280536788429,0.06914632490010802,-2.781180827503448,0.0,1,0.014841694793561677
84.99140633,-0.06490471847860135,0.10612322003344987,1.2977133015089848,0.0,1,0.02189559604149216
86.85234383,0.2201938006614057,0.1304072463911523,6.845485660311958,0.0,1,0.01653308864998082
88.28828133,0.4640550351762869,0.1247561603020112,10.685100727474051,0.0,1,-0.02521923030393647
86.06171883,0.36176752450236904,0.007489549876031121,2.6190443425939804,0.0,1,-0.006635862701372508
85.49062508,0.23288532962354225,-0.04046421500093189,0.6985854048804256,0.0,1,-0.021612384378649763
83.64296883,-0.004934232784492565,-0.09276125913632224,-5.1815839217272455,0.0,1,0.004305875975445073
84.00312508,-0.09341980708981623,-0.06041561114721531,-3.829384714104066,0.0,1,-0.0037573006920803564
83.68750008,-0.15617969365165152,-0.0410584992363502,-4.90537711589095,0.0,1,0.007841672882720419
84.34375008,-0.11985716246159939,-0.0015786560154326945,-2.1003344889642364,0.0,1,-0.00863282696476475
83.61562508,-0.15238488332811073,-0.011368792293981356,-4.938417800818428,0.0,1,-0.045801098853664124
79.78593757,-0.47509062931735,-0.11135817942774023,-16.528424768961756,0.0,1,-0.008058672613026618
79.14296882,-0.6504333457021971,-0.0955669652708625,-18.060867974182393,0.0,1,0.003504338466639778
79.42031257,-0.6607899459194329,-0.03530785516269941,-16.599481469139995,0.0,1,-0.007682622118393212
78.81015632,-0.6617487713680958,-0.012088893537120837,-18.26513414753333,0.0,1,-0.015166985523370369
77.61484382,-0.7066918281450825,-0.019010650104702487,-21.372630125057658,0.0,1,-0.016558124538399666
76.32968757,-0.7773687250214891,-0.02989584899370301,-24.37070534258551,0.0,1,0.03630427214127785
79.10078132,-0.5170019672079036,0.07682363627329414,-9.453395372860989,0.0,1,0.05074618029070055
83.11484383,-0.009229881867113932,0.19486524053802795,5.056035951729584,0.0,1,-0.025256845387253146
81.01562507,0.07049042095887614,0.0915285144546727,-1.781760064256666,0.0,1,0.01928640319259345
82.57812508,0.23468470479197379,0.08524093276259012,3.041545916659338,0.0,1,-0.006868495736013891
82.01093758,0.2499591629758413,0.03350513031548588,1.1209711700438518,0.0,1,-0.026320803342777754
79.85234382,0.05688364848646188,-0.053190128057964525,-5.667053260761804,0.0,1,-0.024586394789181898
77.88906257,-0.2080011836321063,-0.10602498672551092,-10.912167821333036,0.0,1,-0.016580071801986174
76.59765632,-0.4307273552220323,-0.109583719438479,-14.023096245329363,0.0,1,-0.009516038545028915
75.86875007,-0.5669386822485052,-0.08193168215498398,-15.733446814149119,0.0,1,0.037358925741953986
78.70312507,-0.3516015389077012,0.04446848706194001,-4.532389803336699,0.0,1,-0.019168155631154815
77.19453132,-0.3403489848283243,0.01857368038043894,-8.694843017339494,0.0,1,0.00039470088721293983
77.22500007,-0.3038212298862817,0.018367145107493876,-8.574506980944783,0.0,1,0.020324134005533567
78.79453132,-0.12944464575807046,0.06424790974523503,-2.422886833621618,0.0,1,-0.020950454585431322
77.14375007,-0.1690344040474514,0.008219383818618031,-7.623803481203225,0.0,1,0.05104107586715867
81.08125007,0.15338191714513982,0.1102119016704031,5.32049895085153,0.0,1,-0.02189162104022291
79.30625007,0.1538915846460185,0.036907189723760586,-0.27439764619662554,0.0,1,0.01851997791729665
80.77500007,0.2637179530092908,0.04891118602901098,4.00266542837241,0.0,1,-0.023618848633199407
78.86718757,0.13767026610680944,-0.025712166957823468,-1.902917996881797,0.0,1,0.023675086655559285
80.73437507,0.2187728588133382,0.01846347524956843,3.6134067230988194,0.0,1,0.02757886597957171
82.96093758,0.4266399594321513,0.07544352528946052,9.339231837036131,0.0,1,-0.018174969497494087
81.45312507,0.3693691372888708,0.006057567715393342,4.296271535255947,0.0,1,-0.033502781478977006
78.72421882,0.08254411060984523,-0.0935891529878774,-3.6286057779891934,0.0,1,-0.01987753925609559
77.15937507,-0.1981507244471601,-0.12476132934829426,-7.574033887320155,0.0,1,0.03499250735961157
79.85937507,-0.0969855816050682,-0.007865395502067454,0.5001420472244362,0.0,1,-0.02171786341277715
78.12500007,-0.1828521283836011,-0.03124398076020013,-4.094705037505953,0.0,1,0.034879999968747466
80.85000007,0.016535608925764222,0.05604791884972174,3.3199473104074997,0.0,1,0.02676638847404278
83.01406258,0.2951900526699802,0.11156745419797928,8.356610319213061,0.0,1,0.0023339419127124117
83.20781258,0.4260639368195882,0.08081377944919577,8.798842531843611,0.0,1,-0.0024787335900904317
83.00156258,0.438808050826097,0.031185964485234863,8.069449273686068,0.0,1,-0.031785922794611565
80.36328132,0.18875599859383385,-0.07295536258234275,-0.6342407355327779,0.0,1,0.06814757212554312
85.83984383,0.5043805150948941,0.08088971797290584,12.37332427581834,-0.7085951323586528,1,-0.028641638198562913
83.38125008,0.41527825125417905,-0.002737515289269743,5.288591933779443,0.0,1,0.0100161157238432
84.21640633,0.40571695256264206,-0.0040996046602689296,7.126614293586755,0.0,1,-0.005361930289812578
83.76484383,0.32949634883665624,-0.026773402795418233,5.749775203501308,0.0,1,0.003786642289260733
84.08203133,0.29036030957060177,-0.02196981402049092,6.566775954859018,0.0,1,0.00822299650785574
84.77343758,0.3042127849733589,-0.0027057795392446127,8.425884391496275,0.0,1,-0.007317297937984746
84.15312508,0.23409524892696254,-0.024274438528546993,6.034904034074593,0.0,1,-0.014603215850055973
82.92421883,0.07711968932652269,-0.060416666042995615,1.4043173349090239,0.0,1,-0.03231489603168336
80.24453132,-0.23110202375090694,-0.12287945970680843,-7.170802766227304,0.0,1,-0.006503558453333835
79.72265632,-0.4094439616437171,-0.10040713253320621,-8.662977354133574,0.0,1,-0.012445489723993175
78.73046882,-0.5471768921198077,-0.07938002100309893,-11.496730792846265,0.0,1,0.021314810201837675
80.40859382,-0.4306015330145385,0.012398446034056765,-4.478379610073588,0.0,1,0.007471604979747637
81.00937507,-0.2863652882106891,0.0522115636126354,-2.112594388025066,0.0,1,0.006818269607964833
81.56171883,-0.14435474512453084,0.06474070223293121,0.10097805077049316,0.0,1,0.007844902721258595
82.20156258,-0.00799959898775171,0.06703194945657012,2.687684907014379,0.0,1,0.006909464153400435
82.76953133,0.10817533649627364,0.061068961646865164,4.989029020048974,0.0,1,-0.01470574365278332
81.55234382,0.05581590036359785,0.0029031751713964535,-0.7188968030449132,0.0,1,-0.01799074595867345
80.08515632,-0.0972807677330394,-0.05006449764174694,-6.7338973046803545,0.0,1,-0.015481567458592305
78.84531257,-0.26904268363693973,-0.07394213784854908,-11.18248177629318,0.0,1,0.00738193852022917
79.42734382,-0.2840008137858092,-0.02963342266580621,-8.068258796447026,0.0,1,0.021717961561313448
81.15234382,-0.12406314437808419,0.04343474891397295,0.2677967901744367,0.0,1,-0.020024067371416043
79.52734382,-0.16917238097605036,-0.0005581625613310659,-6.298754875500315,0.0,1,-0.11217643305416769
70.60625006,-0.9210537808603618,-0.25081318748188086,-25.67879898367372,4.187261473152304,1,0.0801429583810418
76.26484382,-0.7486905190641551,-0.026149975228557998,-7.658177515802393,0.0,1,0.018787326220476075
77.69765632,-0.4807169699107021,0.08060785797496495,-4.037974460185737,0.0,1,-0.008989170755980935
76.99921882,-0.3648735728414181,0.06548375168141635,-5.549597139438099,0.0,1,-0.00362219583879142
76.72031257,-0.299787930736656,0.04352313126205948,-6.188914417629185,0.0,1,0.08322641092180327
83.10546883,0.2898335728771002,0.21104821162527196,8.861791994767664,0.0,1,0.006965922437477623
83.68437508,0.6087337144442273,0.17664945106413305,9.942683960065246,0.0,1,-0.013406027097979889
82.56250008,0.6239663923574312,0.06396070965911238,6.732971189992334,0.0,1,0.0026021953040644696
82.77734383,0.5974891777842544,0.012494498361978468,7.220390294933509,0.0,1,-0.0453022510326182
79.02734382,0.22195980484896438,-0.1210116248577705,-3.0395291904801027,0.0,1,0.02830309917912155
81.26406257,0.2020916971439135,-0.04695991085427381,2.5938087051403684,0.0,1,0.01666057808559307
82.61796883,0.288142190196055,0.013030194065955902,5.7544176527288045,0.0,1,0.00944671917081319
83.39843758,0.3721946500391198,0.03236088463634024,7.5664641402615445,0.0,1,-0.01799531614198857
81.89765633,0.2581395549573955,-0.027231403481794703,2.934574401818722,0.0,1,-0.0045979644213830495
81.52109382,0.14822016867009324,-0.045716929923032334,1.7732036816959464,0.0,1,-0.0019070984295584958
81.36562507,0.0679530656372691,-0.04199467765195217,1.2573210950892602,0.0,1,-0.0056554134452247995
80.90546882,-0.016189595515584188,-0.04204577960160183,-0.36904448532654044,0.0,1,0.008507227880124146
81.59375008,0.0004449785342899304,-0.008470401850575904,2.1540061174762286,0.0,1,0.009795097654126561
82.39296883,0.07532674651470472,0.022137122043279632,5.058478363825714,0.0,1,-0.030825976974326652
79.85312507,-0.10516324503798558,-0.05278428983647023,-4.660068592481245,0.0,1,-0.022815324990761887
78.03125007,-0.3384675537278383,-0.09536286617544101,-10.251995977292985,0.0,1,0.017651181401866722
79.40859382,-0.31213543276210487,-0.023010248403235845,-4.595838864793819,0.0,1,0.012563580363372795
80.40625007,-0.18982006538239204,0.033101706325492336,-0.7607606720941149,0.0,1,0.01040614068274004
81.24296882,-0.04311748041067176,0.059934763765737545,2.3578563039280738,0.0,1,0.012491465719925543
82.25781258,0.11839724877607694,0.07381649765082876,6.000826442056173,0.0,1,0.016497293174192018
83.61484383,0.30237411347144416,0.08593112078206536,10.489564724895885,0.0,1,0.004503536486483162
83.99140633,0.40054491136316983,0.06136730622459702,11.6944512942924,0.0,1,-0.009682910258754784
83.17812508,0.3484781301954456,0.003100175018957596,7.487486734893011,0.0,1,0.01610812636990011
84.51796883,0.4050585412619512,0.019893528695154372,12.20514343387368,0.0,1,0.013819176752215334
85.68593758,0.4969245975233747,0.037253194985525984,15.873227878853896,-0.0826199636302789,1,0.020788125219928233
87.46718758,0.6498847425271492,0.06340444666310019,20.69302504334493,-0.8203924518780923,1,-0.0020007502795255094
87.29218758,0.6576244198184327,0.02371470798479458,19.619687596499617,0.0,1,-0.011205183729684709
86.31406258,0.5251818068125402,-0.03624263500703262,13.62077579205171,0.0,1,0.020111873408705128
88.05000008,0.5598568080752244,-0.0005225445814495133,18.90444828221841,0.0,1,0.010327938661825797
88.95937508,0.6063208247002905,0.015313824014538846,21.328280799132386,0.0,1,0.004285664098439668
89.34062508,0.6107969309544643,0.006596643422904225,22.332879549869574,0.0,1,-0.002063730803706476
89.15625008,0.5467706565020194,-0.019143210343180228,20.99621096291922,0.0,1,-0.023869610914438844
87.02812508,0.29184954790062534,-0.09135477298152478,7.394061647224994,0.0,1,-0.028869977351464127
84.51562508,-0.06930680205844908,-0.15083704098019973,-4.133435128730163,0.0,1,0.022370123846453094
86.40625008,-0.08655732686645479,-0.0560291885960685,3.650050552878092,0.0,1,-0.004593128386344292
86.00937508,-0.121042395364924,-0.030171419031512575,1.909210755252552,0.0,1,0.019329288213682183
87.67187508,0.010343603332913176,0.033738193222108206,8.219227838409417,0.0,1,0.012867581524526495
88.80000008,0.16918505240410298,0.06419321409776602,11.980447450428677,0.0,1,0.01594172295861096
90.21562508,0.3524757725726744,0.08249464475544582,16.22034992362343,0.0,1,0.023762513401630825
92.35937508,0.5933939849425798,0.10780428570845041,21.557402957895846,-0.5382690744797145,1,0.0003383522243727288
92.39062508,0.6670077590489853,0.060472686604951975,21.630003360856236,0.0,1,-0.02059868085481731
90.48750008,0.4896369161814391,-0.038966052087531455,11.080186505061207,0.0,1,-0.007252382919406664
89.83125008,0.30546091839921985,-0.07438068328991693,7.817546906528939,0.0,1,0.0037570444550134585
90.16875008,0.21604284297484355,-0.05459958623809774,9.066956222007448,0.0,1,0.00862965272679972
90.94687508,0.21817398501474372,-0.01748948139939918,11.953762889985107,0.0,1,0.0030237432540491938
91.22187508,0.223975057283468,-0.0038961363768916235,12.979019073508802,0.0,1,0.013531568046781128
92.45625009,0.31107558947753944,0.027734798605726585,17.365084424231085,0.0,1,0.019603866674623438
94.26875009,0.4797445564514504,0.06546792185987921,22.651375264980572,0.0,1,0.018099847493161958
95.97500009,0.6662878269007706,0.08400373076973311,26.613716778091558,-0.43288413033415907,1,0.011656681416524206
97.09375009,0.7972646432170336,0.07166018236199867,28.84649982213203,-0.31966196408981773,1,0.0016092693902045596
97.25000009,0.8093351644404265,0.027910234528463862,29.155333560548613,0.0,1,0.013431876594253378
98.55625009,0.8567799946820855,0.02511835492337433,31.6445936264152,0.0,1,-0.018263681890862138
96.75625009,0.6591040769127403,-0.0575191876153236,19.024015852627727,0.0,1,0.006265745101077025
97.36250009,0.555861611618667,-0.05358721763646568,20.71792602570332,0.0,1,-0.01989985875680078
95.42500009,0.2964602446700866,-0.1043295281950154,9.21863410593221,0.0,1,0.004879486503126529
95.89062509,0.18085662413994896,-0.07331104957505102,10.915689834903887,0.0,1,-0.005963825968005376
95.31875009,0.06032717852988867,-0.06461349839503712,7.642298427632923,0.0,1,-0.013769588866416438
94.00625009,-0.1143398091526393,-0.07976016202585505,0.6953709117374842,0.0,1,-0.0036234292897959763
93.66562509,-0.2205304022311907,-0.06198358503480214,-1.0072501149207511,0.0,1,-0.0125446234824248
92.49062509,-0.35316483191785153,-0.06487267157382098,-6.594673173383086,0.0,1,0.004966719595126623
92.95000009,-0.351770394101365,-0.021159411252444804,-3.923249470359579,0.0,1,-0.003160301234164331
92.65625009,-0.3462381423513392,-0.005209053167472999,-5.418419853258108,0.0,1,0.002900505899374961
92.92500009,-0.2922230046137173,0.01626869485671628,-3.6487330967937055,0.0,1,0.0335956416139509
96.04687509,0.019292731306236988,0.10926147692555688,12.00947562556447,0.0,1,0.006539775494115885
96.67500009,0.22578662165734897,0.10525178909222296,14.33646829649831,0.0,1,0.008242823886818185
97.47187509,0.3766242650281413,0.08536314415433843,17.170986037839526,0.0,1,-0.0023404187083643224
97.24375009,0.4016473146278514,0.03679539791801617,15.514705887568098,0.0,1,-0.013400604139535477
95.94062509,0.2720944798753919,-0.030919145611481125,6.648970223130732,0.0,1,0.006840168066284624
96.59687509,0.2393310225095462,-0.02122753432577562,9.700491892602614,0.0,1,0.012778622484939772
97.83125009,0.30586962528415995,0.015103689482946048,14.868768045857806,0.0,1,0.0077620903269806085
98.59062509,0.3769310412311171,0.028721701809967748,17.70023799433139,0.0,1,-0.0012361723022725757
98.46875009,0.37089457910199997,0.007561746560283522,16.74099839247448,0.0,1,0.0036178990763504615
98.82500009,0.36665596644560594,0.001107711301296499,18.204200729719176,0.0,1,0.013565646332194259
100.16562509,0.445700746246942,0.026717497034210835,23.144356784052235,0.0,1,0.0024646678915862807
100.41250009,0.4686543239603651,0.01655702491587796,23.971807657151686,0.0,1,0.0008091622051755731
100.49375009,0.4478474191537032,-0.0014166266302613195,24.261801352176718,0.0,1,0.004664469179229469
100.96250009,0.43918584848756836,-0.003359399098798732,25.97748946557016,0.0,1,0.005942800539459059
101.56250009,0.44825624244720075,0.0019036649536112171,28.057710987334474,0.0,1,-0.0014461538448722333
101.41562509,0.4031971692230911,-0.014385136090166117,26.261527044045366,0.0,1,0.019351061616574405
103.3781251,0.5106095360091132,0.031009076898618648,32.30622678783952,0.0,1,0.013179770852702388
104.7406251,0.6353065914013598,0.05190204409695509,35.21118374488459,0.0,1,0.015066980920662942
106.3187501,0.7762233198140365,0.06427292416987729,37.79086731803443,-0.5409287004335965,1,-5.8785491685475755e-05
106.3125001,0.7814755740358805,0.023175059463907077,37.723531639509716,0.0,1,-0.0035567313311635207
105.9343751,0.6874683199771425,-0.023610731531610307,33.42231795123844,0.0,1,-0.0030974364996277925
105.6062501,0.5558319162830117,-0.051749045075247024,29.65651465601833,0.0,1,-0.019056637254843745
103.5937501,0.2759860547456867,-0.11053163553752399,10.916683024682186,0.0,1,0.011251885358670943
104.7593751,0.21019970274822697,-0.058772662511661244,16.055819671801984,0.0,1,-0.007547057237075938
103.9687501,0.09390446818713372,-0.058355965690918166,10.09998923601718,0.0,1,-0.01995792012507802
101.89375009,-0.1449851889423428,-0.0990818742734649,-2.412168364058111,0.0,1,-0.010028829041009879
100.87187509,-0.337504168428552,-0.09720028458655802,-7.278900013251082,0.0,1,0.015954645420877434
102.48125009,-0.27152372746927256,-0.010406614542426196,1.4157813881794823,0.0,1,-0.016954320897472508
100.74375009,-0.3606981963671956,-0.03319369448011639,-6.504311367232027,0.0,1,0.017370804624968095
102.49375009,-0.22939391445223123,0.03270352914494934,1.804045446554639,0.0,1,0.033904506440134874
105.9687501,0.14495772020960374,0.13568505460226146,13.609769169585029,0.0,1,0.004570923027240603
106.4531251,0.36041831085638876,0.11704854841634885,14.939856388955747,0.0,1,0.014472332292290835
107.9937501,0.5664991636084125,0.10770980038945754,18.95057001373975,0.0,1,-0.004282655242287103
107.5312501,0.5837896596837311,0.04166676548825876,16.416288521193195,0.0,1,-0.02013949431431372
105.3656251,0.36331701941440997,-0.05960195826035414,5.754585268998781,0.0,1,0.011655841255954202
106.5937501,0.3251480309952228,-0.032590315559847094,9.818927916764544,0.0,1,0.001495162707480402
106.7531251,0.29224911753603067,-0.021829743006346436,10.344175597232429,0.0,1,-0.012587453517086789
105.4093751,0.13946640101175944,-0.05820415317687255,3.7605909055847704,0.0,1,0.014704574413134885
106.9593751,0.1806195093319758,-0.005683681618885411,9.43303583378352,0.0,1,0.06027405259214147
113.4062501,0.7233840210477496,0.17902694336562952,24.110622703188184,-2.3730613656532427,1,-0.015293469261796866
111.6718751,0.7899530251516609,0.08186531582318024,16.877686449707568,0.0,1,-0.014299706157615999
110.0750001,0.624335191774307,-0.02791750585139119,10.806550606153287,0.0,1,0.003775834654757393
110.4906251,0.5241337591044442,-0.04270631284041804,11.80916985833096,0.0,1,-0.005119212598245992
109.9250001,0.383219812844132,-0.061206753033576755,9.50731808221338,0.0,1,0.011911530578201823
111.2343751,0.38994243864362943,-0.01816137574469312,13.047021177136273,0.0,1,0.0227840988698107
113.7687501,0.5720064649897552,0.0546342168671442,18.894762317502483,0.0,1,0.02235895188937298
116.31250011,0.8273504402470024,0.10332606404146383,23.56079815293249,-0.1776614921573696,1,0.0036539494860661215
116.73750011,0.9214932245217113,0.06582294943872424,24.277116682746254,0.0,1,0.043366527424603785
121.80000011,1.3136485146155792,0.15265941317753073,31.066408141889298,-2.5090441277090036,1,-0.02178263544830794
119.14687511,1.1791617001112087,0.006057532891053485,20.266861432904648,0.0,1,0.020825137022764784
121.62812511,1.2204256511831062,0.015773827987650257,23.88236465539633,0.0,1,-0.01821638702394035
119.41250011,0.9547200724537817,-0.0833105835805581,15.928398353837636,0.0,1,0.026352978097780255
122.55937511,1.004546860384636,-0.011161265216568017,20.876389364117955,0.0,1,0.0136413472939092
124.23125011,1.0850709326513481,0.02312093568338147,23.175938484211528,0.0,1,-0.0055843437088956005
123.53750011,0.9770978910637638,-0.02828403530140089,20.605582942965555,0.0,1,0.02084387338020588
126.11250012,1.0562698801813184,0.01696265127205132,24.3249416750958,0.0,1,0.009391416385156282
127.29687512,1.1065313013916551,0.022408024160796014,25.88438988878164,0.0,1,0.0021112065771187183
127.56562512,1.0618469035475187,-0.007425457894446819,26.248115863439338,0.0,1,-0.011734156428049536
126.06875012,0.8262778793298224,-0.08099816070404764,19.73866648568766,0.0,1,0.005007188533233897
126.70000012,0.6922410439434827,-0.07167833203012908,20.902637353644025,0.0,1,0.010778413565166511
128.06562512,0.6813379559217054,-0.027527140017302165,23.365219512950844,0.0,1,0.013591664417122118
129.80625012,0.764160332250654,0.018431745437215485,26.21593827513196,0.0,1,-0.00678896431554965
128.92500012,0.6684539927275921,-0.025758198028615453,21.887699214534777,0.0,1,-0.002399650957626731
128.61562512,0.5391150735721055,-0.0516990390613673,20.329768272666882,0.0,1,-0.01450543041142438
126.75000012,0.27405060786334445,-0.10558783492337614,11.412227639258354,0.0,1,0.001503944771751753
126.94062512,0.13456624102035164,-0.081690733922123,11.959825080522513,0.0,1,-0.0035203466154162255
126.49375012,0.016370620847169448,-0.06662878469843507,9.751199865089873,0.0,1,0.0028163446783895374
126.85000012,-0.014403907643355751,-0.03246777106298676,10.983142361136608,0.0,1,0.030153724843370533
130.67500012,0.2901591537483199,0.09069843010956297,21.419366649509627,0.0,1,0.027931892073068232
134.32500012,0.7224274216318065,0.17432223266434987,27.734046401617093,-1.0793744180208762,1,-0.019007072382052126
131.77187512,0.6655988537708879,0.039164554934477125,16.34193282237598,0.0,1,-0.013493964462300778
129.99375012,0.4335409153595151,-0.06429779449229855,9.584607691135936,0.0,1,-0.013726621459514643
128.20937512,0.13268561987385397,-0.12171769665931992,3.5076789915489144,0.0,1,-0.010334657654791912
126.88437512,-0.13921582952511358,-0.13120638201942916,-0.6453536079673867,0.0,1,0.00480260078850292
127.49375012,-0.21278398509750218,-0.06825817919727259,1.2867164793474615,0.0,1,-0.0041668709211234445
126.96250012,-0.27610689745890227,-0.04386036385289091,-0.5409658000587712,0.0,1,0.00531653046657099
127.63750012,-0.22850944551804275,0.001245696029322868,1.8799739431587739,0.0,1,-0.004309078440763114
127.08750012,-0.23150159908776402,-0.0005821525134661332,-0.27637782086091534,0.0,1,0.0020655060470318176
127.35000012,-0.19183087594865356,0.013029523541881444,0.8078969625283321,0.0,1,0.0066990577086463166
128.20312512,-0.08491585805003865,0.03998151381349879,4.362097317289603,0.0,1,0.02408287627239991
131.29062512,0.2329096390701011,0.11926900364454619,14.636444324119466,0.0,1,0.009378049642726927
132.52187512,0.4750174177076758,0.12045892742737363,17.844088218890704,0.0,1,-0.014738132842079255
130.56875012,0.3937261055508259,0.013055871756841253,8.492754012897805,0.0,1,0.01187114067168027
132.11875012,0.44943660734315927,0.02292212451639153,12.990860248701217,0.0,1,0.0005676711286770608
132.19375012,0.44608880762740455,0.006524774933545585,13.205237574172557,0.0,1,-0.015909413252070403
130.09062512,0.2319804238005645,-0.06919453629776484,3.5419414952701374,0.0,1,-0.007374666691892906
129.13125012,0.025646613237086058,-0.0918427822870811,-0.30870240440722796,0.0,1,-0.0004356033101804435
129.07500012,-0.08434500981439896,-0.0672781351128554,-0.5404318288682077,0.0,1,-0.0033410807638898365
128.64375012,-0.16824957052227774,-0.05039423194024473,-2.4301485769799243,0.0,1,0.0016761405027363452
128.85937512,-0.17821230333268545,-0.02011898825021749,-1.3403832322093976,0.0,1,0.00552928337062375
129.57187512,-0.10896764446016505,0.016375223540767647,2.299738529463312,0.0,1,-0.012058944107684821
128.00937512,-0.19547301131891004,-0.02337671443932579,-5.404662911050266,0.0,1,0.02126309106226354
130.73125012,0.004386639528320302,0.058827645469301526,6.887938889431666,0.0,1,0.013314528839908135
132.47187512,0.2490029949912298,0.10114800031073701,12.758962172633645,0.0,1,-0.013918048629792845
130.62812512,0.1969150898067653,0.01635336504209084,4.0896697322205355,0.0,1,-0.017966077350065723
128.28125012,-0.041111370269391045,-0.07389103167802186,-4.750610635468874,0.0,1,-0.004263093784075522
127.73437512,-0.2022715694516819,-0.07835041028677091,-6.587658702909309,0.0,1,0.0034495412811630377
128.17500012,-0.22927695492185762,-0.03511859858564889,-4.603101315359481,0.0,1,-0.027257655601553243
124.68125011,-0.5148190689134537,-0.10688690419241498,-15.318719738496625,1.0189951768352472,1,-0.011654719524531454
123.22812511,-0.7357822868331283,-0.10928337403736321,-18.729788773426957,1.3170724841703247,1,-0.03317018737687738
119.14062511,-1.1255737052235304,-0.16635826414258847,-26.082188475549977,3.062331580607463,1,0.03257704915025017
123.02187511,-0.9032341056501139,0.018660445143609317,-10.960001448674973,0.0,1,0.0028704244646267085
123.37500011,-0.6873677137258909,0.07817561235594406,-9.75925551348115,0.0,1,0.012006079016651183
124.85625011,-0.39871637495328116,0.1222756503761846,-4.734396518670792,0.0,1,-0.016168593868720715
122.83750011,-0.389393507654205,0.043866172558420236,-9.847065320818352,0.0,1,-0.0032817746994118213
122.43437511,-0.3858763650334822,0.01579443839304767,-10.828726726387863,0.0,1,0.00296076979748805
122.79687511,-0.32175309663699636,0.026639235596511157,-9.378292958392414,0.0,1,-0.030156508434622475
119.09375011,-0.5714724543856704,-0.07436004071738761,-18.030750376961247,0.0,1,0.003857255310003138
119.55312511,-0.6104281787278723,-0.037771921686529875,-16.090417374919383,0.0,1,0.0205191206649169
122.00625011,-0.37460994267165404,0.06601543812322946,-6.5246709415418565,0.0,1,0.04382459919208492
127.35312512,0.22008958807910517,0.22023832295799628,8.146130267602679,0.0,1,0.01521360389212556
129.29062512,0.6605568877812118,0.22023520755336767,12.106037238920663,0.0,1,-0.003335508661975406
128.85937512,0.7898066303171589,0.11649498336310493,10.686054212138984,0.0,1,0.0048744998135761275
129.48750012,0.840958032392038,0.05588212847932805,12.088838477877083,0.0,1,0.014262959731931257
131.33437512,0.9503601473968217,0.05509474782803725,16.04681884941492,0.0,1,-0.0075903585720735745
130.33750012,0.8427916092828127,-0.017491263428657255,12.155078496119351,0.0,1,-0.02658962306941004
126.87187512,0.42997262278558424,-0.1434367499752952,0.6309869463999362,0.0,1,0.006724303547914756
127.72500012,0.2588258276381623,-0.10486118170757242,3.0137949050473978,0.0,1,0.0006850655699179864
127.81250012,0.15897527776128584,-0.06823724386148297,3.270820060904967,0.0,1,-0.0002933985327318034
127.77500012,0.09267706300938983,-0.04484515287112634,3.1324170496414325,0.0,1,0.02895715121522313
131.47500012,0.3601382003826643,0.07420532816738273,13.522316684756795,0.0,1,0.03139855482967979
135.60312512,0.8078676690374209,0.17397826560737983,21.38599941622992,-0.4373341833586153,1,0.005646072015836445
136.36875013,1.0282121817783434,0.1314409261161008,22.60308511128575,0.0,1,0.0008020532555716997
136.47812513,1.0618146730005833,0.05501447244611368,22.786815665328746,0.0,1,-0.0044421038860441575
135.87187512,0.9396105283616691,-0.02239655739760016,19.899814682250195,0.0,1,-0.004254927662471819
135.29375012,0.7520304953453945,-0.06999219680462498,17.080659282964874,0.0,1,-0.00960872175430838
133.99375012,0.4872379375584899,-0.11159491819717648,10.939877543565267,0.0,1,0.007976118281956435
135.06250012,0.4033009972018249,-0.06517728618461383,13.954081923876416,0.0,1,-0.009440074031409118
133.78750012,0.22147411059000888,-0.08233472426547661,8.019320291328356,0.0,1,0.011071662140868188
135.26875012,0.2355419914015897,-0.022755614484631925,12.51012965080617,0.0,1,0.006999953863401798
136.21562513,0.30185368335725116,0.014518692490343155,15.157452091050729,0.0,1,0.027828121747283774
140.00625013,0.6257404723886566,0.11280182717391618,23.485628236256474,0.0,1,-0.026271148585043647
136.32812513,0.42902841087197885,-0.027970078114253838,8.428617522587466,0.0,1,0.0026590257854302024
136.69062513,0.3251283458743046,-0.04395671437064269,9.340907792630013,0.0,1,0.012528291522343471
138.40312513,0.3887926178859402,0.006569185880330952,13.540692699633048,0.0,1,0.008918693120842258
139.63750013,0.49108995240126774,0.03628884013188616,16.3263849798263,0.0,1,0.008011816302629704
140.75625013,0.5945436236254977,0.04658083711870542,18.732216679012254,0.0,1,0.005328360192228043
141.50625013,0.6592251572688212,0.037087456920676276,20.312154126156486,0.0,1,-0.005388454568611034
140.74375013,0.5730888276514179,-0.0163496242322424,16.515494216343214,0.0,1,-0.008814778623235986
139.50312513,0.3788778438717486,-0.07018686933730389,10.599862822329975,0.0,1,-0.007795524286546174
138.41562513,0.15957419832594155,-0.09649683829437034,5.769075113450775,0.0,1,0.0051926941002864435
139.13437513,0.09652035902587386,-0.05318355919814602,8.215157943172855,0.0,1,-0.006895312528651609
138.17500013,-0.022997840542956283,-0.057567252922325396,3.8023557515858926,0.0,1,-0.008006151611790746
137.06875013,-0.17302795361547396,-0.06919912199828103,-0.960293707069809,0.0,1,-0.00547170671133046
136.31875013,-0.29612401401709576,-0.06409839413330093,-4.025963882298861,0.0,1,0.008642428124351786
137.49687513,-0.23481795971650854,-0.0009307799442379028,1.2889105704181034,0.0,1,0.016636741728400795
139.78437513,0.006028230743510221,0.0799718035052603,9.817134759648418,0.0,1,-0.005723100305424
138.98437513,0.05928230674487622,0.04440862650220878,6.006842982794147,0.0,1,-0.027588532929787912
135.15000012,-0.2385620983165211,-0.08447859285306286,-8.179828831058934,0.0,1,-0.0015260821296104732
134.94375012,-0.3847916259875035,-0.07690270684134842,-8.803501335526285,0.0,1,0.012458894972941836
136.62500013,-0.28573625349068266,0.0073842218851574715,-1.8059475299080816,0.0,1,-0.008874656972342354
135.41250012,-0.31343888028473543,-0.006772801636298453,-6.001488674964698,0.0,1,0.0017077448521742866
135.64375012,-0.2818994536580135,0.008255541663474475,-4.98708063589001,0.0,1,0.040040547428061624
141.07500013,0.2099660482935235,0.16670701453833722,12.662486173912235,0.0,1,-0.009458621292010472
139.74062513,0.3272037119114941,0.09464822605210263,7.614258243428097,0.0,1,-0.003220251802805274
139.29062513,0.3210555677278535,0.029500027289487363,5.926006337290779,0.0,1,-0.003230655326444287
138.84062513,0.25372686499204633,-0.012609558482106598,4.162553318146486,0.0,1,0.006684822969724946
139.76875013,0.27626235820812894,0.0033086449113253202,7.251579616697825,0.0,1,-0.021464025379132834
136.76875013,0.014508241632171348,-0.08614849055487743,-3.9049216625861263,0.0,1,-0.027601334416025858
132.99375012,-0.43216117095849427,-0.17760596771518106,-13.774670182993596,0.42648823361156474,1,-0.023544339468393627
129.86250012,-0.8804199463405951,-0.20862158103242723,-19.745099203334455,1.9114353707758482,1,0.019130811417493954
132.34687512,-0.824149755169941,-0.05078379662059107,-10.897071082219895,0.0,1,-0.007579514054188552
131.34375012,-0.8109292633204461,-0.012521101590365347,-13.002775173510472,0.0,1,-0.06871282418656754
122.31875011,-1.4888249129523103,-0.23013891707407663,-25.949536667702482,4.600223468475505,1,-0.022047928036991182
119.62187511,-1.9284435783555551,-0.2232525274924404,-28.453044788945572,3.9039051501034834,1,-0.0007053475789643437
119.53750011,-1.9945805295275676,-0.09646315955481755,-28.5307326635249,1.2643042728255551,1,0.018508836122254735
121.75000011,-1.6770589609862725,0.07368613632882592,-21.065347812962138,0.0,1,-0.0016427104707951168
121.55000011,-1.395209929966768,0.11851172244944341,-21.33900572625057,0.0,1,0.0279977375312237
124.95312511,-0.8544241702931146,0.21976582737436567,-10.517744636836518,0.0,1,-0.005427035133399261
124.27500011,-0.5693396929318624,0.1682834349118727,-11.800654345357358,0.0,1,-0.014986924146863312
122.41250011,-0.5345608131735702,0.0676874382233883,-15.246795129545447,0.0,1,-0.02269478196674013
119.63437511,-0.7041350555299601,-0.03396226804433389,-19.767119600264365,0.0,1,-0.004466734577822318
119.10000011,-0.7747755054139986,-0.034867572642790834,-20.584827125132392,0.0,1,-0.009865659100879776
117.92500011,-0.8434477715715047,-0.03451327960009898,-22.408090666240387,0.0,1,0.015025439884224667
119.69687511,-0.6598403403526447,0.04969805053958698,-15.595606597412832,0.0,1,-0.007153486665488207
118.84062511,-0.5844040963804957,0.04171143150391199,-17.250057705670137,0.0,1,0.019011806761439543
121.10000011,-0.3097043830293842,0.10547038161834121,-8.940145068858676,0.0,1,0.029701692788875356
124.69687511,0.15319375556528314,0.1894561734043362,1.6318667476426825,0.0,1,0.013232087881468457
126.34687512,0.509376679398855,0.18187969907930274,5.683481694029247,0.0,1,0.03712497832293038
131.03750012,1.0359055013657326,0.23613617368206008,14.955815434434143,0.0,1,-0.017838405020390358
128.70000012,1.0180527872353622,0.07276115318389653,8.211879448249505,0.0,1,0.003277972024915643
129.12187512,0.9594449479005647,0.004717771283032968,9.064171898901442,0.0,1,-0.0023233863334249927
128.82187512,0.8251872825747881,-0.04317996468091456,8.127447122314692,0.0,1,-0.01370594084549126
127.05625012,0.5421574263639997,-0.10873660696390097,2.665485028952638,0.0,1,0.022135864999507593
129.86875012,0.5898377127282828,-0.02035210686653932,9.41515949837516,0.0,1,-0.006713508824827907
128.99687512,0.4918684631830388,-0.039440452137261106,6.633539586177108,0.0,1,-0.010513820576958488
127.64062512,0.28887396647851915,-0.0808116496139269,2.3939422271635777,0.0,1,0.0266862528822438
131.04687512,0.44715805425303756,0.025824146053530506,10.620456311204052,0.0,1,0.02086562535349379
133.78125012,0.7169015102858793,0.09852253402879074,15.879513428935084,0.0,1,-0.002779724360973179
133.40937512,0.761041862445154,0.04755429539602185,14.57632582981168,0.0,1,0.009814715036497557
134.71875012,0.8288064666543562,0.038439633201741374,17.12082340148214,0.0,1,0.007283692872194436
135.70000012,0.8753923965377624,0.02834185436171588,18.976379267344058,0.0,1,0.01565954316964535
137.82500013,1.002819329267993,0.05192292903064888,22.68559131606108,0.0,1,0.01231180844113533
139.52187513,1.1243707681940975,0.05782478931891788,25.305236410030517,0.0,1,-0.0019486191663257157
139.25000013,1.068792673640985,0.0007488982552683598,24.041081425388384,0.0,1,0.010076301606392057
140.65312513,1.0688646535610076,0.00027362605843039844,26.320539111246646,0.0,1,-0.012641916049547897
138.87500013,0.8316515057242668,-0.07897984059277008,17.92242902775645,0.0,1,-0.009293429334234604
137.58437513,0.5361885563288808,-0.12481426332938539,12.386084147681451,0.0,1,0.02475753512549317
140.99062513,0.6276288686037788,-0.01112465035149579,19.642334196495852,0.0,1,-0.017465700274251983
138.52812513,0.41583828569090997,-0.07430507775478817,10.298457402203496,0.0,1,0.007399219465636264
139.55312513,0.36070647042691917,-0.04314563100625968,12.618095961969388,0.0,1,0.028394204689495384
143.51562513,0.6332900235926502,0.07647930738649045,20.11758301947482,0.0,1,-0.025911812714688454
139.79687513,0.40691179820944967,-0.04996630599890334,7.986900522941056,0.0,1,-0.01095339218831648
138.26562513,0.13220920233376887,-0.10822296729152805,3.733738157331068,0.0,1,0.0053339360329554
139.00312513,0.04529880420142263,-0.06504445514129144,5.481166038546569,0.0,1,0.0049908949842039085
139.69687513,0.055881204785151795,-0.01815401818585409,7.1718507257515185,0.0,1,0.009619041218706714
141.04062513,0.16849480467826083,0.031486527235751655,10.4077982067271,0.0,1,0.010546606686044901
142.52812513,0.33471870423494465,0.0659034755974785,13.774343126632637,0.0,1,0.003354601062519391
143.00625013,0.42978117866039156,0.05365531667430845,14.842021925556239,0.0,1,0.03627463838317757
148.19375014,0.8737889851514069,0.16588770772177464,24.058947662436154,-2.4275991276558386,1,0.0094470920580485
149.59375014,1.1396438063009384,0.14391417629043535,25.949600972125694,-2.155924528818616,1,-0.0018592020036913848
149.31562514,1.1544238163506293,0.052898062113375444,24.74709263088269,-0.585768855583666,1,-0.01875222373662977
146.51562513,0.8322785025129349,-0.08974908390810632,13.500625915152987,0.0,1,-0.01330916070057242
144.56562513,0.43934930371801784,-0.1608927609010078,6.878410312377369,0.0,1,0.010959555555307476
146.15000013,0.338303512344055,-0.08731285075832357,10.588849229060834,0.0,1,-0.019543277437286122
143.29375013,0.021567823961731847,-0.13468284638021558,1.6812746546932757,0.0,1,0.013935534509972536
145.29062513,0.027808911107086942,-0.042813919744953494,6.633836615883816,0.0,1,0.014453788798286293
147.39062514,0.20361204625419305,0.04432973846738422,11.272184866963045,0.0,1,-0.0030531114144645155
146.94062514,0.23704594330655482,0.02592121183991533,9.750568741588374,0.0,1,0.01835350160944582
149.63750014,0.45874864655721126,0.08254130503019058,15.461997297089113,0.0,1,-0.026689499665949135
145.64375013,0.1985584434694374,-0.05921629935252776,3.070686365384809,0.0,1,0.006587134697806585
146.60312513,0.13186472163641838,-0.041970007061848946,5.327685873946834,0.0,1,-0.010977767346861733
144.99375013,-0.046585449416454594,-0.07347339270490731,0.7760018365054577,0.0,1,0.0064873485867953384
145.93437513,-0.05354299749151892,-0.026810313593323885,3.272432628686609,0.0,1,-0.008201460409405392
144.73750013,-0.15229943840475357,-0.041855584835519516,-0.29175718684657426,0.0,1,-0.040828223471404024
138.82812513,-0.6814339556609639,-0.19033003403057663,-13.637938902270577,1.057013748125513,1,-0.007135621827870753
137.83750013,-0.9717671346506904,-0.16022107100676775,-15.369784008868507,1.2100552303228937,1,-0.031536229298269935
133.49062512,-1.3981927137579646,-0.19554888337134724,-21.895909849341944,3.2347361962761454,1,0.028115270316744434
137.24375013,-1.1821290263317792,0.00683826801827947,-10.887990202372222,0.0,1,0.034655494297516576
142.00000013,-0.5792322637577172,0.20324501019744723,-0.08921651482324933,0.0,1,-0.006866197176812583
141.02500013,-0.310764527157545,0.15723758226587314,-2.027136643835803,0.0,1,-0.010237546524865193
139.58125013,-0.2709461149276535,0.06568533149858818,-4.907770540662554,0.0,1,-0.010880759404185869
138.06250013,-0.3550205659020662,-0.0061297064919415,-7.865013898955354,0.0,1,0.013467632400175233
139.92187513,-0.21252482756409563,0.04545534394867634,-3.1255724077888942,0.0,1,-0.004399776656995313
139.30625013,-0.1748686394314518,0.02770384402710671,-4.496647527788326,0.0,1,-0.0011216295022957734
139.15000013,-0.1544889920791661,0.01602783045979747,-4.868921143038534,0.0,1,0.001886453465718807
139.41250013,-0.10955008572975089,0.020322245603070888,-4.043587020044413,0.0,1,0.016968528631177815
141.77812513,0.11918395792244496,0.08301876308508893,3.0308256546449286,0.0,1,-0.0017192355998254527
141.53437513,0.2033064832549769,0.05571376280587362,2.2478098511721996,0.0,1,0.015301053175321266
143.70000013,0.40889428898333335,0.0871005228447434,8.322692773845809,0.0,1,0.024725991696490146
147.25312514,0.7737074185988888,0.15063788415343293,16.168690051197785,0.0,1,-0.01805988842322792
144.59375013,0.6700237810234455,0.01565141552599658,7.211738359274712,0.0,1,-0.009509401331411427
143.21875013,0.44776331381709156,-0.0688696838934525,3.0836491815240947,0.0,1,-0.009098843543999258
141.91562513,0.19072572072917637,-0.10863575899378924,-0.6648807110365027,0.0,1,-0.0028846365551712383
141.50625013,0.01219853079112454,-0.09572098297728036,-1.8516714661309592,0.0,1,0.02248133914281092
144.68750013,0.1870225582561602,0.02636768149591845,7.066031084116588,0.0,1,-0.009330453555331575
143.33750013,0.1463493588006486,-0.0047685059865310575,2.7854939314818523,0.0,1,-0.013931281054775813
141.34062513,-0.05258927082715559,-0.06790237853811175,-3.007745586921189,0.0,1,-0.005085232921100524
140.62187513,-0.2075719797387876,-0.0742950291499146,-4.983631306051997,0.0,1,0.030200671098105536
144.86875013,0.08614058078364906,0.07313917712417403,6.911001791911097,0.0,1,-0.008304931180260433
143.66562513,0.12555806264620628,0.03751888632891043,3.2827061369123243,0.0,1,0.0011963543808373167
143.83750013,0.1491265483569748,0.020362457346559643,3.7507329595401515,0.0,1,0.005887720512624428
144.68437513,0.2190564955159573,0.030097468168514052,6.155496157927786,0.0,1,-0.012851249475482995
142.82500013,0.08081884446909271,-0.03604672762611685,-0.1657222534301468,0.0,1,-0.009189567644357521
141.51250013,-0.10440988476008783,-0.07375848561843247,-4.20852862390592,0.0,1,0.0033565939373809695
141.98750013,-0.14874009231132845,-0.03936289772322438,-2.496019341638309,0.0,1,-0.0011004489821776486
141.83125013,-0.17153102172767376,-0.020717942379856552,-3.0382616325714196,0.0,1,0.014057198242083846
143.82500013,-0.0024864012918612843,0.04944222601865198,4.349561671604164,0.0,1,0.019859203875670417
146.68125013,0.3202639423670064,0.12406418989250656,12.634371089283562,0.0,1,0.012441944750147371
148.50625014,0.6070337864992155,0.13694467800823856,16.899187746864158,-0.6647531304126346,1,0.020853499412183174
151.60312514,0.9579054763570412,0.1626054559553548,22.76106242501477,-2.4491160176848155,1,-0.016469812200073375
149.10625014,0.845442948256192,0.016714309284835194,12.798367180709647,0.0,1,-0.012973131563457252
147.17187514,0.5575601885177832,-0.09038948348452458,6.177135769762167,0.0,1,0.003928230169317759
147.75000014,0.41533254293875643,-0.0775390430211838,7.6595990704387305,0.0,1,0.024703891685559753
151.40000014,0.613774341571002,0.04030091853702056,15.780216547818,0.0,1,-0.0021466314379093854
151.07500014,0.6347640457562136,0.02043020757407743,14.55527930540353,0.0,1,0.0023787853692998073
151.43437514,0.6223098107024896,0.002658657506784512,15.348086804596136,0.0,1,0.009637012723503702
152.89375014,0.6858381256170958,0.022062324140463607,18.524688468996843,0.0,1,-0.0002452683642443221
152.85625014,0.6573241059396082,-0.002150565179008024,18.34580538939163,0.0,1,0.0019830723292137975
153.15937514,0.6135505039392513,-0.015308055726454994,19.070969788256704,0.0,1,-0.0014690579652362201
152.93437514,0.5217844942774548,-0.035691355129417124,17.790144136893133,0.0,1,0.0013690512666517662
153.14375014,0.44986736492344903,-0.0358694948278076,18.39609171307461,0.0,1,0.02175243845703556
156.47500014,0.6540240198361573,0.05609572002830021,26.28353324230264,0.0,1,-0.016636044081616563
153.87187514,0.4846732623061598,-0.03775167916723243,12.697546320301875,0.0,1,-0.020085704403017046
150.78125014,0.10205636168231536,-0.14012285993035897,0.7694390141449929,0.0,1,-0.005782383414320136
149.90937514,-0.1704130354364679,-0.13753075234971407,-2.0877126814467104,0.0,1,0.03660544909132746
155.39687514,0.1648450189571804,0.06590910068131141,12.622500770000912,0.0,1,-0.0034387757123079954
154.86250014,0.27420571124091,0.05842326432168035,10.765675212171608,0.0,1,-0.0028250867679683322
154.42500014,0.26957724811268235,0.017931600397817604,9.169688048932578,0.0,1,0.022421887692154252
157.88750015,0.5333399133725436,0.09389808855255966,16.830563131158243,0.0,1,-0.004314781153370362
157.20625014,0.5640054190547232,0.04152119807824639,14.197344171277138,0.0,1,0.01500815017150292
159.56562515,0.7289523044746034,0.0688226944993755,18.91108181393541,0.0,1,0.029298290252711245
164.24062515,1.1402630551449988,0.16004448172325703,25.89749760216074,-2.731410623528916,1,0.0046045246071690915
164.99687515,1.3139173425514343,0.11123292304323096,26.833238081572446,-1.7594545310511194,1,-0.011685827372470703
163.06875015,1.130574291042052,-0.024036709488717056,19.220272352911238,0.0,1,-0.014046989370391061
160.77812515,0.7538028243671704,-0.13360272538786622,11.213976542058113,0.0,1,0.019378413556528473
163.89375015,0.7622356056658077,-0.041723314696409664,16.985061810335196,0.0,1,0.023109484019577353
167.68125015,1.0185573625096254,0.07153281404913603,22.509941777635348,0.0,1,-0.02245704273215665
163.91562515,0.7480363773890701,-0.0663293903571397,11.196805282756884,0.0,1,-0.008064362374180956
162.59375015,0.4402832700463648,-0.1246941658999483,7.686305067823405,0.0,1,-0.0037478377824352593
161.98437515,0.19893519387116498,-0.12201408069171604,6.039706108092638,0.0,1,-0.02361338861515505
158.15937515,-0.2570667770390571,-0.19267201720064608,-3.2642674186254297,0.0,1,-0.010610341678502833
156.48125014,-0.6034892819075708,-0.17969817402305327,-6.763505210993088,0.0,1,0.013939369784229827
158.66250015,-0.5446389266828646,-0.040282606266115684,-1.2243966132148145,0.0,1,0.005751201444180731
159.57500015,-0.39378550518026145,0.03685693841216248,0.9982341554801835,0.0,1,-0.016410778677978133
156.95625014,-0.5037725031639297,-0.02437668652383529,-5.200240285705377,0.0,1,0.003982001350328668
157.58125014,-0.464701626892122,0.004898063249324125,-3.476637320670079,0.0,1,-0.004422321814180785
156.88437514,-0.4645139698485252,0.001695240097640327,-5.209309414332871,0.0,1,-0.01748899466598597
154.14062514,-0.6543564771726835,-0.0627157557421727,-11.484512998043023,0.0,1,-0.02061834767514037
150.96250014,-0.9595917744037195,-0.12265035099106958,-17.36837743557377,0.8002432966422361,1,0.044112776310833546
157.62187514,-0.4772955251522717,0.11988196608679269,0.3062126152408382,0.0,1,0.006502904556170419
158.64687515,-0.1109561059305122,0.16207379510285075,2.4401497883335566,0.0,1,0.018969015287282787
161.65625015,0.3322411958412488,0.2017570322915372,8.283917904270425,0.0,1,0.020046394723328254
164.89687515,0.7962051637403533,0.22190700006354724,13.630752737901155,0.0,1,0.002065684990635086
165.23750015,0.9902221340448705,0.13864132345602143,14.167141830523093,0.0,1,-0.013106135096658145
163.07187515,0.8242433580267061,-0.009112484187380976,8.112614201949654,0.0,1,0.017170342816162698
165.87187515,0.9059003568487469,0.024181504878219906,13.11269236586675,0.0,1,0.01021119462517861
167.56562515,1.0123829931890214,0.04355471373949815,15.852389895912395,0.0,1,-0.010574215316619173
165.79375015,0.8336028119267667,-0.04507515584091881,10.619082089537798,0.0,1,0.03317374753284685
171.29375016,1.1330791544683905,0.08480039556690167,19.090924277309412,-0.6109661976858831,1,-0.0122778852003389
169.19062516,1.013133646200174,-0.011715037567104902,13.304790327575112,0.0,1,0.002715132706469836
169.65000016,0.9070143382160438,-0.03927811518374502,14.035757971691638,0.0,1,-0.013778367272593295
167.31250015,0.5835784885393309,-0.12090465495348601,7.553822428244004,0.0,1,-0.0001680986177051702
167.28437515,0.37088527298936924,-0.11119929016781593,7.4760425227236595,0.0,1,0.0024658609008172405
167.69687515,0.2680065591319476,-0.07135933467507921,8.392379125361728,0.0,1,0.006633993680591255
168.80937516,0.2869416564422238,-0.017474745788267687,10.916162742654798,0.0,1,0.014642995969016193
171.28125016,0.4784869837271799,0.058023527165562805,16.00662774239416,0.0,1,0.006531654801415376
172.40000016,0.6276148987257102,0.06905048072136433,18.09624205759286,0.0,1,-0.008120649644435485
171.00000016,0.5332109479978442,-0.008451156668833892,12.734216941205098,0.0,1,-0.018841374309856107
167.77812515,0.17308514280077247,-0.1228589872886352,2.2199239190120323,0.0,1,0.031086442319802066
172.99375016,0.41323389580216485,0.03909658857091908,13.287347261402815,0.0,1,0.026482170574155806
177.57500016,0.8806429476526887,0.16883521347381425,20.056538870815118,-1.752961677488912,1,-0.01893566097125332
174.21250016,0.7607522279402019,0.016314831253775863,10.899215863413644,0.0,1,0.0023498600825087035
174.62187516,0.6715254324222713,-0.024303988088051565,11.57859101478941,0.0,1,0.002827538070746316
175.11562516,0.6120974152948122,-0.027910668405170203,12.45285855032482,0.0,1,0.006941841990909081
176.33125016,0.6326773721231689,-0.0024435705256045104,14.653109819560228,0.0,1,0.018519831323357883
179.59687517,0.8623796536937505,0.07575290368165899,19.915286879398025,-0.45253555677572876,1,0.018270084025092892
182.87812517,1.1788033233378883,0.1307255244419323,24.202900340137546,-1.6437587975869121,1,0.007142735079910478
184.18437517,1.3476357145484883,0.09985263855084403,25.732703722692875,-1.0648095710952248,1,-0.02083510067810057
180.34687517,0.9999572672747377,-0.08260860290763561,13.450427422213792,0.0,1,0.01112439568530843
182.35312517,0.9099757713649694,-0.05753003293913461,16.597246812601313,0.0,1,0.022158243771435826
186.39375017,1.1258724591296527,0.052788884941849634,21.9932606217004,0.0,1,0.013898668799985137
188.98437517,1.3558835147511843,0.0942666468544604,24.883676606953912,0.0,1,-0.01770979742102652
185.63750017,1.0789924996660147,-0.060874789410236385,15.221382909202347,0.0,1,0.0013298767747567108
185.88437517,0.8712038671512801,-0.08955447397499039,15.58532464601187,0.0,1,0.0029083939922631696
186.42500017,0.739761311964628,-0.07366567638721411,16.439840400545464,0.0,1,-0.0005531715161912754
186.32187517,0.6037995083742373,-0.06987582665920156,16.092023426470433,0.0,1,-0.01014709087848642
184.43125017,0.3279498975478532,-0.11524181249519527,9.723134028736247,0.0,1,0.01474126536307696
187.15000017,0.38925843400568283,-0.01797775867912188,15.097128182931357,0.0,1,-0.0019202511337085282
186.79062517,0.3575265827341241,-0.016569869983560193,13.845973201344208,0.0,1,-0.00040151908015584326
186.71562517,0.3056167752038448,-0.022826559171279848,13.562688949013577,0.0,1,0.0031464961728033813
187.30312517,0.30315214017170433,-0.008430398067806766,14.917514486824118,0.0,1,-0.005839464766043245
186.20937517,0.18551131097467533,-0.04202374242161194,10.281063772681811,0.0,1,0.009246983393978114
187.93125017,0.25472120379492935,0.009062050132880695,14.69206453840745,0.0,1,0.016096311854806755
190.95625018,0.5201827173888205,0.09150785457559063,20.982500682108792,0.0,1,-0.0001309200404617794
190.93125018,0.6074815810700329,0.05960223941893439,20.866563717078563,0.0,1,-0.0005564830267431597
190.82500018,0.5916533811547993,0.014591346501233615,20.324161302659377,0.0,1,-0.00568256260436073
189.74062517,0.4440702486009229,-0.04433059535088091,14.707920325379348,0.0,1,-0.01999440023242749
185.94687517,0.017126994940582563,-0.15709128300374045,-0.6215008467982273,0.0,1,-0.04616573955411629
177.36250016,-0.9131364656346364,-0.3624515811929865,-19.05362965641787,3.13284886444481,1,0.0023962224236613316
177.78750016,-1.266756823786011,-0.23869064644812044,-17.664207093190058,1.5411349884029732,1,-0.02262180972442107
173.76562516,-1.6731601842128612,-0.21503133562499022,-23.31073607311116,2.944963554095011,1,-0.0064922219165111095
172.63750016,-1.8309422657418963,-0.1242711390513418,-24.6882811835062,1.651892834038165,1,-0.008073274918301565
171.24375016,-1.8734006176945854,-0.055576497001343705,-26.36301741416679,0.6917389711947521,1,0.02956312271408379
176.30625016,-1.3166380755297098,0.16706201505451057,-10.26923563160895,0.0,1,-0.002587826577820862
175.85000016,-0.9665577981531328,0.17238076414369585,-11.090394498858238,0.0,1,-0.02450597097571261
171.54062516,-1.0700857596187348,0.022950934226031228,-18.02576057982888,0.0,1,0.028163882435975784
176.37187516,-0.6300717603833164,0.1543216444871499,-5.666111001766289,0.0,1,0.002090752846311217
176.74062516,-0.3268296140669804,0.15252126360116197,-4.821390937010555,0.0,1,0.026539597253057545
181.43125017,0.24291267776342806,0.2407545184771902,4.860034924107616,0.0,1,-0.013796548321496904
178.92812516,0.2989473496983521,0.09892973013737144,-0.3399896352916656,0.0,1,0.006095324639570965
180.01875017,0.3929378240242727,0.06430673482109733,1.868664102191964,0.0,1,-0.001475540740890402
179.75312517,0.38505282585185796,0.01880724554956087,1.2600465205123683,0.0,1,-0.016672171942299863
176.75625016,0.09928300711135307,-0.08898752439698135,-5.31314644028113,0.0,1,-0.014603443995125809
174.17500016,-0.2669796528515178,-0.15175006145328412,-10.197696067831558,0.0,1,0.019987081939440765
177.65625016,-0.1377585117620015,-0.007509640121255934,-1.7252304000987237,0.0,1,0.010589270055546551
179.53750017,0.09510276892959268,0.07511721352344608,2.305357004177523,0.0,1,0.010460906485952215
181.41562517,0.36011859519791756,0.11337767993059034,6.099959591841817,0.0,1,-0.01319483924142073
179.02187516,0.26313745789892096,0.005465514210531264,0.41922320369018706,0.0,1,-0.0008029744961141061
178.87812516,0.18073960109117593,-0.025644114199071255,0.08084662037061463,0.0,1,-0.014028406199782406
176.36875016,-0.08463554407026663,-0.09700641978683795,-5.687432518767515,0.0,1,-0.01621248093784189
173.50937516,-0.4485514046451442,-0.15364076012057187,-11.326996729524438,0.0,1,0.0017830448626463546
173.81875016,-0.5673488012121481,-0.09081271889585862,-10.402835910294137,0.0,1,0.001564129299915784
174.09062516,-0.5568121827279526,-0.026758700137221036,-9.526943054642956,0.0,1,0.015419411571030217
176.77500016,-0.28144494159190003,0.0828695136662772,-1.3569079145306588,0.0,1,-0.0038184132337096832
176.10000016,-0.17655757589119503,0.06258562645566074,-3.1533250669125223,0.0,1,-0.0060689948837533425
175.03125016,-0.1984632617165687,0.01355998021009569,-6.0112912058433,0.0,1,-0.002124620601521632
174.65937516,-0.22386708281956658,-0.00394794696430073,-7.0249072504814905,0.0,1,-0.013240056526490962
172.34687516,-0.41062173646943734,-0.06356753353805716,-12.927307309460964,0.0,1,0.03372558971321005
178.15937516,0.014594414744749429,0.12054953922537655,4.5183328459576515,0.0,1,-0.007577485039940157
176.80937516,0.11348628912310232,0.07314713786790983,0.8782738425520762,0.0,1,0.02693578892912374
181.57187517,0.5503500363853675,0.170003628376725,11.06741927405924,0.0,1,-0.017503399174703782
178.39375016,0.4580756561510668,0.02590974938080809,2.9271929530828373,0.0,1,-0.010492940466362288
176.52187516,0.21777591135466423,-0.07146333180519815,-1.3194499954266021,0.0,1,0.010852054445171122
178.43750016,0.23911346301022718,-0.016708593383211734,2.971189474254132,0.0,1,-0.012434325733158724
176.21875016,0.044960283587158756,-0.0702872576020934,-2.174621307323818,0.0,1,-0.006508246137024054
175.07187516,-0.1514359130899834,-0.08889448475974517,-4.701933863396675,0.0,1,0.014940292366261376
177.68750016,-0.019045602004382545,0.014498608775285228,1.7581922378792996,0.0,1,0.02479774889079045
182.09375017,0.4159241878721218,0.14982279955059652,10.491520387485977,-0.418393176197668,1,0.007448086486954386
183.45000017,0.7117695671543629,0.14855605961094587,12.795006231523828,-0.7634832535135558,1,-0.0009369037876300057
183.27812517,0.7860552095326057,0.07428056732972954,12.283677813118608,0.0,1,-0.0036317754744741304
182.61250017,0.7022246799273546,-0.0031833207585071355,10.175210628708022,0.0,1,-0.01500787184584107
179.87187517,0.3734052751307786,-0.11066757518502773,2.105569454056763,0.0,1,0.03090741670839714
185.43125017,0.6411597164715772,0.05236228871859028,13.221866333578255,0.0,1,-0.0024099228128501293
184.98437517,0.6843673774360468,0.03185664989435333,11.937912909319813,0.0,1,-0.01343018834816112
182.50000017,0.4419093431319254,-0.07020046146992265,5.033910805822373,0.0,1,-0.010119863004271812
180.65312517,0.12994829738553904,-0.127387169072103,0.3940842282466974,0.0,1,0.002041204654793294
181.02187517,-0.006132083603091587,-0.08782251668691123,1.3048549343470413,0.0,1,-0.005886719486245751
179.95625017,-0.1624633504638382,-0.08138459451588596,-1.5513360843228767,0.0,1,0.028027645581830463
185.00000017,0.193222128644436,0.09143362819746276,10.123534690364131,0.0,1,0.025861486462722016
189.78437517,0.7536609408115282,0.21729081345485168,17.807651640877808,-1.3013836629801574,1,0.0021241211223994583
190.18750017,1.004669018494127,0.1560996303791501,18.378127026995017,-0.2383835196528139,1,-0.020243181053216763
186.33750017,0.7256173057942306,-0.04098402744024876,7.555145932189525,0.0,1,0.05391762259788835
196.38437518,1.3628629247947686,0.19875386385342986,20.90709250008905,-3.1835012346434723,1,0.0033575736328086414
197.04375018,1.6228617405621435,0.15291755987360167,21.559495288151794,-1.3949993752839873,1,-0.012037301349742235
194.67187518,1.4199664200656628,-0.016659253540959762,15.673304151688356,0.0,1,0.016775022056886746
197.93750018,1.4723236414785958,0.011899322623991182,19.509993321802142,0.0,1,0.007041364060537125
199.33125018,1.4919544487285066,0.010510043291300564,21.044711272741807,0.0,1,-0.03563477875940546
192.22812518,0.785513231626112,-0.23197705793703127,5.286350367280967,0.0,1,-0.01846764102118692
188.67812517,0.07099985293939426,-0.31549681220791637,-0.7766406673978068,0.0,1,0.0699272902362813
201.87187519,0.8073056775177463,0.14026967079014518,15.050622827017051,0.0,1,0.03283332556237317
208.50000019,1.660526866680442,0.33116361998428023,20.23023459952465,-2.067867413927047,1,-0.01714628295799625
204.92500019,1.6508435557050802,0.10716010300297274,14.501357929676288,0.0,1,-0.0006709771861534986
204.78750019,1.4969732705753245,-0.015570060708927747,14.277286219414762,0.0,1,0.007660379654737426
206.35625019,1.4260195221291667,-0.02884126971836176,15.784083673022863,0.0,1,-0.029348517451852185
200.30000018,0.767020186895337,-0.2292802016507305,5.705174735556604,0.0,1,-0.019642411365274004
196.36562518,0.045737587037109506,-0.3168542671696527,0.1581092145234848,0.0,1,0.026449384943210363
201.55937519,0.11409732235492243,-0.08283151061727995,6.510215947039342,0.0,1,-0.02860509467527883
195.79375018,-0.3416996710157605,-0.17954283466265433,-1.1663243406874884,0.0,1,0.002218533531334277
196.22812518,-0.5049252784498037,-0.11425614736556589,-0.5910327428691957,0.0,1,0.007835268255198535
197.76562518,-0.41633597562932323,-0.008555614848361814,1.5513321594558676,0.0,1,0.0022596191810042576
198.21250018,-0.300107076249958,0.035891094843667815,2.2049609090809312,0.0,1,0.012581194413749941
200.70625018,-0.009171203539466433,0.10894232251805315,5.89445519134302,0.0,1,0.00024912029373846956
200.75625018,0.14122766644408102,0.08644706416720022,5.970174313167597,0.0,1,0.005027863436854352
201.76562519,0.2887727133988278,0.07799737037398236,7.6028107243682825,0.0,1,0.0027569116368368896
202.32187519,0.38483501075964455,0.05801988924493301,8.544059131505854,0.0,1,0.005900251759128672
203.51562519,0.5002757418767487,0.05782020678734573,10.62831959559415,0.0,1,-6.142034543221708e-05
203.50312519,0.5152647956122394,0.024269753507612124,10.59287574493473,0.0,1,-0.0042229081209325114
202.64375019,0.40820600617897185,-0.027596345308551817,8.002617000058535,0.0,1,-0.02812818063550271
196.94375018,-0.15434055655259726,-0.19671430268004034,-5.893021891374659,0.0,1,-0.00033321697154642393
196.87812518,-0.4282208748723235,-0.1568648736665889,-6.027781969455397,0.0,1,0.018460024427178867
200.51250018,-0.22661137779283536,0.014914874470966427,2.8388081471096953,0.0,1,-0.05431394551573332
189.62187517,-1.0144744319370034,-0.2576493932244005,-15.394868946323967,2.4344051794946893,1,-0.019611397665306618
185.90312517,-1.6337622563476941,-0.2923124058783637,-19.401040757555926,3.3741904527286124,1,-0.050681638629711756
176.48125016,-2.592415564690697,-0.416988571407122,-26.922154807304363,7.612704040645411,1,0.03079293128914906
181.91562517,-2.402843004304657,-0.07580533700702752,-16.454077750576268,0.0,1,-0.017075223786286675
178.80937516,-2.366673974586263,-0.013212102429544625,-19.122767745199504,0.0,1,-0.011324909547880346
176.78437516,-2.320116628511528,0.011115081215063327,-20.805098983204196,0.0,1,0.037368969989689305
183.39062517,-1.5529740689315474,0.25941921359834796,-9.127576961667835,0.0,1,0.011399846628266985
185.48125017,-0.8657695333972697,0.31554124971087516,-5.886624471865218,0.0,1,0.019813323430976082
189.15625017,-0.14376980451368127,0.34584699286482123,-0.482086486113964,0.0,1,-0.03854287126884637
181.86562517,-0.3783412063624212,0.0370918636720271,-9.182865106146288,0.0,1,-0.027492826119978386
176.86562516,-0.8807651409232449,-0.15511069029626556,-14.002663619950148,0.0,1,0.019842041136174826
180.37500017,-0.7661320956267161,-0.013492548333245646,-8.605768293228586,0.0,1,-0.021396396431670683
176.51562516,-0.9665858158429046,-0.0713154228498114,-12.472469587637654,0.0,1,-0.020837390438755987
172.83750016,-1.2927742746307445,-0.13250129387921716,-15.850419214055094,0.0,1,-0.000777464380563142
172.70312516,-1.3593352311387719,-0.06635408346241478,-15.974742958322459,0.0,1,-0.021514520924608038
168.98750016,-1.5889731901312132,-0.09866401415161863,-19.397644805649904,0.0,1,0.03360085801981727
174.66562516,-1.0982006537831808,0.130702840732138,-9.272985922433328,0.0,1,-0.011253645347786168
172.70000016,-0.9250997477938938,0.10126791557380832,-11.436998149029002,0.0,1,-0.04491169659996597
164.94375015,-1.4078118166497688,-0.12714805109402216,-18.723293575786453,0.0,1,-0.058315334780812966
155.32500014,-2.333412700523553,-0.3509163116559355,-25.1841421720233,5.3988790905559085,1,0.09731611142041374
170.44062516,-1.3421266657501576,0.21345657437248655,-5.2544438500740895,0.0,1,0.027172219039049095
175.07187516,-0.34870225955094725,0.40229366019056567,-0.6809429517940089,0.0,1,0.025007586204230714
179.45000017,0.5419122160112408,0.4309693785842514,3.372903994637319,0.0,1,-0.00947339096344113
177.75000016,0.8003934349580675,0.22981686584369276,1.5924646098453366,0.0,1,0.027865682169009753
182.70312517,1.2756950090183068,0.23503947996797736,6.310598985620345,0.0,1,0.00978363122325776
184.49062517,1.55599621196356,0.1717802276377436,7.953864246365747,0.0,1,0.01344919286664914
186.97187517,1.7732512957725532,0.12967843714891236,10.259280112885328,0.0,1,-0.03053600973306214
181.26250017,1.2583266463626614,-0.12841540408699315,2.850483242320621,0.0,1,0.023188055974390887
185.46562517,1.2462641844608413,-0.04682595532960443,7.158971059329659,0.0,1,0.0023757771802515038
185.90625017,1.1730963548048408,-0.03999792832853499,7.610165421096724,0.0,1,0.006438056810384563
187.10312517,1.1384939937431398,-0.02486676313007874,8.916074251282701,0.0,1,0.02849364490922368
192.43437518,1.4705891479003412,0.10240946367570758,14.351462795430763,0.0,1,0.02448886793532612
197.14687518,1.9067959626539164,0.1795387594764275,18.45091002387595,0.0,1,-0.0014900058635561875
196.85312518,1.9415205398095452,0.07142111221068537,17.910029296666934,0.0,1,0.014112679173671872
199.63125018,2.028599866736556,0.05283347971256536,20.370289735784098,0.0,1,-0.009470586385123991
197.74062518,1.7455374579720342,-0.07674297635065219,16.514283025941296,0.0,1,-0.018600755391826373
194.06250018,1.152034382092097,-0.2234153507435297,9.470171671910691,0.0,1,0.02674718193976444
199.25312518,1.1918320623111356,-0.06120589017483047,15.242037980368963,0.0,1,-0.012499803944104104
196.76250018,0.9048594805613561,-0.11605949064153664,10.638062571531712,0.0,1,0.07542405182097034
211.60312519,1.9226869838063863,0.3005893375344979,23.172149318052888,-2.3052725323865673,1,-0.006424172605104084
210.24375019,2.1580955701116977,0.17866597461326972,20.875181086954512,0.0,1,-0.019738993412406147
206.09375019,1.7501252324217091,-0.07643478769223955,14.054537088396827,0.0,1,-0.026383623981741877
200.65625018,0.9471712933749075,-0.29312957557968033,6.183234569310294,0.0,1,0.015137829034855388
203.69375019,0.7198883835702645,-0.17347082846144113,9.288430845687742,0.0,1,-0.015341658774926104
200.56875018,0.28583956253709175,-0.20250654983153799,4.845391978786161,0.0,1,0.026985759272780907
205.98125019,0.49603685597574554,0.002563581202371934,10.536663830869372,0.0,1,-0.027763449366022153
200.26250018,0.08323659719710008,-0.1367455591920912,2.7337532583706547,0.0,1,0.00574246306206283
201.41250019,-0.03426658112533687,-0.08474957917150938,4.056913778955227,0.0,1,-0.0003723701355639042
201.33750019,-0.09641262185942878,-0.048965206635200445,3.9474794737916454,0.0,1,0.02216427638064844
205.80000019,0.25242374292847103,0.09995705271756647,9.383479053102093,0.0,1,0.007258260440335063
207.29375019,0.5302857800784011,0.12593969662249882,11.091629926530821,0.0,1,-0.016974703756262866
203.77500019,0.33179715031349133,-0.024182977714136966,5.033750793239925,0.0,1,0.01555023921995069
206.94375019,0.4689655729049207,0.037661814959097484,9.092556701582332,0.0,1,0.0014798707364624963
207.25000019,0.5239901531252258,0.030895465059800842,9.485265139852487,0.0,1,0.0052171290663871606
208.33125019,0.5979407638082535,0.034948691914276186,10.955658433261128,0.0,1,0.003780037796930591
209.11875019,0.6507126721657528,0.029240200090591806,12.06966841928191,0.0,1,0.004602648012794086
210.08125019,0.7030809036640164,0.027202810529618482,13.484534979909071,0.0,1,-0.004194805577380056
209.20000019,0.5972374441078045,-0.026213549675531134,11.163523843355058,0.0,1,0.006363527718886042
210.53125019,0.6054834273207348,-0.005989188820866964,13.408966355442907,0.0,1,0.010568502338688335
212.7562502,0.7445661341504604,0.04436450600295283,16.95686537490208,0.0,1,0.0038483005750962196
213.5750002,0.8202894763861366,0.04002928274620965,18.21686967579899,0.0,1,0.019665222971166685
217.7750002,1.1397936911384363,0.1198444991661698,23.891399132221096,-1.343062426105888,1,0.0076340259371974195
219.4375002,1.3431046575863945,0.10771848853804267,25.79228823046597,-0.9915145456096752,1,-0.001822842493354182
219.0375002,1.2995014193448355,0.02137175009882797,24.34524271239212,0.0,1,0.0030245962421735495
219.7000002,1.2246163486119883,-0.017837773544673086,25.21602874051011,0.0,1,0.002503413743738303
220.2500002,1.1309557841945832,-0.03716611265402614,25.968447588331273,0.0,1,0.02048808175211092
224.76250021,1.3659208541363057,0.06593298576256545,31.177681922636594,0.0,1,-0.009426617020278805
222.6437502,1.1930141504291498,-0.03565790598153007,22.930232548703714,0.0,1,-0.007439014113408526
220.9875002,0.8691221193731451,-0.1198499790125116,17.016415661645837,0.0,1,-0.0005656428525906421
220.8625002,0.6243325938973783,-0.12154650149609281,16.563789217297582,0.0,1,-0.0001131925971016301
220.8375002,0.4478267816680557,-0.09935077124180514,16.464034621118614,0.0,1,0.003424463686263035
221.5937502,0.3852758104143845,-0.05396724749849208,18.07225652602945,0.0,1,0.018643350754573795
225.72500021,0.6661648414196861,0.0756405945022699,25.27046847944689,0.0,1,-0.002547347433669467
225.15000021,0.7031789534707116,0.03755156885109845,22.734517667541127,0.0,1,0.002886964243365542
225.80000021,0.7172544300403274,0.017209015140238093,23.84147886235452,0.0,1,0.00226970770382362
226.31250021,0.7072292991551024,0.0023946280850043467,24.739924610741994,0.0,1,0.020546810254339354
230.96250021,1.0307809587829126,0.10864876257093825,31.236773494510913,0.0,1,-0.006900470849384166
229.36875021,0.9738458753649013,0.017237893050975672,23.98967782432632,0.0,1,-2.7248698849624553e-05
229.36250021,0.8637036773754687,-0.03096810164615227,23.96092827825781,0.0,1,-0.015259687162441415
225.86250021,0.44499060526612766,-0.14989372458516448,9.56081242217381,0.0,1,-0.009685096011804228
223.67500021,0.016259852105946493,-0.19287482591511523,2.466889597695129,0.0,1,-0.031211579315728488
216.6937502,-0.7812313463162752,-0.33012200811244574,-13.112430666205846,0.0,1,0.021920336860735246
221.4437502,-0.7190410000010559,-0.08931055393240883,-1.5421558265790551,0.0,1,0.021393694812887
226.18125021,-0.2332340760100351,0.132165456686204,7.161073927563876,0.0,1,0.012075492541774091
228.91250021,0.2567097256529962,0.20736975278307843,11.34247334055781,0.0,1,-0.011276142620573304
226.33125021,0.26518498268009694,0.07194833660339306,5.639606464849756,0.0,1,0.0037003286078389763
227.16875021,0.31711552930363496,0.041292961075643675,7.078148753508465,0.0,1,-0.000522739152679419
227.05000021,0.3067586751734268,0.01031203564847849,6.7880203385154445,0.0,1,0.007735080371616965
228.80625021,0.4223711918438937,0.0419748507729818,10.119174524702146,0.0,1,0.004179300168253075
229.76250021,0.5246673508587776,0.04809033659595524,11.89623052718656,0.0,1,-0.004406724330883405
228.75000021,0.44771815112798663,-0.009619621044945237,8.81309858508206,0.0,1,-0.007349726769208975
227.06875021,0.2318295386685918,-0.07516941116811338,3.8630067265586234,0.0,1,0.012826511782473071
229.98125021,0.34727443754985643,0.01342516257105042,10.295381652028958,0.0,1,-0.0011685735239486128
229.71250021,0.35366151719466643,0.006604080738620122,9.445649275096955,0.0,1,0.011128040475216316
232.26875021,0.5404040972508426,0.06444888693159878,14.702803033478446,0.0,1,-0.004574442317528127
231.20625021,0.5002000458413534,0.008081611840703162,11.047969873019646,0.0,1,-0.01700321680936101
227.27500021,0.11081051631651917,-0.12710263922804368,-0.4570105588390021,0.0,1,-0.010037399616729226
224.99375021,-0.2832226248056031,-0.1737119267833887,-5.824771571226449,0.0,1,0.03625100693858063
233.15000021,0.22305019003377424,0.11085362935199625,10.972989134355679,0.0,1,0.004476731756636765
234.19375022,0.5445782491173361,0.14412722947851936,12.57423696082244,0.0,1,0.01206266178045401
237.01875022,0.8953774245659929,0.16497546830905874,16.684916489646966,0.0,1,0.005300213585777369
238.27500022,1.1008497269098427,0.12348259021763619,18.39984972777077,-0.7221818555236439,1,0.03871576960017853
247.50000023,1.8805984016725859,0.30107708832679303,27.746445980390348,-6.096236943231418,1,0.020227272708475574
252.50625023,2.530943705581251,0.31714079741181944,31.114614667673536,-6.250526161589221,1,0.03415757036565914
261.13125024,3.363954382903813,0.3833838249114607,35.35713985756941,-8.321470073649493,1,0.005385222943280699
262.53750024,3.61731768965646,0.21224904388803578,35.929752886931055,-4.33430418343363,1,-0.014093224764529344
258.83750024,3.1342228688947387,-0.09028192562456194,27.11389409358044,0.0,1,0.001255614042395825
259.16250024,2.6585735527726797,-0.18864374724887378,27.34077877232845,0.0,1,-0.002315149759106072
258.56250024,2.1492010986472394,-0.2326720671247715,25.799347682215682,0.0,1,-0.002127145272379005
258.01250024,1.6695814466972365,-0.23743057302492487,24.291274857232324,0.0,1,-0.010924858320345066
255.19375023,1.0557439993308435,-0.2837560067971059,16.731027268802066,0.0,1,0.01557640030924512
259.16875024,0.9920966098700319,-0.11580113208597242,21.306353037301506,0.0,1,0.009260375711876767
261.56875024,1.0775981976505022,-0.010099848101833953,23.730025252736937,0.0,1,0.01679768701715534
265.96250024,1.3966949750698063,0.10299897643915679,27.581872527855595,0.0,1,-0.015133712445806746
261.93750024,1.1044354491903619,-0.06308684981342916,17.50686505370716,0.0,1,0.0037938439478479857
262.93125024,0.9490818988181218,-0.07281346672855649,18.624610707861976,0.0,1,-0.008890156639297708
260.59375024,0.5975232987304366,-0.14145735560541384,12.963852115671784,0.0,1,-0.004724835107772329
259.36248774,0.26934518212573266,-0.1565451574033726,10.064065832797176,0.0,1,-0.002361511509767711
258.75000024,0.03177006697956131,-0.13137342418318135,8.573068907051926,0.0,1,0.015628067618354446
262.79376274,0.24731521215818475,0.028057240331814032,14.954774700137534,0.0,1,0.01117796697064799
265.73126274,0.5792698504010332,0.12000395952488752,18.830345938955844,0.0,1,0.005315426553262004
267.14373775,0.8146809328223412,0.11847168064873181,20.56922339978796,0.0,1,0.0012400159658991772
267.47500025,0.8921016046311365,0.0652974508191757,20.990938993490133,0.0,1,0.009510187859136376
270.01873775,1.0684482651495841,0.0805480371125411,24.1511538316023,-0.6048674232652047,1,0.02333176042705931
276.31875025,1.5925852816463362,0.20156168453643097,30.112979443651426,-3.771656965349564,1,0.005473705670105966
277.83123776,1.84797897559082,0.1523184594936382,31.26559852684548,-2.4118866049253143,1,-0.010212989485549273
274.99375025,1.5852202820972252,-0.036813411333318946,22.505901384498884,0.0,1,-0.006159276341590192
273.29998775,1.1805923701755887,-0.14714710775165174,17.668158778246067,0.0,1,0.030826977269046596
281.72500026,1.5819800925334562,0.08474687153540517,26.37875258331212,-0.7705383844455582,1,0.0011979767492713567
282.06250026,1.6789672793345858,0.060578019445511666,26.658653259868146,0.0,1,-0.013715931740071241
278.19375026,1.2651510994572845,-0.11774605347726319,16.606238331741935,0.0,1,0.005167262020288055
279.63125026,1.0726054178971935,-0.10343057834578473,18.321268191891775,0.0,1,-0.0006928767790433943
279.43750026,0.8708029589590751,-0.10174434576130109,17.799802048368335,0.0,1,-0.007917691819964712
277.22500025,0.5129598154101132,-0.15319582977008772,11.81357581356135,0.0,1,-0.023852511476370686
270.61248775,-0.25975111598188505,-0.30863558705402866,-2.2011065229500133,0.0,1,-0.003810799747544169
269.58123775,-0.7103981553460699,-0.25309420880607114,-4.008016342976298,0.0,1,0.01068791924856427
272.46250025,-0.6364166204159574,-0.059704224625319546,1.6643299266456566,0.0,1,0.007042253514665031
274.38125025,-0.3864953012496244,0.06340569818033781,5.149804397681443,0.0,1,0.005557959950290181
275.90625025,-0.1022433665623339,0.11588587762254277,7.834879571246098,0.0,1,0.014429765568531039
279.88751276,0.3801747571615124,0.19943466711546304,14.073829442652453,0.0,1,0.004376668997914335
281.11248776,0.6917838392599833,0.17034791640464475,15.803652851992695,0.0,1,-0.01116096807011524
277.97500026,0.5284824353709041,0.00234883750518855,7.873479098038139,0.0,1,-0.012703480552917035
274.44375025,0.10852069631209815,-0.1392043005178725,0.2937956868915066,0.0,1,-0.0003416000543448039
274.35000025,-0.11831606457661792,-0.12201368713552956,0.10023749323004694,0.0,1,-0.013919263701549611
270.53125025,-0.5401039396396072,-0.1812671873995063,-7.331814854783033,0.0,1,-0.006746032106507149
268.70623775,-0.8580735905344454,-0.1664122794314482,-10.447443189067087,0.0,1,0.02160826279515704
274.51251275,-0.461696033437363,0.07665509255521141,1.9543570523608338,0.0,1,0.017030143592243308
279.18750026,0.1645497070643387,0.23430027768563771,9.40537593663474,0.0,1,-0.004029550029826967
278.06250026,0.37021010172645674,0.14665355744925196,7.040153980194496,0.0,1,-0.03007412902559936
269.70001275,-0.25468450191971215,-0.159413682065639,-7.075276071470512,0.0,1,0.006071514358873653
271.33750025,-0.40945080358278574,-0.1047266612429042,-4.159283985392321,0.0,1,-0.0032247662014790457
270.46250025,-0.5256297207824332,-0.0736351928141839,-5.5088661919839765,0.0,1,0.00466792993051901
271.72500025,-0.43470836931703616,0.005762052883737712,-3.007011428575659,0.0,1,0.02100009202226505
277.43125026,0.12249883802542172,0.1876564200753986,6.776533275385788,0.0,1,0.014958615859283153
281.58123776,0.7367264968611948,0.2672946929703906,12.386498427102289,0.0,1,-0.0019754068290377402
281.02500026,0.9360933265406288,0.15555384088327484,11.203490313256339,0.0,1,-0.002846721819268261
280.22500026,0.8911022975019591,0.036854270614868345,9.403394634165863,0.0,1,0.01376121865080604
284.08123776,1.1157013831908102,0.0871511187679066,14.928109331165729,0.0,1,0.017028667743580028
288.91876277,1.5381528949359904,0.16986754350436217,20.52006367485147,-1.3246154889920376,1,-0.011270512440177627
285.66250026,1.3498440337306192,-0.006147105900336403,13.006538663755393,0.0,1,-0.004485187936231871
284.38125026,1.0364317669836964,-0.10651979088241981,10.202293144410199,0.0,1,-0.03052675766093249
275.70001275,0.06991986052827315,-0.35767723244594773,-4.907016820020942,0.0,1,-0.007027565870143415
273.76251275,-0.5806210810768562,-0.3360727246836924,-7.549040300520296,0.0,1,-0.011711839096567367
270.55625025,-1.1246950034562815,-0.29338221568770595,-11.677571604313904,0.0,1,0.00857030653646862
272.87500025,-1.1097782143579593,-0.09282180886312785,-7.206937661475642,0.0,1,0.01850659644662711
277.92498776,-0.5890060094456544,0.14265013201639232,1.3299155241610947,0.0,1,0.008792885158315666
280.36875026,-0.07588919786900306,0.21858898119768122,4.944998759486097,0.0,1,-0.009251209336256894
277.77500026,-0.029152525591598533,0.08844188449169525,0.5196908515059633,0.0,1,-0.007537575404698904
275.68125025,-0.17783397982026372,-0.020079856578989974,-2.883911081078324,0.0,1,0.008478949902759991
278.01873776,-0.04256458278291575,0.03839651348611933,1.1948276866718857,0.0,1,-0.009801407746669155
275.29376275,-0.19846408653233993,-0.03916766342110162,-3.455089705612046,0.0,1,0.0234521750347938
281.75000026,0.2781446279706188,0.1458136836939524,6.8600143562419476,0.0,1,-0.008362954739398742
279.39373776,0.2969150578912263,0.05486137120485332,2.733592957962408,0.0,1,-0.0004920922748745671
279.25625026,0.27010005969395934,0.009348791002528778,2.486641027045067,0.0,1,0.003110942008249129
280.12500026,0.30658005562082735,0.01527626230979895,3.9990894891395214,0.0,1,0.00151713520608876
280.54998776,0.3346873406158579,0.014461182434943154,4.781473712135643,0.0,1,0.0012921494058666383
280.91250026,0.3510597463953786,0.01027786273815462,5.498821053973444,0.0,1,0.009633782752619613
283.61875026,0.5555118037522107,0.0715766400316622,10.67368315236262,0.0,1,-0.001498490489822757
283.19375026,0.5760285154512417,0.030697783910231036,9.467031175677,0.0,1,0.0016552272060017525
283.66250026,0.5773469950132153,0.010672087824068255,10.431397903589726,0.0,1,0.0016084255041883821
284.11875026,0.5679148185431018,0.00041330378465154194,11.423988626592937,0.0,1,0.03700037396468869
294.63125027,1.3919141629294245,0.27480421605699146,26.50976124793948,-4.659911820334116,1,0.007063914632588153
296.71250027,1.8613584882118062,0.24808284711312445,28.370448897251393,-3.4710566944104357,1,-0.005244976192724904
295.15625027,1.8112799435020293,0.06600143413444925,23.531280062449085,-0.1060652480903741,1,-0.004235044993479042
293.90625027,1.5311340091886336,-0.07138150005964872,19.69082921314353,0.0,1,-0.020010632657852967
288.02500026,0.773362373766247,-0.2763843784940119,4.743603696762044,0.0,1,-0.008484549944602016
285.58123776,0.12638281657450534,-0.30778797856191786,-0.18880196451731734,0.0,1,0.04302632976304377
297.86875027,0.8163205124307638,0.12738323909811355,16.615815834583998,0.0,1,-0.002874546253085919
297.01251277,1.0219095259896562,0.11099075088566868,14.932476999729033,0.0,1,-0.006796893777883617
294.99375027,0.8713146972699519,-0.013201359278011915,10.900974714903569,0.0,1,-0.020784381005998442
288.86248777,0.21246918313761398,-0.22401562447011664,0.35132549070283403,0.0,1,-0.010125882154448984
285.93750026,-0.3784082983567032,-0.27163103532147803,-3.8831980823302885,0.0,1,-0.021770491783482893
279.71250026,-1.161063014240824,-0.3514285837351997,-11.533067661749577,0.0,1,-0.008736693954429886
277.26873775,-1.6592819968294634,-0.2832158554412798,-14.128565802780408,0.0,1,-0.014043189764548103
273.37500025,-2.094596113387979,-0.2395099906665985,-17.956293826867118,0.0,1,-0.050045724727896146
259.69375024,-3.277807663051533,-0.47424051344338425,-27.379690513363883,7.568011342859279,1,0.039276984912319124
269.89373775,-2.746263840129018,0.019101103159710142,-12.221803121121091,0.0,1,-0.030405438741973878
261.68750024,-2.9354897344903748,-0.05670826373388227,-17.851382227848852,0.006990708282160085,1,-0.04124671602617935
250.89375023,-3.6849577046301647,-0.26872541129122407,-23.600662627186587,4.66344505204728,1,0.0534588844788062
264.30625024,-2.6349035468142574,0.26044291550822773,-9.026244954128728,0.0,1,-0.01376239682828928
260.66876274,-2.1934251306717556,0.2339737772169097,-11.333490023085261,0.0,1,0.024168555694123794
266.96875025,-1.2649015358778115,0.3874991240036181,-5.3369735322689,0.0,1,-0.006929650036821222
265.11875024,-0.84939794465771,0.2676675717412398,-6.717680184136839,0.0,1,-0.002663900608164016
264.41250024,-0.6297171536594988,0.16244945424648372,-7.277889323956813,0.0,1,-0.004845648366991084
263.13125024,-0.5741711620221395,0.0726651486279477,-8.364164493833599,0.0,1,-0.040402840788782424
252.50000023,-1.3844880702015985,-0.24588391985050384,-16.270938893860645,0.0,1,0.029405891101927262
259.92498774,-1.0555235592745476,0.027693530358849028,-7.759134633758627,0.0,1,-0.015364961771181851
255.93125024,-1.135892465538177,-0.017558458634926888,-10.77042984335705,0.0,1,0.01943881411642656
260.90625024,-0.6668358798751228,0.15049937567604244,-5.312649557870927,0.0,1,-0.015019810741962902
256.98748774,-0.7033014720540223,0.038011261165714294,-8.569218066612983,0.0,1,0.018507759042385885
261.74375024,-0.2665706038056328,0.15824737647136794,-3.3282962091075987,0.0,1,0.011986914671785476
264.88125024,0.23546738063572548,0.22009512030424214,-0.045962633299289735,0.0,1,-0.012481961244913853
261.57501274,0.19134429947007447,0.05865734637953038,-3.403970590381512,0.0,1,-0.01646286835616184
257.26873774,-0.20551884940192622,-0.1127352674974901,-7.5350795088020845,0.0,1,-0.032116173859997765
249.00625023,-1.0753644788877637,-0.3275269656611093,-14.285474231959299,0.6636400234701512,1,-0.000677693832360271
248.83750023,-1.4347360870566774,-0.22896619127667428,-14.413846247542814,0.0,1,0.014040287323135558
252.33125023,-1.2037147172197535,0.0006850595200831311,-9.494495456280838,0.0,1,-0.047407921131830344
240.36875022,-1.984769473366299,-0.2601232322088207,-18.613689281239886,3.5575568495141,1,0.021685431260216603
245.58125023,-1.7755243944924075,-0.016959384444976466,-11.869907967593448,0.0,1,0.015091746607401424
249.28750023,-1.2140873221810864,0.18149256262211488,-7.411900771869156,0.0,1,-0.0010028581447900642
249.03750023,-0.85302817584369,0.18085056965317037,-7.640657194971979,0.0,1,0.02773176731866367
255.94375024,-0.02589208718799796,0.33599555276962084,0.5175706630388248,0.0,1,-0.023784522983240408
249.85625023,-0.11745803642781993,0.08147653450993297,-5.632573737692951,0.0,1,-0.001300747928862367
249.53125023,-0.18053617467876393,0.006132798752996327,-5.950688524143921,0.0,1,0.024846587368456907
255.73125024,0.31963610491899885,0.16876835945025306,1.4308360156709128,0.0,1,0.020064960755419525
260.86248774,0.9706890276412992,0.2732737607241845,6.685682414749415,0.0,1,0.020029757997277686
266.08750024,1.6507424450323356,0.3177757260384071,11.409591023450396,0.0,1,-0.021585944453682893
260.34375024,1.3745614499751468,0.01386491032707271,4.190847102613972,0.0,1,-0.003096867119939617
259.53750024,1.0547366649486207,-0.1019866248998178,3.215199868100015,0.0,1,-0.01989115255108065
254.37500023,0.37672121618965093,-0.2600006912195959,-2.8271617580706376,0.0,1,0.00987719904758011
256.88751274,0.215696099627678,-0.14034193592718963,0.22884554832442205,0.0,1,0.006885260716390729
258.65625024,0.26460365804439334,-0.030478125836824743,2.383450591952041,0.0,1,-0.005485127456551275
257.23748774,0.14877692408236953,-0.048768286599616184,0.4374330916822231,0.0,1,-0.019145683443222983
252.31250023,-0.33195014573882986,-0.17649845214027188,-5.883823600288174,0.0,1,0.0001733960860446082
252.35625023,-0.5410053351711781,-0.1285178805242067,-5.814778943684537,0.0,1,-0.00678604155212803
250.64375023,-0.7431574852897711,-0.11022334354759988,-8.067979075989875,0.0,1,0.022791362261209258
256.35626274,-0.30626106074157633,0.10889102700019831,1.1626071208531883,0.0,1,0.01501806493373925
260.20623774,0.2585401565943357,0.2245640814453701,6.357647837625855,0.0,1,-0.004683784718557682
258.98748774,0.4178332522127448,0.1279523923545931,4.325052844671497,0.0,1,-0.014503548193690818
255.23125023,0.14964056983757246,-0.04674676334019309,-1.6469226724976664,0.0,1,-0.019394176831948773
250.28125023,-0.4094258188364961,-0.2019377173380872,-8.350907840254244,0.0,1,-0.010812835550058408
247.57500023,-0.8803610282704994,-0.22429097559069688,-11.58621990267119,0.0,1,-0.0032313440341585897
246.77500023,-1.1091318806316224,-0.15102060931727324,-12.541950222463917,0.0,1,0.013372505306146643
250.07500023,-0.8560896500928834,0.03400720707382188,-6.14013395124433,0.0,1,0.0006498050578847003
250.23750023,-0.6446860639824195,0.08180359772809531,-5.82747083237966,0.0,1,-0.014211499062815713
246.68125023,-0.7816145989286554,-0.01837497907271357,-11.096047951511643,0.0,1,-0.011021307892128296
243.96250022,-1.0115068173243742,-0.08275573248947743,-14.675013834362446,0.0,1,0.01629348775494366
247.93750023,-0.7109106909118736,0.07261346464100771,-6.26616573968753,0.0,1,-0.0008066549022011094
247.73750023,-0.5180367367962901,0.0884958062521971,-6.581755272953799,0.0,1,-0.010848175982662744
245.05000023,-0.6023883650054813,0.0013813926810020138,-10.804696488438239,0.0,1,-0.006962864755758136
243.34375022,-0.7365526495262884,-0.04426096394660173,-13.32126526642567,0.0,1,-0.010787209441897816
240.71875022,-0.9610054043261584,-0.08957123958215729,-16.948759028716985,0.0,1,0.005841879781756765
242.12500022,-0.8759604980322706,-0.0015087777627564858,-13.226697527043711,0.0,1,0.02503871968814253
248.18750023,-0.25523300254928927,0.20640623924007495,0.07013292149326134,0.0,1,-0.0070259380443578046
246.44375023,-0.06891233792870821,0.13090896795355203,-3.083173804292656,0.0,1,-0.009053790197226075
244.21250022,-0.15594681162434654,0.014624831419304568,-6.938801500551982,0.0,1,-0.02433843474287989
238.26875022,-0.6817809808368054,-0.17040311259771812,-15.363747910824614,0.0,1,0.009102116823954232
240.43750022,-0.7071538170399663,-0.06525864960029304,-10.560070299244728,0.0,1,0.007824278651535899
242.31875022,-0.5041399170548857,0.04591841679492914,-6.554205189079852,0.0,1,-0.011477650811069773
239.53750022,-0.5923921406410955,-0.014111268930426912,-10.81225935392807,0.0,1,0.014037468024471256
242.90000022,-0.30694390738079846,0.09044565477662336,-3.737370786072148,0.0,1,-0.0024958830771960594
242.29375022,-0.18916196513558248,0.06940919900727976,-4.791029661863341,0.0,1,0.009698970765305459
244.64375022,0.08132583641500446,0.11329900018595558,0.1035250247745978,0.0,1,-0.003218966351242636
243.85625022,0.14416758415569575,0.05871358264221564,-1.509354322923535,0.0,1,0.014839685293017046
247.47500023,0.46513699351308446,0.12656099733320147,5.761702154122851,0.0,1,0.004899484791890618
248.68750023,0.6879019487323603,0.11644198418415908,7.9704532314033045,0.0,1,-0.0003769791401389
248.59375023,0.7341467639476207,0.05422893313313981,7.722857468889423,0.0,1,0.01621621620121294
252.62500023,1.032027774559623,0.11736998124838072,14.887906714129343,-0.8794200759197395,1,-0.005739732800316144
251.17500023,0.9741326319856682,0.01982494622480868,10.771668728197135,0.0,1,-0.009928336807868976
248.68125023,0.6561948413665561,-0.09937094813143443,4.201312498021245,0.0,1,-0.016512101359480114
244.57500022,0.10035554177645167,-0.21840341590717965,-4.749476652962166,0.0,1,-0.0012266176008591811
244.27500022,-0.21092706983330345,-0.17656200917231157,-5.3480607930180355,0.0,1,0.0021748030274137964
244.80625023,-0.3047202856520812,-0.09011840833036311,-3.9440188402915908,0.0,1,-0.003906150309077372
243.85000022,-0.40591103725714106,-0.0637697199784743,-6.167843323245968,0.0,1,-0.007253434481871102
242.08125022,-0.5700763266215745,-0.07597833644763591,-10.124870770847458,0.0,1,-0.007487155648580046
240.26875022,-0.7556942774186552,-0.08719876241490554,-13.841550004773318,0.0,1,0.006867310037153018
241.91875022,-0.6480287296989502,0.006822261768266502,-8.341183461486864,0.0,1,-0.005322034769231987
240.63125022,-0.6474852283642178,0.0024552543676662486,-11.236722864761624,0.0,1,0.002077868105422098
241.13125022,-0.5515897086664836,0.032783591355133535,-9.453601210707824,0.0,1,0.007672170232237097
242.98125022,-0.3035094730954029,0.09362127564207146,-3.097349458762345,0.0,1,0.0018262726016851083
243.42500022,-0.11719773255191512,0.09331100539518641,-1.6263303691019786,0.0,1,-0.008395809790091024
241.38125022,-0.18458788456752018,0.008640284459860453,-7.632834379780604,0.0,1,-0.007379404980198512
239.60000022,-0.35133813686135795,-0.052703322611325765,-12.180449463047452,0.0,1,0.028693656108879084
246.47500023,0.16748158256351076,0.155372132271181,7.419976227804646,0.0,1,0.011131960634708005
249.21875023,0.6415804770623197,0.2098236755899967,12.641849618132476,0.0,1,0.013416927887304197
252.56250023,1.1038107178898713,0.22401797213918284,17.96209117934147,0.0,1,-0.04496411779127252
241.20625022,0.29658744431282,-0.19440176714595614,-5.794386315260141,0.0,1,-0.0038608037691834074
240.27500022,-0.2093439795017673,-0.23344439698684785,-7.158859994314696,0.0,1,0.009156175207514883
242.47500022,-0.26153102645056947,-0.09521048131188337,-2.8748472894361328,0.0,1,-0.002036292399430928
241.98125022,-0.3069761310540855,-0.04688519530513313,-3.739456467232479,0.0,1,0.0013947361611412745
242.31875022,-0.2759923391013501,-0.005300467784132568,-3.00091548274559,0.0,1,0.0030950968479288576
243.06875022,-0.17500108153319616,0.031896929928007134,-1.2614446555269083,0.0,1,0.026715692593649143
249.56250023,0.4312238048786696,0.21270727211329096,11.039750327229015,0.0,1,-0.005133984468095876
248.28125023,0.5916300976780065,0.12437118830420923,7.9890586097059,0.0,1,-0.019358086869417868
243.47500022,0.2220099017711732,-0.08174966920087468,-2.0082315692205555,0.0,1,0.014015812740184819
246.88750023,0.3030739795034947,-0.0002285304895177087,4.218372621752167,0.0,1,0.006961672820206877
248.60625023,0.4615790200777212,0.052758836694902944,7.093144581709197,0.0,1,0.022877542277147667
254.29375023,0.9763249553583364,0.18916825732517273,15.141197550851132,-0.8619680851372209,1,-0.013026273736589933
250.98125023,0.8762958433854635,0.02971304845076661,8.090078166339524,0.0,1,-0.010683068944564167
248.30000023,0.529819133783576,-0.10558788705037359,2.9366341018312454,0.0,1,-0.005336286744956231
246.97500023,0.20201251783399243,-0.14446483433331908,0.4777845822741398,0.0,1,-0.023433545924123056
241.18750022,-0.4610168341269798,-0.2691647287647638,-8.808043943886439,0.0,1,-0.015703550128199906
237.40000022,-1.0697384405968648,-0.29262877841154966,-13.667965100730406,0.0,1,0.009188079182723685
239.58125022,-1.1031835404487254,-0.10869129275447009,-9.19866981058778,0.0,1,-0.0267915373348534
233.16250021,-1.5628699628372829,-0.1894592383810092,-16.815237440940244,0.7376984317127437,1,0.0070498043575599745
234.80625022,-1.5254948429617627,-0.05069470616849636,-13.445260251201177,0.0,1,0.0472730176458247
245.90625023,-0.45468271194386034,0.34003914161646875,3.9731175525773423,0.0,1,-0.016774685499623687
241.78125022,-0.22513642127293565,0.1898618107624645,-1.5223943154586905,0.0,1,0.013260953887377802
244.98750023,0.17558559333528478,0.19686127512356164,2.6420270989069863,0.0,1,-0.0051023011738414725
243.73750022,0.2571478003614516,0.09280782738324284,0.8612253393021945,0.0,1,0.002820657467067944
244.42500022,0.3337915871777284,0.0564838713998399,1.8564951974503998,0.0,1,-0.021632402558007024
239.13750022,-0.09632748501226729,-0.12454506693005193,-5.794651309853002,0.0,1,-0.0306047775997782
231.81875021,-0.9132555648562573,-0.313824382258014,-13.970389067559516,0.0,1,-0.01366908413201906
228.65000021,-1.509677474373575,-0.30341543059177734,-16.91415277275842,0.3187602944423986,1,-0.03709271813781123
220.1687502,-2.3888528071011024,-0.3941969211064349,-23.381861267762368,4.387507445237446,1,0.015527862182505014
223.58750021,-2.3444735720397603,-0.11660589534836419,-17.474258713639564,0.0,1,0.012774640788583147
226.44375021,-1.8888903235057626,0.11299245106187783,-12.782380926645587,0.0,1,0.007755789234064947
228.20000021,-1.3573370056133172,0.21484858965144116,-9.935055593828892,0.0,1,0.012105609103671311
230.96250021,-0.7482405961993095,0.27464833302181635,-5.533297114126128,0.0,1,0.01761649621172512
235.03125022,-0.04227650764235591,0.32687080719292333,0.4250254134682194,0.0,1,-0.022869299316447322
229.65625021,-0.13368808856037617,0.07848640875830104,-6.4357846753955315,0.0,1,0.01521295412951007
233.15000021,0.12289262836065973,0.11168904189311232,-1.3862956792468708,0.0,1,-0.0046375723741202135
232.06875021,0.15083776779113123,0.04654472710786128,-2.8373473319459848,0.0,1,0.002208397294061637
232.58125021,0.19494885685710983,0.030218605391279962,-2.019605061984457,0.0,1,0.015612823504565831
236.21250022,0.5033628308186735,0.1128775264509479,3.630164893245478,0.0,1,0.002831137214910795
236.88125022,0.6713520818978793,0.09362225917671796,4.638298710551894,0.0,1,0.004617292415436847
237.97500022,0.7905465339460136,0.07093890374161738,6.362371256843247,0.0,1,0.0024687467148098996
238.56250022,0.8332232154745896,0.03787186175673107,7.330277553851019,0.0,1,-0.019386953086653946
233.93750022,0.3997096216159832,-0.13188057736729175,-1.985263402941925,0.0,1,-0.026021907579055092
227.85000021,-0.35764797794797687,-0.29641272564375065,-11.204416925044399,0.0,1,-0.0005211762119400332
227.73125021,-0.7164186129009806,-0.2183944535322515,-11.365202569178123,0.0,1,0.006806268347320232
229.28125021,-0.7069357126357261,-0.06963718442233235,-7.885891316244297,0.0,1,0.001553768568837377
229.63750021,-0.6135954531168011,0.007901025032197584,-7.05969881317224,0.0,1,-0.017582058663362043
225.60000021,-0.8522507022642571,-0.07691807470508616,-13.601625425160954,0.0,1,-0.00013851950341714492
225.56875021,-0.903161601649316,-0.04260965803004835,-13.64925195190812,0.0,1,0.026072982159650593
231.45000021,-0.3632494178710317,0.16576750858274536,0.02483327114528322,0.0,1,-0.027651760614357923
225.05000021,-0.5963558744926445,-0.02244631601295577,-10.290197525628422,0.0,1,0.014163519204735131
228.23750021,-0.3975877799290686,0.05877392618354005,-4.11526292901825,0.0,1,-0.03442138124879346
220.3812502,-0.9197589184865365,-0.15446573745797598,-14.16610167118698,0.8132021579727677,1,0.004707750768536023
221.4187502,-1.0177395778913763,-0.08414879895427196,-12.16793906040732,0.0,1,0.03037231491879311
228.14375021,-0.4215016086028527,0.17069639011141724,-0.7792629795434962,0.0,1,0.04969454565187137
239.48125022,0.8565341775916409,0.48291072543530356,12.194017360095579,0.0,1,-0.01205731136507504
236.59375022,1.1835492225562518,0.2699752567999716,8.000690134090284,0.0,1,0.006656980577616434
238.16875022,1.3796776431588569,0.15536789246752547,9.649516567982928,0.0,1,0.050489411389581296
250.19375023,2.364852050696925,0.3801807666685313,19.730450396768617,-4.042776370333314,1,-0.0013239739189947475
249.86250023,2.632764083574557,0.21603093318205469,19.201281329113513,-1.051758142685344,1,-0.008004402413963607
247.86250023,2.38065642638216,-0.012025574670114114,15.848909622426945,0.0,1,0.01046447121929761
250.45625023,2.272360395587441,-0.04010720182161087,18.077309505135702,0.0,1,0.02183515086957466
255.92500024,2.4845781813911287,0.05737019466069215,22.3101051927419,0.0,1,0.03792615020376178
265.63125024,3.1924930591770533,0.2550950241488721,28.049783157739526,-3.654592135523842,1,-0.06973953551497614
247.10625023,1.7366594089719172,-0.4002462086854215,4.217336366106927,0.0,1,-0.02385107622536553
241.21250022,0.3728751322883568,-0.5880101617896607,-1.064796426055267,0.0,1,-0.0009846090056833123
240.97500022,-0.35988160041080164,-0.4402556314962731,-1.2773319810189676,0.0,1,-0.03187571326065908
233.29375021,-1.3363740008928175,-0.4722493439927631,-7.855132047181442,0.0,1,0.01283253412191776
236.28750022,-1.463776533559411,-0.19988395888645227,-4.659502671252177,0.0,1,-0.00015870496731773542
236.25000022,-1.4086214220960755,-0.04824294914103899,-4.6943316133711335,0.0,1,0.010396825387143593
238.70625022,-1.058971247856391,0.10046907503288183,-1.798521008425908,0.0,1,-0.011991726221503685
235.84375022,-1.0344402234152028,0.04166669982468996,-4.891097923654087,0.0,1,-0.001749039351753856
235.43125022,-0.9703463592433366,0.0352535213321854,-5.34978828707613,0.0,1,-0.020680134882053225
230.56250021,-1.2631663980538121,-0.0858555058260968,-10.603497604898983,0.0,1,-0.004039034965147459
229.63125021,-1.3819167176212375,-0.06820194179784078,-11.564622807473938,0.0,1,0.00609673116668441
231.03125021,-1.2094654842698276,0.034749763851189774,-9.154019228344588,0.0,1,0.006681996477086116
232.57500021,-0.8938052439049784,0.11680333473867965,-6.446104555964702,0.0,1,-0.0034397506149743684
231.77500021,-0.7281580200638018,0.09415018619328541,-7.564638405356547,0.0,1,-0.009033545456166303
229.68125021,-0.7591337398045823,0.02105815548416834,-10.513555008081745,0.0,1,0.019864486133841952
234.24375022,-0.3311521205245924,0.1496799249213861,-1.7982049131325937,0.0,1,0.0230529096077412
239.64375022,0.3604346991591285,0.2804222482017024,6.4501478581616,0.0,1,-0.032939519610894474
231.75000021,0.01837938323774324,-0.02054435590656095,-5.149968999766536,0.0,1,-0.002103559868643967
231.26250021,-0.19480488999278123,-0.07790954304569515,-5.773599881950084,0.0,1,-0.05632127992291247
218.2375002,-1.3705799532752962,-0.4178948687760702,-18.69562342211564,4.182272002728325,1,-0.016925367989529372
214.5437502,-2.1520649888103094,-0.39979330143702785,-21.334703854266166,4.810776774513215,1,-0.008856002555324038
212.6437502,-2.5218020908436074,-0.25651013449010884,-22.652385827911274,3.1835938283397525,1,-0.03485877202141252
205.23125019,-3.114228801789949,-0.28297894847881677,-27.196282269129522,5.610416051074452,1,-0.008953314849950322
203.39375019,-3.3040480904472815,-0.15759941237871633,-28.19421405680934,2.7308565631461477,1,0.04965737639708734
213.4937502,-2.281953726405334,0.2881649838877438,-11.702988968191704,0.0,1,-0.03551040722689969
205.91250019,-2.2125145680172693,0.11920138075860276,-17.43162607007256,0.0,1,-0.013537303453787009
203.12500019,-2.2257104414884736,0.03533516909579948,-19.3072826271528,0.0,1,-0.003107692304785581
202.49375019,-2.099436674766679,0.053869645272531574,-19.745700600332817,0.0,1,-0.033488687940428474
195.71250018,-2.426450902675242,-0.09104819421201071,-24.15262247468948,0.0,1,-0.01187967042402338
193.38750018,-2.5815037747399003,-0.0820336887588895,-25.511502403573008,0.0,1,-0.01001874473891351
191.45000018,-2.6053632295439115,-0.03529771452096675,-26.64824059103128,0.0,1,0.016910420459420816
194.68750018,-2.1303876878172616,0.14655927573522787,-20.56657025606577,0.0,1,0.011845906891134517
196.99375018,-1.523180109635831,0.2512556179722194,-16.396711435482572,0.0,1,-0.001459437163551125
196.70625018,-1.1166029780754627,0.21927758317752932,-16.66951680063545,0.0,1,-0.002764274137209366
196.16250018,-0.8655766641223295,0.15676796571022078,-17.22861087333034,0.0,1,-0.0013063149162804155
195.90625018,-0.6892862851355801,0.11101944823232335,-17.513950621130157,0.0,1,0.022491625437940366
200.31250018,-0.1765130718808905,0.20793088716233765,-7.884672062953847,0.0,1,-0.0013416536649411004
200.04375018,0.07218712406984196,0.15221036103769003,-8.287852643373505,0.0,1,0.009341706543286143
201.91250019,0.3462507958727201,0.14209134428018944,-4.2735692559421565,0.0,1,-0.0073051445978432605
200.43750018,0.3315117312847917,0.042450759897420365,-6.878081211633656,0.0,1,0.019862800156780436
204.41875019,0.6282870555504303,0.11307536138768637,1.4203884096973383,0.0,1,0.053169046381009055
215.2875002,1.6300466305540624,0.371611645463773,16.323992582170803,-2.0428440792251763,1,0.015328339996211193
218.5875002,2.2700891988430385,0.3372180712509165,19.48247464027419,-2.4429941435294324,1,-0.002516154855592201
218.0375002,2.3551030497505963,0.14074397405282468,18.296266175321108,0.0,1,-0.033566473672128505
210.71875019,1.5914555535584896,-0.20763450737976075,4.53159968163277,0.0,1,-0.015304760478562662
207.49375019,0.8082605093325697,-0.33027651720189355,-0.36615418361339636,0.0,1,-0.008223139243652366
205.78750019,0.20712044477522795,-0.3104721939197451,-2.8553092108521767,0.0,1,-0.013332928372552955
203.04375019,-0.33935545790137667,-0.2856493655321166,-6.732319850642028,0.0,1,-0.003940037549796105
202.24375019,-0.6509804544145652,-0.19909145401510175,-7.855143926268546,0.0,1,0.013257517216136883
204.92500019,-0.529107081469931,-0.02573936035682256,-2.7567760742489185,0.0,1,0.03425033545683753
211.94375019,0.16081769512487654,0.22139513874599503,8.006632889948449,0.0,1,0.06758868807010421
226.26875021,1.6861286104951887,0.5822353513721026,21.28976912255402,-3.436380878572322,1,0.004226169098085819
227.22500021,2.3879608506391037,0.42802253050533934,21.947910878622423,-0.933205537799239,1,-0.008471779065775786
225.30000021,2.3794635664911254,0.13984174878578726,18.438762861210492,0.0,1,-0.003412117173916873
224.53125021,2.1128637938762154,-0.04225267460970761,16.98899376104248,0.0,1,-0.014669450274380158
221.2375002,1.529012757245738,-0.2087012370800616,10.852271365835051,0.0,1,-0.013023334639902018
218.3562502,0.8695653424933312,-0.2893828839441561,5.8770301856199225,0.0,1,0.0008300655457949002
218.5375002,0.48248202324271006,-0.22548873439825912,6.127746072876306,0.0,1,-0.022450380348955745
213.6312502,-0.16012063831948353,-0.28936379865348427,-2.064508718503248,0.0,1,-0.008279453536615633
211.86250019,-0.6154744167406534,-0.24823919235821806,-4.712280631775364,0.0,1,-0.03424980821755874
204.60625019,-1.396549271222824,-0.3431046822801296,-13.821433919736293,0.0,1,0.015517610029271767
207.78125019,-1.4061242591953658,-0.11755989008422385,-8.136380708407351,0.0,1,-0.005594826284551657
206.61875019,-1.3906097315820034,-0.03401512082362057,-9.60041615043157,0.0,1,-0.030490940460179528
200.31875018,-1.7919683243101758,-0.14512457118393107,-16.627947818044674,0.0,1,-0.012979314206302273
197.71875018,-2.059983593648411,-0.13771328017405549,-19.093246778910313,0.0,1,-0.03303303300296023
191.18750018,-2.566596762180154,-0.21477548290193305,-24.376541893272886,0.0,1,-0.01791435113056772
187.76250017,-2.8914369504310002,-0.17987189038425955,-26.697541120458684,0.0,1,-0.004526995535479306
186.91250017,-2.88373729868718,-0.057390746213479726,-27.265399987476407,0.0,1,-0.0032769343914553772
186.30000017,-2.690617697924665,0.04524295151634483,-27.700489533407218,0.0,1,-0.014761137936074142
183.55000017,-2.5990064227163714,0.0456180755748794,-29.64392230519522,0.0,1,-0.05264233179542799
173.88750016,-3.1418252507191937,-0.1657335841426475,-34.81164531298626,0.0,1,-0.007332326928771948
172.61250016,-3.2576658938273226,-0.09385807575025895,-35.35667843434961,0.0,1,0.029763197886815362
177.75000016,-2.615989057562473,0.1826062535048636,-23.541417864914383,0.0,1,0.00038677918389939947
177.81875016,-2.0714223846331663,0.24239097547805688,-23.390367000528343,0.0,1,0.0683982988242593
189.98125017,-0.6129788486157679,0.5669448371651518,-2.282124157878954,0.0,1,-0.048360035486548214
180.79375017,-0.5983005098890715,0.1938743919639494,-11.561373975851062,0.0,1,0.03197704563661019
186.57500017,-0.05933213136830773,0.24428092349490438,-4.193221253310831,0.0,1,0.00043548170937124375
186.65625017,0.221867235506096,0.17516009678976938,-4.092123046559102,0.0,1,0.0038841453170719298
187.38125017,0.4043946493177941,0.11922917020048918,-3.109820106660983,0.0,1,0.06374036889584289
199.32500018,1.457271302947163,0.3907019412766195,10.139975220139533,0.0,1,0.028502445778851415
205.00625019,2.3357078553495967,0.4230461645596846,14.783438127990763,0.0,1,-0.018749428402488277
201.16250018,2.2599713094383276,0.11576987288280538,9.566946906787656,0.0,1,-0.061734915796372136
188.74375017,0.9988762598628398,-0.3817750588975608,-3.7905606496331288,0.0,1,-0.018278750935554644
185.29375017,-0.0024109532468230555,-0.46102075733574127,-6.782020945624353,0.0,1,0.04722231592793702
194.04375018,0.22631302046892188,-0.07743226120666546,1.9785815790387318,0.0,1,0.0036074338872067457
194.74375018,0.3801489222877308,0.025467880204047832,2.628247461151801,0.0,1,-0.008151737853115626
193.15625018,0.29309612967315957,-0.020528304136841147,0.8932901680255299,0.0,1,9.70716711601316e-05
193.17500018,0.22670755589311398,-0.028972292638962227,0.9145259324637394,0.0,1,0.0008735602424887468
193.34375018,0.18868347267863328,-0.022332125284480975,1.1258777722232054,0.0,1,0.012057539992007316
195.67500018,0.34821864168154093,0.045734347906142225,4.1558557461174885,0.0,1,-0.006547847189581679
194.39375018,0.2921971727095354,-0.0034290403552877935,2.1803863280734106,0.0,1,0.0008680834638137291
194.56250018,0.25389917383105853,-0.013909013077921528,2.4343000512692257,0.0,1,0.007966591704804404
196.11250018,0.342758576572578,0.02498346322119932,4.879420119922017,0.0,1,0.03738287974132737
203.44375019,0.9695625640622723,0.21726248357029787,14.47626964962923,0.0,1,-0.02881631902933801
197.58125018,0.7136260099686069,-0.012891356841122525,4.2282109009161815,0.0,1,0.021826463827267162
201.89375019,0.8855638995910624,0.05301551092711099,9.49079626205581,0.0,1,0.029532860697216945
207.85625019,1.3946108527696879,0.1873541547019122,15.571765316967515,0.0,1,-0.026430525880160927
202.36250019,1.0751042582948571,-0.0440508132576396,6.837052589708094,0.0,1,-0.012076101094350644
199.91875018,0.6221131053662248,-0.16568065539542398,3.326160809308611,0.0,1,-0.031981742554129
193.52500018,-0.18903772987863476,-0.3256104968800946,-4.791998478879378,0.0,1,-0.05186668389440119
183.48750017,-1.4153183375111666,-0.5172970348375422,-14.277952103617295,0.29394929771393663,1,-0.033278833731685276
177.38125016,-2.419369614034821,-0.5071161037870655,-18.715127455250425,2.9665050012784207,1,0.04210563406934553
184.85000017,-2.0973852836270908,-0.06171059112644528,-8.790617002430714,0.0,1,-0.03262780635354745
178.81875016,-2.264215178954288,-0.07618016215121415,-13.518303422925847,0.0,1,0.00038446751215115427
178.88750016,-2.1532163617050344,0.011606218366013277,-13.426143157736455,0.0,1,-0.0033191251455184645
178.29375016,-1.967761422938338,0.06568705237756989,-13.928368955252843,0.0,1,-0.02888491601852794
173.14375016,-2.140220501643455,-0.03559067544251571,-18.144154323368873,0.0,1,-0.034256217764250696
167.21250015,-2.5423691666923958,-0.1459131134971523,-22.288610125659776,0.0,1,0.024295432496707292
171.27500016,-2.193037734492492,0.06780610623425032,-15.776062926939176,0.0,1,-0.023646183075268445
167.22500015,-2.173118874684832,0.029241655347303386,-18.881474448890927,0.0,1,-0.017341904603969005
164.32500015,-2.223732871890604,-0.007124113952822864,-20.976725489570008,0.0,1,0.022136010933696104
167.96250015,-1.7606037978359268,0.15200165336728477,-14.887775150843304,0.0,1,0.012465580163013357
170.05625016,-1.2078431101556077,0.23492078034920127,-11.512794811855564,0.0,1,0.09691646143257526
186.53750017,0.5426283270308545,0.6617974058452213,7.720723098267449,0.0,1,0.004824767133577934
187.43750017,1.4476450183715315,0.5222713657286329,8.507893228533959,0.0,1,-0.038512837577607595
180.21875017,1.1779537791775567,0.0841933755115527,0.18142173812212548,0.0,1,0.05510664118262887
190.15000017,1.7725495113157876,0.22626303588326113,9.082708978592677,0.0,1,-0.05344464891356515
179.98750017,1.0752599181085714,-0.15700885244131846,-0.8932912162884534,0.0,1,-0.011702201586280325
177.88125016,0.46148929416258966,-0.2569264921291001,-2.7312550964561666,0.0,1,0.04198728085889902
185.35000017,0.7385423751760243,0.006708862961444795,4.045471334419062,0.0,1,0.026773671461820747
190.31250018,1.229065385251431,0.16574395767895056,8.027687501969979,0.0,1,-0.02433497539898699
185.68125017,0.9859672740181793,-0.02578471785143366,3.24339775368324,0.0,1,0.004443098047027805
186.50625017,0.8510042789000352,-0.0535825709898593,3.9941701421104554,0.0,1,-0.01682249252848178
183.36875017,0.4511474247659635,-0.1511464750413103,0.5634201808882153,0.0,1,0.00886192439275213
184.99375017,0.3490400456350926,-0.08441795139072705,2.3073181119856656,0.0,1,-0.018480354049033143
181.57500017,-0.015996147733261523,-0.14981804825302708,-1.6773729081916002,0.0,1,-0.021134517452331747
177.73750016,-0.5169728996063441,-0.21693160004203654,-5.870162444230061,0.0,1,0.06224066390064853
188.80000017,0.1974948002576582,0.16584536660732194,6.280284164706053,0.0,1,0.0594544491519744
200.02500018,1.4736874176681738,0.4806793280059459,14.889122422556696,-0.3008977248280189,1,0.03680789902949422
207.38750019,2.602518109067745,0.5365033398018393,19.295357929783336,-3.646407500396748,1,-0.008016394423371098
205.72500019,2.8115152790119,0.24850016991533153,17.180113355293898,0.0,1,-0.028679061876539014
199.82500018,2.190054256566299,-0.12432028417675633,9.962642186924462,0.0,1,0.030870761938912805
205.99375019,2.210881724796309,-0.0344976053155821,14.405204030149804,0.0,1,0.02918777872850198
212.00625019,2.5380969818449444,0.09757255057768432,18.223656613737788,-0.062218362848796005,1,-0.006927861790318457
210.53750019,2.3678006952155215,-0.024241245350579366,16.293372276916656,0.0,1,-0.01226028616123287
207.95625019,1.8702316606328395,-0.17393675997775393,12.822480639992307,0.0,1,0.051633456557279134
218.6937502,2.3603861724554633,0.1054059172816233,20.066223883161058,0.0,1,0.00202909319353739
219.1375002,2.4457437473288053,0.06358783071832175,20.331665180138202,0.0,1,0.019593862328817435
223.43125021,2.6424230566547635,0.08675571334809318,22.913973874733514,0.0,1,-0.0008391843120592046
223.24375021,2.5049357899298457,-0.016910517792275037,22.607341835950933,0.0,1,0.012038410918433051
225.93125021,2.4514058407398807,-0.023480155660746682,24.326799422223104,0.0,1,0.020304849354553678
230.51875021,2.6026487127498967,0.04258757211642328,27.058112759518536,0.0,1,-0.032264186723312216
223.08125021,1.841591089359099,-0.239490017091458,14.665268576143603,0.0,1,-0.019779788780304286
218.6687502,0.9398880193837726,-0.3803976956889281,8.466893260396155,0.0,1,0.013747963516736572
221.6750002,0.661233316114135,-0.2196841329861886,11.276703375962185,0.0,1,-0.013899853376429627
218.5937502,0.21003235480313265,-0.22362836476573034,6.893378959143213,0.0,1,0.043545389569879855
228.11250021,0.7601583454140268,0.10883254194838798,15.391163198353837,0.0,1,0.037371910799065766
236.63750022,1.68229147943498,0.34365522532311377,21.06696988342739,0.0,1,-0.01146268024923447
233.92500022,1.7771254231592195,0.14616305634911786,17.172359265101818,0.0,1,0.00871005663389468
235.96250022,1.8462402764247372,0.07175930320487844,18.608173300184845,0.0,1,-0.009032155524767438
233.83125022,1.5493401800220852,-0.07504693106592453,15.289269958622327,0.0,1,-0.0037420148469322623
232.95625021,1.1988617826522443,-0.14184177614525506,13.879617010664411,0.0,1,-0.018726692226833985
228.59375021,0.5601757687462907,-0.2601759300170696,7.055411376527829,0.0,1,0.03078605606467777
235.63125022,0.780609781897823,-0.013247305621845729,13.957028316748634,0.0,1,-0.0010344553185217542
235.38750022,0.8054634733154273,0.0038687952652528557,13.563897913292486,0.0,1,0.015134618434158087
238.95000022,1.047643362914613,0.08201622828814614,16.870839513300965,0.0,1,-0.013679640079474642
235.68125022,0.8090338608046466,-0.05219775794060677,11.207368916494787,0.0,1,0.041024689070405795
245.35000023,1.4280387888492783,0.18893572336800823,19.654150891483596,-0.4448014053271834,1,-0.006113715135903197
243.85000022,1.4935380196341725,0.08481165138430091,17.13435541131757,0.0,1,-0.014635021516425262
240.28125022,1.1044303000570892,-0.10143202273092755,11.274579797333786,0.0,1,-0.026817531514007564
233.83750022,0.28086141526378583,-0.3083336358414104,2.143602862946871,0.0,1,0.0581867749920304
247.44375023,0.9795260224284732,0.13011032377442566,14.540791213504491,0.0,1,0.007072314408318459
249.19375023,1.393064490808456,0.1812162640514694,15.806640678598768,0.0,1,-0.04617391086004363
237.68750022,0.5248908499310687,-0.22898579227530602,2.1943860793293055,0.0,1,-0.024953983716056283
231.75625021,-0.447207708835208,-0.4003614503471943,-3.3343695480228988,0.0,1,0.020927159485905067
236.60625022,-0.4918230116487621,-0.14832558438691612,1.347917501468629,0.0,1,-0.009483054644218947
234.36250022,-0.6601245787514642,-0.1055423838298728,-0.8692303419286915,0.0,1,-0.004400234717721219
233.33125021,-0.7752024815735297,-0.07354009555064611,-1.9292160604260502,0.0,1,0.02204483970908555
238.47500022,-0.3394953920200976,0.12072233133426202,3.616793260254738,0.0,1,0.0019656148425100106
238.94375022,-0.05428806457501878,0.1353098862597803,4.1130166762731974,0.0,1,-0.02568596167235626
232.80625021,-0.41861872963792734,-0.07634025960104274,-3.1748929431218684,0.0,1,-2.6846358267218484e-05
232.80000021,-0.5664200013662253,-0.07471384377644691,-3.1820273822680036,0.0,1,-0.019007731941616757
228.37500021,-0.9618689704498422,-0.15672093762002126,-8.192987451549321,0.0,1,0.010290093039251547
230.72500021,-0.8836043741208357,-0.026152113763671547,-4.736032417368953,0.0,1,-0.02781991545848006
224.30625021,-1.3057342114462358,-0.14942731702969048,-11.65001613200674,0.0,1,-0.026581961066255655
218.3437502,-1.9048629466551006,-0.2495186840795185,-16.87273591876837,2.311929481649514,1,0.021955059421710166
223.13750021,-1.6462095678716082,0.0030448982346580333,-9.619610991806056,0.0,1,-0.044619349058898417
213.1812502,-2.2093862486572107,-0.18671059418364822,-17.703337521349624,2.2341978541507217,1,0.018382245137992026
217.1000002,-1.9802965683286118,0.014126362048316965,-12.25314704315057,0.0,1,-0.011400276359833983
214.6250002,-1.9069770141369133,0.02914863874667173,-14.271519382892706,0.0,1,0.06033779847609777
227.57500021,-0.6322358183630001,0.4346299448401951,0.9701666083134413,0.0,1,-0.04259584752742995
217.8812502,-0.7499914031124604,0.10562478669691167,-7.426926766611139,0.0,1,0.007314764343132163
219.4750002,-0.613557411894476,0.08068625930496531,-5.749139213562465,0.0,1,0.025059801822476357
224.97500021,-0.03587729779428628,0.21945545780171838,-0.13291621099136108,0.0,1,-0.03511501279086937
217.0750002,-0.4023808000946474,-0.04901601483288093,-7.039967366634585,0.0,1,0.04911896809939509
227.73750021,0.33644084959635734,0.22993521161937458,2.7703465270373258,0.0,1,-0.009138811122809676
225.65625021,0.5043774369754885,0.13262393299950198,0.8727176929730049,0.0,1,-0.071125882864151
209.60625019,-0.7911857240828795,-0.3876464093529554,-11.11025768971318,0.0,1,-0.07233801471213663
194.44375018,-2.6365768284384785,-0.7443458379028516,-18.819562259899907,7.705729314464321,1,-0.00700716787625566
193.08125018,-3.4530993115797344,-0.5202894403480358,-19.424727072439502,4.566446426723786,1,0.001909817756287735
193.45000018,-3.5428731105187126,-0.20335441309567148,-19.021888261957255,0.23609720878442886,1,0.02242181440146851
197.78750018,-2.9310622507782966,0.13615214888158134,-14.156445501767358,0.0,1,-0.022056500011526592
193.42500018,-2.7444433000099195,0.107590366549986,-16.7738396701171,0.0,1,0.008982809866268981
195.16250018,-2.2776385496249247,0.19146503897832678,-14.68358591773223,0.0,1,0.010888362252174932
197.28750018,-1.67734962863031,0.2639179866576471,-12.044301620623635,0.0,1,0.015174554886997926
200.28125018,-0.9879468657471762,0.3177735831802604,-8.319364423844675,0.0,1,-0.0218130753431669
195.91250018,-0.9249790788266523,0.12691379003359482,-12.016855410738309,0.0,1,-0.010623365012889852
193.83125018,-0.9898510954641608,0.02068059113202869,-13.720423694691526,0.0,1,-0.007222777538193226
192.43125018,-1.056466179160907,-0.01531149752157246,-14.897141665587824,0.0,1,0.0008119783031801386
192.58750018,-0.9887140394125424,0.01748021407559741,-14.63716047395365,0.0,1,0.039819562499292305
200.25625018,-0.23338263292066586,0.25760387352249137,-3.048099780933356,0.0,1,-0.011610124517512754
197.93125018,-0.030018376931309376,0.15365604317061596,-5.722375309448829,0.0,1,0.0353658151688232
204.93125019,0.6574986166409644,0.2803910122476299,3.195702924711277,0.0,1,0.011833236745258269
207.35625019,1.148548895373665,0.2571470969934435,5.9117406767396545,0.0,1,0.011875697008137509
209.81875019,1.50356996012556,0.20405605391511283,8.621008642683783,0.0,1,0.0123916475893866
212.4187502,1.7724496633243803,0.157645252371311,11.403486316637078,0.0,1,0.01577073585474853
215.7687502,2.0383520429800797,0.14118254400900354,14.792803263758145,-1.0713923413418627,1,-0.026967528915130212
209.95000019,1.5165447283929154,-0.12687492352605356,5.403309166141845,0.0,1,-0.0054774946366243915
208.80000019,1.0334290103999422,-0.20333021383967553,3.6945865882154294,0.0,1,-0.039810823766455616
200.48750018,0.013043733036795402,-0.40790516373427416,-6.965169321841863,0.0,1,0.01374773992156797
203.24375019,-0.26854838256451785,-0.22983242644519586,-3.082648606354489,0.0,1,0.04154494291758781
211.68750019,0.31668042484852776,0.1184654603226166,6.913259942372143,0.0,1,0.006406849761004807
213.0437502,0.6959256273176777,0.16590355426392223,8.314200485722047,0.0,1,-0.006806113808261349
211.59375019,0.7067210921090918,0.05889967301844545,6.145609685816389,0.0,1,0.0038694432574912785
212.4125002,0.7214545676623914,0.02454438285724836,7.145473362095224,0.0,1,-0.02227387750506793
207.68125019,0.27442925730048273,-0.1408269758348868,-0.15178019634986128,0.0,1,0.021096030604552674
212.0625002,0.3931516648445097,-0.007368189430286609,5.672360249925866,0.0,1,0.0058650162043123455
213.3062502,0.5233960632128287,0.04095873631267749,7.238710313124777,0.0,1,-0.0049518005169076895
212.2500002,0.4568810904625593,-0.008518745479197287,5.391779374256679,0.0,1,0.0060070671321488245
213.5250002,0.4918001798822047,0.008800114646816015,7.242227203329158,0.0,1,-0.005151621585152366
212.4250002,0.37660970960186546,-0.03546345187784106,5.053038347895132,0.0,1,0.029245616072264946
218.6375002,0.8053386653282075,0.13108850128283367,13.752234962640173,0.0,1,-0.014750443071522068
215.4125002,0.6838415877473665,0.0031971412339975025,7.349981055809565,0.0,1,0.03014565075829334
221.9062502,1.107252083311323,0.142202545599318,15.174507796120267,-0.6765150650979024,1,0.00774538801160829
223.62500021,1.369915491650687,0.13495531797956062,16.957254395927805,-0.38962039851605823,1,-0.04287311347566969
214.0375002,0.5881292373494773,-0.21561031210721637,0.8299385206629069,0.0,1,0.02204637035842194
218.7562502,0.5414545070864278,-0.08742834745675532,6.5527079752930035,0.0,1,-0.00034284734690526175
218.6812502,0.46674593303103507,-0.054045640504049364,6.4367077173361125,0.0,1,0.0058875646577951635
219.9687502,0.4977878182507425,-0.0076679184281139845,8.076927764808296,0.0,1,-0.005171189084657524
218.8312502,0.3770347760063544,-0.04280698689083401,6.0068611851563105,0.0,1,-0.0985348299216543
197.26875018,-1.5116363114497062,-0.6438260247822982,-18.00949049983876,5.6246853776269745,1,-0.007445426600309557
195.80000018,-2.4523979958902657,-0.528195903074286,-19.015083828392758,3.629276528144004,1,0.008043922362370282
197.37500018,-2.5871623384529983,-0.2209867485456729,-16.523549864424538,0.0,1,-0.03394553511787102
190.67500018,-2.99728098152994,-0.21036846387420471,-21.403231484371112,2.3438667969100493,1,0.06526157072638195
203.11875019,-1.9155877204409535,0.29044159907159406,-4.891542821684865,0.0,1,0.0030462475739989614
203.73750019,-1.1635462798596734,0.3474943465509581,-4.199094952125904,0.0,1,-0.0527332965211641
192.99375018,-1.5858758704140712,-0.024945081334479813,-13.164109393321816,0.0,1,-0.01272709607284761
190.53750018,-1.8695718431567627,-0.10288035135905704,-14.90891823732128,0.0,1,-0.011447877756028957
188.35625017,-2.037393010098384,-0.09023383943355956,-16.475762932654213,0.0,1,-0.03978498188000956
180.86250017,-2.5760000093943347,-0.2096136129098367,-21.357663046859443,0.0,1,-0.03704471631047013
174.16250016,-3.1889701757594366,-0.27419459309164607,-24.97753472150313,0.0,1,0.003409172465108856
174.75625016,-3.1802285776286965,-0.08848433165363545,-24.055958956823396,0.0,1,0.03665820251999374
181.16250017,-2.3769845629276176,0.23825322768248114,-14.545077539582898,0.0,1,-0.03960532672747996
173.98750016,-2.375197176166438,0.08001353814788681,-19.430718045511902,0.0,1,-0.05262590704263159
164.83125015,-2.9393912189386526,-0.1613935015414425,-24.42731697281969,0.0,1,-0.012778220137766638
162.72500015,-3.1520598054132165,-0.12468736267200198,-25.452828340128242,0.0,1,-0.0365263481611372
156.78125014,-3.491034949032695,-0.154554168763827,-28.194628405838394,0.0,1,-0.02316125172338801
153.15000014,-3.6722071084230663,-0.11190877605139926,-29.73140610376798,0.0,1,0.07619164217651431
164.81875015,-2.4843800949163324,0.35863941248511155,-13.701738443830735,0.0,1,0.06021766334817702
174.74375016,-0.8563515794199361,0.6622226426605027,-3.530770994818724,0.0,1,-0.0447440895759702
166.92500015,-0.6225371908867317,0.29867901039790246,-9.228847433234229,0.0,1,-0.054215965205137606
157.87500015,-1.2079185640462242,-0.09556745425386337,-14.782625508339635,0.0,1,-0.04770387966964007
150.34375014,-2.0275535377888048,-0.30506747599881456,-18.72218703410719,0.0,1,0.0763250883346629
161.81875015,-1.3121582290110325,0.13677594425965256,-7.779842480834667,0.0,1,0.04097949090481223
168.45000015,-0.29250988887122276,0.3854747614664875,-2.420463513239298,0.0,1,-0.035655980971514345
162.44375015,-0.258830728062037,0.13971797409189113,-6.482702974970977,0.0,1,-0.012542803266475722
160.40625015,-0.3902135869856238,0.002778371722768125,-7.839463337162577,0.0,1,-0.02894993184902417
155.76250014,-0.8103663850319265,-0.1391248087745115,-10.924593189686306,0.0,1,0.004574271723679413
156.47500014,-0.893537251969093,-0.07409855857055936,-10.17392299791608,0.0,1,0.022008308080644357
159.91875015,-0.5736820802735849,0.08191887104164952,-6.439335297487304,0.0,1,0.01954117323371296
163.04375015,-0.10553098773635838,0.18335665452629202,-3.1155575495062777,0.0,1,0.06485989190184238
173.61875016,1.018588808343594,0.43582548353541484,6.513656177676452,0.0,1,-0.007451672119559216
172.32500016,1.3879538056882836,0.26839682696003475,5.154475116234124,0.0,1,-0.033874945623560304
166.48750015,0.9705151530532703,-0.04968060855832612,-0.7802100843961242,0.0,1,-0.0074329904580525685
165.25000015,0.5777945639813424,-0.1474670658767513,-1.9968511240132756,0.0,1,-0.05771558245895714
155.71250014,-0.4615069450530882,-0.39558952497039396,-10.382817659319201,0.0,1,0.01372722169432894
157.85000015,-0.7645737866492084,-0.23288545552217144,-7.865532492746361,0.0,1,0.059946151352601174
167.31250015,-0.06385105855983397,0.155945757522401,1.9811146329730818,0.0,1,-0.061113186407668385
157.08750014,-0.5602521071351418,-0.11348509701763565,-6.837324013455195,0.0,1,0.00218827086619644
157.43125014,-0.7331191224948839,-0.0954507041257926,-6.479414554317906,0.0,1,-0.03672237878349349
151.65000014,-1.2402302033001718,-0.20085392831036009,-11.06142563076314,0.0,1,0.015825914921097084
154.05000014,-1.1904332267611437,-0.05035231725711076,-8.23341742439537,0.0,1,-0.042112950302526486
147.56250014,-1.6069569695948758,-0.15562535336361427,-13.33380510268902,0.0,1,-0.006607369820076037
146.58750013,-1.762555761045519,-0.10374138160475255,-14.066558431618617,0.0,1,-0.043361473484185176
140.23125013,-2.223163010017032,-0.18811621019208857,-18.61047676781939,1.5742604214187281,1,0.05597896333893293
148.08125014,-1.6140363828346835,0.14033680566342,-8.46537076755726,0.0,1,0.009749715096509792
149.52500014,-1.0546575373406313,0.23323855038582408,-6.7505602609451785,0.0,1,-0.011912723613658027
147.74375014,-0.8355174864818764,0.15079286708152628,-8.42229849514279,0.0,1,0.004357206307474826
148.38750014,-0.6026751705123559,0.12787839435034898,-7.529348578534254,0.0,1,0.04780557657017748
155.48125014,0.15511475168179345,0.2952227721814995,1.539505791561858,0.0,1,-0.010170036570815943
153.90000014,0.3893126501387201,0.17647355687947536,-0.3971470515569706,0.0,1,-0.01855912928786052
151.04375014,0.23594804518893397,0.007702983976563077,-3.875669219725417,0.0,1,-0.04286837425579282
144.56875013,-0.3999799285516872,-0.20940832992135275,-10.799965131409614,0.0,1,0.03099736288769428
149.05000014,-0.3111747538760312,-0.040201051748565586,-4.507527560953562,0.0,1,-0.0485575310513382
141.81250013,-0.843965937881876,-0.1909974119181368,-11.6330921098032,0.0,1,0.020493609500825682
144.71875013,-0.797843535061304,-0.0482916696991883,-7.60723243739718,0.0,1,0.013819909294430888
146.71875013,-0.5416287057292379,0.06930771987762596,-4.866861755731755,0.0,1,-0.03309904150421883
141.86250013,-0.7730730655857769,-0.05404554665963768,-10.00039663411745,0.0,1,-0.02647810377342741
138.10625013,-1.1373933233819002,-0.13945526815192033,-13.562305613873491,0.0,1,-0.002308005609448882
137.78750013,-1.2513331753314674,-0.08446504003382915,-13.865694757489251,0.0,1,0.02041186607890011
140.60000013,-0.9696503366953095,0.0657392662007763,-9.045795577861718,0.0,1,0.014891536259346472
142.69375013,-0.5735255559859525,0.15395468230337783,-5.576424904610846,0.0,1,0.03109806845749885
147.13125014,0.04212229820089419,0.25653417883007484,1.1788190590304595,0.0,1,0.012106537518746574
148.91250014,0.4948735337775929,0.2364284714689246,3.6894033607444285,0.0,1,-0.0037773860453028663
148.35000014,0.6331346904177906,0.12489654270304074,2.7378264510124595,0.0,1,-0.009057971005944632
147.00625014,0.5375248778697426,0.009762243384997538,0.36827660053641154,0.0,1,-0.001743123232896271
146.75000013,0.4235720642732588,-0.03473019007049544,-0.10671792144948711,0.0,1,-0.05515332192729183
138.65625013,-0.3431811812144474,-0.2671611451860672,-12.513298982551042,0.0,1,0.004056795128042356
139.21875013,-0.6510843721904109,-0.19168811205401026,-11.335550527757718,0.0,1,0.012704826026295857
140.98750013,-0.6033831033292074,-0.04799561439760225,-7.547563506542851,0.0,1,-0.011038212597322739
139.43125013,-0.6589380436211627,-0.034516851563185846,-9.964744765106694,0.0,1,0.02931552285580885
143.51875013,-0.2911790101320548,0.11108072730864071,-1.4204139018192237,0.0,1,-0.013979009698612321
141.51250013,-0.25022207587647927,0.050679220521405444,-4.923247170779341,0.0,1,0.035950887697739686
146.60000013,0.21506656424099901,0.1719892868796279,4.350913397038738,0.0,1,-0.003623806272366359
146.06875013,0.3855178372796786,0.11414685330610252,3.3065515326700634,0.0,1,0.016259466914629206
148.44375014,0.6365336548590221,0.12172089029514865,7.375016194419729,0.0,1,0.013346806437667169
150.42500014,0.8741012590770936,0.1197628315044067,10.560254005690062,0.0,1,-0.036313777662729474
144.96250013,0.46483495542972264,-0.09650115738098808,-0.7208267976735669,0.0,1,0.059023885503677986
153.51875014,0.9344863914868995,0.12438342622539622,11.696993956564341,-0.12645090267906767,1,0.061433863950815404
162.95000015,1.8773757443915713,0.3557575930433561,20.532722386311605,-5.619837427108678,1,-0.03981282604497127
156.46250014,1.6517474413112723,0.04337642998768576,9.961036797135002,0.0,1,0.012542941652114559
158.42500015,1.5648293371618536,-0.014513891387244238,11.881387136332556,0.0,1,-0.004221240330546383
157.75625015,1.3352386736569883,-0.08136818496403642,10.777681175651033,0.0,1,-0.008161324884280674
156.46875014,1.001881784933147,-0.13824169122929253,8.544022332215476,0.0,1,-0.02228879566609676
152.98125014,0.4610881918268035,-0.22634509477854536,2.7133601255174398,0.0,1,0.005760509861133745
153.86250014,0.2257048792880596,-0.15390946910576309,3.9996500385209828,0.0,1,-0.021325859108063283
150.58125014,-0.18423301692197924,-0.18794912177193399,-1.462634174309784,0.0,1,0.039389034122678135
156.51250014,0.12042161971649534,0.03890183828884687,7.227265522495628,0.0,1,0.027633575632178387
160.83750015,0.6231304705593459,0.18053689637723253,12.374796641822215,0.0,1,0.018224916435944705
163.76875015,1.0668281901008356,0.20807820530624077,15.501300220649895,0.0,1,-0.0026714498315416613
163.33125015,1.1633163673631657,0.10152212752285705,14.610933785276842,0.0,1,-0.020663528852564728
159.95625015,0.833367425380743,-0.07614227148652186,7.868533311490886,0.0,1,0.0022271714901165307
160.31250015,0.6286331689411213,-0.0936255093087145,8.377947000346268,0.0,1,-0.0006627680305690831
160.20625015,0.46502577664287514,-0.08574430053565352,8.144972836795539,0.0,1,-0.020130300827717162
156.98125014,0.07571993160684087,-0.15835004852389595,1.247501390493568,0.0,1,0.026316837242126967
161.11250015,0.21902784895490868,-0.005014043725276057,8.290005651822966,0.0,1,0.017999844812165655
164.01250015,0.5140961535493886,0.09668475362306794,12.513563162904951,0.0,1,-0.0028199070167030937
163.55000015,0.58024729305086,0.05427863104151309,11.411617830716928,0.0,1,-0.00496789972029843
162.73750015,0.49726058838066933,-0.009569357876225815,9.368874801977668,0.0,1,-0.03636992091278601
156.81875014,-0.07890031381947438,-0.19524342002545653,-3.224582841462528,0.0,1,-0.002311585825523821
156.45625014,-0.39061407210127186,-0.16898572610241805,-3.890185499011963,0.0,1,-0.024128150819299754
152.68125014,-0.8285031119004032,-0.20229158863384977,-10.408892540130303,0.0,1,-0.038888206669487335
146.74375013,-1.4731973733082668,-0.2823286166805712,-18.252585846874815,1.5772888739319058,1,0.004131351484904178
147.35000014,-1.622257222069834,-0.14379615514737942,-16.752229717313853,0.0,1,0.02549202576471732
151.10625014,-1.2485782112781578,0.07662761854809896,-7.978180782509234,0.0,1,-0.026223270025751533
147.14375014,-1.2878988549424548,0.012435658294600582,-13.588024846578016,0.0,1,0.007135879023070668
148.19375014,-1.1127342721960645,0.06253341368033039,-11.183188326161357,0.0,1,0.026907342558191383
152.18125014,-0.6001324581398819,0.19171174257883772,-2.763220925888568,0.0,1,0.01523676535622398
154.50000014,-0.10059134626678201,0.23041761815064588,1.5452702003175958,0.0,1,-0.003843042067715019
153.90625014,0.10808265519199267,0.1463638732031402,0.37492098620082004,0.0,1,-0.00990862943261106
152.38125014,0.0763294346554062,0.03820355088885125,-2.690556947550931,0.0,1,-0.017595668742293458
149.70000014,-0.1693454618341832,-0.06915711520024605,-7.717142744140162,0.0,1,0.0013360053427720064
149.90000014,-0.2614041215927898,-0.05373859165295089,-7.2133259545358825,0.0,1,-0.014384589713049789
147.74375014,-0.4653372746726916,-0.08589058157761753,-11.263847122797188,0.0,1,0.03164262444651644
152.41875014,-0.13894241165658627,0.08016809381282927,0.1131671689081557,0.0,1,-0.014187886975937647
150.25625014,-0.1443747791771557,0.02491190876408661,-4.253167854215832,0.0,1,0.02142173784452206
153.47500014,0.13316943532731784,0.10081870775618673,2.5799076629275604,0.0,1,0.0564016941006924
162.13125015,0.9821982571356216,0.3166158431881635,15.546470580420433,-0.6810506991168381,1,-0.007131567781845094
160.97500015,1.2285086466118003,0.18764207755478068,12.990154256293728,-0.011168498360461854,1,-0.017316353454900124
158.18750015,1.0169964541322258,-0.007956704974931172,7.032089913076277,0.0,1,0.009917028832951091
159.75625015,0.9572198200480955,-0.022577779686353883,9.431569588638176,0.0,1,0.014983764314400405
162.15000015,1.0470423513353353,0.022414917200295426,12.940353777080894,0.0,1,-0.0007708911494564985
162.02500015,0.9942834210343676,-0.010114671033557343,12.626076941555255,0.0,1,0.027079154426403962
166.41250015,1.2506720041309904,0.08209130402102183,18.717857950818484,-0.2028915261810198,1,-0.007924584984969951
165.09375015,1.164747795335046,-0.0012776349249741248,15.170310451521047,0.0,1,0.013780049201941313
167.36875015,1.214306707992506,0.016093759244161898,18.30651921154336,0.0,1,0.030023525929998574
172.39375016,1.5566439394885094,0.11947699691338842,24.04274546073512,-0.8157046946051878,1,-0.024834137003380663
168.11250015,1.2413213927791276,-0.06528184993199782,13.212222930930025,0.0,1,-0.032418767165660944
162.66250015,0.5260500033595292,-0.26018441311719875,2.375902910863239,0.0,1,0.01736724812046364
165.48750015,0.35999347503644685,-0.142080313813427,6.6554220960356005,0.0,1,0.03765390137836366
171.71875016,0.7662365887885301,0.08805426664621874,14.478442122070419,0.0,1,0.03323020925020215
177.42500016,1.381025929932207,0.23428120259663188,19.989618275422373,0.0,1,-0.0037691982493838205
176.75625016,1.5176059396763435,0.12362040411358954,18.603597722206388,0.0,1,0.007849793140237038
178.14375016,1.5750537829086966,0.06035608244864754,19.974338452972404,0.0,1,0.0012981089698196335
178.37500016,1.491794055949157,-0.007634548170297295,20.215149880377908,0.0,1,-0.012403643997283331
176.16250016,1.141473021140314,-0.11931852765971351,14.69894094528182,0.0,1,-0.02746044132892267
171.32500016,0.4680647519741967,-0.2642422656086103,4.329792021987636,0.0,1,-0.018532029809046335
168.15000015,-0.17222811277338224,-0.3015117101187298,-1.355583812252469,0.0,1,0.03873030035200986
174.66250016,0.0646861317505909,-0.021532488531585556,8.533940449818743,0.0,1,-0.0027553138169851277
174.18125016,0.137648576366729,0.017143318694850848,7.622846972683206,0.0,1,-0.022246941025170552
170.30625016,-0.1602575826890984,-0.09358761345365887,0.5793707491145526,0.0,1,0.0136885757146894
172.63750016,-0.10158503032624822,-0.011638353696936235,4.312431197836318,0.0,1,0.0502135978681677
181.30625017,0.6586124992156783,0.24951972528166344,15.179585022708153,0.0,1,-0.0012754662334208966
181.07500017,0.9645560557186741,0.18515442726155307,14.723273961101185,0.0,1,-0.008767085453594392
179.48750017,0.904856495993613,0.04181828917883068,11.442274399777418,0.0,1,-0.003586600790530081
178.84375016,0.7459561739649416,-0.03902734428328025,10.070236703991206,0.0,1,0.05486632885533527
188.65625017,1.4220513326202138,0.21235593812399722,21.02754660572471,-1.584643959618461,1,0.07881398048886057
203.52500019,2.880657135896172,0.5569872471333186,30.183252956615235,-9.581672428198175,1,-0.028344183783882038
197.75625018,2.8891761087094494,0.18850207331553204,20.56958933739284,-0.9122464084483681,1,-0.0055624032059606865
196.65625018,2.5610042527236487,-0.04655659422342273,18.821365675709075,0.0,1,-0.013030351171928412
194.09375018,1.9699596370037966,-0.21253373664775843,14.674309808741768,0.0,1,-0.020640798615538358
190.08750017,1.1764198585601946,-0.33535783836378696,8.545938940026112,0.0,1,-0.002005655288533137
189.70625017,0.6498441477917254,-0.2873111830440854,7.965161706728473,0.0,1,0.053240206903827136
199.80625018,1.17406928092484,0.07897131669634305,17.465277983041446,0.0,1,-0.01532734835492422
196.74375018,1.0831344074143203,-0.0039878522713923115,12.691722690453012,0.0,1,-0.004288573330680445
195.90000018,0.8770932700412004,-0.07000966321483737,11.362613471156216,0.0,1,0.016334864711892383
199.10000018,0.9676482621845537,0.006848442976171931,14.53136793722311,0.0,1,0.13014816678339192
225.01250021,3.091663405574195,0.710287862121938,29.591100530506978,-8.975739987733334,1,-0.13396477974275833
194.86875018,1.3840531909711444,-0.33244078416037093,1.3887070814916882,0.0,1,-0.01799287980633768
191.36250018,0.12272281775537408,-0.5312570524587138,-0.8616186844670608,0.0,1,-0.01861650013272731
187.80000017,-0.8150442711654762,-0.489674713793188,-3.176410263369384,0.0,1,0.013245473896423166
190.28750017,-1.008715793028756,-0.22778207855215593,-1.3014736336689836,0.0,1,-0.0073901333442484285
188.88125017,-1.1386794045413353,-0.11924856335491185,-2.3566541584434333,0.0,1,0.024221567815134515
193.45625018,-0.7275212590858473,0.09730319403352539,1.4462857249441754,0.0,1,0.0261687073707344
198.51875018,-0.0394404147676255,0.26179467945058243,5.426914691032579,0.0,1,-0.005761420515507765
197.37500018,0.2125742086221294,0.17126976761344578,4.3092119825027595,0.0,1,0.016529449003291674
200.63750018,0.5927420029318284,0.1838125206410483,7.0539786937318425,0.0,1,0.044483209778795274
209.56250019,1.4771807340090106,0.35608375057274344,13.684969146157464,0.0,1,0.007247241269898064
211.08125019,1.9228642050468636,0.2672557405368654,14.715071236757055,0.0,1,-0.02792171258553211
205.18750019,1.4943214234785671,-0.05376234701047711,7.662460254850053,0.0,1,-0.007066707273383321
203.73750019,1.0346899140712082,-0.17113128547261192,5.994358453460201,0.0,1,0.04233388552405204
212.3625002,1.4374000006949075,0.07719293371702918,13.057586670142165,0.0,1,0.02542821823492547
217.7625002,1.9689717106155058,0.20292154787920924,16.768163055575712,0.0,1,0.030250846697433387
224.35000021,2.619634923857859,0.2845282537071876,20.75034598381498,0.0,1,0.007800312005179055
226.10000021,2.872496953490895,0.17913009444674133,21.74957881593123,0.0,1,-0.031982529868569975
218.8687502,2.1569490546831673,-0.17880593478699547,12.021616838725492,0.0,1,-0.012850167040429294
216.0562502,1.3850543507223847,-0.31690021291592596,8.58877667074173,0.0,1,-0.007723683061495623
214.3875002,0.7446233028484528,-0.31911042026328595,6.5261705494314555,0.0,1,0.005568188438628052
215.5812502,0.46183500367411057,-0.2006329064792094,7.70954934151402,0.0,1,-0.007653726836027053
213.9312502,0.14445460378075836,-0.17267110212418724,5.393833042507104,0.0,1,0.008355488028648939
215.7187502,0.12268485351901859,-0.06481361746197567,7.449089962504843,0.0,1,0.02587280889966892
221.3000002,0.5666804072615435,0.1263939787601831,13.3134543883602,0.0,1,-0.0022593764100683478
220.8000002,0.6997881501943368,0.08650057389765886,12.456640034691034,0.0,1,-0.010784646729361747
218.4187502,0.509588842477882,-0.03456624460626534,8.282909317042154,0.0,1,0.005837410931216036
219.6937502,0.47827345174650304,-0.02196054511254808,9.878020086650132,0.0,1,0.0008819094754566326
219.8875002,0.43890546873527114,-0.02044284270792668,10.135387405768547,0.0,1,0.03865613098638532
228.38750021,1.0909793556683667,0.21054368140838964,19.63122073167945,0.0,1,-0.024163975720762232
222.8687502,0.8662055186625537,-0.004743385199141081,9.420405201525092,0.0,1,-0.003617600041623037
222.0625002,0.6144473069377625,-0.08550053230797738,8.038870277293398,0.0,1,0.010526315825025723
224.40000021,0.6321559263305687,-0.02259730430505702,10.962658279919125,0.0,1,0.0008077094466594215
224.58125021,0.6034347421660868,-0.01710616282317967,11.195608683604078,0.0,1,0.004731027185067793
225.64375021,0.6273295882366767,0.002262894415803407,12.647426668591713,0.0,1,-0.024347007195577697
220.1500002,0.12918704475222853,-0.16529321635621497,1.5639729201601256,0.0,1,-0.013229616158773938
217.2375002,-0.37335814738599993,-0.22261280283148116,-3.3025581272469537,0.0,1,-0.0181253236498069
213.3000002,-0.9216425645062998,-0.256965739983927,-9.100843678240807,0.0,1,-0.01690693861518333
209.69375019,-1.419502060190922,-0.25160841188951655,-13.688993134503242,0.020755624881275025,1,0.025990283473216635
215.1437502,-1.0959733021839781,0.023973448705809197,-3.593383585580362,0.0,1,0.028440286990962793
221.2625002,-0.33298198133184087,0.26232158985264886,5.254531038700158,0.0,1,0.023557991097851616
226.47500021,0.5106371783718942,0.36864691651879455,11.301825008028146,0.0,1,-0.01112153658313042
223.95625021,0.6799978266927553,0.1793358549465519,7.154581365373545,0.0,1,0.0019255993060949272
224.38750021,0.7439491652954757,0.08109573118309077,7.699006600933977,0.0,1,0.03966352845711385
233.28750021,1.4555957374888635,0.26424743445882615,17.24344649331468,-0.9886055913039797,1,0.056314633266565606
246.42500023,2.784911047128162,0.5311875813660416,26.091272246465763,-8.142840986879975,1,-0.014329917852101581
242.89375022,2.9232219471871304,0.22316616047500348,20.41120636990013,-1.150395131866702,1,-0.012016571020688427
239.97500022,2.5055464016176927,-0.06483646169814472,15.893801531965849,0.0,1,0.02028857174929266
244.84375023,2.4936422628648245,-0.025580200150337795,19.5184235188448,0.0,1,0.022922782365193184
250.45625023,2.7475950049163202,0.07612418063371917,23.17048882002362,0.0,1,0.012102912174147606
253.48750023,2.8982092921990272,0.07557948930547553,24.970117142130377,0.0,1,-0.015212781681546605
249.63125023,2.4106448281571318,-0.13732832491213998,18.477512593324903,0.0,1,-0.006184121573631796
248.08750023,1.8373296937897692,-0.23688115309316737,15.937518870639053,0.0,1,0.01473774372594483
251.74375023,1.7022488187902525,-0.12398734269756129,18.96672406739212,0.0,1,0.02502549717418656
258.04376274,2.0178553555579697,0.06387306469005205,23.481750396823784,0.0,1,0.005861360429486373
259.55625024,2.133544635978666,0.05985411503691607,24.472466872857055,0.0,1,-0.015748031520028682
255.46875023,1.6729688890241334,-0.1335738773058721,16.96060857701964,0.0,1,0.026837969433941566
262.32501274,1.8746221506281984,0.022693128099397608,22.18887150133267,0.0,1,-0.019155721932549552
257.29998774,1.4004781855445287,-0.1504836123280906,13.948210371759771,0.0,1,-0.009108968603482204
254.95625023,0.8513882283740202,-0.23319118983286646,10.37640887131662,0.0,1,0.023557963394039927
260.96250024,1.0064150649242833,-0.026054784427534505,15.813487838514405,0.0,1,-0.0014369880716774697
260.58750024,0.9688105611223818,-0.0212197627431453,15.192908210556524,0.0,1,-0.020098815197107545
255.35000023,0.43281576162792135,-0.18573818741253534,6.870986448884331,0.0,1,0.010280007862289331
257.97500024,0.3475003825782892,-0.09035118882072252,9.73339149499062,0.0,1,-0.010393449006708244
255.29375023,0.05244682700532621,-0.1284682481312285,5.54925991689197,0.0,1,-0.029304477658618544
247.81250023,-0.7228880196982743,-0.3012676982782764,-4.361629617769061,0.0,1,-0.004615384611101003
246.66875023,-1.1456272747418836,-0.24133565110729527,-5.7041228178333725,0.0,1,-0.011072541647263012
243.93750022,-1.489132130201881,-0.19494683552243086,-8.9110893851826,0.0,1,0.0199590059158965
248.80625023,-1.1310610462483623,0.05437474947702925,-1.5227970878443955,0.0,1,0.021427315411376213
254.13750023,-0.41349958375093365,0.25731207065815265,5.298107682315191,0.0,1,0.021051546919121034
259.48748774,0.425571738643697,0.3654611310175945,11.047928638752936,0.0,1,0.009200877162879761
261.87500024,1.0086024632873887,0.31616395188709545,13.383310320281062,0.0,1,0.04040568019208646
272.45623775,2.097837412835247,0.46846630047831805,21.729809373304263,-3.2438399312674164,1,0.005574335579696221
273.97500025,2.594198644872904,0.32160917750532514,22.721456901601414,-1.6215562327504927,1,-0.0005247285331464457
273.83123775,2.614215832152354,0.11387545492825835,22.45415310765263,0.0,1,-0.02716088957239504
266.39373774,1.7865814389460297,-0.23791964609268845,9.815635770707551,0.0,1,0.006451915966874111
268.11248775,1.3671116232640088,-0.2191298205915697,11.538314841646077,0.0,1,0.009301226589360834
270.60626275,1.251265330151,-0.11165870456819293,14.024621491504803,0.0,1,0.010323994247616541
273.40000025,1.3218815310819423,-0.013680834545750198,16.703829832147377,0.0,1,0.006332296994941089
275.13125025,1.39130367062387,0.018580434998725748,18.327917306338136,0.0,1,0.010517707484593686
278.02500026,1.5512186020095555,0.05949845546147037,20.958727357705612,0.0,1,-0.00917183709240299
275.47500025,1.2894078500349337,-0.06743743217105047,15.621727494559849,0.0,1,-0.00639803974371711
273.71250025,0.9041768198779891,-0.15088948744266495,12.038307216139565,0.0,1,0.02310818835173012
280.03750026,1.1632965706430696,0.03607675444080516,18.826119836949147,0.0,1,0.012096549558023195
283.42498776,1.4782056901386795,0.11699529131213837,21.82414978018771,0.0,1,-0.007607833088541516
281.26873776,1.3327889423749184,-0.009473818817207658,17.24994168379787,0.0,1,0.009066107098528065
283.81875026,1.3615158649618024,0.006417701256558717,19.77897903867472,0.0,1,0.02180088526333024
290.00625027,1.7780446716751044,0.1409821693232869,24.9866686998334,0.0,1,0.018038361225420463
295.23748777,2.27407514405877,0.2123375472356508,28.471601464612405,-0.9549781499131882,1,0.0009950040634028046
295.53125027,2.3570643265790636,0.09844224325198159,28.657136090088457,0.0,1,0.019414148266073905
301.26873778,2.6802608497909546,0.14054625548795752,32.01984690639681,-1.9441648515594352,1,-0.01792415485852128
295.86875027,2.1685050814143096,-0.12373650429622929,20.417498296723878,0.0,1,-0.034854982152015546
285.55625026,0.8725434396081369,-0.47323271536746736,4.160558790123368,0.0,1,-0.01923876642517175
280.06250026,-0.305961834595621,-0.5505793298570751,-2.350860751064978,0.0,1,0.024481187212264777
286.91876276,-0.2983624438145398,-0.18099331302533134,5.129602501483653,0.0,1,0.004813993329377819
288.29998777,-0.15459712727277974,-0.012409332161190417,6.52027834137008,0.0,1,0.013159079642509841
292.09375027,0.24631549993750923,0.12950109834969956,10.277491667610427,0.0,1,-0.005841403653528365
290.38751277,0.2840590635478861,0.055748220653358826,7.782317370708846,0.0,1,-0.004627437272291757
289.04376277,0.16728009005737476,-0.020343584279050836,5.762444637699652,0.0,1,-0.025774686983742967
281.59375026,-0.5258837800259357,-0.23783581812078713,-4.11782999198639,0.0,1,-0.018621684626020096
276.35000025,-1.2656212342321282,-0.3258577574423266,-9.701938334815637,0.0,1,-0.015017143102029062
272.20001275,-1.8758538168158339,-0.3120301133420107,-13.597769938334523,0.0,1,0.028379774607486752
279.92498776,-1.3809010392063783,0.060974221422481545,-3.0003012415851273,0.0,1,0.007345807233768431
281.98126276,-0.8469933138011356,0.198293982275908,-0.5109433587052905,0.0,1,-0.017044660921639698
277.17498775,-0.9099795924484511,0.045102567876197486,-5.891378459675984,0.0,1,-0.012379318667436356
273.74375025,-1.1515775574013674,-0.06549846569223972,-9.39329376760378,0.0,1,-0.0007305646240960417
273.54376275,-1.193077368427737,-0.03566609223953643,-9.601006091644777,0.0,1,0.012909268939271357
277.07501275,-0.82013332657192,0.11242598320542685,-4.165154491778054,0.0,1,-0.0015565279442542046
276.64373775,-0.6012564450963396,0.11043428822700241,-4.725493727171219,0.0,1,0.02116896828256487
282.50000026,0.04630857523278564,0.2526664361853759,3.796709892218054,0.0,1,0.0061503982244282
284.23748776,0.5110226624612437,0.2391268411379447,6.052778409100448,0.0,1,-0.013764809951119394
280.32501276,0.3747549008704141,0.03428635984903833,-0.04968258457882513,0.0,1,0.00628730016864032
282.08750026,0.42226540333575713,0.02726562077146044,2.5367281890457747,0.0,1,-0.02142504543600665
276.04376275,-0.09281292154287257,-0.16260423470238977,-6.1057924423535255,0.0,1,-0.0009736227956123056
275.77500025,-0.3650145488535941,-0.14493528733770378,-6.4596996370253095,0.0,1,-0.028623878135596192
267.88125025,-1.128509983437823,-0.3028102406406442,-15.52956977391036,0.0,1,0.04390933482288406
279.64373776,-0.43600790961016855,0.1298972777290034,1.275212781507527,0.0,1,-0.006928458386087022
277.70623776,-0.21488121356213696,0.11700799125901168,-1.0234931366776436,0.0,1,-0.0013727635471029176
277.32501276,-0.11817984774125989,0.07123645235996293,-1.498855812686159,0.0,1,0.006084918137046591
279.01251276,0.080644155814241,0.0900201519718213,0.8475459554417952,0.0,1,-0.006339366261761348
277.24375025,0.025938935440876776,0.011771643866152358,-1.7145999889236734,0.0,1,0.04003697111293136
288.34375027,0.9214247489674676,0.3024191524642478,11.731268958761397,-1.205631332657049,1,0.008518435019659654
290.79998777,1.4970687183167684,0.2926877072711829,14.03066102953619,-1.5133109134472988,1,0.014314005072421976
294.96250027,2.0070110181316636,0.2675433356953594,17.686564992007703,-2.828968362612443,1,-0.0032843157998498906
293.99375027,2.0140020831947822,0.09151146691949275,15.953115107110122,0.0,1,0.019707051611400184
299.78750028,2.3324766096268377,0.13666199778384946,20.904631342079497,-1.961202018355209,1,0.014593670502985434
304.16250028,2.6619241553739243,0.15536984784364538,24.06879747374066,-2.4375621171716375,1,-0.009596021854479608
301.24375028,2.361591748632975,-0.04832085296576816,18.5432367824192,0.0,1,0.006950351660586884
303.33750028,2.1891053995431093,-0.0736024006852114,20.308688550667583,0.0,1,-0.008138624461931587
300.86875028,1.7147076083695652,-0.18266673061958527,15.493122957709375,0.0,1,0.011529113597779306
304.33750028,1.6236789120853814,-0.09123180896792293,18.826450138035455,0.0,1,0.0015813036499192634
304.81875028,1.4829621546028307,-0.07731618881682456,19.28384820515258,0.0,1,-0.018494597182166617
299.18125028,0.8192319296446158,-0.24701547125834655,8.173953403837167,0.0,1,-0.027408092928035144
290.98126277,-0.26423480280487865,-0.4434940679026137,-3.799266135635918,0.0,1,0.022123417634242637
297.41876277,-0.24749026879584335,-0.1422498446311928,4.389344523150385,0.0,1,0.006892596455272404
299.46875028,-0.047661520225005916,0.019192967979881542,6.720175724501068,0.0,1,-0.0001461337784296468
299.42498778,0.05257777241246231,0.039810753539116596,6.6515061479425555,0.0,1,-0.007702221271173482
297.11875027,-0.09387052146979613,-0.03554584678104728,2.9013209402399482,0.0,1,0.0027977450068181753
297.95001277,-0.09000024995509648,-0.01055852508878255,4.11772496336792,0.0,1,0.002936734225534199
298.82501277,-0.00764842670150756,0.02393109938826879,5.463019098724878,0.0,1,0.02338320827038043
305.81250028,0.6164554796504262,0.2160116685800676,14.657715699055274,0.0,1,0.004107909254362774
307.06875028,0.9818236428555451,0.1937932772617289,16.057536708821644,0.0,1,-0.0014654698649397835
306.61875028,1.0451890875534673,0.08571957398655039,15.03235394655762,0.0,1,0.0031798446739139674
307.59375028,1.0710227192729462,0.03718440190200978,16.291756684259525,0.0,1,0.015442446427068601
312.34375029,1.3905209760266075,0.11889421955189028,21.791312356667135,-0.8008320351863176,1,0.0029214607276528692
313.25625029,1.5104350230679415,0.07960275553107476,22.740614153257866,0.0,1,0.015502444070961907
318.11248779,1.8492089196662391,0.13945888404312412,27.264837350119834,-1.978862507091776,1,0.005540532257141351
319.87500029,2.011371166326512,0.10054037690113238,28.69103614753766,-0.8772799642434279,1,-0.012915201238779539
315.74375029,1.5805671924628086,-0.11008786565419038,17.640232688788316,0.0,1,-0.0062748272869384
313.76251279,1.068348147825759,-0.20743563676374666,12.931044113493215,0.0,1,-0.003067686421303728
312.79998779,0.6429991965217141,-0.21092819602259727,10.651664386049575,0.0,1,0.03250883282267547
322.9687503,1.224138330326241,0.12340364592730979,22.390478028787214,0.0,1,0.003115626508958691
323.9750003,1.4965505363679767,0.13193861732301526,23.267347936783665,0.0,1,-0.005652480896069845
322.1437378,1.3554388863581721,-0.0030576775622630503,18.845976103875117,0.0,1,0.001105911610863597
322.5000003,1.2016183624900805,-0.05229273381011823,19.24712836415435,0.0,1,0.008178333325725706
325.1375128,1.2443659453485338,-0.0031817169838883608,22.192492926474415,0.0,1,0.0044212062386177475
326.5750128,1.2818342413320352,0.011428859666537727,23.71689944005469,0.0,1,0.003349153968095653
327.6687628,1.2848947025461257,0.004829773626876088,24.881046855917063,0.0,1,-0.014591717437888119
322.8875128,0.7809128746076794,-0.16638401810385672,11.623614324869422,0.0,1,-0.0224730354143321
315.63125029,-0.14084265474554059,-0.3627131824856923,-2.5442749805140465,0.0,1,-0.024098532711863907
308.02500028,-1.223837699026717,-0.481902742255623,-12.567762916008313,0.0,1,0.010327854904985667
311.20623779,-1.3982456204150253,-0.21877022121464385,-6.975338041831016,0.0,1,0.039081840378171195
323.3687503,-0.3553864035745846,0.27469633187526565,8.704379202267134,0.0,1,0.03732194282472712
335.43750031,1.2013879059767874,0.6104902138088794,18.31754826457903,-2.1857314034645583,1,0.0023290478830721995
336.21875031,1.9447635685877458,0.4512886254732793,18.839289499531006,-0.3612449737976817,1,-0.0051863556044755565
334.47500031,2.009075269177629,0.17186677535438744,16.13819129258613,0.0,1,0.004054824721557715
335.83123781,1.9868279720411124,0.049873159405956935,17.24874844756239,0.0,1,-0.018889696060939598
329.4874878,1.28148949163608,-0.21848844033302517,7.455434477917052,0.0,1,0.008270458244696854
332.21250031,1.0491138362972379,-0.15028803189062234,10.220376749029526,0.0,1,-0.012228618749171472
328.1500003,0.506958188102999,-0.23081456002828715,4.367569048037147,0.0,1,-0.018893760458119302
321.9500128,-0.3230317766693247,-0.3536015082668703,-3.3248272536239725,0.0,1,-0.012929064589246697
317.78750029,-1.0579834868330522,-0.36285107281019924,-7.7809061529497825,0.0,1,-0.015753451584569977
312.78125029,-1.7544815513455205,-0.353116379107556,-12.557772476870547,0.0,1,-0.004196223395050325
311.46875029,-2.0658987876562946,-0.22151120513944345,-13.752467081883815,0.0,1,-0.006521521045397827
309.43750028,-2.218720007673653,-0.12477747505226722,-15.637839895737535,0.0,1,-0.009796000799053517
306.40625028,-2.3628414503762087,-0.08963297258494096,-18.366109361346574,0.0,1,-0.004609892907567192
304.99375028,-2.3557070508628044,-0.02749952435717873,-19.615181836489032,0.0,1,0.013627328416350615
309.15000028,-1.8094767635341782,0.1729102543238159,-11.655794747231525,0.0,1,-0.01785136663432496
303.63125028,-1.8454677229087224,0.045639764983090636,-17.19025276997597,0.0,1,-0.03143204133698041
294.08750027,-2.504986726520258,-0.20462641287614813,-24.313989196040154,0.0,1,0.021634760077047233
300.45001278,-2.095787958616029,0.06819078500936016,-14.017876097704566,0.0,1,0.02920614786735043
309.22500028,-0.9852906197792208,0.39289604128205613,-2.8063607546120863,0.0,1,-0.002769019319992627
308.36875028,-0.4192885653792473,0.31963269856067655,-3.685766112132683,0.0,1,0.012768803604206846
312.30625029,0.22677817643574372,0.3218998134585559,0.9813093119212297,0.0,1,8.000960588150363e-05
312.33123779,0.5329956576402424,0.20937243155435153,1.0113383188023377,0.0,1,0.017129290486138204
317.68125029,1.087522468439147,0.2546330807844187,7.242650613536938,0.0,1,-0.00897129590556045
314.83123779,1.0366579598019712,0.06792285738241433,3.234649789195963,0.0,1,0.005955571668052384
316.70623779,1.0810875421665855,0.03745081324900967,5.511666421843607,0.0,1,-0.000493359401729232
316.54998779,1.0001908715016725,-0.014481952471967707,5.262523262582732,0.0,1,0.014196099141792429
321.0437628,1.2508745477107368,0.07873390791236545,10.87402006383877,0.0,1,0.005042108545832091
322.6625003,1.406871631839408,0.07824366401367899,12.744365367390074,0.0,1,-0.0019370084822961653
322.0375003,1.315547537917098,-0.00436014330287704,11.483478629312039,0.0,1,0.01593374217356658
327.1687628,1.5878617377961746,0.08931801885873325,17.450381335860214,0.0,1,-0.005883851757500502
325.2437503,1.4312793179193477,-0.022421467006031204,13.358937468260422,0.0,1,0.015007974774296606
330.1250003,1.6404856648210284,0.06226162663188317,18.706977907446216,0.0,1,0.00956077245628717
333.28125031,1.8714025337034172,0.09772616517142407,21.677024958031012,0.0,1,-0.015921237708585334
327.9750003,1.3887232561693281,-0.12831770412088828,10.882952480419469,0.0,1,0.004535406657944607
329.4625003,1.155615012721512,-0.12047531585623483,12.635582828674565,0.0,1,0.009048829555064142
332.44375031,1.1911971407708393,-0.02829772926896923,16.02540887811284,0.0,1,0.009174484396701432
335.49375031,1.3638884430645817,0.0481311910082578,19.201597747190164,0.0,1,-0.009202853993992677
332.40625031,1.0792850572894395,-0.07882406492229488,12.61727841194886,0.0,1,0.008912287290738785
335.36875031,1.0939179429610704,-0.021397059750221326,16.060097755842364,0.0,1,-0.00361542331800202
334.15625031,0.9090328905501224,-0.06876070405372314,13.40460572030203,0.0,1,0.01047414195231422
337.65625031,1.032504290132124,0.018236898509426114,17.58396299186768,0.0,1,0.011513225348059875
341.54376281,1.3321573407454252,0.10596331637424239,21.58838818259325,0.0,1,0.0021775759975266595
342.28750031,1.4329488793233054,0.06891828498404085,22.315371324011863,0.0,1,0.01800390754678105
348.45001282,1.8774749511686082,0.17114811894311455,27.593678447965914,-0.8954436516247597,1,-0.005470655559954629
346.54376282,1.7844275744939182,0.026033580756141594,22.821722412160497,0.0,1,-0.00539260895880167
344.67498782,1.4334703382820635,-0.10830788515190437,18.249728231752172,0.0,1,0.006564191136438247
346.93750032,1.3270785669860174,-0.07156655214931673,20.722427232809196,0.0,1,0.013853359742221238
351.74375032,1.563813634089172,0.055056171651279184,25.268594980816758,0.0,1,-0.013895022997718165
346.85626282,1.144572739799969,-0.1213949075459746,14.033991371752009,0.0,1,-0.020974178038051794
339.58123781,0.2333191468387099,-0.34421616683574463,1.3562106070833764,0.0,1,-0.026705612678972646
330.5125128,-0.997477996045177,-0.5250044365732105,-9.696017877640806,0.0,1,-0.010646382099697704
326.9937503,-1.8229836094833445,-0.4501700166704594,-13.11796267265099,0.0,1,0.020833731543033807
333.80625031,-1.5161127812455106,-0.04776639614420852,-3.3703333002488876,0.0,1,0.002808515416141466
334.74375031,-1.1582096353561155,0.10337891658172893,-2.1391236411176493,0.0,1,-0.009970313133282338
331.4062503,-1.1608655936317405,0.03357431943536793,-6.141292579994179,0.0,1,-0.002828854311442086
330.4687503,-1.143579773300246,0.016953379922287404,-7.256842133023881,0.0,1,0.007565011843723601
332.96875031,-0.8313052145261395,0.10974264623213126,-3.2441902051891773,0.0,1,0.004673862032251064
334.52500031,-0.4762050005952574,0.15494762005433782,-0.78259935645859,0.0,1,0.002578320003589374
335.38751281,-0.18709510191354184,0.14801917291201783,0.6231583519021342,0.0,1,0.03682300186589349
347.73748782,1.0022156900867571,0.44577665497077235,15.72020348887439,0.0,1,0.00708156320860831
350.20001282,1.7185635285796934,0.3873748311545697,17.894975391655947,0.0,1,-0.004640205426934774
348.57501282,1.7981071537778348,0.15563948545090378,14.87712781618336,0.0,1,-0.013160797048780148
343.98748782,1.3057429535621168,-0.11224157158827142,6.938454839487406,0.0,1,-0.008939242323863561
340.91250031,0.6944999814907646,-0.2411615145532079,2.1828426316612735,0.0,1,-0.005444945545593272
339.05625031,0.17631599699751632,-0.25311516634881875,-0.5854150211168445,0.0,1,0.0021935519528692993
339.79998781,-0.0354908699989096,-0.15497401111508158,0.5816832560800691,0.0,1,0.003145269388878269
340.86875031,-0.049373189330538025,-0.05628544348223667,2.3374951675617623,0.0,1,0.004400520724284096
342.36875031,0.07280008344787348,0.021962609765391612,4.839653841494538,0.0,1,-0.0005476551228178472
342.18125031,0.11219504621641363,0.020452524177977258,4.442695341134652,0.0,1,-0.013863266896425142
337.43750031,-0.2727695595840487,-0.12150402720749504,-4.7623943345020905,0.0,1,0.003574699015052696
338.64373781,-0.34200127418557713,-0.0635785806030078,-2.2656543254874393,0.0,1,0.010704464885259002
342.26873781,-0.04603369197093343,0.07746300053721197,4.639886548189743,0.0,1,-0.015795336829743212
336.86248781,-0.3447345931993482,-0.07374596689706758,-5.174294147241319,0.0,1,-0.010668299766363298
333.26873781,-0.7648363277135672,-0.16461590047042884,-10.424538075020635,0.0,1,0.010070739073982482
336.62500031,-0.6314622926612401,-0.01041395513936727,-3.876418369270617,0.0,1,-0.012940995160752533
332.26873781,-0.8751752924133029,-0.08470898496381007,-10.110561955273958,0.0,1,-0.01553704704218073
327.1062628,-1.3543067687548955,-0.18794682043513422,-16.13723468948504,0.9851849496153022,1,0.022488831143223198
334.46250031,-0.8679938170294577,0.09945537709676788,-3.370585403024215,0.0,1,-0.00558732293835007
332.59375031,-0.7082336897476011,0.08640516812620813,-5.779952913651513,0.0,1,0.007873719808502377
335.21250031,-0.3511049852943984,0.147844624193137,-1.6264397771927364,0.0,1,0.009117313635898627
338.26873781,0.11140457404007975,0.20345139450920502,2.9195513932386916,0.0,1,-0.02004693089258791
331.4874878,-0.23172852829600288,-0.04656056927562588,-6.519548869956424,0.0,1,-0.013405407937089442
327.0437628,-0.7542947854394129,-0.1897089421396786,-11.517302684433481,0.025208398676113575,1,0.004911383988026818
328.6500003,-0.8188668902245126,-0.08476034897492613,-8.802748466617032,0.0,1,-0.010022021898656197
325.3562628,-1.0573921600983454,-0.10776187294958628,-12.56632234497777,0.0,1,-0.0008068463097677947
325.0937503,-1.1104148233603723,-0.05359484540387105,-12.866731987660593,0.0,1,-0.007305584920683117
322.7187503,-1.242308253044655,-0.06182942502938449,-15.638722803684374,0.0,1,0.007223743578062436
325.0499878,-1.010459488466438,0.0566731131829441,-10.697022544596344,0.0,1,-0.025765267879822362
316.67498779,-1.5082468163051317,-0.14703807155191662,-19.779007641688533,1.7449783456638102,1,0.03459781458100353
327.6312503,-0.718431369699033,0.21425912501806077,-2.234297590834238,0.0,1,0.00850807881558202
330.4187628,-0.03136165725442197,0.30044294582089065,1.2320178193772975,0.0,1,0.012900258671387999
334.68125031,0.6699939629057781,0.3339328553270303,6.1734556312076165,0.0,1,-0.00726437467813934
332.25000031,0.7622347760770367,0.14205788949942966,2.7838908581421435,0.0,1,-0.012659857053650692
328.0437628,0.39431582548957067,-0.07528702036267881,-2.702340413840062,0.0,1,0.006058604751499885
330.0312503,0.3431206564050058,-0.04216072981574792,0.024727695970895525,0.0,1,0.021872928710351403
337.25000031,0.890492184662321,0.16840359948052253,8.657954170010044,0.0,1,0.011471460330448657
341.11875031,1.412366100069164,0.23009250496245515,12.514088827116133,0.0,1,-0.020997123416672037
333.95623781,0.958729841100137,-0.0745145846688573,2.45032127873435,0.0,1,-0.006419216823312146
331.81250031,0.4733727665239371,-0.18662388641501915,-0.21497284901614933,0.0,1,-0.011132039951928019
328.1187503,-0.11656600214115542,-0.25885421836003725,-4.628941885588212,0.0,1,0.007847768521749066
330.6937503,-0.1872382196286253,-0.10984214528250238,-1.118393560078765,0.0,1,-0.005594299856957363
328.8437503,-0.3611378100699767,-0.09458057857461794,-3.503586982807491,0.0,1,0.04396080967575555
343.29998782,0.7866936722152218,0.35108363457019354,12.418327165704866,-0.9347755235610293,1,-0.004260086110946304
341.83750031,1.17317764817318,0.2458558701760506,10.397965724350342,0.0,1,0.012688741013102689
346.17498782,1.630112124637776,0.23426344888021555,14.214964022767631,0.0,1,-0.0016428829927358501
345.60626282,1.6753429358169,0.09316475335311325,13.325749832477996,0.0,1,0.007721901444216472
348.27500032,1.7807412217550223,0.06618767976374507,15.795295243504171,0.0,1,0.005240111975660433
350.10000032,1.837128596244554,0.040858351417758954,17.460184536217596,0.0,1,-0.012032240777348435
345.88751282,1.361187608802254,-0.14502754534151374,9.973459817315678,0.0,1,0.011076541817784058
349.71875032,1.3290546060142674,-0.05905351604316689,14.00978979482818,0.0,1,0.008917880431478897
352.83750032,1.4621293874524213,0.024673755131662256,17.018040606349317,0.0,1,-0.0159421830018025
347.21250032,0.9380726625504963,-0.16646098992342084,7.402761420223882,0.0,1,0.011268315502449333
351.12500032,0.9239132448869896,-0.06020680252897581,11.654564669087605,0.0,1,-0.00550017799427549
349.19375032,0.6789032656479321,-0.10173892725601108,8.454552079858182,0.0,1,-0.0009128170240958466
348.87500032,0.4732605038910833,-0.10246056300428663,7.90341476649273,0.0,1,-0.008581153700477406
345.88125032,0.08152158102171825,-0.16473316195788393,2.716480833774696,0.0,1,-0.014293200355399827
340.93750031,-0.5331205129980958,-0.25979175199256604,-4.72506023164582,0.0,1,0.00584784603684585
342.93125032,-0.6298690164248342,-0.11884675180643478,-1.4694127296959323,0.0,1,0.015181650826927795
348.13751282,-0.19189897510278797,0.10637442983853718,6.10693480237137,0.0,1,-0.0012028652029132392
347.71875032,0.008180751816780685,0.10215138558603529,5.378400018661289,0.0,1,0.01680596747981533
353.56250033,0.5945180534585006,0.22949622907591843,12.85659519449154,0.0,1,0.01601555593343429
359.22500033,1.3100185331578587,0.31499890292509225,18.534192822521987,-2.6652534330972912,1,0.007690131526097321
361.98748783,1.78880785357768,0.26459607444830446,20.941879741238395,-2.7356311155108983,1,-0.034238027353642786
349.59375032,0.8463237334894416,-0.22596268187997803,1.3537568648018237,0.0,1,-0.0192545275590269
342.86248782,-0.2563838460121133,-0.4428900871271777,-5.980946461547148,0.0,1,0.006088519666508141
344.95001282,-0.6124118985952123,-0.2663060465700922,-3.3550447353186854,0.0,1,0.00630522516065235
347.12500032,-0.5581426416704858,-0.07067892988178859,-0.6069544033498246,0.0,1,-0.002358660422744685
346.30625032,-0.5527252930689315,-0.021753860426744764,-1.648592076456012,0.0,1,-0.003898319763944613
344.95623782,-0.6164572193457047,-0.028495262234506047,-3.4472165294988883,0.0,1,0.00434837766517715
346.45623782,-0.47195174753863967,0.03867006985751964,-1.100464631577367,0.0,1,-0.006187614093742355
344.31250032,-0.539014491006867,-0.009464224536902544,-4.287692171415458,0.0,1,0.01159920129617209
348.30625032,-0.19481548849040564,0.11157825932651966,2.166046488054427,0.0,1,0.00645983239730219
350.55625032,0.18101863680868746,0.16247079487520427,5.479132752585514,0.0,1,0.008682629413172771
353.60000033,0.6074966472241385,0.1963162684302185,9.677039874437718,0.0,1,0.0011666077477801018
354.01251283,0.8044869734965232,0.1311021982342011,10.24156607501093,0.0,1,0.00037067898801379506
354.14373783,0.8468769721746412,0.0578307323041064,10.437339682151062,0.0,1,-0.015795140256539497
348.54998782,0.33135305633254575,-0.15256439451266302,-0.9923131768579481,0.0,1,0.003066310536071315
349.61875032,0.1350418853837141,-0.11629185515383156,0.9759036581807194,0.0,1,-0.004522783742441527
348.03750032,-0.10613802387263149,-0.1191572548033924,-2.065626362829981,0.0,1,0.03239593434510146
359.31250033,0.7217001909885425,0.23622698668592723,14.64653610615585,0.0,1,-0.001826404590425601
358.65625033,1.0207901158368031,0.178438970511396,13.331873994974195,0.0,1,-0.0018994510743174375
357.97500033,1.0284984019411922,0.062049085538595006,11.88037573777693,0.0,1,0.003788637471191514
359.33123783,1.059664136498327,0.03107160669857656,13.719673692442989,0.0,1,-0.015862766439183607
353.63125033,0.5119427007353465,-0.17221660968813468,2.00248949982538,0.0,1,-0.0064156165720162805
351.36248782,0.006356548625888081,-0.22593425393253108,-1.9085334083060204,0.0,1,-0.013589918291010639
346.58750032,-0.6448818648143515,-0.2923908891242569,-9.101588091012161,0.0,1,0.001640999746023386
347.15625032,-0.8693650827999022,-0.17229136903660258,-7.954390194274872,0.0,1,-0.005527086141273174
345.23748782,-1.0690564765593535,-0.12399425426535127,-10.806159040633894,0.0,1,-0.004127557262098236
343.81250032,-1.1985630920591461,-0.08450028992171466,-12.88350099722684,0.0,1,0.02063261223311419
350.90625032,-0.5722903088041562,0.18059083111109175,1.372416408309661,0.0,1,-0.0009439487033872096
350.57501282,-0.23906618310962813,0.17127165226853996,0.7752007080491268,0.0,1,-0.0124794975112682
346.20001282,-0.41711527166984297,-0.0022591454305582737,-6.624901906579311,0.0,1,0.01211358996159384
350.39373782,-0.12190312664415615,0.09765099986504286,0.983717267232997,0.0,1,-0.013520468514861661
345.65625032,-0.35892908524425593,-0.046458319578352336,-6.374091380741191,0.0,1,0.0020431787342083396
346.36248782,-0.3886781824406853,-0.02540247225826059,-5.057965767477235,0.0,1,-0.001894691322176456
345.70623782,-0.4258503825021194,-0.020858224106564904,-6.115762867175775,0.0,1,-0.020158010610235033
338.73748781,-0.9896781181576557,-0.19489531992070042,-15.654012985475347,0.0,1,-0.003487176774076395
337.55625031,-1.2875552678056579,-0.16425748985623412,-17.004692056378744,0.0,1,0.0049621729666142755
339.23126281,-1.189613195312461,-0.022105139121012307,-13.095280761351532,0.0,1,0.022956242138454375
347.01873782,-0.39255147528984935,0.2583188603005331,1.5173549468971643,0.0,1,-0.008338850859116897
344.12500032,-0.20245278400437883,0.14947251719533455,-2.9788385149873378,0.0,1,0.008881220478483165
347.18125032,0.16415512697204804,0.17202680939058712,1.9430818623052843,0.0,1,0.019514266694285576
353.95623783,0.898361781045935,0.30207782115482473,10.89207269547451,0.0,1,0.01175996367663723
358.11875033,1.537477667995688,0.3137312360348592,15.302862269077409,-1.3368183262606976,1,0.0050436831311837516
359.92498783,1.8794322641376198,0.21856194405893037,17.092336240106192,-1.2620313000446117,1,0.005417830286684522
361.87500033,2.0562912485304423,0.13180697615058423,19.00958788279138,-0.7147005285380601,1,0.014473195178511533
367.11248784,2.4098204291826733,0.16177871893427165,23.599796621963222,-2.436687647926817,1,0.013177228125534013
371.95001284,2.788893733743521,0.18028400783170628,27.083290530889656,-3.0077136214063103,1,0.02596114982298392
381.60626285,3.5507100757120043,0.31403344993339655,32.271546599962946,-6.398556618100088,1,-0.02846523646879917
370.74375034,2.73051636455358,-0.1687200870750094,14.125592325881826,0.0,1,0.0014160387046808776
371.26873784,2.1366254369282274,-0.25420367156678747,14.545522807632935,0.0,1,0.01294554192190378
376.07501285,2.06215077087154,-0.10955944587449151,18.31796718603151,0.0,1,0.01680176769021413
382.39373785,2.379627956937213,0.0693059133970606,22.57983649429673,0.0,1,-0.014660903004115378
376.78750035,1.8728777618919707,-0.1458147605493938,14.081752892532421,0.0,1,0.002853033869227195
377.86248785,1.5530118092116822,-0.15522690440989417,14.955948728683836,0.0,1,0.008667240346176275
381.13751285,1.536579932103848,-0.0572195938392428,17.623383207355076,0.0,1,-0.005411432699388263
379.07501285,1.2284406658746434,-0.12178628668948255,14.203771299489702,0.0,1,-0.005276000612552623
377.07501285,0.8053343106038255,-0.18163088065343347,10.886402401812958,0.0,1,0.004790127795390564
378.88125035,0.6771897320847415,-0.10325848639083912,12.81441639178469,0.0,1,0.006416918223728585
381.31250035,0.75928913181815,-0.007053028885810164,15.367573792502796,0.0,1,0.01693161777826302
387.76873786,1.2750845298666604,0.16958078972090007,21.201715527889178,0.0,1,-0.0076398307051496195
384.80625035,1.1798512255687115,0.02478249514098363,15.570082967056237,0.0,1,0.0020302424903166916
385.58750035,1.0990178046222923,-0.018683641935145268,16.349949997312635,0.0,1,0.006191850119189102
387.97500036,1.1659746112638913,0.016091054902151347,18.75321039382426,0.0,1,-0.016222050400567234
381.68125035,0.5778092961460288,-0.19069142007190376,6.858947591820694,0.0,1,0.007483338511862447
384.53750035,0.4735966972416463,-0.09830133965876209,10.320383050272817,0.0,1,-0.0006013717772376248
384.30625035,0.3627531730193141,-0.06971495462703142,9.888118929118342,0.0,1,0.00024394607143296554
384.40000035,0.28491447982315776,-0.04918454927439592,10.017183045718426,0.0,1,0.025250422739756306
394.10626286,1.0311074690732198,0.2323361466585554,20.81852964005965,-1.369979070510567,1,0.010276384548191464
398.15625037,1.6557773004420824,0.28566865934247265,24.066584614733642,-2.8993975934689047,1,-0.034204536554039544
384.53750035,0.6952349394230168,-0.22495790055886433,2.311724591529426,0.0,1,0.009995774161171589
388.38125036,0.4773400147948905,-0.1476176083956635,6.333838515867299,0.0,1,-0.031171046487899257
376.27500035,-0.6802399495853706,-0.4350658575919749,-6.504277468054667,0.0,1,0.002790545476109907
377.32501285,-1.1148422276434076,-0.28988937855000396,-5.28999199663199,0.0,1,0.005250745199835594
379.30625035,-1.0741367227021215,-0.08306129120290595,-2.906319507282049,0.0,1,0.006162533567119155
381.64373785,-0.7694819516730149,0.07386449327540023,-0.07621914713983102,0.0,1,-0.011136040182245566
377.39373785,-0.9071977368523108,-0.021283763967965164,-4.9451434339599984,0.0,1,-0.0017553947868188535
376.73126285,-0.9556620680376113,-0.023249365051088544,-5.693538090895466,0.0,1,-0.011165153850464349
372.52500034,-1.2507776037938356,-0.10612163360243754,-10.340993841936971,0.0,1,-0.003137339772990577
371.35626284,-1.391498696355768,-0.08228090872145666,-11.585012752890897,0.0,1,0.0002860797315966668
371.46250034,-1.3370478929404044,-0.00927670176869766,-11.390519375906536,0.0,1,0.010078372666348034
375.20623785,-0.8864237076543873,0.14711582783910648,-4.634625886497815,0.0,1,0.008462046148788538
378.38125035,-0.3226585977068339,0.23696031259555328,0.49866566613199126,0.0,1,-0.0008919244801053328
378.04376285,-0.04201178459084076,0.1725357085705155,-0.0555577467103916,0.0,1,0.01745823010077996
384.64373785,0.6518105206830569,0.2887860046148044,9.582983430222981,0.0,1,0.0014623921947725105
385.20623785,0.991279129929751,0.20941820462049954,10.306774336375767,0.0,1,-0.02133597328504422
376.98748785,0.3935110070589758,-0.12944997275009185,-3.2769967510003397,0.0,1,0.014556219176651952
382.47500035,0.5191270700353243,-0.0012779699245810683,4.3510341057761295,0.0,1,0.007467775664778742
385.33123785,0.7766943040205092,0.08542975468686798,7.841876653609191,0.0,1,-0.009083094377524747
381.83123785,0.5490867290114352,-0.047392606774068646,2.3873511698830043,0.0,1,-0.018594536816783913
374.73126284,-0.2021388700774196,-0.2662060686209745,-6.795714564580926,0.0,1,0.010740997373679395
378.75625035,-0.22549113794872255,-0.09651944549742583,-1.1482063750252678,0.0,1,-0.01950462864486957
371.36875034,-0.8340013445553041,-0.23500988403466916,-9.384369645773212,0.0,1,0.01110755820521625
375.49375035,-0.7250063349789571,-0.04200495815277405,-3.761010671026952,0.0,1,-0.013365735129604706
370.47500034,-1.0283208031092386,-0.11510647542768515,-9.008446485647802,0.0,1,0.026958634188093855
380.46250035,-0.2619929694152461,0.21707378608876915,2.828446060716793,0.0,1,-0.010382067868361045
376.51251285,-0.18616193011700943,0.09763494179566862,-1.4511147823891974,0.0,1,-0.005378373734970077
374.48748784,-0.3014850004581149,-0.005896042848478944,-3.5925796674927497,0.0,1,0.022847959645732496
383.04376285,0.37900013190949267,0.22486302983970952,5.601562517662714,0.0,1,-0.00727726899730663
380.25625035,0.45536664543419647,0.10040984778813777,2.350558882077358,0.0,1,0.007199092710455934
382.99375035,0.6837276817437328,0.10959029469922466,5.208299479353137,0.0,1,-0.00422657027306772
381.37500035,0.6060350597531396,0.010632557569543843,3.1153062319539657,0.0,1,0.00045883316903161386
381.54998785,0.5312681187784278,-0.021378127801722657,3.3278293564609527,0.0,1,0.015102903141135604
387.31250036,0.9298216808928714,0.12572514477090702,9.96754759010102,0.0,1,0.00855252540757423
390.62500036,1.3276549885423492,0.1745194841401283,13.302077558728932,-0.09275032242976522,1,0.005887967994573584
392.92498786,1.6075993516552103,0.15148794908432972,15.517939593204872,-0.7186681911340997,1,0.011198129785443323
397.32501287,1.9802736714070193,0.17472075627871297,19.440219863248615,-2.0275419637580967,1,-0.014928018166177393
391.39373786,1.5073151078323122,-0.09941260243199812,9.33179854449088,0.0,1,0.00648327311998953
393.93125036,1.356685608725627,-0.08334736717956104,11.963804901830557,0.0,1,-0.002284662613533439
393.03125036,1.093313725111841,-0.1155730835977824,10.422728707874931,0.0,1,0.0003339429113582426
393.16250036,0.8814558062123297,-0.10914366749909787,10.581583201413771,0.0,1,0.004244396397092842
394.83123786,0.8411336545781865,-0.0498219397110804,12.696758805314026,0.0,1,0.014183306620702663
400.43125037,1.2175458167129136,0.10886340747454892,18.91606221790788,0.0,1,0.02804788587209983
411.66250038,2.2402272472208438,0.3771816126608265,27.336274858172217,-4.029062234965693,1,0.017201591117635084
418.74375039,3.1549865260397496,0.4306469638265775,30.95116267885902,-6.038298813474341,1,-0.006179196722554292
416.15625038,3.1338256207792483,0.13649535285535874,26.02777820274676,0.0,1,0.0009761958390124281
416.56250038,2.895947199750708,-0.03379435605772718,26.279450785388605,0.0,1,0.010622625670729802
420.98748789,2.9044280150905593,-0.008437846905958502,28.953577970812745,0.0,1,0.0006680721116194555
421.26873789,2.6900702548362574,-0.0742652023867536,29.1198157080581,0.0,1,0.002002878267744368
422.11248789,2.4290313534727375,-0.11176803458342466,29.655461781926604,0.0,1,0.0017027451701152607
422.83123789,2.1559884566682967,-0.12827031046262194,30.137735854062825,0.0,1,0.006577683365777132
425.61248789,2.0715721368770232,-0.070895543417965,31.97488257248942,0.0,1,0.012349878491719535
430.8687504,2.2947548414082917,0.05076238703776781,34.906456258806145,0.0,1,-0.001218468500007619
430.3437504,2.171366623556594,-0.02420861027131016,33.40111720932359,0.0,1,0.00453129038864275
432.2937629,2.091226337667649,-0.03478296538675174,34.532839298966124,0.0,1,0.006679456767151981
435.1812504,2.1175112915842647,-0.0028326704900454303,36.092887801822,0.0,1,-0.0062760918525087694
432.4500129,1.726591369243863,-0.13125086427681576,27.841353206330652,0.0,1,0.0053618335780607485
434.7687379,1.5804758773033427,-0.09245545207244543,29.678603274411486,0.0,1,-0.03087845638314468
421.34375039,0.25696284905779976,-0.4719894934393295,1.9622902301588354,0.0,1,0.007416747007894298
424.46875039,-0.16579056915310275,-0.2982476372167441,5.927406904746981,0.0,1,-0.020628727089932575
415.71250038,-1.093038898329155,-0.40849865546426556,-5.506525497648887,0.0,1,0.01551553057486621
422.16250039,-0.928076487223052,-0.08117874811938752,2.4499537315506927,0.0,1,-0.050957865751047104
400.65000037,-2.560963909401437,-0.5713553900992576,-15.746055243613085,5.080078825723433,1,-0.0002807937099615909
400.53750037,-3.1733689613738534,-0.3945868140238913,-15.814965867221261,2.5148527995028758,1,0.02012920139201002
408.60000038,-2.5432490730788686,0.07851102475703131,-6.727479525313498,0.0,1,0.016581008305676104
415.37500038,-1.4516683728414819,0.3900305749981394,-0.2493897204632134,0.0,1,-0.022088444180815903
406.20001287,-1.5494879508193549,0.09740366567342207,-7.54463256311255,0.0,1,0.014247845461915931
411.98748788,-0.9869841597400182,0.2199691522509195,-2.181718296788219,0.0,1,-0.015792287876215894
405.48126287,-1.1656690017219944,0.01376143675631436,-7.167845911828401,0.0,1,0.012577584902203176
410.58123788,-0.7328744217361418,0.1488520055807223,-2.4082956266936577,0.0,1,-0.007611161255530519
407.45623787,-0.7158209307652328,0.055301832183877075,-4.961232378450049,0.0,1,-0.01925053360577722
399.61248787,-1.3012882743826708,-0.17672183714452028,-10.822325969436491,0.0,1,-0.008993087351086726
396.01873786,-1.7850604241594965,-0.2201646623071154,-13.256514015699842,0.0,1,-0.015924088678423542
389.71250036,-2.4037112553679663,-0.2796051645051949,-17.226738719414378,0.0,1,-0.009141354194974749
386.15000036,-2.809602399691528,-0.22849876960958548,-19.308338219204714,0.0,1,1.618542015857649e-05
386.15625036,-2.7778936052123413,-0.06559665837679951,-19.299758128713506,0.0,1,0.009177017066786641
389.70001286,-2.2352345325383567,0.15902080476572822,-14.285984060414847,0.0,1,-0.02235700467664603
380.98748785,-2.503679202656542,-0.036474621784152284,-20.179618066088867,0.0,1,0.012976180734697751
385.93125035,-2.017281395827581,0.14997439501493615,-13.565982084158875,0.0,1,0.0029636431591448797
387.07501286,-1.5106621669274318,0.21886454130502853,-12.062513369685071,0.0,1,0.011012045103365065
391.33750036,-0.7762567469001169,0.3177566537774479,-6.526391429176421,0.0,1,-0.024754847161563065
381.65000035,-1.1516576421448121,-0.019214747155749112,-14.51884504309745,0.0,1,-0.004044903703876113
380.10626285,-1.3720314112550795,-0.07986283875533884,-15.637405867500156,0.0,1,0.020948056604745302
388.06875036,-0.7043417190388936,0.19594228448694906,-5.593185799122111,0.0,1,0.0006442157472563714
388.31875036,-0.2909683963442262,0.2031052023938722,-5.297981400517962,0.0,1,-0.0011427467759118626
387.87500036,-0.09701353530158485,0.13235335447883786,-5.761278601425374,0.0,1,0.003335514015595731
389.16876286,0.11586189816154047,0.11507626264732106,-3.949949893093084,0.0,1,-0.004191658364386286
387.53750036,0.0767059150463183,0.025306759844032967,-5.954393868259551,0.0,1,0.02094958550452053
395.65625036,0.7272982639015027,0.2252997028997391,4.901160121240288,0.0,1,-0.007392749381157526
392.73126286,0.7482372913372615,0.08207957677849931,0.9446801412988606,0.0,1,-0.02006782564903542
384.85000035,0.03958182161039758,-0.20885863098278823,-8.096190014540618,0.0,1,-0.02273613093943705
376.10000035,-1.0472110650539435,-0.43188383921570983,-15.622120853452628,1.2282808494172741,1,-0.0004985376225086213
375.91250035,-1.5189649196315713,-0.30121256459777923,-15.768501389497047,0.07988783679854805,1,-0.0033917135206009696
374.63751284,-1.7345103961177983,-0.17225268036133534,-16.83544287915921,0.0,1,0.028460777804046877
385.29998785,-0.8092010171844208,0.2510188995240141,-1.8258017903833732,0.0,1,-0.018264924012247108
378.26251285,-0.8655691596189854,0.06488358569648323,-8.637920017184534,0.0,1,0.011929512829597977
382.77500035,-0.44558184253469335,0.1616236342602584,-3.2711117585154668,0.0,1,-0.006367970734168171
380.33750035,-0.4015813637813608,0.06854137100453034,-5.704350378726552,0.0,1,0.02418904263064725
389.53750036,0.4205506567437851,0.2968911305098921,4.279742531103203,0.0,1,-0.006674582030220866
386.93750036,0.5799041122777453,0.1520815286812841,1.3875927280408433,0.0,1,-0.0016960103360088574
386.28125036,0.5565679973548754,0.042915137919471436,0.631015780232012,0.0,1,-0.01176283473703521
381.73748785,0.11987239761390356,-0.13126015394050017,-4.520279193213987,0.0,1,0.01535744509405812
387.60000036,0.3800779404422201,0.04298179629593879,2.419622397664142,0.0,1,-0.022784474978838065
378.76873785,-0.25743099234711053,-0.19817571216446397,-6.787101881020398,0.0,1,0.0002475125073209128
378.86248785,-0.5469203760462165,-0.1625550319545233,-6.669701866829641,0.0,1,-0.01722257473160904
372.33750034,-1.1898373290585482,-0.2684906616556184,-12.642313981009103,0.0,1,-0.012622922740009312
367.63751284,-1.803808319809832,-0.29415388413563415,-16.354071985639962,0.44839680899053747,1,-0.006392199973953017
365.28750034,-2.1563108302013347,-0.21555213150904562,-18.114137428535305,0.047057368730179405,1,0.007100571461070571
367.88125034,-1.936723682880313,0.0013450052706587279,-14.00788881775361,0.0,1,0.017091146923603695
374.16876284,-1.1415770939797767,0.26549719805706506,-5.066522851424779,0.0,1,0.0031569645232654153
375.35000035,-0.5504359158645684,0.28554612539075785,-3.5062842493359696,0.0,1,0.053366857576452986
395.38125036,1.4602751670150838,0.76541906942347,15.116698997010161,-0.35457075132313776,1,-0.0074295379392052
392.44375036,2.0991494445369767,0.4680977823151209,11.622016837379725,0.0,1,0.010765905932058395
396.66876286,2.5957418379198316,0.32156339189932526,14.653591137183668,0.0,1,-0.0007721177684669733
396.36248786,2.6022032981179564,0.10934161736581682,14.244834026105181,0.0,1,0.02220193075664678
405.16250037,3.121918129207188,0.20968548281834964,20.249584162117756,-0.26733017357020117,1,-0.0071422268777523445
402.26873787,2.880468825651178,-0.010587940245886607,16.188202402568876,0.0,1,0.020197940444046436
410.39373788,3.196788439235604,0.10191055777951297,21.35475216404855,0.0,1,3.0489012977197305e-05
410.40625038,3.0895919177581845,-0.0017619878993020421,21.362239884359894,0.0,1,-0.00246709814741497
409.39373788,2.694151622206334,-0.13240076115038413,19.723573808506288,0.0,1,-0.008930888950411164
405.73748787,1.967231338413228,-0.2864403483144966,13.841653969585288,0.0,1,-0.0057302752876139396
403.41250037,1.2460862933155568,-0.3358617978040561,10.250435073854426,0.0,1,0.0044309794524477475
405.20001287,0.9306326213237526,-0.21710515659862017,12.072956701716834,0.0,1,0.019928398947486325
413.27500038,1.3682686927175496,0.07351030493172561,19.16849433438105,0.0,1,-0.09578972839779787
373.68750034,-1.8258939993120293,-1.0402174623659515,-15.742638400609486,0.0,1,-0.027897608297079213
363.26251283,-4.139566471217449,-1.1179633114237904,-20.15085097958016,0.0,1,-0.006451945679010418
360.91876283,-5.146751334568762,-0.7083827249250341,-21.080445278841744,0.0,1,0.006909414962099403
363.41250033,-5.0136363633636165,-0.1917559179066295,-18.556347858927563,0.0,1,0.0009286967280803804
363.75000033,-4.501150847480744,0.10690986599208063,-18.192205466383633,0.0,1,0.010756013763437933
367.66250034,-3.5437705180825674,0.3547633984634193,-13.825481568437823,0.0,1,0.0003570190048716171
367.79376284,-2.7588276018765896,0.37990210488979903,-13.673488615757975,0.0,1,0.0036704673553347167
369.14373784,-2.0239559269505776,0.37159125993860354,-11.986663127773213,0.0,1,-0.008126915595410455
366.14373784,-1.7378570955750092,0.21923003043805722,-14.320564520435255,0.0,1,-0.007817933817158118
363.28125033,-1.6885268810893308,0.08952008164124514,-16.501070461784877,0.0,1,0.005608602172969768
365.31875034,-1.3533595329223544,0.14156247660274057,-13.435016009443942,0.0,1,-0.003934919871104725
363.88125033,-1.1927875652619946,0.10071148142103348,-14.710470091132393,0.0,1,-0.014187320713332174
358.71875033,-1.4433109509933502,-0.049937301436774106,-19.02227113601097,0.0,1,-0.007404826197561221
356.06250033,-1.6696508979429154,-0.09209241612877972,-21.04484811996038,0.0,1,0.015622257313939736
361.62500033,-1.1801416299224456,0.13247228396389676,-11.675174919276458,0.0,1,0.005375043202837881
363.56875033,-0.6750626934186812,0.21251707348922044,-8.670881544332914,0.0,1,-0.009798696936319296
360.00625033,-0.6631430007152517,0.07481225539754999,-12.400668539758861,0.0,1,0.009027621039970457
363.25625033,-0.3310879043039563,0.13562245060294847,-7.170829083053611,0.0,1,-0.008533920606139112
360.15625033,-0.39580303073967116,0.023635774722411185,-10.664777945167529,0.0,1,-0.0010064728841102655
359.79376283,-0.42538429972921676,-0.001981831422378122,-11.07732020384148,0.0,1,-0.009710493513059415
356.29998783,-0.6958741592465003,-0.09082389697988724,-15.007571407045951,0.0,1,-0.0021926747872154095
355.51873783,-0.8382337424012576,-0.07772782671154821,-15.86398390890735,0.0,1,-0.0005801030383345562
355.31250033,-0.8567471804452111,-0.03208042158516722,-16.107288511133703,0.0,1,0.0013896218104949565
355.80625033,-0.753462467763427,0.023734763698872285,-14.877227271576935,0.0,1,0.001194505435488491
356.23126283,-0.6036138641089224,0.057861122451125624,-13.74284118356762,0.0,1,-0.004491499390842479
354.63125033,-0.6117227819392497,0.01658406820693281,-16.21391460419774,0.0,1,0.0026259671112836003
355.56250033,-0.4871961756928158,0.047036891484455556,-13.41873415234582,0.0,1,-0.019634417306438667
348.58123782,-0.9661050670952136,-0.1439573333059807,-22.935441371675147,1.4504766502453776,1,-0.004338981379086837
347.06875032,-1.251091382205118,-0.14298121613862835,-24.530455287827856,1.1924230519319394,1,0.003943743130829347
348.43750032,-1.1752644245763122,-0.022384752836607458,-20.360945270181972,0.0,1,-0.0024753004461572914
347.57501282,-1.1112862020472107,0.013864489897498,-21.47810628657475,0.0,1,0.001816082792829965
348.20623782,-0.9340878239454469,0.06368762266642058,-19.35240696374275,0.0,1,0.009297686682090855
351.44375032,-0.4978552745657794,0.16664005734869602,-9.302014989664372,0.0,1,-0.003023243403909026
350.38125032,-0.3267927269954498,0.11256753497300853,-11.344718240827028,0.0,1,0.00469131838104575
352.02500032,-0.07704955929403923,0.12077023422480637,-6.472428005156708,0.0,1,0.00770538316180458
354.73748783,0.28028344699788477,0.15936774683891014,0.706146562202072,0.0,1,0.019257233121281248
361.56875033,1.004864871227312,0.29464972368944586,13.639745449713779,0.0,1,-0.007208172712993788
358.96250033,1.0662293440731219,0.11867139884508526,7.269943069886665,0.0,1,-0.003551903050674987
357.68750033,0.9018091351565545,-0.015249603357160746,4.314872270213378,0.0,1,0.0002970819497520871
357.79376283,0.7533034777685543,-0.05458508691505359,4.53212892785556,0.0,1,0.0053277899114907434
359.70001283,0.7751295259271842,-0.010919679585474573,8.468807611949316,0.0,1,-0.0018418473071145636
359.03750033,0.6662390478459201,-0.039936719222246175,6.577168571199152,0.0,1,-0.012777182037485013
354.45001283,0.17398326315145596,-0.17739750130557014,-4.698970241075585,0.0,1,-0.012448899281367276
350.03750032,-0.45435261029172125,-0.2685777915829158,-12.653849522079938,0.0,1,-0.01094529156589652
346.20623782,-1.0499297044889886,-0.2880516285933944,-18.064108058650692,0.0,1,-0.021699457402341582
338.69375031,-1.886264735380223,-0.374795553161543,-25.72568951767811,2.127260625431063,1,0.006495506627997694
340.89373781,-1.9639112312107727,-0.15081401633069746,-20.24249979588934,0.0,1,0.019049264594057647
347.38751282,-1.2979272923585654,0.17172330750717002,-6.762595797054679,0.0,1,0.029092115107881344
357.49375033,-0.014588256069202998,0.48502078126551085,7.380511278515968,0.0,1,0.003881186730451125
358.88125033,0.7439219500812442,0.41451032913865266,8.941108341410185,0.0,1,-0.0020027516047135263
358.16250033,1.0012877239830118,0.22395870101347337,7.724515648228525,0.0,1,0.005741109128134303
360.21875033,1.2178841339352857,0.14685170365524902,10.327502617082828,0.0,1,0.00995922615553324
363.80625033,1.523650327750147,0.15087263249003668,14.55785795771078,0.0,1,0.0081430363203292
366.76873784,1.7964365231783859,0.1412196093060918,17.71643122240178,0.0,1,0.0016359423203125
367.36875034,1.8331276189609866,0.05930356836289752,18.351162667405987,0.0,1,0.005954507556713784
369.55625034,1.881004198605524,0.03572671600247834,20.685861499251914,0.0,1,-0.0009301696282602023
369.21250034,1.719546305210713,-0.04191039246411088,19.786985712434273,0.0,1,0.014219453553618644
374.46250034,1.9330218330790672,0.057188378468081114,25.14958005678777,0.0,1,-0.00639249590500135
372.06875034,1.6791952775899972,-0.06554605900699628,18.94960881858539,0.0,1,-0.018612185231014156
365.14373784,0.8352646850462975,-0.30315888385023193,4.497296558355181,0.0,1,-0.04436605599710042
348.94375032,-1.0063049616460376,-0.7149095101808558,-14.722676267429705,0.0,1,-0.005104690937626777
347.16250032,-1.991668538188435,-0.5667576955744178,-16.17988118264598,0.0,1,-0.013304252347942747
342.54376281,-2.7032727407772086,-0.42612063272106404,-19.77673117274574,0.0,1,-0.0032842518887842287
341.41876281,-2.927552113673471,-0.2168000018724423,-20.62230521559561,0.0,1,-0.006571914740516549
339.17498781,-2.9827103739821723,-0.0906527540603812,-22.337397591065915,0.0,1,0.013672920105175512
343.81250032,-2.375270930471345,0.17226222981681527,-13.78562928198081,0.0,1,0.0007089620062479263
344.05625032,-1.8532994645099734,0.2314112319260624,-13.348263521422446,0.0,1,0.0056858798472065875
346.01251282,-1.2748502344867916,0.26995348731641466,-9.698019833559357,0.0,1,0.02172966939467691
353.53125033,-0.252826640767978,0.43065902701174275,2.0910399850416326,0.0,1,-0.0072482984392695515
350.96875032,0.06571237532210716,0.24973268103394267,-1.533379267637983,0.0,1,-0.0021191345363993364
350.22500032,0.15752668542364745,0.11384899704516102,-2.597035997143429,0.0,1,-0.0018381397656128673
349.58123782,0.1366597416890727,0.03099401777019542,-3.576863041639342,0.0,1,-0.016287272839658917
343.88751282,-0.3596391253189495,-0.15510161641260892,-11.414668253752005,0.0,1,0.009014502953536008
346.98748782,-0.3194873817130315,-0.03831662426889698,-5.723308112364933,0.0,1,0.014121618709611372
351.88751282,0.1355478552326872,0.13890620422560726,2.0765951872755295,0.0,1,-0.022787857505195963
343.86875032,-0.3164603892305422,-0.10436734674587406,-8.488769260972909,0.0,1,-0.0066703866165956915
341.57501281,-0.7072376048595856,-0.16504818745830585,-11.00333625554196,0.0,1,-0.008581643533833283
338.64373781,-1.087962662269149,-0.18192441495595646,-14.09192485711067,0.0,1,-0.04353760564228171
323.9000003,-2.416306428284827,-0.5034227269905449,-25.10930176618419,5.99698313095746,1,-0.0465807348132935
308.81250028,-4.136411110602239,-0.7411758031026525,-31.546886062782484,13.510710041059099,1,-0.03883829184092369
296.81875027,-5.651241693377415,-0.7520021286259428,-34.97847380671449,14.597776921893512,1,0.030553199559497646
305.88751278,-5.1819899678168895,-0.09425013435513918,-23.495903690296196,0.0,1,-0.002656205193261263
305.07501278,-4.583239941051943,0.16816663080326943,-23.847685309721534,0.0,1,-0.026796729222446247
296.90000027,-4.58317930841514,0.05607575448002411,-27.22682586530683,0.0,1,0.01014651400222455
299.91250028,-3.950175715562125,0.22969311577768003,-23.346470801047786,0.0,1,0.020693535595234458
306.11875028,-2.7873051095054393,0.46418790727812187,-15.780570459988347,0.0,1,-0.03873084382827041
294.26251277,-2.9616141731849552,0.09662628119953531,-21.92726041022968,0.0,1,-0.054967968422952374
278.08750026,-4.149885233092675,-0.36388159290272837,-27.935180482455035,0.0,1,-0.013529869219156776
274.32501275,-4.711737619455448,-0.30857799308850087,-29.091682432195558,0.0,1,0.03752387508090993
284.61875026,-3.742207551848878,0.22031735817268983,-18.22180366740909,0.0,1,-0.011440787007269804
281.36248776,-3.2169470970582097,0.24852593765445263,-19.686133881337298,0.0,1,-0.029988006138178314
272.92498775,-3.3893629457413113,0.025370029657116877,-23.23672675269972,0.0,1,0.008770770751825196
275.31875025,-2.9936437496044164,0.14036307526467073,-20.628969385313045,0.0,1,0.04254159950735126
287.03125026,-1.5702721715690018,0.5212448844333619,-9.173971590840274,0.0,1,0.020337506820990114
292.86875027,-0.24127203408716014,0.6167483406384012,-4.297283042448072,0.0,1,-0.010136793349454498
289.90000027,0.1959382041609956,0.351319526295519,-6.33091615729154,0.0,1,-0.02332696620800878
283.13751276,-0.165325486228312,-0.003314721364596207,-10.751173937243621,0.0,1,0.016533441487027734
287.81875026,0.05792291742938005,0.07331122743103195,-6.363042430403162,0.0,1,-0.004820742216226637
286.43125026,0.04909520947239798,0.021494506491349968,-7.3769521091921675,0.0,1,0.02051103015005218
292.30625027,0.5301734222045411,0.16752423974116437,-1.722897228748991,0.0,1,-0.027432701157067974
284.28750026,0.05830224255362282,-0.10144897996991797,-7.999608816979986,0.0,1,-0.033350921167229486
274.80625025,-0.9725960349846332,-0.37744908583605796,-14.126993727491957,0.0,1,0.010734835933739806
277.75625026,-1.1611621700050705,-0.1886717402854985,-11.048010979706547,0.0,1,0.05832447512823058
293.95623777,0.19131723581847382,0.387935888512682,2.7845023920690295,0.0,1,0.024769843515608958
301.23748778,1.45838466991205,0.5516677742020861,7.584121767303785,0.0,1,-0.00612058616471578
299.39373778,1.816740497799458,0.30334120069649795,5.982972712863656,0.0,1,-0.01356908811828661
295.33123777,1.5059817027599252,-0.002472531447678339,2.41490835957687,0.0,1,0.03127848100238584
304.56875028,1.9948965391768638,0.16214743498975337,9.014618474195366,0.0,1,-0.0003694157719614788
304.45623778,2.063736537453906,0.07699581108893172,8.904057365237541,0.0,1,-0.03409759341998253
294.07501277,1.0610764076379269,-0.3085547729090157,-0.5865366710384521,0.0,1,-0.005865892799770567
292.35000027,0.3275722670934442,-0.34735297115116615,-2.0139965158047133,0.0,1,0.006926629034136544
294.37500027,0.10227250789671416,-0.19088424344929877,-0.1252845628580559,0.0,1,0.03785558386336807
305.51873778,0.9097447118069795,0.20552932015365555,8.98190416918667,0.0,1,0.010678600349381284
308.78125028,1.509544796111527,0.26844313481940096,11.270893480189237,0.0,1,0.03272952130621842
318.88751279,2.525837981087818,0.42824543993189756,17.511102348021026,-2.736529698190452,1,-0.0070754181631622615
316.63125029,2.6354762001519703,0.17929455299868335,14.916485757373366,0.0,1,-0.02256177336714915
309.48748778,1.8753587505047449,-0.19360763221618082,7.184811339240305,0.0,1,-0.015105578366138017
304.81250028,0.9494378381390334,-0.3731761815272976,2.627176147158991,0.0,1,0.003465245024497632
305.86875028,0.4953783954445612,-0.27574520807392333,3.5564171008539347,0.0,1,0.025235497261273165
313.58750029,0.8702963086436739,0.03305756837506313,9.937252509664752,0.0,1,0.032387292225001696
323.7437503,1.8315847403562202,0.3314486666958698,16.63831543520608,0.0,1,-0.0329736095294747
313.06875029,1.2700135603495255,-0.07670750443694163,5.748340043416974,0.0,1,0.06979301670882188
334.91876281,2.7042278836503897,0.45250227295464107,17.738575765777426,-5.964722800429172,1,0.006475413565379506
337.08750031,3.3767108466632862,0.374995078655846,18.674642852763895,-3.0272415232522007,1,0.017447250356632527
342.96875032,3.9216639251144443,0.3066493857023347,21.193129552866367,-2.8855902316023503,1,0.0010205011380000073
343.31875032,3.89650180391385,0.09382908816724678,21.345462179962595,0.0,1,-0.016384191089933386
337.69375031,3.0904622588207076,-0.23740348564196534,15.189622608824976,0.0,1,0.009698136246210076
340.96875031,2.7028206313724468,-0.20834837103007553,17.029916769885403,0.0,1,0.007258729745027281
343.44375032,2.490014765867272,-0.14038474551175018,18.431299041166156,0.0,1,-0.009062655841312939
340.33123781,1.9167345601257466,-0.23788831708442526,14.594863117845264,0.0,1,0.016399501103439462
345.91250032,1.935471786411199,-0.07305036359965777,18.152247460616522,0.0,1,0.03302858381651674
357.33750033,2.7356344181862937,0.24237075605847913,24.07656478439793,0.0,1,-0.007013712520195781
354.83123783,2.698890990891641,0.06854244292127554,20.86356740248337,0.0,1,0.00704560290488776
357.33123783,2.6639450280033543,0.011198826677663032,22.199994763202426,0.0,1,0.006611547633918136
359.69375033,2.6213526692256437,-0.010464510700015861,23.477366275727405,0.0,1,-0.014230821345391331
354.57501283,1.9550489757345986,-0.22558940139702033,16.1591005437773,0.0,1,-0.0007756468731535682
354.29998783,1.4360576310112378,-0.2481935820401271,15.768046893482534,0.0,1,-0.011395639708396743
350.26251282,0.7204342385652467,-0.32127232482870616,9.984661559769378,0.0,1,0.008511437538655686
353.24375032,0.5510228141285438,-0.1635612497551363,12.677337100725161,0.0,1,0.005714927746552467
355.26251283,0.5886287432327322,-0.041985106883649315,14.475904456050543,0.0,1,-0.002392632122170335
354.41250033,0.4875449375154517,-0.0476896375336433,13.054339729874279,0.0,1,-0.02102070328519212
346.96250032,-0.2244590443028187,-0.2532312064506379,1.908852142007575,0.0,1,0.011924919829042091
351.10000032,-0.2169644481866726,-0.0819122034448306,6.638488261928579,0.0,1,-0.0037382512070742724
349.78750032,-0.3045117794463863,-0.056486511568181436,4.740936612864012,0.0,1,-0.0071471965056295605
347.28750032,-0.5312427967890585,-0.09440584297028459,1.1164942293392173,0.0,1,-0.008926321843266916
344.18750032,-0.8586714057279323,-0.14061148396971945,-3.1567270634590443,0.0,1,-0.004612311599125785
342.60000032,-1.0831214263867537,-0.12168716820951364,-5.283736237662751,0.0,1,-0.025795351727219806
333.76251281,-1.841543610350584,-0.29336978405778136,-15.088959625211459,2.7332357752941903,1,0.020186471641995052
340.50000031,-1.5058354431366183,0.0141127943853947,-4.8928516502579384,0.0,1,-0.026193135100969656
331.5812378,-1.9557252817682524,-0.14525901474874647,-13.339581938050863,2.262203453780103,1,0.005108137363977194
333.27500031,-1.8765462184367152,-0.022026650472403153,-10.931930571729836,0.0,1,-0.024941864833149863
324.9625003,-2.37328616940124,-0.17292220047897588,-17.63956508887334,2.599946445680075,1,0.014020810080528578
329.5187378,-2.044195839100098,0.05205604327405533,-11.23647237165877,0.0,1,-0.01449079203167547
324.7437503,-2.107216645691153,-0.0036549211056664532,-15.085237839961579,0.0,1,0.00342581650600593
325.8562628,-1.8704162868457388,0.07771514591324924,-13.454256232348555,0.0,1,0.018604828883466595
331.91876281,-1.0909397493525717,0.2857305611354721,-5.094741614515122,0.0,1,0.014611933832665791
336.76873781,-0.20612525149323346,0.39018168633160344,0.680667237760737,0.0,1,0.002598222167800035
337.64373781,0.32637576839420035,0.30756090207301245,1.6957099802724969,0.0,1,0.02139833114294487
344.86875032,1.1675126734717196,0.38289926905017735,9.367975740865496,0.0,1,-0.012867213993388749
340.43125031,1.1209967357211212,0.11212777709985966,3.5622803322561296,0.0,1,-0.004828434517992086
338.78750031,0.8673432055357466,-0.04717525102850495,1.4898565047402812,0.0,1,0.011050437210860409
342.53125031,0.980217006648445,0.021899516694731114,5.816110626345981,0.0,1,0.004360916000067494
344.02500032,1.0794483241507464,0.0403769447323441,7.496584889007096,0.0,1,-0.004341980985714811
342.53125031,0.9146307883893314,-0.0414801970096903,5.165320350081096,0.0,1,-0.008721795448725533
339.54376281,0.5070454964762234,-0.1496884963075994,0.6056429126249796,0.0,1,0.003000312806717975
340.56250031,0.3458938508132974,-0.10361338065684184,2.105558358595104,0.0,1,-0.017654652213696664
334.54998781,-0.2645491679193128,-0.23801879979648408,-6.5472634929482325,0.0,1,-0.0028582798829545064
333.59375031,-0.6274113716256693,-0.2002936678342802,-7.786051392866753,0.0,1,0.02782201405564466
342.87500032,0.016879308323325404,0.14799900403823818,5.802561187194357,0.0,1,-0.008075063820389472
340.10626281,0.10688991343749876,0.0793365363841372,1.7675692264239515,0.0,1,-0.00959262694266394
336.84375031,-0.1288883184585643,-0.05214723183730863,-2.7094673032645886,0.0,1,0.03009559328522604
346.98126282,0.608755967964953,0.22849901819540291,9.41010947714318,0.0,1,-0.009312498530147484
343.75000032,0.6575765721796074,0.09243987413668575,4.936499309524741,0.0,1,0.01163636362553122
347.75000032,0.9605221599386482,0.13179515396524222,9.165786885423529,0.0,1,-0.014342163897657967
342.76251282,0.6163274821565778,-0.07079984127227601,2.3580179405379624,0.0,1,0.009317602948246462
345.95623782,0.6590132697525632,-0.009371351225430202,5.963168558557378,0.0,1,0.014922443753380144
351.11875032,1.0556477660711039,0.12908771503103678,11.232147103694068,-0.43479060396168734,1,0.01970487193775461
358.03750033,1.7425568678911532,0.2719989389503621,17.094854231917125,-3.984784817031425,1,-0.003456376772989933
356.79998783,1.8376723048102122,0.12237145862314036,15.137204397276065,-0.5448997618794351,1,-0.004992292771177742
355.01873783,1.5836531645355763,-0.04388256055049844,12.233178055165041,0.0,1,-0.0028167527328624153
354.01873783,1.241339164020303,-0.1287321870219238,10.549290421939027,0.0,1,0.001553625391049529
354.56875033,1.0125716084276633,-0.11916658087152121,11.191021961909527,0.0,1,0.00953626764020532
357.95001283,1.0955787382623043,-0.012053150345626706,15.071959124648586,0.0,1,-0.012920798559089675
353.32501282,0.660367407491151,-0.14908816037226003,6.486913797784474,0.0,1,-0.08432395510922486
323.5312503,-2.0950824185187003,-0.968179328794037,-20.94774820598647,3.719938578701999,1,-0.0015647638351182769
323.0250003,-3.3404046299803554,-0.7378338467518977,-21.211724297839673,0.8097741610515072,1,0.021650762304789906
330.0187378,-3.1018872248795333,-0.16643881388369186,-12.495377995384906,0.0,1,0.008295021453172735
332.75625031,-2.4960118777558478,0.14647884441333137,-9.336663506287394,0.0,1,-0.018782517245513608
326.5062503,-2.505906548547671,0.04552805787383596,-13.957860033663266,0.0,1,-0.006642292446185305
324.3375003,-2.4827575048979043,0.022892367174534023,-15.470810724954312,0.0,1,-0.002273865955425558
323.6000003,-2.3257448576649153,0.059968338135841126,-16.00991952515846,0.0,1,0.004442212604039986
325.0375003,-1.9336347959096543,0.15069279996370089,-13.850881668167212,0.0,1,0.007883705718986
327.6000003,-1.3629018653728622,0.24047524350016425,-9.966068460243285,0.0,1,0.01717032968513088
333.22500031,-0.49521024382340784,0.36938895501653957,-2.217282673746176,0.0,1,0.0222072173249781
340.62500031,0.5965697539366488,0.48705631759219886,6.078733922784842,0.0,1,-0.0046605504544742216
339.03750031,0.9604539399885539,0.28364683454803463,4.032524373335875,0.0,1,0.01242487927190461
343.25000032,1.41339987218214,0.24553092224720685,8.497414085831615,0.0,1,-0.0012017479959663957
342.83750032,1.4877145155970766,0.10661518855404784,7.885665964896859,0.0,1,0.005213840371405043
344.62500032,1.5498539610047715,0.05625154465391424,9.904546823195282,0.0,1,0.009521218707154722
347.90625032,1.725206686958245,0.07720142353579584,13.475736975652275,0.0,1,-0.002209611064167283
347.13751282,1.6050543676884104,-0.014316965244679514,12.03737724862426,0.0,1,-0.017860393305332067
340.93750031,0.8945559682461521,-0.2416051215623125,1.566172549621328,0.0,1,0.015270357485656971
346.14373782,0.8986135636711765,-0.07918250871242938,8.155885593314473,0.0,1,0.014715707503710096
351.23748782,1.2502370644111238,0.09081366400917257,13.547471299840055,0.0,1,-0.006939748986159344
348.79998782,1.118737392746823,-0.013562002551709362,9.473042105856997,0.0,1,-0.0007167431442944849
348.54998782,0.9389261075190802,-0.06445776259315061,9.04164243790094,0.0,1,0.004536687864744815
350.13125032,0.9025484976119742,-0.03361179083341892,11.02833239381389,0.0,1,0.02250945182070141
358.01251283,1.4659191936907519,0.17658630174845302,19.280245047644556,0.0,1,0.015659333959263444
363.61875033,2.0926310672559225,0.2677660584378745,23.6843088554034,0.0,1,0.01335533441439063
368.47500034,2.636288582600514,0.27047452459415533,26.87512825478953,-0.7822947677561842,1,-0.003239704183183423
367.28125034,2.588947458389441,0.07437780012769402,24.41082911788955,0.0,1,0.004764740912801768
369.03125034,2.495364608084742,-0.006401683392335045,25.680647845266407,0.0,1,-0.006469675665137675
366.64373784,2.0416667572586675,-0.15336651140613666,20.38600210271359,0.0,1,0.005079897207497908
368.50625034,1.7998883104074253,-0.1317149860857929,22.079138380413525,0.0,1,-0.021946676623634365
360.41876283,0.855051101947879,-0.35885073151511304,6.495168515317552,0.0,1,-0.0037977351380166224
359.04998783,0.1973136558891042,-0.3388627258579626,4.287937512443264,0.0,1,0.0038469921927806183
360.43125033,-0.0328926634643949,-0.18968968173715392,6.20638079624355,0.0,1,-0.00929445628516623
357.08123783,-0.4244224761857822,-0.1937398314861804,0.49555403333483383,0.0,1,-0.0038331263449121744
355.71250033,-0.6988803011976188,-0.15606588549933897,-1.7309003026606362,0.0,1,-0.012597919684696812
351.23126282,-1.151305647770414,-0.2028304106907114,-8.402939375164848,0.0,1,0.015160915538230402
356.55625033,-0.8378272245759604,0.036882670834580744,0.6107034446730353,0.0,1,0.011008115820063002
360.48126283,-0.28418470259737205,0.19684173093772306,6.15295133559092,0.0,1,-0.009899994446266103
356.91250033,-0.2810782580583009,0.06664939182559809,0.43525105246553153,0.0,1,-0.01327359648546833
352.17498782,-0.6508945567838964,-0.10105563563333253,-6.150478224099267,0.0,1,0.015049372310076858
357.47500033,-0.3398937839147038,0.06998171241195333,1.6907484949698173,0.0,1,0.006661339947693579
359.85626283,0.04236962617943618,0.1507483741686978,4.839085052835266,0.0,1,0.001059381312421781
360.23748783,0.2617392790448889,0.12337267567805019,5.356619789474969,0.0,1,-0.005881501985711912
358.11875033,0.17305104055719767,0.011561479063452978,1.6981061584405595,0.0,1,-0.009581319036878644
354.68750033,-0.17165149873306973,-0.1110470200756048,-3.7965692018450525,0.0,1,-0.0021673656367500183
353.91876283,-0.39375993515045593,-0.11105181883099702,-4.987492540904974,0.0,1,0.01269708750128773
358.41250033,-0.09752270042991995,0.061728471963179654,2.8981124119496258,0.0,1,-0.013601646135420697
353.53750033,-0.3475271913671918,-0.06275867299136406,-4.898202329947814,0.0,1,0.0156984761017418
359.08750033,0.018931162444800975,0.10123322694020957,3.7283963274449192,0.0,1,-0.014602986723795897
353.84375033,-0.23639642418629592,-0.05136478656362911,-3.879761301738597,0.0,1,0.015949801274536046
359.48748783,0.1259509428470551,0.10366086015657397,3.9229049817936072,0.0,1,-0.011405056194720431
355.38751283,-0.0450358688735264,-0.022441983854669185,-1.7206257650452699,0.0,1,-0.017973373513141544
349.00000032,-0.6590689948276918,-0.21215836993627818,-9.125794869012147,0.7942216484497635,1,0.026611747855255663
358.28750033,-0.13720480740244057,0.10323527249632436,2.61589454267812,0.0,1,-0.005616997517765454
356.27500033,-0.032547313072996076,0.06929758894192296,0.21495499009355257,0.0,1,0.0028945337142511907
357.30625033,0.10843121018120883,0.07009203739870931,1.4756486520909462,0.0,1,-0.002571288633074542
356.38751283,0.09332307929315675,0.01832796883688574,0.21688156909729628,0.0,1,-0.009943565311420932
352.84375032,-0.21732145192532926,-0.0974388541272001,-4.546759760455451,0.0,1,-0.018191515349722742
346.42498782,-0.889430471540777,-0.256515957914216,-11.83325416038236,1.9005188035275182,1,0.011907339669571693
350.54998782,-0.8076157753868074,-0.05823375392008212,-5.482307846106558,0.0,1,-0.019166310750094562
343.83123782,-1.2593029460275602,-0.16997364152027838,-12.460282095584787,1.9560102217760686,1,-0.12655187415745894
300.31875028,-5.006245247512254,-1.3056386476683244,-32.35852084129313,25.759502500322014,1,-0.015816528290595877
295.56875027,-6.858362628461919,-1.0525853428726633,-33.42422039850029,17.374852652508025,1,0.006830052223572025
297.58750027,-7.044661933231623,-0.4129615492141223,-31.110435706774414,6.004981860470195,1,-0.0039694207549990645
296.40625027,-6.649193924513838,-0.005831180165445815,-31.445021891913363,0.0,1,0.01440164472278016
300.67498778,-5.541632300612093,0.36724348124543305,-26.037142798836477,0.0,1,0.0008314625764047623
300.92498778,-4.505215463610227,0.4678867727490994,-25.71001773099026,0.0,1,-0.040084740383270034
288.86248777,-4.616780757308447,0.1187738263502931,-30.262386927537648,0.0,1,0.016725129445837927
293.69375027,-3.8852264660485503,0.2834427058700637,-24.083469517495214,0.0,1,0.00017024536597753936
293.74375027,-3.191513781581193,0.3257184634458068,-24.0179449440829,0.0,1,0.002659631053535172
294.52500027,-2.513593790882453,0.3345461513815158,-22.898560269508305,0.0,1,0.0147695441677691
298.87500027,-1.6026676462928435,0.41515743199037525,-16.661576274791834,0.0,1,0.02973655374979889
307.76251278,-0.2730228943069619,0.5816007279920857,-5.819967816570262,0.0,1,0.004020916936315011
309.00000028,0.5176753478781961,0.4574329900590814,-4.449926931586695,0.0,1,0.004409344688561134
310.36248779,0.983425482480925,0.30772770822060347,-2.8626877131202377,0.0,1,-0.016492771231629955
305.24375028,0.707786967075549,0.010696397605075791,-7.976293652312336,0.0,1,-0.0017813223022623559
304.70001278,0.46567400378319235,-0.07713885522909358,-8.507563655641619,0.0,1,-0.017927550938253822
299.23748778,-0.14939906151158766,-0.23073730684129123,-13.63878729768689,0.0,1,-0.011550148798672666
295.78125027,-0.7325054648663354,-0.271281236732013,-16.547175852721374,0.0,1,-0.009318541988324047
293.02500027,-1.1927040444714976,-0.2438266054457251,-18.761193217930895,0.0,1,-0.014034638669774502
288.91250027,-1.6661196639014406,-0.23908074162522275,-21.849876225095898,0.0,1,0.011962964554216304
292.36875027,-1.475963334957953,-0.016308137560578473,-15.776804615403897,0.0,1,0.03260009833882016
301.90000028,-0.4636173917397173,0.33201260188588577,-2.2456534334370275,0.0,1,-0.019356575040013646
296.05625027,-0.4057888049856615,0.12994706287998048,-8.115355596871979,0.0,1,0.0008866558289535309
296.31875027,-0.321183777859801,0.0715173633352803,-7.761005081108692,0.0,1,0.005188711475730301
297.85626277,-0.12398990780855002,0.08957041112884379,-5.556437595724731,0.0,1,-0.017793859530469414
292.55625027,-0.456728188798877,-0.08105595662049442,-11.224809371650473,0.0,1,0.0002777670958149514
292.63751277,-0.5782647718941121,-0.06753084657190989,-11.092068376566573,0.0,1,0.0030327195293569087
293.52500027,-0.5168870407838995,-0.002051038487232426,-9.525988883784883,0.0,1,0.013882974180228658
297.60000027,-0.10354092183018793,0.13709836015549307,-2.641382450490646,0.0,1,-0.003339171703959809
296.60626277,0.028949089465868383,0.08986279048384982,-4.08041947484179,0.0,1,0.005457529739536282
298.22500027,0.22767646265845087,0.09619672122547746,-1.2612303172056514,0.0,1,0.009933774858975175
301.18750028,0.5549421115331938,0.14115412336674016,3.6518717677551535,0.0,1,0.0094625440874887
304.03750028,0.9098297600094725,0.1653472572810063,7.958963914119387,0.0,1,-0.0012128026959188354
303.66876278,0.9807263125801455,0.07874793661722645,7.194883477327416,0.0,1,-0.016527095062576325
298.65000027,0.5162171869837948,-0.12858706299304146,-2.3124788221333077,0.0,1,-0.0015067386559289853
298.20001277,0.20344556693697768,-0.14711956101328622,-3.089326422597807,0.0,1,0.0013623406525919979
298.60626277,0.06396012633547343,-0.0955350005382635,-2.2357366192009422,0.0,1,0.011155953257972584
301.93750028,0.26649052134007434,0.035665131488779145,4.438609008294151,0.0,1,0.015504036417002931
306.61875028,0.7356523420640428,0.16827565073758255,12.016519252902548,0.0,1,-0.013738559680884443
302.40625028,0.5578872239207158,-0.003163155801914841,3.1738015241952766,0.0,1,0.0026454066318379876
303.20623778,0.48917968785565336,-0.023956897288992418,4.5415118947796245,0.0,1,0.013357286214337849
307.25625028,0.751561987501816,0.07947513411905671,10.956357638555026,0.0,1,0.004902300599670006
308.76251278,0.9456448466997927,0.09118599777234448,13.107696365840184,0.0,1,0.01141650091606694
312.28750029,1.2576314982404142,0.13439088310432212,17.73105557856799,-0.7720406097304817,1,0.009706600479318261
315.31875029,1.5614263658240475,0.14606191689598513,21.181782852592363,-1.227982501167503,1,-0.0069374244252463635
313.13125029,1.4009132691305126,-0.004817059932516576,15.560303389477497,0.0,1,-0.009959841111711665
310.01251279,0.9440191566895351,-0.15390372412449804,8.270456024948146,0.0,1,-0.004032095345927966
308.76251278,0.5327371699115702,-0.18839523696748772,5.521140744778073,0.0,1,0.008582607668723652
311.41250029,0.5035337048632869,-0.07253290067192364,9.970040136646652,0.0,1,-0.006763537134953257
309.30625028,0.2714499961005572,-0.10153886981155114,5.102661782563587,0.0,1,-0.0025460607384658607
308.51873778,0.06716126704412773,-0.10194253295599354,3.3052972694591602,0.0,1,-0.011243239308445174
305.04998778,-0.32964236973776906,-0.16624872324596346,-4.032817567543027,0.0,1,0.011350680671055047
308.51251278,-0.21203024065056297,-0.016212198052919125,3.124316541669046,0.0,1,0.002106843233498079
309.16250028,-0.08138936438604105,0.03814289273720094,4.38458410005228,0.0,1,0.014515020437264381
313.65000029,0.36467185494501564,0.1614013706894192,12.183785644235847,0.0,1,-0.003905667141295588
312.42498779,0.4552287683651457,0.08398609470318313,9.117932889869664,0.0,1,-0.0035408099327303155
311.31875029,0.37038503604480866,-0.0002858792057179871,6.331241933550679,0.0,1,-0.00447696294778821
309.92498778,0.1809508743808692,-0.06324001362321915,2.8441426176876163,0.0,1,0.0003428652551096256
310.03125029,0.08000976318385256,-0.05472704160674527,3.0901385482814874,0.0,1,-0.014353432132527044
305.58123778,-0.3479626485133167,-0.16089981776797155,-7.2795699002159395,0.0,1,-0.0027406378286972677
304.74375028,-0.602742591985816,-0.1385599204134903,-8.955968509342036,0.0,1,0.008798334658336682
307.42498778,-0.4564675560565661,0.0025717051719199024,-1.734341661024061,0.0,1,0.004716638391924377
308.87500028,-0.22445670008727348,0.07819418704707082,1.8124529288187219,0.0,1,-0.08360991500312165
283.04998776,-2.2418309237619383,-0.6463933455425315,-28.014816302466894,12.146283290840586,1,-0.015279942367166677
278.72500026,-3.4241144169524773,-0.6095589462443569,-30.142051576057177,9.539836685476644,1,-0.026235536830850337
271.41250025,-4.339288296301675,-0.5082442751978515,-33.196445812415774,9.25278985994197,1,-2.30276792491102e-05
271.40625025,-4.435788711284488,-0.20158156339355493,-33.19889995651363,3.3118397809146813,1,0.003523270002511625
272.36248775,-4.0347034011688265,0.06650124890736908,-31.183279560912,0.0,1,0.03042824501444219
280.65000026,-2.8073094201802746,0.431298409965307,-15.826279499206706,0.0,1,-0.01178068767837892
277.34375026,-2.2351908113376453,0.33447233960264544,-18.470096657574025,0.0,1,-0.01336333523479627
273.63751275,-2.0717187318048786,0.16598147304513722,-21.24127123902929,0.0,1,-0.009341829540511215
271.08123775,-2.030362381054715,0.06911260793176677,-23.056091654118433,0.0,1,-4.606552671693187e-05
271.06875025,-1.8415279655917516,0.08598234113157677,-23.06531739499913,0.0,1,-0.020635908804836567
265.47500024,-2.0597959282276292,-0.04409520716810045,-26.987204446734246,0.0,1,0.011700678057036784
268.58123775,-1.7384271230266108,0.09242453267763939,-20.640797584881774,0.0,1,0.02841323751401914
276.21250025,-0.796935251840523,0.34463880128790914,-7.664833695418402,0.0,1,0.007806489597858013
278.36875026,-0.0800905444274349,0.3538278362336658,-4.520668069867881,0.0,1,-0.0037719751194029705
277.31875026,0.19750602131472306,0.210474800658608,-5.823922464978082,0.0,1,-0.005769534185841696
275.71875025,0.18651213490960572,0.06649363808449689,-7.86808084120419,0.0,1,0.0012467414700245705
276.06250025,0.1941183471312229,0.024699950102038015,-7.235849912817777,0.0,1,0.0037582069243755623
277.10000025,0.2682032576477127,0.032928286872842605,-5.21292257605127,0.0,1,0.01646517504829914
281.66250026,0.6631037756019964,0.14260960160904212,2.9179918260431847,0.0,1,0.013446988848369035
285.45001276,1.1209214282790185,0.20014241809535482,8.5484999714186,0.0,1,-0.0006787966065460171
285.25625026,1.240273260594222,0.10649808347018608,8.153188615442765,0.0,1,0.013584277317212567
289.13125027,1.5195097392023627,0.12857818735944226,13.612470916312816,-0.8533444219405624,1,0.003047966967171689
290.01251277,1.6059407085728594,0.07166971890997975,14.773734630832891,0.0,1,0.003986896940950224
291.16876277,1.6116819675436886,0.025803659293603065,16.33976224516495,0.0,1,-0.00596737261054503
289.43125027,1.3354530580671167,-0.08347508339432297,11.755768401037074,0.0,1,0.0153749810908419
293.88125027,1.4568841818232272,0.01265201345392919,18.040172527390922,0.0,1,0.024648561292511362
301.12500028,1.999838562716036,0.18520213144891273,25.362585635829987,-1.3853535113615294,1,0.01021174760362209
304.20001278,2.3609135812694717,0.18209238333411637,27.765399122093655,-0.5965757164274805,1,0.01791580299485873
309.65000028,2.7988739171070733,0.20668423972390615,31.347709526666407,-1.591549026768007,1,-0.01307928304969408
305.60000028,2.447114591933598,-0.048358361816522866,21.796581814254054,0.0,1,-0.013457174398665006
301.48748778,1.724599338352391,-0.25695787179924334,13.39819429717243,0.0,1,0.0038351508665053213
302.64373778,1.3159792666991166,-0.2218593144841725,14.688550724705252,0.0,1,-0.013567891872208193
298.53750027,0.6598178328142126,-0.29267358278969224,6.788699506012165,0.0,1,0.0018423146489219278
299.08750028,0.3225856306372634,-0.20996859498888054,7.560033802366696,0.0,1,-0.012977013437092566
295.20623777,-0.1963511488376639,-0.24296845815460266,0.4928983411242953,0.0,1,0.001460927801722356
295.63751277,-0.40351735950537204,-0.15004488960743695,1.232154081928627,0.0,1,-0.0018181471456842901
295.10000027,-0.5182667265470968,-0.08826475221638724,0.194213171857335,0.0,1,-0.009043544552891358
292.43125027,-0.7548483495223195,-0.10828212506387003,-4.851788383307358,0.0,1,0.03528607151415164
302.75000028,0.049660702283574665,0.2320756422473414,11.692663275009053,0.0,1,0.0269405450122433
310.90625029,1.1274643371629054,0.43662642570889076,19.715134443146027,0.0,1,0.010091506674676065
314.04376279,1.833870168172325,0.3810107522394368,22.20326107416126,-0.20613872303653125,1,0.006826238104379989
316.18750029,2.2128953613293447,0.2533453151321521,23.835214071509,0.0,1,0.004032417470110516
317.46250029,2.3242500111304025,0.12156665497773655,24.812442133651743,0.0,1,0.006044020941834871
319.38125029,2.346135668436716,0.047817437428016696,26.292986061696027,0.0,1,0.030156004778786327
329.0125128,2.9641724005534797,0.22195138984826013,32.14613728904091,-3.900821559050428,1,-0.025682951806567322
320.56250029,2.3220086907324458,-0.1400707733242581,16.210442515680512,0.0,1,0.014154806023459088
325.1000003,2.185551112427504,-0.09217611720973329,19.71568732811606,0.0,1,0.0063057520704652426
327.1500003,2.106026397239418,-0.05723361079927303,21.214686941100283,0.0,1,-0.0091318966751045
324.1625003,1.6418035065420895,-0.17381883383220065,15.930460139000047,0.0,1,0.002641383562897115
325.0187378,1.344228227314943,-0.15713137101978236,16.7169246840661,0.0,1,-0.0008076072837422954
324.7562503,1.061547610425123,-0.1466039959698675,16.196426404618364,0.0,1,-0.0033679105451847047
323.6625003,0.7405991677781003,-0.15585081287229674,13.888751586792168,0.0,1,-0.0154288417885029
318.66876279,0.10226355663974118,-0.264728808003552,4.28792841920567,0.0,1,-0.005648537635884465
316.86875029,-0.37542725364937723,-0.24747320609755685,1.206069115021947,0.0,1,0.029467997400987933
326.2062378,0.1951369048434799,0.10769698413176677,13.235606947967057,0.0,1,-0.012032226993790474
322.2812503,0.1370752836862721,0.016545120991519655,6.706123440765467,0.0,1,-0.0010084747396799099
321.9562378,0.06953715780048242,-0.016997668298090005,6.172469243125768,0.0,1,-0.01894659675390198
315.85626279,-0.4783579191258127,-0.18829758174146172,-3.0429705872837687,0.0,1,-0.015295762880637054
311.02500029,-1.1150475059951077,-0.2749957228702523,-8.966984343466308,0.0,1,0.019311148603487815
317.03125029,-0.8399508405968277,3.364750934253813e-05,-0.21598433441019438,0.0,1,-0.012656520441847952
313.01873779,-0.9667826461812865,-0.04226605269170547,-5.155951516145819,0.0,1,0.011600783153231431
316.65000029,-0.6470281201250714,0.09249615778816989,-0.15191576934717688,0.0,1,-0.05441729826059993
299.41876278,-1.8691683062532434,-0.37654800944666733,-16.281233965265237,6.808755268043967,1,-0.01241989638682861
295.70001277,-2.6343702079628883,-0.3805833037187707,-18.709094183927526,5.57334481986436,1,-0.004185026873713804
294.46250027,-2.9005663498207923,-0.21559314852555822,-19.52055792694672,2.6993826673199806,1,0.006134015361357603
296.26873777,-2.6414307665979777,0.014514144899085313,-16.71476450544276,0.0,1,0.0031433454876463873
297.20001277,-2.214137494436727,0.14726913902011196,-15.20712307345213,0.0,1,0.002418405010487845
297.91876277,-1.756083567153098,0.20177435543458033,-13.9674909365949,0.0,1,0.00092302847072534
298.19375027,-1.3578006812485341,0.2000190804463815,-13.454683804272264,0.0,1,-0.013602691190969907
294.13751277,-1.383528973192199,0.0580969295009055,-17.698748568279782,0.0,1,-0.0035485528186137705
293.09375027,-1.3680792463980538,0.024515552098350213,-18.736801481195524,0.0,1,-0.0064612005484779855
291.20001277,-1.404159237467809,-0.0038548129904683037,-20.638961856933363,0.0,1,0.0025325805894880205
291.93750027,-1.2437286715470464,0.05219191764343134,-18.82693541900824,0.0,1,0.00978381501985326
294.79376277,-0.8218474576244148,0.15802437718868767,-11.98459134843528,0.0,1,0.0019716750264267002
295.37500027,-0.49398310419439895,0.16196291020623454,-10.621926021691337,0.0,1,0.0006982225977536505
295.58123777,-0.2716992104632254,0.12808226797913602,-10.101020680485497,0.0,1,0.00991698601073221
298.51251277,0.10635725394098472,0.16871291079444875,-2.9198666727325815,0.0,1,-0.004040911011758408
297.30625027,0.18600050664798573,0.08278538783381659,-5.358752494579122,0.0,1,0.0013453719847351664
297.70623777,0.24365438244751658,0.04681308787778249,-4.321961277006842,0.0,1,0.009552201631048751
300.54998778,0.4891559559766847,0.09743822046898354,2.6790525170236137,0.0,1,-0.012102770447166233
296.91250027,0.2680197872431904,-0.041232649421503564,-5.476325188908952,0.0,1,-0.011198585431655306
293.58750027,-0.14196661272717392,-0.1504063497972893,-11.525868362444704,0.0,1,0.0043641163156527
294.86875027,-0.22835842831841546,-0.07893272179617697,-8.143414878290926,0.0,1,-0.008753894733288803
292.28750027,-0.46762863375414554,-0.10606764241063571,-12.729978342177937,0.0,1,-0.01796176711337405
287.03750026,-0.9857946844925323,-0.2080778977163409,-20.12744080284149,1.9434752704837592,1,0.02048952664607495
292.91876277,-0.6726229436540052,0.03503128104072872,-6.234486441699509,0.0,1,0.00648639739575807
294.81875027,-0.3016528695969214,0.13533378503260418,-2.5010217852860706,0.0,1,-0.014330838849736294
290.59375027,-0.44311342676860477,-0.0020422573796930465,-9.19462738243569,0.0,1,0.010796902882752368
293.73126277,-0.21545821145707578,0.075204319310612,-3.0286406196182867,0.0,1,0.013937059206413194
297.82501277,0.2574700804867689,0.18271087041815226,3.928711703085554,0.0,1,-0.0021195751630420645
297.19375027,0.4198731780847993,0.11503798933872755,2.7430924140520077,0.0,1,0.016760909357866893
302.17498778,0.8811884212100836,0.19211774415467064,10.380101668531118,0.0,1,0.022027799351963973
308.83123778,1.5931011743385284,0.30134349909437175,18.04699742618007,-3.66128676445328,1,-0.010280655295180074
305.65625028,1.551716828041208,0.08665305093235043,11.717299272656192,0.0,1,-0.0034351906726530768
304.60626278,1.3142159608891575,-0.050282605406566594,9.677514433398805,0.0,1,0.0009437593218744045
304.89373778,1.1099037805723242,-0.0848649285744667,10.078892349081215,0.0,1,-0.0006969231363922468
304.68125028,0.8975484170329082,-0.0990734307046276,9.591719707260914,0.0,1,-0.02254405219778921
297.81250027,0.14417919967712578,-0.28414754935347003,-3.8495124414193214,0.0,1,-0.018551941221375712
292.28750027,-0.7049370089738431,-0.3777545860014797,-11.592094997807727,0.0,1,-0.0073344309901030025
290.14373777,-1.249397237551534,-0.3074049381930569,-14.182717099547304,0.0,1,-0.003274196118452921
289.19375027,-1.4966765403777913,-0.18489474700643815,-15.334009846388753,0.0,1,-0.008428605416694768
286.75625026,-1.6987181475927287,-0.12897878474045843,-18.244071392776423,0.0,1,0.0016346635847517277
287.22500026,-1.6191166055674557,-0.016459080905061763,-17.041539267851277,0.0,1,-0.006201584118330938
285.44375026,-1.5928269507575123,0.0032768579682938004,-19.3238447463677,0.0,1,-0.0020800945876697785
284.85000026,-1.496425710789424,0.03322603264546076,-20.09093406979935,0.0,1,-0.005507284530693823
283.28125026,-1.4542521149062395,0.02513320950954845,-22.136389445532366,0.0,1,0.0020959735226211418
283.87500026,-1.2624984740558034,0.07229561678666152,-20.11972005251017,0.0,1,0.011074372512974717
287.01873776,-0.7994353224592601,0.1784529227944016,-10.216117566002971,0.0,1,0.0015026022459920796
287.45001276,-0.4653445531227476,0.17084789737697137,-8.947061852958136,0.0,1,-0.001195860096506629
287.10626276,-0.288166289027572,0.11600872049071564,-9.69925084008073,0.0,1,0.011080348716249633
290.28750027,0.08953982627230062,0.1645716119301961,-0.23474752168469593,0.0,1,-0.0030357834876815204
289.40625027,0.19749373173289086,0.09084183913026214,-2.5501389316318424,0.0,1,-0.011877767003280026
285.96875026,-0.051445460681236455,-0.0526991177612884,-10.51276008136886,0.0,1,0.01549557427506043
290.40000027,0.197642899001778,0.06546308064057538,1.2135497191962372,0.0,1,-0.0019369834692735122
289.83750027,0.25884183725980847,0.042220672966201966,-0.14896848812305308,0.0,1,-0.0042480269076743404
288.60626277,0.16526802828383325,-0.017117712003257762,-3.178526748482909,0.0,1,0.00015154730039546038
288.65000027,0.10835357977225613,-0.024677386838278303,-3.051273000979066,0.0,1,0.01242850336616752
292.23748777,0.36982418220208046,0.07893107186384868,6.447029412098992,0.0,1,0.004983147477459093
293.69375027,0.5910960099001841,0.10006763318731743,9.701260610961256,-0.24177944764403492,1,0.010746738727325233
296.85000027,0.9154947562575444,0.14148879318155927,15.846694909377874,-1.8253633570639636,1,-0.012969513210369765
293.00000027,0.6805695664147038,-0.03114546555376041,4.568276959502768,0.0,1,-0.005546075080213542
291.37500027,0.3709761742921387,-0.11357961922544185,0.5108647345792292,0.0,1,-0.0037323037288451433
290.28750027,0.0946397970398607,-0.12997199882590663,-2.13553527814301,0.0,1,0.16785088057419006
339.01251281,4.00900267032705,1.2614636248204278,35.551058912114286,-24.059443842663995,1,0.03480693798642576
350.81250032,6.615432843610051,1.2892979327011433,37.90386782517518,-20.873810281005262,1,-0.006930340275167812
348.38125032,7.164757693284059,0.6128742607917168,34.744727721839226,-8.321059675738582,1,-0.007032525423654623
345.93125032,6.638190310347397,0.028768959285017992,31.46653774724912,0.0,1,0.011020975978531355
349.74375032,6.1394324263500835,-0.15666297490409864,32.62841972483406,0.0,1,-0.003538304827084837
348.50625032,5.2753091154889376,-0.3402620952550812,30.801507151475874,0.0,1,0.0029590574029967343
349.53750032,4.489575867100939,-0.37533178121435995,31.186657699117163,0.0,1,-0.004559596605631544
347.94375032,3.5897654206485186,-0.4250474092222598,28.482993985098886,0.0,1,0.0021735194246323974
348.70001282,2.9037349540349737,-0.37035929194526807,28.85427307256775,0.0,1,0.0030828433050702486
349.77500032,2.4083240995586266,-0.28859004880720507,29.415259535224337,0.0,1,0.005878743472571779
351.83123782,2.13127812235723,-0.18854534200286732,30.513963340158753,0.0,1,-0.0014211358920205308
351.33123782,1.77348195689342,-0.18211383582222584,29.36939293814099,0.0,1,-0.004144913242089987
349.87500032,1.3254405860870975,-0.2100517355428495,25.87870586625604,0.0,1,-0.0029832440129914373
348.83123782,0.9039863101766059,-0.21050200381778028,23.310950309148183,0.0,1,-0.00041205455365256327
348.68750032,0.6059488547066962,-0.16951315309589665,22.933303745502684,0.0,1,-0.0066499372586400485
346.36875032,0.2132052224128529,-0.1874189284632467,16.768365074315057,0.0,1,-0.0012089355624985698
345.95001282,-0.03582848726847487,-0.14548421271485817,15.654802080971109,0.0,1,-0.004227561629722931
344.48748782,-0.2792367181701252,-0.12963081453883618,11.66370237220631,0.0,1,0.0072934797019763575
347.00000032,-0.168295065440077,-0.0062297206029293395,15.649551997676042,0.0,1,0.004863112387446078
348.68750032,0.04182534971164387,0.06796356484959717,18.122886055226317,0.0,1,-1.7924359187793115e-05
348.68125032,0.14287927814484647,0.05633916442759994,18.102706644903606,0.0,1,0.0009320833847581422
349.00625032,0.2085829691826575,0.040680951821803674,18.639441811317013,0.0,1,-0.01318027971069935
344.40625032,-0.15928043273027015,-0.10906081669704132,4.276327057439353,0.0,1,0.012448961062745845
348.69375032,0.027352902374104815,0.025857506135777884,12.420233200830232,0.0,1,0.008316753590618342
351.59375032,0.3600568280617722,0.11952047727448178,16.85671367450884,0.0,1,-0.008585867915037015
348.57501282,0.24484259690046883,0.0014354153710594841,8.824624855277506,0.0,1,-0.003048124394816165
347.51251282,0.07829026491145896,-0.05503897220598347,6.184868028239876,0.0,1,0.014513829902327968
352.55625032,0.40880136850762483,0.09182404379672748,14.570734330419384,0.0,1,-0.00035455335109368935
352.43125032,0.5295734729301103,0.07086538273973764,14.232208592820783,0.0,1,-0.004132011558787063
350.97500032,0.4244742357304858,-0.011411284819962286,10.15017760254917,0.0,1,0.011663936195647873
355.06875033,0.6776975983198099,0.08060402592312066,16.750326051738824,-0.5545029467061227,1,0.02719543750618869
364.72500034,1.5525219805878123,0.3184761360637076,26.814666744982603,-6.1404810728979555,1,0.014394406731389031
369.97500034,2.298057340006153,0.3546704984940161,30.398833094898208,-6.573031326176817,1,-0.016639637825103137
363.81875033,1.9662994072148194,0.007637521900894173,16.920183725225854,0.0,1,-0.0012197007427393602
363.37500033,1.5995829902178684,-0.11969296503201887,16.03355677363352,0.0,1,0.00233918128442534
364.22500033,1.3537595325346388,-0.12183880757174959,16.965082974472296,0.0,1,-0.003552062595450045
362.93125033,1.0102220093151004,-0.1551254435970959,13.996885645779514,0.0,1,0.006147858603995138
365.16250034,0.9402055810957677,-0.07504729060547621,16.815496056945946,0.0,1,0.01670492587360517
371.26251284,1.3351812768947866,0.1066428017311809,23.191012547779025,0.0,1,0.011531597890803047
375.54376285,1.778174852553036,0.18321212579647672,26.68424077416327,0.0,1,-0.011350241787140392
371.28125034,1.4962810268360727,-0.032893899973495566,17.023192984799337,0.0,1,-0.008248463926458727
368.21875034,0.9754356950746228,-0.18457974391164855,10.898393622215806,0.0,1,-0.00938637018568067
364.76251284,0.3457069296043187,-0.2714361697939842,4.637419567334746,0.0,1,-0.018727973049676994
357.93125033,-0.5672382397644924,-0.3947937797209318,-5.426510100453704,0.0,1,0.00371932458753621
359.26251283,-0.8655024294685632,-0.23101932314166762,-3.3006714091298193,0.0,1,0.0014438954287596673
359.78125033,-0.8992811968648766,-0.08826603017932699,-2.430039866648279,0.0,1,-0.006080083378423917
357.59375033,-1.0235221474909508,-0.0708356602684671,-5.811967352973845,0.0,1,-0.0016604037387456527
357.00000033,-1.0498282771796994,-0.032380596652405336,-6.739514396749321,0.0,1,0.0033788165234875933
358.20623783,-0.8749758605924285,0.04749060664495519,-4.172677494061794,0.0,1,0.0024951059071844917
359.10000033,-0.6401547889161066,0.09410389277375908,-2.2275023534687435,0.0,1,-0.003341687549142991
357.90000033,-0.5693980206682454,0.054953553673873445,-4.6564095582977245,0.0,1,-0.003649762500127496
356.59375033,-0.5954239681553304,0.009642535395596119,-7.283250185447251,0.0,1,0.0006309701159703529
356.81875033,-0.5400682778859505,0.021666075221658643,-6.655089926308243,0.0,1,0.012191098410542889
361.16876283,-0.10488370126074642,0.15228355061562093,4.146360873686497,0.0,1,0.01735680976638232
367.43750034,0.643843687990227,0.3003369799555315,14.870495426374546,0.0,1,0.007824459934926864
370.31250034,1.2041370752831995,0.28687678908283465,18.611392425290035,0.0,1,-0.0018565400826836553
369.62500034,1.3266473459894428,0.13646235326302603,16.72350995605632,0.0,1,-0.02603990531253686
360.00000033,0.47526520167673425,-0.23830659701656087,-3.275513326784683,0.0,1,-0.00937499999140623
356.62500033,-0.27128130395266226,-0.3282843675486525,-8.161341425300542,0.0,1,-0.006940063085060677
354.15000033,-0.8281977814379502,-0.29506694834464686,-11.446221428564776,0.0,1,-0.022306932098372756
346.25000032,-1.6959728725607874,-0.3876140131558281,-19.8434018664639,2.1673917741468927,1,0.012707581215692487
350.65000032,-1.6218626787421044,-0.10450127311238178,-11.54756021552113,0.0,1,0.03914159420354957
364.37500034,-0.30590235693762224,0.4038196828973668,6.400975087309888,0.0,1,-0.2202229845766701
284.13125026,-6.309409506290535,-1.8665624888185155,-30.513842702517994,35.7780357851089,1,0.023250654420993166
290.73748777,-8.234859162942826,-1.2640040484902686,-25.96571940928047,15.55419163405844,1,-0.014145019761790611
286.62500026,-8.854053020190406,-0.62773263524595,-26.86948314458702,7.690883685093183,1,-0.005647623195923601
285.00625026,-8.56070803046498,-0.11146254850684123,-27.243729475830616,0.0,1,0.006556873746786929
286.87500026,-7.544914033063492,0.3014438162982156,-25.67321014326845,0.0,1,-0.0217864923549822
280.62500026,-6.929107531607485,0.30575010591807406,-27.382116691555687,0.0,1,0.007126948768452435
282.62500026,-5.877111986578825,0.4525818836489117,-25.496439070075958,0.0,1,-0.012383900917400048
279.12500026,-5.1530215485162785,0.39222410723715306,-26.604965546168987,0.0,1,-0.010277653407354426
276.25625025,-4.6006203679419855,0.3148750959371487,-27.530704369291172,0.0,1,0.009502047492588872
278.88125026,-3.722284746159687,0.39773690590648236,-24.532212355723328,0.0,1,0.0004258084754327207
279.00000026,-2.9630307064218755,0.385663648548098,-24.387604615199987,0.0,1,0.025089605711386076
286.00000026,-1.7531511276844753,0.5318477424284995,-16.000421086856136,0.0,1,0.009178321704942816
288.62500027,-0.7833654101754064,0.5005444866458562,-13.038912184340305,0.0,1,0.013858813326143249
292.62500027,0.100141232760393,0.46135037652721855,-8.58786516531439,0.0,1,0.00262703972418854
293.39373777,0.5976109098315874,0.31960668453280433,-7.717628225120414,0.0,1,0.0033871718174811605
294.38751277,0.8793594225479069,0.2004517324163747,-6.51193312652763,0.0,1,0.003481762831430979
295.41250027,1.0323693520271036,0.11782055396519042,-5.190689720297662,0.0,1,0.0032581559653714898
296.37500027,1.103051870764432,0.06283435756750633,-3.8764301723359367,0.0,1,-0.013918177971293466
292.25000027,0.702722140902722,-0.11249845743140119,-8.573959012612484,0.0,1,0.005132591954197352
293.75000027,0.5689970975632832,-0.08207450025694663,-6.25889739288548,0.0,1,0.0008510638290049055
294.00000027,0.47555148442995687,-0.05850670446342432,-5.8501186382101835,0.0,1,-0.007653061217461454
291.75000027,0.20169938749415905,-0.11078626713307405,-8.840760715763686,0.0,1,0.007712082255073582
294.00000027,0.2354650567350518,-0.02567353263072708,-4.722107698939169,0.0,1,0.010544217677391332
297.10000027,0.49105913662759804,0.07664018242060638,0.5741349269110287,0.0,1,0.008625042099196456
299.66250028,0.7914762493549006,0.12568576504930296,4.6090466084313775,0.0,1,-0.005923288727623599
297.88751277,0.7278128257722756,0.020674113822225948,1.3807802173792183,0.0,1,-0.011099072160681067
294.58123777,0.35980712849999463,-0.11577719448335166,-4.220381385676738,0.0,1,0.0014215518380262804
295.00000027,0.18071722748879893,-0.09828903183151583,-3.401135625959256,0.0,1,0.0008474576263430844
295.25000027,0.09694584135917239,-0.060686805987047454,-2.8712273023227866,0.0,1,8.467400500311584e-05
295.27500027,0.04906466151442146,-0.03618932861059947,-2.812997065969128,0.0,1,-0.006858013709756583
293.25000027,-0.14771465020083951,-0.07765621344195348,-7.068471819399754,0.0,1,-0.002557544754678509
292.50000027,-0.2962947518750525,-0.07541210503872217,-8.604749992930962,0.0,1,0.027350427359368767
300.50000028,0.32077309411079113,0.18055191364904052,8.848192076535689,-0.8140431576928222,1,0.04330287020923529
313.51251279,1.6869519684277634,0.5155769293220043,23.247225105832612,-8.071572356311663,1,-0.007176747045841592
311.26251279,2.0419620748839407,0.2901956785927271,18.633423467125382,-2.8188311903932686,1,-0.01088313680833608
307.87500028,1.767010912705075,0.005081505471287162,12.090814296374418,0.0,1,-0.01822976043815072
302.26251278,1.0145771305568587,-0.2491174255589763,2.821311033017423,0.0,1,0.013398907667216298
306.31250028,0.8913111036030159,-0.12412781750427304,7.8647883565749055,0.0,1,0.015588655394850548
311.08750029,1.1533188323258514,0.04595997040618749,13.040681935918172,0.0,1,-0.006710330720629987
309.00000028,1.014254459826759,-0.031034800697634868,9.49090291062138,0.0,1,-0.016828519402226627
303.79998778,0.4268666935916485,-0.20614085564424856,1.4692534877341572,0.0,1,-0.02197165167377746
297.12500027,-0.4586483731585531,-0.3638853074648168,-6.8325599938398085,0.0,1,0.00883466557043211
299.75000028,-0.6444352079370788,-0.18322404741444753,-3.0907614690051233,0.0,1,0.009591326096128228
302.62500028,-0.444042357998228,0.005722934174801075,0.8474183628604663,0.0,1,0.014456836004798301
307.00000028,0.05774093013769743,0.1691687407702422,6.32520557391306,0.0,1,-0.004438070028525476
305.63751278,0.19028020502753407,0.10056933855335962,4.233788137083195,0.0,1,-0.028669623798134203
296.87500027,-0.4895162171131915,-0.193075694529122,-7.138728990010428,0.0,1,0.011789473707172649
300.37500028,-0.49695474259078765,-0.06683807333557273,-2.273891096695671,0.0,1,-0.00840615899341246
297.85000027,-0.6696777776136855,-0.07985370278615689,-5.3229979878093445,0.0,1,-0.004112808456906425
296.62500027,-0.8023161469906768,-0.07083069072104942,-6.810398787754565,0.0,1,0.013485040055150499
300.62500028,-0.4684423185966011,0.08768104589100878,-0.687887758009694,0.0,1,0.025841954237885156
308.39373778,0.38492624715013335,0.3136832038792478,8.876188735891098,0.0,1,0.010477717651663498
311.62500029,1.0488052185943388,0.3258540584411511,12.174578041886939,0.0,1,-0.020056157253698248
305.37500028,0.7725109352668937,0.016519925037902006,3.033020697508789,0.0,1,-0.014244780993897588
301.02500028,0.20748788233095183,-0.18283437596601332,-2.381385408586901,0.0,1,-0.0005605431437356589
300.85626278,-0.10637575933128574,-0.16556600587608364,-2.590004581553103,0.0,1,0.025822090018052357
308.62500028,0.39295185811522515,0.1112538705234758,7.038398319525754,0.0,1,-0.00405022275857736
307.37500028,0.5057030119955357,0.07466834146792878,5.230608522218979,0.0,1,0.006567669778482443
309.39373778,0.6881647962693478,0.08571004191391363,7.639771767090053,0.0,1,0.01044385233258227
312.62500029,0.9913204978838621,0.12962191450947602,11.339753174771957,0.0,1,0.0009996001590086845
312.93750029,1.086329973867464,0.07487713016435937,11.699240765840301,0.0,1,0.012722228867778851
316.91876279,1.3750790890370013,0.12120874844463225,16.15427807552939,-0.05107204259456921,1,0.10613914819643933
350.55625032,4.2079876833686285,0.9847057809254198,33.82099788558702,-19.671027986195554,1,-0.02084187628470635
343.25000032,4.664922173587115,0.4805467570479687,24.44310845524808,-5.570912432768409,1,-0.004624908983306808
341.66250031,4.372354236730757,0.06265960673053694,22.485261720085177,0.0,1,0.00314634327450225
342.73748782,3.951289707741637,-0.11946830741952752,23.01915796146477,0.0,1,0.01912914470401672
349.29376282,3.9578395509352617,-0.03763948807530104,26.15465453070705,0.0,1,0.018107931441247782
355.61875033,4.158376802454143,0.05429925448119377,28.796018495164745,0.0,1,0.011037135967543188
359.54376283,4.239198403009084,0.04504028501204527,30.300602484821184,0.0,1,0.007492064328407544
362.23748783,4.150819753035819,-0.01444612165373993,31.311800446661266,0.0,1,0.0034853170707511705
363.50000033,3.8659381569628977,-0.09977590590888719,31.798357466666687,0.0,1,0.0005330123791584818
363.69375033,3.4174816791795024,-0.18274412789742733,31.87880571858159,0.0,1,0.00015466309209033469
363.75000033,2.9131508003562203,-0.22902500224023647,31.904605284426523,0.0,1,0.0031786941826832393
364.90625034,2.514576961748162,-0.2091996136160983,32.47448485315044,0.0,1,0.01055065512419362
368.75625034,2.4265752956317783,-0.09906709324416063,34.30337560133117,0.0,1,0.007440551848192811
371.50000034,2.409005687937622,-0.0388789003127723,35.50144758372544,0.0,1,-0.001009421264217436
371.12500034,2.168220410095728,-0.09322139271822216,34.52175599864965,0.0,1,0.01246210846955309
375.75000035,2.2525594045001185,-0.0029607994379436953,36.622314798680605,0.0,1,0.0009148369918292598
376.09375035,2.135661451327337,-0.03995291753690822,36.77058107582077,0.0,1,-0.007228915682512382
373.37500034,1.6726781862969915,-0.16764539418908453,29.06945528366998,0.0,1,-0.005406729154768475
371.35626284,1.1335685799237467,-0.2355850001874431,23.674741623764746,0.0,1,-0.004695692989433509
369.61248784,0.6242351450768524,-0.24830614501144588,19.146809729483806,0.0,1,0.021272312945777916
377.47500035,0.9727582080636239,0.03340563932510854,26.41013013480108,0.0,1,0.02225312932568091
385.87500035,1.7659565555517247,0.2755346622710697,31.562551500507396,0.0,1,-0.001781665045355152
385.18750035,1.9581010163331598,0.15589304101750168,29.974056474024152,0.0,1,-0.031218562386041815
373.16250034,0.8889148278627772,-0.3044310491509603,8.015309916991662,0.0,1,0.0049073794883771615
374.99375034,0.43284966463897945,-0.2534987374582527,9.87931381493091,0.0,1,0.0020167003031765773
375.75000035,0.23176711180718712,-0.15152709676334836,10.680329428112259,0.0,1,-0.0102461743351
371.90000034,-0.20892142475929631,-0.1974052111099439,4.522836796249273,0.0,1,0.019091153545331974
379.00000035,0.17981109318742483,0.06377576894559242,12.351069451296105,0.0,1,-0.006926121365635529
376.37500035,0.1404430943950956,0.008135923384421068,8.23322754986092,0.0,1,0.007970773821880384
379.37500035,0.3590555037993681,0.07558277759623122,11.464929888913133,0.0,1,0.008896210864939302
382.75000035,0.7196904165182332,0.1454058967716988,14.86330531234934,0.0,1,0.019268452000668956
390.12500036,1.454617005667842,0.2934441619737693,21.059992565086674,-2.0685322623433535,1,-0.015059275884854006
384.25000035,1.211278882270335,0.016702012858754056,11.465281807739828,0.0,1,0.01088158752424584
388.43125036,1.3371074145489956,0.047510181712471455,15.182824935201822,0.0,1,-0.0072245732221574155
385.62500035,1.0547418953092347,-0.07828511250909642,10.808173065041736,0.0,1,-0.015883306306491596
379.50000035,0.31524731108027026,-0.2725932322460203,2.2964117818143706,0.0,1,0.020750988149504934
387.37500036,0.5754794105424708,-0.004120377594606595,10.2459334964488,0.0,1,-0.031042271697514723
375.35000035,-0.3444444914383098,-0.30801475985846244,-3.0332762739511736,0.0,1,0.00606100971860557
377.62500035,-0.5861194014755142,-0.18322988996522233,-0.6848524055301652,0.0,1,0.049652432949676584
396.37500036,0.9043864277954867,0.4357586464352596,13.93855345527647,-2.2058475055602003,1,-0.016083254479243192
390.00000036,1.0430238067813775,0.1914653418070501,7.654498769765169,0.0,1,-0.01666666667692307
383.50000035,0.4837571782092027,-0.1226004289217082,1.8781633937421915,0.0,1,-0.012679237276563948
378.63751285,-0.24139652592765515,-0.28258471101952204,-2.1099468062536175,0.0,1,-0.011323528082909595
374.35000034,-0.9411497100020938,-0.3274459650313203,-5.464202632728856,0.0,1,0.007746761072167985
377.25000035,-0.9709304920391446,-0.1190755823561237,-2.69066154232695,0.0,1,-0.0003313452614553958
377.12500035,-0.915326675387746,-0.021157255234908412,-2.80369300617793,0.0,1,-0.0023201856126958686
376.25000035,-0.8841642107797156,0.0033350697910407012,-3.66472590181921,0.0,1,-0.006644518292822421
373.75000034,-1.0032359617440534,-0.03857889372443235,-6.2013819395350325,0.0,1,0.011354515066593907
377.99375035,-0.6255230062475903,0.11304468725734362,-0.9413589203204253,0.0,1,-0.003273863652121678
376.75625035,-0.4876646113120273,0.08363436073096886,-2.3852520352889144,0.0,1,-0.004628290860151929
375.01251284,-0.5234081554015688,0.01596360554714249,-4.482691789372666,0.0,1,0.0047331420932008594
376.78750035,-0.3497469553295218,0.06320826853972983,-1.8970840207677213,0.0,1,-0.0010947815403028471
376.37500035,-0.26814577568268305,0.04826981606218955,-2.479417799516071,0.0,1,-0.0006642311518233468
376.12500035,-0.22583303788570674,0.030194184619721953,-2.863681871984049,0.0,1,0.004021302754649625
377.63751285,-0.059814540830132046,0.0654042272250989,-0.13825997625153974,0.0,1,0.005924960905270948
379.87500035,0.21463654443351743,0.11328510416291615,3.7786043079802596,0.0,1,-0.007239223422089602
377.12500035,0.10480904169588712,0.001152533808428613,-1.4056318007137492,0.0,1,0.0051541266110601835
379.06875035,0.20314037018573572,0.03316128743275906,2.2122705825900937,0.0,1,0.0024566783707180573
380.00000035,0.3129818369151849,0.04766758472073607,3.937998476178784,0.0,1,0.02631578947576174
390.00000036,1.1751540847036495,0.3032799441697336,17.808414675110626,-2.4597890255326433,1,0.010576923067159738
394.12500036,1.8520607015392443,0.32672885366844273,21.71252683154509,-5.160646373519569,1,0.03973993023962863
409.78750038,3.341383953162108,0.6053507017637689,31.287044834039506,-12.532715974838652,1,0.009669645844066821
413.75000038,4.137805249543362,0.4672573327150076,32.91281437818115,-9.115368883397366,1,0.015921450160603756
420.33750039,4.740157127772022,0.3565364036478895,35.275781618702396,-7.975114318651492,1,-0.02776040086638354
408.66876288,3.6739251804053765,-0.23656518123958525,17.03149781664743,0.0,1,0.011974826423024165
413.56250038,3.2424602333549615,-0.22267670942999995,20.020334492702403,0.0,1,0.006891340480293273
416.41250038,2.994022740383457,-0.1570380674671683,21.68157944593925,0.0,1,0.002311409957966415
417.37500038,2.70051043219911,-0.1501834585505053,22.25841436254619,0.0,1,-0.00569032643986267
415.00000038,2.1307950754236913,-0.23996627177530794,18.43641899177358,0.0,1,-0.0033132530090144163
413.62500038,1.5537878074172795,-0.27232451326057316,16.184490808429075,0.0,1,0.005741915981427814
416.00000038,1.333718522796005,-0.164131265960616,18.19315030622235,0.0,1,-0.0009014423068688382
415.62500038,1.081290670252315,-0.13885303950143535,17.48982885683337,0.0,1,0.0006015037588484873
415.87500038,0.8858025214594818,-0.11144706276475624,17.73631545032724,0.0,1,-0.0009918845797970421
415.46250038,0.6798665702747826,-0.10579433798315185,16.80768714170391,0.0,1,-0.0077022294360458154
412.26251288,0.2535774221595375,-0.177361162032799,9.747417216447332,0.0,1,-0.00791367732469428
409.00000038,-0.2525746454113573,-0.22783774320123126,3.3593852765429943,0.0,1,-0.005180317868047735
406.88125037,-0.6611652929125285,-0.2121427969008008,-0.46241344459264866,0.0,1,0.015929064079768462
413.36248788,-0.2702603830870771,0.059587370974883536,9.417104101559325,0.0,1,0.01271586719674933
418.61875038,0.38573564541621863,0.2385277998260598,15.503013442076863,0.0,1,0.0035981427220657114
420.12500039,0.8071098567165222,0.21996733704212112,17.07512750898286,0.0,1,0.0008925914897992548
420.50000039,0.9817878076402735,0.13154842932195743,17.485027567049954,0.0,1,-0.00830856125269841
417.00625038,0.6961652982988085,-0.051358026673169244,9.780728538152175,0.0,1,-0.0006144991826056989
416.75000038,0.473986102103197,-0.0911790742895936,9.229674002121712,0.0,1,0.0059988002584774325
419.25000039,0.5317309963301113,-0.011144726687559725,12.933484563757624,0.0,1,0.015533720915782423
425.76251289,1.0590019020827413,0.17204205968835673,20.65080911178974,-1.6368325471723324,1,0.009717829505269338
429.9000004,1.5791778222854873,0.23073932663036767,24.41155897057004,-2.9410489090378746,1,-0.010961851606455575
425.18750039,1.3149592963630994,-0.011159733097340085,14.028531249015472,0.0,1,-0.01425841539188999
419.12500039,0.568061758704971,-0.2526857569184895,3.3814237089233785,0.0,1,-0.00016403220980865107
419.05625039,0.14154534331714785,-0.2264007241021042,3.269809961472191,0.0,1,-0.006398305734623078
416.37500038,-0.3069458104865248,-0.22496395930192564,-1.15570190605753,0.0,1,-0.007505253670724743
413.25000038,-0.7660292365144983,-0.2280157951099664,-5.900189216418674,0.0,1,-0.0013914398051331212
412.67498788,-0.9796528881523159,-0.14721314891592796,-6.758919363695057,0.0,1,0.008663022002776577
416.25000038,-0.7069092649584832,0.041843491425968216,-0.029140483815851326,0.0,1,0.007522522539679111
419.38125039,-0.2506908471150382,0.16602063642313775,5.146463494465756,0.0,1,-0.004485775194409625
417.50000038,-0.15846156843372228,0.0860833050348179,1.5840855474514441,0.0,1,0.0024550898181245895
418.52500038,-0.013725131723560935,0.0769399139149931,3.406238947795835,0.0,1,0.0050176214278556674
420.62500039,0.23478684844178588,0.10848396469344665,7.083106587371837,0.0,1,-0.0038632986591222718
419.00000039,0.20406060115431046,0.025919239135323735,3.4561726263720445,0.0,1,-0.007458233907139178
415.87500038,-0.08872424008558255,-0.0889552007015231,-2.933752511541485,0.0,1,0.0009017132543609474
416.25000038,-0.19647297403173525,-0.06556797821589194,-2.1033243321050534,0.0,1,0.013078078090162926
421.69375039,0.21967124099779767,0.11685874560454701,8.418556004923339,0.0,1,0.0009188836676892187
422.08123789,0.4417280367627541,0.11297184712316782,9.072232687211432,0.0,1,-0.0052122371299843095
419.88125039,0.3326134732483865,0.0012857612029334442,3.7425461046351103,0.0,1,0.004152959910404208
421.62500039,0.39565090205377373,0.021441063336106903,7.147534214723642,0.0,1,0.023124814707337737
431.3750004,1.206698708785325,0.2774962900225527,20.59484058182956,-2.0505550935182555,1,0.002607939725197017
432.5000004,1.6054143864189996,0.2254039892187425,21.732097189724726,-2.4151572654839697,1,-0.0008670520223195144
432.1250004,1.6397376930342489,0.08657576527799726,20.719100802502,-0.5293360367212472,1,0.01680650851785348
439.3875129,2.1254639135890443,0.19076732861093082,27.543320799132346,-3.939328742057512,1,0.013911381936316358
445.50000041,2.700578990234021,0.25529413508530263,31.561906274174618,-5.125214608071246,1,-0.0272166105473427
433.3750004,1.752671611870312,-0.23087108109280208,8.492016387718863,0.0,1,0.006057109887688927
436.0000004,1.3514119550326313,-0.21071024597682753,11.136296101842468,0.0,1,0.011983944966069915
441.22500041,1.4735811311944076,-0.02951368993835035,15.93572328676784,0.0,1,0.009306447948743468
445.33123791,1.7540537500091204,0.08365297629212076,19.251494043165536,0.0,1,-0.017023817025681454
437.7500004,1.1163491210823508,-0.1846838842115497,7.72487688846212,0.0,1,-0.005539663044623944
435.3250129,0.5023854215287429,-0.2662158612550526,4.500820324213187,0.0,1,-0.004938896080602384
433.1749879,-0.025630630042144276,-0.26474397094197993,1.658500593521353,0.0,1,0.005425088164468406
435.5250004,-0.09166839499067692,-0.11026057863017087,4.537910137751091,0.0,1,0.02209976465452068
445.15000041,0.6850350896175996,0.22214763532603526,14.233036106081187,0.0,1,-0.014124480521642058
438.8624879,0.4923411986202382,0.009817914776224623,5.6231869531732315,0.0,1,-0.014497679057613677
432.5000004,-0.17524147176339966,-0.21925491853580442,-1.6618635386330922,0.0,1,-0.007976907530194643
429.04998789,-0.7819303934749655,-0.2753146134157901,-5.197217507393617,0.0,1,0.004632356522777714
431.0375004,-0.8544879457078309,-0.11595738854955184,-2.728697048119976,0.0,1,0.031232781364746387
444.50000041,0.30231560781800226,0.34694872165876056,10.54964375624833,0.0,1,0.030371203594033336
458.00000042,1.980524418096138,0.6750525106456322,19.193455524792782,-6.005416277296263,1,0.007614601521401365
461.48748792,2.945209080060522,0.5465790575366722,21.016280107668933,-4.837233295543513,1,0.007069557887050548
464.75000043,3.453993363537677,0.35178778033794256,22.695593121472584,-3.440663654433763,1,0.001062399138339165
465.24375043,3.461698558314822,0.11983099170502909,22.95905140967585,-0.04777546135852617,1,0.005118284765349701
467.62500043,3.3755137758437854,0.011215403077997621,24.288471940793897,0.0,1,0.003875968988684031
469.43750043,3.2021702366212708,-0.05404271204817235,25.314848599714153,0.0,1,0.0006656903202528763
469.75000043,2.8746926139583024,-0.1271734449037134,25.50219080316694,0.0,1,0.003193187862963187
471.25000043,2.596396084796936,-0.1351566580216934,26.455192556553072,0.0,1,0.0070291777336390915
474.56250044,2.516923147316504,-0.07154319850070845,28.506780100787793,0.0,-1,-0.00834979587794249
470.60000043,1.937234748799881,-0.21707719900577738,20.358224037801634,0.0,1,-0.006799829998036855
467.40000043,1.2192876538082373,-0.3116747646658069,14.363725495191403,0.0,1,-0.014495079169377645
460.62500042,0.19412346766176825,-0.44561298360409207,3.6173884053672296,0.0,1,0.008955223894141273
464.75000043,0.009114419783372796,-0.21020734382749587,8.324672902913896,0.0,1,-0.004841312529140884
462.50000043,-0.27164963913782003,-0.16365713424956294,4.94511134614671,0.0,1,-0.0020540811007929705
461.54998792,-0.4685619078368859,-0.12018980098287624,3.4910149943989524,0.0,1,-0.018253683719000047
453.12500042,-1.230053508200001,-0.29389380044866387,-7.5728207068301,0.0,1,-0.014275862077802293
446.65625041,-2.04735735019824,-0.3703992141489676,-13.936413572305,0.0,1,0.002392779680165713
447.72500041,-2.196333658680885,-0.17312517421053775,-12.223152727189373,0.0,1,-0.005527946837307618
445.25000041,-2.294044008032074,-0.09027850785390878,-14.659842628400696,0.0,1,0.002526670407555498
446.37500041,-2.0579788487050337,0.048595550491044026,-12.619882809178826,0.0,1,-0.0017642117037841576
445.58750041,-1.8340730316494387,0.09083378918221308,-13.51515482214738,0.0,1,0.008780542534070124
449.50000041,-1.243239037150886,0.2272225945602553,-6.098216274093176,0.0,1,0.0011401835362236934
450.01251291,-0.8015094118056822,0.22298407330181957,-5.160687528580972,0.0,1,-0.003972139548834019
448.22500041,-0.6628115231492302,0.1205606539860905,-7.888050870520345,0.0,1,0.01631435105875645
455.53750042,0.07114671560810848,0.2848396309144764,4.650126669948548,0.0,1,0.003800428062242567
457.26873792,0.5764667336860612,0.2633865496641431,7.0947086458644435,0.0,1,0.006519716422253241
460.25000042,1.0295263899178622,0.2388154019653147,11.106234332891816,0.0,1,0.019391607825867574
469.17498793,1.9140113113739972,0.37443344114048327,20.3328015333948,0.0,1,-0.011229791944463274
463.90625043,1.7576913711541806,0.07270450030688891,10.862451474856904,0.0,1,0.010629841687688213
468.83750043,1.943994620114779,0.08633591642249572,15.669671733959817,0.0,1,-0.00021332018003739073
468.73748793,1.866812317918857,0.003051204742191116,15.488404392739227,0.0,1,0.008800234899530857
472.86248793,2.0164034736610006,0.05088078682811159,19.363805804201917,0.0,-1,0.006502974096044722
475.93750044,2.1794164712269435,0.07129792813135172,21.970814921895894,0.0,-1,0.004556822057507626
478.10626294,2.2600351390743754,0.05063886532626105,23.72309886838198,0.0,-1,-0.006954547048920956
474.78125044,1.8349238364085636,-0.12482414577985024,16.627540594678052,0.0,-1,0.0003422628839058195
474.94375044,1.4829995320416174,-0.15891615004893223,16.80105075102196,0.0,-1,0.005829637714855673
477.71250044,1.4141832521879678,-0.07591080996752719,19.77598089069042,0.0,-1,0.002668943138028901
478.98748794,1.3681754662455319,-0.04063953196998771,21.100978939266085,0.0,-1,-0.02390456493810178
467.53750043,0.27699132525384584,-0.3772745576538913,-0.5364232388927448,0.0,1,-0.018367483896162384
458.95001292,-1.0073073148465141,-0.5538577325847505,-10.542754886938248,0.0,1,0.0010213530598193188
459.41876292,-1.5264518586594704,-0.35766742546590224,-9.808937302936748,0.0,1,-0.0011019630473563247
458.91250042,-1.7010083506776255,-0.17740797249468576,-10.38514097209184,0.0,1,-0.08544654480780645
419.70001289,-4.914243194963547,-1.1302142722602024,-32.265887017600015,17.3984301910632,1,0.010885691826741706
424.26873789,-5.730613267526223,-0.6488614482742934,-26.776068415950594,6.943236732884941,1,-0.01284560235831711
418.81875039,-6.115412823180407,-0.34455366797615916,-28.663292986859766,4.972101191902425,1,-0.023518526811007745
408.96875038,-6.619028199909167,-0.28272301490163976,-31.65668667467144,5.683127235025211,1,0.009566745616540695
412.88125038,-5.993208538281067,0.11436554890882,-26.895523014252763,0.0,1,0.0007871209935081946
413.20623788,-5.153782370943588,0.3179305720820995,-26.483936265245987,0.0,1,-0.009029964114635747
409.47500038,-4.61552388136289,0.28539635388759965,-27.987019092663257,0.0,1,-0.006532785902723104
406.79998787,-4.184685355625618,0.23874495987495692,-29.05351654403672,0.0,1,-0.0016900197160765185
406.11248787,-3.677833979788204,0.24853211190412372,-29.33936055644254,0.0,1,-0.005494136641063463
403.88125037,-3.303858585220496,0.2075025021572774,-30.308374725827612,0.0,1,0.009764658563345296
407.82501288,-2.5129024633349673,0.33281954134760205,-23.53503131748945,0.0,1,0.006191350261154804
410.35000038,-1.6976002387809217,0.38270725530054905,-19.372698391309743,0.0,1,0.009488850972082963
414.24375038,-0.8240032732721261,0.41876807360311497,-13.23936779454177,0.0,1,0.0024442130969295484
415.25625038,-0.2341628510784517,0.3362028319322632,-11.664205222955239,0.0,1,0.004846374974870171
417.26873788,0.24797822260831026,0.2727813018730084,-8.448986661000447,0.0,1,-0.006620403709214573
414.50625038,0.23817661590101125,0.0876598983885698,-11.509899922454451,0.0,1,-0.006830445855531497
411.67498788,-0.022510780444406464,-0.05767583265228264,-14.488902023753205,0.0,1,-0.011796289920376624
406.81875037,-0.555665039413384,-0.19694336387375344,-19.053573705545507,0.0,1,-0.01639243519118716
400.15000037,-1.3316659156134278,-0.3243147466912657,-24.12790727268581,0.0,1,0.010605366727667098
404.39373787,-1.2550494024123395,-0.0825660778300592,-16.426478475648224,0.0,1,0.007619461459095422
407.47500037,-0.8553818206107735,0.10570050132383557,-11.28943916778723,0.0,1,-0.03144364684548939
394.66250036,-1.6519745454924077,-0.23029740785259967,-21.479753924721727,2.8285231757924407,1,0.011006239523739136
399.00625037,-1.5506271949755046,-0.042983352445232104,-15.031118917916302,0.0,1,-0.0028508325344407393
397.86875037,-1.465526253469136,0.014039196353712091,-15.925571658885964,0.0,1,-0.010147850280388448
393.83123786,-1.6373079707601619,-0.052580840312437926,-19.047946877225257,0.0,1,0.006982686327633436
396.58123786,-1.35758983184229,0.07571243286847795,-14.570147855169012,0.0,1,0.0009298851654959694
396.95001287,-1.0738670255631746,0.11981174638253123,-13.952194690183958,0.0,1,0.0007714762314423584
397.25625037,-0.8169969119600182,0.12556061999522916,-13.392417149771433,0.0,1,-9.439750781781164e-05
397.21875037,-0.6236037791617832,0.10631791759782139,-13.435962776600746,0.0,1,0.000959798598743955
397.60000037,-0.4431693978325484,0.09558409964235204,-12.59486157942247,0.0,1,0.012229627755218964
402.46250037,0.08918690931812989,0.20931346893101013,-2.693843657698494,0.0,1,-0.013293195005948388
397.11248787,-0.09790155454970773,0.007408335021057505,-10.359257649591505,0.0,1,-0.0036985742198085703
395.64373786,-0.30568315777111366,-0.06679108940011616,-12.226315920604918,0.0,1,-0.030898947310840086
383.41876285,-1.4028482804009172,-0.3879854040099733,-23.68761594174548,1.4017301615083966,1,-0.0006683619186895751
383.16250035,-1.8558820266824227,-0.2803397167638262,-23.87226237070453,0.16959947783345797,1,0.015055622626771958
388.93125036,-1.4470128967662959,0.042843137717433644,-12.842021176487641,0.0,1,0.02045673237271517
396.88751286,-0.4589720487443856,0.34362799524644805,-1.140255930855382,0.0,1,0.02839277416111341
408.15625038,1.0123575059952827,0.6049858499953722,10.449553142456956,0.0,1,-0.0034147155867449985
406.76251287,1.5475143653654868,0.3800475697885255,8.623765306080081,0.0,1,0.005639009096034986
409.05625038,1.8772780571034673,0.23660375384216858,10.78937977980683,0.0,1,-0.02899967913698942
397.19375037,0.8971783973805145,-0.24783196862692813,-3.2662624370085,0.0,1,-0.051140029270546505
376.88125035,-1.3603446339293441,-0.8351183333122624,-17.544073622847954,3.048337650520409,1,0.03553838244158203
390.27500036,-1.2595982625901456,-0.2447906539910214,-5.190519981761078,0.0,1,0.011178047520276513
394.63751286,-0.7407158467046884,0.09136392063147858,-1.7642131015368676,0.0,1,-0.013683506570029813
389.23748786,-0.8695504015365714,-0.012490211400134843,-5.558796969137603,0.0,1,-0.014242558034373909
383.69375035,-1.3234832713245055,-0.15547436039602291,-9.218318414013893,0.0,1,0.008242283089352487
386.85626286,-1.1766167244413737,-0.0028692711709636942,-6.280766328225155,0.0,1,0.012666170798876886
391.75625036,-0.5967997656297257,0.19231589588022813,-1.8526344941674324,0.0,1,0.012523731262721327
396.66250036,0.15169619424523262,0.3136039519183955,2.320871495273771,0.0,1,-0.07840418489717216
365.56250034,-2.0783638436710703,-0.6388186953326358,-16.608448662257146,5.172304235494323,1,0.0050948538164274915
367.42498784,-2.8649895839899386,-0.47514814521716797,-15.042604848046707,0.0,1,0.018286045376221916
374.14373784,-2.4596574888169016,-0.023272016681377128,-9.441643963708465,0.0,1,0.008035046977815874
377.15000035,-1.8014981079955987,0.21162912137997525,-7.0013310346294375,0.0,1,-0.010837862935719977
373.06250034,-1.6629185760853034,0.11673621776342347,-9.512435160593725,0.0,1,0.018981370423310606
380.14373785,-0.8649491362897379,0.3049018858529964,-3.4984818442150285,0.0,1,-0.01252812298562489
375.38125035,-0.7907592800344787,0.12636391403608516,-6.7634960807320255,0.0,1,-0.005527713512769483
373.30625034,-0.860684412737271,0.01881292711109761,-8.184821893653279,0.0,1,0.029700781864492543
384.39373785,0.10003401447272608,0.32651045144036495,1.3167446721186664,0.0,1,0.0384372157117856
399.16876287,1.8033091452050485,0.6765951940575625,10.795898707359775,0.0,1,-0.005730690181147691
396.88125036,2.314044905970718,0.3957769849410775,8.82552534502237,0.0,1,0.0037637202781564127
398.37500037,2.501054878356058,0.19426231910880576,9.771501101111149,0.0,1,0.01793219326856632
405.51873787,2.9814500830190127,0.22488584125725364,14.148391233612244,0.0,1,0.0008323289862581795
405.85626287,3.001320595098889,0.0815854511123768,14.352003945162508,0.0,1,-0.0019557724559600143
405.06250037,2.694998926547271,-0.07491207247974696,13.410975405748147,0.0,1,0.022033605929572708
413.98748788,3.0610038075591888,0.09703093617739045,19.062883400420546,0.0,1,0.0014191854034251161
414.57501288,3.037883014101851,0.024636714240017454,19.408520976463493,0.0,1,-0.025342247322177824
404.06875037,1.897643823698047,-0.3718674920545957,6.7998884703114655,0.0,1,-0.008893907278672897
400.47500037,0.8699080765213125,-0.4665344130771101,3.1315864494059795,0.0,1,0.0023253636285403
401.40625037,0.36115202988952433,-0.3250968199029661,3.9871894094641647,0.0,1,-0.008952899952821891
397.81250037,-0.2228011625838917,-0.3030166707921274,0.06804115449183001,0.0,1,0.012851500380819836
402.92498787,-0.07017037027191009,-0.050128626160048616,5.2078266751464355,0.0,1,0.009973971883065813
406.94375037,0.3468894317400668,0.12231039195064275,8.902682063683223,0.0,1,-0.010597287699046887
402.63125037,0.16713688010105443,-0.019147386562789886,3.6281671763676044,0.0,1,-0.0017851321757551553
401.91250037,0.0034366976064461596,-0.06094918968579939,2.7533768789691706,0.0,1,-0.0014306596571906915
401.33750037,-0.12661645177473702,-0.06366744635566088,1.999402079616388,0.0,1,0.010978914245336702
405.74375037,0.18609584451593264,0.08301494997833626,7.207006780188088,0.0,1,0.030653583693299513
418.18125038,1.3634023397849546,0.4201071484157861,18.071161345402373,-0.4171345917035296,1,-0.0009864442741637225
417.76873788,1.8040626841040535,0.2869224975782949,17.44019873899822,0.0,1,-0.009514773700328383
413.79376288,1.5428063825882532,0.008555398687498217,11.351551782362876,0.0,1,-0.00533179254477989
411.58750038,1.0997558249479766,-0.14483171965092612,8.115791213100195,0.0,1,0.010310656898185666
415.83123788,1.1402290190488884,-0.03478617518333804,12.358704957830824,0.0,1,-0.03048108548703532
403.15625037,0.009197572011942157,-0.3886058740734281,-3.330570752112621,0.0,1,0.00012399038822819008
403.20623787,-0.552918990840908,-0.3169074789754261,-3.271838742317904,0.0,1,0.0012246214309790115
403.70001287,-0.7467527730305505,-0.1702470870550229,-2.6356242176698217,0.0,1,0.003003436862387243
404.91250037,-0.6803996413728441,-0.034631318465772165,-0.9746391969859545,0.0,1,0.003781681223970157
406.44375037,-0.46291893876292534,0.06094979471471551,1.1868310577676553,0.0,1,-0.015638695377192202
400.08750037,-0.8452895092277117,-0.10714025858335696,-7.186337648582068,0.0,1,0.010310244624451403
404.21250037,-0.6222840020244575,0.03862174953996578,-1.152682497122214,0.0,1,0.035794909872297165
418.68125039,0.7468049200791711,0.46923689054786494,13.752342219913672,0.0,1,0.009792652515919764
422.78125039,1.71078230445778,0.47773809164215786,16.79837107099044,-0.4683820722356131,1,-0.008884618219315632
419.02500039,1.7371849712756102,0.16804691948666273,11.534548911236001,0.0,1,0.005638118245453461
421.38751289,1.8024969320782134,0.0777862934297553,13.542264285519977,0.0,1,0.000326273313267178
421.52500039,1.6964021264730036,-0.009436170725151571,13.664896425776043,0.0,1,-0.0013492971934613296
420.95623789,1.454591004797635,-0.08374909746684,12.695555387631508,0.0,1,-0.00782441786944299
417.66250038,0.9379914010601169,-0.20011623373478593,7.101349375603661,0.0,1,0.03718612517491815
433.1937504,1.895796484103073,0.25256294976939,20.767422222898446,-1.6636374679032429,1,0.013691910362333637
439.1250004,2.710986818615936,0.3559177614274178,24.248402656266038,-3.2902068439811387,1,0.01789072018865645
446.98126291,3.5473549601543937,0.39742863432195863,28.088436736246337,-5.242529110311523,1,-0.019156283988852718
438.4187629,2.956384450077394,-0.06451395858501385,16.144051832369826,0.0,1,-0.007042410729816817
435.3312379,2.1572400741991373,-0.28788611148775667,12.32457586871815,0.0,1,0.026086486613691173
446.68750041,2.524253089243416,0.02637563451884084,19.518042992156637,0.0,1,0.0009234643898059502
447.10000041,2.531780172661911,0.011300905979112041,19.751139172585994,0.0,1,0.0088346846262084
451.04998791,2.653727658316029,0.04441613054440996,22.027072277924844,0.0,1,0.0011501219906993043
451.56875042,2.5367876387833803,-0.024174629662746305,22.330864334709105,0.0,1,-0.014601874031068829
444.97500041,1.7174394916184497,-0.281174258942559,12.712254851359859,0.0,1,-0.0033709758944162616
443.47500041,1.0396454604011183,-0.31965609671996353,10.672868820538582,0.0,1,0.0019025875172669071
444.31875041,0.6844238230923452,-0.22495924467624562,11.456263919359678,0.0,1,-0.0015754455542423829
443.61875041,0.391444352513588,-0.17264623841833426,10.348125247759896,0.0,1,0.014666309740034134
450.12500041,0.7545217545147693,0.06347705452761565,16.572817997794814,0.0,1,0.007442377132904632
453.47500042,1.152350310139127,0.1537685367173245,19.32752007674931,0.0,1,-0.0010061469751969643
453.01873792,1.2172135204397136,0.07287724900597037,18.47358394761325,0.0,1,0.0017659589615943716
453.81875042,1.2148783738866769,0.02351403415097786,19.212397879132553,0.0,1,-0.00874523145270445
449.85000041,0.7817417686196109,-0.136540857038696,11.294717231237463,0.0,1,0.00023616205380272426
449.95623791,0.5088814436010693,-0.13646706068574588,11.4259646432212,0.0,1,0.0039170753986801365
451.71875042,0.47692053662507305,-0.05614265588724743,13.695282950364664,0.0,1,0.0333448633602107
466.78125043,1.6764050392516197,0.3811139489130999,26.707259527630228,-5.051796563419202,1,-0.006828680451632652
463.59375043,1.87082187062731,0.19184359342959678,20.745307477909293,0.0,1,0.0059319177565471115
466.34375043,2.041295130429546,0.12077228441061094,22.77382443809566,0.0,1,0.013643342478875997
472.70623793,2.486631124461553,0.18870275948087256,26.892743269119634,-2.442066213403848,-1,-0.012058202415437647
467.00625043,2.0270809027724113,-0.09028248740275657,16.828869933698684,0.0,1,-0.018401787989105634
458.41250042,0.912236549196848,-0.40170894699277326,4.811310107427879,0.0,1,0.004594633649977364
460.51873792,0.45431445164263096,-0.28654368151566345,6.920913319694833,0.0,1,-0.0038679207887289957
458.73748792,0.03905636522864597,-0.23393392264321616,4.528851468030346,0.0,1,-0.00779310083466167
455.16250042,-0.4697430000807117,-0.24757776265085793,-0.14344067404814353,0.0,1,0.002732540573646247
456.40625042,-0.5813515993953047,-0.11972878732181697,1.464174571634338,0.0,1,0.024594317013998834
467.63125043,0.34670673506366256,0.2694431823790501,13.272125266770033,0.0,1,-0.011774769126179807
462.12500042,0.3229895068711244,0.08190865139550399,5.8645588843597025,0.0,1,0.001365972430459994
462.75625043,0.3368192680356401,0.03191280418667325,6.513080912312766,0.0,1,-0.013897678322062679
456.32501292,-0.2202705828851208,-0.1750590155780292,-1.546509476138766,0.0,1,-0.0119158491339445
450.88751291,-0.9335846272716708,-0.2961243533215264,-7.271140497318044,0.0,1,0.010451581325874093
455.60000042,-0.8197356380256906,-0.06075845469184871,-1.420938498247878,0.0,1,0.012675592613424547
461.37500042,-0.2132498402339138,0.1819091143666427,4.857858663773484,0.0,1,-0.002939609859150094
460.01873792,-0.00525799631850532,0.12996698609401708,3.1639010039636872,0.0,1,0.018722090645572287
468.63125043,0.8168854678324351,0.3173701500816525,11.542768440731813,0.0,1,-0.000346754510824665
468.46875043,1.14634174425521,0.21560880883480915,11.312816615199282,0.0,1,0.02656260422616885
480.91250044,2.2525205712786374,0.4405958786194122,20.645229185731452,-4.221501424005282,-1,-0.004158760685509577
478.91250044,2.4512332705171502,0.21310285928597494,17.727608901699824,0.0,-1,-0.047281627644290114
456.26873792,0.45933997092663503,-0.5929301467681802,-5.4289801719463,0.0,1,-0.0009177431307454409
455.85000042,-0.6097798014458249,-0.5540166397135468,-5.739916758743242,0.0,1,0.06631838872906926
486.08123795,1.4257450899884248,0.49383608390690104,14.260507174618937,-4.137437866952723,-1,0.013860877511781222
492.81875045,2.886154819873127,0.6514152712638679,17.176946927058296,-5.10230434751719,-1,-0.006150841454859668
489.78750045,3.123242616492746,0.2961676892944958,14.544011311283327,0.0,-1,-0.01352627415749319
483.16250044,2.4294329625948308,-0.13254732153447302,8.934663102359018,0.0,-1,-0.003531446456308429
481.45623794,1.7378868470963198,-0.274697812344328,7.504531606172904,0.0,-1,-0.010203367643586647
476.54376294,0.8379169687556782,-0.39155589689498993,3.3621466497463786,0.0,-1,-0.010334858816775983
471.61875043,-0.09231209364423876,-0.4405949864316357,-0.6017677600390314,0.0,1,0.006122530131313253
474.50625044,-0.3091089495405299,-0.219130614109309,1.7338705841518518,0.0,-1,0.002370885523545363
475.63125044,-0.2979982983603122,-0.06933998764303045,2.679406668467635,0.0,-1,-0.0005256172712972962
475.38125044,-0.2884431145735107,-0.019928267952076306,2.425820334082694,0.0,-1,-0.0038916133067672387
473.53125044,-0.41379526313232873,-0.04842680550363143,0.429815624029537,0.0,-1,0.02460238896413891
485.18125045,0.5288449353492979,0.29807113099266513,10.85728571097708,0.0,-1,0.016772082582442227
493.31875045,1.6342196233110258,0.46781527298479775,16.350859478715066,0.0,-1,0.026529500466101696
506.40625047,3.141347000349242,0.6583142166743379,23.097900886544977,-3.475743056014153,-1,0.008552891075061186
510.73748797,3.9940682305059454,0.5036784822770137,24.94522342053891,-2.310813124083438,-1,0.009520522018711786
515.59997547,4.49279711804212,0.3341357899377293,26.92200474347068,-1.4205496103122641,-1,0.010133897902607547
520.82501298,4.803181594473358,0.21484008878965621,28.908819547830007,-0.4156545084326808,-1,-0.00026402821787141484
520.68750048,4.546649324816201,-0.013897393622499976,28.710665409281617,0.0,-1,-0.009674660915340305
515.65002547,3.6197061620862883,-0.31361351878413757,21.411488284196707,0.0,-1,-0.0046543680431555545
513.25000047,2.654590317214115,-0.42624312121877006,18.069879147720115,0.0,-1,0.0176814661503939
522.32501298,2.7070675775102018,-0.12458862030756102,23.315890609441823,0.0,-1,0.003123007628322183
523.95623798,2.6436526595323357,-0.0626678460951422,24.163671451746055,0.0,-1,0.006393735310634696
527.30627548,2.670810603915811,-0.011836633903889116,25.91013131403986,0.0,-1,-0.008557668872596458
522.79376298,2.0857793174477592,-0.19895597345731364,18.935854021515482,0.0,-1,-0.002151900194040879
521.66876298,1.5256987310931436,-0.2530121866039765,17.224965736569644,0.0,-1,0.012519917759097998
528.20001299,1.6627877111581029,-0.038641068846339,21.747973864468435,0.0,-1,-0.018802110499357427
518.26873798,0.765160307760766,-0.31208949074789194,8.182302087804928,0.0,-1,0.031101191001456918
534.38751299,1.5958144979153985,0.17285489980224678,18.815336904491232,0.0,-1,0.006572968893578279
537.90002549,2.1708664264996287,0.24930227612882572,20.623903624307516,0.0,-1,-0.0006390592744197621
537.55627549,2.2488410219167463,0.10909229051531444,20.18131798587737,0.0,-1,0.01521926704798049
545.737488,2.7821926102990346,0.2141479596325344,24.420399881746718,0.0,-1,-0.0013856937018773552
544.981263,2.7540002702985475,0.061985206544015625,23.34944532128371,0.0,-1,-0.0022936568371525468
543.731263,2.4062374111067584,-0.0952592175492577,21.46074498476716,0.0,-1,-0.022219134381463723
531.650025,1.0250663639186541,-0.4921434215791207,5.98094439083183,0.0,-1,-0.001457772902390131
530.875,0.18447322666463606,-0.4442455196110463,5.129717467104889,0.0,-1,-0.010218978102189746
525.45,-0.703279444184318,-0.4439993968200002,-0.7005529732105771,0.0,-1,-0.014987153868113001
517.575,-1.7447991592600829,-0.4951730372985885,-7.884359872469233,0.0,-1,-0.048374631695889514
492.5375,-4.20661742019297,-0.9856637660771588,-22.196617102349396,9.00961976107834,-1,-0.002715529274420758
491.2,-5.198433432310026,-0.6591599260647385,-22.746347509809762,4.847217674438809,-1,-0.0005344055374593148
490.9375,-5.283013652342731,-0.2479133820324817,-22.86335167795892,0.5486914141595776,-1,-0.02174411203055382
480.2625,-5.774635957997191,-0.24651189589564737,-27.272241890485414,3.6381648206781847,-1,0.009161656385830774
484.6625,-5.1725607809913186,0.11852109370340802,-21.92081081539139,0.0,-1,-0.0071441467000232795
481.2,-4.729018127405766,0.18735458242965386,-23.524029996490718,0.0,-1,0.00685785536159611
484.5,-3.838161956662532,0.35940358439096265,-19.332006077373855,0.0,-1,0.00025799793601644083
484.625,-3.062470374902375,0.37836505538370657,-19.166031767337046,0.0,-1,0.014134640185710756
491.475,-1.8485853861137684,0.5307500147241044,-10.366825597545905,0.0,-1,0.016659036573579478
499.6625,-0.4053024428766321,0.6580109859870804,-1.6417393755420733,0.0,-1,0.00047532084156798327
499.9,0.36990589898164217,0.47773977594845163,-1.4022845456646138,0.0,-1,-0.013977795559111716
492.9125,0.1443929116623508,0.08407559620972008,-7.79905304192355,0.0,-1,-0.020845484746278564
482.6375,-0.8366463246358649,-0.2989878800294985,-15.268462808862616,0.0,-1,0.011240320116029157
488.0625,-0.8053620823986307,-0.08923454593075475,-9.128876377435738,0.0,-1,0.0028428736073760064
489.45,-0.6069814544134715,0.036382027351468116,-7.589413817993446,0.0,-1,0.0043671467974255584
491.5875,-0.27908435255312725,0.1214263764039375,-5.132403105862352,0.0,-1,0.003153050067383756
493.1375,0.03728789442317293,0.14593287446007924,-3.3001890657176958,0.0,-1,0.0009378722972801512
493.6,0.23090836004269022,0.11318444669319885,-2.7193221635203884,0.0,-1,0.01965153970826572
503.3,1.116809562848914,0.333028549833141,7.957733171067559,0.0,-1,-0.008593284323465067
498.975,1.106276034014627,0.10749834033295125,2.6727950310513577,0.0,-1,-0.020892830302119414
488.55,0.1400696000962398,-0.28623603119514535,-7.665910831927128,0.0,-1,0.004784566574557392
490.8875,-0.1599144168709472,-0.19540668272077752,-4.977486942314805,0.0,-1,0.005041888416388751
493.3625,-0.09033022394862655,-0.04194082993281895,-2.1188781624667,0.0,-1,0.0511794066229192
518.6125,2.0561560578415765,0.701515150619128,17.208551744280726,-8.825702968181531,-1,0.0200053026103304
528.9875,3.822636193916537,0.8226650955646964,21.956401823454996,-10.922968130293953,-1,-0.0127839032113235
522.224975,3.8237794957943265,0.2746027991474951,15.127098561811053,-0.01032488338944404,-1,0.019029155011209387
532.162475,4.333827855417098,0.2615503862567561,19.8060882681726,-3.771056433677245,-1,0.0026308224757862764
533.5625,4.344368463943738,0.09069699826113187,20.4272040073794,0.0,-1,-0.00747335129436566
529.575,3.655316396211674,-0.1994516898236438,16.12267197519735,0.0,-1,-0.0074588113109569365
525.625,2.6770139959946846,-0.3925846966802111,11.954800214468044,0.0,-1,0.01032104637336495
531.05,2.4168616295532956,-0.2175790210405335,15.29320224314948,0.0,-1,0.02151393465775353
542.474975,3.037461560536485,0.13434030331421853,21.205556661286934,0.0,-1,0.012235633542358348
549.1125,3.6477668126500475,0.24821518514259377,24.058241115766393,0.0,-1,0.008468210066243431
553.7625,4.0364388709859895,0.21229574782617844,25.91555761906828,0.0,-1,-0.03546195345477532
534.125,2.2579466609051906,-0.5220654874182067,6.825063655238438,0.0,-1,0.003767844605663484
536.1375,1.34824666745601,-0.47725516028912907,8.02695185292751,0.0,-1,0.0004429833764658664
536.375,0.8008344484434247,-0.3415557931005715,8.179604981950185,0.0,-1,-0.0016779771615008654
535.474975,0.3853900515669011,-0.25233339665903176,7.302090849168586,0.0,-1,-0.002357626516533151
534.212525,0.0403478488312885,-0.1991251997982148,5.986017687595677,0.0,-1,-0.00746435138337509
530.224975,-0.4678314066056828,-0.23576815174506202,1.8099085919590223,0.0,-1,0.010349474767762601
535.712525,-0.2256392504403948,0.0021413348067420013,6.743604981323493,0.0,-1,0.023776698146081188
548.45,0.9757163485122646,0.4011656445864672,15.779371438272378,0.0,-1,0.01672896344242858
557.625,2.259667785612578,0.5617056938955935,20.68103528726381,-1.7094578609420523,-1,0.0082492266308003
562.224975,3.096669105361684,0.46623567121489984,22.84759532726781,-2.569049397241429,-1,0.013073102986931762
569.575,3.8696160897894742,0.4130608852142301,25.99667942480845,-4.151493802794789,-1,0.0028749945134529664
571.212525,4.0700819911875215,0.2045089288707591,26.666580932972522,-1.1962758353855634,-1,0.01153244144987875
577.8,4.380097692620893,0.1715082101013774,29.254507299780798,-1.7797373350069847,-1,-0.00653335929387322
574.025025,3.8555161522858725,-0.11769111007788124,24.026756852476765,0.0,-1,-0.007556334325319769
569.6875,2.9104719527612133,-0.3542451032008467,18.276984979063243,0.0,-1,0.007789358200767982
574.125,2.5652021902686784,-0.23317162189779372,20.85060976752247,0.0,-1,0.012279555845852386
581.175,2.7663004598334737,-0.010691117444332932,24.50219771342735,0.0,-1,-0.01789473910612105
570.775025,1.7696599729630407,-0.3357772014382552,11.81060919095627,0.0,-1,-0.007665016527308666
566.400025,0.7592847317810083,-0.44871748087342933,7.251917818717246,0.0,-1,0.003177921823008356
568.2,0.3408213002081766,-0.2890603041487537,8.646162170631769,0.0,-1,0.01971141323477643
579.400025,1.03652322607104,0.1355472072380366,16.255334145393817,0.0,-1,-0.025673109006165484
564.525025,0.05841392016327518,-0.28085403288990946,2.106799795810744,0.0,-1,0.0033877594708930925
566.4375,-0.2761356428042063,-0.20513453195246373,3.5245841271762544,0.0,-1,0.013549597263599278
574.1125,0.21918421261239018,0.09672844115471095,8.944006379542735,0.0,-1,-0.0020684099370767983
572.925,0.3496204559362468,0.07572156149285586,7.785597079865035,0.0,-1,0.0026836409652224447
574.462525,0.5138306229368936,0.07997724283116758,8.946299141941559,0.0,-1,-0.010096481054182038
568.662475,0.06977898785919479,-0.12135813074884377,2.8549585481936077,0.0,-1,-0.0118918520164355
561.900025,-0.7215992453346871,-0.30424545464757524,-3.385381985243747,0.0,-1,-0.025605133226324295
547.5125,-2.256115508153698,-0.6129205724888622,-13.556746341050847,7.403111367050997,-1,0.0036300541083535975
549.5,-2.6697390138837136,-0.3421813594062928,-11.497111011603295,2.503291232505717,-1,-0.007188353048225737
545.55,-2.983239182258444,-0.2185605092603411,-14.068409899942147,2.2734322539331515,-1,0.016542938319127565
554.575,-2.139302667924312,0.20845866835793014,-4.780959906837978,0.0,-1,0.0009466257945272005
555.099975,-1.4953112717635122,0.28415002150624336,-4.272471513223536,0.0,-1,0.020829581193910096
566.662475,-0.08516463436956201,0.5647655529667313,5.773738450066254,0.0,-1,-0.011536805926667282
560.125,0.08221615385832592,0.24404878039820643,-0.036468056324252984,0.0,-1,-0.004909618388752479
557.375,-0.07011146484933306,0.030573720563515816,-2.3562537147996494,0.0,-1,0.00042610450773716835
557.6125,-0.12064098546568403,-0.0066519333509450496,-2.124022250732132,0.0,-1,0.012105180568943386
564.3625,0.4266476696816426,0.18021224059879387,4.280045728430295,0.0,-1,-0.010631464705752047
558.3625,0.16473802478174093,-0.02723246810036925,-1.5938173057622365,0.0,-1,-0.009850231704313983
552.8625,-0.4382782997332697,-0.2100829308717933,-6.399389545813868,0.0,-1,0.003459314024734983
554.775025,-0.5438861870129585,-0.10523027271716073,-4.315983850489943,0.0,-1,-0.03278355942573297
536.587525,-2.0669912817351133,-0.5427784558131052,-17.141408702471402,2.344009944451841,-1,0.025997529480395576
550.537475,-1.4937987222849642,0.010138034545681185,-4.178761716270138,0.0,-1,0.011738574199694707
557.0,-0.5441754657027786,0.31992043037595563,0.7187146329791005,0.0,-1,-0.004331193895870666
554.587525,-0.2250554652697474,0.213013476936329,-1.1142074720019224,0.0,-1,-0.020014920097598754
543.4875,-0.9717429262808537,-0.1778913280249258,-8.737608871875906,0.0,-1,0.001954966765564947
544.55,-1.1755664129295837,-0.12723827155788525,-7.779310056565826,0.0,-1,-0.008585070241483694
539.875,-1.5690976218431842,-0.1735898268238285,-10.89814383465768,0.0,-1,0.019009029868024996
550.1375,-0.7798967578130487,0.20520367906876902,-1.6009180679774886,0.0,-1,0.006566540183135849
553.75,-0.019263262646859403,0.3219457247449861,1.3066579681483645,0.0,-1,0.008555304740406333
558.4875,0.7574504234901269,0.36621980362732415,5.001300870290748,0.0,-1,0.0021710423241345644
559.7,1.1837280646010413,0.26416581491274627,5.951734323752568,0.0,-1,-0.01121136323030214
553.425,0.7753062131065462,-0.048085345527249634,-0.1078576486514109,0.0,-1,-0.008605547273794922
548.662475,0.10960935293371676,-0.23792740190002637,-4.28315234801255,0.0,-1,-0.007017018978744627
544.8125,-0.5532044398972857,-0.300247064910343,-7.479345753206211,0.0,-1,-0.021612986119077693
533.037475,-1.8197630496546253,-0.5222685582225608,-15.642222764617522,1.3481246183863504,-1,0.004901250141934321
535.650025,-2.0836829337288236,-0.2620628140989196,-12.67599291284776,0.0,-1,-0.002286987665127249
534.425,-2.144088047955165,-0.10748930944175372,-13.534495446313066,0.0,-1,-0.007344342049866559
530.5,-2.322699934405364,-0.09536706529731731,-16.294479400535494,0.0,-1,-0.05975494816211124
498.8,-4.86011421643002,-0.8775937824406581,-29.927701852086564,17.357123755772193,-1,-0.005287690457096983
496.1625,-5.943603506073146,-0.6536943573612612,-30.651207692370498,10.295489658082602,-1,-0.011966845539515769
490.225,-6.484839525388622,-0.398310125558913,-32.251418624127226,7.099732513213667,-1,0.00012749247794374696
490.2875,-6.209845907930685,-0.04110550270032487,-32.17193443166406,0.0,-1,-0.009637202661703648
485.5625,-5.948611940207456,0.07337615500763484,-33.510455793261485,0.0,-1,0.026180975672544626
498.275,-4.262902294661899,0.5863619335177308,-18.20276419231191,0.0,-1,-0.015227534995735259
490.6875,-3.697097280667265,0.38405564917078827,-21.649123606783167,0.0,-1,-0.02073621194752262
480.5125,-3.954020000281048,0.04237764318566839,-25.591089004838597,0.0,-1,0.011420098332509676
486.0,-3.2956880267311703,0.233569872245182,-19.777314586545046,0.0,-1,0.007175925925925863
489.4875,-2.4012563710620043,0.3760005093047827,-16.182881369609646,0.0,-1,0.018233356316555538
498.4125,-1.0101858456388868,0.5890236782426335,-7.727207636700875,0.0,-1,-0.02334913349885892
486.775,-1.2002600957907816,0.1329831426969128,-14.329832907042231,0.0,-1,0.0049304093266910876
489.175,-0.9952755462174991,0.11265589742339843,-12.107007482341096,0.0,-1,-0.01119231358920636
483.7,-1.266093642579392,-0.052720732979498086,-15.158550645893826,0.0,-1,0.013929088277858215
490.4375,-0.7345365538786837,0.1596121185737368,-8.695499921430702,0.0,-1,0.01595514209251947
498.2625,0.24453670329484112,0.379561791915754,-2.035028022859237,0.0,-1,0.014701086274804931
505.5875,1.3241119399403374,0.4863790095204169,3.458160589158645,0.0,-1,0.012337132543822849
511.825,2.2733485632680868,0.47853854428272213,7.684714508249812,0.0,-1,0.0005617154300785465
512.1125,2.582479494659651,0.26255649189142893,7.880603392386057,0.0,-1,-0.000976347970416569
511.6125,2.4801716691337674,0.05341622212184838,7.367425986698841,0.0,-1,-0.014488504483373688
504.2,1.6046284506096526,-0.2740423321340888,0.056870700125635665,0.0,-1,-0.004710432368107864
501.825,0.8352211371301337,-0.34781654853786925,-2.115511581351683,0.0,-1,-0.019329447516564513
492.125,-0.4274176143704267,-0.5368184333461432,-9.994309132835753,0.0,-1,0.024434848869697712
504.15,-0.021035522256511285,-0.04347878041074263,1.0905194401033071,0.0,-1,0.003248041257562395
505.7875,0.32036681732182615,0.09930785305586493,2.4206406799910454,0.0,-1,0.012183970540988076
511.95,0.977912419000802,0.2522844849116136,7.2788299543894865,0.0,-1,-0.019118077937298472
502.1625,0.4095675182568925,-0.10535347194409861,-1.4663905691149424,0.0,-1,0.006098623453563379
505.225,0.34647277469684923,-0.056149405168047284,1.127791227516063,0.0,-1,0.0035380276114602704
507.0125,0.4350110050254443,0.010796275053515936,2.674813181259985,0.0,-1,-0.008086585636448707
502.9125,0.10136253643759119,-0.10761739784477908,-1.2574120895557783,0.0,-1,-0.00576641065791772
500.0125,-0.3155752425594187,-0.17485172561392967,-3.9586043549962255,0.0,-1,-0.00397490062748429
498.025,-0.6633711951780015,-0.17421589274417082,-5.8228833682447885,0.0,-1,0.017268209427237613
506.625,-0.0653215718891147,0.14127791018157201,3.273600488554692,0.0,-1,-0.014236368122378495
499.4125,-0.36189496258720055,-0.05176516017217131,-3.7494115986750813,0.0,-1,-0.011313293119415424
493.7625,-0.9508570777206842,-0.21357575843521825,-8.510140415065223,0.0,-1,0.002961960456697277
495.225005,-1.0442246288106958,-0.10231443650840999,-6.827764073533068,0.0,-1,0.008985784148762832
499.67499,-0.6330576019548175,0.10295086344915605,-1.7929721801534555,0.0,-1,-0.00365234409670967
497.850005,-0.5268013716972746,0.069735697902233,-3.663658371112831,0.0,-1,0.0062769809553382405
500.975,-0.16935689226039585,0.14239339244637061,0.025968817162791424,0.0,-1,-0.0065871750087330705
497.67499,-0.2515224115202841,0.020075957728827476,-3.708484448516174,0.0,-1,0.028633164788931964
511.925,0.915855863143122,0.39581807746407793,10.455249595838467,0.0,-1,-0.022903745665869057
500.2,0.4461403452129389,-0.024632480155368397,-1.2888215812706463,0.0,-1,-0.0052979008396641936
497.54999,-0.046729942519903034,-0.1725009226294035,-3.5546103455854805,0.0,-1,-0.004672867142455295
495.225005,-0.4830196745097055,-0.202930218206402,-5.5692818721439465,0.0,-1,0.014942692564564597
502.625,-0.044246650962065814,0.07861426844707924,1.8214009815190977,0.0,-1,-0.015021119124595805
495.07501,-0.4503387516080579,-0.10915927739963766,-4.968163014699336,0.0,-1,-0.005857738608135432
492.17499,-0.8575249059637713,-0.1721151439184503,-7.352868074193431,0.0,-1,0.01325752046035511
498.70001,-0.44590590764460103,0.07983461813357329,-0.647653454111996,0.0,-1,-0.009424523572798882
494.0,-0.594605082847977,-0.022954852356600886,-4.870386100604129,0.0,-1,0.0023279251012144897
495.149995,-0.5235713302122917,0.01602630009302808,-3.6230262536832996,0.0,-1,-0.007068565152666517
491.649995,-0.7360901763768197,-0.06549751535716664,-6.933731876100076,0.0,-1,-0.0028475440135008467
490.25,-0.8976750014276718,-0.07569411346933952,-8.258092862762794,0.0,-1,-0.023457419683834746
478.75,-1.8619944971674727,-0.34667120306971344,-17.406228607042884,5.04474587244016,-1,-0.020365535248041744
469.0,-3.0014880369400885,-0.4953882476141098,-22.983839422399182,8.407180806625888,1,-0.0005330490405117683
468.75,-3.3419441370813843,-0.27861478258513506,-23.114913831546264,3.8516391009727045,1,0.01349335466666668
475.07501,-2.7065926757285865,0.11891222625588771,-14.339801319901142,0.0,-1,0.022206998427469316
485.625,-1.2842017220747834,0.5137677266365637,-2.6326709901967433,0.0,-1,0.013127413127413057
492.0,0.06526056492498356,0.6210766712121103,3.0973210479029234,0.0,-1,0.005132103658536558
494.524995,0.9449695780144793,0.5002618947672021,5.2417399544751575,0.0,-1,0.012941721985154642
500.925,1.8394103697246464,0.4649008954924563,10.347494095943844,0.0,-1,-0.0005988920497080885
500.625,2.108346568102718,0.24461236462350922,9.991066176533437,0.0,-1,0.1112609238451936
556.325,6.708785786616545,1.6150171943791127,31.965279166089857,-26.97132676635863,-1,-0.008538174628139994
551.575,8.054106580322127,0.986779329361565,27.91066824526746,-11.09992605218531,-1,-0.004668449440239364
549.0,7.841008095481357,0.2578936148402651,25.656397699034244,0.0,-1,-0.009471766848816121
543.8,6.647708178437483,-0.3118021007345364,21.04406615072864,0.0,-1,-0.020503861713865312
532.65,4.567915871712444,-0.7971981358198583,12.033897110533019,0.0,-1,-0.0022998216464845678
531.425,3.045276729040552,-0.7732790928305837,11.088137581805235,0.0,-1,0.02121654043373966
542.7,2.9697674302846053,-0.2829294638621769,16.336762037795012,0.0,-1,-0.014188317670904782
535.0,2.0428654950495684,-0.40327713303240476,10.177492181081895,0.0,-1,0.0065887850467289955
538.525,1.7029257361779173,-0.24773896396801853,11.973416998572404,0.0,-1,0.0017640778051160044
539.475,1.4702120453939642,-0.16015088491732388,12.480107894459039,0.0,-1,-0.02011214606793643
528.625,0.3271708628858505,-0.43439735580847927,3.4433420198952476,0.0,-1,0.027524237408370622
543.175,0.9408860330578364,0.059772604787835526,11.697755656631116,0.0,-1,0.0005523081879690306
543.475,1.1943364487224244,0.10440767348414126,11.852702935572836,0.0,-1,0.007958047748286345
547.8,1.5819502858279293,0.16400717019654865,14.174249385411017,0.0,-1,-0.008762322015334001
543.0,1.2439280138949016,-0.05800503391215961,9.694434536474972,0.0,-1,0.021316758747698117
554.575,1.9358395434372824,0.21130216521007372,16.045343180432354,0.0,-1,0.031781093630257384
572.2,3.5892253462552617,0.6215626560093512,23.191973373857152,0.0,-1,0.011883956658510941
579.0,4.683482802142976,0.5719400372990222,25.410613837574232,0.0,-1,-0.007556131260794463
574.625,4.475737963241613,0.12139839946588626,21.19832177779884,0.0,-1,-0.006177942136175729
571.075,3.703054046854163,-0.2170951723071881,17.78462469085666,0.0,-1,0.019437026660245937
582.175,3.933124251422555,0.004325010753734482,22.384628859291865,0.0,-1,0.009619100785846157
587.775,4.187065666088301,0.08608880847316058,24.43120466491328,0.0,-1,-0.034877291480583605
567.275,2.2567809012471116,-0.6147319854560096,7.191440780820656,0.0,-1,0.013529593230796388
574.95,1.7431567770559013,-0.3761187032157398,10.953616644320121,0.0,-1,-0.05030872249760865
546.025,-1.0693350164609683,-1.0628701655775366,-5.443625252900539,0.0,-1,-0.005860537521175657
542.825,-2.6531363285143925,-0.882223825876987,-6.869844997218991,0.0,-1,-0.01938930594574695
532.3,-4.1010256238315606,-0.776704373731385,-11.386765021768682,0.0,-1,0.01709562276911525
541.4,-3.724884802837437,-0.13352118424575377,-5.775255208881397,0.0,-1,0.026089767270040642
555.525,-2.049323992104064,0.5140132088292062,1.820513031425378,0.0,-1,-0.014985824220332011
547.2,-1.7345165873952055,0.2762735378460217,-2.4225956891518337,0.0,-1,-0.004934210526315819
544.5,-1.6575698360912838,0.1177400963833144,-3.786208475643889,0.0,-1,0.009595959595959602
549.725,-1.045548974098324,0.24325365279209143,-0.6639463780396042,0.0,-1,-9.095456819330217e-05
549.675,-0.656576128593656,0.21074216609891983,-0.6943787680732783,0.0,-1,-0.023104561786510103
536.975,-1.465708361791826,-0.19946335569975004,-8.005088366488025,0.0,-1,-0.014153359094929985
529.375,-2.38146544824167,-0.37174014738319805,-11.773789565987954,0.0,-1,4.72255017709422e-05
529.4,-2.638805204113055,-0.20969330108486117,-11.753534169041139,0.0,-1,0.028239516433698597
544.35,-1.3017413150394077,0.3757901959962622,-0.7062258431771298,0.0,-1,-0.007577845136401251
540.225,-0.8684809275825955,0.26968352781769145,-3.26916585818455,0.0,-1,0.009533064926650958
545.375,-0.1503106565555754,0.3292845996149039,0.3144175930813162,0.0,-1,0.008251203300481347
549.875,0.5963003670042326,0.35863187439157074,3.3606095511481513,0.0,-1,-0.0005001136621959335
549.6,0.8969975148670528,0.21977634075146368,3.1393912119200706,0.0,-1,0.0022288937409025156
550.825,1.0746796292262388,0.13248615170354994,4.08160175877785,0.0,-1,0.002541642082330986
552.225,1.190630717303634,0.08281241326031497,5.224814012645375,0.0,-1,0.00018108560822138742
552.325,1.1577203682336403,0.016634021396773724,5.313111777293159,0.0,-1,0.002534739510252182
553.725,1.1614551630125334,0.006789605391888998,6.64312455586726,0.0,-1,0.007946182671903834
558.125,1.4332012968176286,0.09284524639899483,10.725121554201344,0.0,-1,0.02176931690929451
570.275,2.4621409223186674,0.37392829063334476,19.52756047236852,-3.8682625685230505,-1,-0.030686949278856734
552.775,1.313098991542688,-0.2583712133808782,1.1728655976657052,0.0,-1,0.014743792682375245
560.925,1.3083197768594346,-0.08771680935471049,7.0412536879240335,0.0,-1,0.03574452912599746
580.975,2.8677368547795368,0.4905667561884641,17.664392814884238,-6.688525903022878,-1,0.00955290675158138
586.525,3.8709673225080223,0.4979324079723164,19.94990341373176,-5.351009181165068,-1,0.007416563658838138
590.875,4.412501946163275,0.34648901054252335,21.69235123597832,-2.9194348337600786,-1,-0.02297440236936754
577.3,3.184310762477253,-0.293900724381166,9.690984121731262,0.0,-1,-0.01853455742248389
566.6,1.413189273761077,-0.688340737699114,2.0587288679179565,0.0,-1,-0.0009265795975996749
566.075,0.36611275658958675,-0.5784724182902015,1.698354508062586,0.0,-1,0.031135450249525132
583.7,1.2808151016213287,0.11207664224718017,11.61108819467401,0.0,-1,-0.03811889669350699
561.45,-0.22273498433116856,-0.4638244812351058,-2.1603152596936965,0.0,-1,-0.020927954403775928
549.7,-1.9351154452798482,-0.7254016473945952,-7.707222142998013,0.0,-1,-0.001637256685464994
548.8,-2.705046055314142,-0.49844408580962973,-8.120484971277328,0.0,-1,-0.00022776967930027148
548.675,-2.8750075223885005,-0.22280185096132943,-8.183541835819398,0.0,-1,-0.0022326513874332266
547.45,-2.8224876290599923,-0.05676065254427387,-8.858068269320597,0.0,-1,0.015572198374280699
555.975,-1.8506037133073505,0.3050410877361225,-2.330887804636461,0.0,-1,0.012590494176896394
562.975,-0.627111445988703,0.5095111183515901,2.477304457481324,0.0,-1,0.011057329366312985
569.2,0.5556439748363573,0.5640888463922169,6.4326436843280845,0.0,-1,0.01010189739985945
574.95,1.579884687345725,0.5294431863005282,9.861358173274247,0.0,-1,0.0019566918862510274
576.075,2.0540979863217217,0.3345521617588416,10.536519669503221,0.0,-1,-0.0023868419910602068
574.7,2.005446470282891,0.09530021524000354,9.184568074234889,0.0,-1,0.003306072733600063
576.6,1.972333506406585,0.020729083787899283,10.537682949095576,0.0,-1,-0.007067291016302546
572.525,1.451832565601194,-0.1665906190058306,6.105220663349286,0.0,-1,-0.008383913366228457
567.725,0.6705960480651356,-0.31594237884729637,1.198950818095824,0.0,-1,-0.0037430093795411956
565.6,0.04701145195826939,-0.3131756583180542,-0.9125619398126332,0.0,-1,0.012641442715700002
572.75,0.3271348662416358,-0.011017414678229254,5.888667463961639,0.0,-1,-0.0075949367088608
568.4,0.07743533452992324,-0.08690564879664728,1.2597478044455102,0.0,-1,-0.01222730471498934
561.45,-0.6330340425367922,-0.2657916752877876,-5.3109309405841,0.0,-1,0.01371448926885721
569.15,-0.2938492275253566,0.024464379907882694,2.2274128746398247,0.0,-1,-0.003250461214091227
567.3,-0.25393605105921324,0.02145918545800868,0.3939102945433888,0.0,-1,-0.027102062400846116
551.925,-1.494068125237959,-0.4062242962402458,-11.943258336931628,0.0,-1,0.0033972007066176424
553.8,-1.833378485224216,-0.24851155207550102,-9.954407572829105,0.0,-1,-0.006139400505597692
550.4,-2.133585458115249,-0.18290617498884454,-12.38758882123556,0.0,-1,-0.01871366279069764
540.1,-2.964223489717824,-0.3378480688638068,-18.77393914257785,2.6255502724682174,-1,-0.01731160896130346
530.75,-3.9116905480426567,-0.42843837572954646,-23.339747671529633,7.419553665399349,-1,-0.03909561940650019
510.0,-5.788616531534899,-0.7684547864072631,-30.404785551478035,16.418111714177144,-1,0.027254901960784172
523.9,-5.086361478986419,-0.02206657795292788,-17.158212030438833,0.0,-1,0.004390150792136005
526.2,-4.119703829463333,0.3148636905233859,-15.183826171748983,0.0,-1,0.0012352717597872154
526.85,-3.2388996855797814,0.3985559448023124,-14.58758091615762,0.0,-1,-0.011910410932903015
520.575,-3.051505973173107,0.1953165524029954,-17.751679806973705,0.0,-1,0.010805359458291308
526.2,-2.2347669525387346,0.3373518576791228,-12.214924636622285,0.0,-1,0.013255416191561897
533.175,-1.0589168628432617,0.5044006491248654,-5.918813621928933,0.0,-1,0.020209124583860927
543.95,0.5151679205747541,0.6928284775142938,2.3569473012573496,0.0,-1,-0.008180898979685769
539.5,0.8884463189025382,0.35536895861402595,-0.9726278783000524,0.0,-1,-0.01696014828544945
530.35,0.2385483248244782,-0.09817634515467805,-7.192143516943048,0.0,-1,-0.0027811822381447193
528.875,-0.2291963659498606,-0.18864034530967233,-8.14321301449008,0.0,-1,-0.008225005908768623
524.525,-0.8064690141745814,-0.2553043311781311,-10.983680348919243,0.0,-1,-0.0026690815499736953
523.125,-1.144566253772382,-0.1978005235919773,-11.908066017252452,0.0,-1,-0.0017682198327358956
522.2,-1.2953176857569133,-0.11618398519216955,-12.559277885406239,0.0,-1,-0.015511298353121483
514.1,-1.937750261269457,-0.2528721869015711,-17.89889422342911,0.0,-1,0.018624781170978322
523.675,-1.299570693919918,0.12843579348265588,-7.1868311075839415,0.0,-1,0.005203609108702878
526.4,-0.6451000190851346,0.2609688227724798,-4.469461477008984,0.0,-1,0.015862462006078992
534.75,0.43172698658929676,0.4459319428156371,3.1155910191330207,0.0,-1,0.007526881720430145
538.775,1.2695799072107548,0.427928287812365,6.369689644199028,0.0,-1,0.016982970627813065
547.925,2.3452080419205004,0.5011854741740369,12.877720481339452,-0.9511928313303315,-1,0.010266003558881298
553.55,3.1563381057820834,0.43743851267853984,16.310276759433663,-3.2425094245433,-1,-0.02163309547466341
541.575,2.300958295564328,-0.13931376584640498,4.409658692519777,0.0,-1,0.018741633199464536
551.725,2.527355199158478,0.029027712582581522,11.001212378653356,0.0,-1,-0.017853097104535864
541.875,1.6091073843590493,-0.29640670073894904,2.773837203668137,0.0,-1,0.015778546712802655
550.425,1.7283911949293724,-0.0590409633895419,8.209890646982721,0.0,-1,-0.0040877503747104305
548.175,1.4565005006370484,-0.11031055256062205,6.314514984082734,0.0,-1,0.0076617868381447796
552.375,1.549180111771193,-0.005876980475492566,9.078134214058643,0.0,-1,-4.5259108395478975e-05
552.35,1.4643382413573818,-0.03023961696310118,9.053426398295905,0.0,-1,-0.016656105730062487
543.15,0.5332224527039671,-0.32045180187217204,0.42962695425150343,0.0,-1,0.01758261990242116
552.7,0.8190626873187057,-0.01153718908581114,7.575331267943355,0.0,-1,-0.00013569748507336055
552.625,0.8874775806826847,0.01895923475938932,7.502999557338377,0.0,-1,-0.023840760009047668
539.45,-0.2501881043588128,-0.37290215009403616,-3.820661243222119,0.0,-1,-0.00449531930670144
537.025,-1.0002552715162665,-0.37432310575049665,-5.60844631701066,0.0,-1,-0.004375960150830971
534.675,-1.4877675824686776,-0.2872784722343027,-7.38486399264022,0.0,-1,-0.0173469864871183
525.4,-2.3804597727391865,-0.3933235541682707,-13.746866517104138,0.0,-1,0.01189569851541683
531.65,-2.107600886812861,-0.04015488941398182,-7.337802729855149,0.0,-1,-0.0071475594846233115
527.85,-2.112204703282032,-0.014919568627717705,-10.051124977992117,0.0,-1,-0.005446623093681935
524.975,-2.178072886243058,-0.02692925052958106,-12.078594457191187,0.0,-1,0.03185865993618742
541.7,-0.6357509038699618,0.505130910614505,3.2557106696062803,0.0,-1,0.04578179804319715
566.5,2.255055995972384,1.1319792701522837,16.77669044202375,-1.0340266801338203,-1,0.006090026478376087
569.95,3.800038112895777,0.8923204623585588,18.19853347532616,-1.0187411480621904,-1,-0.007018159487674369
565.95,3.9225259952828537,0.3382694482485453,14.635046202437323,0.0,-1,0.0068468946019966115
569.825,3.979809436869573,0.1318509632784215,16.518168758618046,0.0,-1,-0.016145307769929396
560.625,2.910133704590521,-0.3126082563335433,8.325298597752294,0.0,-1,0.014091415830546294
568.525,2.7911180297351166,-0.14387464372964942,12.707696005122969,0.0,-1,-0.0007035750406754193
568.125,2.4656836898294614,-0.15643632787843487,12.33889782332701,0.0,-1,0.0012321232123213566
568.825,2.1558262123909344,-0.15543126843898714,12.764710126335984,0.0,-1,0.0007471542214212423
569.25,1.8566619559724131,-0.15153184161916933,13.046566820042337,0.0,-1,-0.00781730346947751
564.8,1.1815246647654476,-0.27555637760871154,7.943762898434606,0.0,-1,0.03125000000000022
582.45,2.216328963764795,0.25308264046354534,19.00082527732512,0.0,-1,0.007253841531461802
586.675,2.90112036628409,0.3126246809942801,21.02684919622962,0.0,-1,0.0018749733668557145
587.775,3.093422703686656,0.16830900613228206,21.56447383953774,0.0,-1,-0.015184381778741818
578.85,2.1880386470807025,-0.24569168349122394,11.308494801955746,0.0,-1,0.019046385073853367
589.875,2.4717600648543794,0.012676578094151125,17.668204955325308,0.0,-1,-0.004280567916931544
587.35,2.197224101670031,-0.0872864616967326,14.95144786492071,0.0,-1,-0.020345620158338407
575.4,0.8810207782720454,-0.4678299283649061,3.6292252517411896,0.0,-1,-0.03749565519638498
553.825,-1.6484159482829455,-0.9990888849732993,-10.265524449400132,0.0,-1,0.0008125310341713377
554.275,-2.7382663158701916,-0.6963130841868486,-9.905826905751134,0.0,-1,-0.02697217085381798
539.325,-4.30083597334135,-0.7529609138860023,-17.14455214901978,5.330670087136355,-1,0.005562508691419721
542.325,-4.473717804298417,-0.3086142482810228,-14.546251452133994,0.0,-1,0.006545890379384911
545.875,-3.8915155694187433,0.0911959955328836,-11.42117026741726,0.0,-1,-0.01154110373253947
539.575,-3.801121487860769,0.06053002569695254,-14.783258701150118,0.0,-1,0.01732845294908003
548.925,-2.65999765642664,0.40055128571036036,-6.6430544926679005,0.0,-1,0.023272760395318226
561.7,-0.8031859360073668,0.7524543353765445,2.431033991422659,0.0,-1,0.003427096314758682
563.625,0.352568752202842,0.6360696745289178,3.673579783546444,0.0,-1,-0.0005322687957417527
563.325,0.8760653669577323,0.38652209642793606,3.4319016634110397,0.0,-1,-0.002440864509830054
561.95,0.9502248937553759,0.15356054107519324,2.23414068313226,0.0,-1,0.0012901503692497318
562.675,0.9685359160079088,0.05729052110924204,2.8533157835711975,0.0,-1,-0.013373617096903101
555.15,0.2698967674667756,-0.21378287581063038,-4.020337961539518,0.0,-1,0.009772133657570237
560.575,0.35016912924072585,-0.04450350467889336,1.0763175519918349,0.0,-1,-0.033091022610712284
542.025,-1.1847087839756796,-0.5264604726317663,-12.401056619200787,0.0,-1,0.03819012038190128
562.725,-0.12842200858597153,0.1766087675859806,2.9817636071148286,0.0,-1,0.027144697676484864
578.0,1.6833398798244161,0.6627902186654562,10.887282430663682,0.0,-1,0.011505190311418723
584.65,3.003109167377602,0.6608531687395471,13.829134682466815,0.0,-1,0.0011545369024204
585.325,3.4689847138727146,0.3755762384115533,14.133386274295717,0.0,-1,-0.0061504292487080114
581.725,3.112840427630772,0.00647731738987023,11.088376023073351,0.0,-1,0.012935665477674219
589.25,3.3024482488739295,0.06536171287767578,14.953077633952105,0.0,-1,-0.030547305897327126
571.25,1.6220481387560994,-0.5383461324133849,1.3880114919919393,0.0,-1,0.0004376367614880028
571.5,0.6675107388008428,-0.4976278441228805,1.5441798789129848,0.0,-1,-0.0015748031496062298
570.6,0.05961614392310821,-0.36850747966687175,0.8902304769203511,0.0,-1,-0.005958640028040585
567.2,-0.532632498842645,-0.32025204081087505,-1.6828857254635494,0.0,-1,0.01591149506346956
576.225,-0.03228744532202654,0.06003100423658113,5.024143629811441,0.0,-1,0.008069764414942115
580.875,0.6080757018818304,0.23346471714681272,8.134452110851697,0.0,-1,0.027243382827630835
596.7,2.196334300326839,0.6072411051972739,16.81289245222493,0.0,-1,0.0012569130216188995
597.45,2.869935741188783,0.42694751535307285,17.171248146371497,0.0,-1,-0.004142606075822286
594.975,2.7613251498540876,0.10611230800612592,14.613036404444259,0.0,-1,0.015000630278583005
603.9,3.2206594250321814,0.1884821943947399,19.29803770519848,0.0,-1,-0.002401059778108894
602.45,3.0611049438685995,0.009642571077052686,17.68052608116109,0.0,-1,-0.006349074612001071
598.625,2.4074856246311356,-0.21465891605347043,13.34670076692872,0.0,-1,0.007266652745876012
602.975,2.2425521629597824,-0.12653079257494104,16.09045347464452,0.0,-1,0.010240888925743041
609.15,2.487789418544139,0.03956882100313841,19.67133817765253,0.0,-1,-0.010547484199294077
602.725,1.867675594790967,-0.19351500091667795,12.090967490918473,0.0,-1,0.03173088887967146
621.85,2.995729050015143,0.31151281810249953,22.122646648380424,-1.5125930151551756,-1,-0.0192168529388117
609.9,2.3142783567925562,-0.12331262504002893,10.928840135907471,0.0,-1,-0.01565830464010487
600.35,0.984863147115334,-0.4842426115724172,3.548947608300381,0.0,-1,-0.015990672107937032
590.75,-0.5619163866496137,-0.6770073817791217,-2.8321910446284235,0.0,-1,-0.013330512060939492
582.875,-1.9447297879779626,-0.6866069277024902,-7.453335838337843,0.0,-1,0.015569375938237373
591.95,-1.7178256729772556,-0.1532342709005945,-1.0493855165686767,0.0,-1,-0.0014359320888589489
591.1,-1.532054809395504,0.01084553089371898,-1.6107071274278866,0.0,-1,-0.008035865335814574
586.35,-1.7073314768216505,-0.05481037884414253,-4.8270631536674244,0.0,-1,0.05628037861345603
619.35,1.0973078125336997,0.9166096368370693,13.764811590173267,0.0,-1,0.003955760071042036
621.8,2.6123518061668847,0.8105512101567514,14.750833772767606,0.0,-1,-0.013911225474429023
613.15,2.4313444858029243,0.2098479632642638,8.50543871084102,0.0,-1,-0.01227269020631161
605.625,1.5111454518040546,-0.23678369024486856,3.516058946881806,0.0,-1,0.003797729618163048
607.925,1.1167838138209163,-0.21038177607600228,4.8244354375190355,0.0,-1,0.01340625899576442
616.075,1.5057043436776212,0.05951291792690094,9.331326499001555,0.0,-1,0.00649271598425516
620.075,1.9080225799662003,0.1539437180718266,11.429716353356902,0.0,-1,-0.024996976172237173
604.575,0.6585131497799921,-0.36518857070479394,0.2634567419006615,0.0,-1,-0.0008683786130754267
604.05,-0.06486766112811893,-0.36285646053763504,-0.07805512796327463,0.0,-1,-0.00583560963496399
600.525,-0.7149024281549146,-0.33763040918814363,-2.4864528765422875,0.0,-1,-0.01935806169601595
588.9,-1.94909460932206,-0.523940863451763,-9.624032822126267,0.0,-1,0.009381898454746018
594.425,-1.9433494824621675,-0.17273191219729012,-5.241774598957768,0.0,-1,0.0030281364343693884
596.225,-1.6285311288269213,0.0473621471459853,-3.8101198763723474,0.0,-1,-0.00918277495911779
590.75,-1.7916610246070377,-0.038589249544710436,-7.529945612521622,0.0,-1,0.014853999153618291
599.525,-0.9926708871132632,0.25346696264968793,-0.31411848571864454,0.0,-1,0.011467411700929908
606.4,0.06246342222641488,0.4362004239964554,4.638785389771435,0.0,-1,-0.00902869393139849
600.925,0.12857529171071747,0.1674374311602527,0.2608553418404256,0.0,-1,0.006781212297707784
605.0,0.4904999521437503,0.1764540305310952,3.3518829212331056,0.0,-1,-0.002272727272727315
603.625,0.5160039530148879,0.06731934380074428,2.1371400813819363,0.0,-1,0.006419548560778532
607.5,0.8086722906991781,0.11999589382834486,5.322441450998795,0.0,-1,-0.0006172839506173311
607.125,0.8563671019830963,0.055896901704087676,4.929368157123946,0.0,-1,-0.0036236359892938275
604.925,0.6255172491264602,-0.058317650384182795,2.4979297034127015,0.0,-1,-0.003388849857420273
602.875,0.2871325519375887,-0.1322341158576848,0.19739632074967517,0.0,-1,-0.003441841177690308
600.8,-0.07890417598491695,-0.16609028126006348,-2.160344883036011,0.0,-1,-0.01131824234354184
594.0,-0.8220138586141275,-0.303066654629758,-9.147245808886844,0.0,-1,-0.00021043771043771642
593.875,-1.1354842117109456,-0.20551233590885876,-9.268747661250877,0.0,-1,0.017596295516733473
604.325,-0.3267623706167342,0.20106983506178422,3.560770170615932,0.0,-1,0.02109791916601167
617.075,1.167328747481747,0.565053651053422,14.096652496792288,-2.564735356002643,-1,0.01081716160920454
623.75,2.3733469109074576,0.5903572714930441,18.28250021211703,-4.876393618344196,-1,0.016112224448897816
633.8,3.616077083378059,0.6110291479878818,23.459018406461155,-8.112966489819655,-1,-0.014949510886714923
624.325,3.1465190793318243,0.047157047980549205,12.7336967256947,0.0,-1,0.007648260120930672
629.1,3.0474468206978145,-0.01730507021782035,15.550159822339609,0.0,-1,0.002662533778413634
630.775,2.8835401229893023,-0.0604039226421107,16.53590742653857,0.0,-1,0.00424081487059591
633.45,2.784208430552553,-0.0532452050262866,18.15292427435857,0.0,-1,-0.00011839924224488207
633.375,2.4962752151215,-0.11372614015244675,18.050486132647094,0.0,-1,-0.007381093349121737
628.7,1.754702339479195,-0.2850996719315839,11.634292607674801,0.0,-1,-0.015349133131859483
619.05,0.4335240400347402,-0.5354259904586797,0.6758164772403887,0.0,-1,-0.04248445198287687
592.75,-2.454858779690312,-1.1412696033945775,-17.059630607921974,0.0,-1,-0.004133277098270827
590.3,-3.898645291245316,-0.8616853716498607,-18.211182685439425,0.0,-1,0.00025410808063708323
590.45,-4.283151439419157,-0.41539717327456716,-18.049351664019873,0.0,-1,-0.004996189347108215
587.5,-4.364308560221048,-0.165518098025486,-19.624142882542365,0.0,-1,0.01272340425531926
594.975,-3.4182780739369036,0.2601707960862192,-11.139872345263171,0.0,-1,-0.0033194672045043783
593.0,-2.8249896579667393,0.28448640401879466,-12.48204145529715,0.0,-1,-0.005480607082630651
589.75,-2.5637629784844194,0.18190436116703834,-14.710585495213031,0.0,-1,0.024798643493005423
604.375,-1.0007527238695957,0.5816382052606208,0.10737361944161705,0.0,-1,-0.0021923474663909648
603.05,-0.24626820290632168,0.4453742420746316,-1.021628857614239,0.0,-1,-0.0054721830693971185
599.75,-0.12350359218248741,0.18937961759948863,-3.89627768472986,0.0,-1,0.010087536473530667
605.8,0.4523373458613378,0.25507351854777127,1.8593339299534222,0.0,-1,-0.014072301089468442
597.275,-0.007853630605268336,-0.06837248597294494,-5.569349971734042,0.0,-1,-0.023732786404922268
583.1,-1.4185446496214809,-0.4930211683297192,-14.867222711436092,0.0,-1,-0.006045275252958282
579.575,-2.2994281049943766,-0.4579682079008718,-16.787634166955122,0.0,-1,0.015269809774403509
588.425,-1.8107508239312438,0.010236357720753597,-7.951044066954651,0.0,-1,-0.005140842078429686
585.4,-1.6675996147388332,0.051129188971054784,-9.962873464060152,0.0,-1,0.0013665869490948612
586.2,-1.3903907089143104,0.10944603159852595,-9.131536302787353,0.0,-1,0.009851586489252773
591.975,-0.6546703635925724,0.28172212564008803,-3.2140095118475998,0.0,-1,-0.007179357236369754
587.725,-0.5864209939655893,0.11665716508902368,-6.752940442909882,0.0,-1,-0.015483431877153508
578.625,-1.2617612263217097,-0.1862276890890322,-13.348581320748984,0.0,-1,0.0008209116439836794
579.1,-1.4547012403062354,-0.12638923435785254,-12.793160105648795,0.0,-1,0.01454843723018473
587.525,-0.7278628106063252,0.20014973178068596,-3.541677526716775,0.0,-1,0.0012765414237692063
588.275,-0.24128836153909106,0.22890806028264005,-2.772624068134064,0.0,-1,0.01466151034805141
596.9,0.7408562264561169,0.403684216092616,5.411031015673373,0.0,-1,-0.014700954933824728
588.125,0.4389405015823513,0.033922830406283466,-2.8537490784173016,0.0,-1,-0.08816153028692886
536.275,-4.069429069319767,-1.4914822468319455,-26.17975609006772,22.273420605628075,-1,0.008764160179012714
540.975,-5.592828098994119,-1.004960425502099,-22.56382620373023,8.443984455302939,-1,0.004621285641665418
543.475,-5.6801252722484605,-0.3640858662521467,-20.583737192979918,0.0,-1,-0.0035420212521276584
541.55,-5.410846752855036,-0.0316024489529072,-21.2548225289326,0.0,-1,-0.0029544825039237166
539.95,-4.958636930420312,0.14020245782727248,-21.847948632453345,0.0,-1,-0.006898786924715239
536.225,-4.629728941667963,0.15637014885987366,-23.274450897094347,0.0,-1,0.007832532985220686
540.425,-3.7294642021527125,0.3522116294583748,-18.90058150604827,0.0,-1,0.007262802424018222
544.35,-2.6414598155490694,0.48007200535400596,-14.879275779264646,0.0,-1,-0.003077064388720574
542.675,-2.0169193042848974,0.36820417220605917,-15.825044197195176,0.0,-1,-0.007232689915695367
538.75,-1.8636557732955907,0.1738225677317886,-18.06418637194238,0.0,-1,-0.0033874709976798867
536.925,-1.7838026933596893,0.08455854922256334,-19.109809063472632,0.0,-1,0.010616007822321638
542.625,-1.1202259289450467,0.24937843787906866,-12.05852893412765,0.0,-1,-0.0013360976733471919
541.9,-0.7555020526590397,0.20470077138835863,-12.597847674357475,0.0,-1,0.0010149474072709275
542.45,-0.46434827679445334,0.16528484908431496,-11.856707560827033,0.0,-1,-0.012074845607890294
535.9,-0.8259090324626186,-0.06542530219461673,-17.02309439467021,0.0,-1,-0.0035454375816382777
534.0,-1.0961969909247955,-0.11190442021893121,-18.402497781084037,0.0,-1,0.010018726591760396
539.35,-0.6941578875788537,0.09671156104233691,-10.486631364347474,0.0,-1,0.004357096505052338
541.7,-0.23945851194105217,0.18380364556004614,-7.252959077837744,0.0,-1,-0.0009691711279307125
541.175,-0.035903948127042895,0.12911940312468514,-7.812802034658546,0.0,-1,-0.004619577770591743
538.675,-0.13946800387611802,0.008518449125203331,-10.546696413749046,0.0,-1,-0.01373741124054384
531.275,-0.7962943647610246,-0.21610263725323442,-17.478165467677748,1.6795961548180003,-1,-0.01011717095666087
525.9,-1.5062663481400023,-0.3086915402107373,-21.516803084352926,3.942007971763246,-1,-0.017588895227229506
516.65,-2.5065634774844057,-0.43632955651838046,-26.982430957466548,7.699635913799625,-1,-0.009580954224329807
511.7,-3.210331752366301,-0.3800326104667584,-29.33969880432445,6.965437384047107,-1,-0.0020519835841313894
510.65,-3.3821882437767954,-0.1839630339590843,-29.82663210607126,3.288634893584913,-1,-0.005727993733476877
507.725,-3.4300174691672964,-0.07726408644986194,-31.198226517086496,1.5710610900290476,-1,0.023831798709931684
519.825,-2.1597639594318707,0.3976631410951881,-11.86483155114616,0.0,-1,0.017073053431443164
528.7,-0.6050735412781023,0.6507845197496522,-1.8111467303840882,0.0,-1,-0.020096463022508004
518.075,-0.6627222037614047,0.1977119524221167,-10.376614393995546,0.0,-1,-0.01534526854219953
510.125,-1.2988196846896471,-0.14612850950204193,-15.47808150934322,0.0,-1,0.002499387405047848
511.4,-1.402383451429614,-0.08323075874733621,-14.009531614495074,0.0,-1,0.01720766523269468
520.2,-0.6039667138471714,0.2383953262783689,-4.615746666820755,0.0,-1,-0.004373317954633027
517.925,-0.3440111189019035,0.16611697374121226,-6.4515448555703685,0.0,-1,0.0016411642612348398
518.775,-0.11453239485410904,0.1318652325963356,-5.519239316165937,0.0,-1,-0.005493711146450808
515.925,-0.22774866659244708,0.006216320285999194,-8.097382373419904,0.0,-1,0.012744100402190428
522.5,0.2825389197544155,0.17216796887762062,-0.5821791446349636,0.0,-1,0.008947368421052593
527.175,0.9037211362816606,0.2644500618016219,4.10775570238625,0.0,-1,-0.015839142599705758
518.825,0.4431688165218475,-0.06536741931939705,-4.301107709928914,0.0,-1,-0.0020719895918662745
517.75,0.08637858859844982,-0.14071921574759824,-5.294941871506502,0.0,-1,0.01786576533075812
527.0,0.6716185922534805,0.14817359596914415,4.223059626262895,0.0,-1,-0.007969639468690781
522.8,0.5582703780600013,0.011608460591888359,-0.10948824420746917,0.0,-1,-0.003251721499617277
521.1,0.3134070727915059,-0.07775161489220234,-1.8401092271850388,0.0,-1,0.01722318173095383
530.075,0.9127748307580532,0.17387204769144837,6.924915921524153,0.0,-1,0.0009904258831296975
530.6,1.180144140511402,0.14708045248159896,7.393135074173017,0.0,-1,-0.01041274029400674
525.075,0.7550667836787852,-0.09266563478367262,0.9209621616394514,0.0,-1,0.0053325715373993
527.875,0.7129392066225364,-0.044931070613307145,3.8513963174987538,0.0,-1,0.0028889415107742344
529.4,0.7595471508758465,0.000558957880000932,5.460737954552272,0.0,-1,-0.015347563279183962
521.275,0.042472193762932875,-0.2388386664109709,-4.02955115892334,0.0,-1,-0.006378590954870145
517.95,-0.5966879676070675,-0.29266627592699046,-7.348169040450017,0.0,-1,0.003716574958972707
519.875,-0.7061273843247591,-0.13403523088156066,-4.803208432862391,0.0,-1,-0.0007694157249338307
519.475,-0.7353364773232443,-0.05441477462668198,-5.261591730097173,0.0,-1,-0.009384474710043778
514.6,-1.0949129840455498,-0.13799709378299585,-10.663957246945174,0.0,-1,0.00665565487757469
518.025,-0.8980418220695583,0.019624689397665263,-5.438125533719926,0.0,-1,0.001978668983157128
519.05,-0.6393527559091581,0.09277125185268853,-3.8943342837045947,0.0,-1,0.010692611501782245
524.6,0.005771173496782467,0.24596506041954305,3.8392298560607756,0.0,-1,-0.007338924895158305
520.75,0.007018873741685638,0.08240425355481541,-1.5224677978043886,0.0,-1,-0.013538166106576988
513.7,-0.58044218228099,-0.16835226748928672,-9.690176746413421,0.0,-1,-0.014453961456102893
506.275,-1.4445525284355654,-0.344154204547954,-16.32886579804972,2.8973238431548793,-1,0.017184336575971626
514.975,-1.0312283241431714,0.02305666658147998,-4.618033139498465,0.0,-1,0.021748628574202566
526.175,0.19470280501491288,0.4163292652465215,6.394409043061145,0.0,-1,-0.023946405663514803
513.575,-0.2585568641571854,-0.012310134641858927,-4.957733454406302,0.0,-1,-0.004624446283405637
511.2,-0.6615569600635354,-0.1384367435160696,-6.779859909283353,0.0,-1,0.016285211267605515
519.525,-0.11417726134482109,0.1363143184008816,0.9485207506305002,0.0,-1,0.0026466483807323637
520.9,0.2836106931266613,0.1780340909574547,2.143904633534298,0.0,-1,-0.0049433672489920255
518.325,0.24428711260190994,0.0462368368109011,-0.37266122287925896,0.0,-1,0.001591665460859426
519.15,0.2730180629559982,0.02498926238832977,0.4781550216161463,0.0,-1,-0.010786863141673986
513.55,-0.20203463377993103,-0.15002114478253314,-5.225615812308689,0.0,-1,-0.009638788822899258
508.6,-0.8352247626662574,-0.2610704245562866,-9.698192370663492,0.0,-1,-0.00294927251278021
507.1,-1.2072177635538992,-0.21102114181464282,-11.009575744666336,0.0,-1,-0.010550187339775197
501.75,-1.7384461170348686,-0.24741649843187075,-15.463142621589668,1.2632712451672887,-1,-0.005979073243647215
498.75,-2.109189784022476,-0.20605338847315946,-17.757710225196696,1.3104700400998581,-1,-0.00807016541353378
494.725005,-2.454212052181049,-0.1836918855439107,-20.663279197620653,1.8471546742576948,-1,-0.008489585037247172
490.524995,-2.7722063485785498,-0.167228727313804,-23.438516414525658,1.9627266582332368,-1,-0.014474298093617
483.42499,-3.291853384395779,-0.22895858771034439,-27.446048484178963,3.7702141791169197,-1,0.00429231016791265
485.5,-3.104438286938091,-0.01384783008421886,-23.82887007885858,0.0,-1,0.007157579814624171
488.975005,-2.4624437976310674,0.20938221974093496,-17.925547144920884,0.0,-1,0.004754813592158902
491.29999,-1.7424941531749596,0.30977728806568106,-14.114462973790495,0.0,-1,-0.024730297674135926
479.149995,-2.2498110681822823,-0.06584654231388054,-22.932577449936066,0.0,-1,-0.019722394028199863
469.70001,-3.103484020004089,-0.3065064980452292,-27.673739332659526,0.3001724675650621,1,-0.019001521843697744
460.774995,-4.015448077581368,-0.4061568518741696,-31.14036191577012,3.08684951837472,1,0.0021702566563968073
461.774995,-4.053476099904856,-0.14806162473255258,-29.601636584039042,0.0,1,0.018786238089830043
470.45001,-3.011782519407859,0.29787731858814803,-17.29990278612935,0.0,1,-0.01179724706563412
464.899995,-2.7024551025420465,0.20240157848465357,-20.536643843455337,0.0,1,-0.010539890412345487
460.0,-2.7309197188973258,0.057978987376458235,-23.144322084908758,0.0,1,-0.009673934782608695
455.54999,-2.888409550500171,-0.03317028140879552,-25.346131402210467,0.0,1,0.0034025135199762246
457.100005,-2.597285753759934,0.08598450511048039,-23.028893049581654,0.0,1,0.006617796908578111
460.125,-1.9832004592431076,0.23335659987576873,-18.463136098432507,0.0,1,0.01092093452866072
465.149995,-1.0921415237144743,0.3748051784681341,-11.380177919445678,0.0,1,0.05073633291127955
488.75,1.4110668210260542,0.9593378410695544,10.139461872180192,0.0,-1,0.0023017902813298186
489.875,2.638832091644133,0.7290343705625444,10.866165250931658,0.0,-1,-0.0072978004593008405
486.29999,2.734894552649507,0.2750322771893061,7.185055245546003,0.0,-1,0.003033117479603442
487.774995,2.6779349870980695,0.07269090387928934,8.340089618480462,0.0,-1,5.12428891521477e-05
487.79999,2.4283768720641774,-0.05895573705153412,8.361239817070455,0.0,-1,-0.011377593509175665
482.25,1.6387339085418375,-0.2828662335246246,1.86493351506887,0.0,-1,-0.0029548781752203324
480.82501,0.9886021010688637,-0.3109993469991994,0.2686276119645541,0.0,-1,0.005043394061386319
483.25,0.7832351889099982,-0.17212208638602167,3.0036569266940063,0.0,-1,-0.00010344542162432635
483.20001,0.6111163004213722,-0.11474699162488255,2.936972976163055,0.0,-1,0.018884519476727757
492.32501,1.2345471644752593,0.1695612908096682,12.504537998904432,0.0,-1,0.004773228969212839
494.67499,1.6392153327959704,0.19140981971012638,14.565799031167359,0.0,-1,-0.012129175966628103
488.67499,1.2049481392233474,-0.08095245795416561,5.8549493207415395,0.0,-1,0.013147828580300391
495.100005,1.4228201141684167,0.045639838996967885,11.961085577706442,0.0,-1,0.009644506062971958
499.875,1.8111040087936203,0.1446412445407239,15.860487911982318,0.0,-1,-0.007401870467616978
496.17499,1.5459864553733382,-0.04015876962651932,10.519148122817576,0.0,-1,0.012898695276841732
502.575,1.8179296407154197,0.0772614719051874,15.843151279167586,0.0,-1,-0.0004974381933045002
502.325,1.7815737633268327,0.013635198172200047,15.46002249071887,0.0,-1,0.00746528641815547
506.075,1.927431344355341,0.05316425973356953,18.513580693582924,0.0,-1,-0.010472756014424767
500.775,1.3980741895066444,-0.1587309650383757,10.16132743584047,0.0,-1,-0.01682391293495078
492.350005,0.3148065129567499,-0.4139995471960901,-0.4974184788465408,0.0,-1,0.003808266438425134
494.225005,-0.0968112013978839,-0.2752057538502413,1.6220420958368607,0.0,-1,-0.005766614337937015
491.375,-0.5320528751254301,-0.23681580919259587,-1.7949982676455392,0.0,-1,0.016484365301450143
499.475005,-0.03033555572875457,0.08830050340135989,7.159932461174826,0.0,-1,-0.00045048300264793895
499.25,0.20430065028034505,0.10764556980348654,6.856529977898532,0.0,-1,-0.006159258888332575
496.17499,0.048342865761526355,-0.016104071571777387,2.6156659363175336,0.0,-1,0.01839070929391262
505.3,0.7267529013553258,0.22076865467400741,11.968820321904829,0.0,-1,-0.009400356224025352
500.55,0.6095618440392627,0.03452586578598149,5.618963092865236,0.0,-1,-0.007242053740885046
496.92499,0.1980853283779993,-0.125650216625094,1.1726340931455397,0.0,-1,0.003924153623266147
498.875,0.1383407931825218,-0.061798250606857175,3.399305908371673,0.0,-1,-0.0016035880731646301
498.07501,0.030274292819569837,-0.05662158365660305,2.311882996588821,0.0,-1,-0.023992390222508875
486.125,-1.022115981763534,-0.36967061941323565,-10.902640235229768,1.0279604829390223,-1,-0.001954250449987205
485.17499,-1.5423022872415117,-0.2966189749637378,-11.75599940722514,1.081273796339417,-1,0.0002061215067989952
485.274995,-1.6655364993770263,-0.13995106236641752,-11.598743376089459,0.0,-1,-0.0011848642644362029
484.70001,-1.6362743138300289,-0.03689629227313995,-12.213435789054387,0.0,-1,0.03161747407432469
500.025,-0.20820452823738833,0.46372449777316693,7.793886068369318,0.0,-1,-0.024248797560121993
487.899995,-0.48723634142129413,0.06156422819642038,-4.943983137722576,0.0,-1,-0.020649692771568806
477.82501,-1.4257313028947465,-0.2923102444256773,-12.562081191569952,1.1507542211148802,-1,-0.0002616020454851986
477.70001,-1.7865845083902627,-0.21772114997373126,-12.649140948995289,0.0,-1,-0.00481476858248342
475.399995,-2.009796985438811,-0.14697787567409315,-14.34430899767505,0.0,-1,0.007677734620085586
479.04999,-1.6497538918432042,0.07102173930717126,-9.576628159309806,0.0,-1,-0.009811053330780695
474.350005,-1.7239182707251643,-0.0010475465249295546,-13.45126558901628,0.0,-1,0.004216295939535097
476.350005,-1.4506739376056998,0.09073226219817832,-10.700328923879788,0.0,-1,-0.007505006743938281
472.774995,-1.491079776245499,0.01677547451945971,-13.816066257600859,0.0,-1,-0.009465401189417855
468.29999,-1.7599431308782414,-0.08402929337109422,-17.409701662194045,0.0,1,0.005925731495317832
471.07501,-1.5164612139547557,0.05315087451746381,-13.092279322976104,0.0,1,0.0076420525894591584
474.67499,-0.9683501543301531,0.2004206447140222,-7.759911383529605,0.0,-1,-0.021857060554212104
464.29999,-1.47818211165702,-0.10313710420428146,-16.756798006760725,0.0,1,-0.012761124547945757
458.375,-2.1036654143489955,-0.24287346896541906,-20.714772860527642,0.0,1,0.020889031906190292
467.95001,-1.4431841144992177,0.1392026102947863,-8.259670257788436,0.0,1,0.00021365530048811365
468.04999,-0.9843464550327781,0.19934675658707524,-8.140861075999304,0.0,1,-0.0009080013013139654
467.625,-0.70831458738013,0.15845954141324115,-8.540191449587688,0.0,1,0.007484629778134133
471.125,-0.21960577127214265,0.2157227858404095,-3.8402151840674605,0.0,1,-0.0061024144335367625
468.25,-0.19653421561213236,0.07959811383347326,-6.991739749135675,0.0,1,0.010144153764015007
473.0,0.22721274685221715,0.16778169209927427,-0.6442719752414163,0.0,-1,0.023572928118393177
484.149995,1.3493180825133777,0.42996234258681165,10.755698919713609,0.0,-1,0.016575431339207247
492.17499,2.466677160134509,0.5157738067359812,16.74245058399552,-4.427191460547704,-1,0.0034032915813133613
493.850005,2.959384852267192,0.33616049962288796,17.878865539900005,-2.6929972531040107,-1,-0.005973493915424788
490.899995,2.7132891273112705,0.030021591555655647,13.624513277821961,0.0,-1,0.030861693123463985
506.05,3.6266342542240864,0.314455572822824,23.206817458438792,-6.455577019552038,-1,-0.01185653591542335
500.05,3.281087296495116,-0.010363794968715645,15.602229244203443,0.0,-1,0.01014898510148976
505.125,3.257806542922708,-0.011214849513707659,18.6616716914463,0.0,-1,0.003316010888394061
506.8,3.1142656208929793,-0.05158525718114548,19.65155651794437,0.0,-1,-0.02313533938437251
495.07501,1.805890524803658,-0.45332011775682224,5.914633005125346,0.0,-1,0.018886006789152976
504.425,1.7803779330254201,-0.15961090317835347,12.472523643279388,0.0,-1,0.0035188581057639112
506.2,1.7671734760508002,-0.057605120050991054,13.614208492244764,0.0,-1,0.0
506.2,1.6133067912259662,-0.0704906016252751,13.614208492244764,0.0,-1,0.012593836428289373
512.575,1.9331812162113806,0.08312794112004651,17.93904895394799,0.0,-1,-0.0018046139589329435
511.65,1.8549366606864623,0.0016277951983760808,16.661630369485437,0.0,-1,0.007720121176585604
515.6,1.990402994533497,0.0456980430151368,19.39223163144831,0.0,-1,0.002618308766485722
516.95,2.004769245245882,0.020021431242507326,20.315520358242594,0.0,-1,-0.013637682561176256
509.9,1.2573882668315832,-0.2424531823905971,9.841340657740659,0.0,-1,-0.011767013139831306
503.9,0.2789154220550927,-0.4069753423890292,2.4528229887642468,0.0,-1,0.0037209763842032118
505.775,-0.07731395217103909,-0.25440157220505366,4.4074219516998525,0.0,-1,0.010182393356729769
510.925,0.1801808567301464,0.0010310788987105968,9.48973548424847,0.0,-1,0.01267309291970431
517.4,0.8334965231198908,0.2181155817628183,14.948169236916613,0.0,-1,-0.022081561654425874
505.975,0.13861297938808548,-0.15892265398966232,1.3762987904635366,0.0,-1,0.01670042986313547
514.425,0.48378679257319845,0.06208371973181687,8.502424876281744,0.0,-1,0.011128930359138867
520.15,1.0931414664513568,0.22381279786999175,12.625807008820189,0.0,-1,-0.018071710083629733
510.75,0.5233903478527964,-0.11531277357618952,3.0153816465246166,0.0,-1,0.011111111111111072
516.425,0.6678155928990464,0.009704157156686821,7.40057287254475,0.0,-1,-0.004986203224088603
513.85,0.4697935826806088,-0.06277261768725029,4.820995216553115,0.0,-1,0.012406344263890201
520.225,0.8628831123479586,0.11010563732669987,9.791603913963051,0.0,-1,-0.008698159450237886
515.7,0.6104376178193434,-0.047446619067305074,5.017724702140747,0.0,-1,-0.002472367655613872
514.425,0.3270950690700829,-0.11026305593885521,3.676008911858034,0.0,-1,0.0061233415949848435
517.575,0.4206658722729344,-0.005564084245334555,6.5825726488516025,0.0,-1,-0.0031879437762645235
515.925,0.2948957845183031,-0.04377805733332196,4.589098160662189,0.0,-1,-0.0061539952512477125
512.75,-0.05714724140227645,-0.13194036108463386,0.7651586304627713,0.0,-1,-0.0031691857630423703
511.125,-0.36382315091236705,-0.14620542353157484,-1.1796337993283927,0.0,-1,-0.013157251161653227
504.4,-1.0472591764246886,-0.2765471496812988,-8.491682161958494,0.0,-1,-0.01273789651070567
497.975005,-1.8371218411454606,-0.3554699381340236,-14.185854554550673,2.200599338368022,-1,0.00366481245378969
499.79999,-1.9268776034103894,-0.14840856679965087,-11.522238625208722,0.0,-1,-0.018057213246442827
490.774995,-2.563265267591987,-0.26159874366041613,-18.666888637967265,4.394355678317936,-1,-0.028679099675809616
476.70001,-3.84076907738347,-0.5130341844839665,-26.294369603204114,10.853963323418157,-1,0.014422068084286366
483.57501,-3.5865402258305608,-0.08626844431035252,-17.390866704089113,0.0,-1,0.0017577004237665506
484.42499,-3.0897157812348723,0.13685200009511211,-16.327566314573602,0.0,-1,-0.03865403393000011
465.70001,-4.144242243834128,-0.3058914875013814,-25.709019608489434,6.61921118639151,1,-0.006978741529337751
462.45001,-4.596985288147607,-0.25287817727162043,-26.947619081149966,2.61932561356781,1,-0.0024326953739280954
461.32501,-4.534024702958732,-0.06330586402758165,-27.391016876153586,0.0,1,-0.003739240150886225
459.600005,-4.268459435117677,0.06741980127115799,-28.108399066662525,0.0,1,0.008811988589947806
463.649995,-3.442472681603988,0.29780218492828237,-22.137347604721498,0.0,1,-0.0038822172315562398
461.850005,-2.892605748046833,0.28255637282847923,-23.150923024135217,0.0,1,0.003085395657839163
463.274995,-2.257872635597664,0.30576316175921603,-20.882764144306197,0.0,1,0.003021952436694786
464.67499,-1.6356837764066086,0.3093173403167573,-18.56211219887539,0.0,1,-0.016247894038799005
457.125,-1.8174481987772424,0.042517639315374556,-23.71801686864655,0.0,1,0.01203171998906205
462.625,-1.2985430600644463,0.18714092600939014,-15.078967129296323,0.0,1,-0.006808959740610576
459.475005,-1.1933781523693483,0.09743527790149598,-17.502489792444933,0.0,1,0.0039718917898481365
461.29999,-0.8892654358243135,0.13384933148217693,-14.615764755466799,0.0,1,0.012681563249112626
467.149995,-0.17560320789982597,0.28250385313555487,-6.074785335801906,0.0,1,0.0035856042340320915
468.82501,0.335446090054063,0.2645177170298147,-3.8118754044709604,0.0,1,-0.006558971757927412
465.75,0.3067660648598576,0.07861256394520308,-7.324738033288639,0.0,1,0.015029522275899154
472.75,0.8501955468577194,0.20734734864768833,1.923744326156985,0.0,-1,0.0012163088313061898
473.32501,1.0989781589518657,0.15204332024727818,2.6214068625264417,0.0,-1,-0.0031690698110374838
471.82501,1.0067879517529263,0.019951037682779615,0.49739427099409994,0.0,1,0.00047682932280324053
472.04999,0.8955421855073951,-0.030431576187583853,0.8281605524490203,0.0,1,0.0213430997000974
482.125,1.6048749535923434,0.22630039729912155,13.097221021781301,-4.135221123075098,-1,-0.013170868550687054
475.774995,1.2966346748354454,-0.027313293819258844,3.7118575568274608,0.0,-1,0.003625673938580931
477.5,1.1782120625540529,-0.04857863536688378,5.700748779029972,0.0,-1,-0.002303675392670179
476.399995,0.9291493345338608,-0.09921378779569201,4.055090464581092,0.0,-1,0.009393377512525003
480.875,1.1001059426459392,0.023914273438795375,9.46802480832315,0.0,-1,-0.003951120353522186
478.975005,0.9355758348148129,-0.04687194479744361,6.336870296335086,0.0,-1,0.0036536353290501644
480.725005,0.9211794613313486,-0.020422772760302577,8.569341679094663,0.0,-1,-0.004316417865552924
478.649995,0.6642988194786881,-0.09243447153765438,4.873021772577026,0.0,-1,-0.0026115115701610403
477.399995,0.37633359692915747,-0.12679989802906166,2.6490117414580823,0.0,-1,0.029849183387612
491.649995,1.3884898525769245,0.29511878587290186,18.71179636897348,-1.9853965594514307,-1,0.01261061743730929
497.850005,2.2955279926860612,0.40071897532734635,23.119951353447306,-3.998677116888871,-1,-0.010595550762322437
492.57501,2.1181701466834966,0.07445370977492738,14.525908643493253,0.0,-1,0.011216555626725855
498.100005,2.313393294791922,0.08989228596111776,18.79428823058214,-0.20518712870716627,-1,-0.019223067464133048
488.524995,1.4203045942801396,-0.2677321381835549,5.853348695597646,0.0,-1,-0.005782682624048685
485.70001,0.6199861111675773,-0.3560168737653724,2.6091382739186884,0.0,-1,-0.0020074222357953087
484.725005,0.08691094368060703,-0.2963640137507809,1.4628294224529412,0.0,-1,-0.011037196234594981
479.375,-0.6327029687029153,-0.3386593087114344,-4.572047978145719,0.0,-1,0.02148628943937414
489.67499,-0.08145217750274014,0.07086382749624692,6.372044595951046,0.0,-1,-0.018430581884527064
480.649995,-0.5511220171107993,-0.1329353373706041,-2.8363615257414523,0.0,-1,-0.0050452304696267936
478.225005,-0.9421126021555892,-0.1746419741384646,-5.029513545498055,0.0,-1,-0.00820746501952574
474.29999,-1.3861830944983353,-0.20623748882707016,-8.500059267132755,0.0,-1,0.016076323341267518
481.92499,-0.8572864161282041,0.10755306318102031,-0.14657797208658963,0.0,-1,-0.006276900062808455
478.899995,-0.773480458932454,0.06378634012559015,-3.0987260743334915,0.0,-1,0.0008352370101820661
479.29999,-0.6337878587568753,0.06782631343372292,-2.6407397159690262,0.0,-1,-0.006780722027555197
476.04999,-0.7819592371059798,-0.02678168830512717,-6.062065033338243,0.0,-1,-0.012446150875877526
470.125,-1.2846308231883654,-0.1764844247958377,-11.670980803423937,0.0,1,-0.01106090933262438
464.92499,-1.8622482142972103,-0.2513672719682276,-15.9141248292309,0.13247380085738314,1,0.014733570247536187
471.774995,-1.4250358086601977,0.06194837788959506,-6.7230947968659365,0.0,1,-0.00021197605015077503
471.67499,-1.09601037178669,0.13032460492103426,-6.820762052522738,0.0,1,-0.0033921238859833114
470.07501,-0.9734951223676944,0.08427995144667655,-8.486226367451685,0.0,1,0.0032973248248189257
471.625,-0.7019470707942332,0.11860933434004595,-6.154813544602952,0.0,1,-0.017174672674264535
463.524995,-1.1826778724413316,-0.12070715576901758,-14.39582300243616,0.0,1,-0.0025349010574930997
462.350005,-1.4224026172281015,-0.12014396685192907,-15.442721083131815,0.0,1,0.005947874922159979
465.100005,-1.1945647715191399,0.035897959619010766,-10.794132295166236,0.0,1,0.005751429738212854
467.774995,-0.7581829510380658,0.15742659336669496,-6.4595787275791,0.0,1,0.01747638306318633
475.95001,0.20444112178898877,0.37335022206458324,4.545302670338245,0.0,-1,0.010767937582352394
481.07501,1.0957997313867622,0.4215696105541189,9.97903335394129,0.0,-1,-0.011692563286544444
475.45001,0.9814123919034046,0.10239409035692038,2.3476591049126583,0.0,-1,-0.004101398588676086
473.5,0.6799335228364498,-0.06636159290334476,-0.09798455357560698,0.0,-1,-0.01224918690601895
467.70001,-0.010799538600110736,-0.25236488477996843,-6.7722894820412165,0.0,1,0.023145145966535274
478.524995,0.5468159755649822,0.10175020979504146,5.5550182871429215,0.0,-1,0.019121247783514317
487.67499,1.5425553180170937,0.36582985074905117,13.083442320444938,-1.9174545928020734,-1,-0.003075818999862978
486.17499,1.786878712741725,0.20338441515789407,11.195331314040502,0.0,-1,0.004833660818299279
488.524995,1.9559676007089024,0.12415776770835718,13.116978480663278,0.0,-1,-0.005117445423647116
486.024995,1.6691814113000873,-0.05420947390015263,9.626707002333305,0.0,-1,0.012345044106219172
492.024995,1.8866898656540343,0.05443299348459818,14.815154106807924,0.0,-1,0.001575113069204992
492.79999,1.902802854026504,0.02351532728568939,15.452341217752107,0.0,-1,-0.005834009858644684
489.92499,1.512709110377216,-0.12219280545453293,10.905943321361377,0.0,-1,-0.01061383906952773
484.725005,0.7582710626877542,-0.29221028438133145,3.445341753620937,0.0,-1,0.010985579338949059
490.04999,0.7616115336190887,-0.09628993781666562,9.140214729442619,0.0,-1,0.01066218774945793
495.274995,1.1352312246164615,0.09244325106023576,13.948302912642752,0.0,-1,0.0033314724479478475
496.92499,1.3649380513971323,0.10738335928030218,15.377803599393246,0.0,-1,0.0002012476772399463
497.024995,1.3743803771710645,0.03894189501807821,15.470008012764012,0.0,-1,-0.023137669364093005
485.524995,0.306236508627137,-0.34306732450861643,-1.15182894158351,0.0,-1,0.027084074219495102
498.67499,0.842477781969535,0.06439131627792716,11.323869720049196,0.0,-1,0.013886820351668439
505.6,1.6174761034766334,0.2797965459283418,16.154044018411753,0.0,-1,-0.005587420886076
502.775,1.6347689222737927,0.09902978824183362,12.609846129840832,0.0,-1,-0.012132683605986738
496.67499,0.9988504214829277,-0.17896290418301053,5.478727791109563,0.0,-1,-0.009412573804048363
492.0,0.20807113596390536,-0.32324739656734436,0.5736393322063762,0.0,-1,-0.0002540650406503975
491.875,-0.2150744347925979,-0.2487976557746159,0.44114658117465666,0.0,-1,-0.015756035578144867
484.125,-1.0545576839381283,-0.3627603016400488,-7.2704666626122645,0.0,-1,-0.004544301575006515
481.92499,-1.5697536681827273,-0.29265209529488256,-9.23616024226532,0.0,-1,0.005706282216242808
484.67499,-1.467372187956471,-0.06342353835620873,-5.678682826805485,0.0,-1,0.012276288487673037
490.625,-0.7980662655136257,0.2019607946955455,1.3458526585706423,0.0,-1,0.0065732585987261505
493.850005,-0.12815736549941903,0.29062323156991743,4.781547190462746,0.0,-1,-0.00632783227368805
490.725005,-0.042939801700697444,0.12528026512287968,0.9109084070022746,0.0,-1,-0.0063681287241517115
487.600005,-0.2571693696596071,-0.029649767612009992,-2.7949933636721624,0.0,-1,0.046810899848124476
510.425,1.5592295438326005,0.5955830486267326,16.81118540849424,-2.2428782806436516,-1,-0.09560660234118634
461.625,-1.7291734614073562,-0.8976066522044079,-14.503665504316345,9.863020529050914,1,-0.05399402112103979
436.70001,-5.3063596755767435,-1.491597622124599,-21.9617152303912,20.478613566055515,1,0.0022899014817976404
437.70001,-6.569422809696675,-0.9182202520815101,-21.2939604510273,9.360843329291583,1,0.019876593103116402
446.399995,-5.9285037259485875,-0.09243372277780715,-15.425321911420525,0.0,1,0.021673420941682675
456.07501,-4.307750956912173,0.5094396820862022,-9.385101869834692,0.0,1,0.031628547242700256
470.5,-1.9363128259846007,0.960292604337925,-1.5074260665426564,0.0,1,-0.014399564293305023
463.725005,-1.1538172750221065,0.5809293851001398,-4.6470463292538255,0.0,1,-0.0008625694014494645
463.32501,-0.699750976622397,0.3449985611666164,-4.838855734243253,0.0,1,-0.01262613688822889
457.475005,-0.9019056627039959,0.04761462502833924,-7.7430247901767615,0.0,1,0.005464779436419764
459.975005,-0.7194908671860958,0.07667647351541307,-6.0320839484720565,0.0,1,-0.02146855784044177
450.100005,-1.391242563828314,-0.1983584077089351,-11.091852002554546,0.0,1,0.0018884803167242836
450.95001,-1.5403477818304054,-0.11582120857034228,-10.426783968434364,0.0,1,-0.006985297549943592
447.79999,-1.7490397423455875,-0.10817105636184143,-12.124595146307307,0.0,1,0.00016750781973007278
447.875,-1.7013815774076875,-0.020170963807980558,-12.054154675291336,0.0,1,-0.012782595590287493
442.149995,-2.01285444682145,-0.11054794440724769,-15.38278105061061,0.0,1,-0.00633266998001436
439.350005,-2.2341855109598896,-0.11062633618189599,-16.95787647187094,0.0,1,0.006088517058284726
442.024995,-1.9357530837824584,0.06260203033184508,-13.872882071870073,0.0,1,-0.000339336014245073
441.875,-1.6377236965452084,0.12021047252303174,-13.976289862133243,0.0,1,0.009787858557284368
446.20001,-0.9918145282144337,0.2553732136179354,-8.60223671012514,0.0,1,0.017761070870437656
454.125,0.07420709996881669,0.440464947267062,-0.04366805228557524,0.0,1,0.000935843655381241
454.54999,0.6364498223963437,0.3342358898981963,0.38806036142327116,0.0,1,0.0034649874263554814
456.125,0.9957845317437091,0.23119019974852062,2.090021230768592,0.0,1,0.0004932967936421839
456.350005,1.1112202587721072,0.11554197559230628,2.349497231427847,0.0,1,-0.003451320220759113
454.774995,0.9450856007219954,-0.01686422748593519,0.23350842699506558,0.0,1,-0.0123687539153291
449.149995,0.31451113830343047,-0.21581289663483338,-6.710085027738224,0.0,1,-0.0032839920214181584
447.67499,-0.14990243776452417,-0.22674215756759603,-8.386024898510868,0.0,1,0.011783146518861809
452.95001,0.06996764401526434,-0.002290691929269173,-0.6016384474504477,0.0,1,-0.0067336680266328885
449.899995,-0.08009586876278263,-0.05078473490243872,-4.499008928000073,0.0,1,-0.004223149635731782
448.0,-0.30678588608827795,-0.09249158407597802,-6.855123218331833,0.0,1,0.00435270089285722
449.95001,-0.23206457091026778,-0.005923422965989272,-3.6850400962578718,0.0,1,0.004055972795733442
451.774995,-0.02328311574547115,0.06761934406626913,-0.7429452626070727,0.0,1,-0.004371656293195247
449.79999,-0.08153587851757038,0.003122193764723294,-3.788193644950802,0.0,1,0.0038350489958882683
451.524995,0.03988281330617838,0.04151362852949069,-0.7436934573820082,0.0,1,0.018935862011359994
460.07501,0.8097698414425736,0.2704668855552953,11.315114315963925,0.0,1,0.004075422396882633
461.95001,1.283482535390533,0.24805985983441836,13.432543694717538,0.0,1,0.012501341865973847
467.725005,1.89463158774862,0.2864029707308351,19.201586856776316,-2.7746805644256938,1,-0.005077770002910098
465.350005,1.844403481615302,0.07872495486583908,14.54826490093825,0.0,1,-0.0036531857348964802
463.649995,1.5239216384140377,-0.0805856294451417,11.27145967423364,0.0,1,0.0030195082823196717
465.04999,1.3533534969455445,-0.08371792363787822,12.990597241821646,0.0,1,0.009568885271882266
469.5,1.5261241347991472,0.02968423807190823,18.006341651045915,0.0,1,-0.009052183173588912
465.25,1.1311657758259912,-0.12175804030041593,9.4556389725062,0.0,1,-0.006609371305749678
462.17499,0.5831719483539359,-0.22325062259082373,3.9975393844551945,0.0,1,0.002812819880193107
463.475005,0.3689119555884304,-0.14583687178544313,5.899288917319659,0.0,1,0.013539014903295676
469.75,0.753955546239979,0.07973557295536848,13.902614954088179,0.0,1,-0.01383714741883979
463.25,0.34198104604575974,-0.11074630907961691,2.861312167679209,0.0,1,0.009498100377765661
467.649995,0.4741616254448786,0.007144756773167338,8.282741121071723,0.0,1,0.01288355621601145
473.67499,1.0028213630239975,0.17860149811742876,14.495465695010552,0.0,-1,-0.001055576102930833
473.17499,1.1419161182282096,0.10589875110721358,13.62180434765228,0.0,-1,-0.0023775559228098597
472.04999,1.0225538193113266,-0.004487849269889876,11.537812563938047,0.0,1,-0.023567419204902462
460.92499,-0.04942348175643474,-0.3588217167792171,-4.748644022696034,0.0,1,0.005640841907920802
463.524995,-0.36462642547724045,-0.22467488683334091,-1.2279886899416468,0.0,1,-0.004476533137118044
461.45001,-0.6647577785478802,-0.1749354133013269,-3.8590727862546217,0.0,1,0.004063278707047813
463.32501,-0.6031769735375292,-0.03778486943032533,-1.0917571081207953,0.0,1,0.002212259165547792
464.350005,-0.43670557323758885,0.04289551028987165,0.45450104579124684,0.0,1,0.02885753172329575
477.75,0.7995885080155176,0.42639653051432613,15.584178863004794,-1.8410723381717276,-1,-0.0033490423861852747
476.149995,1.2177694229741292,0.28152581515764596,13.030589636069159,0.0,-1,0.002310206891843025
477.25,1.4170461785388966,0.16026752357413776,14.09840581221951,0.0,-1,0.00790988999476161
481.024995,1.7131802914430523,0.15213387882609775,17.66021250468178,-0.06392925258211335,-1,-0.0104983941634883
475.975005,1.2976498236081966,-0.08779886300291939,8.964959126428532,0.0,-1,-0.00299388620207075
474.54999,0.8629958543900784,-0.17415094407367926,6.681078513780001,0.0,-1,0.002844810933406716
475.899995,0.6862529652485705,-0.11696461107172906,8.378052650238367,0.0,-1,0.038453488531766
494.20001,2.0656950235737668,0.42082581575115574,23.82310261727912,-6.180201670010604,-1,-0.017654805389421213
485.475005,1.8561910507718835,0.07044061431642423,11.695099020189573,0.0,-1,-0.010711179662071468
480.274995,1.1634223101399357,-0.20744270877184112,5.641774211041792,0.0,-1,0.005934110727542796
483.125,0.9575864973123203,-0.13775950719981878,8.142768750056284,0.0,-1,5.173609314357286e-05
483.149995,0.7769526327891185,-0.10613112390767354,8.165753275392206,0.0,-1,0.02582014928924914
495.625,1.6614733977951346,0.25946321369944747,17.931212303455,0.0,-1,0.018461538461538307
504.775,2.727777663815175,0.44192249323982935,23.05684037205009,-3.6336143444409004,-1,-0.010697835669357558
499.375,2.583614991507261,0.09925327364397196,16.126273590179395,0.0,-1,-0.014067574468085042
492.350005,1.7108161560610142,-0.25784852060075836,8.152143041001416,0.0,-1,-0.0020310754338267456
491.350005,1.0485153919995014,-0.30671642822075706,7.063761521414378,0.0,-1,-0.006716220548323881
488.04999,0.35498747730213154,-0.33341478097270905,3.399187579938612,0.0,-1,-0.01772358401236729
479.399995,-0.742191686488411,-0.47686464825441727,-5.014609289955253,0.0,-1,0.027690853438578023
492.67499,-0.12268237784297753,0.04754822013033877,6.6362975405091404,0.0,-1,-0.0010148678340664574
492.17499,0.15562914129998262,0.10861991309109965,6.138746616417947,0.0,-1,0.006044608239845761
495.149995,0.529732889096465,0.1609078869625274,8.54632747048933,0.0,-1,0.009593052707190353
499.899995,1.0684736889033388,0.23321622892313376,12.224819284590502,0.0,-1,0.0020504201045250525
500.925,1.3342216980648232,0.16632141269487266,13.011792465136175,0.0,-1,0.0034436292858210926
502.65,1.4996605611401606,0.11058675859006994,14.398676445324554,0.0,-1,0.005172585297920973
505.25,1.6740749459161748,0.09500038112202813,16.502142992081986,0.0,-1,-0.006679861454725433
501.875,1.340525892811172,-0.07951622399432479,11.280029004669743,0.0,-1,0.009315068493150669
506.55,1.451624208524379,0.01052736390629394,15.455066639922805,0.0,-1,0.009673280031586184
511.45,1.7945380156706392,0.11781372368418475,19.30903283837614,0.0,-1,-0.00615895982011927
508.3,1.553950084604537,-0.04092473579397238,14.193547077575445,0.0,-1,-0.012443438914027105
501.975,0.7770769453544517,-0.27259929168135266,5.117548824414463,0.0,-1,0.011853179939240066
507.925,0.8197172969498752,-0.07665298002864307,10.896309435751142,0.0,-1,0.006103263277058568
511.025,1.0310610313350708,0.04489691811885088,13.60873313411063,0.0,-1,0.016926764835379915
519.675,1.771644479249744,0.26182678867784137,20.049721953868982,-0.39289953724721727,-1,-0.0036080242459228806
517.8,1.838049163269602,0.10941049089923305,17.1857093009192,0.0,-1,-0.001303592120509789
517.125,1.6618307416737252,-0.02226931023221468,16.104623057747347,0.0,-1,-0.0009668842156151936
516.625,1.3935689690696336,-0.09684369427876871,15.24060045045671,0.0,-1,0.00851681587224773
521.025,1.5099740020118588,0.00652044622115211,19.179485605616733,0.0,-1,-0.008156998224653322
516.775,1.0881786849819264,-0.1384249569362601,11.678341880420895,0.0,-1,-0.0037250253979003167
514.85,0.6261828027185175,-0.20014027973322301,8.486752855029543,0.0,-1,-0.008157715839565038
510.65,-0.006997038639724451,-0.277773373697155,1.9677091475785318,0.0,-1,-0.005776950944874182
507.7,-0.5688372060989195,-0.27987118038545,-2.1910679288661328,0.0,-1,-0.003348434114634591
506.0,-0.9440208559869347,-0.2183516100911551,-4.521429296851856,0.0,-1,0.023764822134387353
518.025,-0.050860942931990394,0.22493610098792977,10.580162155080309,0.0,-1,0.005115583224747811
520.675,0.6207907588396893,0.2988626009198698,13.08390390775147,0.0,-1,0.010467182023335075
526.125,1.359050713155625,0.34570751841193537,17.7627692375184,0.0,-1,0.022380612972202396
537.9,2.596176464217251,0.5276110898245205,25.28314965065958,-6.554414962474539,-1,0.0024632831381299347
539.225,3.1088079677300584,0.3467475311124426,25.983639315377687,-3.480888910842623,-1,0.002503593119755232
540.575,3.2185563888422166,0.15216531740820027,26.730219187493788,-0.7610062048848931,-1,0.038570041159875945
561.425,4.742717566994884,0.5587754985202888,34.82527309417142,-12.074839028921474,-1,0.026049784031705103
576.05,6.328321692154873,0.7147932078934263,38.06200161372931,-15.109642329818712,-1,0.0005207881260307357
576.35,6.618763613721967,0.33507837648684013,38.1197571445354,-6.130099459435996,-1,-0.008024637806888224
571.725,5.827004273362036,-0.15222698795769674,31.375936144209504,0.0,-1,0.005728278455551239
575.0,5.218457580401832,-0.2535912269726337,32.433657210048636,0.0,-1,0.02356521739130435
588.55,5.608479435554955,0.04547687606016293,36.07045473176751,0.0,-1,0.007391045790502204
592.9,5.698617076835262,0.045204839113489825,37.02839604159276,0.0,-1,-0.008770450328891788
587.7,4.8354678077390645,-0.2726481433275696,29.744338007302588,0.0,-1,0.006380806533945904
591.45,4.31343752254611,-0.2648928095068417,31.017410923813856,0.0,-1,-0.010355904979288177
585.325,3.1825525864040856,-0.46525924854962186,22.722564680558705,0.0,-1,-0.017426216204672662
575.125,1.5018974027993863,-0.715304810718107,11.139949562994644,0.0,-1,-0.004911975657465817
572.3,0.3009950274304174,-0.6387357286956921,8.283297640917489,0.0,-1,-0.00117945133671149
571.625,-0.3807890792065791,-0.4401732784442296,7.56918756434456,0.0,-1,-0.004417231576645531
569.1,-0.9003653759245935,-0.3199165250540813,4.7795082944912295,0.0,-1,-0.026752767527675303
553.875,-2.3538730762898012,-0.5911414084730964,-8.64610198794157,0.0,-1,0.0011735499887157719
554.525,-2.830304170114914,-0.3558575007660698,-7.9721194709634915,0.0,-1,0.022722149587484752
567.125,-1.7826610361845496,0.23059521105476488,3.530402462068558,0.0,-1,-0.022129160238042678
554.575,-2.156117716203994,-0.047620489654893294,-6.10772479720751,0.0,-1,-0.005725104809989778
551.4,-2.4277529131967412,-0.1064185622158802,-8.222165763670006,0.0,-1,-0.004579252811026446
548.875,-2.5716744355933088,-0.08344669487081591,-9.927950294834865,0.0,-1,0.015212935549988593
557.225,-1.7334956604921672,0.2515773600767752,-2.110172164652049,0.0,-1,0.012203328996365892
564.025,-0.6032816345673382,0.4605971286672015,3.3915483045201285,0.0,-1,0.003279996454057965
565.875,0.16626551460910832,0.4100480926145494,4.833056196868604,0.0,-1,0.004594654296443679
568.475,0.7538502963132032,0.33254429143954817,6.9139418764937375,0.0,-1,0.009191257311227385
573.7,1.4202384958058474,0.33297749697739754,10.932863473209707,0.0,-1,0.011635000871535572
580.375,2.1913293875683166,0.36802279624662226,15.500653251893837,0.0,-1,-0.00439371096273955
577.825,2.1817640511522995,0.11948581994353491,12.403587086972301,0.0,-1,-0.014753601869078148
569.3,1.28475104534823,-0.2591757286201781,3.0806494715998056,0.0,-1,0.010187950114175504
575.1,1.2125152886671913,-0.11047049510040563,7.841844007688039,0.0,-1,0.019474873934967718
586.3,2.008687802937743,0.22856733972338206,15.379620824922029,0.0,-1,-0.010105747910625906
580.375,1.7456334098282014,-0.01149568446205329,9.161895009244311,0.0,-1,-0.00417833297436998
577.95,1.2665534291211316,-0.16352522172304096,6.7093081489914255,0.0,-1,-0.003936326671857615
575.675,0.7318839863407902,-0.23273155483446084,4.360264790940484,0.0,-1,-0.0062969557476006965
572.05,0.1014755994223151,-0.2877133139176454,0.6460551891013822,0.0,-1,0.01096932086356106
578.325,0.3007317726778638,-0.029485713554032233,6.378602289626947,0.0,-1,0.0058358189599274635
581.7,0.6565488782490547,0.10877713067238626,9.209976388723327,0.0,-1,0.019210933470861224
592.875,1.7109950245139771,0.38774109231243625,17.07287587301552,0.0,-1,-0.0016445287792536956
591.9,2.014385178936891,0.23037708224511677,15.84246705000183,0.0,-1,-0.0025342118601114905
590.4,1.8732148245702547,0.0297355759594935,13.84056258495852,0.0,-1,0.001439701897018919
591.25,1.7173617453394172,-0.04203916775711458,14.519779849306957,0.0,-1,-0.008964059196617247
585.95,1.0546550602790603,-0.23491528427249042,7.0902182310064035,0.0,-1,-0.021460875501322696
573.375,-0.41250287060768187,-0.5673577383864109,-6.204741374246346,0.0,-1,0.015522127752343629
582.275,-0.37003993016719505,-0.1749649326486414,2.4949627987020477,0.0,-1,0.0025331673178481395
583.75,-0.19505513243291261,6.621695213676615e-06,3.811475709102787,0.0,-1,-0.005310492505353315
580.65,-0.34964147252969724,-0.05152657280052364,0.5406779809497522,0.0,-1,0.005424954792043302
583.8,-0.13529785320054089,0.05427234884287757,3.7168775763495105,0.0,-1,-0.010577252483727206
577.625,-0.5314345557693514,-0.113954784575311,-2.8748103341126665,0.0,-1,-0.001082016879463299
577.0,-0.737300027406377,-0.10660675207077885,-3.516296281700434,0.0,-1,-0.019237435008665593
565.9,-1.7037910942742656,-0.35769927297955584,-13.35877479088657,1.3534623289126557,-1,0.004726983566001097
568.575,-1.8221373698520438,-0.15868184951911135,-9.959249791202332,0.0,-1,0.002901991821659289
570.225,-1.5919657268199217,0.023829931171003516,-7.832572336867102,0.0,-1,-0.014248761453812042
562.1,-2.021299428068801,-0.13516792335929195,-14.685754614098492,0.0,-1,0.020770325564845926
573.775,-1.0946079930208725,0.2638411705628787,-1.3590403799305193,0.0,-1,-0.017907716439370835
563.5,-1.3962949427451576,-0.01261525972046873,-9.515249234408998,0.0,-1,-0.013975155279503104
555.625,-2.0870305057119367,-0.2344502742290826,-14.573910930640302,0.42016663633546614,-1,0.001934758155230698
556.7,-2.168895745052623,-0.10543850452325643,-13.372856086609843,0.0,-1,0.009744925453565534
562.125,-1.5770037193019562,0.16215117374247012,-7.3877267549694,0.0,-1,0.03411162997553907
581.3,0.4482759368486313,0.7291436099643527,8.13881923259887,0.0,-1,0.007612248408739086
585.725,1.792309436853202,0.6910590366563079,10.85446698070843,0.0,-1,-0.03265184173460245
566.6,0.7212170671176636,-0.12667777769307687,-3.600596890380878,0.0,-1,-0.007059654076950195
562.6,-0.2077638733431968,-0.3518862393846457,-6.027882970719105,0.0,-1,0.0006665481692142983
562.975,-0.6236906874617034,-0.2559376845010508,-5.724227301586197,0.0,-1,0.006128158443980514
566.425,-0.49217987056579204,-0.0414756225350465,-2.7990728957419435,0.0,-1,0.040252460608200646
589.225,1.5145905270959474,0.6550982583755645,11.890550414816339,0.0,-1,0.007849293563579218
593.85,2.7771765153355545,0.6392280822050571,14.139282506000654,-0.6112150827659661,-1,-0.027953186831691568
577.25,1.793704799844022,-0.11474787776215845,1.921187458677963,0.0,-1,0.005067128627111117
580.175,1.3962435421112787,-0.1707363784983007,3.649833106466737,0.0,-1,0.013875123885034757
588.225,1.7519926180689254,0.06167089915311541,8.241064335384849,0.0,-1,0.007437630158527719
592.6,2.1484511045421186,0.15270979520876948,10.597938908499962,0.0,-1,0.012065474181572666
599.75,2.763476089066785,0.25591159324447865,14.260776307502255,0.0,-1,-0.0020425177157149532
598.525,2.738615573906827,0.07701702602817351,13.14336273019704,0.0,-1,-0.012113111398855514
591.275,1.893800685168003,-0.2559326209035504,6.663968939001904,0.0,-1,-0.007991205445858518
586.55,0.9198265170346076,-0.4099689296789819,2.7446854981787254,0.0,-1,0.008439178245673862
591.5,0.7686872232150108,-0.1870360744995263,6.265811984954695,0.0,-1,-0.014750633981403305
582.775,-0.09802302562934528,-0.3512487744479608,-0.8994928792360497,0.0,-1,0.004418514864227285
585.35,-0.3086262312491499,-0.18728399335592177,1.1408595672698567,0.0,-1,-0.0023063124626292453
584.0,-0.5007089814548635,-0.12645558118721184,-0.02608213975817364,0.0,-1,0.01091609589041087
590.375,-0.023774608103281025,0.11682626405479024,5.322887650739794,0.0,-1,0.007241160279483294
594.65,0.5729237959144484,0.23784155602417323,8.61960494453573,0.0,-1,0.004414361389052379
597.275,1.0422793482638326,0.23573236945785248,10.603005289567946,0.0,-1,-0.0038508224854546524
594.975,0.9984338454165709,0.06396228887019695,7.901168570816729,0.0,-1,-0.005924618681457217
591.45,0.599558273541561,-0.11163776100160427,3.8155178367592626,0.0,-1,0.0002536139994926412
591.6,0.3626572981422669,-0.1161795788002995,3.969090210085227,0.0,-1,-0.003127112914131258
589.75,0.059818702264010426,-0.139672724892852,1.6170323084062375,0.0,-1,0.012166172106824913
596.925,0.5013311791362867,0.10061325065980808,9.266961081115575,0.0,-1,-0.007496754198600963
592.45,0.3073931526442948,-0.031108258610727912,3.4143281927665896,0.0,-1,0.030466706051143433
610.5,1.68897471001128,0.4501577662520857,17.706435436810708,-5.375000000059458,-1,0.005978705978705978
614.15,2.5431842628605636,0.434789106367123,19.788926784783115,-4.63661087680623,-1,-0.011316453635105361
607.2,2.179190350713384,0.02359839807331454,11.41055422391991,0.0,-1,0.0018939393939394478
608.35,1.9114275320804381,-0.08138814018654372,12.243910445886016,0.0,-1,-0.004109476452699878
605.85,1.4099271617573095,-0.19429617016989087,9.158054266284786,0.0,-1,0.016588264421886434
615.9,1.8791830464492705,0.09165323817402338,16.562550258284006,0.0,-1,-0.008930021107322661
610.4,1.4988790682577928,-0.0962169133391515,9.953243896632515,0.0,-1,0.015235910878112824
619.7,1.9588204901406243,0.12124150284789326,16.249518401548073,0.0,-1,-0.014966919477166551
610.425,1.2526394935703138,-0.19497983124080576,6.419891800336451,0.0,-1,0.013597083998853288
618.725,1.4868290374876096,0.013069904225496698,12.02263579981502,0.0,-1,0.012121701886944836
626.225,2.1050213896556897,0.21042075213119227,16.364276769657778,0.0,-1,0.006068106511237792
630.025,2.555365783268371,0.2202550485812913,18.39813916843252,0.0,-1,0.0018650053569304603
631.2,2.6655074981356393,0.11013225448285313,19.04129374032766,0.0,-1,-0.0030893536121673337
629.25,2.335952730724671,-0.07314083764270496,16.544020978665245,0.0,-1,0.012951926897099675
637.4,2.655679286125519,0.08219523925271455,21.35550186522488,0.0,-1,-0.02753373078129895
619.85,1.131735956648754,-0.48058269674135023,3.08802414749173,0.0,-1,0.033516173267726046
640.625,2.0067029621895927,0.1314614362664961,14.905232506199127,0.0,-1,-0.010809756097560852
633.7,1.6998778847776066,-0.05845454704849673,9.366517988580839,0.0,-1,-0.02035663563200263
620.8,0.32980885567349105,-0.47617452538420413,0.4548392710833937,0.0,-1,0.0012483891752579357
621.575,-0.31812639685131217,-0.3747032593030026,0.9463788569342029,0.0,-1,0.0027349877327755845
623.275,-0.4739168233761575,-0.1768312286092827,2.1045069990433447,0.0,-1,0.0010428783442300027
623.925,-0.45815230135724505,-0.05368890219679007,2.580135398122742,0.0,-1,0.019713907921625307
636.225,0.6129093180986729,0.339124239086376,10.770997906547208,0.0,-1,0.004243781681009029
638.925,1.322364351318356,0.34952642410201973,12.356880653016667,0.0,-1,-0.006143131040419414
635.0,1.2398115053183574,0.08899119270067368,8.534705055673875,0.0,-1,0.015433070866141652
644.8,1.9118841235417676,0.2536879369746947,14.561014633504115,0.0,-1,0.013647642679900818
653.6,2.821930089025045,0.387911300819324,19.04903627520993,-2.9465897379348007,-1,0.021037331701346362
667.35,4.187625564347968,0.5845355920474158,24.62749818405635,-8.962875366847925,-1,0.014272870307934227
676.875,5.31525450498043,0.5707215108932928,27.71853273011193,-10.35807378276047,-1,-0.0063157894736841635
672.6,5.079881099881618,0.1117827019314932,23.267308912025584,-0.3098824728906493,-1,-0.04549509366636939
642.0,1.9888709723420561,-0.9930758085360232,0.3379046568955175,0.0,-1,0.00019470404984422984
642.125,0.2880433275438463,-0.8979678177780777,0.4083475505552343,0.0,-1,0.011368503017325171
649.425,0.021959227849379204,-0.38801730582418165,4.58811408197279,0.0,-1,0.001963275204989179
650.7,-0.006662757651952234,-0.13887976377517106,5.31893633507601,0.0,-1,0.014638082065467906
660.225,0.7733314794016906,0.21370482442615724,10.584250657851733,0.0,-1,-0.019273732439698654
647.5,0.03846764131174041,-0.17371967122126433,1.5643696309940651,0.0,-1,0.021621621621621623
661.5,0.8344967521574063,0.20743647987480052,9.022271788198175,0.0,-1,0.009826152683295453
668.0,1.704636578233817,0.3591921019837372,12.037687520426402,0.0,-1,-0.006511976047904211
663.65,1.6351534430858692,0.09656965561192976,8.819200046075572,0.0,-1,-0.0032396594590521355
661.5,1.284982421921427,-0.08453378851750415,7.189822728527204,0.0,-1,-0.004761904761904745
658.35,0.7403150428457366,-0.20973372253106493,4.722107985519166,0.0,-1,0.023847497531708006
674.05,1.7146217664040933,0.2548576670090972,13.454881048296777,0.0,-1,0.0058230101624510144
677.975,2.3859733143162885,0.308736404973764,15.313230275503983,0.0,-1,0.01563479479331842
688.575,3.4061513120793734,0.4429714675789498,19.90532927468277,-0.45097080319851557,-1,0.004792506262934149
691.875,3.907394368287669,0.31473817459574827,21.223149622509737,0.0,-1,-0.007588075880758827
686.625,3.394899699034454,-0.06591883155248901,16.10619432340245,0.0,-1,0.0001456399053341162
686.725,2.8640773894883296,-0.1989137136995378,16.15765187565458,0.0,-1,-0.016345698787724405
675.5,1.424576452257952,-0.5461382169766384,5.624899621730705,0.0,-1,0.01043671354552167
682.55,1.1736112792879112,-0.2657011299822265,10.062083708940186,0.0,-1,-0.008094645080946372
677.025,0.4899110861955478,-0.31646710769152997,5.251346633083308,0.0,-1,-0.0002954100660979009
676.825,0.09056839913307613,-0.23860326491800055,5.0739226026407565,0.0,-1,0.007719868503675009
682.05,0.3187663556741427,-0.0034684361256446805,8.904608033374593,0.0,-1,-0.002529140092368487
680.325,0.26255147097185727,-0.0198944402759767,7.11807182596749,0.0,-1,0.005365082864807302
683.975,0.516731406039753,0.07809516493063967,9.972273958524724,0.0,-1,-0.0038013085273584934
681.375,0.38409375640367216,-0.01818082823514705,6.971022333808833,0.0,-1,0.01262153733259952
689.975,1.0024337852187273,0.20005306685996938,13.655574203902631,0.0,-1,0.003985651654045519
692.725,1.4572343175245805,0.2182845330552743,15.556687150687281,0.0,-1,0.01681764047782308
704.375,2.5340317238837997,0.43169397980483115,22.361740318811314,-1.417032621313524,-1,-0.0003194321206744233
704.15,2.842511116739729,0.24672445755358696,22.056239567042894,0.0,-1,0.015089114535255188
714.775,3.6452915534393924,0.34983496475108344,27.12372491350058,-4.470491298349771,-1,0.0005596166625860821
715.175,3.7762408090026156,0.1602614067714354,27.29595122730727,-2.100755909187683,-1,-0.032229873807110065
692.125,1.6061953693673559,-0.6699280109546084,2.155122286875553,0.0,-1,-0.00021672385768467528
691.975,0.3748230354357247,-0.6337667816287467,2.032751582570789,0.0,-1,0.009718559196502774
698.7,0.2883182821835817,-0.24009051162696327,7.052447724931142,0.0,-1,-0.01366824101903541
689.15,-0.5747939512910989,-0.3677342483672146,-1.0330099017730205,0.0,-1,0.026917216861350957
707.7,0.5873827612458626,0.26481415472324904,10.920118712017278,0.0,-1,0.006570580754557076
712.35,1.507022554077139,0.39481798251817524,13.313455135567246,0.0,-1,-0.010247771460658472
705.05,1.2329239043197049,0.04023977758691366,7.2027056054903795,0.0,-1,0.004325934330898562
708.1,1.247297587414323,0.01820448689384402,9.038033787559904,0.0,-1,0.017582262392317416
720.55,2.1880429633438325,0.3196499542744511,15.707917751466809,0.0,-1,-0.004753313441121287
717.125,2.1906620710298057,0.10742302065347475,12.592553256645076,0.0,-1,0.027924029980826326
737.15002,3.6781681189537494,0.5316430228591393,21.401194593921048,-5.200860255362954,-1,-0.009835175748893032
729.90002,3.511240466336176,0.12157179008052177,15.222836430321308,0.0,-1,-0.0037676392994208108
727.15002,2.906006601166041,-0.16122069169653752,12.927938952188654,0.0,-1,0.007770019727153299
732.79999,2.8320532851505504,-0.07839133590400937,15.68424891331152,0.0,-1,-0.0026610398834748805
730.84998,2.396571353380182,-0.17129108922479253,13.863368876097347,0.0,-1,0.004720544700569151
734.29999,2.2666169413799935,-0.10041516707499376,15.730883495943175,0.0,-1,0.011711875414842421
742.90002,2.7294241569314863,0.12079734949216636,20.021877266389325,0.0,-1,-0.012383914056160683
733.70001,1.9667082516297114,-0.21397285193653603,10.950411938664914,0.0,-1,-0.01056290022403028
725.95001,0.7756246113430052,-0.46835216407441416,4.358897217627636,0.0,-1,-0.00943595275933673
719.09998,-0.45538842641224164,-0.5664550672765537,-0.8601439508264832,0.0,-1,0.0009039355000399762
719.75,-0.9787775764222033,-0.3632814057621718,-0.35044337915060453,0.0,-1,-0.020076429315734612
705.29999,-2.363074853391936,-0.5825262275773015,-10.201869890909634,0.0,-1,0.018360995581468753
718.25,-1.7791330874274536,0.00047184612906026047,-0.2695978704961064,0.0,-1,0.011068583362338957
726.20001,-0.6764002804929987,0.3677348843545052,4.815330044000085,0.0,-1,-0.01149825101214208
717.84998,-0.7645030203181022,0.09321071484313392,-0.9722761431846365,0.0,-1,0.009681702575237372
724.79999,-0.16567830520409643,0.23067847665237995,3.562165171774211,0.0,-1,0.007243377583380006
730.04999,0.5850405777865717,0.3271324532143494,6.788576239906249,0.0,-1,0.022738210023124594
746.65002,2.2949824711330393,0.6790247821869391,15.26671713419843,-0.1770528108987719,-1,-0.024308604451654614
728.5,1.4462032118785828,-0.05658482568917256,2.7042855466212643,0.0,-1,-0.029238146877144766
707.20001,-0.8737025187385825,-0.7921635187687794,-7.869652559849143,0.0,-1,0.02460402962946784
724.59998,-0.5108493408189361,-0.143103446949711,1.0451746431395676,0.0,-1,-0.01400768738635616
714.45001,-1.1326828067909673,-0.2549789709739141,-3.5888480122599518,0.0,-1,0.00461892358291105
717.75,-1.0742101392110044,-0.06550210113131705,-1.8872025832107369,0.0,-1,-0.02410308603274114
700.45001,-2.397122127153466,-0.4628046963579262,-9.397222843411527,0.0,-1,-0.038689456225434404
673.34998,-5.117153777195199,-1.0609454487998864,-18.071612008340832,15.104099917569442,-1,0.008093874154418312
678.79999,-5.596572620783149,-0.5134547641292793,-14.970043773186646,2.575060587948883,-1,0.02946376000977846
698.79999,-3.7032343241785384,0.45996117749177756,-4.790847071786999,0.0,-1,-0.005080123140814519
695.25,-2.7437948155280765,0.4731335620474133,-6.145926983838528,0.0,-1,0.014527119741100325
705.34998,-1.1937604932421664,0.6743892947777745,-1.2864242306276878,0.0,-1,-0.030906628791568136
683.54999,-2.1359291243289817,-0.0892597787696805,-9.659868860094612,0.0,-1,-0.0052665935961756505
679.95001,-2.729017679511685,-0.22744944465079442,-10.893277116461704,0.0,-1,-0.0328701076127641
657.59998,-4.660646317143687,-0.7196926940942658,-17.704784676521534,3.2834390370414894,-1,-0.011861299022545513
649.79999,-5.88807260953115,-0.6490396621605763,-19.74802291599614,1.520292080799436,-1,-0.0016158664453042038
648.75,-6.098612204930646,-0.286526419186691,-20.03161413725028,0.0,-1,-0.023352631984585814
633.59998,-6.958165985552682,-0.3820267332695755,-23.94706054618494,0.0,-1,0.01759788565649889
644.75,-5.8789273770677255,0.2324039584051274,-16.80910978294765,0.0,-1,0.0230321519968979
659.59998,-3.611899124736169,0.8331440702455613,-8.458671218340442,0.0,-1,0.040630747138591605
686.40002,0.05594326182426812,1.500328818935333,3.256785837759878,0.0,-1,-0.02826343157740585
667.0,0.2685341832857375,0.5709732467989341,-4.135975466066668,0.0,-1,-0.0056971364317840445
663.20001,0.03578596207592,0.11274167519637224,-5.48095398383866,0.0,-1,0.0007539203746393941
663.70001,-0.041903645368620346,0.011684022583943965,-5.2441035641595235,0.0,-1,0.005122751165846706
667.09998,0.20607435468991753,0.08655400754749396,-3.517900521710729,0.0,-1,0.012591845678064706
675.5,1.0128921584949921,0.29779060378418953,0.7100244820567951,0.0,-1,-0.023686158401184265
659.5,-0.0014399528103012926,-0.23884716917370133,-6.553969317308322,0.0,-1,0.007126626231994004
664.20001,-0.11681851239552543,-0.11807524291964186,-4.027951354166603,0.0,-1,0.0022583558828912498
665.70001,-0.03977291615512968,-0.013676548893082036,-3.1855539930973222,0.0,-1,-0.018777226697052285
653.20001,-1.0396023750220138,-0.3378353359199887,-9.09148603961274,0.0,-1,0.0048989742054659224
656.40002,-1.1862160732035818,-0.16148301136718568,-7.044471482689303,0.0,-1,-0.008455270918486635
650.84998,-1.6231749161941025,-0.19948061811923545,-9.732610723672757,0.0,-1,0.0013060306155345813
651.70001,-1.635553928006516,-0.07061987664388303,-9.103192568941424,0.0,-1,-0.01580480258086847
641.40002,-2.363779773245483,-0.26628190729428347,-14.184329457462141,0.0,-1,-0.034767756945190076
619.09998,-4.389247714761268,-0.763916616270023,-22.42574198068955,7.260585455049863,-1,0.002665191492979835
620.75,-4.898709375955605,-0.42445942582145335,-21.081048045131766,0.2797918776421966,-1,0.0011276842529199804
621.45001,-4.6868802585565845,-0.07087676947414412,-20.464350143756153,0.0,-1,0.02807950715134755
638.90002,-2.7362248449773006,0.6265928813683801,-6.811994051052515,0.0,-1,0.04304272834425649
666.40002,0.7587882655604972,1.3738686639687265,7.579563373617368,0.0,-1,-0.008028256061577088
661.04999,1.997226632032607,0.8707690101469454,4.590299503128506,0.0,-1,0.00968159760504661
667.45001,2.9833452625993004,0.6189625469045463,7.521513493213035,0.0,-1,0.004344849736386935
670.34998,3.4694566393327477,0.3683579745459977,8.858564552124982,0.0,-1,0.022227225247325455
685.25,4.665059274421651,0.5213202032116335,15.125286711750007,0.0,-1,-0.005618358263407508
681.40002,4.553273985764349,0.13651163818477752,12.396615879237814,0.0,-1,-0.018931640183984744
668.5,3.042940175955323,-0.4579407238747497,3.9768764695400662,0.0,-1,0.021391159311892283
682.79999,3.225860756387874,-0.09167338114739954,10.535944924163829,0.0,-1,-0.01991795576915567
669.20001,1.915167650238459,-0.46745549576560474,2.6124842241097923,0.0,-1,0.00791988930185461
674.5,1.5418896263105353,-0.2802445065645094,5.154148184824194,0.0,-1,0.005930318754633124
678.5,1.5600931454874853,-0.08734699579585303,7.084390812297933,0.0,-1,0.028371407516580627
697.75,3.0433538096185657,0.4653045561117426,15.113618651117335,0.0,-1,0.011895363668935843
706.04999,4.223037157549243,0.548329301347473,17.98333467119248,0.0,-1,-0.016500205601589157
694.40002,3.490128235052225,-0.061526540383181505,10.253503141406462,0.0,-1,-0.025633697418384394
676.59998,1.3494930875493765,-0.7340538959620102,0.5046675999906824,0.0,-1,-0.017366243492942468
664.84998,-0.8124489101645622,-0.9653319645586498,-4.852977419551237,0.0,-1,0.0033090322120488125
667.04999,-1.6423816665078448,-0.5984215736339775,-3.668555053790982,0.0,-1,-0.0312569976951802
646.20001,-3.6579812391371433,-0.8713403820877588,-12.251632745994627,0.0,-1,0.004333008289492346
649.0,-4.127616755523718,-0.446991966158111,-10.577136166115125,0.0,-1,-0.007627134052388351
644.04999,-4.430967284090002,-0.25011416490813154,-12.555597251853392,0.0,-1,0.019796599950261617
656.79999,-3.150895274698996,0.3433192814942916,-4.699224024343081,0.0,-1,0.00022841047850818974
656.95001,-2.235782997111869,0.41947718636047293,-4.609559412716742,0.0,-1,0.003044371671445667
658.95001,-1.4252449418924016,0.41000508052664686,-3.314983533645467,0.0,-1,0.009257121037148153
665.04999,-0.39287383579153357,0.4807920622091717,0.6496663192766334,0.0,-1,0.006014585459959143
669.04999,0.4893845369081191,0.4543501449696082,3.1860775106824164,0.0,-1,0.00014951050219735862
669.15002,0.8980675118490353,0.28767770663684156,3.252836936901062,0.0,-1,-0.01210495368437714
661.04999,0.3525675399987449,-0.08594075507114962,-2.8028966165426183,0.0,-1,0.01611076342350448
671.70001,0.937938592407022,0.16647676577904247,4.719504189615186,0.0,-1,-0.0024564835126323903
670.04999,1.014960902577286,0.08116635864976884,3.409674209101965,0.0,-1,0.009029162137589086
676.09998,1.473057815780976,0.17975442395115282,7.549469220987994,0.0,-1,0.005324700645605862
679.70001,1.87935395440104,0.1953501875237389,9.90496658698661,0.0,-1,0.005590686985571747
683.5,2.2425550275110027,0.1861837535445674,12.354833778300403,0.0,-1,0.02692029261155815
701.90002,3.770610978440118,0.5714132348245609,21.66840627097079,-4.094421154213023,-1,0.0351901400430219
726.59998,6.278751372367992,1.0265178762508116,29.30510622049431,-18.858705244250018,-1,0.014037999285384073
736.79999,7.859593121634475,0.8691198751724318,31.582915886369207,-15.646465055728186,-1,-0.004682424059207713
733.34998,7.707547069464908,0.23902460766762168,28.34229829689089,-1.9130926730582587,-1,-0.0032726120753421295
730.95001,6.78923095425796,-0.22643050251310903,26.00865455759059,0.0,-1,0.01922154703849044
745.0,6.935136150466292,-0.026841768768258945,29.90271983549924,0.0,-1,0.00046977181208052166
745.34998,6.459325736031701,-0.16755072773428292,29.992600025140888,0.0,-1,-0.018380573378428133
731.65002,4.541480050811742,-0.6951321376514139,16.966413407081163,0.0,-1,0.0004783434571626888
732.0,3.233265537300781,-0.6677822170541252,17.11839880283091,0.0,-1,-0.0022541256830601597
730.34998,2.1722178191035937,-0.5762766450837709,15.538795415813993,0.0,-1,-0.0032860547213268143
727.95001,1.2606783084130484,-0.4959387185914388,13.13738092658977,0.0,-1,-6.867229797824503e-05
727.90002,0.6956861940333283,-0.35364361099038644,13.083884851915109,0.0,-1,-0.0027476300934845543
725.90002,0.18854962067405268,-0.28692672811655406,10.794067181388812,0.0,-1,0.03258020298718267
749.54999,1.8900996989382293,0.47154111671587406,23.45416284027955,0.0,-1,0.010006003735654856
757.04999,3.20836642982556,0.5966026158677349,26.16603746804948,0.0,-1,-0.001519014616194525
755.90002,3.5043050927837385,0.2975137596086377,24.8630995471608,0.0,-1,-0.001389125508952982
754.84998,3.2727456665307955,0.021984777785231557,23.585972163696354,0.0,-1,0.011194290552938746
763.29999,3.588404647860102,0.11254791970484623,27.081840170915257,0.0,-1,0.000917083727460799
764.0,3.505534584536349,0.00989261879369785,27.357673007358585,0.0,-1,-0.004057565445026112
760.90002,2.9136400041631987,-0.19400065385981735,23.032584212696733,0.0,-1,0.002497003482796467
762.79999,2.5332202136296473,-0.19147348146445609,24.021701244116244,0.0,-1,-0.0161903253302349
750.45001,1.1027436338937378,-0.5406500204001219,8.519709209960894,0.0,-1,0.005929788714374329
754.90002,0.6664442078679258,-0.32564981547531135,11.728600565228241,0.0,-1,-0.019671518885375106
740.04999,-0.8447450224672366,-0.6122796819368246,-2.0308004237873405,0.0,-1,0.002567421154887173
741.95001,-1.3716092190959444,-0.37971462618851093,-0.4326658268854118,0.0,-1,-0.0012130466849108457
741.04999,-1.595742215818973,-0.20128254097051324,-1.22122665490118,0.0,-1,-0.022603063526119183
724.29999,-2.970663529528906,-0.5254012848934821,-13.295878402425352,0.0,-1,0.022642579354446912
740.70001,-2.0439005589231556,0.13378722857075598,0.13310466527814668,0.0,-1,-0.00978803820996299
733.45001,-2.014360693709932,0.054442364594659676,-4.598308241785695,0.0,-1,0.0020451291561096596
734.95001,-1.7067273699609586,0.12069189611454445,-3.438904914038396,0.0,-1,0.027144716958368287
754.90002,0.25181740607695247,0.6930788907174854,9.32519478053807,0.0,-1,-0.016426042749343228
742.5,0.17677001025629124,0.2060104982989414,0.9248160747841965,0.0,-1,-0.009764309764309753
735.25,-0.4796511885087966,-0.15013690015538217,-3.3650552949637103,0.0,-1,-0.001292091125467576
734.29999,-0.8470583555155144,-0.17251468905403333,-3.930096043691762,0.0,-1,0.010350034186981327
741.90002,-0.32683790939267965,0.11590191902293384,1.3134155341226403,0.0,-1,-0.012670197798350324
732.5,-0.8228261938818378,-0.12669545515540814,-4.7347899688585,0.0,-1,0.0
732.5,-1.0022514866362826,-0.10204024930328437,-4.7347899688585,0.0,-1,-0.013037529010238913
722.95001,-1.8042756757938605,-0.3013548128202874,-10.564793939856784,0.0,-1,-0.014662189436860262
712.34998,-2.938267297389757,-0.4784488114720613,-15.970168330238216,1.9955220127056918,-1,-0.0015441567079147456
711.25,-3.3520725000719267,-0.297418004718077,-16.499620313526428,0.0,-1,-0.006045680140597476
706.95001,-3.637968226406997,-0.19443791035104896,-18.620211435982625,0.7114452487339804,-1,0.0021217907614146103
708.45001,-3.352752070707197,0.0302594151162503,-16.97692334606755,0.0,-1,-0.0001411955657959485
708.34998,-2.9390838202984924,0.14797588850831822,-17.035416595446996,0.0,-1,0.01439967570832712
718.54999,-1.637325210069207,0.4832448329125345,-5.830952881327988,0.0,-1,-0.011620597197419702
710.20001,-1.545833804115432,0.19157874628876992,-11.659809314192373,0.0,-1,0.016967037215333214
722.25,-0.36710278412886055,0.45676992209178047,-0.8910538610054672,0.0,-1,0.02312220145379018
738.95001,1.6445221245417088,0.8227982769207834,9.89474182199124,0.0,-1,0.005616036191676832
743.09998,2.8591219018319407,0.6791326847370054,12.111912589407439,0.0,-1,-0.010563827494652789
735.25,2.573996631991008,0.13133580496535746,5.6462263059728315,0.0,-1,-0.010200612036722179
727.75,1.5919342777380052,-0.2835755164292151,0.10884623854144593,0.0,-1,0.002679505324630682
729.70001,1.130742744133272,-0.24825568334464942,1.5030183499090697,0.0,-1,0.011100424679999499
737.79999,1.4809167486531578,0.033972773725078786,7.043260559851028,0.0,-1,0.00820004077256753
743.84998,2.036759855192031,0.19660529342131738,10.763199638468492,0.0,-1,0.015124017345540475
755.09998,3.0824514205287414,0.4140989529193426,16.718024242216572,0.0,-1,0.005694663109380604
759.40002,3.7067629181530037,0.34613681684786846,18.73330182606435,-0.04135933231407307,-1,-0.008032696654393101
753.29999,3.201685923785817,-0.05298005917310622,12.744771133749055,0.0,-1,-0.00716841905175114
747.90002,2.232342766286706,-0.34077440555740557,7.79211130095355,0.0,-1,0.015242638982680967
759.29999,2.511640123679854,-0.020492349388085973,14.386127529741984,0.0,-1,0.01047018320124038
767.25,3.1044862920698506,0.19078460633397043,18.231785426425148,0.0,-1,-0.008667344411860567
760.59998,2.5880338519257293,-0.10855594460338347,12.008555722089767,0.0,-1,-0.010386497775085268
752.70001,1.455807310859882,-0.41359416188974363,5.345528112627726,0.0,-1,-0.013285505336980141
742.70001,-0.06495656891149793,-0.6447860138870413,-1.920716766017847,0.0,-1,0.006799501726141077
747.75,-0.399092961387737,-0.3263074687877601,1.6417137653653597,0.0,-1,-0.027081243731193583
727.5,-2.2204034108435735,-0.7158726394145323,-10.449069374400274,0.0,-1,-0.0046735670103092986
724.09998,-3.2293600180012163,-0.5749430821907251,-12.104296862125565,0.0,-1,-0.009736210737086304
717.04999,-4.052224153413249,-0.46593573920091913,-15.43686214981225,0.0,-1,0.005578411625108526
721.04999,-3.792637541668114,-0.06878304248526135,-11.999645671549054,0.0,-1,0.009916122459137755
728.20001,-2.7509561073231907,0.3242994639532206,-6.1425623132726415,0.0,-1,0.01132930498037199
736.45001,-1.3133690478738345,0.587295507800859,-0.07745325796499003,0.0,-1,-0.010727163952377494
728.54999,-1.1434630974929405,0.2524004860605844,-5.224079606537217,0.0,-1,0.012970983638336264
738.0,-0.17572069751145136,0.4067142953473579,1.4309108038311749,0.0,-1,0.018089403794037784
751.34998,1.4352922272719297,0.6725757400435796,9.15674122211719,0.0,-1,-0.027350756035156798
730.79999,0.40869183739084747,-0.11800821661250094,-3.495527898300864,0.0,-1,-0.00985223056721718
723.59998,-0.7386668439988853,-0.4217889660007446,-7.0699402130604625,0.0,-1,-0.007186235687844933
718.40002,-1.684120614360495,-0.4557475787874514,-9.563976473130275,0.0,-1,0.00856064842537152
724.54999,-1.5040066150112352,-0.09187785981273056,-5.33919190692361,0.0,-1,-0.00717688230179947
719.34998,-1.7219498974189946,-0.10327371407349673,-8.129292467199043,0.0,-1,0.0023632585629598246
721.04999,-1.5457582138379848,0.02430598983583776,-6.839417292916288,0.0,-1,-0.005824852726230567
716.84998,-1.6788500208944015,-0.03626193907352637,-9.317504422484532,0.0,-1,0.003975769100251769
719.70001,-1.3679892560147664,0.09153294193536965,-6.856208863101131,0.0,-1,-0.008128428398938126
713.84998,-1.5860622689070851,-0.042180023652316434,-10.58610237818192,0.0,-1,0.0031519227611380707
716.09998,-1.375426919610959,0.05615177521460324,-8.427477486831108,0.0,-1,0.023739701822083514
733.09998,0.26117633167132226,0.5642516754989615,5.0249274726180815,0.0,-1,-0.012549393331043213
723.90002,0.2910499296732496,0.1980417578336297,-1.666591679437225,0.0,-1,-0.0020721093501282484
722.40002,0.15673256786806178,0.02124146534281396,-2.7084569032791563,0.0,-1,-0.018134038811350006
709.29999,-1.0151563270234192,-0.383549143182889,-10.889302620636819,0.0,-1,0.0006344424169526519
709.75,-1.4790035805505113,-0.28246546556999363,-10.489905446304995,0.0,-1,-0.012257851356111349
701.04999,-2.3126777422683062,-0.37204654242926294,-15.369441796227456,0.0,-1,0.011625447708800474
709.20001,-1.8576233446048036,0.027669285078079975,-7.923468692598803,0.0,-1,-0.001551085708529576
708.09998,-1.5669633670560188,0.10610975420895485,-8.6301665980235,0.0,-1,0.02824459901834775
728.09998,0.37561356897299447,0.6828955634126561,6.223096393043193,0.0,-1,-0.0004120175913203683
727.79999,1.2906017395731624,0.5326279113376081,5.986711361073617,0.0,-1,0.007900522230015472
733.54999,2.1197123465753975,0.4539128394466143,9.60383923603542,0.0,-1,0.005725594788706934
737.75,2.707625787861957,0.34727542691105784,12.129750988856244,0.0,-1,0.009352788885123697
744.65002,3.3509486928501246,0.33019944396640843,16.0094159651738,-1.5100525145809343,-1,-0.012556274422714786
735.29999,2.6141952542733407,-0.13551799820345867,7.188302392231094,0.0,-1,0.0004079831416834434
735.59998,2.052968097128769,-0.23224838511600998,7.391288906003105,0.0,-1,0.004758020792768436
739.09998,1.8929405104624948,-0.13075865726076152,9.85855769720095,0.0,-1,0.01948318277589456
753.5,2.8551833412574297,0.27716139117805794,18.26036226513476,-0.268656870359564,-1,0.0018580225613802348
754.90002,3.2150411448834575,0.21233973160136177,18.9621406669866,0.0,-1,-0.0014571863436962929
753.79999,3.0353807846228165,0.0108931237802401,17.656170592977574,0.0,-1,-0.014791682340032808
742.65002,1.7634380391072,-0.4203498739117921,5.763053418223322,0.0,-1,-0.002962377891001733
740.45001,0.7971793297572276,-0.46220286108725483,3.6937670080317986,0.0,-1,-0.0018907691013470007
739.04999,0.13095003093576452,-0.376144053302906,2.320937357057673,0.0,-1,0.015019322305924288
750.15002,0.7119253789470577,0.06827709823612904,11.08585225088865,0.0,-1,0.0023328666977839863
751.90002,1.0889192713738112,0.14842366355429415,12.299894896545517,0.0,-1,0.003989892166780473
754.90002,1.4366729449726563,0.16539244571771317,14.414550151054272,0.0,-1,-0.006226003279215742
750.20001,1.0991595363577744,-0.057373654299056165,8.684535840587294,0.0,-1,-0.006265009247333975
745.5,0.44713870402051725,-0.23646482887877118,3.405935893240496,0.0,-1,0.003487565392354064
748.09998,0.3005317291834899,-0.12769060123859954,5.847025690745198,0.0,-1,-0.011896765456403169
739.20001,-0.5394802356670425,-0.32256752202971073,-3.4322565131619385,0.0,-1,-0.011701866724812438
730.54999,-1.6353645317866494,-0.47281727271643925,-10.516811994066664,0.0,-1,0.0019848196835920984
732.0,-1.9261921355309823,-0.25454829215359065,-8.849258468630254,0.0,-1,-0.0009562978142076961
731.29999,-1.9694240927755118,-0.09926008313270662,-9.448635302284515,0.0,-1,0.011896636290122276
740.0,-1.1019205636664537,0.25608114865878373,0.5064291110148815,0.0,-1,-0.011756770270270334
731.29999,-1.3013429188064265,0.0188862645062704,-7.416734711550205,0.0,-1,0.0034185697171964513
733.79999,-1.084275519809239,0.0786512211678192,-4.678045800864098,0.0,-1,-0.021531739186859356
718.0,-2.20205136032655,-0.3463748731164973,-16.049670151215302,3.481179204859359,-1,-0.0005571309192201612
717.59998,-2.6107700005579773,-0.25169783778264154,-16.28762013146939,0.11832516958486394,-1,-0.0029263936155627945
715.5,-2.772563487293837,-0.1378304415061673,-17.6117193009431,0.0,-1,0.002445842068483639
717.25,-2.4765799400539663,0.05271770191123437,-15.23914541798429,0.0,-1,0.005925409550366023
721.5,-1.7680398380962288,0.25375260128965715,-9.595976173188745,0.0,-1,0.007276507276507305
726.75,-0.8289331339426553,0.39761976848107694,-3.2713302433852647,0.0,-1,0.07237699346405213
779.34998,4.093029645962702,1.7731941827954785,25.579478141044277,-10.267551078843098,-1,0.007057163201569683
784.84998,6.671258565418498,1.4504743674170921,27.02509363953324,-7.8682075920041825,-1,0.011849449241242427
794.15002,8.179438144694814,0.9862179822311363,29.324584647868207,-7.97086481102906,-1,-0.001825864085478468
792.70001,8.131073922275164,0.31261791993716237,27.97262480701457,0.0,-1,-0.009209019689554454
785.40002,6.820969817542391,-0.3324953949318701,21.18592163299668,0.0,-1,-0.00127323653493161
784.40002,5.514170280380881,-0.5464316440311263,20.255177596537337,0.0,-1,0.00720291924520855
790.04999,4.872087155101667,-0.39617158977011346,22.511450396909424,0.0,-1,-0.004746535089507398
786.29999,3.832538329536874,-0.47857347177830256,18.670044715373507,0.0,-1,0.010428602447267066
794.5,3.6767198892931674,-0.21146397067400313,22.242775011509863,0.0,-1,-0.009439899307740696
787.0,2.667417345063541,-0.40692217163454325,14.740068096948036,0.0,-1,0.005654396442185572
791.45001,2.3113154608601008,-0.2543413519459943,16.999509928742498,0.0,-1,0.0015793795997298687
792.70001,2.044821563686696,-0.17361174970646642,17.646572835472213,0.0,-1,0.0011984483259941392
793.65002,1.8203403181261137,-0.13269766508901637,18.173547818010846,0.0,-1,-0.031248080860629357
768.84998,-0.5102653311646463,-0.821101104793259,-3.7004502374237234,0.0,-1,0.008779346004535338
775.59998,-1.0705460448796202,-0.460460606169411,1.0493926070017068,0.0,-1,0.0014182955497239469
776.70001,-1.1698050646638194,-0.18657320865120341,1.8210366572252497,0.0,-1,-0.0028968713416136493
774.45001,-1.309450819167182,-0.10873965438485533,0.028723758622682283,0.0,-1,0.002130505492536461
776.09998,-1.132655294821575,0.022685289986917212,1.3983736157318631,0.0,-1,0.016299472137597526
788.75,0.10429874191959243,0.41987977557602824,10.598169100740606,0.0,-1,0.0013945863708397788
789.84998,0.805749198463559,0.37377674403999833,11.305828036569608,0.0,-1,-0.03177816121486765
764.75,-1.002336339803037,-0.47810293140886595,-7.875796066456999,2.1256755618693433,-1,0.01314153644982019
774.79999,-0.9853519139527407,-0.15370616851952323,-0.8039780269635983,0.0,-1,-0.00032266391743240863
774.54999,-0.9155803748649305,-0.027978209810570975,-0.9695671084683042,0.0,-1,0.004002362713864338
777.65002,-0.5460604074155526,0.11384725254626893,1.2893933417945433,0.0,-1,0.01941744951025659
792.75,0.9425362769271715,0.5341479789629977,10.712953881574869,0.0,-1,0.008451605171870158
799.45001,2.16662409602111,0.5860785993523121,14.133799160347081,0.0,-1,-0.004690724814676028
795.70001,2.285615997566424,0.2350235002992087,10.8393563456209,0.0,-1,0.008168907777191148
802.20001,2.6963106152085174,0.2152393726471007,14.36480005999205,0.0,-1,0.00043627523764300236
802.54999,2.706130372762118,0.07501971006690056,14.555696474616738,0.0,-1,-0.022303869195736903
784.65002,0.9938652204755272,-0.5457484807398969,-0.5103558051154948,0.0,-1,0.02274897029888545
802.5,1.542408875959154,0.0009317249145766038,9.86743170080544,0.0,-1,0.005545183800623077
806.95001,2.0589807973710776,0.1725012154421668,12.028473402277903,0.0,-1,0.009851923788934513
814.90002,2.808185858296156,0.30723542545574833,15.695251376153408,0.0,-1,-0.0007976684059965988
814.25,2.894604567233955,0.13121804479784904,15.123925803062804,0.0,-1,0.008658262204482625
821.29999,3.2840960411000424,0.17356983955464544,18.432281197328265,0.0,-1,0.015524169189384818
834.04999,4.26766710794152,0.3857136354653745,23.486272855254583,-3.001097060837651,-1,0.007313746265976251
840.15002,4.912149549033643,0.34339869218583274,25.565818218976403,-1.8390404473159379,-1,-0.013152460556984935
829.09998,3.9042083071602747,-0.22151418322917849,15.263041345443014,0.0,-1,-0.010855144394045224
820.09998,2.324886993960149,-0.600278498809768,8.09495137633791,0.0,-1,-0.004511596256836836
816.40002,1.0331557545301848,-0.6306699127465776,5.319543984937837,0.0,-1,0.0158010407692053
829.29999,1.3761913219376538,-0.09587811511303612,12.297221128811543,0.0,-1,-0.0019293139024395556
827.70001,1.2996948288132444,-0.05745820274581526,10.984726015537937,0.0,-1,0.004288981463223651
831.25,1.4489711798498774,0.030606049430272675,12.911110268591365,0.0,-1,-0.00168423458646616
829.84998,1.286193423714053,-0.04405723556851715,11.57880388733934,0.0,-1,-0.01102605316686267
820.70001,0.33512426033667,-0.3317087996486334,3.3710319714150927,0.0,-1,-0.01913002291787469
805.0,-1.4766715097133556,-0.7145015232328864,-7.443300529794058,0.0,-1,-0.05049691925465849
764.34998,-5.647015102262344,-1.6282817052606253,-23.11514565518214,14.17670530602993,-1,0.038856558876340985
794.04999,-4.786601473348242,-0.25595602544884066,-6.287675490345471,0.0,-1,-0.0017630753952908584
792.65002,-4.074175369445584,0.15215669281793875,-6.808308045511168,0.0,-1,-0.012742105273649051
782.54999,-4.220116870040442,0.002071730741026734,-10.572629146850637,0.0,-1,-0.0004472302146473206
782.20001,-3.970576214501193,0.08387079542675835,-10.704487442128176,0.0,-1,0.029979557274615765
805.65002,-1.5607570355231246,0.8312299914682759,1.3968049485381115,0.0,-1,-0.015018965679415075
793.54999,-1.2341201930738634,0.38595561130584577,-3.874879180222649,0.0,-1,-0.010018285048431608
785.59998,-1.6304592557596607,-0.0034611504599837417,-7.088025304549284,0.0,-1,0.009992400967220094
793.45001,-1.038588015789287,0.19613669650346321,-3.034676170780074,0.0,-1,-0.00491526870104908
789.54999,-0.9811050611550627,0.0845398837125626,-4.806018904641029,0.0,-1,-0.007472573079254863
783.65002,-1.3622689954082716,-0.09887468351354878,-7.500350751938342,0.0,-1,-0.0007656861924154601
783.04999,-1.489331046250868,-0.07531224478538179,-7.784744834277447,0.0,-1,0.04054658119592092
814.79999,1.2170821821820255,0.8770336612158371,8.530464112252403,0.0,-1,-0.03522338040283979
786.09998,0.07719778121656873,-0.0876169132498732,-4.400602609931113,0.0,-1,-0.02264341744417797
768.29999,-1.9825100677009004,-0.7157749207224475,-10.425660942019903,0.0,-1,0.0040999870376154934
771.45001,-2.5846531531844903,-0.4393060020686792,-8.895506192023227,0.0,-1,-0.002527720493515906
769.5,-2.832837766494208,-0.2291635384594657,-9.599201908785858,0.0,-1,-0.002144275503573767
767.84998,-2.858361925941267,-0.0848958993021749,-10.239173748402727,0.0,-1,-0.161880566826348
643.54999,-12.991259678502956,-3.4059312172879554,-32.90517604827776,66.14091088123234,-1,0.010954844393673335
650.59998,-16.387604414908537,-2.267425317897846,-30.030109914605298,31.926222564540353,-1,-0.023439902349827957
635.34998,-17.990976415202226,-1.2902657727305105,-31.56653701079768,21.873189545804166,-1,0.02124813162030792
648.84998,-16.168414380748914,0.17743208724093407,-25.828170583380043,0.0,-1,0.002774200594103604
650.65002,-13.759762165126517,0.8620281009544435,-25.04598538175302,0.0,-1,0.015292337960736369
660.59998,-10.579625876888144,1.3473881297309394,-20.574774192448125,0.0,-1,0.03784438503918808
685.59998,-6.024588909694899,1.9674750323080623,-10.510059597936362,0.0,-1,0.003354784228552843
687.90002,-3.053351350290427,1.6462375305708452,-9.64060506030934,0.0,-1,0.030673032979414483
709.0,0.4450450419359413,1.714877974265738,-2.0214640168566973,0.0,-1,-0.018194668547249715
696.09998,1.0821544845545077,0.7839958056281018,-5.852659801276772,0.0,-1,0.023272533350740865
712.29999,2.660530498817593,0.7874572732970626,-0.2533469254659053,0.0,-1,0.010950428344102647
720.09998,3.8780067977143062,0.6683111907312589,2.3046676172783975,0.0,-1,-0.01659486228565088
708.15002,3.1677477140198107,-0.013982630987745548,-1.8661262689126517,0.0,-1,-0.005295488094457679
704.40002,2.236139196004274,-0.31519704966776096,-3.1682170983208167,0.0,-1,-0.0185264617113442
691.34998,0.49648667066276175,-0.6849498583364244,-7.602919520028351,0.0,-1,0.02017792782752381
705.29999,0.7477873521035008,-0.14454972563189517,-1.7792139392890505,0.0,-1,-0.001984928427405719
703.90002,0.6944579134818696,-0.06595972141784212,-2.3167681883645344,0.0,-1,0.0018468389871617585
705.20001,0.718254201380887,-0.014054477839608226,-1.721872223267951,0.0,-1,0.010847943691889572
712.84998,1.30779532854865,0.19182888310938506,1.8574931094987974,0.0,-1,0.0002104510124276704
713.0,1.5060846147534903,0.1300393897714085,1.9299789238920653,0.0,-1,0.0003506311360448322
713.25,1.5005555399596915,0.04150343832586989,2.0636193647733734,0.0,-1,-0.028110746582544643
693.20001,-0.2980877924338756,-0.5857132980225659,-8.273646049121467,0.0,-1,0.0070686236718315865
698.09998,-0.7642379759278128,-0.350621160505501,-5.292558384792258,0.0,-1,-0.010743446805427492
690.59998,-1.5586265696807686,-0.38166991808615225,-8.870864341037496,0.0,-1,0.007457312697866092
695.75,-1.396766985750446,-0.0732701113852765,-5.4827300274488735,0.0,-1,0.00876748832195462
701.84998,-0.6911082783061602,0.21079619868633648,-1.5762387418805446,0.0,-1,-0.007836432509408908
696.34998,-0.7390199013918846,0.05429485853353733,-4.766875706382756,0.0,-1,-0.005241574071704447
692.70001,-1.0055548878186755,-0.07074670929775118,-6.8627048653465295,0.0,-1,0.00815644567408036
698.34998,-0.5841953070471391,0.11687095715792839,-2.665681935784278,0.0,-1,0.015035441112205561
708.84998,0.5501674255925764,0.41707789659921457,4.299541219067585,0.0,-1,0.008464414430822131
714.84998,1.5715015064463387,0.4794706591509923,7.839758027998691,0.0,-1,0.0003497237280472021
715.09998,1.972043421336025,0.2933375246802261,7.990420083216463,0.0,-1,0.0030066005595470457
717.25,2.1871457603361932,0.16947995456013132,9.377580109625619,0.0,-1,-0.0037643917741373434
714.54999,1.887433949808269,-0.04341061865593088,6.76229790565246,0.0,-1,0.009096634372635082
721.04999,2.1219585487269796,0.06370466008759346,11.319456160351038,0.0,-1,-0.02628113204744653
702.09998,0.48322346912573266,-0.5250101398378846,-4.287549448427292,0.0,-1,0.013103561119600204
711.29999,0.3902548068979286,-0.20599293402189622,2.2661179121174015,0.0,-1,0.0037958808350329054
714.0,0.5362500752092956,-0.01999922190350978,4.074028997053659,0.0,-1,0.02198880952380966
729.70001,1.8728943697641398,0.43888169088377804,13.102919100759294,-0.8106431817955126,-1,0.0037686720053629053
732.45001,2.614308652894465,0.3934319913380344,14.462645017959176,0.0,-1,-0.0021844903790773085
730.84998,2.6338209067184835,0.13764808172068443,12.962631542349165,0.0,-1,0.0009578025848753224
731.54999,2.4824261247372306,-0.004582233420189485,13.37689423106324,0.0,-1,0.006082988258943267
736.0,2.57069405668517,0.02789523284258344,16.05842006375707,0.0,-1,-0.0035325815217390755
733.40002,2.1839385179354167,-0.11962010196905659,13.060956724731376,0.0,-1,-0.006067643685092938
728.95001,1.437731705399301,-0.28860897150172415,8.051532016564465,0.0,-1,0.010974689471504373
736.95001,1.6114839903478924,-0.03828556218437762,13.796234390669518,0.0,-1,-0.005495610211064372
732.90002,1.2265706336264657,-0.14106630630193484,9.233352795462899,0.0,-1,-0.002387774528918696
731.15002,0.7860664024635753,-0.19385684582160845,7.266874210602779,0.0,-1,0.007795882984452218
736.84998,0.9753054200101587,-0.0015392760916750348,11.85044206718834,0.0,-1,-0.0029177852457835662
734.70001,0.809485310449304,-0.055786461884176575,9.18969736599663,0.0,-1,0.015380413564986872
746.0,1.6007839797980523,0.24517073582152382,17.383732291764744,0.0,-1,-0.009584477211796338
738.84998,1.267199649489271,-0.029471198162419165,9.04840168472387,0.0,-1,-0.014820275152473972
727.90002,0.08231084687747625,-0.404786666924738,-1.2194039117789828,0.0,-1,-0.013326019691550561
718.20001,-1.3253269583349265,-0.6041414907123803,-8.348259043692309,0.0,-1,0.013018629726835984
727.54999,-1.139536947746592,-0.13945049337468185,-0.4515963230333071,0.0,-1,0.014569486833475365
738.15002,-0.06834469680688926,0.310580585855007,6.896605311619041,0.0,-1,0.04795769022671026
773.54999,3.422944320063607,1.267289867575168,22.01904759334458,-16.30369099371319,-1,0.002714795458791386
775.65002,5.058345968493541,0.9675638386683669,22.65149461641667,-10.609217319194727,-1,-0.010442892788167568
767.54999,4.779515462000745,0.22957777739185747,16.235404275156313,0.0,-1,-0.0007165526769141728
767.0,4.19597475358762,-0.11798764367375547,15.797017161842305,0.0,-1,0.0011081877444589772
767.84998,3.6253715032487435,-0.22953029800421065,16.18137429662231,0.0,-1,0.0007814417081837277
768.45001,3.087958086141839,-0.2556479050370384,16.476860627701313,0.0,-1,-0.007742871914335758
762.5,2.066087370409946,-0.42583954025631066,10.639221069808372,0.0,-1,0.01009837377049183
770.20001,2.024645565009905,-0.15576044855211713,15.05207230725857,0.0,-1,0.018371812277696353
784.34998,3.014368365225664,0.27798745055454743,21.56200254126938,0.0,-1,-0.0020398802075572986
782.75,3.124700734898056,0.1294399400756463,19.92553561331036,0.0,-1,-0.005940619610348197
778.09998,2.531973525159401,-0.15442908988766968,15.116958217117073,0.0,-1,-0.00012849248498880694
778.0,2.0162804598602406,-0.22337405172894353,15.010156601284336,0.0,-1,0.01503857326478153
789.70001,2.565411388888947,0.10858562576658759,21.160531174608337,0.0,-1,-0.01139673279224096
780.70001,1.8761925709958405,-0.19354439737550644,11.866039382626369,0.0,-1,-0.006084283257534517
775.95001,0.9794004477995486,-0.3634455068572662,7.46459321529003,0.0,-1,0.004575024104967795
779.5,0.7452201822180768,-0.19920859081291264,9.8373666528732,0.0,-1,-0.015522745349582978
767.40002,-0.4423032990906677,-0.4622440240405524,-0.5991409904408656,0.0,-1,0.02664837042876278
787.84998,0.704956901845776,0.22833872563196378,11.884681332024762,0.0,-1,-0.004188601997552888
784.54999,0.9448414271602132,0.15607441698213365,9.263081987888057,0.0,-1,-0.016824944450002488
771.34998,-0.11395392911254021,-0.30090697976354,-0.1269708236254914,0.0,-1,0.007713761786835027
777.29999,-0.13802127982285128,-0.10832477682461703,3.558484185506174,0.0,-1,-0.005274643062841089
773.20001,-0.48021818185941356,-0.15017389295372646,0.7042752249920454,0.0,-1,0.0004526383800744771
773.54999,-0.5821334510561655,-0.08402972071682618,0.9521864091980845,0.0,-1,0.009695559559117939
781.04999,0.04042003526683402,0.17950792186872444,6.197390321731575,0.0,-1,0.014339683942637294
792.25,1.281662608822785,0.4735834984748918,12.798511156819849,0.0,-1,-0.007320908804039128
786.45001,1.3121461781987591,0.1680223559502887,7.787579008863496,0.0,-1,0.0038146099076277196
789.45001,1.4680424480369538,0.10797287526282773,9.638500376475037,0.0,-1,0.010386990811489083
797.65002,2.106987878952964,0.24897276872627927,14.381701067792406,-0.8662388445630995,-1,0.003510298915306187
800.45001,2.4842107711648396,0.20873188697938483,15.902012437818712,-0.6915882055919838,-1,-0.004310088021611813
797.0,2.1783038196737152,-0.03239168817057969,12.263575993331422,0.0,-1,-0.0014429360100376432
795.84998,1.7479900256220162,-0.1542351607407595,11.015900425019062,0.0,-1,0.00320417172090659
798.40002,1.5996706264610339,-0.10085151996724728,12.850010499860701,0.0,-1,-0.01960172796588866
782.75,0.08803670800875807,-0.5374951461398411,-2.4159646976845295,0.0,-1,-0.006260006387735606
777.84998,-1.0834516435513706,-0.56966116589999,-6.123549798004277,0.0,-1,-0.05933016801003188
731.70001,-5.42473901570213,-1.6369828460169167,-25.830729141277946,19.65074230073401,-1,0.012778433609697437
741.04999,-6.364156117135622,-0.8587999824834691,-18.867596611235737,3.2895871242925523,-1,0.008029161433495302
747.0,-5.807684158091092,-0.10077600781298024,-14.66885539924261,0.0,-1,0.015729585006693414
758.75,-4.06630783206117,0.5468667727389809,-7.038419854952025,0.0,-1,-0.005469548599670526
754.59998,-3.2025956830411815,0.4701929739196564,-8.939699886006181,0.0,-1,-0.020739425410533308
738.95001,-3.8080208016111783,-0.045077381550113316,-15.362609574392735,0.0,-1,-0.04668786728888463
704.45001,-6.668398294095141,-0.9684849580113584,-24.957666686897557,12.687269699660192,-1,-0.02619065900786921
686.0,-9.080388015829158,-1.1268248932484584,-28.497104910165927,14.740811119299451,-1,-0.0798833673469388
631.20001,-14.096349708710477,-2.047595528709927,-35.33672402387908,38.975926480962016,-1,0.017664717717605694
642.34998,-14.500470579425269,-0.8172387998082389,-29.611881075296157,7.393413697654751,-1,-0.09216153474465727
583.15002,-18.427488466497152,-1.5814188956267081,-35.3928277733769,33.147080395178136,-1,-0.04835807087857091
554.95001,-21.205374204491704,-1.45310154454042,-37.29893483672842,26.478976912755115,-1,-0.0372105948786271
534.29999,-22.54803755644798,-0.9319216321655652,-38.51800118613015,13.380761797930859,-1,0.0210555871430953
545.54999,-20.4028661027221,0.4044166071867714,-33.65749403248146,0.0,-1,0.07267898584325883
585.20001,-14.325873200632373,2.1604698364254986,-18.85222380376128,0.0,-1,-0.10039302630907332
526.45001,-14.989387316201487,0.498985240285462,-25.879910016892552,0.0,-1,0.12033427447365797
589.79999,-8.792863764302638,2.231836264061437,-9.732815020228259,0.0,-1,0.02780607032563709
606.20001,-3.5951950079946755,2.4765016734564664,-6.287455133554651,0.0,-1,0.06070602011372439
643.0,2.369904787492146,2.8138671563144295,0.7894110997981443,0.0,-1,0.015085552099533439
652.70001,5.963296786277965,2.135753051700083,2.5371057715484184,0.0,-1,-0.03983453286602523
626.70001,5.096384720147739,0.42294699518995227,-2.488248643604578,0.0,-1,0.023615748785451585
641.5,5.471562460403675,0.2660415784819623,0.5060702712999614,0.0,-1,-0.06032737334372562
602.79999,1.9781869588313157,-1.075777974363466,-6.674893794871814,0.0,-1,-0.02836758507577275
585.70001,-1.358348038524241,-1.4707709905730078,-9.501833539662805,0.0,-1,0.09100220093900968
639.0,1.5282459660083987,0.47194100465321065,1.4658180422256066,0.0,-1,-0.011580625978090842
631.59998,2.227520804440587,0.3904052810284664,0.04287089300102309,0.0,-1,0.007362286490256054
636.25,2.7790331566201303,0.31397254440266975,0.9889839018852769,0.0,-1,0.0018074970530452816
637.40002,2.919038236324809,0.15132587470244951,1.2427262871385594,0.0,-1,0.0025885942080765556
639.04999,2.883285089816809,0.03852424273148314,1.6418405241254703,0.0,-1,-0.023785322334485937
623.84998,1.3584672590779974,-0.4954311960024429,-2.3506178445534545,0.0,-1,0.007854484502828774
628.75,0.8911877387854474,-0.32090357209833087,-0.9400008825215664,0.0,-1,0.03904570974155064
653.29999,2.6291148337404593,0.47234117428556033,5.704440032081095,0.0,-1,-0.03076684571815158
633.20001,1.6039871450728924,-0.18426217146066892,-0.20427872980538098,0.0,-1,0.01366072309442945
641.84998,1.6785885386497057,-0.03655359262795188,2.2191690774409167,0.0,-1,0.05834698320003073
679.29999,4.696841023883962,0.9938996308687682,11.223582874020721,0.0,-1,-0.03135579318939774
658.0,4.039564681177467,0.11220776272075739,4.708210954803285,0.0,-1,0.010030364741641318
664.59998,3.9242944530593604,-0.0010208217991163338,6.308996665479981,0.0,-1,-0.005868146429977239
660.70001,3.2146373012454887,-0.236892657870996,5.03195576231731,0.0,-1,0.023989677251556207
676.54999,3.9127539502347872,0.1537413303727675,9.209412160336583,0.0,-1,0.057571518107627284
715.5,7.181583612209806,1.1408569974492622,17.462681681311466,-15.766610761149423,-1,-0.058420670859538726
673.70001,4.7342006421798715,-0.43550865752689116,4.349995414434879,0.0,-1,0.0
673.70001,3.1159924369832197,-0.6845722875745146,4.349995414434879,0.0,-1,-0.011577838628798576
665.90002,1.3972231313028942,-0.80111386441828,2.0206356293965726,0.0,-1,-0.0014266556111531825
664.95001,0.3422357175209072,-0.6187004260667558,1.7206553521142993,0.0,-1,0.013910820153232306
674.20001,0.5570557008364858,-0.13462681425039236,4.5557467586813445,0.0,-1,0.012904197376087279
682.90002,1.3430452174245602,0.2171209007792274,7.183316395235096,0.0,-1,0.006955630196057161
687.65002,2.0199528742665507,0.29800951920707264,8.634249919911483,0.0,-1,0.009452482819676256
694.15002,2.7317439631653997,0.3366002027019741,10.66115464905026,0.0,-1,-0.05186198798928221
658.15002,-0.1400058226490728,-0.8450498610374996,-3.3926391842494823,0.0,-1,-0.008888596554323724
652.29999,-2.0517160636687777,-0.9189200340190684,-5.2639818300013275,0.0,-1,0.01778327483954123
663.90002,-1.8699256788728462,-0.2457098830743789,-0.772535969097369,0.0,-1,0.007079318961309644
668.59998,-1.2315400132355308,0.13089192752097878,1.0195518599083542,0.0,-1,0.001420894448725507
669.54999,-0.7305513459805297,0.21062686492532667,1.4047777899024112,0.0,-1,0.003957912089581406
672.20001,-0.19834273352137188,0.2476118257948282,2.561170091650787,0.0,-1,0.029976152484734397
692.34998,1.7634543005016212,0.736469619939274,10.50205441331363,0.0,-1,-0.017043388951928584
680.54999,1.6140657924712514,0.1956937039696347,4.559538972838482,0.0,-1,0.03658808370565114
705.45001,3.4798677224167704,0.687165211305051,13.065254521923066,0.0,-1,0.002764207204419833
707.40002,4.285280543854924,0.4975260109144015,13.65719924330866,0.0,-1,-0.02318351644943417
691.0,2.9642119092527537,-0.27451420789592307,5.365387802286591,0.0,-1,0.012373357452966749
699.54999,2.7691590995138995,-0.15652233921159242,8.496947197505236,0.0,-1,0.012222128685899891
708.09998,3.1533686030182935,0.0758957214309337,11.498359206451084,0.0,-1,-0.009250092056209303
701.54999,2.5368601378523863,-0.18020424791165768,7.932220210148124,0.0,-1,0.008837588323534984
707.75,2.5338683937816313,-0.06106533066080422,10.350369585127915,0.0,-1,-0.005934312963617128
703.54999,1.9712159889312488,-0.20790591183706209,7.847525786784324,0.0,-1,0.024589567544446966
720.84998,2.967287620761681,0.26272190666445683,14.571936675279247,0.0,-1,-0.004508566401014491
717.59998,2.947216134946757,0.08088347361651094,12.49107057225568,0.0,-1,-0.002438684571869687
715.84998,2.545745714127065,-0.10686231573439375,11.309017814814837,0.0,-1,-0.016623552884642012
703.95001,1.1412008608733686,-0.5038023896626969,3.6425762283060052,0.0,-1,-0.016904637873362716
692.04999,-0.6478399708263396,-0.7642810737874682,-2.9013348106586037,0.0,-1,-0.0065024204393095975
687.54999,-1.8633737224405422,-0.6599382751338903,-5.197747419850835,0.0,-1,0.01985313097015684
701.20001,-1.178357788044309,0.008359219754114244,2.5927371150695464,0.0,-1,0.0034940244795489406
703.65002,-0.5334858385091366,0.21774372309642898,3.8905878872757285,0.0,-1,0.014566900744207967
713.90002,0.6875739561340879,0.47960117257988455,9.096042942527596,0.0,-1,-0.01169635770566313
705.54999,0.5449701904445874,0.11233246896346133,3.6171306784152506,0.0,-1,-0.0026220395807814434
703.70001,0.27408912506280103,-0.05284953213944166,2.4207331072078944,0.0,-1,0.0240869827470942
720.65002,1.5283086652833617,0.40045666936037305,11.228155614760006,0.0,-1,-0.009019634801370024
714.15002,1.4863927132867047,0.11951357245457195,6.7519238819186995,0.0,-1,-0.019113659060039034
700.5,0.2040670111811096,-0.3876040432170078,-1.5182899049435008,0.0,-1,0.06809423269093506
748.20001,3.520899409196659,0.9764094515995141,17.09821860312843,-14.035315687808406,-1,-0.021986113044826117
731.75,3.515073157437996,0.32352773328028395,8.937412710568736,0.0,-1,0.005739678852066943
735.95001,3.5692381017721573,0.12589755920481505,10.306963157286816,0.0,-1,-0.005503077579956828
731.90002,2.9613848987914935,-0.1606518812586164,8.22625255284585,0.0,-1,0.033747724176862226
756.59998,4.469006222401845,0.4489898141172448,16.142197689980065,-5.048005036839186,-1,0.008062424215237396
762.70001,5.358735532340347,0.4462397080185827,17.815737735441274,-2.9808624916933013,-1,0.0017044578247744635
764.0,5.465371392947873,0.18429185620870303,18.188071882622864,0.0,-1,0.03946337696335078
794.15002,7.575743373839259,0.7648879457000302,25.493888901776018,-13.191379142247683,-1,-0.024491606762158113
774.70001,6.378783249798403,-0.1440240594469424,14.823062425158994,0.0,-1,0.009035755659793976
781.70001,5.832071250294803,-0.23024535298351445,16.704982640057978,0.0,-1,0.00019185109131569789
781.84998,5.085206813018431,-0.32570326341996214,16.747330701500047,0.0,-1,0.019441082546296284
797.04999,5.554674859962006,0.047921594507871035,20.913548776255112,0.0,-1,-0.017313832473669577
783.25,4.176520145103609,-0.4434110401168416,12.956558074348948,0.0,-1,0.060900108522183194
830.95001,7.114400275582398,0.8314896967873153,24.11251233276542,-5.766016587994841,-1,0.09633550639225574
911.0,14.661306151189933,2.7927985241316176,33.422028126987314,-49.27633211855709,-1,-0.008616882546651938
903.15002,16.558818576394515,1.5634369831120658,30.27652228061018,-16.88708690732028,-1,0.03449036074870482
934.29999,18.723504074297352,1.2427074936716345,33.08809242083359,-20.00876568283593,-1,0.0026222947942020625
936.75,18.449722317057308,0.32297524547719547,33.2961813189079,0.0,-1,-0.020122743528155795
917.90002,15.204522912015932,-0.9740747198547268,25.368491258873078,0.0,-1,-0.010839971438283635
907.95001,11.485712133493848,-1.5642951661256035,21.38382892893587,0.0,-1,0.01641056207488778
922.84998,9.910828233108305,-1.046393022170383,23.697580712114004,0.0,-1,0.02774018589673699
948.45001,10.430819763489922,-0.17546716392958928,27.214598041831167,0.0,-1,0.015182634665162675
962.84998,11.02157804838987,0.1384303736567869,28.97194128643882,0.0,-1,-0.009035633983188074
954.15002,9.673495686807314,-0.403217329308589,25.08450415925934,0.0,-1,0.007650778019163029
961.45001,8.801662365448806,-0.4250168835556991,26.177793343830345,0.0,-1,0.004732424933876711
966.0,8.011439674315511,-0.40507985822966397,26.880367407236577,0.0,-1,-0.009420269151138694
956.90002,6.190376689222603,-0.7420476144408577,22.151644708742197,0.0,-1,-0.007367582665532946
949.84998,4.1764771392408875,-0.9186490548075241,18.523563730005804,0.0,-1,-0.0054218772526583026
944.70001,2.3923234359799608,-0.9009342526894839,15.836558771953861,0.0,-1,0.027680713160995962
970.84998,3.4800504646844956,0.0622642586716835,22.025482346958,0.0,-1,-0.020548962672894078
950.90002,2.071413106979662,-0.44879103301104983,12.437497810030692,0.0,-1,0.0004731938064317376
951.34998,1.2319733358790472,-0.4294102680372216,12.56239096126287,0.0,-1,-0.003048268314464031
948.45001,0.4679248390053772,-0.3978195883036306,11.107417320588809,0.0,-1,0.0068532868695947435
954.95001,0.5885735206514937,-0.09239030221917133,13.236701373699056,0.0,-1,-0.003926907126793
951.20001,0.28735006808688013,-0.1312045849279283,11.09266909649704,0.0,-1,0.0025230971139287295
953.59998,0.31279000279732827,-0.03525488340582672,12.00863445932061,0.0,-1,0.004089786159601205
957.5,0.6244458032527973,0.09213363901654748,13.557707219888535,0.0,-1,0.010496073107049586
967.54999,1.565735719876102,0.34447451854661737,17.367438663275976,0.0,-1,-0.00852669121520011
959.29999,1.2184027015314314,-0.0009528332660178052,11.502946608694806,0.0,-1,-0.004326039865798381
955.15002,0.5973718005648152,-0.20732791141087803,8.649353202380183,0.0,-1,-0.006648201713904678
948.79999,-0.292093799965528,-0.3655978373137404,4.361170512721458,0.0,-1,-0.0014755164573725388
947.40002,-0.8291496169002812,-0.30088455141616455,3.4046602120195644,0.0,-1,-0.009816381468938595
938.09998,-1.8035850572925938,-0.4251066639361589,-2.7339960638829055,0.43128300785542706,-1,0.013538013293636464
950.79999,-1.0821698560476989,0.09876951243624532,5.0974490961434,0.0,-1,-0.003944047159697539
947.04999,-0.9437814340878958,0.07905264479868279,2.5376461465485463,0.0,-1,-0.012459732986217498
935.25,-1.7792712702673725,-0.25214573046026456,-4.803846671021574,0.0008337577735346713,-1,-0.007110419673884039
928.59998,-2.602911915834852,-0.3585954586759148,-8.440353555978483,2.4347024656930216,-1,-0.015561016919255044
914.15002,-4.001986245632338,-0.5858899294911337,-15.200513356691275,9.192084502846342,-1,0.01077501480555676
924.0,-3.5471928900617513,-0.0436988579735158,-8.048881235308876,0.0,-1,0.012499989177489068
935.54999,-2.061697638104647,0.48059879799452965,-0.7904910161511012,0.0,-1,-0.01752976342824819
919.15002,-2.5138060422840454,0.0094967979383771,-8.898637924432691,0.0,-1,0.0064189412735908835
925.04999,-2.0387122408500318,0.16153019979079675,-5.259144220291134,0.0,-1,0.015404572892325552
939.29999,-0.44377265339551286,0.5854899290817719,2.6009524499286627,0.0,-1,-0.012296380414099639
927.75,-0.5718209718853586,0.15248053686397534,-3.3720694601122574,0.0,-1,0.013257871193748327
940.04999,0.436805783193563,0.3870357639809658,2.94976266368203,0.0,-1,0.0060103399394748624
945.70001,1.3755536788002019,0.44192788652920156,5.632024941169824,0.0,-1,0.03457757180313448
978.40002,4.455298986703497,1.173891064810832,17.534091499774078,-4.475016390598512,-1,0.004139400978344199
982.45001,5.961395891763232,0.8933293232901889,18.68993822516154,-4.71931197880599,-1,0.01964475525833631
1001.75,7.825993853312866,0.9193090949466081,23.65602800105519,-13.511882119542861,-1,0.009233840778637425
1011.0,8.876960012978202,0.6567584182039816,25.707845876532815,-10.898394066801757,-1,-0.008753709198813131
1002.15,7.9251964250627225,-0.0983350565704999,19.918756220478045,0.0,-1,0.007733373247517772
1009.9,7.4347149290164225,-0.19627218420559966,22.00187599382369,0.0,-1,-0.002376472918110717
1007.5,6.369914603575239,-0.4203575032155946,20.32615257004032,0.0,-1,0.012158808933002474
1019.75,6.327521557223349,-0.15425018318916184,23.786121142359164,0.0,-1,-0.04349103211571459
975.40002,2.0831999042787857,-1.4661906120445751,0.22732205349069545,0.0,-1,0.03695917496495449
1011.45,2.7916040857833195,-0.25259547684668027,11.36766412877732,0.0,-1,-0.0010381135992881818
1010.4,2.825672502720181,-0.07284235330327293,10.926343332066466,0.0,-1,-0.0013855898653998278
1009.0,2.4905673359619414,-0.1359825066871707,10.284079213783613,0.0,-1,-0.0007433102081269016
1008.25,2.0529674745861257,-0.19119412268766212,9.908167980900437,0.0,-1,0.009323084552442351
1017.65,2.4464202543492775,0.06741955235849639,13.111471451467835,0.0,-1,0.030511472510195148
1048.7,5.026778289701838,0.8825925292370194,21.47603550008958,0.0,-1,0.006722608944407238
1055.75,6.485559116569448,0.7804577853682098,23.01946749562336,0.0,-1,0.010229694529954925
1066.55,7.574486270289299,0.6231283130293539,25.294863535655125,0.0,-1,0.025455909240073238
1093.7,9.750242657958324,0.9329615668994595,30.004982168674232,-9.837709810662773,-1,0.011977690408704333
1106.8,11.117267296962837,0.7666620686346572,31.859196990286193,-10.236179320920428,-1,0.022858691723888658
1132.1,12.982674008385175,0.877356260018999,34.87000899170626,-18.525965939832076,-1,0.022701174807879143
1157.8,14.975154530064174,0.9566122605659988,37.2570838992488,-20.633042720170124,-1,-0.0179651062359647
1137.0,12.990131913398272,-0.3428034520333014,26.415416837554915,0.0,-1,-0.025285839929639398
1108.25,8.519276278948837,-1.6045530288275796,14.170335223326546,0.0,-1,0.017369727047146455
1127.5,7.178075438478345,-0.9819179564326905,17.98679138139245,0.0,-1,-0.0014190687361418375
1125.9,5.775968731703188,-0.7946748877359493,17.32451766002957,0.0,-1,0.010302868816058242
1137.5,5.560251317340317,-0.33679743403294005,19.702026072245687,0.0,-1,0.009538461538461496
1148.35,5.8932050003807035,-0.0012812503308508028,21.832050244606023,0.0,-1,-0.01680672268907557
1129.05,3.9602480918690617,-0.6447460529474975,13.068705038549624,0.0,-1,-0.005801337407554952
1122.5,2.1179156299574515,-0.8290261716197027,10.294913521773097,0.0,-1,-0.008953229398663609
1112.45,0.18275642983849139,-0.9213951239128877,6.089364736341828,0.0,-1,-0.019416602993393095
1090.85,-2.600052872707465,-1.234734808819615,-1.919265968585357,0.0,-1,-0.013109043406517862
1076.55,-4.966453117921446,-1.2003783513445319,-6.489244384490476,0.0,-1,-0.0015791184803307656
1074.85,-5.877448814035006,-0.7037913491526968,-7.0287444200592475,0.0,-1,-0.013257663860073543
1060.6,-7.030659260922221,-0.6190005986799703,-11.477446773826713,0.0,-1,0.011031491608523458
1072.3,-6.046376212622363,0.12176081653996285,-6.172204044601763,0.0,-1,-0.009092604681525729
1062.55,-5.862870004087199,0.1017556750250419,-9.415080266226674,0.0,-1,0.02955155051526992
1093.95,-2.6658777328125325,1.0995826487665696,3.0228910328059158,0.0,-1,0.009186891539832764
1104.0,-0.0077251194406926516,1.2525784207128032,6.277869239660561,0.0,-1,0.007925724637681153
1112.75,2.0511616138653608,1.103821718006286,9.024412654041924,0.0,-1,0.021388452033251015
1136.55,4.893008179362823,1.3152227611679161,15.562404374160039,0.0,-1,-0.04003343451673924
1091.05,2.1145141138313193,-0.48775710145452944,-1.033763944523578,0.0,-1,0.028825443380230187
1122.5,3.169890904913018,0.18920656320905627,7.272843609287527,0.0,-1,-0.004231625835189323
1117.75,3.037588391711097,0.018968016669044907,5.750047411840086,0.0,-1,0.005770521136211126
1124.2,3.255804769134329,0.0790614646974257,7.456710138044556,0.0,-1,0.008228073296566496
1133.45,3.8644292270846563,0.22922864088258432,9.919928375813939,0.0,-1,-0.008602055670739794
1123.7,3.0342056871361365,-0.20033163302197865,6.114797536843433,0.0,-1,-0.011702411675714286
1110.55,1.2704101099006948,-0.6547090700858069,1.2386727815485798,0.0,-1,-0.012426275269010856
1096.75,-0.8673551878755461,-0.9308247892873494,-3.4753467470845223,0.0,-1,0.006017779803966228
1103.35,-1.3139582377739316,-0.45914261306191173,-0.9828207023718534,0.0,-1,0.033081071282911045
1139.85,1.6139034237580745,0.8229063494900316,10.36822838360775,0.0,-1,0.00017546168355497826
1140.05,2.960008969210776,0.723003964980911,10.421877423339687,0.0,-1,-0.021402570062716397
1115.65,1.3530609945028118,-0.2946480032423511,1.0535559655620617,0.0,-1,-0.0021960292206337773
1113.2,0.23266525760709555,-0.4716812467126892,0.18543742553369924,0.0,-1,-0.011857707509881465
1100.0,-1.4469213823078917,-0.7170892955425588,-4.451124180899782,0.0,-1,0.034409090909090834
1137.85,0.9880287462599426,0.5726202776750919,7.931766519583881,0.0,-1,0.0026804939139606354
1140.9,2.377334748355679,0.6539754265902762,8.771239862201256,0.0,-1,-0.012665439565255565
1126.45,1.669709853707218,-0.017883156019395052,3.184444547046205,0.0,-1,0.007279506413955472
1134.65,1.8600882519074275,0.05749841406027145,5.8317933704952765,0.0,-1,0.007799762041158065
1143.5,2.5377700966816974,0.24506008627818066,8.63672823663412,0.0,-1,0.008613904678618223
1153.35,3.485963511012187,0.3977511668695568,11.648652796301306,0.0,-1,0.018944812936229294
1175.2,5.490396592259685,0.8007280827056853,17.48436820882523,-9.31457085675197,-1,-0.006339346494213749
1167.75,5.414246750195161,0.24152608021372046,13.806143171013908,0.0,-1,-0.003896381931064008
1163.2,4.545817933313174,-0.20896757888942208,11.530328169595549,0.0,-1,0.0011605914718018084
1164.55,3.8452853637629687,-0.3031667161465421,11.977419157842519,0.0,-1,-0.008544072817826653
1154.6,2.3454119653408725,-0.6010133715228796,6.591323205222899,0.0,-1,0.009613719036896118
1165.7,2.3250242690180585,-0.20713368928189801,10.8126053233512,0.0,-1,-0.0055760487260873015
1159.2,1.57941173177187,-0.3175820755093621,7.193804461783628,0.0,-1,0.026397515527950333
1189.8,3.62498781883437,0.5759980038510459,17.355151662853032,0.0,-1,-0.010505967389477178
1177.3,3.304026877462775,0.0850123541598169,10.803928730889602,0.0,-1,0.03669413063790028
1220.5,6.468210833655121,1.0830654367840546,21.46249491347338,-11.945918633121892,-1,0.02666939778779187
1253.05,10.223785242279973,1.6128799484696366,26.7544962615724,-23.42256452510219,-1,-0.013566896771876613
1236.05,9.832923676402288,0.40733946086398376,19.29729839064865,0.0,-1,0.0034383722341329026
1240.3,9.172249253763312,-0.0844449872583315,20.104125717132447,0.0,-1,0.008062565508344832
1250.3,8.910891271297032,-0.11526765657487026,22.026008955515422,0.0,-1,-0.002799328161241288
1246.8,7.745971340788856,-0.42672919569434953,20.269272030551576,0.0,-1,0.007218479307026016
1255.8,7.268013763802628,-0.3015622575601924,22.206132425590155,0.0,-1,0.0037028189202104045
1260.45,6.810867161659189,-0.2529029532345435,23.208123476133906,0.0,-1,0.022055615058114153
1288.25,8.331388263782628,0.4225393829629649,28.384534802889434,0.0,-1,0.004308169998059386
1293.8,8.859866459529258,0.31700585956986416,29.272857496291152,0.0,-1,-0.00904312876797031
1282.1,7.41078335244174,-0.3773590825058841,22.311939033281902,0.0,-1,-0.015560408704469064
1262.15,4.406176519527662,-1.127321971806654,11.997802856105423,0.0,-1,0.03957532781365125
1312.1,6.69919172644336,0.3885644117030145,22.79340958748145,0.0,-1,0.048852983766481284
1376.2,12.62910001936416,2.106157568207939,30.63669298977692,-20.5821767531786,-1,-0.0032335416363901137
1371.75,14.170795830877523,1.215951126573767,28.882553119649373,0.0,-1,0.011226535447421249
1387.15,15.04407741739442,0.6964109043635549,30.512612179407256,0.0,-1,-0.012003027790794096
1370.5,12.839545092536582,-0.5027071401647607,23.680348650246728,0.0,-1,-0.01864283108354614
1344.95,8.5381501723964,-1.6013673534349806,14.367145075531738,0.0,-1,-0.02446187590616755
1312.05,2.934273531293229,-2.401747998179384,4.509328365584132,0.0,-1,0.0035059639495447215
1316.65,0.27114574980055295,-1.6882919265573535,5.566502230518189,0.0,-1,0.017316674894618966
1339.45,0.816986379904165,-0.3808170988179138,10.60807231759938,0.0,-1,0.0001866437716973035
1339.7,1.0426578299639004,-0.051715216252726126,10.662450571855139,0.0,-1,0.0008584011345822429
1340.85,1.1644387358303447,0.02335522987123939,10.938055644253687,0.0,-1,-0.011746280344557603
1325.1,-0.18420737255564745,-0.4417636261715843,5.067057004354005,0.0,-1,-0.018187306618368315
1301.0,-2.8515131457024836,-1.0363564664394735,-2.6834549066191116,0.0,-1,-0.019062259800153747
1276.2,-6.014206603467301,-1.3996833080680968,-9.24246839605788,0.0,-1,-0.029109857389124083
1239.05,-10.190202782060851,-1.8585598288872163,-16.883250696912086,0.0,-1,0.017634478027521272
1260.9,-9.60818397285243,-0.42551367322626454,-9.583529226135802,0.0,-1,0.008208422555317618
1271.25,-7.653992570510582,0.5095592430385274,-6.346812662371249,0.0,-1,0.01054080629301879
1284.65,-4.92239748846373,1.0803847750284596,-2.2627478459035757,0.0,-1,-0.0041256373331258755
1279.35,-3.5880668234015047,0.8049051466968953,-3.736387748138995,0.0,-1,-0.005666940243092222
1272.1,-3.2260625889202856,0.3889697937260381,-5.809772137849592,0.0,-1,0.02472289914314918
1303.55,-0.15538858926970534,1.1532145977922064,4.1043064260843565,0.0,-1,0.001534271796248765
1305.55,1.5595641263280413,0.9560557711299846,4.673242660644746,0.0,-1,-0.006931944391252665
1296.5,1.5329101402662673,0.30980059502273694,1.4656084100046485,0.0,-1,-0.002969533359043486
1292.65,1.0710073022130473,-0.05070074767682775,0.0768812666095755,0.0,-1,0.01326731907322154
1309.8,2.1799719413354524,0.3527546304818592,5.958809823822072,0.0,-1,-0.00011452130096190061
1309.65,2.5402899324519694,0.23769087386612542,5.894810681814157,0.0,-1,-0.014698583591035819
1290.4,0.9045914336393253,-0.4660025416488396,-1.9424497223398802,0.0,-1,-0.0070520768753875585
1281.3,-0.7469737685703421,-0.7058559146195024,-5.239007163594415,0.0,-1,0.00870209943026623
1292.45,-0.5813418889608784,-0.18007467833667956,-0.5209669483017692,0.0,-1,-0.0008897829703277127
1291.3,-0.545914125076024,-0.04821563815060842,-1.0005758267127476,0.0,-1,-0.020212189266630487
1265.2,-2.6577073993773865,-0.7200029708173239,-10.625213332760389,0.0,-1,0.0009089472020233913
1266.35,-3.396295086579812,-0.4861968860065833,-10.047775608683082,0.0,-1,0.006277885260788985
1274.3,-2.820064339632836,0.03001128698013078,-5.954125108409471,0.0,-1,0.00019618614141103663
1274.55,-2.276110271189964,0.19132178514100096,-5.821158358838858,0.0,-1,-0.01667255109646537
1253.3,-3.5852907143691937,-0.3726195526794096,-13.918948912330421,0.0,-1,0.010931141785685883
1267.0,-2.799440043094819,0.13774370619832155,-6.500341165943539,0.0,-1,0.029597474348855624
1304.5,0.9517719628004215,1.2963185706978542,8.240349441589835,0.0,-1,0.02993484093522425
1343.55,6.00223030218126,2.1155923033595645,17.923231320564156,-12.960262778027982,-1,-0.009824718097577345
1330.35,6.9272736133564194,1.0135452048449078,12.48181680494168,0.0,-1,-0.010260457774269871
1316.7,5.675022467831013,-0.07956864689349974,7.215317898165743,0.0,-1,0.01446798815219874
1335.75,6.163478356082351,0.13629574711927894,12.161016330525257,0.0,-1,0.007336702227213054
1345.55,6.710749770534676,0.22785572052386804,14.506217954900322,0.0,-1,0.016796105681691653
1368.15,8.308489663549608,0.6085318711795997,19.370516779837928,-4.522728102703468,-1,0.004897123853378593
1374.85,8.97331880476122,0.42445367079707097,20.693504202167716,0.0,-1,-0.0009091900934647956
1373.6,8.453790141636773,-0.031691664109125384,20.066144001188007,0.0,-1,0.007571345369831173
1384.0,8.356209964938216,-0.04309061360256017,22.335685771223552,0.0,-1,0.0021676300578035157
1387.0,7.861069046177363,-0.1794105107878039,22.992002251743457,0.0,-1,-0.03597692862292723
1337.1,2.800076166282224,-1.7468011302276478,0.7431502180316301,0.0,-1,0.005496971056764721
1344.45,0.6487400458111097,-1.2993790835662542,3.083610101942604,0.0,-1,0.019599092565733223
1370.8,1.7148436484244485,-0.07775849365097187,10.550313438348844,0.0,-1,0.000547125765976153
1371.55,2.167491812362414,0.12496322342899768,10.747876433386473,0.0,-1,-0.012978017571360856
1353.75,0.7298582433013507,-0.43755678187735514,3.6612569315730568,0.0,-1,-0.01473684210526316
1333.8,-1.712280061504316,-0.9598983622276741,-3.145492718054129,0.0,-1,0.001799370220422869
1336.2,-2.5906592087817444,-0.6127591698350343,-2.259420021569653,0.0,-1,0.03674599610836693
1385.3,1.277706151644452,1.0852020635303876,12.103188642096129,0.0,-1,-0.012452176423879302
1368.05,1.6679133192205882,0.49180307703550796,6.086066563333283,0.0,-1,0.012536091517122872
1385.2,3.1531907930734633,0.6590268502961276,10.331775354809572,0.0,-1,0.01783136009240538
1409.9,5.69139696391062,1.0657443403777611,15.646801043107246,-0.18182049032657233,-1,0.0008156606851548176
1411.05,6.582050302336484,0.652132559601208,15.883277702654723,0.0,-1,0.013571453881860984
1430.2,8.07470611302142,0.7149294567620483,19.737638304853633,-5.367393858346077,-1,0.006747308068801416
1439.85,8.952308508945407,0.5308439508953455,21.53802619560055,-4.125564964832165,-1,0.0008334201479320846
1441.05,8.745083997828715,0.10787314659288505,21.770077691177775,0.0,-1,-0.01061725824919324
1425.75,6.637714742451408,-0.6664987029281404,14.338853706931161,0.0,-1,-0.020059617745046388
1397.15,2.6475538862250687,-1.5522198530514935,2.951403222596497,0.0,-1,-0.026053036538668084
1360.75,-2.6014893657402354,-2.267087701672266,-7.6487522209208265,0.0,-1,-0.005144221936432158
1353.75,-5.592553544577868,-1.7527172935032995,-9.386011150350107,0.0,-1,0.0065004616805171
1362.55,-5.88870617194857,-0.6829566402913336,-6.167706479880422,0.0,-1,-0.00821988183919864
1351.35,-6.479390304638173,-0.4245469243269788,-9.287751961614184,0.0,-1,-0.00018500018500022808
1351.1,-6.255616512263259,-0.06692437731735534,-9.359499211118795,0.0,-1,-0.01280438161498032
1333.8,-7.0640949067203564,-0.2918009239248178,-14.209202153005783,0.0,-1,0.007309941520467822
1343.55,-6.067159528388856,0.23504481813556044,-9.744714941756285,0.0,-1,0.0036842692865914906
1348.5,-4.650595211857308,0.55053637822237,-7.489834888360889,0.0,-1,0.005561735261401468
1356.0,-2.929763452603538,0.7571227124920465,-4.0552415821256105,0.0,-1,0.0002581120943951909
1356.35,-1.796033951926347,0.6302840710564124,-3.888308243586856,0.0,-1,-0.0014745456556198855
1354.35,-1.2461663722606318,0.39338388357404264,-4.775061302191965,0.0,-1,-0.0016982316240262696
1352.05,-1.05905205140607,0.19349940147620148,-5.8596930660700295,0.0,-1,-0.016752339040715825
1329.4,-2.764740553361662,-0.5040630334931304,-15.035253110069085,0.0,-1,0.009101850458853589
1341.5,-2.378856424892774,-0.039392968341414036,-7.892081964612764,0.0,-1,0.014983227730152704
1361.6,-0.3126763252505498,0.6755957104336036,1.8659605896868356,0.0,-1,-0.006646592244418326
1352.55,-0.007696581658365176,0.32685848467526274,-2.167489842151369,0.0,-1,-0.009611474622010285
1339.55,-0.9378986613908182,-0.20111453168573012,-7.448980675143638,0.0,-1,-0.006644022246276582
1330.65,-2.066508146141132,-0.44324133881201466,-10.745999497648931,0.0,-1,-0.0027430203284110055
1327.0,-2.7627705430045353,-0.3798345785584729,-12.084708565678795,0.0,-1,-0.007987942727957775
1316.4,-3.7640041961858515,-0.4603560772465962,-15.84348367884828,3.8764161497995246,-1,0.009875417806137987
1329.4,-2.867620673094507,0.1453424819482496,-8.007221061218921,0.0,-1,0.007973521889574231
1340.0,-1.2971271887906823,0.5719453220840247,-2.361396181990301,0.0,-1,-0.002238805970149249
1337.0,-0.653786514239755,0.40509533221165084,-3.7761609473841418,0.0,-1,0.0017202692595361668
1339.3,-0.08596730077761094,0.3243048485579317,-2.4492893718729505,0.0,-1,0.011349212275069132
1354.5,1.4717729143517317,0.6273483545624249,5.595886497280553,0.0,-1,-0.004761904761904745
1348.05,1.5904952790538118,0.24869023975483495,1.8462682521015026,0.0,-1,0.010051555951188673
1361.6,2.6464818548170115,0.43489227183934487,8.395909307368669,0.0,-1,0.026182432432432456
1397.25,5.924768321463944,1.2377262461620928,20.232129733293974,-16.103380998347575,-1,0.003578457684737968
1402.25,7.486847527998634,0.9332684842322614,21.495855893082137,-10.844245581904943,-1,0.0019967908718130367
1405.05,7.877316503932661,0.4412458200554292,22.22941606033342,-4.35604984741849,-1,-0.008042418419273334
1393.75,6.474441283238775,-0.3205431335461526,14.756516935470856,0.0,-1,-0.004699551569506744
1387.2,4.687633565955139,-0.70245028360993,10.711098457618093,0.0,-1,-0.0061634948096885855
1378.65,2.6910935768171385,-0.8996634242493102,5.667249834838373,0.0,-1,0.007978819860007924
1389.65,2.3852324508466154,-0.4018415167399443,10.373390746200329,0.0,-1,-0.002878422624401855
1385.65,1.700199183624136,-0.3622915946541414,7.890419190899422,0.0,-1,0.00288673185869448
1389.65,1.5493326180442182,-0.17105272007801964,9.73059322798452,0.0,-1,0.01676681178714068
1412.95,3.2864549504172373,0.5220232040983332,18.609024115716238,0.0,-1,0.0016631869492904627
1415.3,4.076978204069064,0.43751548591672007,19.36591849782019,0.0,-1,0.006359075814315052
1424.3,4.882491647222423,0.4143429763566928,22.216595809805156,0.0,-1,0.015867443656533142
1446.9,6.761707398197359,0.7645195757772099,27.94332514366876,0.0,-1,0.010297878222406354
1461.8,8.37950632383513,0.7941061671383274,30.836828013164833,-3.6768456561906078,-1,0.008277466137638578
1473.9,9.498446926334282,0.6376822565458262,32.86508267144633,-3.2261289640982795,-1,0.004545762941854825
1480.6,9.824713317055966,0.3213162157558376,33.9126603562531,0.0,-1,0.009928407402404416
1495.3,10.39412040266211,0.29690776712066125,35.99932736146276,-1.3253180772317137,-1,0.00535009697050759
1503.3,10.47931391191014,0.12736709212289732,37.017578199330345,0.0,-1,-0.0019956096587507854
1500.3,9.398634507208271,-0.31777077085965644,34.45818862705251,0.0,-1,0.007698460307938415
1511.85,9.037575262589826,-0.2262766718260334,36.195111475181946,0.0,-1,-0.005754539140787607
1503.15,7.3789143683982275,-0.6283125220058778,28.822461025204575,0.0,-1,0.03728836110833922
1559.2,10.605507723935716,0.8660936111772042,36.864905424121574,-4.500923211109466,-1,0.009620318111852155
1574.2,12.585012091376484,0.9485326595393246,38.1976700628517,0.0,-1,-0.001524583915639699
1571.8,12.326013267482267,0.22984461188170258,36.634915814628854,0.0,-1,-0.00556686601348777
1563.05,10.440179416578303,-0.5519964130074211,30.83293578150736,0.0,-1,0.011356002687054056
1580.8,10.1064142064115,-0.29525387439140793,33.34673436216006,0.0,-1,-0.01290485829959509
1560.4,7.39733041746058,-1.0014458877807755,21.390259857639577,0.0,-1,0.004742373750320272
1567.8,6.043010988196556,-0.7852551056815997,22.954041035390986,0.0,-1,0.00711187651486167
1578.95,5.791433691214934,-0.34561080088774077,25.221491785156303,0.0,-1,-0.010608315652807287
1562.2,3.7871922351228022,-0.7832840856599574,15.987404806116999,0.0,-1,0.0015362949686339444
1564.6,2.669472154149844,-0.6336680555443053,16.639393224207495,0.0,-1,-0.002460692828837985
1560.75,1.5673227674842565,-0.5786058140699644,14.437747482197167,0.0,-1,0.0013775428479898544
1562.9,1.0648045101945627,-0.36037469045321946,15.152125239344045,0.0,-1,-0.009629534839081355
1547.85,-0.5293549942998652,-0.6515113983158826,6.348236915279756,0.0,-1,-0.001873566560067097
1544.95,-1.5239884970219464,-0.5487149670126547,4.763858325744096,0.0,-1,0.02068028091523999
1576.9,0.7681937930353797,0.581155774348224,16.34712709543892,0.0,-1,0.002473206924979321
1580.8,2.1752687886444164,0.6627435899857534,17.476642569695642,0.0,-1,-0.016036184210526216
1555.45,0.5850338873951841,-0.3091637704211596,4.311326326946926,0.0,-1,-0.008839885563663219
1541.7,-1.404669720512402,-0.766289126109582,-1.4030527174665792,0.0,-1,0.0054160991113705315
1550.05,-1.5866323810901122,-0.3160839288957642,2.0043376623445255,0.0,-1,0.025902390245476026
1590.2,1.8004389870452542,1.0236624797465341,14.55666221270107,0.0,-1,0.00015721292919135266
1590.45,3.3647714221924616,0.8626649716312476,14.620677490176064,0.0,-1,0.008456726083812871
1603.9,4.987373354583269,0.8284223013406855,18.06823635922227,-3.227495695098014,-1,-0.0008416983602469452
1602.55,5.270559874563332,0.3705362737735829,17.336454900718508,0.0,-1,0.0019032167483072904
1605.6,5.22710647833992,0.10902762585005643,18.194793579112712,0.0,-1,0.007100149476831241
1617.0,5.719787573699705,0.20056957373661355,21.32427432654319,0.0,-1,-0.004019789734075463
1610.5,4.947812490237993,-0.19046850324169906,17.13908163860141,0.0,-1,0.013070475007761484
1631.55,5.903673907654138,0.2551309713914822,22.867820347592456,0.0,-1,0.014495418467101784
1655.2,7.860465124057555,0.7373073959316327,27.71719477005655,-9.42595609457021,-1,-0.0035947317544707813
1649.25,7.687988638587967,0.188276970154015,24.01901802043433,0.0,-1,0.002607245717750395
1653.55,7.319418009303945,-0.060097886376668797,24.975220334628062,0.0,-1,-0.0020259441807021217
1650.2,6.246014527220041,-0.377833789486858,22.660355750092236,0.0,-1,0.007938431705247773
1663.3,6.2804782422431344,-0.1144566914879217,25.89416237200956,0.0,-1,0.008386941622076538
1677.25,6.936836912901072,0.18063399305667183,28.853652849764543,0.0,-1,0.0001788642122522166
1677.55,6.711946505488186,-0.014752138118738323,28.915506087640594,0.0,-1,0.007183094393609757
1689.6,7.044339092991095,0.10588014979472327,31.350101685070868,0.0,-1,0.013375946969697017
1712.2,8.506840462326636,0.5227938397100882,34.96734836861752,0.0,-1,-0.0045555425768017965
1704.4,7.879187775133914,-0.034952949160877544,29.085142570836027,0.0,-1,0.02185519831025573
1741.65,10.012929116943042,0.6995961308827496,34.70406790968683,-1.3938015844676102,-1,-0.004708179025636583
1733.45,9.562055694769015,0.08290756956957424,29.48121363220568,0.0,-1,-0.00028844212408785097
1732.95,8.498114342451117,-0.3270112609161071,29.150561533341374,0.0,-1,0.003346894024639946
1738.75,7.741300804421144,-0.3612749329820275,30.211604232320326,0.0,-1,-0.010294751976995031
1720.85,5.226118968371111,-0.9588189230106865,18.293658462667082,0.0,-1,0.008542290147310894
1735.55,4.758018136315286,-0.4756399183555038,22.079091302159156,0.0,-1,-0.004523061853591082
1727.7,3.473299542261202,-0.5867861708031956,17.310787722166452,0.0,-1,-0.01093939920125031
1708.8,0.9664986167122152,-1.031195698784061,7.189801734918277,0.0,-1,-0.006290964419475631
1698.05,-1.2632767307882204,-1.086990348761499,2.2268908859462897,0.0,-1,0.004946850799446567
1706.45,-1.5728913436394123,-0.46553498720423026,5.574097022613792,0.0,-1,-0.01681854141639083
1677.75,-3.9882910380952126,-0.9603115605533437,-6.102129393563125,0.0,-1,0.006765012665772563
1689.1,-3.9177999654818905,-0.29660682931334037,-1.3604681665901168,0.0,-1,0.006837961044343199
1700.65,-2.593571098718485,0.3425406791500216,3.1196139015526114,0.0,-1,0.017493311380942567
1730.4,0.7638409262231107,1.233317568030539,12.48497819965457,0.0,-1,-0.013725150254276453
1706.65,0.39972686150872505,0.2897345011053845,3.079250309612455,0.0,-1,-0.007851639176163827
1693.25,-0.9323074093076684,-0.3474332565703363,-1.4977153959201104,0.0,-1,-0.0009744574043998311
1691.6,-1.6581322606068625,-0.3577527026231768,-2.0632486064608884,0.0,-1,0.00017734689051795982
1691.9,-1.8578669978726339,-0.18582914662964933,-1.9408996732849673,0.0,-1,-0.0033985460133577616
1686.15,-2.2820787833495615,-0.20334697736885898,-4.231451604151019,0.0,-1,0.01500459626960815
1711.45,-0.19567811080878528,0.6276845650573059,6.017024245984402,0.0,-1,-0.005375558736743669
1702.25,0.09716206802909255,0.30684158129839456,2.0433004241059507,0.0,-1,-0.006432662652371857
1691.3,-0.6770146815545104,-0.15577838942840283,-2.420279489017126,0.0,-1,-0.0020398510021877314
1687.85,-1.2951851662166973,-0.25798295803019666,-3.8072113714369706,0.0,-1,0.01812957312557395
1718.45,1.0536616886367938,0.6969546322744316,8.200584060200676,0.0,-1,-0.0009019756175623339
1716.9,2.011113308677295,0.5514687507716445,7.478650680615843,0.0,-1,0.01493971693167917
1742.55,4.459746342974313,1.0000339283562205,15.37568657161711,-5.09615767482228,-1,0.012223465610742945
1763.85,7.087417331541701,1.2092349723078692,20.44090255040051,-16.314692262729523,-1,-0.024208407744422566
1721.15,4.25230138153006,-0.5419603259012575,3.1287172991965804,0.0,-1,-0.019783284431920678
1687.1,-0.35711504193659493,-1.7171255831226377,-6.371687777055335,0.0,-1,0.0030525754252861415
1692.25,-2.2028970001751986,-1.187635847120414,-4.727078776860793,0.0,-1,-0.010075343477618515
1675.2,-4.363046562613363,-1.1159284698528595,-9.114830743959736,0.0,-1,-0.005999283667621702
1665.15,-5.917034130281081,-0.8899720125068598,-11.555119589290726,0.0,-1,0.008167432363450633
1678.75,-5.067608403258191,-0.01351542849465659,-6.485849440263095,0.0,-1,0.008369322412509206
1692.8,-3.0497615061419765,0.6681104895405197,-1.6073349901322302,0.0,-1,-0.011371691871455591
1673.55,-3.3908579320720946,0.10900468787013384,-7.230650789802269,0.0,-1,0.01042693675121753
1691.0,-1.8246679840310662,0.5583982119703874,-1.2341900194144415,0.0,-1,0.019426374926079237
1723.85,1.8479826553252678,1.4103496171089074,7.975870285498885,0.0,-1,-0.01908518722626673
1690.95,0.7886427537264353,0.11700323850335825,-1.6884550192031398,0.0,-1,-0.0034300245424169207
1685.15,-0.29008075988372184,-0.32057342503559966,-3.2160585619339273,0.0,-1,0.014271726552532282
1709.2,1.198897546634953,0.38946829382769166,3.5507380891850246,0.0,-1,0.00383220219985958
1715.75,2.3893119043414117,0.5266275505113835,5.271834566254675,0.0,-1,0.04452863179367639
1792.15,9.152076424499455,2.429797356889809,19.78266137919522,-22.095044855150718,-1,0.01673967022849654
1822.15,14.270785649203617,2.516168860531323,23.529451756909708,-27.702595795104116,-1,-0.010866284334440146
1802.35,13.990908124122143,0.7454304451499496,17.40073897286267,0.0,-1,-0.02702027908008975
1753.65,8.626727017904614,-1.5395835536891926,4.896110857172623,0.0,-1,-0.019302597439626035
1719.8,2.404909213303654,-2.587133786096718,-1.9837764530432551,0.0,-1,-0.0071229212699150946
1707.55,-1.9272421234386456,-2.306428374279673,-4.287395291204689,0.0,-1,-0.0022546923955374387
1703.7,-4.253547614856643,-1.5442446218992236,-5.040620866770979,0.0,-1,0.01482068439279205
1728.95,-2.9580713926609405,-0.08292279990117368,0.8598141046999288,0.0,-1,-0.01448856242227936
1703.9,-4.151327332174787,-0.42539291313834005,-4.515102860939294,0.0,-1,-0.02121603380480075
1667.75,-7.414511357583933,-1.2295256461824957,-11.10591083466256,0.0,-1,0.01936741118273111
1700.05,-5.73656075715644,0.14947498474833232,-3.4210567225439448,0.0,-1,-0.001264668686214998
1697.9,-4.5987053938463305,0.4291101160194808,-3.850310981038511,0.0,-1,0.0027092290476471437
1702.5,-3.2632189293708507,0.588198860164987,-2.6958526058062233,0.0,-1,0.0036417033773861185
1708.7,-1.8068741196855171,0.6815145566167735,-1.0566460081452504,0.0,-1,0.016854918944226638
1737.5,1.4718711284642723,1.3200866015888544,6.006582360309018,0.0,-1,0.0028776978417266452
1742.5,3.40525449183383,1.0844899883194707,7.150081836870406,0.0,-1,-0.0013486370157819172
1740.15,3.892341632532407,0.5238590430060159,6.384723056763853,0.0,-1,-0.0039364422607247596
1733.3,3.24069006683726,-0.04259750756304381,4.04076466849407,0.0,-1,0.027058212657935732
1780.2,6.553140111753464,1.0899508457843865,15.083157084701355,0.0,-1,0.0039040557240759277
1787.15,8.242436791565297,0.9264158418654063,16.411912686155844,0.0,-1,0.002881683126765955
1792.3,8.829382065507389,0.5044537052691656,17.432327549067423,0.0,-1,-0.0027060201975115383
1787.45,7.982906197019474,-0.11400738773958352,15.354734159496601,0.0,-1,-0.00450362247895042
1779.4,6.223592746357326,-0.6244402794672439,11.840910889015767,0.0,-1,-0.011239743733842844
1759.4,3.158636625496456,-1.2297988001093714,3.848655833461642,0.0,-1,-0.012788450608161916
1736.9,-0.5120611537254263,-1.6334988597770848,-3.6406387527255006,0.0,-1,-0.023547699925154042
1696.0,-5.713071613859256,-2.2781697733036386,-13.807427145045096,0.0,-1,0.015566037735849081
1722.4,-5.637487542771169,-0.7341952340718505,-5.135497461990859,0.0,-1,-0.017852995819786388
1691.65,-7.6924048786629555,-0.9297041899878788,-11.846370943580524,0.0,-1,0.0027783524960836026
1696.35,-7.6871631400533715,-0.3081541504594316,-10.314204222374798,0.0,-1,0.009608866094850788
1712.65,-5.6856120090776585,0.5644656601720941,-5.058140950733588,0.0,-1,0.0013137535398359823
1714.9,-4.023535442833463,0.7421807421387632,-4.331953553810017,0.0,-1,0.01944719808735207
1748.25,-0.07803587280864122,1.5625601040545285,5.363866424887341,0.0,-1,-0.007264407264407247
1735.55,0.842883568271418,0.8278265150448627,1.4769316895845037,0.0,-1,-0.023191495491342806
1695.3,-2.1210636752111895,-0.7120402428125818,-8.72698089091439,0.0,-1,0.009644310741461659
1711.65,-2.0637819906849018,-0.21825285276209794,-3.9043170847619493,0.0,-1,0.024362457278064964
1753.35,1.611840684135359,1.152456607352721,6.271887571436494,0.0,-1,0.005760401517096003
1763.45,4.15699863120085,1.2325381848060708,8.386076332718503,0.0,-1,-0.002381694972922399
1759.25,4.733161052133482,0.6029002019129015,7.1102760459634595,0.0,-1,-0.008298991047321236
1744.65,3.410145508255482,-0.24003844732169943,2.665398174917364,0.0,-1,0.004298856504169946
1752.15,3.089458943961972,-0.18690833720506994,4.678721939955409,0.0,-1,-0.01024455668749824
1734.2,1.1758274164849354,-0.7001799548940357,-0.8774591755321168,0.0,-1,0.021566140006919587
1771.6,3.23769270137268,0.45389510999790295,8.811888846302317,0.0,-1,0.027799729058478162
1820.85,8.102984285368848,1.773062231331357,17.78785019856886,-20.484904454865728,-1,-0.012054809566960367
1798.9,8.03121472025282,0.5670975554051099,11.18488475317222,0.0,-1,0.007059869920506889
1811.6,8.384395377673627,0.3067594042753061,13.472256214725064,0.0,-1,0.007231176860234223
1824.7,8.953952758244668,0.29210559494878297,15.783254300331777,0.0,-1,0.018030361155258356
1857.6,11.234235385343027,0.8574627406823812,20.9176398656125,-8.091564714397236,-1,0.0031761412575366244
1863.5,11.929857083447132,0.5176948129288288,21.761942603437532,0.0,-1,0.001422055272336964
1866.15,11.504346508878598,0.030728079453432144,22.165223491612167,0.0,-1,0.0117085979154945
1888.0,12.153729012521126,0.22670352769865332,25.385721220851224,0.0,-1,-0.0012976694915254328
1885.55,11.261442846632235,-0.22186087939674515,24.314495659786445,0.0,-1,0.0038715494152898877
1892.85,10.4851795264683,-0.332708066520226,25.468557765441915,0.0,-1,-0.002694349789999162
1887.75,8.7982829058476,-0.6732015623803083,22.92510909593007,0.0,-1,0.005668123427360561
1898.45,8.113311020049878,-0.4527244827260102,24.89729790924261,0.0,-1,0.00036872185203717933
1899.15,7.153049158813474,-0.4709954479874714,25.02951285271277,0.0,-1,-0.028697048679672488
1844.65,1.5351641316274254,-2.02962682505784,1.5442193927545205,0.0,-1,-0.014555606754668937
1817.8,-3.639208726267725,-2.401333227650997,-5.995663787006592,0.0,-1,-0.0019254043349102856
1814.3,-6.21479442802638,-1.658972976469884,-6.908633070216929,0.0,-1,0.020090392989031702
1850.75,-3.947187743236782,0.20287790277323836,4.108731751452687,0.0,-1,0.0026205592327435134
1855.6,-2.080285422239058,0.6899267412569876,5.385686443606964,0.0,-1,0.011775167061866876
1877.45,0.8473561901132598,1.2058561178697684,10.84016760212274,0.0,-1,0.010306532797144996
1896.8,3.8530639804466773,1.4038546360677286,15.04523219134623,0.0,-1,0.01716048080978494
1929.35,7.747329210576254,1.7660399553991013,20.888143145745403,0.0,-1,0.005260839142716467
1939.5,9.894684391426154,1.3044650454163342,22.481871434250877,0.0,-1,-0.00966744006187159
1920.75,8.58130494923239,-0.002971465592477074,15.16005954068666,0.0,-1,-0.02795782897305743
1867.05,2.734506482366214,-1.9499233108195515,-0.690656718057177,0.0,-1,-0.02321844621193858
1823.7,-4.0292682912640885,-2.9045660281499517,-9.52253427896595,0.0,-1,-0.020836760432088597
1785.7,-10.242049987140717,-3.039115908008861,-15.535017399185115,5.578881468473128,-1,-0.027384219073752658
1736.8,-16.569936669483923,-3.1223341967840224,-21.57256978037085,27.828044092100754,-1,-0.008435052970981016
1722.15,-19.573885288198426,-2.042094271832841,-23.138932616912772,16.27828411766768,-1,-0.025288157245303977
1678.6,-23.07386915687266,-1.8473593801690242,-27.274831446263313,26.103663588796508,-1,0.004527582509233907
1686.2,-22.267705328137026,-0.3470651838111287,-25.034608783269725,0.0,-1,0.029652473016249514
1736.2,-15.842314636424362,2.0261085026338463,-11.913952658510517,0.0,-1,0.020648542794608815
1772.05,-8.321926404199303,3.182165578286302,-4.343556077325353,0.0,-1,0.008492988346829877
1787.1,-2.6140717544035397,2.9633400760273556,-1.4113535180966252,0.0,-1,-0.027166918471266288
1738.55,-3.5881384499721207,0.6630911268195918,-9.285526670743266,0.0,-1,0.0014667395243161963
1741.1,-3.5636602602587573,0.2291897721776519,-8.730084028234224,0.0,-1,-0.014990523232439212
1715.0,-5.429449477047001,-0.545533148203531,-12.703933267910692,0.0,-1,0.0013411078717200375
1717.3,-5.718223295687267,-0.2781023222812653,-12.118278032963502,0.0,-1,0.011646188784720124
1737.3,-3.719424930366813,0.5735653476797298,-6.976615771837984,0.0,-1,0.018592068151729757
1769.6,0.2815929964906445,1.524861091512396,0.3917039900530739,0.0,-1,-0.02726604882459316
1721.35,-1.7621974564547145,-0.1729764538109877,-8.513280975551332,0.0,-1,-0.02274377668690264
1682.2,-5.899742894889641,-1.4368406307486383,-14.214561708587873,0.0,-1,0.03331946260848895
1738.25,-2.8060370395330665,0.5522884082026454,-2.695040687679281,0.0,-1,-0.0028476916438947564
1733.3,-1.4378476918934666,0.6401592519474151,-3.5133476456351076,0.0,-1,-0.004903940460393441
1724.8,-1.3422657104158588,0.24524707780834087,-4.9986217295541095,0.0,-1,-0.010349025974025872
1706.95,-2.6701192438092676,-0.36086881852835617,-8.1207718756122,0.0,-1,0.013913705732446768
1730.7,-1.132369406855105,0.39229367280860217,-2.7140137786975913,0.0,-1,0.0021089732478187795
1734.35,0.03503629552642451,0.5198997917300439,-1.8897356710192668,0.0,-1,0.004900971545535704
1742.85,1.3241527887566917,0.6030054283201038,0.12810603035708112,0.0,-1,-0.0371231029635366
1678.15,-3.533301697024399,-1.4181496858203295,-12.278165572713682,0.0,-1,0.00980246104341087
1694.6,-4.296753798496411,-0.7272005957641139,-8.20844056208474,0.0,-1,0.012392304968724233
1715.6,-2.5704170326910116,0.333045390013762,-3.2706971651168217,0.0,-1,-0.007460946607600771
1702.8,-2.559713897064057,0.11458284188023882,-5.809448360624927,0.0,-1,0.010600187925769333
1720.85,-0.8368861711619502,0.612470189260782,-1.4313688031430374,0.0,-1,0.0014237150245517416
1723.3,0.29843487271932645,0.5825970777140196,-0.8299979430430255,0.0,-1,0.009603667382347858
1739.85,2.220392488600055,0.8348515645315828,3.2710055333787977,0.0,-1,0.022042130068684163
1778.2,6.192171922490388,1.6022103328073056,11.308343483743435,-3.696860917925733,-1,0.019767180294679942
1813.35,10.591213979228087,2.000417463181668,17.07550786417052,-20.386352035922528,-1,0.006920892271210732
1825.9,12.953967175994421,1.4543902199826668,18.913696098205605,-15.22695959894213,-1,-0.00213593296456549
1822.0,12.730846509711455,0.41042318456656623,17.610342058970602,-0.4435541224881945,-1,0.03770581778265636
1890.7,17.28338230076065,1.6543196585385864,26.360924594438643,-36.68679000938505,-1,-0.02718569841857521
1839.3,13.836035004555242,-0.5976758792222743,12.356211983421147,0.0,-1,0.027238623389332917
1889.4,15.134358439406242,0.23354918520957568,18.594205330609313,-1.2702984759389437,-1,-0.018418545570022316
1854.6,11.622323620214502,-1.0928285446607209,10.81617394606019,0.0,-1,-0.0008357597325568955
1853.05,8.768612575600855,-1.3155131964247886,10.476798047989355,0.0,-1,0.01853700655675783
1887.4,9.473539338660657,-0.20352881112166266,15.251540891532386,0.0,-1,-0.007947440924022442
1872.4,7.786541108635447,-0.6301756803822904,11.638507404507138,0.0,-1,0.007637256996368302
1886.7,7.485830234569903,-0.31029551814927814,13.763834220067942,0.0,-1,-0.005379763608416854
1876.55,5.865822277989764,-0.643434491576472,11.094400582862427,0.0,-1,-0.0014121659428205646
1873.9,4.346166443200445,-0.7210301087885966,10.361338279835152,0.0,-1,0.006457121511286523
1886.0,4.23249132220576,-0.27823507659442726,12.635866753401181,0.0,-1,0.009517497348886517
1903.95,5.3187794848579415,0.269351028685918,15.864476375658256,0.0,-1,0.0015231492423644077
1906.85,5.6603586091125635,0.20364338431351303,16.38587924407085,0.0,-1,-0.001730602826651273
1903.55,5.084451620480422,-0.12408786810620942,15.128087883879289,0.0,-1,-0.010821885424601385
1882.95,2.656127157791161,-0.8508041102651571,7.563414001778071,0.0,-1,-0.0116041318144402
1861.1,-0.6002123367029526,-1.3690478682530904,0.6324655383683648,0.0,-1,-0.017328461662457717
1828.85,-4.8658643892247255,-1.8782333069249542,-7.716823572662314,0.0,-1,-0.009760231839680666
1811.0,-8.0807017163836,-1.6976902113612766,-11.610003604662943,0.0,-1,0.0019878520154610335
1814.6,-8.71472857026447,-0.7772390217473815,-10.364513285724613,0.0,-1,-0.02647966493993159
1766.55,-12.309681283016062,-1.4573972448329915,-19.50656790343677,24.808503315900907,-1,-0.013642410347853073
1742.45,-15.089684199140493,-1.4124667203191414,-22.979768186497456,24.587506460438817,-1,0.00350081781399747
1748.55,-14.713878640607845,-0.3455537205954986,-20.714587675907666,1.846373165093155,-1,-0.07271739441251313
1621.4,-23.89565264129078,-3.175775907092813,-32.962305688941036,74.08010889794605,-1,-0.03663500678426057
1562.0,-31.445235254858062,-3.575119506886697,-36.00123805711211,73.15370048030945,-1,0.01645326504481437
1587.7,-30.45792362373686,-0.862602625255164,-29.209345505439256,7.329402892663211,-1,0.019588083391068878
1618.8,-24.834440839531453,1.5869600529834145,-21.605753920815978,0.0,-1,-0.020601680256980393
1585.45,-22.73232937746775,1.2296905050157072,-24.52005117882904,0.0,-1,-0.015358415591787855
1561.1,-21.81607953164712,0.7153134502787779,-26.478570398354275,0.0,-1,0.012747421689834226
1581.0,-17.881614647766128,1.5499261113865899,-21.488817906206904,0.0,-1,-0.01783681214421251
1552.8,-16.774247651845144,0.8857643691025245,-24.144886095355666,0.0,-1,0.019191138588356527
1582.6,-12.339376849564132,1.773545057127846,-16.834362960376133,0.0,-1,-0.0095096676355364
1567.55,-10.347826710960135,1.2550317319106146,-18.573147868381245,0.0,-1,-0.016937258779624265
1541.0,-10.702232749077893,0.300208564597618,-21.501755212053116,0.0,-1,-0.0035366645035691535
1535.55,-10.441749705713846,0.18689720265388843,-22.094863353977782,0.0,-1,0.032301129888313795
1585.15,-5.308029041889085,1.7735392888262167,-9.560154433963405,0.0,-1,-0.0266851717503076
1542.85,-5.82383295648583,0.4192451247431572,-15.280243400834223,0.0,-1,0.017824156593317486
1570.35,-3.3047488340769178,0.979443082384023,-9.22858418926618,0.0,-1,-0.01104849237431138
1553.0,-3.2156443700328055,0.35618251547604496,-11.716461969113546,0.0,-1,-0.016902768834513804
1526.75,-5.090621773841349,-0.5062649627774993,-15.278206138438108,0.0,-1,-0.01175700016374659
1508.8,-7.099725327925398,-0.8384561722871826,-17.570565330462976,0.0,-1,-0.002916224814421997
1504.4,-7.879299994306848,-0.5393436128895441,-18.143395278510017,0.0,-1,-0.010170167508641414
1489.1,-8.887478994638741,-0.5158408710738129,-20.178611005715847,0.0,-1,0.01970989188100214
1518.45,-6.2051119119180385,0.7221754038822965,-11.767639984499347,0.0,-1,-0.006091738285751935
1509.2,-5.117669044564536,0.6032060904119332,-13.307597143870723,0.0,-1,-0.054366551815531405
1427.15,-10.984975190507384,-1.7547000185103059,-23.734538163299636,29.738021575737548,-1,0.01961952142381662
1455.15,-10.669880330936621,-0.4798683863131803,-16.562429431030026,0.0,-1,0.009105590488952986
1468.4,-8.51900954023995,0.5570008014611645,-13.32382164851144,0.0,-1,-0.018659765731408373
1441.0,-9.01699001653833,0.019673441720927443,-17.011736005316344,0.0,-1,-0.02120055517002084
1410.45,-11.06039775330919,-0.6745780983499774,-20.665897212449273,0.47673722250146966,-1,0.009571413378708815
1423.95,-10.035401808919005,0.116805948680069,-17.02073012304234,0.0,-1,0.026264967168790898
1461.35,-5.569953685980408,1.5274180238728885,-7.837191013794744,0.0,-1,0.04478735415882573
1526.8,2.5810998493204806,3.2261571863912595,4.330821859140329,0.0,-1,-0.015195179460309127
1503.6,4.508201629527548,1.7177529888661094,0.17342007181441232,0.0,-1,-0.016660015961691865
1478.55,3.008569050503638,0.0727068032807332,-4.045319446885323,0.0,-1,0.01991816306516525
1508.0,4.462205340116498,0.5087810309645309,1.3033210567740454,0.0,-1,0.009084880636604842
1521.7,5.958839706579738,0.6684717991425906,3.673118080669788,0.0,-1,0.005487283958730327
1530.05,6.906420247596543,0.5386841133864655,5.151158906113388,0.0,-1,-0.015260939184993938
1506.7,4.85884216413865,-0.5029646566904757,0.17703859505338215,0.0,-1,-0.004446804274241711
1500.0,2.8718162753980323,-0.8299968484770313,-1.2254530888667716,0.0,-1,0.010000000000000009
1515.0,2.888985308077963,-0.2709426052657,2.104685050368907,0.0,-1,-0.0252145214521452
1476.8,-0.5265122845885344,-1.2288133993107326,-5.9909044482361935,0.0,-1,-0.03541440953412778
1424.5,-6.548718390539534,-2.417006501753911,-14.40420207071692,0.0,-1,0.011267111267111218
1440.55,-7.676594910970152,-1.1816276740615095,-10.462866775684901,0.0,-1,-0.012738190274547811
1422.2,-9.12998359527137,-0.8783387861209082,-13.314795365541265,0.0,-1,-0.017578399662494748
1397.2,-11.179179304482432,-0.975844831777323,-16.92622133844788,0.0,-1,-0.007085599770970563
1387.3,-12.097178883714605,-0.6312814703364982,-18.29934206775595,0.0,-1,0.019354141137461367
1414.15,-9.310580433021187,0.7184389934523061,-10.70459896387925,0.0,-1,0.02528020365590633
1449.9,-4.162232838256159,1.9555955294057785,-2.1289873591017994,0.0,-1,-0.008724739637216428
1437.25,-2.295372971018651,1.2741517988810958,-4.647898761489053,0.0,-1,0.01057575230474872
1452.45,0.09600471018484313,1.2218431600281967,-1.0608377246137692,0.0,-1,-0.00781438259492595
1441.1,0.3378598249380502,0.4878994249271347,-3.5883985585665243,0.0,-1,0.023246131427381966
1474.6,3.222299063569608,1.1241128878528976,4.173503803737546,0.0,-1,0.0037637325376373987
1480.15,4.858493760921192,0.9201025284014941,5.363627110597612,0.0,-1,-0.011417761713339969
1463.25,3.8633832961868393,-0.02500264544428621,0.891901025558461,0.0,-1,-0.0009226037929266351
1461.9,2.9313794558040627,-0.3190021619423544,0.5296567255711366,0.0,-1,0.011970723031671016
1479.4,3.6794292476290593,0.14301587662754756,5.129812531343703,0.0,-1,0.00581316750033789
1488.0,4.463501706238958,0.3090294450791484,7.29798525567972,0.0,-1,-0.008098118279569855
1475.95,3.4794127933575965,-0.22501982260073783,3.2891271408465954,0.0,-1,0.01063721670788298
1491.65,4.005750604136892,0.10043932939285272,7.58517499019861,0.0,-1,0.004726309791170724
1498.7,4.522606959181758,0.20576522814590614,9.446107520259837,0.0,-1,0.010509107893507785
1514.45,5.7166512234391575,0.46660316413443503,13.42900110057306,0.0,-1,-0.027270626299976897
1473.15,2.395619086948045,-0.9514763241188926,-0.6830300597873773,0.0,-1,-0.02345314462206849
1438.6,-2.3436985718767573,-1.8969313276478983,-9.134205090879924,0.0,-1,0.004066453496454958
1444.45,-4.0305491869658,-1.1945939809123134,-7.287300858872108,0.0,-1,-0.010799958461698345
1428.85,-5.838095395596838,-1.0007133965144508,-10.905157119735662,0.0,-1,0.0010497952899184426
1430.35,-6.1303605502791925,-0.4309928503989351,-10.358946557199111,0.0,-1,0.04163316670744943
1489.9,-0.8031297484305924,1.6320793171498886,6.750476093103508,0.0,-1,-0.0038593194174105783
1484.15,1.4482464648631321,1.2944851768145378,5.0755482513795585,0.0,-1,0.020988444564228548
1515.3,5.049080699438036,1.631773137129814,11.852579205774958,0.0,-1,0.011614861743549199
1532.9,7.895407758438978,1.4927000653769191,15.152756146337794,-0.004364672829296978,-1,-0.017352730119381654
1506.3,6.443953974736132,0.013748760558024209,6.888180678322961,0.0,-1,-0.0017924716191993761
1503.6,4.956230918323399,-0.49132476528490265,6.085800305317704,0.0,-1,-0.0348829475924447
1451.15,-0.5714831864099779,-2.0063462900060935,-7.003826797381642,0.0,-1,0.01371326189573785
1471.05,-1.6293833065758463,-1.0214154700573208,-1.8977434189192337,0.0,-1,0.03150810645457325
1517.4,1.839948575555809,0.8159721373581115,7.8688180181762135,0.0,-1,0.021286410966126157
1549.7,6.1129521353252585,1.6963252323758544,13.227162482093092,0.0,-1,0.0008711363489706248
1551.05,7.852541237266223,1.145304778105606,13.443078735529078,0.0,-1,-0.004803197833725625
1543.6,7.447124018464592,0.24662918643465837,11.238318120257077,0.0,-1,0.014576315107540871
1566.1,8.498821740858375,0.4327756362761477,15.286494284537582,0.0,-1,0.021582274439690963
1599.9,11.13310212365036,1.0223520063560443,20.439496106796895,-2.7648254615958194,-1,0.010469404337771104
1616.65,12.918317138075508,0.9358556735937302,22.673107759493277,-1.3770604095375347,-1,0.0017010484644170987
1619.4,12.963564883781828,0.3270344731000172,23.044656739598864,0.0,-1,-0.010466839570211217
1602.45,10.493391682986612,-0.7143795758984002,16.82247246032108,0.0,-1,0.010920777559362271
1619.95,9.842189109006767,-0.4551940499594149,19.775945291195555,0.0,-1,-0.015957282632180103
1594.1,6.542238729599603,-1.2517148097888597,10.880866915858043,0.0,-1,0.001474186061100502
1596.45,4.542910312429285,-1.0836810756530593,11.378193233874121,0.0,-1,0.0061386200632653765
1606.25,3.981336911141625,-0.5484181589802395,13.526729234696276,0.0,-1,-0.014505836575875453
1582.95,1.4271054679027202,-1.0342165340730483,5.38707731844147,0.0,-1,0.008939006285732187
1597.1,1.2102309572915146,-0.4170303482280846,8.937294393022825,0.0,-1,-0.013430592949721265
1575.65,-0.7865588777885932,-0.8046067277693976,1.9712570064798882,0.0,-1,-0.02110240218322601
1542.4,-4.490240555512855,-1.5027628018312202,-6.819144160360274,0.0,-1,-0.0031768672199170567
1537.5,-6.376228014748904,-1.1295834203557567,-7.982825941810773,0.0,-1,-0.012585365853658437
1518.15,-8.400369409804625,-1.0512416051371591,-12.425812208267132,0.0,-1,0.0022395678951354636
1521.55,-8.42907598984857,-0.3599827283937014,-11.1631322494841,0.0,-1,-0.039302027537708284
1461.75,-12.724339614049995,-1.5517487841983755,-22.165610951343478,25.484952102679472,-1,0.021344279117496257
1492.95,-11.211609791646424,-0.013006320598268672,-11.985603923028762,0.0,-1,-0.019257175391004355
1464.2,-11.916777397807437,-0.23939130891976035,-16.783128971992895,0.0,-1,-0.007649228247507245
1453.0,-12.209629751070679,-0.17741455406100037,-18.50367653111102,0.0,-1,0.005712319339298055
1461.3,-10.646920115113062,0.46176502729887225,-15.701467107327986,0.0,-1,-0.004242797509067309
1455.1,-9.494988620874892,0.5378988405123479,-16.827712976509083,0.0,-1,0.0017524568758162662
1457.65,-7.915273822016161,0.705871213123693,-15.839725004964414,0.0,-1,0.01252015229993475
1475.9,-4.944976937418687,1.2253893659070556,-8.913593241014183,0.0,-1,0.024222508300020262
1511.65,-0.06858041700184003,2.0339286287746345,2.062520618954281,0.0,-1,0.016240531869149644
1536.2,4.4211662112900285,2.174558419022168,8.028966382866045,0.0,-1,0.005695872933211721
1544.95,7.026775674495184,1.5933892940757746,10.000521310408708,0.0,-1,-0.04501763811126569
1475.4,1.94818243322311,-1.1617346490654334,-7.5927299178689225,0.0,-1,-0.028873525823505553
1432.8,-4.303462723514713,-2.4711266019344187,-14.64747701187266,0.0,-1,-0.03890982691233946
1377.05,-11.716496741590845,-3.294720206670185,-21.53349363400878,11.76779375984529,-1,0.009622018082132033
1390.3,-13.342472355496284,-1.6402319401918746,-18.034023386859477,0.0,-1,-0.0012587211393224607
1388.55,-13.189420799491018,-0.4957267947288688,-18.261875879774564,0.0,-1,-0.0081379856685031
1377.25,-12.95544328819733,-0.08724976114505978,-19.806007225792,0.0,-1,-0.006752586676347816
1367.95,-12.53383425853417,0.11145308950603372,-21.092126158384577,0.0,-1,-0.0018275521766146774
1365.45,-11.486876888824781,0.3861368197384749,-21.455288488087675,0.0,-1,0.010838917572961293
1380.25,-8.772825129901321,1.0333961928873112,-16.001275491668764,0.0,-1,0.009635935518927718
1393.55,-5.576397156281246,1.4099413888357955,-11.327333783218428,0.0,-1,0.0008252305263536375
1394.7,-3.4176500731143733,1.1895628240008893,-10.912910635222453,0.0,-1,0.0028321502832151513
1398.65,-1.7243056921047355,0.9609690683368424,-9.381478782834613,0.0,-1,0.010581632288277909
1413.45,0.49939197274215985,1.0615555777279126,-3.7550866138230035,0.0,-1,-0.013937528741731264
1393.75,-0.0720418592295573,0.16337391525206518,-9.439025195516415,0.0,-1,0.025578475336322848
1429.4,2.6190780463869032,0.9514979402895087,2.339584455007312,0.0,-1,0.018014551560095127
1455.15,5.892214828662873,1.4082115741884929,8.879289363573562,0.0,-1,-0.0027144967872728687
1451.2,6.708598650745671,0.7415317987570971,7.533738027501137,0.0,-1,0.00789002205071676
1462.65,7.511907340891639,0.5149468296343551,10.44514795215715,0.0,-1,-0.026561378320172357
1423.8,4.050069407556975,-0.9822970345667699,-1.969160412733352,0.0,-1,0.003441494591937211
1428.7,2.389977990259922,-0.8807961506212747,-0.5152223690192343,0.0,-1,-0.00615944564989146
1419.9,0.6274341157563867,-0.8811133417082702,-3.1317368471199103,0.0,-1,0.03827734347489242
1474.25,4.22304266885817,0.9048317371311714,11.014214856345525,0.0,-1,0.010649482787858267
1489.95,6.977260056337627,1.219683041536876,14.083451325656952,-2.427690751524324,-1,0.009228497600590524
1503.7,8.918763745382648,1.053728910193966,16.639215926176533,-1.4595257250653049,-1,-0.012136729400811341
1485.45,7.625451944456472,-0.07986096357740369,10.31021985656254,0.0,-1,0.010400888619610305
1500.9,7.630841715288852,-0.024823730915008113,13.565173162571533,0.0,-1,-0.0002665067626091977
1500.5,6.964299791097574,-0.23045521836876226,13.415566496794796,0.0,-1,0.011562812395867983
1517.85,7.4965038464104055,0.10058294564802317,17.142589102361242,0.0,-1,0.0055670850215765455
1526.3,7.842063886865844,0.1487143287011543,18.859343530783562,0.0,-1,-0.0015396711000458252
1523.95,7.165505249854732,-0.1759481027699863,17.765259728107182,0.0,-1,-0.007021227730568569
1513.25,5.338433827194649,-0.6676731751433564,12.723400542723354,0.0,-1,0.016124235916074703
1537.65,6.013361963598527,0.0024183204201735364,18.636001489785173,0.0,-1,0.022989627028257242
1573.0,8.795545868166982,0.9282007416628764,25.01530676423134,0.0,-1,-0.012523839796567127
1553.3,7.812008998104147,-0.01844537613331987,16.624388420128284,0.0,-1,-0.01451747891585653
1530.75,4.790073146564055,-1.0134604092244706,8.326571229092416,0.0,-1,-0.010942348521966405
1514.0,1.4840991252469848,-1.4398114768471801,2.889944746920456,0.0,-1,-0.004326287978863919
1507.45,-0.8383961458487192,-1.2541022493142948,0.8313144095520215,0.0,-1,0.002487644698000002
1511.2,-1.6172774359092728,-0.6776611797916161,2.019321675978688,0.0,-1,-0.00612096347273694
1501.95,-2.6427782946138905,-0.5677206794987448,-1.2115204570931368,0.0,-1,0.04537434668264573
1570.1,2.7438694672516704,1.6063090274556056,16.049826158905105,0.0,-1,0.009680912043818823
1585.3,6.475204225913558,1.7792145953724976,18.66706468098856,-4.435373843569778,-1,0.005487920267457369
1594.0,8.526271253085042,1.2767605408479943,20.13142824029221,-3.036615380131707,-1,0.005520702634880692
1602.8,9.574615495580474,0.7750349277811424,21.62199229242593,-0.3227284739289189,-1,-0.009608185675068492
1587.4,8.017569658863067,-0.26067030297875426,15.286835808846561,0.0,-1,0.00377976565452931
1593.4,7.070915935599032,-0.4024413420809294,16.567024536942142,0.0,-1,-0.015815237856156683
1568.2,3.9083460793337963,-1.1883370661153885,6.792847107306578,0.0,-1,0.010744802958806199
1585.05,3.4055323112568203,-0.5637169447307881,11.042637187637574,0.0,-1,-0.0011987003564555287
1583.15,2.711997734613533,-0.41908384045802505,10.29955454158732,0.0,-1,0.02946656981334672
1629.8,6.026730635074273,0.9652163533342382,20.196935576144597,0.0,-1,0.003589397472082645
1635.65,7.669369532381552,0.8692850835471724,21.19743709630052,0.0,-1,-0.007489377311772127
1623.4,6.830741520003357,0.01021902372299266,16.039254559598447,0.0,-1,0.003480349882961642
1629.05,6.313032387147359,-0.16916336971100154,17.25501225751958,0.0,-1,0.003621742733495026
1634.95,6.019758455123792,-0.15414576724485585,18.5608859336441,0.0,-1,0.013547814917887369
1657.1,7.21730828451814,0.3478013540498308,23.044984324943314,0.0,-1,-0.011586506547582975
1637.9,5.6146408421720935,-0.4182886960987382,14.222747643179929,0.0,-1,0.001129495085169907
1639.75,4.499587050818263,-0.5111141624841897,14.67946090061099,0.0,-1,-0.016374447324287167
1612.9,1.3295945675731673,-1.2270355485764286,3.6377317401598646,0.0,-1,-0.004588009176018426
1605.5,-0.9828678880139705,-1.1798326680545224,0.9729864794636569,0.0,-1,0.009124883213952106
1620.15,-0.8363601251396631,-0.3444416350600716,5.8029311727872255,0.0,-1,-0.03138598277937232
1569.3,-4.930909566607397,-1.4796636921759352,-9.561399845105505,0.0,-1,-0.014082712037214007
1547.2,-8.408941823457326,-1.6525653163419554,-14.307070975750968,2.74024731388522,-1,0.016125904860393003
1572.15,-7.368046133261032,-0.2038898753818872,-6.055187249026602,0.0,-1,0.004611519257068375
1579.4,-5.629427777057572,0.511576160273858,-3.8251872275561993,0.0,-1,-0.02462960617956189
1540.5,-7.532666284201014,-0.46388744895652767,-12.677040696971616,0.0,-1,-0.011879259980525747
1522.2,-9.381563347422798,-0.7709281707261049,-16.076349594187036,1.11219630819528,-1,-0.009755616870319339
1507.35,-10.761714933415078,-0.7170265855727944,-18.65074164187649,3.3861707464343453,-1,-3.317079643083698e-05
1507.3,-10.559147815293272,-0.17148648915032894,-18.659639329149886,0.0,-1,0.0014927353546074773
1509.55,-9.390435271624483,0.3324086848394874,-17.698908913486434,0.0,-1,0.008280613427842809
1522.05,-6.9818760604882755,0.9136559653252316,-12.316370263516674,0.0,-1,-0.016392365559607103
1497.1,-7.274940116546077,0.20686396975581012,-17.96505678304343,0.0,-1,0.0035401776768420046
1502.4,-6.373560468196047,0.3694145393686137,-15.642622265038355,0.0,-1,0.00828674121405748
1514.85,-4.354240605004634,0.7962448008533425,-10.2674591464435,0.0,-1,-0.0031026174208665935
1510.15,-3.3733939563253443,0.5923638165108773,-11.586844644400891,0.0,-1,0.0049001754792570296
1517.55,-1.9851878022918754,0.6601899901814487,-8.205563975602743,0.0,-1,-0.006161246746400395
1508.2,-1.9048190750841059,0.24685290579640595,-11.196464357369663,0.0,-1,0.010476064182469047
1524.0,-0.38923312188990167,0.5874796196635368,-3.9477677216020766,0.0,-1,-0.0009514435695537893
1522.55,0.2801626148648211,0.4189584521394199,-4.497357463167475,0.0,-1,-0.018226002430133614
1494.8,-1.7209864013300376,-0.5273968546851462,-13.707346773448457,0.0,-1,-0.01311212202301304
1475.2,-4.211478709316452,-1.0059630542238538,-18.682042397523013,0.0,-1,-0.018099240780911074
1448.5,-7.330768304200092,-1.3750842163691646,-24.06321186798636,8.83544755787102,-1,0.024818778046254764
1484.45,-5.283682409625271,0.224000559401885,-8.917972128750954,0.0,-1,-0.009902657549934357
1469.75,-5.044832594868922,0.15428345805274457,-12.410324947727283,0.0,-1,0.0010205817315869226
1471.25,-4.380004971251765,0.2730370272233005,-11.814541672166676,0.0,-1,0.006355140186915742
1480.6,-2.9034240785056227,0.5832059733231474,-7.981039583116825,0.0,-1,0.015568012967715816
1503.65,-0.002348292257011053,1.1614272531905865,0.43813475607750973,0.0,-1,0.014531307152595208
1525.5,3.269218625222038,1.4776647235565454,7.01262956576133,0.0,-1,0.009177318911832266
1539.5,5.799233865192946,1.335893321175818,10.721984305701504,0.0,-1,0.003832413121143352
1545.4,7.07263866307926,0.8697660396873772,12.247391936558472,0.0,-1,-0.004206030801087057
1538.9,6.5782878400989375,0.12513840556901812,9.422473354246684,0.0,-1,-0.008675027617129238
1525.55,4.670421775267187,-0.5942425530875779,3.8459535678544654,0.0,-1,0.014716004064108112
1548.0,5.198120261579106,-0.022181355591886387,10.731648302528306,0.0,-1,0.0025193798449612004
1551.9,5.3537928162700155,0.044497066366340654,11.83079792693681,0.0,-1,-0.00573490559958767
1543.0,4.243813025592999,-0.35516090810355827,7.733258826232436,0.0,-1,-0.015456902138690776
1519.15,1.3476720447886237,-1.0837672963026446,-1.7813176480192041,0.0,-1,0.012934864891551046
1538.8,1.4247955506539256,-0.3355479301457809,5.006699119058588,0.0,-1,-0.003281778008837999
1533.75,0.9237910076988101,-0.2788508243669654,3.021922683974587,0.0,-1,0.011312143439282663
1551.1,2.0421394855795825,0.27983255117126893,8.709320791169652,0.0,-1,0.02104957771903826
1583.75,5.151968767388325,1.1298872776600044,17.050208257869386,0.0,-1,0.009881610102604688
1599.4,7.581719344343583,1.1865459515384202,20.25075936460243,0.0,-1,-0.018475678379392346
1569.85,5.702284687459496,-0.23096290178188905,8.358216232636316,0.0,-1,-0.004745676338503535
1562.4,3.666543635062453,-0.7555679847263104,5.716049002104917,0.0,-1,0.017985151049667136
1590.5,4.684794472608473,0.08756095093990357,12.778558147948829,0.0,-1,0.016661427224143432
1617.0,7.011853685330834,0.8048733878874215,18.10810234416411,-3.6928758007190936,-1,-0.005225726654298102
1608.55,6.886895484581146,0.2266383957125777,14.819791743474056,0.0,-1,-0.025550962046563597
1567.45,2.8255084271579562,-1.278249553903537,1.4065166229366142,0.0,-1,0.01645985517879356
1593.25,2.709355862849634,-0.46480070607061963,7.535501814865228,0.0,-1,0.0023850619802290307
1597.05,2.7421665921249314,-0.14399665893177405,8.394287670799962,0.0,-1,0.002974233743464616
1601.8,2.9258914074189306,0.013242718787408236,9.530995653731992,0.0,-1,-0.011237357972281203
1583.8,1.2739295311141632,-0.5462397191724531,3.3893219503368854,0.0,-1,0.005461548175274666
1592.45,1.0626211320357015,-0.25251603941697165,5.82288199553895,0.0,-1,-0.008132123457565421
1579.5,-0.2107514951730991,-0.5086295555419241,1.362104062871552,0.0,-1,-0.011206077872744524
1561.8,-2.304875184179764,-0.8675844148495298,-4.196411685399582,0.0,-1,-0.007107184018440238
1550.7,-4.0848640966680705,-0.8825244424459457,-7.4082159390551965,0.0,-1,-3.2243502934181656e-05
1550.65,-4.638619878189957,-0.47876007465594395,-7.423158585555676,0.0,-1,-0.026666236739431914
1509.3,-7.974779445768263,-1.2716398807447504,-17.802808055790344,11.749009807580023,-1,-0.014410653945537644
1487.55,-10.790794275743565,-1.3625515702400168,-21.818129354458442,20.79911373504774,-1,0.005714093643911067
1496.05,-10.591235501085748,-0.3876642651940667,-18.128777654319627,1.4465115025911928,-1,-0.015975401891647922
1472.15,-11.600519821999796,-0.4656495287027056,-22.53644830654319,7.979782161650746,-1,0.004856842033760023
1479.3,-10.542618663956773,0.1974172097801059,-19.348487028123046,0.0,-1,0.019029270600960047
1507.45,-6.789283196272208,1.3169175591548896,-8.165624327155506,0.0,-1,-0.009784735812133127
1492.7,-5.576008529407318,0.8433974086732601,-11.756079589281399,0.0,-1,-0.00824010182890067
1480.4,-5.52970381852424,0.2965673731854457,-14.573280066803015,0.0,-1,-0.005978114023237002
1471.55,-5.783242811539139,0.014342793390182074,-16.54357195511411,0.0,-1,-0.02476980055044009
1435.1,-8.46557540708477,-0.8893299340518164,-23.331160344191105,0.0,-1,-0.010521914849139336
1420.0,-10.359610420933905,-0.9277883159669837,-25.608900648148456,0.0,-1,-0.0002464788732393641
1419.65,-10.47249372611418,-0.34689054038241984,-25.662434169707172,0.0,-1,-0.010953404008030243
1404.1,-10.95206090152783,-0.27548590526535577,-28.041551837613955,0.0,-1,0.011822519763549755
1420.7,-8.895839414107513,0.5935785273849863,-19.932785345650483,0.0,-1,-0.012001126205391621
1403.65,-8.54724205255502,0.3140586296458263,-23.12013538158259,0.0,-1,-0.009225946639119464
1390.7,-8.739839867399269,0.040486938267193295,-25.327399786004744,0.0,-1,-0.0010426403969224785
1389.25,-8.228652119204753,0.183891562153903,-25.576907320361997,0.0,-1,-0.010581248875292437
1374.55,-8.512337235173618,-0.03326451793832064,-28.074517858935646,0.0,-1,0.0044378160125133626
1380.65,-7.436485023560408,0.3475292312249634,-24.558962758645702,0.0,-1,0.0060116611740845816
1388.95,-5.587185165790515,0.7322763629982854,-19.806833094716698,0.0,-1,-0.008171640447820372
1377.6,-5.142769806423075,0.39223057412190876,-22.472637527106244,0.0,-1,0.004319105691056979
1383.55,-3.996164642870781,0.5129452458914008,-18.927828760456705,0.0,-1,0.03209135918470607
1427.95,0.6101516591445488,1.7064205159689103,0.9601736075743901,0.0,-1,-0.01197520921600903
1410.85,1.4374638385570506,0.8445775651271374,-4.640444790856051,0.0,-1,0.00900166566254379
1423.55,2.789664608383646,0.7322594449845776,-0.09703213886410822,0.0,-1,-0.0011590741456217746
1421.9,3.095792942598109,0.34612925973301367,-0.6889344801358348,0.0,-1,0.004008720725789283
1427.6,3.4658743644888546,0.2387368938745862,1.5183070624247037,0.0,-1,-0.015025217147660253
1406.15,1.5745922117268947,-0.5508484196291246,-6.417000234889699,0.0,-1,0.015752231269779093
1428.3,2.343568451035253,0.07270927322641141,2.0560520135065374,0.0,-1,-0.027375201288244666
1389.2,-0.7255741335634411,-0.998811103790761,-9.788964456615581,0.0,-1,-0.0942268931759287
1258.3,-13.108014248065729,-4.460417072764351,-28.222136864213752,63.46785577014134,-1,0.0008344591909719146
1259.35,-18.119399784644884,-3.1572675364478364,-27.903848411633795,33.43774151858156,-1,-0.021558740620161054
1232.2,-21.377642570880653,-2.138503440894535,-30.21660561003835,29.64871881340582,-1,-0.007141697776334999
1223.4,-21.958627083091642,-0.9064959843685081,-30.93525128285222,11.265986390704484,-1,0.0032287068824585763
1227.35,-20.09006708227298,0.32068800548338317,-29.49504083614127,0.0,-1,-0.0008555016906343083
1226.3,-17.569114825007546,0.9472134209162739,-29.602247123739364,0.0,-1,-0.001141645600587049
1224.9,-14.96121246095754,1.185038594988761,-29.75902651422662,0.0,-1,0.0021634419136253857
1227.55,-12.189660240519288,1.3188636051423384,-28.49021390116013,0.0,-1,0.015233595372897257
1246.25,-8.229745776923664,1.7595926895793212,-19.785828629791386,0.0,-1,0.005215646940822438
1252.75,-5.022309730382176,1.6556762453736038,-16.919635819244526,0.0,-1,0.01971662342845737
1277.45,-0.9417325629128754,1.9120844709476348,-7.029954934106584,0.0,-1,-0.006497318877451086
1269.15,0.48536706773120386,1.113061367197238,-9.276977056068723,0.0,-1,0.0034668872867666956
1273.55,1.525136294075537,0.7176101978471906,-7.505707870409303,0.0,-1,-0.011346236896863093
1259.1,0.7137595494082234,-0.031255515606707696,-11.683588346171973,0.0,-1,0.005162417599873015
1265.6,0.7902578812904721,0.015080938758513684,-8.794472791095338,0.0,-1,0.004029709228824396
1270.7,1.187652223790792,0.1374917604196113,-6.487910933291083,0.0,-1,-0.005862910206972605
1263.25,0.666545043058477,-0.12787180677090126,-9.092702528007386,0.0,-1,-0.005660003958044779
1256.1,-0.24538730089602723,-0.3466013835751352,-11.54738959483226,0.0,-1,-0.008677653053100753
1245.2,-1.5892378644653036,-0.5634839823814706,-15.095185488049914,0.0,-1,0.010560552521683197
1258.35,-1.0328933242112726,-0.0023798140424797776,-7.9305045431654335,0.0,-1,0.0047284141931895896
1264.3,-0.17281327706655247,0.2859000777007468,-4.893021736841732,0.0,-1,-0.01376255635529533
1246.9,-1.1783721470719684,-0.23988626410155633,-11.459256149574962,0.0,-1,-0.0007217900392975096
1246.0,-1.6579539031520198,-0.2398226733938693,-11.77901697241603,0.0,-1,0.01837881219903692
1268.9,0.14875137740409627,0.5222942023874156,-0.04128743307138194,0.0,-1,0.018835211600598756
1292.8,3.0313747362317827,1.134972520405034,8.993462114701408,-0.626005690214015,-1,0.005607982673267342
1300.05,4.824238520959625,0.9759454350442924,11.345709252268954,-2.236257537649635,-1,-0.0010768816583976992
1298.65,5.2019838699102365,0.45123026133163435,10.599863517707178,0.0,-1,0.00438917337234801
1304.35,5.432357888559864,0.22720142666042076,12.65392793747813,0.0,-1,0.01004331659447244
1317.45,6.186515073837882,0.3271195373128126,17.041619827246237,-4.203747960389137,-1,-0.00231507837109568
1314.4,5.79388407699048,-0.02183715317819601,15.064109692149557,0.0,-1,0.007189592209372986
1323.85,5.902244905484167,0.028841225105163737,18.284679945034327,0.0,-1,-0.004192317860784778
1318.3,5.002071577607467,-0.29044403425717924,14.410024477802096,0.0,-1,0.0009102632177804271
1319.5,4.2351456155352025,-0.3524566654431478,14.888657873322913,0.0,-1,-0.015536187949981017
1299.0,1.790420499871061,-0.9323939270357631,1.6928522589203396,0.0,-1,0.004234026173979943
1304.5,0.8771895670497543,-0.6152082866190234,4.453964235228561,0.0,-1,-0.019547719432732813
1279.0,-1.777525029948265,-1.0899742945390143,-7.9326532636417895,0.0,-1,0.007779515246286284
1288.95,-2.127588575951677,-0.48001261351414204,-2.732218434992646,0.0,-1,-0.004771325497498036
1282.8,-2.6378213009572846,-0.33008177950658313,-5.477014264709403,0.0,-1,-0.01313532896788272
1265.95,-4.077285888380402,-0.5898487889765667,-12.165333782023609,0.0,-1,0.020537935937438245
1291.95,-2.290577691393537,0.39895313600343263,0.5663616509113822,0.0,-1,0.009984906536630644
1304.85,-0.13134211861734002,0.85272956959321,5.581425232626323,0.0,-1,-0.003410353680499578
1300.4,0.5883875109889232,0.5241530663998244,3.5010394436681196,0.0,-1,-0.010458320516764208
1286.8,-0.23411330012368126,-0.09944924823759332,-2.5321892732495215,0.0,-1,0.003769039477774516
1291.65,-0.22168759733631305,-0.02900784848340837,-0.28526402032068887,0.0,-1,0.001819378314558806
1294.0,-0.0011674461645725387,0.06383743422944406,0.84661540823884,0.0,-1,0.007264296754250443
1303.4,0.8925232499350386,0.3191760434430184,5.316759994464462,0.0,-1,-0.0031072579407703804
1299.35,0.9274916604902046,0.11804815133272817,3.0089400447555903,0.0,-1,-0.013699157270943174
1281.55,-0.6156484392729453,-0.47503064947680723,-5.962983191744655,0.0,-1,-0.012914049393312754
1265.0,-2.715081119215256,-0.8581544431397061,-12.516983395330634,0.0,-1,0.0042292490118576165
1270.35,-3.092707365918386,-0.4119268966142786,-9.344618216281233,0.0,-1,0.006927224780572505
1279.15,-2.2904615421100516,0.13010630906468545,-4.308039072926192,0.0,-1,0.011101121838720918
1293.35,-0.5151335016967096,0.6351447831593426,2.864395086365498,0.0,-1,0.03258978621409536
1335.5,3.9279583103179903,1.6927455317246811,17.166187896595503,-12.381085845206599,-1,-0.0013478098090602408
1333.7,5.672174357132235,1.1456538595129757,16.21291656557969,-3.684137807858633,-1,0.00858513908675107
1345.15,7.025767850778493,0.8330824510530777,19.29320118789346,-6.539446106524565,-1,0.0015983347582053664
1347.3,7.296250610036623,0.36785507010373575,19.866369362315822,-0.08639768545026527,-1,-0.002523565649818038
1343.9,6.540137772162552,-0.1294192559234446,17.647670711373394,0.0,-1,-0.010194210878785692
1330.2,4.47540320554549,-0.731384607513502,9.226960364510184,0.0,-1,-0.0007893549842128422
1329.15,2.982585655108096,-0.7414007193169656,8.605716540544094,0.0,-1,0.014633412331188866
1348.6,3.6084614086305464,-0.03850832193150522,15.955539712752682,0.0,-1,-0.011345098620791916
1333.3,2.3456941680058208,-0.4337585208520771,7.094933983505044,0.0,-1,0.023850596264906487
1365.1,4.168836033692742,0.4631277816116146,17.254174755952633,0.0,-1,0.04457548897516683
1425.95,9.803837297061818,2.032709681660231,28.219331377743643,-27.93113499640367,-1,-0.0021038605841720015
1422.95,11.554351487324766,1.2610746239743928,26.810376910126948,-7.268889093330927,-1,0.03671949119786366
1475.2,15.820912625179062,1.8425452539428964,32.804444134194796,-30.04841474030127,-1,-0.00016946854663779654
1474.95,16.614950475341175,0.8788610347016697,32.69081324976267,-6.162848415856615,-1,-0.01725482219736263
1449.5,13.506556860810633,-0.7431775266096246,21.580136076931325,0.0,-1,-0.08133839254915498
1331.6,1.0018136484777642,-4.415973579647498,-7.685421151496286,0.0,-1,0.003754881345749528
1336.6,-4.9173757617286356,-3.445054329951299,-6.595094181510909,0.0,-1,-0.0014963339817447574
1334.6,-7.633855820021154,-2.0538447960812727,-6.956682098632498,0.0,-1,0.010677356511314295
1348.85,-7.168441197499078,-0.529476724519732,-3.4327694453687485,0.0,-1,0.003187900804389132
1353.15,-5.980030453112931,0.21964467328880488,-2.346888023706647,0.0,-1,-0.009348557070539165
1340.5,-5.941655876493996,0.08600641663591357,-5.315229180650519,0.0,-1,0.011339052592316268
1355.7,-4.16066393180995,0.6223327871066537,-1.0682144009009136,0.0,-1,0.007007450025816819
1365.2,-2.131779298483707,0.8837391401442991,1.5168275417535995,0.0,-1,-0.006116319953120564
1356.85,-1.6355220402801933,0.4599987994492709,-0.9099542009983281,0.0,-1,0.005490658510520774
1364.3,-0.6302665744883598,0.4884180884137015,1.3614254691895553,0.0,-1,0.010298321483544592
1378.35,1.0957167062815643,0.7381337897278752,5.519867417604566,0.0,-1,0.010628650197700207
1393.0,3.088231954476214,0.9102163459741748,9.528681783191338,0.0,-1,-0.0020100502512562235
1390.2,3.5938035823671726,0.4719293246217111,8.410736741156065,0.0,-1,0.0030211480362538623
1394.4,3.8971057644487246,0.2584105022344212,9.672968752479235,0.0,-1,-0.0038009179575445584
1389.1,3.2823313751187015,-0.11878796236520062,7.237284145327941,0.0,-1,-0.012418112446908047
1371.85,1.2639165658606544,-0.712400923874416,-0.12477046432399419,0.0,-1,0.015818055909902817
1393.55,1.9577161140764474,-0.006200458552874322,7.513560590301168,0.0,-1,0.017903914463061943
1418.5,4.2206395453447385,0.7522409909051393,14.436878317407093,0.0,-1,-0.0048995417694748244
1411.55,4.42121463220019,0.3176053592535304,11.343017264847688,0.0,-1,-0.016117034465658264
1388.8,2.257234289611233,-0.6154583277784753,2.223240345347776,0.0,-1,0.01195276497695863
1405.4,2.3704745941824967,-0.1674060077357371,7.362441187821723,0.0,-1,-0.001174042977088452
1403.75,2.0920551969529697,-0.14860846832175456,6.688982579778347,0.0,-1,0.0029919857524487448
1407.95,2.128507565258815,-0.03738536667196968,8.080914267148088,0.0,-1,0.011115451543023402
1423.6,3.27352478564012,0.36921061790311205,13.00359432923932,0.0,-1,-0.002458555774093818
1420.1,3.2815729970275243,0.1257529430968387,11.21721146261563,0.0,-1,-0.0031335821421025756
1415.65,2.641299352968872,-0.17150690032060467,8.859580440026484,0.0,-1,0.0014127785822766192
1417.65,2.267720918192026,-0.1816951116991503,9.635872841921945,0.0,-1,0.012344372729517161
1435.15,3.3502882909542677,0.3002907536876971,15.892886817290517,0.0,-1,0.00020903738285182882
1435.45,3.637381286422624,0.19579458305201758,15.99329677572294,0.0,-1,0.0058518234699918015
1443.85,4.177812676955,0.2454086578614647,18.84662931726217,0.0,-1,0.014717595318073151
1465.1,5.870710649141529,0.6461022100159983,24.791827751119754,-9.184038469395091,-1,0.009419152276295195
1478.9,7.377933747806537,0.7177751028936692,27.842896175406366,-10.334950583308,-1,-0.000980458448847199
1477.45,7.395884151488417,0.2452418355251833,26.75826484601285,0.0,-1,-0.0076144708788791204
1466.2,5.851035674038485,-0.43320221397491654,18.526994689506353,0.0,-1,0.0023189196562540815
1469.6,4.874358462477176,-0.4699598085120753,19.620950486293523,0.0,-1,0.004661132280892932
1476.45,4.550656651490044,-0.26455387316640255,21.814073625420946,0.0,-1,0.016695451928612437
1501.1,6.063751025038755,0.41618016679410275,28.12756749444722,0.0,-1,-0.001831989874092388
1498.35,6.085818959726566,0.1460827004939711,26.016895064130978,0.0,-1,0.005739646944972865
1506.95,6.306368013759993,0.12221058484246594,28.075051426881643,0.0,-1,0.003085702909850996
1511.6,6.278611872963438,0.03148481468197062,29.150007820060935,0.0,-1,-0.013098703360677422
1491.8,4.091516146484764,-0.7185369705989011,14.24697450277479,0.0,-1,-0.0010390132725566215
1490.25,2.527841937705034,-0.7607370597928771,13.211724249026481,0.0,-1,0.00771682603589996
1501.75,2.4936846718396737,-0.26496477521941264,17.525510572727754,0.0,-1,-0.00372898285333767
1496.15,1.8021323162538465,-0.31883904360174675,13.496951393085723,0.0,-1,-0.014704407980483225
1474.15,-0.5271548878936301,-0.8827087492497412,0.37762097560577246,0.0,-1,-0.009157819760539976
1460.65,-2.7728689159762325,-1.0428075924441145,-5.842914545223728,0.0,-1,0.004347379591277845
1467.0,-3.1354868536861886,-0.4684751767180235,-2.4576222812303072,0.0,-1,-0.018779822767552745
1439.45,-5.351338584734094,-0.8947756359219765,-13.209209450110855,0.0,-1,-0.002778839139949252
1435.45,-6.346652901529978,-0.6300299842392869,-14.50419404602144,0.0,-1,-0.0010101361942248532
1434.0,-6.436255651467263,-0.23987757805885757,-15.000391093146042,0.0,-1,0.007217573221757201
1444.35,-5.0822023888135845,0.3713918948649404,-8.513144457840745,0.0,-1,0.013223941565410069
1463.45,-2.3899922250857344,1.0212006861975969,1.426946407891137,0.0,-1,0.010420581502613713
1478.7,0.42611220886874435,1.2791017067173587,7.78848063892714,0.0,-1,-0.002197876513153396
1475.45,1.5278217417735505,0.7936037465407216,6.050220407473631,0.0,-1,0.013351858754956147
1495.15,3.593024696411476,0.9529355670595492,13.454003433566953,0.0,-1,-0.0005016219108450182
1494.4,4.263707449029653,0.5412061065592422,13.005025803654313,0.0,-1,-0.019338865096359847
1465.5,1.8354065379194253,-0.6290316015169952,-1.6440354696794586,0.0,-1,-0.023439099283520948
1431.15,-2.39419446246211,-1.6195442006328435,-13.003975713013133,0.0,-1,0.00209621632952528
1434.15,-4.059478757447778,-1.094942831872837,-11.599686681900643,0.0,-1,0.005787400202210247
1442.45,-3.862164341820062,-0.2992094720817069,-7.649663426478739,0.0,-1,-0.001317203369267661
1440.55,-3.599993438854426,-0.012346189705357169,-8.32931263075831,0.0,-1,-0.004789837214952519
1433.65,-3.7439085341338796,-0.05208709499493702,-10.86363256549744,0.0,-1,-0.004464130017786783
1427.25,-4.037207037262306,-0.11512853270778756,-13.171961711493495,0.0,-1,-0.013032054650551683
1408.65,-5.397422369054766,-0.4917812881667496,-19.06407159133181,0.0,-1,-0.027402122599652246
1370.05,-8.844411504196387,-1.3129234744361238,-27.40110170104075,18.292193334090143,-1,-0.007736943907156624
1359.45,-10.71420511308429,-1.0609056944413418,-29.118189189812238,12.426970487353401,-1,0.015373864430468176
1380.35,-9.014584824770964,0.2129048646239955,-17.827757972128076,0.0,-1,-0.0023906980113739262
1377.05,-7.688559278550201,0.5129768036149187,-18.613539256444067,0.0,-1,-0.0062815438800333245
1368.4,-7.105666565560796,0.36528983886810806,-20.6979263132626,0.0,-1,-0.010413621748026847
1354.15,-7.409581328602371,0.020458358608844485,-23.873834527523858,0.0,-1,0.011815530037292854
1370.15,-5.610740266073208,0.6064331403793357,-15.074621250013038,0.0,-1,0.013794110133926951
1389.05,-2.6687580459690707,1.1828051201611576,-6.2766813097401055,0.0,-1,0.010258809978042516
1403.3,0.21212956791373472,1.354564244681321,-0.5512075467376008,0.0,-1,0.0007126060001425571
1404.3,1.718229244195527,0.9535546403210378,-0.1533518877269202,0.0,-1,-0.009470910774051045
1391.0,1.2197599786536557,0.15169512492638892,-5.346799222171491,0.0,-1,-0.01164629762760605
1374.8,-0.48112131900529675,-0.5163953909108545,-10.865094390626005,0.0,-1,-0.004327902240325865
1368.85,-1.787301857917555,-0.6075253099410378,-12.7440125022707,0.0,-1,0.014135953537641077
1388.2,-0.6789503058805622,0.16694208069865168,-3.46804240192791,0.0,-1,-0.010553234404264589
1373.55,-1.28902867103875,-0.14771209481984537,-8.614932189030114,0.0,-1,0.02690109570092103
1410.5,1.5925178689687982,0.9112781483959012,5.254951927109232,0.0,-1,0.024388514711095377
1444.9,5.767247983225161,1.6953360875507553,14.053689704853056,-4.448316639492532,-1,-0.005086857221953123
1437.55,6.7615090417511965,0.8965323820255966,11.196818714154254,0.0,-1,-0.0006608465792494744
1436.6,6.616013817535077,0.2503457192698253,10.807328849934592,0.0,-1,0.0016706111652513567
1439.0,6.191931720632283,-0.05791212587765582,11.495231461680348,0.0,-1,0.013064628214037421
1457.8,7.030563028794859,0.26023972742830637,16.597926568030275,0.0,-1,-0.005865002057895419
1449.25,6.1514984304767495,-0.20627495696326736,12.41807166850787,0.0,-1,-0.008176643091253988
1437.4,4.211841262111193,-0.7153107084429413,6.916943150874978,0.0,-1,0.0036872130235146017
1442.7,3.3326925727524213,-0.5314864659339045,8.724726624068836,0.0,-1,0.011714147085325921
1459.6,4.0237271803437125,0.05318271388579543,14.066738672428997,0.0,-1,-0.0030487804878047697
1455.15,3.6631005524441207,-0.1024813046712656,11.729316444928983,0.0,-1,-0.0019585609730956577
1452.3,2.940028859123913,-0.27518433266382436,10.167223526782351,0.0,-1,0.008297183777456363
1464.35,3.337657274203366,0.04081469413854277,14.39947509412282,0.0,-1,-0.007102127223682753
1453.95,2.391666708892899,-0.30172529039064155,8.44452020455676,0.0,-1,0.013996354757728868
1474.3,3.415199200496545,0.240602400404335,15.400449646787536,0.0,-1,-0.005697619209116045
1465.9,2.942365512923743,-0.07741042905615547,10.737545703469841,0.0,-1,0.017224913022716448
1491.15,4.564918209727011,0.5150474225823709,18.28892502260676,0.0,-1,-0.0017771518626563676
1488.5,4.774951373984777,0.24169352894671192,16.790936933801532,0.0,-1,-0.00836412495801142
1476.05,3.444555341614887,-0.3629008344743929,9.92858374646741,0.0,-1,-0.01832593746824296
1449.0,0.23814438029535268,-1.1897705985979758,-1.9816035701906856,0.0,-1,0.03619737750172547
1501.45,2.985926867944272,0.5193372963503147,13.602751761266454,-4.542946787437131,-1,0.05125045789070559
1578.4,10.523490872773436,2.6856337670598265,25.55130778822374,-47.846823041757034,-1,-0.008901419158641732
1564.35,12.244481969123399,1.4688749544699302,20.83380021032957,-15.34300701689881,-1,-0.0038674209735672926
1558.3,11.580437353204843,0.2682767795171248,18.779030243856482,0.0,-1,-0.014053776551369968
1536.4,8.458378599145135,-0.9512606581808605,11.592833820596397,0.0,-1,-0.0002603488674824961
1536.0,6.159151005520016,-1.0834960839353265,11.462509134209519,0.0,-1,0.017513020833333393
1562.9,6.7379412915806824,-0.16823526595822003,16.723671289443885,0.0,-1,-0.01212489602661726
1543.95,4.886674660312565,-0.6731672990754456,10.281976272389628,0.0,-1,0.014994008873344233
1567.1,5.482985122985838,-0.025618945467391185,14.883772189672214,0.0,-1,-0.0028396400995468474
1562.65,4.953391594073537,-0.18507082479323067,13.31692710593343,0.0,-1,-0.012638786676479108
1542.9,2.629978863444876,-0.8361611851406305,6.579228649214862,0.0,-1,0.005476699721303824
1551.35,1.9532742595099535,-0.5042885963585175,8.669989484466889,0.0,-1,-0.010925967705546658
1534.4,0.03964910258332566,-0.8059712510950485,2.9838108672586827,0.0,-1,-0.028936392075078254
1490.0,-4.620467567761807,-1.8220293071467273,-8.673615012054775,0.0,-1,0.01523489932885913
1512.7,-4.673820272287685,-0.6251273372242014,-2.154993783468349,0.0,-1,0.013122231771005355
1532.55,-2.656844935193476,0.46394933329000265,2.9263958280554974,0.0,-1,-0.006361945776646727
1522.8,-2.239453522046915,0.29378024881218767,0.2542451328618185,0.0,-1,0.004268452850013205
1529.3,-1.3024700219696115,0.41025458296316386,2.0475958999444757,0.0,-1,-0.006146603020989905
1519.9,-1.508772436766776,0.06798405605533309,-0.8022814432460095,0.0,-1,-0.016909007171524437
1494.2,-3.627859274434968,-0.6837009272042862,-7.818599252056664,0.0,-1,0.07934011511176542
1612.75,5.494085579600551,2.8127479756104115,16.597269569784984,-12.517017883696553,-1,0.02439931793520378
1652.1,12.876384208318314,3.398348868109391,21.098449987841448,-31.525486468758118,-1,-0.012438714363537273
1631.55,13.78200150531734,1.4346553883694728,15.942216521896356,0.0,-1,0.005301706965768815
1640.2,13.807143361707176,0.48659908158643717,17.059502544518352,0.0,-1,0.001463236190708317
1642.6,12.869119009759743,-0.15047509012033267,17.389310097375926,0.0,-1,0.010105929623767329
1659.2,12.711013582972782,-0.10286017230243161,19.71928332219383,0.0,-1,-0.006237945998071481
1648.85,10.710209737664854,-0.7012213392034532,16.43112800970134,0.0,-1,-0.0040634381538646736
1642.15,8.258957003538853,-1.0508246911098187,14.251537653396937,0.0,-1,0.020247845811892873
1675.4,9.115917552847577,-0.06462138060036438,19.728198586028526,0.0,-1,-0.0037602960487048698
1669.1,8.259738031431425,-0.3069336340055049,17.549549252533694,0.0,-1,-0.007489065963693031
1656.6,6.101670101437321,-0.8216671879998696,13.19645041448375,0.0,-1,-0.0031087770131593695
1651.45,4.084996961320485,-0.9461134427055686,11.38554043136969,0.0,-1,0.005722244088528283
1660.9,3.52374397781864,-0.5024554754024715,13.516998569011683,0.0,-1,-0.0023180203504125085
1657.05,2.628638821249524,-0.46585354399052914,11.968592412477278,0.0,-1,0.021906399927582143
1693.35,4.987033007860873,0.630846880873607,19.70542460854881,0.0,-1,-0.003631854017184799
1687.2,5.238144017178001,0.29398596339691174,17.13448188731867,0.0,-1,0.025041488857278305
1729.45,8.448020853738626,1.1679542666525125,24.354601130326245,0.0,-1,-0.020642400763248414
1693.75,6.37395753420742,-0.3020363509595647,11.640903554657854,0.0,-1,-0.0009741697416975059
1692.1,4.668262746591154,-0.6692437128586102,11.104354532381187,0.0,-1,-0.013444831865728979
1669.35,1.5305601239003863,-1.2689821118497928,3.9147799103738308,0.0,-1,0.006439632192170697
1680.1,0.7299954688965045,-0.6898489222845583,6.59607488484307,0.0,-1,0.0026486518659603053
1684.55,0.6397135189868095,-0.2600436240647511,7.727307393631847,0.0,-1,-0.010893116856133589
1666.2,-0.9879035825504161,-0.6292202418673257,1.5692056299442925,0.0,-1,0.006091705677589543
1676.35,-0.873553501439801,-0.17162338691890355,4.549065501032999,0.0,-1,0.01509231365764907
1701.65,1.3647509975687626,0.6888937040298867,11.166540384871027,0.0,-1,-0.0011165633355860738
1699.75,2.211840663942212,0.5119944568011121,10.432348588411934,0.0,-1,-0.008530666274452092
1685.25,1.2427321084671803,-0.15237136622463976,4.849682877495184,0.0,-1,-0.017623497997329762
1655.55,-1.8203831783091573,-1.0718288843336594,-4.678722604208964,0.0,-1,0.01558394491256676
1681.35,-1.0502422235051654,-0.10056264317655583,3.1729728112804523,0.0,-1,-0.002676420733339291
1676.85,-0.9526515608108639,-0.0009906601607514443,1.733294317991593,0.0,-1,-0.009959149595968553
1660.15,-2.2161352660627927,-0.42149145513756014,-3.4623614041724835,0.0,-1,0.002078125470589942
1663.6,-2.375699179850244,-0.19368512297500384,-2.2576575920960593,0.0,-1,0.0045984611685501164
1671.25,-1.620006205089794,0.18733595059514863,0.49097295927877127,0.0,-1,0.0015856394913986716
1673.9,-0.8863258672854499,0.30700542946649767,1.4733732070162588,0.0,-1,-0.0114702192484617
1654.7,-2.0456252094427327,-0.28409797089692845,-5.61649993636744,0.0,-1,0.0009669426482141752
1656.3,-2.3214727797344494,-0.1866485137295486,-4.916122821423166,0.0,-1,-0.011531727344080145
1637.2,-3.857607166569096,-0.5742609668547316,-11.368767258855094,3.522790954756374,-1,-0.01875152699731253
1606.5,-6.862540429438923,-1.1930647432415196,-19.23311204486135,19.499759094104547,-1,0.006878306878306928
1617.55,-6.872295358420615,-0.4009398907410704,-14.020843718883548,0.29135907506474723,-1,-0.0006800408024481008
1616.45,-6.396148209709736,0.02506908598993629,-14.317976307283196,0.0,-1,-0.009805437842185127
1600.6,-6.945895617878477,-0.17489277405960202,-18.48487055554556,0.0,-1,0.007715856553792477
1612.95,-5.612778020473115,0.3860749411152531,-12.196684048948931,0.0,-1,-0.0009609721318081244
1611.4,-4.607654386730928,0.46373285828581334,-12.6746064658821,0.0,-1,0.0260022340821644
1653.3,-0.22945470429885972,1.6139775135726275,4.574512505473152,0.0,-1,-0.01167362245206549
1634.0,0.3704330289419886,0.7379550822711589,-2.163549807044511,0.0,-1,-0.019186046511627808
1602.65,-1.9729925235160408,-0.5351568233956236,-10.880690657436446,0.0,-1,-0.025707422082176468
1561.45,-6.4136225894521885,-1.658595629777257,-19.102323854789915,11.352045592397644,-1,-0.004162797399852702
1554.95,-8.641135739965875,-1.2953695934303147,-20.200201341464368,3.7463355937009055,-1,-0.0001607768738545179
1554.7,-9.055631003558801,-0.5699549523410798,-20.24538345712458,0.0,-1,-0.02949122017109418
1508.85,-12.329076051725451,-1.2811333335025772,-27.26860222789475,18.937408538424506,-1,-0.010736653742916658
1492.65,-14.288375571498364,-1.0801442844251632,-29.196367601579045,13.242356135879618,-1,-0.0058955548856062245
1483.85,-14.810660700426524,-0.5341431377844419,-30.20937516476962,2.258030194211642,-1,0.009569700441419249
1498.05,-12.654248206521743,0.5407564520401138,-23.769008058631275,0.0,-1,-0.0017355895998130144
1495.45,-10.738187942359218,0.8189389054008789,-24.190612982388572,0.0,-1,-0.008425557524491034
1482.85,-9.935308815081498,0.5406060108928656,-26.24638678917921,0.0,-1,-0.0014836294972517816
1480.65,-8.889260183519127,0.5288848808184117,-26.607860903477164,0.0,-1,0.004086043291797514
1486.7,-7.121297519111295,0.7656158484087481,-23.203994652707028,0.0,-1,-0.005111993004641269
1479.1,-6.277208060314933,0.5365684357350364,-24.768774364419592,0.0,-1,-0.0016226083429111693
1476.7,-5.532062659223811,0.4272379456087192,-25.275377599153135,0.0,-1,0.012290918940881523
1494.85,-3.1859847370762964,0.9244386225854111,-14.408694847236525,0.0,-1,0.007994113121717827
1506.8,-0.7516137145794346,1.1196032150274244,-8.256408779899942,0.0,-1,-0.014633660737987775
1484.75,-1.309293727116028,0.18730773416361024,-15.092514460857167,0.0,-1,-0.011180333389459451
1468.15,-2.8623592561245914,-0.4552525982816511,-19.29822542340861,0.0,-1,-0.036576644075877796
1414.45,-7.875362082618494,-1.8227518082585181,-28.576019191610495,0.0,-1,0.0033935451942450623
1419.25,-9.325583322313832,-1.0909910159846188,-26.28645352657135,0.0,-1,-0.005636779989431018
1411.25,-9.940228665301902,-0.5685454529908966,-27.500518238185816,0.0,-1,0.015234720992028272
1432.75,-7.627532281354206,0.5813836436522664,-17.223391564581355,0.0,-1,0.006735299249694737
1442.4,-5.031389732600928,1.0591753974685147,-13.053519056704694,0.0,-1,-0.008076816417082688
1430.75,-4.2848693138407725,0.6018986054095565,-15.891570013382648,0.0,-1,0.00538179276603179
1438.45,-2.9128699949740167,0.6579659747587709,-12.373001258133378,0.0,-1,-0.005700580485939799
1430.25,-2.6674645026259896,0.30112382236893254,-14.609184429703902,0.0,-1,0.0031463030938647663
1434.75,-1.947473047899848,0.3403717590316915,-12.349755411980887,0.0,-1,-0.00989719463321137
1420.55,-2.6085212332118317,-0.10689214209343056,-16.46196615212181,0.0,-1,-0.004294111435711456
1414.45,-3.230001889766754,-0.2427909328827842,-18.123747211282893,0.0,-1,0.0013079288769486386
1416.3,-3.1174087272304405,-0.043399256782156836,-17.00497254533866,0.0,-1,0.006778224952340706
1425.9,-2.0013280853597735,0.35756046169617006,-11.209121246470474,0.0,-1,0.010554737358861033
1440.95,-0.022343757311091395,0.7788482632482842,-3.1942323852588785,0.0,-1,-0.009472917172698603
1427.3,-0.1684896135109284,0.21090080234948239,-8.65060656557442,0.0,-1,0.008582638548308097
1439.55,0.7933115928483403,0.39090066956958364,-2.542880141898692,0.0,-1,-0.010176791358410542
1424.9,-0.012730436709261994,-0.13838045332933957,-8.311621850568088,0.0,-1,-0.0010176152712471076
1423.45,-0.5355239150958369,-0.22039131057197148,-8.861561943884432,0.0,-1,0.0008781481611577213
1424.7,-0.6481269946978045,-0.11099813005797976,-8.127084563063072,0.0,-1,-0.003334035235488142
1419.95,-1.0462512849403538,-0.16970747343350967,-10.222752450738696,0.0,-1,0.023521954998415362
1453.35,1.62520751034981,0.8339171072855515,6.706066268248669,-3.3728745351606904,-1,-0.006226992809715504
1444.3,2.0713362821325063,0.4266819596894158,2.281471897799328,0.0,-1,-0.0004500450045004101
1443.65,2.067622644512767,0.14098944068989216,1.9579392388020977,0.0,-1,-0.006580542375229426
1434.15,1.1017972719935187,-0.2749453106097852,-2.7866922656075346,0.0,-1,0.014398772792246106
1454.8,2.2479014797343098,0.2903862990436685,6.751670740202776,0.0,-1,0.012097882870497845
1472.4,4.100295126960191,0.7142599820898496,13.070951087465886,-8.964700291114013,-1,-0.00495789187720741
1465.1,4.076467356659805,0.2301440705964879,9.091776302226172,0.0,-1,0.004265920414988633
1471.35,4.24568119178798,0.13311930190822086,11.407975191388374,0.0,-1,-0.002922486152173165
1467.05,3.6181480100365206,-0.16480462661441297,8.860358652015442,0.0,-1,-0.01097440441702735
1450.95,1.6612024183243648,-0.7072500727755231,0.19673356019854538,0.0,-1,-0.01619628519246008
1427.45,-1.414037245725467,-1.2608299122751185,-9.476706739228575,0.0,-1,-0.014396301096360586
1406.9,-4.546320640606382,-1.4643711023853445,-15.867751407370271,0.0,-1,-0.0007107825716113902
1405.9,-5.816935617996251,-0.9116620265917375,-16.1563472134603,0.0,-1,-0.008713279749626546
1393.65,-6.9883318051918195,-0.6943527379291021,-19.649261710423104,0.0,-1,0.026154342912495743
1430.1,-3.9541689150235015,0.7799367174130722,-1.929928259353062,0.0,-1,0.02947346339416823
1472.25,1.4049266063127561,2.0463440795831103,10.863132501178676,0.0,-1,0.04167091186958727
1533.6,9.07989714978794,3.2404382076860987,22.013327899605358,-25.770200096021654,-1,-0.022072248304642605
1499.75,9.339890992376695,1.166810683424952,11.3055825072773,0.0,-1,-0.0026671111851975793
1495.75,8.358230330972901,0.061716674007053385,10.131639511517918,0.0,-1,-0.007053317733578424
1485.2,6.291714139356827,-0.6682665058696733,6.936514730518482,0.0,-1,0.005891462429302496
1493.95,5.463313198602236,-0.49888914887475444,8.946743459838615,0.0,-1,-0.003380300545533621
1488.9,4.1730032950081295,-0.5963996841562871,7.233468063871875,0.0,-1,0.006246222043118976
1498.2,3.955098068626967,-0.27143497017914964,9.63412860425359,0.0,-1,0.00877719930583365
1511.35,4.6123872830507935,0.12861808141489206,12.905546274772782,0.0,-1,0.0026797234260762526
1515.4,4.894166283341747,0.13679902723528148,13.906552526127278,0.0,-1,0.011416127755048189
1532.7,6.06887525987554,0.43716933458969187,18.004490751154563,0.0,-1,-0.003621060872969206
1527.15,5.687990143152774,0.01876140595564202,15.359347949948202,0.0,-1,0.009691254952034711
1541.95,6.2568817395285805,0.19588433411048278,18.93909144071948,0.0,-1,-0.0008106618243133301
1540.7,5.915754059422625,-0.04841444866515765,18.276957578563625,0.0,-1,0.021191666125786934
1573.35,7.973044047751046,0.6696251798877544,25.192097259201944,0.0,-1,-0.004194870817046392
1566.75,7.7872687046026385,0.16128327891311578,21.68249825413288,0.0,-1,0.01535024732726975
1590.8,9.049608640978022,0.47454107176283244,26.18334914810096,0.0,-1,0.019015589640432484
1621.05,11.447477889084212,0.957470106623008,30.512180994860685,-0.8598394863074645,-1,0.003917214151321735
1627.4,12.22162268904708,0.5772049688619596,31.30473258991759,-0.8075678901136598,-1,0.014286592110114293
1650.65,13.527726531607868,0.6277696038075824,33.9587786783664,-9.561321815134534,-1,-0.0019386302365734798
1647.45,12.786801241921012,-0.037718561959758645,32.17475864222533,0.0,-1,0.008619381468329967
1661.65,12.534105160250874,-0.096804881209966,33.86517515686286,0.0,-1,-0.002708151536123693
1657.15,10.988248356061376,-0.547553895133154,31.155254279935974,0.0,-1,-0.005370666505747912
1648.25,8.557965924294876,-0.9926121089665507,25.77461735422257,0.0,-1,0.0026998331563778954
1652.7,7.000494214720447,-0.8500279395136596,26.635226802025826,0.0,-1,0.03572941247655348
1711.75,10.559217175373306,0.9028983403797337,34.66661824886921,0.0,-1,-0.002044691105593688
1708.25,11.166977224418588,0.503552796475006,32.79237819495509,0.0,-1,0.010683447973071747
1726.5,12.06110914690612,0.4658949063208464,34.74842806780025,0.0,-1,0.018273964668404252
1758.05,14.132249345907894,0.8456783684408737,37.48178043164597,0.0,-1,0.01985154005858769
1792.95,16.89846533324976,1.2039647852609132,39.741473922991574,-2.500798762223212,-1,0.009983546668897558
1810.85,18.36503454914987,0.8901780003870066,40.69834273136715,0.0,-1,0.014385509567330423
1836.9,19.7387329446708,0.7546254653026452,41.917416089730594,0.0,-1,-0.0016059665741194884
1833.95,18.534854397041954,-0.14975102744206836,40.42621693792543,0.0,-1,-0.0049619673382590435
1824.85,15.630010590140728,-1.0181982781144328,35.662920768827064,0.0,-1,0.0296188727840645
1878.9,17.379254470845126,0.24368186752998966,39.3613135283737,0.0,-1,-0.004151365160466325
1871.1,16.15560520529357,-0.32665579934052147,35.81190268723533,0.0,-1,0.0032333921222811313
1877.15,14.701646805409837,-0.5935380664080849,36.281506288373194,0.0,-1,-0.004741230056202306
1868.25,12.007863705017371,-1.0957737222668502,31.85322521294239,0.0,-1,-0.00837682323029576
1852.6,8.356150179402903,-1.5824957492937735,24.393321282566944,0.0,-1,-0.016949152542372836
1821.2,3.217280901645381,-2.240455009017099,11.830841106658774,0.0,-1,-0.03805183395563361
1751.9,-5.395260479037233,-3.617665463233238,-6.27540189546918,0.0,-1,-0.00045664706889669837
1751.1,-9.318592796125358,-2.513665926773788,-6.439021395375178,0.0,-1,0.023156872822797103
1791.65,-7.12454288832555,-0.10653867299132624,3.3850744644883264,0.0,-1,-0.02707001925599306
1743.15,-9.475472693731945,-0.8191561594659067,-6.644184526657668,0.0,-1,0.015833405042595228
1770.75,-7.561314871957393,0.365000554102882,-0.6299380349215724,0.0,-1,0.015050120005647427
1797.4,-3.7532930550735273,1.3910074569955828,4.54765392548093,0.0,-1,2.7817959274534232e-05
1797.45,-1.5323410587088802,1.2039864844534103,4.557341486203306,0.0,-1,0.014353667695902406
1823.25,1.855830027699085,1.5307191902871253,9.505680342823133,0.0,-1,0.019580419580419672
1858.95,6.370263068594795,2.0150507437276124,15.312916502579597,0.0,-1,0.0031469377874606685
1864.8,8.584124333326372,1.4096373361530636,16.195577709458647,0.0,-1,0.003968253968253954
1872.2,9.59237793791499,0.8059636469138933,17.36284909063933,0.0,-1,0.00026706548445676326
1872.7,9.338806578716458,0.18413076257178673,17.447237333963756,0.0,-1,0.004031612110855898
1880.25,9.062953684224112,-0.030574043973519593,18.80070810689996,0.0,-1,-0.009652971679298017
1862.1,6.657281096625866,-0.812082210523922,11.923620757026498,0.0,-1,0.007545244616293578
1876.15,6.070504711441345,-0.46628619856948106,14.938048656596237,0.0,-1,0.012765503824321067
1900.1,7.267074459562309,0.24342784985049448,19.509924617447354,0.0,-1,0.02052523551392027
1939.1,10.509769795325838,1.1620410618713404,25.330167809618302,0.0,-1,-0.0029652931772471414
1933.35,10.776136646930581,0.4761359711586941,23.04593985074581,0.0,-1,0.005353402125843898
1943.7,10.873808685488711,0.19126933657227418,24.587123288602,0.0,-1,0.010701239903277315
1964.5,11.749827314310323,0.35576265513129535,27.46438890035438,0.0,-1,-0.011835072537541347
1941.25,9.271184352528508,-0.7076267688835074,17.91435681804859,0.0,-1,-0.009684481648422394
1922.45,5.692597508926838,-1.4287378708283924,11.142071278110109,0.0,-1,0.00556581445551263
1933.15,4.320587628048997,-0.9335825839020773,13.447112905683255,0.0,-1,-0.016191190543931033
1901.85,0.666200385272532,-1.5293232755595145,3.1915436849937606,0.0,-1,-0.0037857875226752213
1894.65,-1.816509934888245,-1.337344531906764,1.0811932009644494,0.0,-1,0.009315704747578701
1912.3,-1.4356559337281851,-0.31883017691556814,5.8520089448160775,0.0,-1,-0.001124300580452764
1910.15,-1.3047576053374996,-0.06264394950829422,5.124377056322992,0.0,-1,0.021097819542967855
1950.45,2.2277546926359264,1.1566227828217108,14.701815519034156,0.0,-1,-0.003255658950498619
1944.1,3.2791979505695963,0.736022013585127,12.371311140075292,0.0,-1,0.0031634175196748604
1950.25,4.044153083655601,0.500325715557044,13.77540417755231,0.0,-1,0.0011793359825662542
1952.55,4.2812845598939475,0.24581906393179676,14.328510038418969,0.0,-1,-0.03093390694220377
1892.15,-0.9902567486446969,-1.6752407482022829,-5.498144020219961,0.0,-1,0.0010834236186347823
1894.2,-3.372672673860052,-1.352552224472546,-4.860497359014147,0.0,-1,0.0060975609756097615
1905.75,-3.320324580312672,-0.43340137697505554,-1.179359432910509,0.0,-1,-0.0048799685163321005
1896.45,-3.792456818513074,-0.30184453839181913,-3.9441702228064344,0.0,-1,0.001133697171030068
1898.6,-3.533318202737064,-0.014235307538603248,-3.170693463989778,0.0,-1,-0.0017381228273464222
1895.3,-3.3843057112876522,0.0449257279702695,-4.2884863077258615,0.0,-1,0.0026117237376668268
1900.25,-2.61527398962221,0.27131914987857053,-2.2113855405699354,0.0,-1,0.003420602552295815
1906.75,-1.471151962987733,0.4718137255043493,0.5491253162489897,0.0,-1,-0.016336698570866726
1875.6,-3.3723282860883046,-0.476454199198741,-10.555679011500544,0.0,-1,0.015328428236297764
1904.35,-1.64605575713108,0.41660610991949465,0.5783384102108968,0.0,-1,-0.005749993436080403
1893.4,-1.558248179558177,0.1681378958307993,-3.073011578570906,0.0,-1,0.013071722826661025
1918.15,0.678009624191418,0.8014652331934647,5.072521706758856,0.0,-1,0.008419570940750187
1934.3,3.085471057383529,1.0696422221285253,9.57126075971069,0.0,-1,0.007367006152096289
1948.55,5.219579185864177,1.0679167835363907,13.185352970008026,0.0,-1,0.002155448923558456
1952.75,6.20166831794927,0.6833353052071613,14.232457525416663,0.0,-1,-0.017283318397132263
1919.0,3.363407190829321,-0.7183086073042624,1.2240221920332814,0.0,-1,0.008389786347055672
1935.1,3.005659361366952,-0.35868547892221025,5.95230358037724,0.0,-1,0.012299105989354686
1958.9,4.559647166521927,0.39843410874425533,12.002397260735187,0.0,-1,0.00020419623257939
1959.3,4.990003805222386,0.27626358248157157,12.099609982452023,0.0,-1,-0.020007145409074667
1920.1,1.5226818074709172,-1.0636861384232992,-1.4308113218067504,0.0,-1,0.024998697984480067
1968.1,3.6621306579725115,0.35858757069276503,10.329165049789715,0.0,-1,-0.04496722727503688
1879.6,-2.9483224716075256,-2.0839551862957575,-8.9158092237316,0.0,-1,-0.01428495424558407
1852.75,-8.245355497096853,-2.4603294039283616,-12.90482666145391,0.5037760187085496,-1,-0.0006206989610039182
1851.6,-10.302592385083699,-1.5058554306384035,-13.075441793362607,0.0,-1,0.011773601209764673
1873.4,-8.655994796986533,0.046914052486254576,-7.504622838653546,0.0,-1,-0.005364577773033119
1863.35,-7.9488631031892965,0.2513485820944972,-9.343917584826158,0.0,-1,-0.0006976681782809857
1862.05,-7.041225331024862,0.38632878475297705,-9.595266301437903,0.0,-1,0.0017722402728175268
1865.35,-5.725637667357205,0.5673054828068782,-8.57389574981621,0.0,-1,-0.013965207601790541
1839.3,-6.761540696576958,-0.15619918213762496,-13.987387438146996,0.0,-1,-0.020225085630402928
1802.1,-9.816030486472073,-1.070229657344246,-20.172091052723196,2.324027581203609,-1,-0.024887631097053386
1757.25,-14.262772840880189,-1.8389906705841206,-25.750851931852058,20.973623055851476,-1,0.0020486555697822872
1760.85,-14.997579614677761,-0.8579324814605638,-24.508011269899015,0.0,-1,0.0015901411250249797
1763.65,-13.881851367019863,0.08593192206577882,-23.46634314194786,0.0,-1,-0.005358205993252652
1754.2,-12.954666295939205,0.33770566438214544,-24.7881337649752,0.0,-1,0.03961919963516136
1823.7,-5.619851569070761,2.55750679708353,-3.1514335699317897,0.0,-1,-0.011323134287437697
1803.05,-3.204956574880498,1.6574672637579315,-7.235857751291206,0.0,-1,0.014919164748620428
1829.95,0.5112373034546636,1.7912203806976978,-0.8225681151441293,0.0,-1,0.016475859996174735
1860.1,4.839231134001011,2.039738070414682,5.400885051376122,0.0,-1,0.004677167894199252
1868.8,7.324958788107551,1.508488574840408,7.085752528037347,0.0,-1,-0.00021404109589029385
1868.4,7.924076049485166,0.7025352787393411,6.975794201008291,0.0,-1,-0.0020605865981588867
1864.55,7.24246167604997,0.006973635101381603,5.825805378795643,0.0,-1,-0.028478721407310004
1811.45,1.8731160163283676,-1.7874573415400739,-7.362436246132901,0.0,-1,0.00734218443788115
1824.75,0.14068351844025528,-1.173296613142729,-3.8237622090279473,0.0,-1,0.005096588573777261
1834.05,0.03774364295941268,-0.4254121628745239,-1.362013004283881,0.0,-1,0.0371854638641258
1902.25,5.666461734972472,1.7344353097128455,12.582502047979801,0.0,-1,-0.006597450387698767
1889.7,6.962782303064614,1.010251959268329,9.291194824515571,0.0,-1,0.018230406942901123
1924.15,9.901544061855247,1.3163379060196547,14.918457323296678,0.0,-1,0.0001818985006365459
1924.5,10.574962936095972,0.6632522600867929,14.973114431568618,0.0,-1,-0.035255910626136644
1856.65,4.376258795208287,-1.8451506269336306,-1.352450960204152,0.0,-1,0.0006463253709636518
1857.85,1.0122184918302537,-1.7363969767705547,-1.100134563224401,0.0,-1,0.01181473208278394
1879.8,1.0750134658221668,-0.5578673342595473,3.539453097118461,0.0,-1,0.00654324928183847
1892.1,2.041826497332977,0.13631523241708754,6.025375445056078,0.0,-1,-0.0015062628825114333
1889.25,2.1175808049772513,0.07068984668712064,5.264096957011468,0.0,-1,0.024136562127828443
1934.85,5.778992891717962,1.244033977809277,13.968170781124087,0.0,-1,-0.006434607333901776
1922.4,6.090616194111817,0.5185524267343773,10.402949403680594,0.0,-1,0.0006502288805658729
1923.65,5.8430431624663015,0.09032646502962027,10.647625568192034,0.0,-1,0.012944142645491485
1948.55,7.307336383104484,0.5182065618892677,15.382144053102351,0.0,-1,0.013137974391214113
1974.15,9.563871628164861,0.9249139356498812,19.565028632108223,0.0,-1,0.006509130511865857
1987.0,10.965983281681474,0.775675196388832,21.48655380263955,0.0,-1,0.006391545042778057
1999.7,11.811540501632862,0.54041080544674,23.335262867630007,0.0,-1,-0.009826473971095706
1980.05,9.612524069805886,-0.5528685421267454,15.980772541855288,0.0,-1,-0.0017423802429231694
1976.6,7.424472181408419,-0.9136401435080703,14.714705400947565,0.0,-1,0.0012900941009814648
1979.15,5.924240222092521,-0.8046240342746556,15.262126021221462,0.0,-1,-0.016648561251042082
1946.2,1.9346042239267263,-1.5980866774801505,3.3736309487502965,0.0,-1,-0.012357414448669224
1922.15,-2.2255974604834137,-1.9194294539634305,-3.4965474457048202,0.0,-1,0.001118539135863461
1924.3,-3.9410651809816954,-1.2116323914872376,-2.8211951827258304,0.0,-1,-0.007924959725614467
1909.05,-5.741210276148877,-1.0039258288848067,-7.090408534620742,0.0,-1,-0.0008643042350906516
1907.4,-6.300348634053535,-0.5210213955964882,-7.552180855901028,0.0,-1,0.004901960784313708
1916.75,-5.275722093501372,0.16786838165189177,-3.900038081561938,0.0,-1,-0.005608451806443204
1906.0,-5.219598648766805,0.07466394212881955,-7.356951852306793,0.0,-1,-0.01364113326337879
1880.0,-6.923237039002288,-0.5429914827022211,-14.508974795441787,0.0,-1,0.0013297872340425343
1882.5,-6.989786480869952,-0.20318030818996213,-13.373410088226947,0.0,-1,0.04002656042496677
1957.85,-0.16141232839800068,2.208397948093997,10.130267015880491,0.0,-1,-0.009755599254284042
1938.75,1.6745591085377782,1.3481231283432586,4.443299188612194,0.0,-1,-0.0004642166344294152
1937.85,2.377998234627512,0.6838540848109975,4.175040672616035,0.0,-1,-0.0036122506901978824
1930.85,1.9482179447866201,0.08469126499003532,1.962397975266704,0.0,-1,0.001191185229303171
1933.15,1.762642971134028,-0.033627902887519046,2.6681510823690218,0.0,-1,-0.008199053358508235
1917.3,0.20213523671327494,-0.5313785457694241,-2.6575978644285243,0.0,-1,0.025895790956032005
1966.95,3.5425367664433907,0.9363409946535639,11.050611715706971,0.0,-1,-0.0011947431302270495
