close,MACD,MACDandSIG,RSI,Bollinger,Fibonacci,Percent
279.26001,2.3862774780241125,0.5747277707819656,30.005001829178354,0.0,1,-0.015183018864749154
275.02,2.5865946669335926,0.25834831989714857,21.129737782497173,0.0,1,-0.004708748454657741
273.725,2.36328703914387,0.01168023070247548,18.54910442670544,0.0,1,-0.006575943008493956
271.925,1.904692638653728,-0.1489713899292222,14.9119639493979,0.0,1,-0.00639878643008196
270.18501,1.3716718851874816,-0.22733071446515618,11.412154788708087,0.0,1,-0.004848566543347421
268.875,0.8816880180220892,-0.2391048605435162,8.761823125189352,0.0,1,-0.01385402138540226
265.15,0.25280541627085995,-0.28932915409824855,1.711026257876945,0.0,1,-0.0042806336036204096
264.01499,-0.1772871692939475,-0.23980724655435204,-0.3076352727212992,0.0,1,-0.02092684207059614
258.48999,-0.8379761979685441,-0.3001654250763163,-8.970584434249488,0.0,1,-0.012650354468271563
255.22,-1.3709885291418118,-0.2777259187498613,-13.190533920600444,0.0,1,0.008815923516965807
257.47,-1.335745650633271,-0.08082768008044017,-8.583899170275451,0.0,1,-0.0058647221035461605
255.96001,-1.3326445738262578,-0.025908867757808984,-10.719209575532929,0.0,1,0.02629309164349536
262.68999,-0.6592086542705147,0.21584235059931145,1.6305872942296347,0.0,1,-0.0005519433762969372
262.545,-0.27963913997012924,0.1984706216332323,1.3804299796603772,0.0,1,0.001409244129577658
262.91499,-0.03571862115575186,0.1474637134825366,2.0393019965955403,0.0,1,0.0018447407658268578
263.4,0.12963569001442465,0.10427267488423769,2.9676374603761815,0.0,1,0.025493507972665252
270.11499,0.76109237143163,0.24524311876714766,13.75891391284145,0.0,1,0.009181312003454734
272.595,1.2200638478543055,0.2347381983966078,16.877545597065392,0.0,1,0.0070617582861018935
274.52,1.5082942654111093,0.1743228719844705,19.165927792183723,0.0,1,-0.0019124289669240069
273.995,1.4829682854052066,0.049665630659522675,17.747569895468075,0.0,1,-0.00262778517856177
273.275,1.2867246049518144,-0.04885934993128993,15.694731098476083,0.0,1,-0.006330619339493082
271.545,0.9372090476458084,-0.13279163574576525,10.777977267320672,0.0,1,0.01080852160783663
274.48,0.9289338483557117,-0.04702227834528727,15.62729978351858,0.0,1,-0.02639532935004385
267.23501,0.24363592801427103,-0.244106732895576,-0.9917861000056121,0.0,1,0.002320017874903657
267.855,-0.0676501928242601,-0.1851309512447024,0.2071444173747281,0.0,1,-0.003920031360250875
266.805,-0.3051557371748572,-0.14087883186509986,-1.920109655710874,0.0,1,-0.008133243379996546
264.63501,-0.5793113645855783,-0.13834481975860702,-6.183163211506518,0.0,1,-0.0044023275680719065
263.47,-0.7651973979088211,-0.10807695102728332,-8.38428509256633,0.0,1,0.0072684176566590875
265.38501,-0.6347897980780317,0.007443549601168664,-3.4777482408661413,0.0,1,-0.002072460686457056
264.83501,-0.5625201816561116,0.026571055341029548,-4.692801845146498,0.0,1,0.014744953848813136
268.73999,-0.15409369164052578,0.1449991817855385,4.650864794755918,0.0,1,0.009488725514948504
271.28999,0.27546069433736875,0.19151785592114437,9.652199142463303,0.0,1,-0.0155737408519937
267.06499,0.11519949613148128,0.010418885905085634,-0.415049339150535,0.0,1,-1.864714652433097e-05
267.06001,0.025053939017595894,-0.026575557069599923,-0.42600650800872586,0.0,1,0.014565977137498187
270.95,0.3020591655425733,0.08347655648512584,7.688835676973497,0.0,1,0.0035431260380145435
271.91001,0.4953910150098295,0.092269468650794,9.477017465957061,0.0,1,0.015096832955873829
276.01499,0.8928560218259918,0.16324482515565208,16.253160651529882,0.0,1,-0.003260692471811155
275.11499,0.9421838567485565,0.07085755335940558,13.65995790089849,0.0,1,-0.011849554253659411
271.855,0.6166666194807817,-0.08488656130278971,4.996415494152409,0.0,1,-0.0064740394695701475
270.095,0.2558524492234824,-0.14856691052002968,0.8455735236179365,0.0,1,-0.002258427590292489
269.48501,0.0032918266595629575,-0.1337091776946497,-0.5905100796351803,0.0,1,0.007310202522953002
271.455,0.04090302982262983,-0.03203265817719428,4.065017708873533,0.0,1,0.012230388093790845
274.775,0.33296671225230057,0.08667700808415882,10.816970921130974,0.0,1,-0.0002183968701664485
274.71499,0.4462504941127463,0.06665359664820153,10.637962482507056,0.0,1,0.005023424458927561
276.095,0.5807056772002852,0.06703625991191353,13.391239094820172,0.0,1,0.00445498831923774
277.325,0.7020411289773278,0.06279057056298543,15.762884780318217,0.0,1,0.01433336338231328
281.3,1.0354554274510974,0.13206828967891837,22.224199247291708,-0.6135585777482788,1,0.02289367223604688
287.73999,1.6525404577337213,0.24971777332051404,29.267556957540393,-4.04958052914202,1,-0.05397226850532655
272.21001,0.5292062680638878,-0.2912054721164399,-2.8014278482934216,0.0,1,0.012306674541468832
275.56001,0.20260531755695865,-0.20593547420778968,1.8659557191328275,0.0,1,0.013808171947736536
279.36499,0.33950273250712826,-0.023012686419206674,6.696698331405948,0.0,1,0.002111968289226329
279.955,0.4288270456066243,0.022103875560096464,7.432738875182842,0.0,1,-0.0035363183368755102
278.96499,0.3552527816891029,-0.01715679611914167,5.6686159240458736,0.0,1,-0.009517251609243216
276.31001,0.06761291792292923,-0.10159888662843847,1.0006842702008356,0.0,1,-0.004505880912529903
275.06499,-0.18559309045372174,-0.11826829833502983,-1.1342815097233512,0.0,1,0.00025455802281482143
275.13501,-0.29089500377091326,-0.0745234038840738,-1.0008692431711452,0.0,1,0.0010721645347859798
275.43,-0.2947222101153102,-0.02611687007615693,-0.3855055025205445,0.0,1,-3.630686562827723e-05
275.42,-0.27290896244454643,-0.0014345408017977235,-0.40804352269351085,0.0,1,-0.00822380364534181
273.155,-0.42800992507210367,-0.05217850114311834,-5.495879606928504,0.0,1,0.023063828229393568
279.455,0.055107087370117824,0.1436461704330344,7.864057537790458,0.0,1,-0.016800522445474142
274.76001,-0.09917583035627331,-0.00354558243111891,-1.7534318362695345,0.0,1,0.015595391774807288
279.045,0.18902986331022475,0.0948867037451264,5.711361556017259,0.0,1,0.0
279.045,0.3173802215342789,0.07441235398972687,5.711361556017266,0.0,1,0.005787632819079347
280.66001,0.48969121551840544,0.08224111599128447,8.49684231493049,0.0,1,0.016514607834582584
285.295,0.9212882778840026,0.1712793927856272,15.43009589908226,0.0,1,0.03352673548432317
294.86001,1.8573969525764369,0.36912935582602047,25.004502184009255,-5.162215914646481,1,-0.0010005425964679793
294.56499,2.146083210541292,0.21927187126362524,24.299286693968384,-2.1512559661489377,1,-0.017585185530704095
289.38501,1.6799210719786402,-0.0822967557663421,12.783039862865287,0.0,1,-0.03654301236957658
278.81001,0.42559658003239065,-0.44554041590419724,-3.54874237592945,0.0,1,0.04128255653374868
290.32,0.7221337857232584,-0.04966773673777647,9.265786341008756,0.0,1,-0.04343479608707623
277.71001,-0.24060792690823973,-0.3374698164564249,-4.104024301719292,0.0,1,0.011828849813515951
280.995,-0.42817895598165023,-0.1750136151766118,-0.7877031699573678,0.0,1,0.009395220555525885
283.63501,-0.26628205751984524,-0.004372238904935599,1.847849542462285,0.0,1,0.008567278066272666
286.06499,0.0393548965043351,0.10042157170641493,4.274600769375155,0.0,1,0.006484575410643512
287.92,0.343477965474392,0.13484821355882398,6.149115985449228,0.0,1,-0.008266219783273243
285.53999,0.2685821695032473,0.01998413919589309,3.0488601201801515,0.0,1,-0.006233732795185576
283.76001,0.06042075739236452,-0.06272575763832991,0.7216181207470385,0.0,1,-0.01074851949716249
280.71001,-0.3028616784457654,-0.14200273115881998,-3.188253862361293,0.0,1,0.0011399308489210558
281.03,-0.43259858982764854,-0.09057988084690105,-2.714563973872899,0.0,1,-0.004803757605949421
279.68,-0.573917163033002,-0.07729948468408482,-4.609515279944652,0.0,1,0.008742133867276847
282.125,-0.39300001938289597,0.0345392196553404,-0.5342223689353887,0.0,1,0.014390819672130961
286.18501,0.06854272072405365,0.1653606532540967,5.581653044260712,0.0,1,0.010570085414327135
289.21001,0.5456855307172077,0.214167821082417,9.62669568678647,0.0,1,0.0019362746123481323
289.77,0.7854489748206674,0.15131042172862563,10.369043862634733,0.0,1,0.0023812333920005813
290.46001,0.8973774489707012,0.08774629862621974,11.342201230687579,0.0,1,0.0013082007399227713
290.83999,0.9102252319648301,0.033531360540116184,11.914432778277437,0.0,1,0.006962591354785719
292.86499,1.0095470207980952,0.04428438312446048,14.983648076228846,0.0,1,-0.004233998744609169
291.625,0.8717464968149216,-0.03117204695290443,11.605806924624233,0.0,1,0.01222456922417492
295.18999,1.027283193422079,0.041454883218084326,17.07322143250039,0.0,1,0.015210576754313365
299.68,1.3936121089404878,0.13592793291216432,22.544536442143297,-1.4785396156592014,1,-0.028346869994661072
291.18501,0.7527263909546491,-0.1683192616912248,3.7640285113539704,0.0,1,-0.004344351379900968
289.92,0.26413883271550276,-0.2189689399767904,1.5556794744262774,0.0,1,0.013865859547461445
293.93999,0.33283265086964775,-0.050091707274215136,7.6917393568951695,0.0,1,-0.010835511017061816
290.755,0.07402767237425678,-0.10296556192320205,1.904249689150376,0.0,1,-5.162421970394959e-05
290.73999,-0.06279462290461879,-0.07992928573402588,1.8769987453303045,0.0,1,-0.003284653067505361
289.78501,-0.20555455196864614,-0.07422973826601775,0.020487329001618093,0.0,1,-0.006315060948114626
287.955,-0.4123058038366594,-0.093660330044677,-3.52107987913498,0.0,1,0.021999930544703172
294.28999,0.04659322054902759,0.12174623144700333,7.934634921493675,0.0,1,0.012096945601173914
297.85,0.5688274643628688,0.21466015842028152,12.893780018020529,0.0,1,0.03568910525432267
308.48,1.6683756309062119,0.4380694416545414,23.326571577334448,-5.463465786145093,1,0.00202606327800825
309.105,2.1312017449356517,0.30029851856132717,23.807668107013683,-3.364830505338432,1,-0.01847268727455087
303.395,1.7091813232057689,-0.04057396772285182,12.385453813969015,0.0,1,0.004532045683020458
304.77,1.4703226687403799,-0.0931442073960802,13.881029059753743,0.0,1,-0.02090100731699318
298.4,0.6975331191126202,-0.2886445856746134,3.0279803292709317,0.0,1,0.0036527815013405185
299.48999,0.3438430843726792,-0.21411154013818479,4.497763153407142,0.0,1,-0.003288891224711654
298.505,0.056261976638324995,-0.16723088262417968,2.83769990061343,0.0,1,0.001507512436977665
298.955,-0.05471707528204206,-0.09273664484818225,3.555849895840147,0.0,1,-0.004114331588366049
297.725,-0.2081468449687236,-0.08205547151162126,1.1886030298637351,0.0,1,0.015332907884792801
302.28999,0.11289967393537381,0.07966368246415872,8.714032804486202,0.0,1,-0.010172351390133616
299.21499,0.0077646272260949445,-0.008490454748373382,2.639854572433997,0.0,1,0.00254001311899521
299.975,0.017884218269273333,0.00054304543160167,3.9482043528902935,0.0,1,-0.016217984832069487
295.11001,-0.38396217106486574,-0.13376778130084582,-4.911116929481544,0.0,1,-0.00040669579456154015
294.98999,-0.5628901848098735,-0.10423193168195122,-5.1131728252307695,0.0,1,0.0009661683774422336
295.275,-0.5816958429482497,-0.04101252994010918,-4.46912749614026,0.0,1,0.01857593768520882
300.76001,-0.08553985177172763,0.15171448707880433,6.420601438210639,0.0,1,-0.004970807122928411
299.26499,0.045081464797476656,0.09411193454933624,3.1995218956691005,0.0,1,-0.010542429303207257
296.11001,-0.15627966565102724,-0.035749731966389225,-3.0813041929341125,0.0,1,0.0014859004597649328
296.55,-0.20727109207103922,-0.028913719462133725,-2.1276716736177193,0.0,1,0.01859716742539197
302.06499,0.24408828572489938,0.14081521944460162,8.30475635459765,0.0,1,0.000711800463866874
302.28,0.46734478414578007,0.12135723928849412,8.66312183154654,0.0,1,-0.019799523620484205
296.295,0.041277634677442165,-0.10156997005994794,-3.656367529088044,0.0,1,-0.018849423716228775
290.71001,-0.6406115762798663,-0.26115306033908553,-11.942995996862805,1.2371480028969586,1,-0.03742564626515621
279.83,-1.8348393837351864,-0.4851269559314686,-22.562367538464194,7.359263550299033,1,-0.010149054783261335
276.98999,-2.515717505484929,-0.3886683592270703,-24.616654659953547,5.683913004401404,1,0.007545435125652089
279.08,-2.4723459409027555,-0.11509893154829909,-20.312078174124405,0.6850025549098291,1,0.009997133438440775
281.87,-2.01213133020309,0.11503855971712218,-14.76989144830204,0.0,1,0.0033349061624152743
282.81001,-1.5360122473363162,0.1970525475279652,-12.91345321526201,0.0,1,0.0009546691787889472
283.08,-1.1474525186249593,0.19520409207977396,-12.343198206673868,0.0,1,-0.010739049032075676
280.03999,-1.1108857777172148,0.07725694432917285,-16.178529585933887,0.0,1,-0.01301596247021719
276.395,-1.3037777591201802,-0.03854501235793095,-20.219373789764305,0.0,1,-0.013314314658369297
272.71499,-1.5982431032282989,-0.11100345215534979,-23.7390320601499,0.0,1,0.009607172675033304
275.33501,-1.3939538500133608,0.03109526701986276,-17.434379775881588,0.0,1,0.022935659362752103
281.65,-0.6493972359047575,0.25855062704282206,-4.870396340410323,0.0,1,0.022527960234333566
287.995,0.3057475074749618,0.40456512347418044,4.577470311156048,0.0,1,0.01053837740238528
291.03,1.0107575868752292,0.36985840095814926,8.385697401428736,0.0,1,0.012627564168642413
294.705,1.5852828276691184,0.31479454725067946,12.603957054990886,0.0,1,0.006752515227091527
296.695,1.9062718790935946,0.2119278662250519,14.75356430049277,0.0,1,0.03729422470887611
307.76001,2.8299945815480783,0.3785501895598453,23.99040230595631,-0.45232154897337296,1,-0.005166395725032635
306.17,2.92352221764628,0.15735927521934912,21.0188242982712,0.0,1,0.01473037854786563
310.68,3.1024925175582325,0.11210985837710075,24.274956580150516,-0.4878452217540712,1,-0.00901248873438909
307.88,2.7001032910509934,-0.09675978937671292,18.932408112929423,0.0,1,-0.003150545667143012
306.91001,2.1930675702097915,-0.20126517007263844,17.075307419524094,0.0,1,0.01969629468911749
312.955,2.2605432456050494,-0.04459649822579337,22.251770287355157,0.0,1,0.015561342685050494
317.825,2.511735812835582,0.06886535633491286,25.675131602793584,0.0,1,0.009234673169197016
320.76001,2.672604945381238,0.07657816296018982,27.531363733906574,0.0,1,-0.0010288377282442474
320.43,2.5028215995389473,-0.03106839429403374,26.79919119116795,0.0,1,0.0014823830477794786
320.905,2.2489447933228917,-0.09498173350336314,27.14437711458926,0.0,1,-0.012153129430828358
317.005,1.6095943241045916,-0.244777400907221,17.924878376089524,0.0,1,0.003990473336382694
318.27,1.2612028958200767,-0.19772294306391203,19.249344396635408,0.0,1,0.006660979671348377
320.38999,1.1585727736928106,-0.10011768839705937,21.44495883024345,0.0,1,-0.014669621856787662
315.68999,0.6190433148214538,-0.21321571575613874,10.758574069180547,0.0,1,0.010722576284410978
319.075,0.5797758091506466,-0.08416107380898197,14.953492760797644,0.0,1,0.022737600877536623
326.33,1.1164107388859748,0.15082461864211538,22.065009631445733,0.0,1,0.0019305917322955946
326.96001,1.3441948088465097,0.12620289620088343,22.60143927403834,0.0,1,0.01191274125542141
330.855,1.6706531097561879,0.15088706570352062,25.79441891927962,0.0,1,-0.00409544966828379
329.5,1.5817445010646907,0.02065948567067455,22.527333064079457,0.0,1,-0.011335386949924087
325.76499,1.0942273216302283,-0.15561923125459587,14.069061128054457,0.0,1,0.017067549216998268
331.325,1.2226172884438142,-0.009076421480336716,19.879213676725513,0.0,1,0.007470006790915251
333.8,1.3911774978136577,0.05316126262983567,22.109841301606878,0.0,1,0.0033103654883162026
334.905,1.4516094776807336,0.03786441416563724,23.098138729748158,0.0,1,-0.0024633851390692962
334.08,1.29210801114084,-0.04054568412475201,21.010719154836778,0.0,1,0.012377244971264467
338.21499,1.4492641102758625,0.0388701383367569,24.988344520199433,0.0,1,-0.006401224262709282
336.05,1.2266543173203672,-0.061246551539579475,19.445065393228646,0.0,1,-0.014462163368546332
331.18999,0.6081273943992755,-0.22659115815355713,8.634151985323882,0.0,1,-0.012817386177643941
326.945,-0.10556251659454574,-0.3134270230491262,0.9382116760130685,0.0,1,-0.021976142776307883
319.76001,-1.0523597623752607,-0.42007475627661384,-9.146198531878959,0.0,1,0.0038309981288777717
320.98501,-1.3359784050676922,-0.2345644663230151,-7.008180323686645,0.0,1,0.012928952663552762
325.13501,-1.0206228593249307,0.026930359806582205,-0.18028042658942667,0.0,1,-0.009749857451524568
321.96499,-1.0420615148431125,0.001830568096133467,-4.777314392564357,0.0,1,0.02466109746901357
329.905,-0.30427488303195105,0.24653906663576497,6.4152075387446175,0.0,1,0.0017429259938468444
330.48,0.1378913397929864,0.22956842982023418,7.1201996518970745,0.0,1,-0.013117283950617398
326.145,-0.013766493777268352,0.025970198749993137,0.3041625298129489,0.0,1,-0.019454537092397417
319.8,-0.6171982027476588,-0.19248717007346583,-7.871425666451678,0.0,1,0.0031425891181988685
320.805,-0.7837308736705495,-0.11967328033211888,-6.262175611599552,0.0,1,0.033197736943002765
331.455,0.08581369700721098,0.24995709678188055,7.615276616098775,0.0,1,-0.0007391350258707519
331.21001,0.49301900759547834,0.21905413579004934,7.254317758485044,0.0,1,0.02812411979939844
340.525,1.4317859122566574,0.3859403468170761,16.200241231624403,0.0,1,-0.00041110050657056085
340.38501,1.7701880385658342,0.2414474910420843,15.969699504360236,0.0,1,0.011413516711561211
344.27,2.1156225985066044,0.19562735032761824,19.269652983008726,0.0,1,0.0019170999506201714
344.93,2.1670379952681174,0.08234758236304396,19.82203996275703,0.0,1,-0.014684167802162862
339.86499,1.5900750273765425,-0.1648717951761769,10.542430800080908,0.0,1,0.018978124225152104
346.31499,1.7065872911493898,-0.016119843801109868,16.78796434521547,0.0,1,0.0061504990009237925
348.445,1.8001286487733523,0.025807171274284224,18.61100378550327,0.0,1,0.01892691816499026
355.03999,2.2464711068541874,0.15738320978503983,23.596921679772734,-0.010613487484647521,1,0.000619704839446511
355.26001,2.3007714103234207,0.07056117108475757,23.751474918226535,0.0,1,0.016143077854442467
360.995,2.614106444531103,0.1279654017641465,27.556384647973445,0.0,1,0.01088657737641796
364.925,2.8804317579239864,0.13143023838567647,29.787291055570833,0.0,1,0.0032198396930875894
366.1,2.8714751014601347,0.04082452730727493,30.433401374279626,0.0,1,0.019393608303742038
373.2,3.2193738481064997,0.12957442465121316,33.89069936508314,0.0,1,0.07244107717041803
400.23501,5.377959567420817,0.7627200479885099,40.78184256658122,-13.983760903888083,1,-0.03591639821813686
385.86001,4.8111724631262405,0.06531098123131152,22.467320117636874,0.0,1,-0.015135048589253963
380.02,3.640180372385089,-0.36856036983661333,16.41877792884071,0.0,1,0.007881137834850893
383.01499,3.0009184626490537,-0.3359407598575497,17.943410204789572,0.0,1,0.018654674585973696
390.16001,3.026629302560309,-0.10340997331543145,21.386902036515778,0.0,1,-0.0012815254951423771
389.66001,2.7455989473025966,-0.12814677619104797,20.79559638755586,0.0,1,-0.03446596944859692
376.23,1.2571163573985018,-0.5388764553650476,6.763398407169618,0.0,1,-0.03653347686255759
362.48501,-0.7373004673367518,-0.8444310933667671,-3.677483552038936,0.0,1,0.02291123707432763
370.78999,-0.9809855074263396,-0.362705377818785,2.222416211396485,0.0,1,-0.004571293847495661
369.095,-1.1623284018522781,-0.1813494240815745,0.9524173863285981,0.0,1,0.0275945217355964
379.28,-0.307389148910886,0.22452994295327255,7.8037031201862135,0.0,1,-0.008344784855515708
376.11499,-0.11805459336426338,0.1379548328332984,5.144051884066968,0.0,1,-0.05308214384116938
356.15,-1.6772985994772398,-0.4737630577598928,-8.302959238568356,0.0,1,0.00133370770742669
356.625,-2.2775623859106418,-0.35800894806443173,-7.929529334448105,0.0,1,0.016572057483350777
362.53501,-1.895396580301508,0.00805228584823392,-3.2173298083024022,0.0,1,-0.015805397663524956
356.805,-2.023864795805082,-0.040138643218446735,-6.986558735267387,0.0,1,0.021902719973094564
364.62,-1.2681935039065024,0.23851088289337752,-0.785850049673833,0.0,1,0.006829054906478005
367.11001,-0.5771742326316485,0.30984338472274386,1.097911395930197,0.0,1,0.020320856955112765
374.57,0.4380990890583689,0.4417055688042539,6.472459462668937,0.0,1,-0.0016152121098860217
373.96499,0.8588099924818948,0.28747215740926,5.918659284011582,0.0,1,0.0004947254554497071
374.15,1.0130154448201552,0.14722586991584008,6.065051052039827,0.0,1,-0.006200721635707618
371.83,0.8123668839209586,-0.017807563661118797,3.5855743966405456,0.0,1,0.018153457225075886
378.58,1.2068453631445664,0.12555697185416292,9.391342820379045,0.0,1,0.02640128902741834
388.575,2.136430822494333,0.35171414373464316,16.322200116073958,0.0,1,-0.027240584185807104
377.98999,1.541103483628035,-0.08120439837721816,5.230177808498951,0.0,1,-0.0436651245711559
361.48501,-0.2604004761074634,-0.627569452704239,-7.177822093960984,0.0,1,-0.01334771806996915
356.66001,-1.5415357496328852,-0.6362349087432203,-10.090181059690153,0.0,1,0.00035047383080599737
356.78501,-2.043225407259513,-0.37930818878994943,-9.972772310088175,0.0,1,0.011995963619660044
361.06499,-1.7671364521345367,-0.03440641122165777,-5.8232217117322165,0.0,1,0.016063590103266412
366.86499,-0.9984972702275172,0.24474425689512058,-0.5562000141668122,0.0,1,0.0030392924656017506
367.98,-0.4380520734217157,0.26839648456697407,0.4425739465635061,0.0,1,-0.0009375237784662316
367.63501,-0.15007430223369056,0.1854580852516664,0.10229456202112175,0.0,1,0.0027336351888793686
368.63999,0.0901691085464904,0.14190049867728247,1.168514353237228,0.0,1,-0.006089925295408194
366.395,0.01569422155768052,0.022475203896157536,-1.4086358927942086,0.0,1,-6.823237216657674e-05
366.37,-0.02493440706655292,-0.006051141576025303,-1.4388986537138138,0.0,1,0.021249010563091808
374.155,0.6055791458769022,0.2081541371224766,7.680497946137265,0.0,1,0.01929681549090634
381.375,1.4720376601921998,0.35820421714592476,14.217532730982768,0.0,1,0.005794847590953722
383.58501,1.9667646123338614,0.28431038976252876,16.003560526779637,0.0,1,0.014533936036760009
389.16001,2.514814370710212,0.27745338271295994,20.17601601004442,0.0,1,0.002402584993252521
390.095,2.657187219005891,0.13994207700287964,20.84285781233936,0.0,1,-0.017213755623630256
383.38,1.9473580415698848,-0.1899623668110424,10.116602521604094,0.0,1,-0.011437738014502541
378.995,1.064746949387711,-0.35752448633107203,4.166012944063546,0.0,1,-0.00011873507566062536
378.95,0.5309624908476849,-0.2971029816236994,4.104946455646719,0.0,1,0.005673571711307668
381.1,0.39899005400701526,-0.143025139488123,6.696625715206835,0.0,1,-0.00015746523222259778
381.03999,0.29475383108609776,-0.08242045413634685,6.597507075730661,0.0,1,-0.012597102996984688
376.23999,-0.18192709963153675,-0.18636712828466043,-1.0136138525892235,0.0,1,-0.009807543318295253
372.55,-0.7126061400210801,-0.239015389558068,-6.060753979731821,0.0,1,-0.010964997986847469
368.46499,-1.2589793152140487,-0.26179618825034556,-11.003022466066042,0.0,1,-0.009648080812236781
364.91001,-1.723499293209386,-0.2421053887485609,-14.828345065506134,0.0,1,0.00042470745047529235
365.06499,-1.7992193411062658,-0.10594181221514698,-14.521768211046073,0.0,1,0.009080602333299437
368.38,-1.4108935866291858,0.09412798075397766,-8.002648847601925,0.0,1,-0.019938623160866475
361.03501,-1.711238743838237,-0.06873905881835785,-16.368232107401475,0.0,1,0.015040037252896932
366.46499,-1.266309760456238,0.12539664152121377,-7.035956296549699,0.0,1,-0.00886851428836355
363.21499,-1.209152788727181,0.060851204416757065,-10.710059174440453,0.0,1,-0.02276885653865779
354.945,-1.7689774038020687,-0.1663244702193769,-18.360052145544397,0.0,1,-0.016016537773457795
349.26001,-2.3752240943560423,-0.2575237202577836,-22.45628296421696,1.1867027244599626,1,-0.04725708505820647
332.755,-3.855829598436685,-0.5793764081128088,-30.570595468603745,9.367473808627778,1,-0.026055175729891356
324.08501,-4.997312383940596,-0.5736197312055733,-33.421231353411116,9.012464347414777,1,0.004967801503685587
325.695,-5.017445244697512,-0.19791753065416362,-30.970086741820634,1.0766436184050008,1,-0.0017654554107370268
325.12,-4.657307904684501,0.05407326978628291,-31.18941610197518,0.0,1,-0.0011995570866141225
324.73,-4.121630242620938,0.19658364394994887,-31.351395786103936,0.0,1,0.02423551873864449
332.6,-2.8544888913707496,0.487908331733379,-18.186325697744998,0.0,1,-0.01779915814792543
326.68,-2.4763774747980847,0.2886732494353481,-21.97669853053265,0.0,1,-0.020187920901187706
320.08501,-2.6305394769452732,0.044837082429386665,-25.578287441835226,0.0,1,0.004623709182757452
321.56499,-2.3650771882734034,0.10343312370041868,-23.23150936335063,0.0,1,0.0007463810037280361
321.805,-2.015255444914658,0.15108495568638824,-22.82405328173433,0.0,1,0.050620717515265534
338.095,-0.31490661949243304,0.6171445937028711,-1.2991144808707702,0.0,1,0.003312648811724328
339.21499,0.6548425115097416,0.528964574901682,-0.16637420529043112,0.0,1,-0.0003242486424317459
339.105,1.0759810343850518,0.31670103259233084,-0.2861569770265433,0.0,1,0.015054363692661443
344.21001,1.6223027096239662,0.2876742359437485,5.259733900716611,0.0,1,0.0024548675966744593
345.055,1.8306874881080262,0.1653530048092695,6.149166792358997,0.0,1,0.003593630001014425
346.295,1.885655920007764,0.07344047890300254,7.52595105328929,0.0,1,-0.0023246365093346766
345.48999,1.6889179759569402,-0.04109915504927386,6.251970313297264,0.0,1,0.007192712008819768
347.975,1.6568900059351108,-0.024375708357034398,9.34045812609979,0.0,1,-0.0091242186938717
344.8,1.2382185204296547,-0.1476823979541635,3.9350152842408477,0.0,1,0.026769141531322482
354.03,1.6948645676411047,0.10298788308576223,14.407585799226126,0.0,1,0.0023726802813321957
354.87,1.8519488772767545,0.08669073090713741,15.20742738382829,0.0,1,0.006763039986473762
357.27,1.9761619589882002,0.07030127087286098,17.524261874752753,0.0,1,0.0016653791250313965
357.86499,1.9231708365948634,0.005770049493174723,18.10922627838832,0.0,1,0.02561024480209695
367.03,2.500161872348656,0.1942536950823226,25.62396969537386,0.0,1,0.02137427458245922
374.875,3.234060567529866,0.30938413008784416,30.086777150444362,-1.2811237855841,1,0.014924974991664008
380.47,3.7977548678262565,0.29102614346141165,32.60976547719319,-0.8345605413767885,1,0.042040082003837353
396.46499,5.096038278988942,0.5297698515413662,37.60012935974353,-7.842490285459689,1,-0.0066588225104062815
393.825,5.10051096132122,0.17808084462454765,33.22054275565101,0.0,1,-0.017279248397130686
387.02,4.110621389043899,-0.2706029092175912,22.796793417591076,0.0,1,-0.0026871996279260735
385.98,3.1864581538182506,-0.39825538148107986,21.280692789276173,0.0,1,-0.01975490958080728
378.355,1.8234216900539195,-0.5870972817484703,10.941372108008473,0.0,1,-0.02348323664283536
369.47,0.24953498400060425,-0.7203279959339286,1.3060964991014288,0.0,1,-0.03526676049476274
356.43999,-1.6440371176927329,-0.8713000325424222,-9.204146257827986,0.0,1,-0.009019723067549168
353.225,-2.7217359087316595,-0.6496662745271164,-11.373458021397667,0.0,1,0.01760917262368178
359.445,-2.5154406451901536,-0.1477903369952034,-5.0776744659991735,0.0,1,-0.0015718677405444081
358.88,-2.2497562929869446,0.03929800506933523,-5.538009103387708,0.0,1,0.011424431564868609
362.98,-1.5877677591363977,0.2337621796399607,-1.2994609222784916,0.0,1,0.007066505041600113
365.545,-0.9107095122830628,0.3036068088310986,1.284890128533334,0.0,1,0.009205460340040217
368.91001,-0.21587042949954593,0.3328152972048719,4.617493748390942,0.0,1,0.002236317740470062
369.73501,0.21828831435055918,0.25565801368499236,5.447754772112468,0.0,1,-0.004138125843154539
368.205,0.2896761600797504,0.10901528647139455,3.4333962742636217,0.0,1,-0.0036528292663053907
366.86001,0.18914790293769101,0.0028290097764450683,1.602328677949174,0.0,1,0.007618682668628862
369.655,0.3560372824551905,0.056572796431314853,5.150979394343857,0.0,1,-0.004585329564052887
367.96001,0.2685630320093537,-0.010300484671507293,2.554453340406482,0.0,1,0.0006658060477822136
368.205,0.22286148745229184,-0.018667343076189724,2.9104961976563004,0.0,1,0.0008011841229749184
368.5,0.20602225788604756,-0.01183552421414466,3.3785798460845626,0.0,1,0.004626865671641722
370.205,0.3225174549457961,0.03488655761520132,6.176081919081753,0.0,1,0.0019178293107873223
370.91499,0.41305443223012617,0.041807844966510466,7.35990929123632,0.0,1,-0.00041783158992836356
370.76001,0.41098671818645016,0.013246710307611487,6.986547017953768,0.0,1,0.0007956359694778481
371.055,0.4002864679824256,0.0008488200345289632,7.570634158714405,0.0,1,0.007343924755090159
373.78,0.5886624705485133,0.06307494086687226,12.760895953442308,0.0,1,-0.004360853978276014
372.15,0.49796193261920507,-0.009208532354145316,8.041967052523624,0.0,1,0.0008195620045681196
372.455,0.43653150260291795,-0.023546320790144126,8.68777386576889,0.0,1,0.001355895343061686
372.96001,0.41152282904454296,-0.01618499811617302,9.82539269677362,0.0,1,0.005362505218722946
374.96001,0.5313915898449864,0.034561254228090144,14.167341634444028,0.0,1,0.02080221834856477
382.76001,1.1970433377581458,0.23340433404708316,25.596375200163124,-4.211465202478678,1,0.023160700617601115
391.625,2.1688647669015495,0.4017419210634958,32.603426918579004,-7.923260590625489,1,-0.005528222151292672
389.46001,2.2936209175647946,0.1754993572422472,26.632661253155362,-2.5831322447133402,1,0.01303086291195843
394.53501,2.5877805830992884,0.156553007592247,30.33490962525343,-3.5360375967928235,1,-0.005031264525802159
392.55,2.3537945339415955,-0.025811013855148612,25.159727520891067,0.0,1,0.017169761813781603
399.28999,2.602317798200943,0.07423741680139972,30.016492501952058,-1.3873318156705068,1,-0.01065636531484293
395.03501,2.1551379471472387,-0.1243141447507683,20.36600232822336,0.0,1,0.015517561342221153
401.16499,2.262784859358135,-0.005555744179957411,25.16132015934936,0.0,1,0.010120549153604053
405.225,2.466377077183722,0.06601215788187664,27.804450567992745,0.0,1,0.02033435745573442
413.46499,3.0493075963311753,0.21631422567644343,32.099852140880486,-1.155872616166448,1,-0.03037739664487682
400.905,2.0399980562106634,-0.264331771481356,11.833281512216821,0.0,1,0.029608011873136997
412.775,2.3545101147994956,0.01672676236915871,19.690022290237152,0.0,1,-0.0034037429592391755
411.37002,2.19847530119398,-0.04643601707878542,17.853044706915185,0.0,1,-0.01769703587052851
404.08999,1.3305824526250376,-0.30477628854924266,8.912549255718062,0.0,1,-0.006458932575884813
401.48,0.5682549906218242,-0.3557012501841521,5.97458637528144,0.0,1,0.026937879844575185
412.29502,1.04098834373508,0.03901070097636783,14.195530646864498,0.0,1,0.012927587628877912
417.625,1.6347709916470876,0.21093111629612515,17.51699920112536,0.0,1,-0.014271200239449278
411.66499,1.2987638996325472,-0.04169199190613848,10.539343874336502,0.0,1,-0.0068016471354535035
408.86499,0.7891966953225733,-0.18375306540537084,7.440612178543773,0.0,1,-0.002763699577212453
407.73501,0.3744817018907156,-0.19948935294574288,6.15182746671762,0.0,1,-0.005076875787536572
405.66499,-0.03658426998276809,-0.2035184416064089,3.6994223956884156,0.0,1,-0.012990990422910298
400.395,-0.6782344000876037,-0.28172285723708157,-2.205315805073255,0.0,1,0.0011363778268960179
400.85,-0.9046232651327841,-0.1693705740940874,-1.660377043668646,0.0,1,-0.02848945989771734
389.43,-1.8940990922275773,-0.38628213372962694,-12.559407840414465,0.21273929983647122,1,0.00992476183139468
393.295,-1.9089120814226703,-0.13369837430824005,-7.669800806015331,0.0,1,0.015509986142717258
399.395,-1.2489092359016354,0.17543482373759822,-0.718225867088691,0.0,1,0.006672617333717268
402.06001,-0.5927478768160199,0.2771987276077379,2.0854552839102,0.0,1,0.009625403929129916
405.93,0.10722762579479195,0.3257247434061833,6.009151682121704,0.0,1,0.011122656615672577
410.44502,0.8245314082839741,0.3476761752984551,10.230801398488808,0.0,1,0.00018272849308775818
410.52002,1.1207223488382283,0.21462237195090306,10.301117893001631,0.0,1,-0.0029109907965024773
409.325,1.0758392900455078,0.0565797710527276,8.470823359724342,0.0,1,0.011726623099004518
414.125,1.3637444864786517,0.1148283224952904,13.425321709935254,0.0,1,0.005759154844551917
416.51001,1.5928025441553473,0.11462879339066201,15.685440436682825,0.0,1,0.003841444290858531
418.11001,1.7079313609807514,0.07658587007202211,17.19642219619429,0.0,1,-0.0012556503968894628
417.58501,1.5794181559784306,-0.01730911164343296,16.134709395634488,0.0,1,0.0009099464561719284
417.96499,1.4152083738123906,-0.06050629793649098,16.55961368458523,0.0,1,-0.007727872135893543
414.73501,0.9460044515783466,-0.17657007339017827,9.507713494080718,0.0,1,0.0014708427918828093
415.34502,0.6834029528297947,-0.14639052404624342,10.388382184059196,0.0,1,-0.018924050178812712
407.48501,-0.1598488759469774,-0.32988078427433853,-3.950336666673884,0.0,1,-0.03033242867019814
395.125,-1.598154884006476,-0.5893955974446126,-17.453037203606208,0.0,1,-0.0034799114204365766
393.75,-2.298711647702362,-0.4299841203801662,-18.591408671121567,0.0,1,-0.011085688888888834
389.38501,-2.82117989224173,-0.31748412163984474,-22.040756541986852,0.0,1,-0.0015281019677672036
388.78999,-2.8969006901579064,-0.13106830651867352,-22.49821868733107,0.0,1,0.006777463586446819
391.425,-2.4737685316029,0.09735461734544426,-17.0964327224075,0.0,1,0.0047007472695919095
393.26499,-1.9027225746917793,0.22280019141885488,-13.429587259904359,0.0,1,0.01690971779613526
399.91499,-0.9044727150119343,0.4070166836995668,-2.014455989564702,0.0,1,-0.012602653378909312
394.875,-0.749974225587664,0.18717172437461238,-8.32958680891548,0.0,1,-0.003937955049066133
393.32,-0.739810462076548,0.06577849596190943,-10.128430666777007,0.0,1,0.01660225770365109
399.85,-0.12891104181460378,0.22555930540795122,-0.04773764593574725,0.0,1,0.027410303863948826
410.81001,1.10061542180091,0.48502858967448836,11.872901401474003,0.0,1,0.0480270186210896
430.53999,3.267825701791935,0.8840796232218375,24.17594783208827,-0.466548992319872,1,0.030287523349457057
443.57998,5.165777866638109,0.9273439293560042,29.123079292901906,-6.857146021320659,1,-0.03501055209930792
428.05,4.390107460174704,0.05055784096420002,13.121657190688026,0.0,1,-0.00045560098119379333
427.85498,3.6201783019284335,-0.23979043909402353,12.944043766363976,0.0,1,0.003926634206758539
429.53501,3.073534697644561,-0.2621446811259651,13.915914433448329,0.0,1,-0.007659422220321455
426.24502,2.269919170698927,-0.3552534026905332,10.465335637590037,0.0,1,0.01095606935184823
430.91499,2.0681156430012493,-0.18568564346273675,13.56739543879285,0.0,1,0.0012763538348945502
431.46499,1.8407042422355744,-0.13769901474280388,13.937676841233845,0.0,1,0.002364085206542521
432.48501,1.6586081883331758,-0.10659835621506741,14.677447742762865,0.0,1,0.001341040698728646
433.06499,1.477674479020834,-0.09584402184246965,15.129371466462644,0.0,1,0.015436505269105227
439.75,1.8211522511129488,0.08254458341654836,20.03868208068681,0.0,1,0.010619715747583802
444.42002,2.230296782899586,0.16389637173439509,22.990266470891854,0.0,1,-0.009833085377206952
440.05,1.8848426502179336,-0.060519253649085725,16.208678692527016,0.0,1,-0.027031064651744097
428.15498,0.5637936963589709,-0.4605227358360162,1.685167886663443,0.0,1,-0.007216989511601657
425.06499,-0.4012127552671245,-0.4751763958207039,-1.3924174336244093,0.0,1,0.013833249357939392
430.94502,-0.3602790848078712,-0.14474757512048356,4.35434885781676,0.0,1,-0.014758286335458726
424.58501,-0.8397898258443206,-0.20808610538564432,-2.084866347933378,0.0,1,0.0021078699881562635
425.47998,-0.9349818775421568,-0.1010927190278268,-1.1376534395272273,0.0,1,0.03498404319752013
440.36499,0.3357547530707734,0.38988130386170117,11.72541738331143,0.0,1,-0.01007121388101262
435.92998,0.5735593389546807,0.20922862991520286,6.980455328194644,0.0,1,0.00018358452887334842
436.01001,0.6513341869837745,0.0956678259814322,7.04665889121641,0.0,1,-0.02769431830246294
423.93501,-0.37030623791702055,-0.308657532973121,-4.652630137461614,0.0,1,0.00849186765679022
427.53501,-0.5502675972076645,-0.16287296408792168,-1.1759253722885603,0.0,1,-0.0075315937284293755
424.31499,-0.8627276437523506,-0.1584443368775359,-4.079147382978938,0.0,1,0.013504189423050983
430.04502,-0.46956119671199303,0.07824070338760725,1.610122862097171,0.0,1,-0.014440371847580069
423.83501,-0.7513487067991491,-0.06784893556651628,-4.192877922766634,0.0,1,-0.0246676884951057
413.37998,-1.7008825696094618,-0.3391275994589429,-12.153302012788401,2.205359949799572,1,0.02055014855823445
421.875,-1.325990953547148,0.011921338867790343,-3.7243936284815007,0.0,1,-0.012681481481481516
416.525,-1.4738792327203782,-0.04532231343514659,-7.7352094134975715,0.0,1,0.0019687173639038047
417.34502,-1.3566651029136665,0.02396393879052172,-6.895390153155816,0.0,1,-0.011058092893980076
412.72998,-1.5695892794341262,-0.06298674590997932,-10.489308691070576,0.0,1,0.01636670541839469
419.48501,-0.9823330944082045,0.17475647970531405,-3.266472716608412,0.0,1,-0.011704852099482688
414.575,-1.0160114106945457,0.04702605447299102,-7.376898098756676,0.0,1,0.012591256105650483
419.79502,-0.5131812846132107,0.18328539351810869,-1.976649317899664,0.0,1,-0.002834812094721917
418.60498,-0.31817111452141944,0.1260985212033,-3.0949112645499426,0.0,1,0.016184709508233697
425.37998,0.37043156340121186,0.2715670663753105,3.721770978510129,0.0,1,0.005418755250305773
427.68501,0.8759494387458062,0.25902831390663494,5.863868264798725,0.0,1,0.01863513991290011
435.65498,1.7198767565225808,0.36765187722780324,12.527522609580203,0.0,1,0.006277926629003394
438.38999,2.226434852367447,0.29140332435755645,14.567297291927986,0.0,1,-0.0008782362936708976
438.00498,2.2620934959259102,0.10902065597200661,14.022203805987317,0.0,1,0.005194004871816871
440.27998,2.2809983597113046,0.042641839919133506,15.911636469095598,0.0,1,-0.003111588221658468
438.91001,1.9862034282947434,-0.08405103049914242,13.674215962633617,0.0,1,0.02349003158984675
449.22002,2.532456510228542,0.15406735047821885,21.705616356799396,-1.8463704951466298,1,-0.007947152488885112
445.65,2.297043342009715,-0.027115272580202632,16.08423318683012,0.0,1,-0.010692224840121112
440.88501,1.5908339793995196,-0.24444154506346605,9.201349117137546,0.0,1,0.010263447151446448
445.41001,1.4822431331444363,-0.11767746377284971,13.241054764404744,0.0,1,-0.005579151667471471
442.925,1.097343282254883,-0.16752577155413428,9.637818686509057,0.0,1,-0.009505017779533831
438.71499,0.46261391662216056,-0.2674183790622856,3.861098922525116,0.0,1,-0.02628125380443469
427.18501,-0.8541335925793305,-0.5280552960879256,-8.400575692113115,0.0,1,0.0034410617544844424
428.65498,-1.3188320477984803,-0.3309179171023585,-6.576071876377327,0.0,1,-0.0029976555970492313
427.37002,-1.548358604758164,-0.18681482468734734,-7.854903387764786,0.0,1,-0.0036151810555172803
425.825,-1.6628436661748083,-0.10043329536799717,-9.450318342650306,0.0,1,-0.018387788410732075
417.99502,-2.234014224701923,-0.22386795129837056,-16.575224404712216,0.0,1,0.011196257792736475
422.675,-1.9434333185736818,0.022237651609956943,-9.618374127568849,0.0,1,0.004790915005618901
424.7,-1.46744008896178,0.16607696040728626,-6.766498101501931,0.0,1,0.008582575935954795
428.34502,-0.8034051334090009,0.2767039719866884,-1.8097756181762747,0.0,1,-0.006700252987649868
425.475,-0.6436055611818574,0.14550118140461066,-5.229835344620149,0.0,1,0.01326757153769309
431.12002,-0.03965364496980328,0.24981769920555497,2.1861152037848797,0.0,1,-0.023473788111255
421.0,-0.5777082164496505,-0.09607895742476413,-8.82637545497139,0.0,1,0.0011164370546317137
421.47002,-0.7594248174854101,-0.09259851948684128,-8.192664398403238,0.0,1,0.009965121599871063
425.67002,-0.43699771654615915,0.07660952715080327,-2.569936241541882,0.0,1,0.0004463316444036636
425.86001,-0.22353518969771358,0.09669068466641628,-2.315867510148614,0.0,1,-0.0015263231689680579
425.21001,-0.15234266046536504,0.05596107129958827,-3.1761109225380295,0.0,1,-0.01473387232817025
418.94502,-0.6261336741437731,-0.1392766474596066,-10.757790669406873,0.0,1,0.0010621202753526848
419.38999,-0.7737705414709808,-0.09563783826227146,-9.991217752941807,0.0,1,0.0011922077587021018
419.88999,-0.7414414300120029,-0.02110290893443123,-9.060864119603806,0.0,1,0.00365574325789475
421.425,-0.5355725884481899,0.06158864420979393,-6.0934949797671365,0.0,1,1.1817049297091486e-05
421.42998,-0.38759211862890197,0.0698563713430273,-6.083337610192906,0.0,1,-0.014688062771424093
415.23999,-0.7971350405001658,-0.11322885017607887,-14.869046140443984,0.0,1,0.01560550562579488
421.72002,-0.39547608139412205,0.09614336964332165,-2.62364651187157,0.0,1,-0.002620292961192594
420.61499,-0.25377609505829923,0.07928111865971482,-4.259669100807166,0.0,1,-0.005836644100582267
418.16001,-0.3663597606354756,-0.011100848972487198,-7.85245493210131,0.0,1,-0.006432920259400232
415.47002,-0.6162874467044617,-0.08700951168049109,-11.531209054666185,0.0,1,-0.004380628956091703
413.65,-0.841562335846902,-0.1040948002743105,-13.89995870007565,0.0,1,-0.0029856400338450495
412.41499,-0.9869870857642127,-0.08317318339720703,-15.501586340317473,0.0,1,0.034795049520387256
426.76499,0.21838279642412317,0.3740655662637097,8.35316088674682,0.0,1,0.0091150635388344
430.65498,1.127035004482991,0.42757259144085924,12.469929481371565,0.0,1,-0.006269519976292992
427.95498,1.2624415248054675,0.18765970392111186,8.044946585420817,0.0,1,-0.0004089215178660899
427.77998,1.2103579912329678,0.04519205678287075,7.750350494278379,0.0,1,0.003553275214048135
429.3,1.210121391843927,0.014985152464610074,9.723166696295252,0.0,1,-0.008548846960167777
425.62998,0.803324642829125,-0.13060386551673064,3.074615854101161,0.0,1,-0.00292500542372498
424.38501,0.4292350480859568,-0.1682311534199663,0.9373031807788124,0.0,1,0.027321817987869146
435.97998,1.172668163373885,0.19173398728932067,15.368931290566493,-1.3308535944759114,1,0.01017250837985717
440.41499,1.8162465407366426,0.27843745488402605,19.217114215813595,-2.4064251674394654,1,0.0012942792887227217
440.98501,2.0341835176899963,0.16545814394579317,19.697969645238516,-0.06919517442770484,1,0.019864643471668275
449.74502,2.7036375463591753,0.2783040575383242,26.07860231239313,-4.008074924534299,1,-0.02948339483558937
436.48501,1.708060598497127,-0.23909096344124126,6.181762150424234,0.0,1,0.013872137327236134
442.53999,1.5725154080246853,-0.12487871797122763,11.314991141814936,0.0,1,0.014269874232156976
448.85498,1.8999490287864091,0.06751830093016542,15.938924176157798,0.0,1,-0.02218970590456637
438.89502,1.0753400867683922,-0.25236354702928376,4.519088839365423,0.0,1,0.00737069197094109
442.12998,0.8430039418619799,-0.16156656397856528,7.194475856646974,0.0,1,-0.0003052496010336192
441.99502,0.645338874253639,-0.1197438771956354,7.03894284860678,0.0,1,0.012149390280460581
447.36499,0.9402256009283292,0.05838094982635156,11.649598448496313,0.0,1,-0.010204173554126283
442.8,0.6289009975216686,-0.08431455119343634,5.975330362644925,0.0,1,-0.013403364950316243
436.86499,-0.07375388730849863,-0.2623231453412012,-0.5936970012241716,0.0,1,-0.02109345040443733
427.65,-1.1868510057811932,-0.45847342127129864,-8.912248104071345,0.0,1,-0.01911609961417038
419.475,-2.325745314535766,-0.5324559100086239,-14.760723860011971,0.0,1,-0.002217009356934252
418.54502,-2.77887869270171,-0.32852976272485623,-15.38353499489817,0.0,1,0.0026878828948915245
419.67002,-2.6801221573929297,-0.07659107580535851,-13.866352212366017,0.0,1,0.010007862844241266
423.87002,-2.057400376622411,0.18204356832172008,-8.258658946430373,0.0,1,-0.010875999203718179
419.26001,-1.9587569548519355,0.093562330030732,-12.296119198977792,0.0,1,0.007143466890629391
422.25498,-1.4966246643957106,0.18523154016231902,-8.230379396598849,0.0,1,-0.003789179703694634
420.65498,-1.2741731304680002,0.13589435803000982,-9.788198811530847,0.0,1,0.003839345964714358
422.27002,-0.9221796026317861,0.16262929528874137,-7.387728136978225,0.0,1,-0.0021195442669598163
421.375,-0.7439195384943673,0.11362978647538668,-8.415783275053158,0.0,1,-0.0020290240284782657
420.52002,-0.6640445448844616,0.06450159336176409,-9.454052260534226,0.0,1,0.009321720283376855
424.43999,-0.24210583600580549,0.16214676741347345,-2.7451952148455447,0.0,1,-0.012687329485612353
419.05498,-0.4597118285659576,-0.018486408382226205,-9.688378179309908,0.0,1,0.005321569021802253
421.28501,-0.34436967246557515,0.032285249239385416,-5.908546015004127,0.0,1,-0.010349311977656095
416.925,-0.6213352883765424,-0.08156012222386066,-11.240594773379314,0.0,1,-5.996282304976397e-05
416.9,-0.7101234889673265,-0.05678277427154821,-11.27043432768481,0.0,1,0.014212041256896235
422.825,-0.20159063184883053,0.15058336094898261,-0.9427402124972915,0.0,1,-0.005061171879619297
420.68501,-0.10885748396884765,0.08110550294298852,-4.050946651687717,0.0,1,-0.0111366221487188
416.0,-0.4438369530313935,-0.08462465537318581,-10.186983054231128,0.0,1,-0.010997596153846101
411.425,-0.9555902748101062,-0.19879265905063292,-15.225576978981188,1.9103599421659396,1,-0.03169469526645197
398.38501,-2.218500246131896,-0.4872342101241409,-25.17531534468133,9.091053500509304,1,0.032518743614374346
411.33999,-1.5854985446151773,0.04858916379752598,-7.130996064861691,0.0,1,-0.006308625621350372
408.745,-1.3531219818055433,0.09365524220238663,-9.305011422324597,0.0,1,0.012648448299061643
413.91499,-0.6933410352502278,0.2511453962525674,-3.3193076344913734,0.0,1,0.015667492496466373
420.4,0.23474535763159565,0.393077263044797,3.256160096975961,0.0,1,0.0008681969552808422
420.76499,0.7096422742698678,0.28932472656102315,3.613892177966761,0.0,1,-0.02260171408272349
411.25498,0.09545304306652724,-0.1082881682141058,-6.110301476758231,0.0,1,-0.004303826302601843
409.48501,-0.3670934927906728,-0.1902782346904353,-7.696983923402229,0.0,1,-0.01365131778572315
403.895,-1.0336098029867458,-0.2855981816288361,-12.459453166600113,0.0,1,0.01483061191646362
409.88501,-0.7815663078358739,-0.011184895492654778,-5.0769568180364075,0.0,1,0.005379508755394502
412.08999,-0.40666570127416435,0.12123857035635155,-2.537119396568457,0.0,1,-0.0031303599488062828
410.8,-0.2928257562203953,0.07835950513670686,-3.9184642241373098,0.0,1,0.005209323271665012
412.93999,-0.03317113734186705,0.11267137467174504,-1.1732640191572514,0.0,1,-0.005824042374777072
410.53501,-0.10099456645741611,0.01494931518539866,-4.091919661659894,0.0,1,-0.0008769288641180539
410.175,-0.15649090047708114,-0.013515672944755447,-4.54385711291404,0.0,1,-0.009630035960260797
406.225,-0.5003648257804798,-0.11912986608271808,-9.41463851778395,0.0,1,-0.025503132500461656
395.86499,-1.4939388862838427,-0.370901308862027,-19.0723385155178,2.011637588509984,1,-0.0039154763344946275
394.31499,-1.9953976760118621,-0.29078669953001546,-20.249217217021116,1.1736231058986846,1,0.013682005850196077
399.71001,-1.630258931208175,0.024784015091223965,-11.23725818040009,0.0,1,0.014910784946316369
405.67,-0.8151688145389926,0.27995804392013546,-2.9062980421120415,0.0,1,-0.004621983385510342
403.795,-0.49594302165951376,0.1997279455998715,-5.044155339024805,0.0,1,0.009262150348567921
407.53501,0.016665959918498174,0.23744564239262783,-0.012367962824939127,0.0,1,0.016673340530915404
414.32998,0.837829120714332,0.35286960106282056,7.778971833964775,0.0,1,-0.004718413087076101
412.375,1.0156766077193993,0.1769056960226293,5.037969553867072,0.0,1,0.0056744225522886715
414.71499,1.2149598005786402,0.12539629629395677,7.706327911379482,0.0,1,-0.004858734428673572
412.7,1.0454389136266968,-0.01470819688599545,4.6056800706002505,0.0,1,0.037363750908650406
428.12002,2.1585602273485165,0.3661377056119415,18.841333345874546,-4.620800196862888,1,-0.00505708656184789
425.95498,2.3548208652636617,0.18746611450902906,15.63048369042393,0.0,1,-0.005528706343566947
423.6,2.0604677787826517,-0.03562899065732683,12.128299727883565,0.0,1,-0.001026935788479788
423.16499,1.705334753976956,-0.13025400515434082,11.455227473165586,0.0,1,0.003816454664645086
424.77998,1.5202395120759888,-0.10511641568510277,13.104068506468636,0.0,1,-0.0022128867749370285
423.83999,1.222672765119171,-0.13422772088064017,11.405315823482894,0.0,1,0.004128916669708271
425.58999,1.1178333278808168,-0.07968905270633142,13.441128803091573,0.0,1,-0.0025023849832558342
424.525,0.8835116652716124,-0.10467023843851198,11.256257701771219,0.0,1,-0.002591131264354174
423.425,0.601058195194355,-0.1290412361719231,8.927225165943085,0.0,1,0.00890363110350112
427.19502,0.7239116105562289,-0.0020626069366830313,14.121948295840355,0.0,1,0.003124942795447394
428.52998,0.8362590173574631,0.0367615999548504,15.822652571663014,0.0,1,0.008587567198915735
432.21001,1.1294136359783238,0.10997207285857047,20.155774082302244,0.0,1,0.020730685992210063
441.17002,1.9285406422905567,0.30303302639026786,27.77771860073547,-1.006984544177783,1,-0.0051114760699289
438.91499,1.9794732585891097,0.1179885475629403,22.593263637566366,0.0,1,-0.0003075994283083805
438.77998,1.82873262852263,-0.010917360834513223,22.27278888298143,0.0,1,-0.007019417795679828
435.7,1.3443029277791538,-0.16511568719266312,14.999257045855671,0.0,1,0.006105141152168869
438.36001,1.2117303334258622,-0.09922942718198491,18.08175241648172,0.0,1,-0.0018021488775857852
437.57002,0.9786340084637004,-0.1107752507147155,16.15905785882488,0.0,1,0.00010277212319076412
437.61499,0.7842805119439618,-0.10170958241148476,16.219397919314616,0.0,1,0.005495766952589909
440.02002,0.8221662210221439,-0.021274624444434176,19.455696772765435,0.0,1,0.004238420788217789
441.88501,0.928011057142669,0.028190070558696934,21.78474614746895,0.0,1,0.006958823970969252
444.96001,1.1598492204410604,0.08667607795236276,25.243109859764473,0.0,1,-0.008180487949917103
441.32002,0.875781700386824,-0.06579714736729125,14.797008805760285,0.0,1,-0.008112095163958388
437.73999,0.36243029866079723,-0.19304951636443934,6.261272286333465,0.0,1,0.00969758326169834
441.98501,0.42930373957602797,-0.04205869181640287,12.729709738666514,0.0,1,0.0088124481868741
445.87998,0.75154598173566,0.09339451678107635,17.61273898266076,0.0,1,0.0007962456623415992
446.23501,0.8796241043374948,0.0738242131276371,18.036864451519747,0.0,1,-0.00886311004598217
442.27998,0.540775323610319,-0.08834152253317962,8.546868588173886,0.0,1,0.006240413595026251
445.03999,0.5562871562791543,-0.024276563288114783,12.592604815883455,0.0,1,0.006707284889162501
448.025,0.7664366429236793,0.06195764111880342,16.519301507218486,0.0,1,-0.005379186429328775
445.61499,0.6068074993356731,-0.03255716748973425,10.794448300470968,0.0,1,0.0117590074786309
450.85498,0.9130914692636338,0.09124226747940878,17.54278871060866,-0.7300535749095616,1,-0.02503013274911592
439.57002,0.049729165122300856,-0.2573733455539748,-2.161283414598593,0.0,1,-0.0018086310799813043
438.775,-0.4523477507085545,-0.2531500871282767,-3.2293201825360853,0.0,1,-0.001242140049000029
438.22998,-0.7111088960648999,-0.1706370774948741,-4.011395874382394,0.0,1,0.010907583273969568
443.01001,-0.38289456073766814,0.0525257526107859,3.5565085616927945,0.0,1,0.0036003023949728874
444.60498,-0.053965346345933085,0.127151655667507,5.850016113337894,0.0,1,0.012100696667860067
449.98501,0.5633322063787887,0.24814973613074298,12.745218303529562,0.0,1,0.023289620247572307
460.46499,1.6983682988762325,0.4610619428760623,22.156900964700128,-5.5141555611350554,1,-0.03400912195300665
444.80498,0.8193548202186207,-0.13931717859384984,0.8346115611899805,0.0,1,0.006002675599540375
447.475,0.534070179204889,-0.14153393986919383,3.441002468802921,0.0,1,0.01548685401419081
454.40498,0.924420343764325,0.08293874156341408,9.615106913628246,0.0,1,-0.009869962252614384
449.92002,0.668813730730335,-0.057555957156858684,4.425255642782346,0.0,1,0.02920516850972743
463.06001,1.5802751133191464,0.28463514181065097,14.488924931924657,-2.9992622212577658,1,0.011888264762919265
468.56499,2.363064545170289,0.3558081912205977,17.798874441251826,-4.245432676094367,1,0.012132810007849715
474.25,3.0312880489983627,0.34134389834955714,20.91010813528642,-4.820904828638277,1,-0.01164997364259357
468.725,2.652375796829176,-0.012522784606542992,14.210824468388836,0.0,1,-0.023094565043469073
457.9,1.3398050210087717,-0.44169785347564927,3.2573293825039045,0.0,1,0.04480233675474987
478.41499,2.281451714681225,0.1666496133989348,15.610349082057567,-1.068986355198092,1,0.017411724494669434
486.74502,3.25632325196068,0.3805070502261301,19.273881656395417,-3.3701978094478022,1,0.011032408713703923
492.11499,3.9198962496037097,0.34802668262305314,21.452229691940346,-2.3748426314161293,1,0.0003048068094817502
492.26499,3.9375247276248615,0.12188505354806844,21.51490754227379,0.0,1,-0.02791177572875947
478.525,2.4732127393334054,-0.44747564491446257,8.453129120295287,0.0,1,0.009111352593908384
482.88501,1.8982898502432022,-0.3407995113348887,10.966745801517419,0.0,1,0.02726319874787575
496.05,2.549720084844523,0.10354357442214424,17.55284026073133,0.0,1,-0.011410160266102198
490.38999,2.191291028408159,-0.08496182733807345,12.514063900939362,0.0,1,0.015263382517249235
497.875,2.4532197478226294,0.058988964025465496,16.216739841068645,0.0,1,-0.01930205372834548
488.26499,1.578914961877956,-0.27177194063973587,8.038621716797714,0.0,1,0.00021510860321982683
488.37002,1.0189388220824753,-0.2772493601450723,8.10146103727216,0.0,1,0.010647664244418653
493.57002,1.0873725170112039,-0.06960522173878125,11.290411402510692,0.0,1,-0.040632593527459404
473.51499,-0.6402775119420312,-0.5990850835640055,-3.783432952039064,0.0,1,-0.008257415462179951
469.60498,-1.7765802337568175,-0.5784626017929306,-6.121184883178962,0.0,1,-0.004663472691452286
467.41499,-2.3791824085178064,-0.39368825885130665,-7.460297027693905,0.0,1,-0.01100728498245207
462.27002,-2.910965795188474,-0.3084905485073248,-10.5991157288204,0.0,1,-0.001957795143193608
461.36499,-3.0096961722581455,-0.1357403085256652,-11.159256178696715,0.0,1,-0.009807852997254951
456.83999,-3.18533667977141,-0.10379360534630999,-14.002271273648248,0.0,1,0.0016855354541094325
457.61001,-2.943543876880483,0.04599973251487244,-13.12857888446186,0.0,1,-0.019077445443118735
448.87998,-3.304854652361655,-0.10510368098876643,-18.538743196688767,0.0,1,-0.009802174737220337
444.47998,-3.576772152405397,-0.1256737270108359,-20.927629366510924,0.0,1,0.012981507063602793
450.25,-2.9338315563935,0.17242228966702022,-13.862099842358674,0.0,1,0.01264857301499167
455.94502,-1.8932902953548023,0.4043211835685727,-7.572542178050853,0.0,1,0.02304001478072948
466.45,-0.3398304735558213,0.6525936684558513,2.096836535761007,0.0,1,-0.007942930646371527
462.74502,0.15647031013998003,0.38296481738388427,-1.1202327996445192,0.0,1,-0.014241190537285453
456.15498,-0.15758849052377855,0.0229686722400419,-6.436769540470209,0.0,1,0.03197380416629447
470.73999,0.9139319833546438,0.3648297153728214,5.472912148894814,0.0,1,-0.0016145006078620572
469.97998,1.310197055014271,0.2536982623441495,4.803313008996682,0.0,1,-0.00397882905565472
468.11001,1.2433156695929029,0.06227229230759379,3.052606015566596,0.0,1,0.002648928614023882
469.35,1.2095978377494703,0.009518153488053738,4.132188199937971,0.0,1,-0.01640566741237892
461.65,0.4502724353486087,-0.24993574963760268,-3.280451470074695,0.0,1,-0.013982410917361632
455.19502,-0.5048279687974855,-0.401678717927899,-8.565414692573405,0.0,1,-0.005129691445218354
452.86001,-1.1348933401374097,-0.34391469642260775,-10.367384065295745,0.0,1,0.0017113456319537423
453.63501,-1.2907682474625517,-0.16659653458258328,-9.41448436746731,0.0,1,0.0007053467941109393
453.95498,-1.2344775138365662,-0.03676860031886586,-8.987345848701743,0.0,1,-0.016565453252655127
446.43501,-1.730123187537231,-0.17747142467317678,-15.469804802418338,0.0,1,0.00915029043085136
450.52002,-1.4933515920928357,0.01976672359040621,-9.767846772107795,0.0,1,0.01736881748340502
458.34502,-0.5984364950294889,0.3048939402179177,-0.42139916259660026,0.0,1,-0.008170744388146578
454.6,-0.4131942385787397,0.163378732222889,-4.22774755263017,0.0,1,-0.002364716234051989
453.525,-0.37572359047180726,0.06694979344327384,-5.3217596968060406,0.0,1,0.002601797034342157
454.70498,-0.22734630054566196,0.07177569445647303,-3.754789639721807,0.0,1,0.00024193709072650726
454.81499,-0.12504463053716108,0.05802578815499132,-3.597527393088768,0.0,1,-0.00693684260494587
451.66001,-0.32638840965478266,-0.04777266365421007,-7.5544821269978755,0.0,1,-0.0064761102051076325
448.73501,-0.6436112650757195,-0.12166517302504898,-10.981941858807012,0.0,1,-0.004624109895058126
446.66001,-0.9215050873632435,-0.1331863317708577,-13.31678463380247,0.0,1,0.013399475811590955
452.64502,-0.4849090745600506,0.10113656034411178,-3.1280522783991884,0.0,1,0.003302742621580146
454.13999,-0.10162114527844324,0.16147482987523976,-0.8567497189972784,0.0,1,-0.006572885158164565
451.15498,-0.1502595851977162,0.03761212998532226,-5.114032423577768,0.0,1,0.0014297082567946706
451.8,-0.10830550639087733,0.026522069597387038,-3.991044150330602,0.0,1,0.01726427622841964
459.6,0.5716969918784116,0.23550818928889206,7.613319969748979,0.0,1,-0.0011531331592690153
459.07002,0.8198918250231486,0.1612343408112097,6.69339073237505,0.0,1,-0.024146665033800363
447.98501,-0.04808591048976041,-0.23558113156723315,-8.650509894994272,0.0,1,0.007868566852270442
451.51001,-0.18431761903866573,-0.12393761337204617,-3.531421340805423,0.0,1,-0.003344355532671428
450.0,-0.36290783839325513,-0.10084261090887853,-5.384872643587798,0.0,1,-0.0048888888888888316
447.8,-0.6052939615377682,-0.11440957801779722,-8.090889995873866,0.0,1,0.004868200089325647
449.97998,-0.4943808596485155,-0.0011654920428482152,-4.454507224802462,0.0,1,0.0011556514136472629
450.5,-0.35439090373319004,0.046274821290825774,-3.565768851205007,0.0,1,0.00755822419533847
453.90498,0.02888498286893082,0.1431835692976489,2.119497414175072,0.0,1,-0.0005066699202110891
453.675,0.19895084426423182,0.10441647689764999,1.7076359643548713,0.0,1,-0.00015433956025789897
453.60498,0.26156953793986304,0.055678390191093746,1.5697767803075422,0.0,1,-0.013348574788574874
447.55,-0.23350024338401454,-0.14646379704426132,-8.946833470760453,0.0,1,-0.0035191598704055194
445.975,-0.5928267804305847,-0.16859677803027717,-11.23180823645096,0.0,1,-0.005056292393071482
443.72002,-0.9110028172513012,-0.16225760495033126,-14.385246392880802,0.0,1,-0.0037298970643694362
442.06499,-1.1320931008906996,-0.12778262952990982,-16.600719827397235,0.0,1,0.009885469555053428
446.43501,-0.7841288176362013,0.07339388457486284,-6.321786094154405,0.0,1,0.007212628776582797
449.65498,-0.2764717745392318,0.1936836425572775,-0.0035497090475686832,0.0,1,0.001467814278405255
450.31499,0.0553968948875081,0.1751841039946725,1.2421690639588334,0.0,1,-0.004552368998420486
448.26499,0.04588148836029404,0.0552228991558195,-2.8146633498352713,0.0,1,0.009480999174171556
452.51499,0.39146699439993426,0.13360280173181993,5.331505971538995,0.0,1,-0.005845043939870398
449.87002,0.31122333121976453,0.017786379517216733,-0.001201890693018015,0.0,1,0.00028892789966317167
450.0,0.25599788869470785,-0.012479687669279982,0.2605498357450813,0.0,1,-0.0033333333333332993
448.5,0.08205201004096807,-0.06214185544100659,-2.900952127863931,0.0,1,0.00557413600891854
451.0,0.19657473654399382,0.017460290354006397,2.6183326184156215,0.0,1,-0.010177361419068776
446.41001,-0.14504429491648807,-0.10805291370215853,-6.615519840642207,0.0,1,-0.003158553725083335
445.0,-0.4212676194036362,-0.12809207939643558,-9.06731416413841,0.0,1,1.1191011235922588e-05
445.00498,-0.5238586466969082,-0.0768943688965692,-9.054217364122891,0.0,1,-0.002707789921811643
443.8,-0.6319142731188094,-0.06164999843949015,-11.357719941741202,0.0,1,0.0045065344749888325
445.8,-0.46661589690324945,0.03454945925868991,-5.59024445469074,0.0,1,0.010453140421713858
450.46001,0.04325211594652956,0.18147249070282298,5.289937635132382,0.0,1,-0.005760822142680366
447.86499,0.07833011270918178,0.07218349582182508,-0.6824798941042189,0.0,1,-0.012559588549218792
442.23999,-0.379408398301905,-0.12851833839642057,-10.864133605082102,0.0,1,-0.005098996135559752
439.98501,-0.7645752872822982,-0.17122840912560466,-14.159952411860552,0.0700001490350246,1,-0.006647953756424574
437.06001,-1.1371941244989898,-0.18128241544743218,-18.03919350146213,1.4657823692306238,1,0.006326339488254673
439.825,-0.9983215327324046,-0.014136607893615705,-11.093747425615597,0.0,1,0.011993406468481904
445.1,-0.4061084424546948,0.1926921607946981,-0.2256619469463672,0.0,1,-0.009346236800718888
440.93999,-0.42282702711128195,0.058657858712703626,-6.938080998098393,0.0,1,0.012189867378551877
446.31499,0.051965932819655336,0.17781693954788036,2.2973587440335947,0.0,1,-0.014350806366597801
439.91001,-0.24871641494985397,-0.040955136073876325,-6.948370078949118,0.0,1,0.011343206307126152
444.9,0.037501279077844174,0.08175418598460729,0.6101759596995535,0.0,1,0.00023596313778373457
445.00498,0.18623335283524511,0.07682875324733608,0.76293730850103,0.0,1,-0.0009100572312695787
444.6,0.21133161031099235,0.03397567024102777,0.09875479832008693,0.0,1,0.0032950742240216435
446.06499,0.32835227152298785,0.05033211048434111,2.591923144102836,0.0,1,0.029423963534999764
459.18999,1.4532499128354175,0.39174325059892356,18.33868628152638,-5.120550289709797,1,-0.0001959755263828411
459.1,1.8870954074220094,0.27519624839517176,18.166197657991916,-2.4063702012785484,1,0.0211391417991722
468.80498,2.755508537430103,0.38120312613442175,25.558498021717455,-6.824567384357863,1,0.00474610999226166
471.02998,3.1455060576483334,0.2570668821175506,26.923561161641672,-4.29935767463769,1,0.004766193438472843
473.275,3.2654643129534406,0.12567504580755262,28.283332022526395,-2.050256379783093,1,-0.002281929110981906
472.19502,2.9633230811932094,-0.05882206198422635,25.89303510393148,0.0,1,-0.0044262220300417265
470.10498,2.3911388752136418,-0.21033542265459815,21.217153198770575,0.0,1,-0.0018399932712902523
469.23999,1.8337026992894039,-0.2559238661929455,19.25502718335494,0.0,1,-0.0122325251946237
463.5,0.9238435530531888,-0.38859433747638694,7.561804364602921,0.0,1,-0.006472491909385147
460.5,0.14192701718064882,-0.39017029111630896,2.4218110777914887,0.0,1,-0.0003149185667752352
460.35498,-0.2729435021873883,-0.2683469368281154,2.171588582819737,0.0,1,-0.0007711005971956508
460.0,-0.48721513668908756,-0.16087285710993826,1.5029675145493613,0.0,1,0.000836978260869703
460.38501,-0.521665525882554,-0.06510774876780157,2.24058400776066,0.0,1,0.009806987416901336
464.9,-0.11916942665567376,0.11246278348635957,10.140000561828977,0.0,1,-0.012755388255538791
458.97002,-0.40215559148759894,-0.05684112711518852,-1.5536692013293916,0.0,1,-0.015327820322556196
451.93501,-1.096386541279628,-0.25035735896907263,-11.437432202004807,0.0,1,0.012313695281098047
457.5,-0.8883873044023289,-0.014119374030591159,-2.0958266328604935,0.0,1,-0.006295038251366125
454.62002,-0.9503537439301795,-0.02536193785281393,-5.947436007086807,0.0,1,-0.012494016431568444
448.93999,-1.3754766516998984,-0.15016161520751092,-12.546469014012096,0.0,1,-0.006125540297713283
446.18999,-1.7025817179431328,-0.15908889381691504,-15.339546032046286,0.012049645617594251,1,-0.013693740641738783
440.07998,-2.23341994123615,-0.22997570570331094,-20.728472394368154,2.416065190251004,1,-0.00921418874814528
436.025,-2.6506357244463175,-0.2157304963044928,-23.73925458249857,2.23749911934857,1,-0.001410446648701269
435.41001,-2.6896064723475206,-0.08490041473523213,-24.186673915474284,0.0,1,-0.00042490984532017606
435.225,-2.500375473602503,0.0347768613365953,-24.332847878226254,0.0,1,-0.00037909127462820713
435.06001,-2.2111445180964893,0.10800260561420316,-24.476064557814357,0.0,1,-0.001471038443638939
434.42002,-1.9355994971687664,0.12784920884730866,-25.075463622422152,0.0,1,-0.00455787005396302
432.43999,-1.8015295286074888,0.08730639246952876,-26.93727276607212,0.0,1,0.017933193458819607
440.19502,-0.938114583609547,0.31690711248915693,-8.062786266808097,0.0,1,0.0076328896224222564
443.55498,-0.14823422914309958,0.3689291556518681,-1.9299120186189,0.0,1,0.027583976173596314
455.78999,1.2786429671853625,0.5986021173267768,13.618210545444398,0.0,1,0.006176068061521045
458.60498,2.1201104847507963,0.480023211630737,16.204899061070194,0.0,1,0.0029328508382093776
459.95,2.47625336980434,0.27872203222809366,17.434126337849406,0.0,1,0.0001087074682031286
460.0,2.4521370315140416,0.08486856464593195,17.482978967439493,0.0,1,0.007391304347825978
463.4,2.5190674430760396,0.050599658735976494,20.79332732647056,0.0,1,0.0013810746655158468
464.03999,2.3959428619340315,-0.024174974135343863,21.402228621937752,0.0,1,0.0012391173441754777
464.61499,2.1826353328685855,-0.07916083440026345,21.985275294095388,0.0,1,0.007339431730345236
468.025,2.1782627905967615,-0.027844458890695645,25.30313660992985,0.0,1,-5.341595000263322e-05
468.0,1.9924712869111545,-0.07121198752543423,25.2305581079506,0.0,1,0.018290619658119622
476.56001,2.446870427825729,0.12772905112971333,31.876188955918977,0.0,1,-0.0011226498001793983
476.025,2.425579962630877,0.03547952864495363,30.378556264295668,0.0,1,-0.00399138700698487
474.125,2.0544697331475277,-0.11187690027946529,24.96764104361222,0.0,1,0.005810661745320411
476.87998,1.9272904739769388,-0.07968538648335155,27.416908755716136,0.0,1,-0.0005242409211643206
476.62998,1.6822599715602564,-0.10823862963334463,26.660623082853732,0.0,1,-0.020288211832583336
466.96001,0.6137255560552148,-0.3922576817127954,3.9921128773885854,0.0,1,0.0039296941080673164
468.79502,0.18123205196474146,-0.27491706193442295,6.69225722499359,0.0,1,-0.007689992099318754
465.18999,-0.3505365377442331,-0.26889521721446585,0.25419786674149236,0.0,1,0.0038909048752315822
467.0,-0.43637528778668866,-0.11824465575230714,3.2179383099081633,0.0,1,0.004122055674518288
468.925,-0.28251338882569144,0.011872414402896714,6.294906670537948,0.0,1,0.0022924774750758825
470.0,-0.09245632360972422,0.06730982653962131,8.008623286966213,0.0,1,0.005553212765957438
472.61001,0.2277777359657307,0.1291812953716921,12.025514346905254,0.0,1,0.011499989177123027
478.04502,0.8218307877563689,0.24107811572077675,18.90733765025975,0.0,1,0.01267654665663076
484.10498,1.5553680813386563,0.3248718031010214,24.60810836342695,-1.3553483001522295,1,0.003873126857732334
485.97998,1.9487727213515882,0.23942548103798433,26.113720732277727,-1.1341727546970333,1,4.1195112605141304e-05
486.0,1.9847456479120638,0.09179946919948656,26.130511923767273,0.0,1,0.00674893004115229
489.27998,2.110668307199603,0.0725740428290087,28.838485200741232,-0.0740049063235233,1,-0.00597817225221442
486.35498,1.7539906112434096,-0.09470121770906159,20.871647606402732,0.0,1,-0.012521697629167883
480.26499,0.9219867123284189,-0.30890170554135077,7.4429817437527745,0.0,1,-0.00208218383771841
479.26499,0.3458192035101888,-0.2950230714531936,5.523525212579507,0.0,1,-0.015148216855982
472.00498,-0.5760836511914249,-0.40564197538493585,-6.265121227753859,0.0,1,0.0009745871749065049
472.46499,-0.9506939409429265,-0.2600840883788125,-5.436473298784321,0.0,1,-0.026552168447444124
459.92002,-2.104188757406803,-0.4711929682808964,-19.187115709795187,0.0,1,0.0022177116795221163
460.93999,-2.420589602521545,-0.2625312711318797,-17.31081036349761,0.0,1,0.004469150094787766
463.0,-2.2054067248687375,-0.015782797826357164,-13.449406095183477,0.0,1,-0.00226781857451408
461.95,-2.0015313923033204,0.06269751157968662,-14.59953593041979,0.0,1,0.00010823682216698494
462.0,-1.728632776661982,0.11186537574034161,-14.492162317737147,0.0,1,-0.004383116883116878
459.975,-1.6168807374527887,0.07453913831651171,-16.963196226424124,0.0,1,0.00851131039730424
463.88999,-1.1000154897271273,0.19713479534739098,-8.254605777647448,0.0,1,0.02344305812677705
474.76499,0.15633509161295933,0.4844951255624926,8.430873605983948,0.0,1,0.004159952906384268
476.73999,0.9360657913152295,0.42140860842158767,10.70216260437968,0.0,1,-0.01668620247275665
468.78501,0.5850106585568255,0.023451158554394613,-1.224804053693589,0.0,1,0.019891847651015926
478.11001,1.137815537297854,0.19208534576514102,9.213109148088051,0.0,1,0.006044613037907265
481.0,1.5602325152269145,0.2048341078980671,11.887390238455566,0.0,1,0.000706839916839952
481.33999,1.6697541279225447,0.10478524019789903,12.211264256507228,0.0,1,0.002929343144748797
482.75,1.702869590276805,0.04596690085071975,13.63523714510876,0.0,1,-0.0036250647332988217
481.0,1.4316881889308775,-0.07507150016506925,10.491769508284051,0.0,1,0.008097754677754754
484.89502,1.5013751391803112,-0.0017948499718785094,14.792794937539895,0.0,1,-0.006589096336769962
481.7,1.144852352706664,-0.11943921214850861,8.944257031107483,0.0,1,0.0037367656217563994
483.5,1.0211865967443146,-0.08103498937028597,11.139991887939345,0.0,1,-0.010816918304033085
478.27002,0.43842316903442224,-0.2212661390267261,2.137880783616275,0.0,1,0.0015262926160415358
479.0,0.17133785775996557,-0.16278381676706094,3.2063796436151293,0.0,1,0.0018789144050104234
479.9,0.09851704730937172,-0.07853487573921827,4.594973101332812,0.0,1,0.02368199624921874
491.26499,1.0009793881416726,0.2746424883643609,17.94252935396085,0.0,1,-0.005394237435889848
488.61499,1.147962276212695,0.14054179214512774,13.134173218649877,0.0,1,0.0029368931149655886
490.05,1.245374363897156,0.07931795994319613,14.639862654300401,0.0,1,-0.014692378328741929
482.85,0.5902992107479577,-0.1919190644020008,2.6515593391959627,0.0,1,0.0027544371958163616
484.17998,0.3244016999443602,-0.15260552506853275,4.387794219421167,0.0,1,0.022336817808947806
494.99502,1.065672802880556,0.1962218592892211,15.73902639337605,-0.8545087127115494,1,0.003050454931849522
496.50498,1.4733322874419628,0.2012937812835427,17.012545708873674,-0.21239023799910228,1,0.005488363883077385
499.22998,1.7814676724358378,0.16980972209247258,19.300737057026765,-0.3822620604537974,1,-0.005468381526285815
496.5,1.5595813922297452,-0.017358852704540073,14.333327145154698,0.0,1,0.0018730715005035314
497.42998,1.396171469440901,-0.06025625849779481,15.275434934764704,0.0,1,-0.016605271761062634
489.17002,0.5097888855930819,-0.3155462807818714,1.7781515906681662,0.0,1,-0.0034139868179166033
487.5,-0.11505314679692447,-0.3134627710572926,-0.5202469275103994,0.0,1,-0.00017437948717946572
487.41499,-0.4249705674255324,-0.20779339722863355,-0.6441617209748429,0.0,1,0.0042674723647708745
489.49502,-0.3711792304543451,-0.05133402008581539,2.5841554586595663,0.0,1,0.010776411984742884
494.77002,0.1262313739024421,0.1486921947569906,9.804171333100207,0.0,1,-0.018139740964903228
485.79502,-0.3834992717443697,-0.12034615029660711,-3.5632099879788086,0.0,1,-0.0037773339051520027
483.96001,-0.7593238219224645,-0.16539023349156734,-5.807234066468645,0.0,1,0.011436916037752765
489.49502,-0.4227082785179732,0.057075103304307984,1.9713903320835797,0.0,1,-0.014290278172799376
482.5,-0.8020931502725261,-0.10743658948341495,-6.53556877508106,0.0,1,0.002943046632124302
483.92002,-0.8066094902937948,-0.03731764316822783,-4.522544031956414,0.0,1,-0.008606876814065356
479.75498,-1.0887368694465636,-0.10648167410699882,-9.251069846542421,0.0,1,-0.00011460016527597983
479.7,-1.1436541532357865,-0.05379965263207387,-9.313117743172114,0.0,1,-0.00044817594329793486
479.48501,-1.0937241156940445,-0.0012898716967773005,-9.580524600591446,0.0,1,-0.019625243341809595
470.075,-1.7617829206153601,-0.2231162255393644,-19.370598236356486,2.503889501676838,1,-0.04204646067116957
450.31001,-3.596079579691434,-0.6858042948718128,-30.431927807847064,13.149989309110197,1,0.010259532094345492
454.92998,-3.8285571109217926,-0.30609394203405715,-23.534894279213447,3.0598328866232123,1,0.022157321880611258
465.01001,-2.7857469506268444,0.24557207275363035,-10.87927284400402,0.0,1,-0.011451366391016071
459.68501,-2.4759462912604704,0.1851242440400016,-14.468634200327365,0.0,1,0.0012182472515256393
460.24502,-2.06804960397227,0.19767364377606755,-13.78478394466137,0.0,1,0.015763299296535527
467.5,-1.0871821266637767,0.3928470403615203,-5.335594427109143,0.0,1,0.01668449197860955
475.3,0.14385012254575713,0.5412930965236847,2.2243776221592597,0.0,1,-0.006942983378918632
472.0,0.4723787369383672,0.28994057030543163,-0.9272359258741787,0.0,1,0.004163114406779744
473.96499,0.7610273160564702,0.19286304980784497,1.0280530483858215,0.0,1,0.0012342894777945812
474.55,0.8906834959441312,0.10750640989850202,1.642221666674402,0.0,1,-0.006300684859340544
471.56001,0.6321221278926714,-0.05035165271765263,-1.7912248405698392,0.0,1,-0.0022373186394664124
470.50498,0.362245433209182,-0.10674278246704738,-3.0159218078838563,0.0,1,-0.013102921886182783
464.33999,-0.3166292002333648,-0.26187247196986474,-9.668263180830522,0.0,1,-0.008366735761871413
460.45498,-0.953431583601855,-0.29955828511278504,-13.30603698191726,0.0,1,0.006938832543411655
463.65,-0.9261284766525932,-0.09075172605450776,-8.485700112427871,0.0,1,-0.003558718861209953
462.0,-0.9727995501236251,-0.04580759984184657,-10.223603204522355,0.0,1,-0.004826796536796518
459.77002,-1.1009001243488115,-0.05796939135567758,-12.576213936632733,0.0,1,-5.437501122840249e-05
459.74502,-1.0752920677656448,-0.010787111590836895,-12.603765677054696,0.0,1,-0.0038064577621743645
457.99502,-1.118713700493572,-0.018069581439588145,-14.629127500753036,0.0,1,0.0043777331901992955
460.0,-0.880116708483115,0.07350913685695637,-10.460653734543058,0.0,1,0.0006521739130433968
460.3,-0.6624751534375832,0.09705023063416274,-9.819210604980775,0.0,1,-0.002063871388225058
459.35,-0.5776147797950557,0.06063686809223012,-11.265140205608773,0.0,1,0.007946010667247094
463.0,-0.1828833613241727,0.15178942885437108,-3.106738847782296,0.0,1,0.005399568034557323
465.5,0.2380559613549167,0.19090958384448686,1.7800443967405428,0.0,1,-0.00537056928034374
463.0,0.22035429258153272,0.05773597169036762,-3.0229960987520315,0.0,1,0.008650064794816448
467.00498,0.5268889338130407,0.12142353764062525,4.490970162167827,0.0,1,0.019646471435914803
476.17998,1.4008321766110612,0.33178892681288197,16.555142616107574,0.0,1,-0.01363973764709725
469.68501,1.1798202832924858,0.03692567783143552,5.072030270254899,0.0,1,0.008931453869477357
473.87998,1.3205768130254683,0.05922740252147274,10.02205797607565,0.0,1,-0.003545159261634123
472.2,1.1409086768065322,-0.0401469112324877,7.216958007193433,0.0,1,0.002753070732740337
473.5,1.064332218963159,-0.03890778969195363,8.869667103076615,0.0,1,-0.005385427666314668
470.95,0.724849638461194,-0.12613012339797292,4.2981135028332815,0.0,1,0.011784690519163421
476.5,0.957204211671808,0.03540814993754704,11.52373820242174,0.0,1,-0.006295907660020972
473.5,0.7436144806377456,-0.05939386036550509,6.1882682059098855,0.0,1,-0.006546990496304139
470.4,0.31651840840095247,-0.16216331086743274,1.1002258727009107,0.0,1,-0.007217304421768711
467.00498,-0.20632449508417494,-0.22833540478418674,-3.9716499327237997,0.0,1,0.0074839030624469505
470.5,-0.15930057223641825,-0.06043716064547669,1.5310316811748805,0.0,1,0.02017001062699242
479.98999,0.6683189368738454,0.2557274494882623,12.932796782522907,0.0,1,-0.02560467979759329
467.7,0.0022696133561339593,-0.13677395800981637,-2.982400633889185,0.0,1,0.0005345306820612183
467.95,-0.31011084951575185,-0.14971814029390074,-2.6812822269635106,0.0,1,0.00435941874131851
469.98999,-0.2704593434920639,-0.03668887809007093,-0.09969799299656756,0.0,1,0.005340560551087448
472.5,-0.018927811855860455,0.07161421784871085,3.0459350854268976,0.0,1,-0.0038624338624337895
470.675,-0.04366806171645976,0.015624655996037184,0.4851029614685842,0.0,1,-0.02050246985712012
461.025,-0.856565848170419,-0.2657577101526407,-10.670025972594757,0.7404472042533712,1,-0.009175164036657302
456.79502,-1.5441325873831602,-0.3177748164551273,-14.491351075456677,3.219665851615787,1,0.004433060588094895
458.82002,-1.5904882413743167,-0.12137682348209466,-11.32213535703999,0.0,1,0.00584102672764808
461.5,-1.257793714922002,0.0704392343234066,-7.189468456008726,0.0,1,0.004333694474539573
463.5,-0.819963642118978,0.16942310237547686,-4.16276486826127,0.0,1,0.003236245954692629
465.0,-0.4077183022075701,0.19388948076229495,-1.8749025806491844,0.0,1,-0.01935483870967747
456.0,-0.9176191070679351,-0.10533710803269003,-12.449303865269648,0.0,1,-0.02412280701754388
445.0,-2.0127679172424564,-0.4001619727357373,-21.079147433745877,5.093613021764895,1,0.002022471910112289
445.9,-2.3176116625595,-0.23500190601759385,-19.62451118817123,0.738609945163887,1,-0.0008970621215518282
445.5,-2.3102325633380474,-0.07587426893204707,-19.928420084351465,0.0,1,0.010157126823793439
450.025,-1.7369403001158616,0.16580599809671281,-12.116733186184554,0.0,1,0.0021665463029831855
451.0,-1.2242991434951023,0.22614905157249066,-10.498724484923777,0.0,1,0.002660753880266098
452.2,-0.7659536365601411,0.22816485283581733,-8.417822006778415,0.0,1,0.01393188854489158
458.5,0.052048586620685455,0.3487223586722147,1.3445208613185784,0.0,1,0.007579062159214889
461.975,0.7462956493261004,0.34765647379254333,5.864802738848631,0.0,1,0.004383354077601487
464.0,1.1999778765683118,0.2671129003449182,8.369053192885545,0.0,1,0.008620689655172376
468.0,1.660154167142025,0.2424297303062104,12.979352807867187,0.0,1,0.002136752136752129
469.0,1.8352294651670604,0.139168342777082,14.084184425621089,0.0,1,-0.006396588486140775
466.0,1.5198313254156801,-0.05874326565809951,8.285962846720594,0.0,1,0.01159866952789712
471.40498,1.6858946450886947,0.03577335133830495,14.682740681854725,0.0,1,0.0033835450783739063
473.0,1.7613534178344707,0.03707737469469374,16.373531333530593,0.0,1,0.0010570824524311906
473.5,1.6939700193877911,-0.010102007917328626,16.925053979573363,0.0,1,0.04118268215417098
493.0,3.1441141518821496,0.48001404152567684,30.666171381738693,-7.695300547380668,1,0.0
493.0,3.6071767054725115,0.3143588650386797,30.666171381738693,-2.284558816545996,1,-0.0039959837728194
491.02998,3.373941590144966,0.027041249903711595,26.692196763722905,0.0,1,-0.0029122050755434614
489.6,2.8569972333024225,-0.16330103564627718,23.761439522561304,0.0,1,-0.004289215686274606
487.5,2.1854419521059754,-0.2782854389475746,19.431967262485145,0.0,1,0.009230769230769154
492.0,2.0425441488322917,-0.14039441407375275,23.180088480276865,0.0,1,-0.0038617886178861083
490.1,1.6425499014594038,-0.18012955381554696,19.199496615293654,0.0,1,-0.00020403999183848942
490.0,1.297340285984717,-0.17511305643007802,18.980073557146795,0.0,1,-0.011020408163265216
484.6,0.5666237877485969,-0.30194318488873273,7.95414696903967,0.0,1,0.011101898472967386
489.97998,0.6023785563181718,-0.08872947210638593,14.275400436151727,0.0,1,0.008000367688492105
493.9,0.8967260609097707,0.06853934416173768,18.151811975094873,0.0,1,-0.00022273739623401845
493.78999,0.960005141463057,0.04393947490500805,17.92199910830169,0.0,1,0.008525911997527613
498.0,1.262478419951151,0.11547091779770069,21.944720754020764,0.0,1,0.024096385542168752
510.0,2.308508524199226,0.387167007348592,29.919817393075263,-0.6478779666242644,1,0.028431372549019507
524.5,3.847481199306685,0.6420465608186836,35.466523155566605,-8.151096965595116,1,-0.011439466158245981
518.5,3.796344103584829,0.1969698216989424,25.835335956517454,0.0,1,0.018322082931533368
528.0,4.246080213758546,0.21556864395755326,29.833373651354762,-2.8103678276683013,1,-0.007585189393939484
523.99502,3.7833599176988173,-0.0823838840340585,24.091314528232047,0.0,1,-0.004761533802363105
521.5,3.0288014431940837,-0.2789807861795972,20.57748624841318,0.0,1,0.008993269415148442
526.18999,2.7899545856755594,-0.1726092145660405,23.229218435349026,0.0,1,-0.0032117486689550168
524.5,2.2972024414433463,-0.22178711959941788,20.67881517497419,0.0,1,-0.003927569113441387
522.43999,1.6877253325403672,-0.27708807616746567,17.49506375164718,0.0,1,0.013523065108396626
529.50498,1.831092167043721,-0.04457374722137053,22.25718202424997,0.0,1,-0.0012180621983952644
528.86001,1.6964370703751683,-0.05974294796330781,21.19912045329629,0.0,1,0.0031009907517871582
530.5,1.6244055995096005,-0.043924806276291806,22.34328804717886,0.0,1,-0.009151705937794463
525.64502,1.0484410641176964,-0.2066297805560653,13.982472423158413,0.0,1,0.009997203055400306
530.9,1.1110037077452262,-0.04802237897617845,18.3777320130164,0.0,1,-0.010736485213787783
525.2,0.5747013872468187,-0.19477489982486196,9.61063768514039,0.0,1,-0.01694592536176709
516.3,-0.483008221939599,-0.4174948363370933,-1.236364044442503,0.0,1,-0.01394538059267858
509.1,-1.5716123413711784,-0.5020329852562242,-8.09111971642561,0.0,1,0.011785503830288757
515.1,-1.4849467059726749,-0.1384557832859068,-1.4008661117952315,0.0,1,-0.0042710153368279435
512.9,-1.5012016627757703,-0.05157024669633414,-3.5789601133569207,0.0,1,0.004084655878338728
514.99502,-1.209644002612663,0.0799958044889244,-1.153221176229458,0.0,1,-0.01610699070449262
506.7,-1.6543131723133229,-0.12155778840391185,-9.266373200772733,0.7579493366138763,1,-0.000394710874284554
506.5,-1.7554549928042888,-0.07423320296495928,-9.446819778839291,0.0,1,0.0017769002961500746
507.4,-1.5847379869827023,0.03216126761887583,-8.1586303087512,0.0,1,-0.003764308238076497
505.48999,-1.5264854851566838,0.030137923148298107,-10.192693913153931,0.0,1,-0.006310688763589534
502.3,-1.635984610480648,-0.026453734058555334,-13.486675617991118,0.0,1,-0.0015926737009754888
501.5,-1.6210687889358724,-0.0038459708379265933,-14.309614883559036,0.0,1,-0.023928215353938187
489.5,-2.478521812418876,-0.28709966477364324,-24.05532344081371,2.4558475961593444,1,-0.0040858018386108474
487.5,-2.867371506458767,-0.22531645293784486,-25.304123389801404,0.0,1,0.00512820512820511
490.0,-2.6145153946071673,0.009179886304584883,-20.585374790846124,0.0,1,-0.008163265306122436
486.0,-2.603544389130718,0.006716963927011488,-23.53372077516131,0.0,1,0.050617283950617376
510.6,-0.3310968539649366,0.7597214996975978,6.358059698699655,0.0,1,0.016353309831570684
518.95,1.5285516514483675,0.8731233350369674,12.159443710215548,0.0,1,-0.02437614413720013
506.3,1.276829933200986,0.20713387226319524,0.7936765995029376,0.0,1,0.0171834880505628
515.0,1.769566579643822,0.23329017290201048,6.826189172309441,0.0,1,0.0
515.0,1.868471021228288,0.11073153816215875,6.826189172309441,0.0,1,4.8543689320279526e-05
515.025,1.7643006569181239,0.0021870579506648724,6.844958321943054,0.0,1,-4.8541332944962434e-05
515.0,1.563107086686614,-0.0663355040936151,6.817513278341991,0.0,1,0.0
515.0,1.3322513776803362,-0.09906373769996435,6.817513278341991,0.0,1,0.011650485436893288
521.0,1.6058025750371598,0.05816248655228651,12.221811699981068,0.0,1,0.03840692898272535
541.01001,3.2762621257957107,0.5762073457702792,24.190843695677273,-6.90931952805056,1,0.027707417095665265
556.0,5.087635890692127,0.7958603702222318,29.576705727321183,-11.748955203139076,1,0.02517985611510798
570.0,6.736019782249286,0.8147480872597974,33.2121719339506,-13.421480215538509,1,0.008999964912280722
575.12998,7.426375079507125,0.5017011281725452,34.346627192564455,-7.251579280920055,1,-0.0002608106084125428
574.97998,7.140188138177109,0.07183806228084322,34.16185303684789,0.0,1,-0.006921945351905934
571.0,6.070413989330632,-0.33264536218854435,29.056141871764808,0.0,1,-0.018362539404553346
560.51499,4.1559082491298796,-0.7490503674630986,17.134591124153673,0.0,1,0.009785661575259619
566.0,3.3094138582687265,-0.5318482527747506,19.783165466403872,0.0,1,-0.0017667844522968323
565.0,2.527048841315718,-0.4380710899092528,18.662254154923502,0.0,1,-0.020884955752212275
553.2,0.9419455960628511,-0.67439144505404,6.7175011815983865,0.0,1,-0.018257411424439707
543.1,-0.7707681595687745,-0.7957017335618888,-1.3340757741523959,0.0,1,-0.014536954520346201
535.20498,-2.22081269075386,-0.7485820882489915,-6.67582517971978,0.0,1,-0.008239758905083328
530.79502,-3.1282638987836435,-0.5520110987595919,-9.43898649066044,0.0,1,0.0013281586552940094
531.5,-3.2625525112332525,-0.2287665704030668,-8.77316978076427,0.0,1,-0.012229539040451542
525.0,-3.599484108188676,-0.18856605578616348,-13.017188313823489,0.0,1,0.03523809523809529
543.5,-1.926326230983932,0.4948639404728601,2.4594703720808084,0.0,1,-0.022999080036798514
531.0,-1.970886773132861,0.15010113277464354,-5.707232815155841,0.0,1,-0.037288135593220306
511.2,-3.4789264797796022,-0.4526461912906994,-15.2330480794283,0.0,1,-0.03169014084507038
495.0,-5.293035793121362,-0.7555851682108194,-20.91881174576784,4.831620252210428,1,0.0121212121212122
501.0,-5.259004133698738,-0.2405178362627316,-16.446924953443073,0.0,1,0.017984051896207554
510.01001,-4.052903792845939,0.32186083486335626,-10.12148730305104,0.0,1,0.004686162924527615
512.4,-2.9129458063490006,0.4872729404534315,-8.480684311557482,0.0,1,-0.007611241217798548
508.5,-2.42522132923807,0.3249991391881206,-10.438301055277229,0.0,1,-0.022418879056047114
497.1,-2.9292573132461825,-0.05967894827333042,-15.692057044834122,0.0,1,-0.006236169784751611
494.0,-3.195503862479711,-0.1086418325022862,-17.015540947638513,0.0,1,-0.014170040485829927
487.0,-3.6456684818897998,-0.18626881730412492,-19.926290389166535,0.0,1,-0.0020636139630390016
485.99502,-3.6506934181040265,-0.06376458450611722,-20.343763362212737,0.0,1,0.005144085632811546
488.49502,-3.140648101369152,0.14876024407625232,-17.7444700301195,0.0,1,-0.004084012975198781
486.5,-2.7901564345542624,0.16641730363038043,-18.767757365508686,0.0,1,0.002045262076053378
487.49502,-2.2994792316006283,0.21903150219467138,-17.57966152226369,0.0,1,-0.03568245681771265
470.1,-3.312102360823758,-0.26453054234281925,-25.725945569956753,0.0,1,-0.01723037651563497
462.0,-4.217405395366654,-0.38994452562857207,-28.518628254812718,0.0,1,0.0043290043290042934
464.0,-4.151939796357567,-0.10815964220649477,-26.116154901209036,0.0,1,0.06034482758620685
492.0,-1.439878680489926,0.8679671578870489,-1.5705719843199049,0.0,1,0.006300813008130124
495.1,0.2944751008180333,0.8674403130650028,0.3971524166001643,0.0,1,-0.00828115532215723
491.0,0.795445733070494,0.4561369817724879,-2.278653825346332,0.0,1,0.016293279022403295
499.0,1.6463105714408925,0.4356672733809621,3.1179315232507037,0.0,1,0.006012024048096087
502.0,2.184550443006003,0.32463571498202426,5.05123988254342,0.0,1,0.0
502.0,2.271624508538082,0.13723659350470108,5.05123988254342,0.0,1,-0.0005976095617530319
501.7,2.1008594989258995,-0.011176138702493787,4.772389635264439,0.0,1,0.009567470599960215
506.5,2.240405369209327,0.04278991052697778,8.508664484532616,0.0,1,-0.02073050345508387
496.0,1.2484778569169066,-0.3163792005884809,-1.2748315978031926,0.0,1,2.018145161297724e-05
496.01001,0.6493084460276464,-0.3051828704925804,-1.2657512290592052,0.0,1,-0.03225741351469902
480.01001,-1.0377186299192545,-0.6640699821464937,-12.926087164871937,0.0,1,0.041634569245753816
499.99502,-0.12933811539949147,0.08143684412442309,2.7603777032218275,0.0,1,0.005010009899698575
502.5,0.5443786514770181,0.2517178703336443,4.345403185996929,0.0,1,0.0029850746268655914
504.0,0.960872147292207,0.22273712204961116,5.342345946958282,0.0,1,-0.007936507936507908
500.0,0.7557128829254793,0.005859285894294519,1.9792304606835884,0.0,1,-0.015199999999999991
492.4,-0.04317615616838566,-0.2643432510665235,-3.930996103731765,0.0,1,0.004670999187652347
494.7,-0.24735599603457104,-0.1561743636442363,-1.9449498901509514,0.0,1,0.0006064281382656134
495.0,-0.3038329162981199,-0.07088376130259508,-1.669188501014503,0.0,1,0.020404040404040424
505.1,0.5349146999282652,0.2559546183079301,6.8915321179625835,0.0,1,0.009720867155018853
510.01001,1.3188797830474073,0.3466399004756907,10.432603276963206,0.0,1,0.009391952914806323
514.8,2.0001215093530504,0.3426272089271114,13.66761387638833,-0.4589467618626486,1,0.010101010101010166
520.0,2.6073989133930695,0.31663487098904364,16.92906539049018,-1.970986147114445,1,-0.014423076923076872
512.5,2.0687543726303375,-0.07400322325789599,8.511717754195601,0.0,1,-0.013658536585365866
505.5,1.0437025711964907,-0.36635167489724774,1.7608971700571487,0.0,1,-0.0009891196834816984
505.0,0.40253478954650745,-0.335839818849077,1.291234197830505,0.0,1,-0.004950495049504955
502.5,-0.15992700040737873,-0.2994338696009877,-1.1702471427484014,0.0,1,0.004975124378109541
505.0,-0.21949731201704026,-0.1196680604035498,1.420153998890747,0.0,1,0.014653465346534666
512.4,0.38567564151293254,0.16183496437547437,8.353970064160443,0.0,1,-0.014246682279469125
505.1,0.04778914815182134,-0.05868384299521229,0.4597393169611834,0.0,1,0.009701049297168751
510.0,0.283196805791988,0.0589079382149848,5.0000175075361994,0.0,1,0.0372549019607844
529.0,1.9606342341293157,0.5787817888507709,17.738627203569948,-5.227111382934368,1,0.037807183364839236
549.0,4.302633428787203,0.973593661169553,25.76315737962838,-14.644816376973381,1,0.006375227686703067
552.5,5.406746907050547,0.6925690464776322,26.881296359597656,-9.246113830945319,1,-0.002895927601810011
550.9,5.374908070594756,0.2202434033406142,25.120981212924605,-0.955678307201083,1,0.022690143401706386
563.4,5.952746313150556,0.2660272152988048,29.245945571650026,-4.65109642986954,1,-0.010969080582179602
557.22002,5.230604908332566,-0.15203806317306157,22.630759212058962,0.0,1,-0.0021894762503328336
556.0,4.331982130229221,-0.3502202804254688,21.324760570524532,0.0,1,-0.004496402877697814
553.5,3.3133388969918087,-0.45628783788762695,18.519539291612773,0.0,1,0.011743450767841113
560.0,3.069572372290395,-0.23335145419634706,21.731434790470274,0.0,1,0.0
560.0,2.6918914122488786,-0.20367747141262127,21.73143479047026,0.0,1,-0.00017857142857147235
559.9,2.2703933145406836,-0.20839185637360558,21.592698306817056,0.0,1,0.00017860332202190854
560.0,1.8787781561414931,-0.20000233825759883,21.653615002394957,0.0,1,0.025892857142857162
574.5,2.734739063930192,0.2186528565103667,28.9322507604911,0.0,1,0.00034812880765899834
574.7,2.9514912624970293,0.14513501835906784,29.014832538390607,0.0,1,-0.01670436749608495
565.1,2.0139097565723887,-0.2641488291885241,15.352443538359466,0.0,1,0.016634224031144784
574.5,2.1606265238957576,-0.0391440206217184,20.838305650616746,0.0,1,0.003481288076588429
576.5,2.220599363899396,0.006942939793973313,21.890474461573973,0.0,1,-0.024457935819601095
562.4,0.8905358369096348,-0.44104019573192943,6.049240451099777,0.0,1,0.003022759601706948
564.1,0.2929594203388888,-0.3462055374342252,7.309432928017188,0.0,1,-0.007622761921645238
559.8,-0.388575406308064,-0.3425801213603927,3.035623057033085,0.0,1,0.013754912468738834
567.5,-0.05529486910575088,-0.0030998613860265326,9.103721727403027,0.0,1,-0.003171806167400759
565.7,-0.034046694745825334,0.006049437657966339,7.18460040755555,0.0,1,-0.005656708502740027
562.5,-0.2872520496704283,-0.08238530575554553,3.737902086820114,0.0,1,-0.014924480000000129
554.10498,-1.0895020563268645,-0.29487843747066067,-4.292556712892576,0.0,1,-0.01080113013963524
548.12002,-1.8985818882945296,-0.36798608981277514,-9.130452286062116,0.0,1,-0.0004014084360574044
547.9,-2.1632416469204827,-0.21088194947957617,-9.306388077319447,0.0,1,-0.014418689541887186
540.0,-2.773634722323436,-0.2737583416275098,-15.270846157088954,2.2403301727343887,1,-0.040944462962962946
517.88999,-4.690195866497902,-0.7301064952673255,-26.144106334691383,14.54479994439896,1,0.03516192695672693
536.1,-3.7401259497103183,0.07332114050675287,-9.186426447170334,0.0,1,-0.02350307778399552
523.5,-4.003413828840621,-0.06332224620784999,-15.152863777668877,0.030054167057869563,1,-0.019102196752626588
513.5,-4.63477328266913,-0.23156056667878655,-19.132138712626606,2.556436573687506,1,0.012658227848101333
520.0,-4.022555236027529,0.12688582665427184,-13.865046371978288,0.0,1,-0.02019230769230773
509.5,-4.2562332763711765,-0.03559740456312532,-18.21202262633393,0.0,1,-0.014308125613346379
502.21001,-4.625885356845288,-0.13508316167907886,-20.911480235456686,0.0,1,0.013719340241744815
509.1,-3.8510551173453678,0.2132490259402804,-15.105439957509141,0.0,1,-0.005313258691809097
506.39502,-3.3681337378166063,0.2320568018230138,-16.30876614120696,0.0,1,-0.006338944644439848
503.18501,-3.1134960699008616,0.16223148991291936,-17.774080402759203,0.0,1,-0.002355018485149185
502.0,-2.825470063451178,0.15008583212086757,-18.338904118745887,0.0,1,-0.0035856573705179695
500.2,-2.596001221605434,0.1265182246555372,-19.248567955486955,0.0,1,-0.0003998400639744215
500.0,-2.281600032215465,0.14697313801516865,-19.357259951700872,0.0,1,-0.01777998000000003
491.11001,-2.675098601502498,-0.08217514375728818,-23.911448027980654,0.0,1,0.027264746650144556
504.5,-1.5330905026875143,0.3532776516858984,-9.189520989551895,0.0,1,0.025768087215064517
517.5,0.24900442194399375,0.7117908587724688,1.2790874199993496,0.0,1,0.011594202898550732
523.5,1.6193015157643913,0.6940293175309556,5.330620916559681,0.0,1,0.02005730659025784
534.0,3.0445082696942336,0.706412023820266,11.548137340651465,0.0,1,0.02621722846441954
548.0,4.670069290851302,0.7773243483257781,18.121669871047814,-2.3079871246716266,1,0.0021897810218978186
549.2,5.193677360525498,0.4336441393333246,18.63237911100785,-1.247849860381848,1,-0.014976329206118022
540.975,4.3372582819854415,-0.14092497973557716,11.169211658706438,0.0,1,-0.011044872683580564
535.0,3.0496938858833573,-0.47616312527922044,6.233510862120575,0.0,1,-0.001887869158878397
533.98999,2.0676030306754,-0.4860846601623927,5.394004564281104,0.0,1,0.0018914399500260526
535.0,1.4884248505151163,-0.35508761344089224,6.12184240944822,0.0,1,-0.013084112149532756
528.0,0.4914670228920386,-0.45068181368799,-0.14283656680665047,0.0,1,0.006628787878787845
531.5,0.24369919050616318,-0.23281654869128848,2.78517495189773,0.0,1,-0.002822201317027262
530.0,-0.025492991562259704,-0.16733624358657043,1.3571189448338572,0.0,1,0.004905660377358512
532.6,0.05870200003369064,-0.027713750663540038,3.7660999961821062,0.0,1,0.014081862561021508
540.1,0.720907662495506,0.21149730393275845,10.099511580208045,0.0,1,-0.0007406035919274023
539.7,0.9586015218518469,0.14973038776303316,9.615569819084968,0.0,1,0.005002779321845452
542.4,1.2225649913756342,0.1378979524289401,11.915585039201318,0.0,1,-0.008112094395280156
538.0,0.8859996435229505,-0.06622246514124785,6.12745229250379,0.0,1,0.011152416356877248
544.0,1.1438836659697245,0.06388718576850883,11.570688381942986,0.0,1,-0.0027573529411765163
542.5,1.0525020383622632,-0.009164813946317407,9.519429039082425,0.0,1,-0.00829493087557609
538.0,0.5441027213615826,-0.17252137698233272,3.570349345334911,0.0,1,-0.02583643122676571
524.1,-0.913772163918793,-0.5434654207542362,-10.112759909614766,0.0,1,-0.021179164281625695
513.0,-2.491561926232407,-0.7070850610226169,-17.482374972998258,6.19998819993134,1,0.01945415204678347
522.97998,-2.241161646869841,-0.15222826055335048,-6.967539910243211,0.0,1,-0.007418983801253609
519.1,-2.2525297032827893,-0.05453210565543287,-9.681326240358963,0.0,1,-0.004623386630706938
516.7,-2.2705029228824287,-0.02416844175169075,-11.356260873940265,0.0,1,-0.006193148829107931
513.5,-2.3569476224420214,-0.03687104710376099,-13.596677928737073,0.0,1,-0.01071080817916259
508.0,-2.6620910036849637,-0.11400480944890123,-17.225427260686253,0.0,1,-0.0019685039370078705
507.0,-2.6761551106659454,-0.04268963880996113,-17.872404460130383,0.0,1,-0.0039447731755424265
505.0,-2.6268409049343404,0.0022081889738814198,-19.222524600735053,0.0,1,-0.018415841584158432
495.7,-3.1582803933239916,-0.17641043313859006,-24.712916844710747,0.0,1,0.015644502723421327
503.45498,-2.5145617714085233,0.15576939625895925,-14.115738306342855,0.0,1,-0.014807639801278749
496.0,-2.6044039795000344,0.02197572938914938,-18.836990905455654,0.0,1,0.016129032258064502
504.0,-1.7656247519207682,0.28691831898947173,-9.502522430316027,0.0,1,-0.017658730158730096
495.1,-1.940766408804393,0.03725888736861571,-15.316210975529849,0.0,1,0.0022217733791152217
496.2,-1.7749400365125325,0.06769508655349199,-14.053434797142103,0.0,1,0.008555058444175812
500.44502,-1.190363513990576,0.21742386969181626,-9.149955294243462,0.0,1,-0.0022880035852889113
499.3,-0.8942966265636869,0.17116358570623502,-10.066162719872843,0.0,1,0.003004205888243572
500.8,-0.5467384639699162,0.17290724943333524,-8.167205639944441,0.0,1,0.004972024760383276
503.28999,-0.11989867734217796,0.19991567868702453,-4.962308743740806,0.0,1,0.005384589508724336
506.0,0.3293469390835071,0.21638709837090322,-1.5289592528846825,0.0,1,-0.0009091106719367748
505.53999,0.4881900023727326,0.12507672055337626,-2.0933793292241134,0.0,1,0.008594809680634752
509.88501,0.8890140338196488,0.17530025066676425,3.579597477412875,0.0,1,-0.0031379624201935963
508.28501,0.8820082133914298,0.056098143412848356,1.2940957783324691,0.0,1,-0.01545398712427104
500.42998,0.1504187853947201,-0.2251637615279538,-8.388301549764776,0.0,1,0.004086525751314962
502.475,-0.05749249405317869,-0.14435834699195088,-5.365154710533169,0.0,1,0.006637166028160557
505.81001,0.12126040739394739,0.011464851485058394,-0.6163801339674464,0.0,1,-0.00290626909499081
504.33999,0.07803015750135955,-0.010588466135843147,-2.607239734082576,0.0,1,0.0027461831848789586
505.725,0.16533001942991632,0.025570465264237868,-0.4769532955768554,0.0,1,-0.002778150180434036
504.32002,0.07812078210838536,-0.020546257352431027,-2.638633451583509,0.0,1,-0.008437162577840884
500.06499,-0.3265797350613866,-0.14174892484073434,-8.70430433501216,0.0,1,-0.0003699719110510369
499.87998,-0.5171325157245406,-0.11076723516796277,-8.958244044441663,0.0,1,-0.026866409012819448
486.45,-1.6884795297457345,-0.42737141639638554,-22.56529015304839,5.00290347759011,1,-0.04267655463048614
465.68999,-3.863447242610846,-0.8674463764204989,-32.519422081169054,15.090978943452228,1,0.01150982437908965
471.05,-4.182309662159128,-0.39543626532292686,-24.73993005127803,4.624479494279512,1,0.014127969429996723
477.70498,-3.438633400086701,0.11607999891649978,-16.138195270322903,0.0,1,0.018076030942779875
486.33999,-2.0606583190432275,0.4980183599866579,-6.726033953563352,0.0,1,0.009766829990682124
491.08999,-0.8041159186012123,0.5848535868095577,-2.186767519869001,0.0,1,-0.022480584464773967
480.05,-1.0288342251634504,0.1200450934157733,-10.375233217231454,0.0,1,-0.00035417144047500404
479.87998,-1.069625526347636,0.02641793074386256,-10.491014705183247,0.0,1,-0.0009168750903090217
479.43999,-1.0375515497440801,0.019497302449139386,-10.820195851233024,0.0,1,-0.0017520232302691285
478.6,-1.0050510989636336,0.017332584409861962,-11.50062291642147,0.0,1,-0.005714605098203207
475.86499,-1.1329641153264447,-0.03686014398431636,-13.776515878709112,0.0,1,0.006840238446623292
479.12002,-0.8312544472306058,0.08828317470384084,-9.152445832343133,0.0,1,0.006115336194884913
482.05,-0.36696340924680726,0.1841914042292132,-5.152999257902941,0.0,1,0.0010061404418628683
482.53501,-0.06382010615106992,0.1624449024416502,-4.475556820327931,0.0,1,-0.019470131296794424
473.13999,-0.6898484457572636,-0.15452781238818114,-13.994289945240062,0.0,1,-0.0021346959068077043
472.12998,-1.0295427450805619,-0.16474070390382645,-14.871649718440658,0.0,1,-0.0002541037533773105
472.01001,-1.1235921659854853,-0.08626337493625003,-14.98425898645187,0.0,1,0.010815406224117918
477.11499,-0.6515691959392029,0.1285865317033441,-6.431318416260538,0.0,1,0.01856996779749065
485.975,0.37707388874554226,0.38574320546269647,4.992049786312059,0.0,1,0.02158545192653949
496.46499,1.7341384403591178,0.580935919025424,14.457139043211967,-2.2407708497873386,1,0.01291130317164968
502.875,2.8023266794693313,0.5497080527118792,18.89797981513405,-4.7006081965882345,1,-0.03597313447675865
484.78501,1.5953944090686605,-0.2190747392295973,-0.4967470396610665,0.0,1,0.003651041107892272
486.55498,1.0064762397792606,-0.2693309695063324,1.002710943128882,0.0,1,0.00414144358362134
488.57002,0.7960641351529603,-0.15991435804421095,2.7765092743895963,0.0,1,-0.010203266258539512
483.58501,0.20910190491042613,-0.24895886276224838,-2.0000265573733103,0.0,1,0.016832593715012
491.725,0.5765281310465866,0.03948912112463743,5.334323325925929,0.0,1,0.0025217143728710756
492.96499,0.8155297331941256,0.09283024109072546,6.375771399676076,0.0,1,-0.009808019023825665
488.12998,0.46415222316835525,-0.08618242297834833,1.2032973889311478,0.0,1,-0.010581177578971923
482.96499,-0.18063171710855386,-0.24365545441841918,-3.8252231044836478,0.0,1,0.0008592548292165603
483.37998,-0.4533885441546204,-0.17213742715482855,-3.3574203690713986,0.0,1,-0.011305784736885482
477.91499,-1.0074004123314353,-0.24204976511054777,-8.619763010270987,0.0,1,-0.003326930590731192
476.325,-1.3329554787255233,-0.18920161050154527,-10.07587403403489,0.0,1,-0.008345142497244495
472.35,-1.7159033886954376,-0.1907165068238199,-13.630836793925326,0.0,1,-0.00015878056525886475
472.275,-1.7706353946224453,-0.08181617091694249,-13.698601664603075,0.0,1,0.0013128368005927982
472.89502,-1.5987801147007872,0.030013036334905152,-12.626753836418246,0.0,1,0.010065574384775733
477.65498,-0.9829574651815278,0.21527856195138817,-4.765918415363615,0.0,1,-0.01492705048317522
470.525,-1.1872980183234176,0.003646002936499526,-12.582637026669886,0.0,1,0.004250571170500983
472.525,-1.0238601267007539,0.055694631519721094,-9.384263021396052,0.0,1,0.009216401248611117
476.87998,-0.4939045036643961,0.195216751518693,-2.8494988220854367,0.0,1,-0.007349815775449353
473.375,-0.4798496501741738,0.06975720166963839,-7.073649374477313,0.0,1,-0.005038310007921876
470.98999,-0.6315855859145358,-0.027326244690241253,-9.796824571265766,0.0,1,-0.004957663749923791
468.65498,-0.8494055882918587,-0.08171541568918805,-12.392118300079943,0.0,1,-0.0011735712271744303
468.10498,-0.9333651237894856,-0.05522498372893825,-13.016946131173803,0.0,1,0.003621025352048113
469.8,-0.7563127978891657,0.040609114057127194,-9.624774105856623,0.0,1,0.01785864197530862
478.18999,0.09440526488509704,0.2971090589437967,3.994994014426581,0.0,1,0.012484619345545012
484.16001,1.009398857531778,0.40403421719682586,11.032480334581443,0.0,1,0.006588710207602766
487.35,1.6486115823941532,0.3477489806864005,14.276869951648337,0.0,1,-0.02017026777469999
477.52002,1.0116686462924918,-0.09639798513842024,0.01819782561803862,0.0,1,-0.013905259930253822
470.87998,0.055554791050610675,-0.3508372801267671,-7.120931605187259,0.0,1,-0.016702748755638264
463.01499,-1.082547535824574,-0.4963132023339839,-13.9018317675377,0.0,1,-0.009567681599250144
458.58501,-1.930551404610128,-0.44810569037317927,-17.152723163309332,1.5241275549076931,1,-0.004339413536434633
456.59502,-2.3595065552854066,-0.29235361368281954,-18.56567716770356,0.6915317599551827,1,0.027858319611107518
469.31499,-1.3173610843492156,0.24993061908445724,-2.5203394685615805,0.0,1,0.008693585517053126
473.39502,-0.346505758518731,0.40692864830498066,1.5227626818975466,0.0,1,0.002175730534723419
474.425,0.2536290509397645,0.33568781925449215,2.5473999060485326,0.0,1,-0.00013698687885344007
474.36001,0.5271448680906587,0.20306787880179544,2.4696471759287917,0.0,1,-0.001233261631814253
473.775,0.5712232043252357,0.0823820716787908,1.7044617658127237,0.0,1,0.0063321196770618204
476.775,0.7956604387487118,0.10227310203408901,5.409686212308664,0.0,1,0.003418761470295406
478.40498,0.977405686064742,0.09467278311670635,7.3834896734811934,0.0,1,0.03698753303111513
496.1,2.4614128358840617,0.5262266443120087,22.2175533628118,-4.192878513221615,1,-0.032523704898205996
479.96499,1.653714507803386,-0.09382389458955576,3.389232068761906,0.0,1,0.002104340985370712
480.975,1.1962233014460821,-0.18377170031561985,4.219396775177032,0.0,1,-0.008347606424450316
476.96001,0.5332099231469556,-0.2822616928715822,0.2651710494385142,0.0,1,0.0173074887347473
485.21499,0.8451840737351404,0.009904152572200897,7.368002451460434,0.0,1,0.01418960696164806
492.1,1.5044899762179966,0.22307001835168583,12.35079420685009,0.0,1,-0.005781385897175473
489.25498,1.4716837627745463,0.06342126830274508,9.175269206497838,0.0,1,0.014849189680194996
496.52002,1.9380603424882565,0.17659928267215186,14.329801337362454,0.0,1,0.010140497456678554
501.55498,2.4293236038044483,0.2226208479961147,17.490557205066423,0.0,1,-0.003509007128191577
499.79502,2.325848267478875,0.039715170556847035,15.245135954780636,0.0,1,-0.005202132666307979
497.19502,1.8636232436928708,-0.14083661774305245,11.866522103392384,0.0,1,0.006848379133000959
500.6,1.7609571281587932,-0.08116757775904326,14.538576475785433,0.0,1,-0.00035952856572118996
500.42002,1.5478793097118455,-0.0980817987353304,14.274066639658173,0.0,1,-0.009492026318211666
495.67002,0.9165171246790464,-0.24314799458937641,7.37809562839837,0.0,1,-0.0034700908479395887
493.95,0.38112460510603796,-0.25951350472079504,5.0037217664331095,0.0,1,-0.00027332725984408057
493.81499,0.0704171282273478,-0.19007366053316177,4.805924442574259,0.0,1,0.0016099551777477572
494.61001,-0.024553037564260194,-0.09501460877492326,5.84483802601504,0.0,1,-0.0034977658458630323
492.87998,-0.21416120066305666,-0.0948742572912399,2.9043310432959046,0.0,1,0.004463561291331075
495.07998,-0.10778518215715849,0.0038339204048860875,6.1655592274786315,0.0,1,0.00774624334435825
498.91499,0.2739690922755358,0.1285293982791935,11.349464350724958,0.0,1,-0.010512752884013321
493.67002,0.00493463846891018,-0.046835018509144045,2.003791381667284,0.0,1,-0.001407863495539008
492.975,-0.18791214164014036,-0.07989393287273154,0.8629811696796637,0.0,1,0.0008317054617374975
493.38501,-0.2345086865580015,-0.04216349259686422,1.5595138906178505,0.0,1,0.011258915223224975
498.93999,0.22465043152959652,0.13899854183024463,10.078454750596478,0.0,1,0.001713693063568611
499.79502,0.5067616212792245,0.14036991052662423,11.2441127232198,0.0,1,-0.004801968615053442
497.39502,0.40558708104748575,0.013065123431628467,6.132417828789862,0.0,1,0.009841212322551973
502.28999,0.7291150541776688,0.11219769885393716,13.110007506716336,0.0,1,-0.007903741024184008
498.32002,0.4992886195612982,-0.039209578587477756,5.198110563992294,0.0,1,0.004776007193128651
500.7,0.541099683956304,0.0008671619358426863,8.651060916896405,0.0,1,-0.010515258637906921
495.43501,0.07816440915746625,-0.15402270428766504,-0.6902628582706782,0.0,1,0.007599362023285483
499.2,0.1539322376615928,-0.02608495859451282,5.003915233902177,0.0,1,-0.006870953525641044
495.77002,-0.1068432012248195,-0.09562013249364172,-0.6119146554705637,0.0,1,-0.002259152338416892
494.65,-0.321662320565963,-0.10347975061159509,-2.376071672791795,0.0,1,0.004861983220459054
497.05498,-0.20185168685600274,0.005443627699455056,1.7370546735924535,0.0,1,0.004878735949894297
499.47998,0.07695793723695488,0.09475108393080424,5.6399666488445845,0.0,1,0.00360374804211383
501.27998,0.3599495878470407,0.12591424484696337,8.413572836288829,0.0,1,0.005136849869807225
503.85498,0.6860329474981199,0.15066586816601424,12.172963596820509,0.0,1,0.03263839924733891
520.3,2.1623235483655208,0.5423188230111384,26.955476260199035,-9.61059036330289,1,-0.005996578896790172
517.17998,2.46027355310207,0.2800896092492291,21.098333293510066,-2.997005843174634,1,-0.004389129679768233
514.91001,2.215061592711834,0.011625882952997824,16.977406929240004,0.0,1,0.003282107489034791
516.6,2.0486996464574077,-0.05157868776714292,18.48828355343626,0.0,1,0.003987630662021013
518.66001,1.9664612027921748,-0.04460571047745843,20.327028742177163,0.0,1,-0.0009158215224651656
518.18501,1.7218868807267427,-0.09639334418096346,19.29114974261327,0.0,1,-0.010324497808224975
512.83501,1.0102758129668246,-0.26933480398029386,8.506447668083894,0.0,1,0.014575837948349157
520.31001,1.1931972946730411,-0.028804440758025684,16.581303787637708,0.0,1,0.0010666333326934119
520.86499,1.2314732609700059,0.003157175179646421,17.109324064490266,0.0,1,0.00016320928000945756
520.95,1.1550726390375985,-0.024414482250920244,17.197534052998293,0.0,1,0.01730490450139155
529.96499,1.7718654414850334,0.19745944006550498,25.074260215031387,0.0,1,0.019878690477270977
540.5,2.8105238892516127,0.412039295944028,30.998725711868474,-2.9093416697780867,1,-0.0077058094357076445
536.33501,2.7485602890307064,0.1166918985743739,23.34124523017516,0.0,1,0.0036916851652104565
538.31499,2.653530131500929,0.007220580348199057,24.609157360634853,0.0,1,-0.009111728432455335
533.41001,1.9761392084443514,-0.2233901142361261,15.972491617021788,0.0,1,0.04254695182791912
556.10498,3.3640129795455778,0.3881612189550334,28.667730936705453,-5.327742117031107,1,0.0020229993264939683
557.22998,3.8713654501341352,0.2985045631811971,29.097261750501616,-1.4830912664446032,1,0.014868205763085562
565.51499,4.492845397917222,0.3066615036547615,32.05405880800308,-3.5544747635912017,1,0.019327569018108504
576.44502,5.340017421982338,0.38461117590662575,35.13609105811062,-6.515892100318865,1,0.005438437129702267
579.57998,5.579848648849634,0.2081474675913073,35.907403094993626,-2.3821636764829464,1,0.0065996068394220675
583.40498,5.553526874879253,0.06060856454030894,36.83363530446756,0.0,1,-0.004250872181447707
580.925,4.870907081654082,-0.20733707622828756,32.90809004018574,0.0,1,0.0004217756164739406
581.17002,4.144106594903633,-0.31137918765957906,32.99249412854198,0.0,1,0.009721767822779226
586.82002,3.90619746861978,-0.18309610464781034,34.9026859419283,0.0,1,0.0052401075205308345
589.89502,3.7179764497595897,-0.12377237450266687,35.862864354889794,0.0,1,0.021969943058681718
602.85498,4.394031236182855,0.1840941373068663,39.107096574957765,0.0,1,0.005548631281108607
606.2,4.644641026379304,0.14490130916777222,39.77971108113752,0.0,1,0.005287000989772306
609.40498,4.649974169279176,0.05007815068921495,40.41011658906706,0.0,1,0.00910724424995668
614.95498,4.727642893289158,0.04258229156639892,41.42751008870525,0.0,1,0.01681430403246753
625.29502,5.234177014186685,0.18303880415464224,42.97115184745006,0.0,1,-0.010443118513881688
618.76499,4.507093490119928,-0.18134823997070448,32.54165927526489,0.0,1,0.03429415099907307
639.98501,5.5362956039099345,0.28261795793976763,37.574530993549914,0.0,1,0.001585959021134009
641.0,5.674121193812425,0.14014784928075308,37.76202862842065,0.0,1,-0.004547566302652073
638.08501,5.02727472261256,-0.16889954063970425,33.730236632589126,0.0,1,0.026932163788019547
655.27002,5.716996093461603,0.17360727673644583,37.49371881527354,0.0,1,-0.02565356187057055
638.46001,4.184606271097664,-0.4529275152091641,19.916052984910877,0.0,1,-0.010282539073982022
631.89502,2.5226116706575112,-0.7049740385497723,14.30965296848774,0.0,1,-0.027354243114623755
614.61001,0.04097923121594249,-1.0622021593304471,2.090097531758417,0.0,1,-0.009379915566295471
608.84502,-1.683667757772696,-0.928949716106362,-1.336543468875547,0.0,1,0.022271611912010103
622.40498,-1.2756889391193909,-0.17365696581768564,6.19456310269927,0.0,1,-0.027554406778686036
605.25498,-2.3945587848660352,-0.4308422705214434,-3.410192012041172,0.0,1,-0.00459307249318297
602.475,-2.9861121423339227,-0.3407985426631104,-4.801586336896811,0.0,1,-0.018855570770571428
591.11499,-3.9797136425399913,-0.44480001428972615,-10.19858545415778,0.0,1,0.03700633611067783
612.98999,-2.3219549224314733,0.40431956860626395,2.0513180238954334,0.0,1,-0.003393171232698222
610.91001,-1.4729109855078377,0.4177878351766333,0.9558270016466679,0.0,1,0.008069895597225374
615.83999,-0.5148147682538138,0.45862801747688575,3.5314354316871785,0.0,1,0.007802400100714646
620.64502,0.40755373772776693,0.46033217448615554,6.0319972581394765,0.0,1,-0.03831502587421065
596.86499,-1.1468939874254147,-0.3647051835556754,-6.7622607211216845,0.0,1,0.00708708011170156
601.09502,-1.476040851049902,-0.23128401572672086,-4.311184510419061,0.0,1,-0.008867200397035369
595.76499,-1.9617800452746224,-0.23900773665048036,-6.915886199154301,0.0,1,-0.0051949511165467754
592.67002,-2.2990821386141533,-0.19210327666333704,-8.444374765961221,0.0,1,0.016324429570437893
602.34502,-1.469893007066048,0.212361951628256,-2.03267465325915,0.0,1,-0.021607284144226857
589.32998,-2.017394024036548,-0.11171302178074805,-8.790137598892613,0.0,1,0.01936098686172394
600.73999,-1.1721941971853767,0.24449560169014117,-1.6960932023665691,0.0,1,-0.010212421517002856
594.60498,-1.1631622673277207,0.08450917718259898,-4.944176077742526,0.0,1,-0.03301348064726928
574.975,-2.6975477801215675,-0.4832921118704161,-13.63709272414713,2.6102799587484924,1,-0.009504743684508155
569.51001,-3.6953607215083366,-0.4937016844190616,-15.685068079007692,3.985991719940216,1,0.012958472845806535
576.88999,-3.271322132075966,-0.023221031662230107,-10.566788797231311,0.0,1,0.03483336571674611
596.98501,-1.1121076596868988,0.7119978135756124,0.987752125320938,0.0,1,0.00031824919691025855
597.175,0.07600771481497759,0.6333710626924963,1.0857807845830934,0.0,1,0.00634653158621834
600.96499,0.9795639258312576,0.5123090912362588,3.162175745157093,0.0,1,0.015017513749012279
609.98999,2.1017950375201053,0.5448467343083689,7.89161902382132,0.0,1,-0.02489386752067857
594.80498,1.2223435069046218,-0.11153493210237153,-1.3013463696270335,0.0,1,0.03033770833593219
612.85,2.1845074493547827,0.2835430034492632,7.590684618456024,0.0,1,0.0007587337847758668
613.31499,2.5222962998003595,0.2071106179649469,7.800109013454403,0.0,1,0.02022619730849895
625.72002,3.5147518667064332,0.3998553949570067,13.188522919617661,0.0,1,0.016852537337705753
636.26499,4.596831161267346,0.49397822983930695,17.15026753499805,-5.4299286101985444,1,-0.001430237423561631
635.35498,4.678967378442053,0.19203814900467098,16.464383772522368,0.0,1,0.012685837451057669
643.41499,5.001789038826018,0.17161993646287854,19.52746340772042,0.0,1,-0.01278335153490906
635.18999,4.0609674491158785,-0.25640055108242077,13.002642731314609,0.0,1,0.017908027801256665
646.56499,4.200059366834353,-0.03910287778798249,17.665492608844616,0.0,1,-0.02136674613328504
632.75,2.7683512117907867,-0.49027034427718297,7.830107110390152,0.0,1,0.0008060213354403878
633.26001,1.8643020332864353,-0.46477317426051146,8.08004411640416,0.0,1,-0.002542415397428943
631.65,1.1227514412604478,-0.4021079220954997,6.897203152935475,0.0,1,-0.0038470355418348534
629.22002,0.4559151918090265,-0.35631472384897367,5.0181585649942875,0.0,1,-0.021081719554949974
615.95498,-1.0209158655674173,-0.611048593741806,-4.163497035677146,0.0,1,-0.013207069127032622
607.82002,-2.3521684054584284,-0.647433711210939,-8.84361226965661,0.0,1,0.013276907200259647
615.88999,-2.1492831416156832,-0.14818281578939807,-2.8910832556196837,0.0,1,0.02882008197600361
633.63999,-0.3895669145597367,0.5371778037555163,7.5928686283948466,0.0,1,-0.005105438499864889
630.40498,0.2531709418482251,0.3933052200544928,5.370304848890761,0.0,1,0.005472672503316733
633.85498,0.8409422915649429,0.32702552325707024,7.321907847549269,0.0,1,-0.012337159518727603
626.03501,0.4130852754594798,-0.03361049761613094,1.6352473541266903,0.0,1,-0.005534818252416973
622.57002,-0.1240161722148514,-0.1902373150968208,-0.7692669011376765,0.0,1,-0.0034775847381792735
620.40498,-0.5626522150341771,-0.20962445263871554,-2.3110396958627746,0.0,1,-0.007696585543204293
615.62998,-1.1329992185243327,-0.25999048537629044,-5.710062545326814,0.0,1,0.007122801264486833
620.01499,-0.9583386187257474,-0.028443295192568385,-1.9331607883340851,0.0,1,0.020152770822524646
632.51001,0.2501048994007533,0.3933334076446442,7.244254485639203,0.0,1,0.002814153091426963
634.28999,0.9818162501806,0.37501491947483034,8.407643119467387,0.0,1,-0.006274700945540612
630.31001,0.9341889047220775,0.1091291913387693,4.709239794794428,0.0,1,0.005179974850788138
633.575,1.1046086565994528,0.09318298107204814,7.180640746561991,0.0,1,-0.00478235410172434
630.54502,0.8452694778214891,-0.055385399235305166,4.134678221489594,0.0,1,0.0012607664398014418
631.33999,0.7114082652806246,-0.06308220392538988,4.836030341011636,0.0,1,-0.007547423061225578
626.575,0.18811113690355796,-0.19545977743415222,-0.23233251987128511,0.0,1,0.0026493396640465683
628.23501,0.04912081130635215,-0.11148336767711936,1.5027687906725475,0.0,1,-0.02608894719191157
611.84502,-1.390300252434372,-0.5169681438059478,-12.650381961344252,0.0,1,-0.01338580805969447
603.65498,-2.6766557632685135,-0.60110788488003,-17.594670642456776,2.151758798001538,1,0.0025760244701369395
605.21001,-2.9671930384132565,-0.29721505334159115,-15.758225417330578,0.0,1,0.01642403436122941
615.15,-2.0368630894512307,0.2110382985401449,-5.121843502405859,0.0,1,0.004275347476225377
617.77998,-1.1827945241825546,0.3550356212696071,-2.619678103120357,0.0,1,0.0119783745662978
625.17998,-0.040527364533090804,0.49910092697302366,3.919804092778442,0.0,1,-0.008037685403809558
620.15498,0.11523349566948582,0.2182872623918668,-0.7027276467983157,0.0,1,-0.009336359759620105
614.36499,-0.29898803220169157,-0.06531142182643687,-5.578304080982747,0.0,1,0.0019207311927067483
615.54502,-0.38284729345377855,-0.049723561026174645,-4.3608240791093,0.0,1,-0.0012022516240973724
614.80498,-0.45454298295874196,-0.04047308351037937,-5.0469990486099405,0.0,1,0.01619217528133876
624.76001,0.3770735875353921,0.2637144956612516,5.05340492840979,0.0,1,0.021968435527747632
638.48501,1.9052090738211973,0.5972833273156857,14.915118436222613,0.0,1,-0.010477912394528999
631.79502,1.9530102274790124,0.21502816032450034,8.020536592183234,0.0,1,0.0021446512826264197
633.15,1.9270749520179606,0.06303096162114952,9.00049049205466,0.0,1,0.0005369817578773084
633.48999,1.7818502349526852,-0.027397918481375294,9.265597290085736,0.0,1,-0.013907102146949568
624.67998,0.8265828568406732,-0.32755509886446244,-0.03617367344853051,0.0,1,0.0041862074721843445
627.29502,0.49798726304788943,-0.2187168975524154,2.426395611344489,0.0,1,0.004383902170943532
630.04502,0.521357194230859,-0.0651156554564819,5.013412510285541,0.0,1,0.013633930476904643
638.63501,1.2054282269697296,0.2063184590941296,12.155891102406791,0.0,1,0.011962999021929654
646.275,2.083677224424946,0.3615224855164487,17.288355005764316,0.0,1,0.03897720010831307
671.46499,4.44832778778391,0.9087243496251376,28.146260838934694,-14.191244831356926,1,0.010007997587484274
678.18501,5.819960753814712,0.7601191052186467,30.103814061041092,-11.363802950656464,1,0.004018077603926917
680.91001,6.2478638406788605,0.3960073973609317,30.87565502477284,-5.841235114154529,1,0.025862463088184073
698.52002,7.408660897387676,0.5189348180232489,35.042201707087244,-11.229023215012944,1,0.012705433983123404
707.39502,8.111254350959825,0.4071760905317996,36.66861596168101,-7.758817844623195,1,7.77217798337837e-05
707.45,7.791194881832666,0.029038873801546572,36.67858624917018,0.0,1,0.0007774401017739407
708.0,7.027732240449609,-0.24480792252716999,36.78841168079059,0.0,1,0.0024081638418078644
709.70498,6.202438233053954,-0.3567006433076081,37.15321693274896,0.0,1,0.022727795992075528
725.83501,6.6170905432683185,0.01931722230225219,40.043220175641736,0.0,1,0.012633683789929018
735.00498,7.037156653103125,0.14646111071235257,41.28204223585328,0.0,1,-0.006258460997094262
730.40498,6.277426653595285,-0.2044229629318295,35.36229049369443,0.0,1,-0.012267112417552295
721.44502,4.627779432708394,-0.6180233946062401,24.855976926766303,0.0,1,-0.014055180531982847
711.30498,2.5723042028726013,-0.8911662081473444,14.823506141458253,0.0,1,-0.007507314232497064
705.96499,0.8852087377152884,-0.8594205577682192,10.109573889985043,0.0,1,0.002670118244815667
707.85,0.12497777699377366,-0.539883839496578,11.215781320878193,0.0,1,-0.01423324150596883
697.775,-1.1051358514498588,-0.5899991559800701,2.5598996594257812,0.0,1,-0.011264390383719625
689.91499,-2.2830988447175287,-0.5893207164159133,-3.1789470446786154,0.0,1,-0.0021162172458377704
688.45498,-2.803489604291599,-0.36990382532999444,-4.210812924866339,0.0,1,-0.0071391596295810045
683.53999,-3.2396433503876096,-0.2686858571420019,-7.6979408731316,0.0,1,-0.0060347603071474465
679.41499,-3.531499944236657,-0.1868474836636831,-10.502914633141962,0.0,1,0.012790400753448061
688.10498,-2.6589707458081193,0.22856057158828502,-2.373946686539668,0.0,1,-0.008203646484290728
682.46001,-2.471539417776512,0.13866396653996427,-6.584187169831154,0.0,1,0.03063180214764527
703.36499,-0.4297804689459781,0.7268076384568327,8.508512311269236,0.0,1,0.016165177627052385
714.73501,1.5744157112147832,0.9103346062058648,14.268163055350655,0.0,1,0.003071026281474598
716.92998,2.6282266586939613,0.654715184561681,15.30133997772532,0.0,1,-0.01779805609468299
704.17002,1.8727832442090175,-0.03357607664108753,5.024618062169175,0.0,1,0.019171506335927235
717.67002,2.463996266615709,0.18587898192186803,12.046128431368906,0.0,1,-0.024697980277899934
699.94502,1.0771864222678005,-0.4003102874753468,0.5362948328757398,0.0,1,0.0014715155770377297
700.975,0.37984763157157886,-0.3658830260571895,1.1217185643483276,0.0,1,0.006098648311280597
705.25,0.35577426692577774,-0.12998546356766355,3.6515065110376383,0.0,1,-0.00469338532435315
701.93999,0.038255562359040596,-0.14916805604480024,1.3644267322550334,0.0,1,0.00021369348111943687
702.08999,-0.11119175345424992,-0.09953845728603028,1.4685964980301378,0.0,1,0.0004272956519435489
702.38999,-0.1516494319063213,-0.04666537857936723,1.6984948188246562,0.0,1,-0.004819274261012696
699.00498,-0.4413249851401133,-0.11211364393771972,-1.1997255501864572,0.0,1,0.015193053417158708
709.625,0.335615987004644,0.2216091094023459,7.1702133167123705,0.0,1,0.028677118196230422
729.975,2.3919518074932284,0.7593149766303102,18.228520720895972,-2.867848153573618,1,-0.0005205383746019754
729.59502,3.1891254004464145,0.5188295231944986,17.864988972319793,0.0,1,0.012109402830079663
738.42998,4.058198413552532,0.46263417876687196,21.75317762724295,-1.243575431102272,1,0.0017401920761666023
739.71499,4.261635885642818,0.22202388361905268,22.294913746545546,0.0,1,-0.015742509152072093
728.07002,3.037804131217854,-0.33393595693530376,10.59360717874899,0.0,1,0.006620201172409246
732.88999,2.574402076403885,-0.26577933724975766,13.323689287256087,0.0,1,-0.004079725526064282
729.9,1.8790017092965172,-0.32039323478570836,10.437667452398102,0.0,1,-0.003041539936977644
727.67998,1.189716383301402,-0.3365595202602747,8.24760685437662,0.0,1,0.015453249105465305
738.925,1.6830156883620475,0.05224659493345696,15.320297138059786,0.0,1,0.002591589132861838
740.83999,1.9489965335288844,0.10607581336676453,16.397358519768773,0.0,1,-0.00554098058340502
736.73501,1.5774889116515851,-0.08847726950351165,11.824108206119064,0.0,1,-0.014014536922848153
726.41001,0.3998610247419947,-0.42203505213770076,1.8445024100747673,0.0,1,-0.01792378934866279
713.38999,-1.3072763374412943,-0.7097241381069969,-7.718333505134325,0.0,1,-0.01573473157367966
702.16499,-2.987321990412852,-0.7965899303595183,-14.067337254038634,0.0,1,0.0028696816684068427
704.17998,-3.4104854843642443,-0.40658447477030357,-12.20431503092398,0.0,1,-0.027918941972760902
684.52002,-4.9761901076428785,-0.6574296993496462,-21.263394228287524,2.4078006071856635,1,-0.004404604557803893
681.50498,-5.595613243645403,-0.4256176117840571,-22.391007886350444,0.9256359903830571,1,0.018921387779147203
694.4,-4.364438708009516,0.2685189746172769,-11.013718959241046,0.0,1,0.00048244527649776714
694.73501,-3.357230714524121,0.42524232270089035,-10.738163473490232,0.0,1,-0.0034833713072844885
692.31499,-2.7755258249044346,0.3356490707735258,-12.111593626040843,0.0,1,0.02862861600035549
712.13501,-0.6017112280190986,0.8364878892196206,2.8861830198344762,0.0,1,0.005069277523653826
715.74502,0.8361728394251031,0.7581239855546075,5.081230251471339,0.0,1,-0.015543244715834681
704.62002,0.5583504698618071,0.1601005386637705,-2.496968785205823,0.0,1,0.00777721302894574
710.1,0.8295750792583476,0.143775049353437,1.1792650918969656,0.0,1,-0.0003520630897057009
709.85,0.8752227940184412,0.06314092137117688,0.9982384038972469,0.0,1,7.015566668933104e-06
709.85498,0.8255264185635269,0.004481515305420847,1.0020743551488849,0.0,1,-0.004247332321314468
706.83999,0.480635195955756,-0.1134699024341167,-1.549307144722789,0.0,1,-0.005885363107426822
702.67998,-0.0785308483443714,-0.22421198224474806,-5.000441034993422,0.0,1,-0.003692961339242906
700.08501,-0.5678171331323938,-0.2378327556775902,-7.117520513777201,0.0,1,-0.006806301994667807
695.32002,-1.1622246810987917,-0.27741343454799605,-10.873214646606591,0.0,1,-0.009398564419301425
688.78501,-1.9071605649903631,-0.3407831061465225,-15.480232943231222,0.0,1,-0.002293937842811178
687.20498,-2.2523676265203676,-0.22866338922550922,-16.538671178433738,0.0,1,0.005333255879490295
690.87002,-1.9318538550753601,0.030616794073166087,-11.66550904411853,0.0,1,-0.008532748316390837
684.975,-2.1018608147631994,-0.046463388538224404,-16.102318581495616,0.0,1,-0.00024087010474838078
684.81001,-2.02545839337688,0.00997967761603169,-16.22388694906212,0.0,1,-0.0016427914072109084
683.68501,-1.9122189832356753,0.041073029252412185,-17.117336369889998,0.0,1,-0.03969662871502766
656.54502,-3.95791352956212,-0.6682071723580107,-30.759648013993544,12.151573743082736,1,0.00108901899827063
657.26001,-4.591352175261704,-0.43388193935253216,-29.790654701167707,4.511697285033279,1,0.03481880785657432
680.14502,-2.6183746501731093,0.5130318619120211,-5.926246676950001,0.0,1,0.0008747693249300248
680.73999,-1.3641071667809683,0.5890997817680541,-5.447197947138292,0.0,1,-0.0006830654975918948
680.275,-0.6620469945198693,0.4303866513430512,-5.776145490494251,0.0,1,-0.0051744074087684
676.75498,-0.5491813255125635,0.18108410678345233,-8.361979859684439,0.0,1,0.004248214028657715
679.62998,-0.20740004721619698,0.17428846169327294,-5.42115029992555,0.0,1,0.00147138888722953
680.62998,0.06410726253329813,0.14859859048092272,-4.3624847545079035,0.0,1,-0.014964019069509726
670.44502,-0.6542280211364186,-0.18991223106293137,-12.474466075740033,0.0,1,-0.00044003608230247515
670.15,-0.9834616612098444,-0.17304862371211904,-12.687919945675198,0.0,1,0.022830709542639882
685.45,0.20887665718760218,0.3397632315617758,2.78720936744773,0.0,1,0.025793245313297852
703.12998,2.260971094953902,0.7972858897760255,14.150047911450471,0.0,1,0.006549329613281474
707.73501,3.482356555924298,0.6728904502488069,16.48448033730267,-0.1872253500006309,1,-0.00687402761098399
702.87002,3.3974370734158583,0.19599032258012228,11.763505927488296,0.0,1,-0.00954658729077662
696.16001,2.5126900760435547,-0.22958555826406046,5.701995863611451,0.0,1,-0.001824321968738274
694.88999,1.7550907376871692,-0.32906163220681517,4.5755968343798585,0.0,1,0.006763660532798754
699.58999,1.6217001737016972,-0.1541507320640958,8.06271459873632,0.0,1,-0.00847636484907377
693.66001,0.9256982105672478,-0.2833842317328483,2.421182551034498,0.0,1,-0.018921373310824108
680.53501,-0.5931942885473518,-0.6007589102824827,-7.688954708128655,0.0,1,0.03778643217782429
706.25,0.8397081526076136,0.2773811769574943,9.369700738507326,0.0,1,-0.0006867398230088195
705.76499,1.4457661938010915,0.29447973938365735,9.004058937486313,0.0,1,-0.04337139194167172
675.15498,-0.9225194684188409,-0.6912686409454251,-8.79254231953417,0.0,1,-0.012049026136191743
667.02002,-2.707699010494025,-0.8254827276735364,-12.162518593418838,0.0,1,0.01994689754589385
680.325,-2.265898863990401,-0.12789419372330402,-4.1194674359652765,0.0,1,-0.09058902730312723
618.69502,-6.992005552072783,-1.6180002939352294,-22.459480693388752,25.10186856265352,1,-0.029497570547763585
600.44502,-10.293225100107861,-1.6397399473234362,-25.660649082775308,24.82385745420379,1,0.00119076680825847
601.16001,-11.026483615783036,-0.7909994876662036,-25.279750675955142,9.721019294080861,1,-0.07362434171228405
556.9,-14.162573405638682,-1.3090297591739493,-31.637897269481286,28.79903822839185,1,0.07099121924941643
596.43501,-11.25581968342999,0.5325746543449146,-15.035950477151978,0.0,1,0.016095634627484534
606.03501,-8.064457848706525,1.2413121630227941,-11.653201942393231,0.0,1,0.01721849369725348
616.47002,-4.9271546106192545,1.4595384670366887,-8.00909242203538,0.0,1,-0.012571576473418777
608.72002,-3.5937401073573483,0.930984323432865,-9.961969096945658,0.0,1,-0.02170955376167838
595.50498,-3.728807846779887,0.265305528003442,-13.20418720841677,0.0,1,-0.028614353485339583
578.46499,-4.905606895926212,-0.30383117371429424,-17.029392993871625,0.0,1,0.009378268510251697
583.88999,-4.633122512505565,-0.010448930097882503,-14.651866483239353,0.0,1,0.04157461236833315
608.16499,-2.0878701114196474,0.8449344903293454,-4.9596894454627645,0.0,1,0.032778950330567325
628.1,1.0199960984082281,1.3176002333857404,1.6536213088624834,0.0,1,0.0024836968635568724
629.66001,2.6189303617881023,0.9721781655885382,2.154216582976318,0.0,1,-0.02680017744814378
612.78501,1.7939032966623927,0.04905036682094277,-3.6180418311728815,0.0,1,-0.02019468459256213
600.41001,0.20064782271106196,-0.5147350357101294,-7.454811337713991,0.0,1,-0.0279225691123971
583.64502,-2.009783066157297,-0.9083886415261628,-12.165845413511711,0.0,1,0.020851664253041857
595.81499,-1.933352421744985,-0.2773193323712835,-7.068910661754288,0.0,1,0.01894881832362083
607.10498,-0.7931918977267287,0.287613730548991,-2.621738314514751,0.0,1,0.046310013796954985
635.22002,2.1859076890929146,1.0889044391228782,6.711980855662546,0.0,1,-0.03270520346635164
614.44502,1.7620485084116808,0.22168175281388147,-0.49710147473366106,0.0,1,0.015810999656242775
624.16001,2.212864042370029,0.2241657622574098,2.6315227814672326,0.0,1,-0.012240434948724177
616.52002,1.617200639151747,-0.12383254698695745,-0.07146276300925791,0.0,1,-0.007282877853666436
612.02998,0.810432217613311,-0.31020032284179777,-1.6915406172544607,0.0,1,-0.005792150900843174
608.48501,0.044097822042999724,-0.3588449061373697,-3.028569156385757,0.0,1,-0.01461830588069879
599.58999,-1.0839958609125233,-0.49564619636429763,-6.393388024002995,0.0,1,0.005678930697291973
602.99502,-1.273957213980907,-0.2285358498108938,-4.725938772197686,0.0,1,-0.011036625144930756
596.33999,-1.8173606226832817,-0.2573130861710895,-7.457636359729811,0.0,1,-0.0013247308804495983
595.55,-2.003448108477528,-0.14780019065511185,-7.793521929347506,0.0,1,-0.0004029720426494965
595.31001,-1.9495370090014603,-0.03129636372634814,-7.905703632016191,0.0,1,0.002486066041456292
596.78999,-1.6367883751801173,0.09381742336499821,-6.869974625311926,0.0,1,0.009651653171997676
602.55,-0.8640141936709824,0.2888638682913778,-2.7870001970488474,0.0,1,0.00881256327275759
607.86001,0.036874913222732175,0.3965843250616975,0.8290295715410494,0.0,1,-0.0012421116500163087
607.10498,0.4213273905677397,0.260345600802235,0.28481739879801893,0.0,1,-0.00041999326047359453
606.85,0.5571946800263277,0.13207096342027436,0.08360653393639694,0.0,1,-0.01283676361539099
599.06001,-0.07047039857991422,-0.16519803839532254,-5.905806069866301,0.0,1,0.01165155390692818
606.03999,0.20323459533187815,0.03616898517215661,0.04214257373008934,0.0,1,-0.004372648742205887
603.38999,0.10231754267681481,-0.02158268916096892,-2.107314008940051,0.0,1,0.03770364171934637
626.13999,1.9391658877927966,0.6050885519850044,13.037084232878158,0.0,1,-0.011011866531636216
619.24502,2.1214120697014778,0.26244491129789527,7.417477622499355,0.0,1,-0.006427229725642247
615.26499,1.704081654847414,-0.05162850118538942,4.312076804537092,0.0,1,0.029020064996709616
633.12002,2.8413288095163125,0.36187288449450294,14.013666140133296,-4.915511211600688,1,0.004138188522296415
635.73999,3.3915058193911136,0.30401663145643454,15.217845488719249,-3.2886633236449825,1,-0.004899786153141017
632.625,3.124386339379271,0.012299050481530571,12.456936581062628,0.0,1,0.0038569294605808047
635.06499,2.933793571091769,-0.0594312392686569,13.791043154092428,0.0,1,0.07679532137332923
683.83501,6.6581827226904124,1.221652637443329,29.762408000243298,-25.88144453633072,1,-0.05151096314884496
648.61001,5.030112071598751,-0.13547267121611117,8.909489874542153,0.0,1,0.009635990662555383
654.86001,4.317734073419729,-0.28261688979837807,10.923540114009299,0.0,1,-0.024463274219477915
638.83999,2.2667322348786456,-0.7778729094464873,3.4607030525275704,0.0,1,-0.011121689485969699
631.73501,0.4602552960348021,-0.8614499494301104,0.4173248677023267,0.0,1,-0.013146382373204202
623.42998,-1.1734236147233332,-0.8317096200627487,-3.05370549524919,0.0,1,0.013305455730569848
631.725,-1.2012261022088069,-0.2865040358494074,0.7120578418419399,0.0,1,-0.007669508092920108
626.87998,-1.5187768374341886,-0.201351590358263,-1.521130793140827,0.0,1,-0.021279974517610323
613.53999,-2.662653301927321,-0.4484093516171317,-7.27679466939459,0.0,1,0.004775613729758765
616.47002,-2.7685345923466684,-0.18476354734549316,-5.66395550646773,0.0,1,-0.010706116738653404
609.87002,-3.1407640215273886,-0.1856643255087378,-8.582872145585021,0.0,1,0.008559151669727871
615.08999,-2.6301509009904294,0.10831626500940716,-5.378886726845423,0.0,1,-0.009779040624608326
609.075,-2.6569142656394433,0.027184300120131066,-8.29894366829518,0.0,1,-0.008989040758527356
603.6,-2.9051364258273225,-0.0736792866892495,-10.887587093629392,0.0,1,0.021106676607024477
616.33999,-1.725486970435668,0.36865672290080154,-2.466808016987393,0.0,1,-0.01609496407980915
606.42002,-1.8185358285368238,0.09186928826654861,-7.546483221465657,0.0,1,-0.0011873288747953348
605.7,-1.7735172718760168,0.045629281642451947,-7.909241563375353,0.0,1,0.007866914314016649
610.46499,-1.2061323875559538,0.20433805532083826,-4.485806876628665,0.0,1,-0.022810480908987074
596.53999,-1.9823455797662746,-0.19062504562982752,-11.815587597734591,0.0,1,0.006403627693090552
600.36001,-1.8869217108908742,-0.031733725584809136,-8.923187990907508,0.0,1,-0.012259327532491704
593.0,-2.2953004672123143,-0.14670416063541625,-12.663158098687113,0.0,1,0.017782495784148367
603.54502,-1.4294631397719968,0.23971105560163375,-4.73036321686606,0.0,1,-0.006602672324261705
599.56001,-1.2095067144041423,0.1532224936564961,-7.0152658074265375,0.0,1,0.0009590366108638282
600.13501,-0.9508196088531804,0.1373031997358194,-6.557600935933934,0.0,1,-0.016521265773179916
590.22002,-1.5684902553399525,-0.16012248225031755,-12.348206926285457,0.0,1,0.014299735207220055
598.66001,-1.043285557305012,0.12169407192820758,-5.367887305447816,0.0,1,0.00309023480622983
600.51001,-0.5395760785121411,0.20846785024035952,-3.8982397071161046,0.0,1,-0.0006411383550458671
600.125,-0.274840832572977,0.15773436539317454,-4.1794771042487255,0.0,1,0.00920641533013944
605.65,0.3408468597776846,0.25780735258127874,0.6233297766633612,0.0,1,-0.0052010236935523535
602.5,0.357786800971553,0.09158243125838239,-2.0683210387902946,0.0,1,0.01184234024896269
609.63501,0.9310253714874079,0.22160700059141247,4.07694021321533,0.0,1,0.023021988189293907
623.67002,2.3096433757881414,0.5334083349640488,13.493850544450034,-4.516688391441676,1,-0.0096045020730674
617.67998,2.307312096622809,0.17702568526623885,7.866791077972714,0.0,1,-0.004589690603215013
614.84502,1.8776237823216206,-0.08422087634498321,5.2900457781295245,0.0,1,0.011604485305906742
621.97998,2.100890976644223,0.04634877265920645,10.240906049088885,0.0,1,-0.0012460208124382977
621.20498,1.972866992418517,-0.027225070522166384,9.446449741818753,0.0,1,0.0011670865871036273
621.92998,1.8048660842707704,-0.06507532622330436,9.994838252618301,0.0,1,-0.006383307008290484
617.96001,1.239629289840991,-0.21010404021769458,5.434022096752663,0.0,1,0.030430739361273496
636.76499,2.4207901184727234,0.3236855961380125,18.169500735301412,-3.2606662486008418,1,0.008613868673904346
642.25,3.266722189582538,0.3898725557492755,20.867555708110146,-2.887890614562025,1,0.008734931880108876
647.86001,3.8849622093388234,0.33603752516852037,23.427247029602427,-2.6685166402854748,1,0.0025699842161888142
649.525,4.009084535105444,0.15338661697838019,24.175499377275884,0.0,1,-0.024279311804780268
633.75498,2.4228869867299636,-0.4776036437990334,7.2191894926859845,0.0,1,0.004717974760529486
636.74502,1.677050963648071,-0.40781322229364214,9.184789527398742,0.0,1,0.00771103007605789
641.65498,1.5735420384697818,-0.17044071582397713,12.341720350474276,0.0,1,-0.025005603478679528
625.61001,0.05357823934150474,-0.5634681716507515,-1.3275339178377337,0.0,1,-0.016647735543745545
615.19502,-1.578784346834368,-0.731943585942208,-7.973613377864034,0.0,1,0.009541640958016906
621.06499,-1.7742361110194906,-0.30913178337577696,-3.406800140502611,0.0,1,-0.0006681909408546849
620.65,-1.7586914838603889,-0.09786238540555847,-3.693340351242341,0.0,1,0.058470941754612094
656.93999,1.4198042867074037,1.026877795054078,16.390066874571602,-1.4014757870428411,1,-0.011629661942181402
649.3,2.254069314765843,0.6203809410375059,11.048650066629776,0.0,1,0.006699522562759963
653.65,2.8458627192311496,0.40405811516760437,12.935202795774948,0.0,1,-0.011198684311175655
646.32998,2.2946025281945595,-0.04906735862299527,7.709174046737509,0.0,1,-0.02083299617325496
632.86499,0.7056730553266561,-0.5459989438302997,-0.6640532954531295,0.0,1,-0.0019514588727683746
631.62998,-0.25051526905110677,-0.5007290894026876,-1.3829370550706273,0.0,1,0.00604787632151349
635.45,-0.3893981588190627,-0.2132039930568812,1.067509204325198,0.0,1,-0.0026910221103155774
633.73999,-0.5688905904680723,-0.13089880823529698,-0.11575084396429958,0.0,1,-0.007400495588103961
629.05,-1.002061757086949,-0.1880233249513913,-3.405769964731121,0.0,1,-0.01853590334631583
617.38999,-2.1068096939725365,-0.4309237539456596,-10.586442410735579,0.0,1,0.016545441561175878
627.60498,-1.6323670212508432,0.014506306258677881,-2.6832580144898017,0.0,1,-0.009289250700337037
621.775,-1.7449467664524718,-0.03269114631431691,-6.298286612094657,0.0,1,0.005371701982228361
625.11499,-1.3774919085154806,0.11158790387422468,-3.6873033578165035,0.0,1,-0.01367748356186449
616.56499,-1.7914734871708333,-0.10079789159370933,-9.08457651236111,0.0,1,0.0005352720400164657
616.89502,-1.8216723192341533,-0.0436655745523431,-8.790724993463392,0.0,1,-0.009329026517348127
611.13999,-2.1645515419963886,-0.1288482657715262,-12.412708800976233,0.0,1,-0.006397895840525969
607.22998,-2.481446024877755,-0.14858091621763103,-14.751441855863412,0.0,1,0.016879930730692827
617.47998,-1.578939430911987,0.2513085592493789,-4.81671135942117,0.0,1,-0.02276990421616576
603.42002,-2.167771181353146,-0.11250773039725992,-13.380033785461706,0.0,1,-0.007913227671829559
598.64502,-2.6794561247942283,-0.20806422461278062,-15.824195761395657,0.0,1,0.01639534226811068
608.46001,-1.894094752781939,0.19243238246650307,-7.117467965275239,0.0,1,-0.0003780527827951241
608.22998,-1.3627420040439802,0.24126171040148736,-7.264668230957646,0.0,1,0.032528830624232175
628.01499,0.6652470373286405,0.756416917258036,6.880574990161158,0.0,1,-0.013359537803389054
619.625,0.9246384715709155,0.338602783833437,0.9505661081120707,0.0,1,-0.008819834577365238
614.16001,0.5218651493945572,-0.021390179447640434,-2.624090628558065,0.0,1,-0.013880747461887166
605.63501,-0.43342694080990896,-0.3255607565507022,-7.760573561013885,0.0,1,-0.005415852693192225
602.35498,-1.1482899075112982,-0.34680790775069725,-9.631644554393112,0.0,1,-0.012376389749446326
594.9,-2.031278898569326,-0.4099322996029082,-13.693149513404492,0.0,1,-0.01516224575558911
585.87998,-3.0551684858843373,-0.47794062897264,-18.01886816124553,3.4499619080024786,1,0.003473424710637829
587.91499,-3.1429317390515052,-0.1885679607132693,-16.046288076196902,0.0,1,-0.0018794894139371188
586.81001,-3.0169840540473842,-0.020873425236382914,-16.630143002701892,0.0,1,-0.005487329706594601
583.58999,-2.970929873708087,0.008393585034304873,-18.39010152510967,0.0,1,0.003624102599840695
585.70498,-2.524076127396029,0.15174911044878758,-15.8552881993459,0.0,1,0.006240394268117733
589.36001,-1.7857237436236346,0.2967004980737271,-11.479811470272452,0.0,1,-0.011580358158335025
582.53501,-1.8364872397688714,0.08197900064283004,-16.146487572631102,0.0,1,-0.011269691756380595
575.97002,-2.2559108845273386,-0.11248154803854593,-20.027389980749955,0.0,1,0.0019010885323509363
577.06499,-2.18638263319599,-0.01431776556906561,-18.570614344753867,0.0,1,0.023844818587937633
590.825,-0.822752454763986,0.44977080428764626,-3.1362251414612246,0.0,1,-0.004823763381712087
587.975,-0.30987466098429195,0.32088286602244676,-5.444241332095515,0.0,1,-0.006998579871593247
583.86001,-0.37052870901243296,0.08674293933143529,-8.706822331564084,0.0,1,-0.0017470283672965659
582.83999,-0.4549800072754806,0.0007638803561292318,-9.523144553682897,0.0,1,0.009428007848260478
588.33501,-0.001372322467432241,0.15145718838805922,-3.224942411474167,0.0,1,-0.035753456181368604
567.3,-1.5273716198577176,-0.4581807030007421,-17.742472640260466,0.0,1,0.00023798695575538709
567.43501,-2.151839466898082,-0.36088285001370224,-17.5928628705774,0.0,1,0.009807272906900755
573.0,-1.8210042681766936,-0.010015883764104672,-11.38402637632467,0.0,1,0.008376963350785305
577.8,-1.1038363131347069,0.23571735709262742,-6.417449413522306,0.0,1,-0.0003634648667358853
577.58999,-0.6707668095190229,0.2229289535694372,-6.588201415958572,0.0,1,0.004977579337896776
580.46499,-0.1587514902513476,0.24498142427903752,-3.4055095773026025,0.0,1,0.005952176375012774
583.92002,0.39840462690347067,0.26737918047795195,0.32507894434490225,0.0,1,0.00011129948926913436
583.98501,0.6491981332388832,0.17272422893778816,0.3974970371138937,0.0,1,-0.00202917879690101
582.8,0.6217442086367555,0.04842343477855349,-1.048310717264279,0.0,1,-0.007352453671928494
578.51499,0.19912106228252924,-0.12473323719189094,-6.10748210029827,0.0,1,-0.01993899933344867
566.97998,-0.9900347660848183,-0.43796302185307956,-16.471888364755074,0.0,1,-0.0013051430845933965
566.23999,-1.5637756164280745,-0.33723462406544513,-17.02687108316391,0.0,1,0.010084081133160616
571.95,-1.2444972402306576,-0.005985415956009321,-8.69672286137041,0.0,1,-0.01408336393041354
563.89502,-1.6523982821126992,-0.13796215261268374,-15.430801469003313,0.0,1,-0.0011350339643007024
563.25498,-1.7719856128777565,-0.08584982779258032,-15.92134355689425,0.0,1,-0.028992162661393817
546.925,-3.0449454771870705,-0.45293656403396465,-25.69759311274132,6.886330464046978,1,-0.005375490240892233
543.98501,-3.6726791195760597,-0.36022340214098447,-27.01652738500714,4.471162982906321,1,0.011268656097711327
550.11499,-3.1696576808059262,0.047599345543049676,-18.41464256789811,0.0,1,0.02090472030220436
561.61499,-1.6956754880203562,0.5071938461095398,-5.49477508797564,0.0,1,-0.003285115306484232
559.77002,-0.9711256009592262,0.41058124439022325,-6.944180296073647,0.0,1,-0.02888689894467733
543.6,-1.8754251906819945,-0.1645727817775151,-17.311247307353945,0.0,1,-0.001324540103016858
542.87998,-2.231291219653258,-0.17347960358292625,-17.696078952706664,0.0,1,0.010462773005554649
548.56001,-1.7499474658344525,0.10262138341195981,-11.363956013891482,0.0,1,-0.010162971959986722
542.98501,-1.828029966772192,0.008179627491406771,-14.940348331480664,0.0,1,0.0032689668541678873
544.76001,-1.5668187200100192,0.08979695808452659,-12.88121530448052,0.0,1,0.002524047240545446
546.13501,-1.1910615366281263,0.15518471382213983,-11.210668138373734,0.0,1,0.004824832599543694
548.77002,-0.6843436502181248,0.22063420007738044,-7.933457731366808,0.0,1,-0.0034167318396876034
546.89502,-0.530206069494966,0.12492392693351306,-9.64184001037021,0.0,1,0.0034832644846536365
548.8,-0.25020510667548024,0.1349749632509996,-7.027401316040439,0.0,1,-0.007115488338192311
544.89502,-0.4147691997094398,-0.009863043260986637,-10.92838942795212,0.0,1,0.0015415629968502653
545.73501,-0.39248797958396153,0.004139392288163901,-9.6345110234545,0.0,1,-0.00897871661193217
540.83501,-0.756973371222557,-0.12011533311681055,-14.518307415335464,0.0,1,0.01422794356452628
548.52998,-0.23488745277325052,0.133990195110832,-3.2718989787908868,0.0,1,-0.011631050685689148
542.15,-0.48593553915088705,-0.03901929708893487,-9.737405066123337,0.0,1,-0.0015678317808724973
541.3,-0.6417982874105519,-0.06496068178286662,-10.54552853923019,0.0,1,0.0011546277480141143
541.925,-0.6141631375893439,-0.012441843987219592,-9.568712558799156,0.0,1,-0.022447737233011966
529.76001,-1.5629144678796365,-0.3203977247591707,-20.026813451945763,2.855699968954468,1,-0.015205054832281517
521.70498,-2.5782997607014977,-0.4452610058603441,-24.81888329371356,5.80570413762257,1,-0.03086035329775838
505.60498,-4.2128007603872675,-0.6932540018487048,-31.417025345569325,13.435786741169807,1,0.0003362704220200019
505.775,-4.664816196864649,-0.3817564794420285,-31.16747376143242,7.015273903368893,1,-0.001571884731352835
504.97998,-4.5683408986978975,-0.09509372709175867,-31.462681370866278,1.9043380663446783,1,0.004534912453360906
507.27002,-3.948571508056375,0.17489188784992127,-27.570969400922497,0.0,1,0.021714253880014578
518.28501,-2.3917233537308675,0.5772466807251431,-11.793906118414995,0.0,1,0.005180566576679313
520.97002,-1.1902381637572716,0.5929106235662465,-8.567613409188894,0.0,1,0.013369272189597492
527.93501,0.09010677820936053,0.6244185218442929,-0.9069362750672738,0.0,1,-0.016498261784154145
519.225,-0.003063815658151725,0.1770826426589269,-8.457184142843374,0.0,1,0.0013770330781452955
519.93999,0.010188705379619023,0.06344505456556589,-7.648520267924219,0.0,1,-0.010866638667281547
514.28999,-0.45486742621653775,-0.13387035901019695,-12.235434444544616,0.0,1,-0.006163779310579209
511.12002,-0.9136540398297939,-0.19755232420781776,-14.623937045041707,0.0,1,-0.020190991540499637
500.8,-1.9269111766506626,-0.4036031536762288,-21.210492323509882,0.0,1,0.008835862619808399
505.225,-1.9042138136735502,-0.1269685968997054,-15.408547741869853,0.0,1,0.005136364985897313
507.82002,-1.5179289810454861,0.08643874524278616,-12.11105809608474,0.0,1,0.027480169056745662
521.775,-0.0353774829776512,0.5229967477702071,2.2673416969041824,0.0,1,0.012936610608020649
528.525,1.2713463896376425,0.6099068734618337,7.548905864161284,0.0,1,0.006726228655219657
532.07998,2.115011126808895,0.48452387021102883,10.130447755342885,0.0,1,-0.020861525366919542
520.97998,1.4355925681603594,-0.06496489614583556,-0.3454777970809033,0.0,1,-0.0061422705724698545
517.77998,0.7095839081561053,-0.2636578520500299,-2.9700411159908313,0.0,1,-0.0028293677944057904
516.31499,0.16536508580770715,-0.26929222479947607,-4.201422017873838,0.0,1,-0.011630458375806563
510.31001,-0.6209397491837763,-0.3518656865969866,-9.080949394383566,0.0,1,-0.009670611791448014
505.375,-1.3735980209141871,-0.3681746527757992,-12.708927074283167,0.0,1,-0.008310660400692504
501.175,-1.9854606550366043,-0.3266790956327388,-15.593602802279243,0.0,1,0.01698011672569444
509.68501,-1.416769417511432,0.08067071396414449,-5.864623714851362,0.0,1,0.0175402254816166
518.625,-0.2693605139562578,0.40935987250643957,2.3798185858847063,0.0,1,0.008734596288262342
523.15498,0.7042889806510857,0.46100312237126106,6.0329746904428845,0.0,1,0.005505118196523773
526.03501,1.3724254795671413,0.37637987376243887,8.293153289833008,0.0,1,-0.0013687682118346256
525.31499,1.5321232723945286,0.17869255552994212,7.47246071150969,0.0,1,0.019102843419716686
535.35,2.3205460627754064,0.3223717819702734,15.084657460078631,0.0,1,-0.0032875875595406168
533.58999,2.3747111194012405,0.1255122795320358,12.890930429746106,0.0,1,0.026968253283762067
547.97998,3.4030668877639982,0.3846226826315977,21.590080353802236,-3.3809863341334676,1,0.05064971534179041
575.73501,5.94657503129838,0.9760436087219935,31.090102598865442,-18.364701507419568,1,-0.020695267428673447
563.82002,5.729865350457317,0.25311130929364367,19.9353300925233,-0.11556328994549858,1,0.008043275937594352
568.35498,5.521935064165291,0.01506034100053899,21.588164799404026,0.0,1,0.009747499705202056
573.89502,5.419478665672273,-0.02913201916415975,23.561102007229906,0.0,1,-0.00257892114136149
572.41499,4.793291410953088,-0.21843975796111437,22.075452166622966,0.0,1,0.02872040440450374
588.85498,5.450755999347393,0.14634161014439684,27.64717159912925,0.0,1,0.014791434726424413
597.56499,6.051092793598855,0.2488928014652858,29.996693386551954,0.0,1,-0.01755455921204474
587.075,4.972837624591307,-0.2764541225140871,20.132128705268244,0.0,1,0.0471915513350083
614.77998,6.32805523803836,0.3595878303109883,28.068399424150726,0.0,1,-0.005091219788907364
611.65,6.217494441591953,0.08300901128819405,25.54852216017764,0.0,1,0.002959225047004077
613.46001,5.794923673236212,-0.11318725235584903,26.04533310073103,0.0,1,-0.016072783619587527
603.6,4.279060482955288,-0.5430168142122582,17.717349502917187,0.0,1,-0.011456245858184166
596.68501,2.5882913475685427,-0.744595316533001,12.392906263113368,0.0,1,0.00048600181861435665
596.975,1.5513816675777434,-0.5938349988412668,12.5301854663986,0.0,1,-0.014757753674777052
588.16499,0.16947752195085286,-0.6585797148227192,5.670404845347754,0.0,1,-0.008671036336249882
583.06499,-0.9605976776917942,-0.5962183048217887,2.001095962260578,0.0,1,0.009467246524268225
588.58501,-0.9855838043721405,-0.20706814383404504,5.526351606845957,0.0,1,0.00377170665627391
590.80498,-0.7309473840145984,0.015856092174499015,6.9395458078691306,0.0,1,-0.0309069161874701
572.54502,-2.0643802251680654,-0.4391922496596561,-5.874789537633973,0.0,1,0.0050301371934033945
575.425,-2.3190666269807707,-0.2312928838241204,-3.7547400761193117,0.0,1,-0.028266046834947933
559.16001,-3.6085701089720033,-0.5069321219384508,-12.648079185253039,0.0,1,-0.008825756334041146
554.225,-4.363858507553232,-0.4207401735065597,-14.922240172430122,0.0,1,-0.0002525869457350449
554.08501,-4.389513664547849,-0.14879844350039217,-14.989425427460503,0.0,1,0.012642428280093654
561.08999,-3.452800104332823,0.2626383722382113,-8.734752040653973,0.0,1,-0.018063073982125366
550.95498,-3.5412941488642673,0.058048109235588896,-14.263741833017875,0.0,1,0.001969326059998666
552.03999,-3.200015825391233,0.1331088109028742,-13.25558692510154,0.0,1,0.0147181366335436
560.16499,-2.085625344872142,0.4158330971406552,-5.952181607961251,0.0,1,0.019396053294940874
571.02998,-0.4492121592065814,0.6840820942687387,2.240880980105061,0.0,1,0.0720365154908329
612.16499,3.8343462802267823,1.655880177900701,20.44578628594975,0.0,1,0.026594186642395323
628.44502,7.013265809924633,1.6115999025328511,24.688561550263188,-1.5021127101505272,1,-0.010319136588909594
621.96001,7.477869257279735,0.6920677832959843,20.22641280273028,0.0,1,-0.003127242859231383
620.01499,6.9249302095172425,0.046376245177830455,18.85553198930063,0.0,1,-0.017443110528666317
609.2,5.170134001509609,-0.5694733209432679,11.445062175347772,0.0,1,-0.01416608667104402
600.57002,3.142726397379988,-0.8656269750242966,6.0925997073395095,0.0,1,-0.006518873519527291
596.65498,1.5408753955335897,-0.8224926589568984,3.733243030806655,0.0,1,0.006259915906509317
600.38999,0.9227944449825145,-0.4801912031693245,5.70805538703285,0.0,1,0.023642999111294305
614.58501,1.7197727659583961,0.10559570593551904,12.472183223635291,0.0,1,-0.0006264552400976342
614.2,1.9428633626165492,0.10956210086455731,12.185980976148144,0.0,1,0.005201921198306758
617.39502,2.158755047394152,0.1084845952140534,13.718583893612347,0.0,1,0.02170409473014523
630.79502,3.203471302500134,0.38440028344001176,19.482464496332227,0.0,1,-0.03338645571425092
609.73501,1.7038726548447585,-0.371732788071788,4.392695460445253,0.0,1,0.04812741521927699
639.07998,3.257498109779931,0.3939642222877948,15.868741220027175,0.0,1,-0.01388715071312363
630.20498,3.023269328099218,0.05324514686902715,10.733309103333646,0.0,1,0.0004999008417865269
630.52002,2.6804691599172656,-0.09651834043764174,10.853686052187875,0.0,1,0.027627941139759304
647.93999,3.737360812499901,0.3201244373816645,17.058173346638597,0.0,1,-0.004498857988376348
645.025,3.7114440710828376,0.09806923198820039,15.138617642036039,0.0,1,0.004751738304716868
648.08999,3.6446145277841424,0.010413229563168258,16.26674148532922,0.0,1,-0.007691848473080132
643.10498,2.892064378819441,-0.2473789731338445,12.605573668813143,0.0,1,0.017586568836708505
654.41499,3.2172847727687213,0.025947140271811886,17.17704631920722,0.0,1,-0.0009397553683787585
653.8,3.0605387386793836,-0.04359963127250843,16.684511677159193,0.0,1,0.007808167635362517
658.90498,3.1525358267448382,0.01613248559764857,18.794729606532385,0.0,1,-0.01471376039683292
649.21001,2.1279088852153336,-0.33616481864395187,10.683912409672516,0.0,1,-0.0002079604410288871
649.075,1.4270188406826492,-0.34568495439221225,10.573410843689125,0.0,1,-0.004090405577167555
646.42002,0.7364072483594555,-0.3454321822384687,8.255562241590866,0.0,1,0.012986865722382612
654.81499,1.0293150148345376,-0.01750813858779554,13.202502901817304,0.0,1,-0.001641685081155364
653.73999,1.0004093135025869,-0.01547127997324882,12.154511905443968,0.0,1,-0.007319439032634434
648.95498,0.5038381867112776,-0.17068080225485271,7.4436820377314135,0.0,1,-0.008906596263426492
643.175,-0.2680988922436427,-0.3142059604032577,2.139786248227061,0.0,1,0.01006724452909391
649.65,-0.09214252403410228,-0.04608319739790577,7.073247025272956,0.0,1,-0.007496374971138198
644.77998,-0.4023207962598008,-0.11875382320786809,2.546662394118691,0.0,1,0.007134216543137839
649.37998,-0.1405498660176363,0.047672369011432125,6.193071905721283,0.0,1,-0.00758415742967633
644.45498,-0.4083685787284139,-0.0733821145664485,1.4865670986026203,0.0,1,0.007417166673147513
649.23501,-0.10991138685642454,0.07502502576851364,5.505442165220806,0.0,1,0.0026723913117376874
650.97002,0.19306065798423333,0.1259990235363905,6.943928532063801,0.0,1,0.0028111586459849125
652.8,0.48095662557261676,0.13796499704159132,8.515682815951706,0.0,1,0.0007505974264705451
653.28999,0.6256573905690175,0.09422192067933066,8.961381496093743,0.0,1,-0.003306357104905233
651.12998,0.46586882385315675,-0.021855548678843373,6.013718420167891,0.0,1,-0.015227359059707402
641.21499,-0.47909702815911714,-0.32227380023037244,-5.366803731668675,0.0,1,0.011704389505928559
648.72002,-0.2862360351521147,-0.04313760240778999,2.713419142086856,0.0,1,-0.009241305671435773
642.725,-0.6655375357192952,-0.14081303432499015,-3.331536074633206,0.0,1,0.023952732506126173
658.12002,0.4831915086404024,0.3359720033449024,9.816634289882856,-0.3172914906596134,1,-0.0021576915408224595
656.7,0.8989550717669772,0.25057852215715914,8.342496984426326,0.0,1,0.010042667884878842
663.29502,1.5815089306829577,0.31104412702438,13.04249576871819,-1.9120501912989312,1,-0.0021559486455966503
661.86499,1.6718242825841116,0.13378649297517797,11.374185679808846,0.0,1,0.0036337169004814207
664.27002,1.778082434986004,0.08001488179235672,13.194270582968983,0.0,1,0.004757041421197927
667.42998,1.9463679749380844,0.08276680724814578,15.563216555965127,-0.06069478284825891,1,0.028976882339028398
686.77002,3.479983413669288,0.5387940819931165,26.047249739991997,-11.121798875544869,1,0.03067255323696272
707.83501,5.712208348562513,0.9236730056287801,32.49631396464332,-18.81956099070635,1,0.006802418546661082
712.65,6.7535526202955225,0.6550057591205967,33.61661943797702,-12.232170984120557,1,0.00528308426296209
716.41499,7.025177871137316,0.3088770033207968,34.47966544903419,-5.990535451182609,1,-0.012255438708785316
707.63501,5.8438940072968535,-0.29080228683988896,24.33349460259116,0.0,1,0.02274473389890641
723.72998,6.107508408101808,-0.009062628678311313,29.378152238482244,0.0,1,-0.006763530785335092
718.83501,5.322442407829158,-0.26470954298365346,24.434407431992582,0.0,1,-0.03288653122223417
695.19502,2.516373373707097,-1.0235928590352383,5.7894343046516,0.0,1,-0.01703841319231536
683.35,-0.08344392449623683,-1.207803385746191,-1.0384918248292294,0.0,1,-0.008319323918928867
677.66499,-1.8501497465565535,-0.9915030692688361,-4.038250595634182,0.0,1,0.004213040428722836
680.52002,-2.341404345373576,-0.4942525560286195,-2.2518846224815974,0.0,1,0.004827132051162808
683.80498,-2.1181679493344063,-0.09033871999648335,-0.1331758062755739,0.0,1,0.002464167488221536
685.48999,-1.6896182555369705,0.11273699126698422,0.9992300488536614,0.0,1,0.00545593670886424
689.22998,-1.022876054010112,0.25982639759794757,3.584835373216208,0.0,1,-0.006906199872501184
684.47002,-1.0009286154124766,0.09392461206519442,-0.13597082508447045,0.0,1,0.0006354697609693982
684.90498,-0.8702975114960054,0.07485190532722186,0.215020986654892,0.0,1,0.00667975870171067
689.47998,-0.35120716691312737,0.19798074997003334,3.98024746346821,0.0,1,-0.021110083573420035
674.925,-1.275309730712138,-0.24204060460965904,-7.406798332992437,0.0,1,-0.008119391043449165
669.44502,-2.087750201719018,-0.3514936918721798,-10.860730198617027,0.0,1,0.0003808826600877335
669.7,-2.2987429204125647,-0.18749547018857537,-10.60664558822409,0.0,1,0.004531894878303522
672.73501,-1.9597598697249623,0.05049586016634233,-7.435382862197969,0.0,1,0.008621522462462616
678.53501,-1.1436216885707609,0.2888780137735145,-1.6920844952247904,0.0,1,0.003765435773166459
681.08999,-0.42733579061268756,0.33505463724386264,0.7198784447479127,0.0,1,0.0010718554239801392
681.82002,0.027254307584030357,0.26321491181352685,1.4392327024601457,0.0,1,0.0017086473934866397
682.98501,0.3493606643836529,0.1951070895377165,2.664406926982224,0.0,1,0.00020496789526913695
683.125,0.4929662874181986,0.1129042375240874,2.8233245098834843,0.0,1,-0.011688944190301864
675.13999,-0.14172892501596834,-0.17393032497002653,-6.444240841661838,0.0,1,-0.00945731269747474
668.75498,-0.9793499541484607,-0.33718378470083965,-12.318015732700069,0.0,1,-0.024224118674974315
652.55498,-2.6665479725356818,-0.6747939343626868,-22.697660608945867,8.36705834946008,1,-0.005654680621700159
648.86499,-3.5954338173513634,-0.5345599263927894,-24.476959108931375,6.1857672314658885,1,-0.007551647993830124
643.96499,-4.168590588313123,-0.36923889911818275,-26.715872536983248,4.862538958516666,1,0.01948863710743054
656.51499,-3.0619530914347024,0.2457995325867457,-11.390495727139523,0.0,1,-0.015742230044130445
646.17998,-3.1147224187092206,0.06434340177074249,-17.35724052859642,0.0,1,-0.004642669368989161
643.17998,-3.1315468807873685,0.01583964656419834,-18.907031983849592,0.0,1,0.011831851482690725
650.78999,-2.2448293717608294,0.3008523851969125,-10.774442606957159,0.0,1,-0.011785629954142451
643.12002,-2.2535656696009028,0.09737202911894638,-15.353635138966524,0.0,1,-0.013488928551780965
634.44502,-2.79305334605408,-0.14737188244474364,-19.78622972580598,0.0,1,-0.006785505227860367
630.13999,-3.1887952387761516,-0.1810379250556049,-21.777199351986326,0.0,1,0.01675819685717772
640.7,-2.240932415239172,0.2556082994937916,-10.848782707396019,0.0,1,-0.01085528328390839
633.74502,-2.1598383022007965,0.11223413751072231,-14.773669927690271,0.0,1,0.00039448041737677464
633.99502,-1.9184713871648,0.11786701751557294,-14.515356710189629,0.0,1,-0.004242998627970174
631.30498,-1.8620853140497502,0.05808436354354085,-16.130223402057602,0.0,1,0.02174068070871238
645.02998,-0.534968501321373,0.46173372542397273,-2.5680521520903667,0.0,1,0.006867944339579379
649.46001,0.542339780152929,0.5130140022994251,1.0334257948424366,0.0,1,0.0014858343626114046
650.425,1.1162147725440263,0.3622963315635076,1.832137203827486,0.0,1,-0.0024599300457391893
648.825,1.1768010376941902,0.14096086557122378,0.32001939862057327,0.0,1,-0.005502284899626231
645.25498,0.8115257504614419,-0.07477147388717487,-3.0739554259073003,0.0,1,-0.015396952070017456
635.32002,-0.2666523723599994,-0.3843165322362054,-11.17177843246678,0.0,1,0.012536973099006143
643.28501,-0.11977123607402973,-0.0791451319834119,-3.0213292285730304,0.0,1,0.02938818673856547
662.18999,1.5390652684084216,0.5265637908330132,10.765092259904463,-1.83818052085212,1,0.008917425646980837
668.09502,2.7323139149490316,0.5732708124578743,14.012631506923157,-3.250456737620084,1,0.014159602626584444
677.55498,3.88957541197351,0.5768441031607843,18.633953569881044,-7.327936315677448,1,-0.007674653944688026
672.35498,3.7107415428213244,0.132670078002866,13.642416076118216,0.0,1,0.0006395877368232661
672.78501,3.347931979676787,-0.07671316171389053,13.883767939950431,0.0,1,-0.014157568700884249
663.26001,2.093782866464835,-0.44362075830861425,4.912557688674404,0.0,1,-0.01352413814304887
654.28999,0.5447247376533824,-0.6642262957066891,-2.1226444997758236,0.0,1,0.051101209725064045
687.725,2.511052778443286,0.43403391502773836,15.946353529856921,-1.6352784192018817,1,-0.01732522447199092
675.81001,2.292046567301327,0.07167590129525969,7.986835793882477,0.0,1,0.017134963715615736
687.38999,2.9565379144552253,0.24538908281638605,12.831292166754984,0.0,1,-0.011834635532007032
679.25498,2.3644879284942135,-0.11555363438154176,7.643114190809811,0.0,1,0.007397811054693948
684.27998,2.2901722748058546,-0.06328976268996689,9.914850144416363,0.0,1,0.003843499849286891
686.91001,2.281335925061171,-0.02404203747821665,11.127291544325388,0.0,1,-0.0022928767627072855
685.33501,1.955556423100461,-0.11660717981297575,9.921322984854442,0.0,1,-0.008667279379175441
679.39502,1.1347044701950608,-0.31248637757279196,5.345727925810365,0.0,1,0.004629074260803279
682.53999,0.8918006212261389,-0.1851300755139047,7.265429902375288,0.0,1,0.016343408684376115
693.69502,1.6256178116394722,0.1828957049664761,13.456828446663152,0.0,1,0.00703476291353522
698.575,2.2637232558762435,0.2736670497344158,15.86099768738059,0.0,1,-0.027398618616469306
679.43501,0.7991332066716268,-0.3969743331567337,1.185655828049157,0.0,1,-0.005180804562897157
675.91499,-0.2930912518201012,-0.49639959721615395,-1.043454685800583,0.0,1,-0.006125015810050316
671.775,-1.1597783767475676,-0.45436224071454023,-3.6795881364398113,0.0,1,-0.009482371329686212
665.40498,-2.0273087411489996,-0.44063086837199084,-7.584244588214368,0.0,1,-0.02945574588275557
645.80498,-3.9254648615872156,-0.7795956629367358,-17.073442587231888,5.677392147081491,1,-0.0009832070356595723
645.17002,-4.600334183340806,-0.4848216615634424,-17.33647732618155,1.272832802227299,1,-0.00988891269312242
638.78999,-5.086076828939099,-0.32352143572057823,-20.01109231910439,1.608947104217009,1,0.0050408116132187875
642.01001,-4.636773415993389,0.04192732574171032,-16.93739972434455,0.0,1,-0.02567718531366825
625.525,-5.399474758187694,-0.24025800548419785,-23.54433918537237,4.6585545632766525,1,-0.04757605211622229
595.76499,-7.81087003276923,-0.8838844266885779,-31.11435132122404,18.49918912888279,1,0.001334452365185257
596.56001,-8.299410167329142,-0.45747485374949637,-30.431218608685327,5.303990129113004,1,-0.0012739875071412499
595.8,-7.915396887331781,-0.02448719125071186,-30.604719690356923,0.0,1,-0.012806277274252986
588.17002,-7.6996055067221505,0.06376806311963978,-32.350290790342655,0.0,1,-0.0023208255327260563
586.80498,-7.063829357523787,0.2331814041060012,-32.66050198871219,0.0,1,0.004413800305512083
589.39502,-5.9414521697975715,0.4518528639440724,-29.70701510291988,0.0,1,0.003715657454995025
591.58501,-4.7026433951180024,0.5635538795412138,-27.1182806833409,0.0,1,0.03509218396186209
612.34502,-1.9613512248517964,1.1016153499358068,-7.46155274099187,0.0,1,0.005846344598344322
615.925,-0.1289275376476553,0.9780130123799826,-4.785879597114764,0.0,1,0.021049624548443502
628.88999,1.8784441007583155,0.9951282169286513,3.859550431153103,0.0,1,1.5916933262083433e-05
628.9,2.726427078231495,0.6143703981339437,3.8657958328459756,0.0,1,0.0001113372555254788
628.97002,2.9290513104488127,0.27233154345042054,3.9142789418341266,0.0,1,-0.0008983576037534524
628.40498,2.739189150686684,0.027489794562764125,3.4109954589152025,0.0,1,-0.008449901208612443
623.09502,1.973495641581735,-0.24606790484739482,-1.332688814805195,0.0,1,-0.00031298597122475513
622.9,1.4099392502307637,-0.2698747653994553,-1.5084393508709866,0.0,1,0.005923888264568911
626.58999,1.3181652837027968,-0.12054957730914073,2.1261954131349654,0.0,1,0.0025615315048364007
628.19502,1.296183693463604,-0.047510389182777946,3.7050124775723674,0.0,1,0.0077603289500767225
633.07002,1.5834275905552886,0.07991116930296882,8.341474620742886,0.0,1,0.00341982708326638
635.23501,1.7755130732216458,0.090665550656442,10.303237880720886,0.0,1,-0.006084346642040495
631.37002,1.4015138917862942,-0.09444454359296994,5.151540736334006,0.0,1,0.0025103504281056566
632.95498,1.2298014767530958,-0.08871898620872276,6.831892195155206,0.0,1,-0.014914157085864077
623.51499,0.25479597950709376,-0.3545748278182417,-4.459783762893068,0.0,1,-0.009366238332137011
617.675,-0.74060560074156,-0.44999213602229854,-9.931986309273519,0.0,1,-0.009964754927753172
611.52002,-1.6895042574707304,-0.4662969309171563,-14.874637107979702,0.0,1,-0.013809883117154476
603.075,-2.726913231046069,-0.5012353014974984,-20.434659351740724,0.0,1,-0.018704108112589712
591.79502,-3.958373281913282,-0.5775651174549039,-26.058911040651928,3.133699056722321,1,-0.012081886055749447
584.64502,-4.840072200520694,-0.4864213453541053,-28.887539536545248,8.16155748777112,1,-0.013444072439033117
576.78501,-5.53258314311438,-0.3929774293159305,-31.550105876643315,8.14644526766449,1,0.006198149983127843
580.36001,-5.119873352485001,0.0065774537711495995,-26.663993358599893,0.0,1,0.005927338101741286
583.8,-4.200196511129889,0.3087514317087541,-22.048656084147574,0.0,1,0.006774546077424004
587.75498,-3.0607600478582526,0.48272929832679656,-16.90342417959841,0.0,1,0.0034198093906410154
589.76499,-2.0684776455675546,0.4916705668724983,-14.31002617180809,0.0,1,0.012996685340715075
597.42998,-0.7612141406249293,0.5996446906050412,-5.23754527227743,0.0,1,0.009047135532100459
602.83501,0.4062712902318708,0.5890433738206138,0.26032315581909415,0.0,1,-0.008949413870306011
597.43999,0.5065730648076396,0.2297817161321276,-4.7361535750615715,0.0,1,0.008871183865680088
602.73999,0.9561761966948552,0.22646161600644776,0.6219691915321448,0.0,1,-0.022771012754604247
589.01499,-0.04245358708612912,-0.2573893892581789,-10.502953067338453,0.0,1,0.0053733607017369955
592.17998,-0.27448151338603566,-0.16313910518602848,-7.277719666102023,0.0,1,0.001359434677274951
592.98501,-0.300536183753934,-0.06306459185130894,-6.42761290921019,0.0,1,-0.0032041282122797776
591.08501,-0.44685217029166324,-0.06979352612967943,-8.059971236455674,0.0,1,-0.0008628369716227047
590.575,-0.5252733160361913,-0.04940489062473585,-8.523407270883112,0.0,1,0.0015323709943697583
591.47998,-0.4452961125721231,0.010190770946444105,-7.275597212765597,0.0,1,-0.01011019848888195
585.5,-0.866531168125789,-0.13701476153574066,-13.05856624424468,0.0,1,0.007566148590947952
589.92998,-0.6357727652255107,0.031247880454845833,-6.737313454787177,0.0,1,-0.002686691732466273
588.34502,-0.5994925000065905,0.022509381891255398,-8.395279772903116,0.0,1,0.0020990404575873534
589.57998,-0.4284813257298765,0.06450685205598977,-6.5200402134773725,0.0,1,0.003807829431386134
591.825,-0.12018396144742383,0.12426807211281415,-3.0772374928668285,0.0,1,-0.0011489545051324157
591.14502,-0.012684949185540972,0.07725569479156567,-4.019808052101631,0.0,1,-0.0019708192754462894
589.97998,-0.05496503062249758,0.011658537784869694,-5.713385146439556,0.0,1,0.004110308963365172
592.40498,0.13055868121091407,0.06572741653942712,-1.3399932536325352,0.0,1,0.005688709774181788
595.775,0.4932756470266213,0.1428147941183781,4.210173964987085,0.0,1,0.001376392094330825
596.59502,0.7018628260157129,0.11713399103582323,5.510514500939912,0.0,1,-0.008674225943086089
591.42002,0.31641784667556294,-0.08943699610144229,-3.707584180152402,0.0,1,-0.0024855770016036782
589.95,-0.025174463550797554,-0.14367643544260095,-6.013058282457742,0.0,1,-0.008076938723620697
585.18501,-0.5909552467013555,-0.23648573953105295,-12.702976614294123,0.0,1,0.01035571639129973
591.24502,-0.3195985343849088,0.011623657595131232,-1.6110165073808957,0.0,1,0.013843600746100249
599.42998,0.5247930329720703,0.2853384083173702,9.216036863629505,-1.4808855634913698,1,0.015714963072083865
608.85,1.6882577305694895,0.4829343686382632,17.842658598278263,-6.422167552489782,1,0.03564096247023074
630.55,3.9376352684873837,0.9107706355187193,29.137549636206643,-16.493788972423545,1,-0.028110379827134935
612.825,3.2571044317390943,0.0767465995901433,10.008323423212559,0.0,1,0.010582156406804488
619.31001,3.1858311440533953,0.0018244373014812965,13.586480172159952,0.0,1,0.0005813082207406506
619.67002,2.914709404872724,-0.08976576729306318,13.786339114860183,0.0,1,-0.0029854599065484155
617.82002,2.3820894182096026,-0.2074619179853947,11.848123419585413,0.0,1,0.0035527660628413837
620.01499,2.10018614002729,-0.1631217320559024,13.317547470281653,0.0,1,-0.0011370370255080475
619.31001,1.7254706559339184,-0.17927907204975813,12.45906308018072,0.0,1,-0.003834912986470207
616.93501,1.1964070258927677,-0.23611423403030285,9.442253545103199,0.0,1,0.00623237446031788
620.77998,1.152588792047709,-0.09331082262512047,12.684379799938824,0.0,1,0.005267598996990808
624.05,1.3071322757879216,0.020410887038364134,15.30518996752869,0.0,1,0.006986635686243359
628.41001,1.6388104946756812,0.11736303530870784,18.574947028161944,0.0,1,0.014703760049907366
637.65,2.438081229563295,0.30554459006544077,24.282191078499878,0.0,1,0.0033403591311849112
639.77998,2.8120414945434504,0.22650161834853222,25.42533156772606,0.0,1,-0.0024929976708555346
638.18501,2.631770669154889,0.015410264319990485,22.735371772782273,0.0,1,-0.006604652152516155
633.97002,1.9710718673643441,-0.21509617915685153,15.840543000612385,0.0,1,-0.013478586889645094
625.425,0.764381477522079,-0.47392885633303905,4.255544671135283,0.0,1,-0.0006155973937721493
625.03999,0.06525365947413775,-0.3910188914603268,3.781789204293972,0.0,1,-0.008447427499798876
619.76001,-0.729746387839441,-0.3953396462579686,-2.533780185977058,0.0,1,-0.001298938277737527
618.95498,-1.133520045842829,-0.26637110142045217,-3.459638007872691,0.0,1,0.013433998059115826
627.27002,-0.5480268710242626,0.10637402446603805,6.318698743694952,0.0,1,0.007389098557587737
631.90498,0.17663528897026026,0.27701206148685364,10.763647346467685,0.0,1,0.004328198204736289
634.63999,0.7521642615533892,0.28418034468999426,13.217681991464026,0.0,1,-0.021366460061869152
621.07998,-0.1527524406177463,-0.2069121191603804,-2.9822303916325765,0.0,1,-0.012727797151020792
613.175,-1.2512297549852747,-0.4351298111759696,-9.675540004845153,0.0,1,-0.0020141232111550167
611.93999,-1.799116765920303,-0.3276722740369993,-10.648002502963877,0.0,1,-0.0023612936294619136
610.49502,-2.043548040894393,-0.19070118300369643,-11.844220893230997,0.0,1,0.007444729033170505
615.03999,-1.616720508306912,0.07870878319459496,-5.905067402235048,0.0,1,0.01165781106363517
622.21001,-0.6710783663208986,0.3414503083935363,2.149762299636812,0.0,1,0.012005544558821857
629.67998,0.480163401865525,0.49756402552665335,8.989726574381315,0.0,1,0.006098399380586983
633.52002,1.3357740024698614,0.45105820871033,12.085370045419928,0.0,1,0.0010102127474993505
634.16001,1.7055973025661615,0.2736271696022101,12.608044625461723,0.0,1,-0.0005361265211284438
633.82002,1.7200433440672214,0.09602440370109,12.102702499712457,0.0,1,0.00226398654936788
635.25498,1.7035094194787916,0.026496826370886684,13.484865949813106,0.0,1,0.01744186247859081
646.33501,2.4766191722280837,0.26653552637339306,22.187486289261614,-1.110808889398868,1,0.005902496292131687
650.15,2.974704950917044,0.25487376835411757,24.511464143257427,-1.5252827037286352,1,-0.0012765977082211943
649.32002,2.906690761018467,0.06228652615184682,23.036227172883457,0.0,1,0.01724881361273911
660.52002,3.5637927693176152,0.2397961781503315,29.208360650018875,-2.7896652666140653,1,0.011422772620881316
668.06499,4.224108542690715,0.300037317174477,32.24965487160014,-3.5900165637251575,1,-0.015282959222275627
657.85498,3.351423217486399,-0.1908826693432797,17.421300128554748,0.0,1,0.007524454705807759
662.80498,3.0482952867603217,-0.16467020002311905,20.305173561700258,0.0,1,-0.0016973318456358077
661.67998,2.548956714167275,-0.22133625753872188,18.767962785489374,0.0,1,0.00043833878727905784
661.97002,2.111044368356829,-0.21974953444972245,18.962363404753674,0.0,1,0.001329335126083242
662.85,1.789499498088503,-0.18043146823934952,19.600244623442848,0.0,1,-0.0104473108546429
655.925,0.9025187714469212,-0.3558040649603105,8.998101251216859,0.0,1,-0.006182078743758868
651.87002,0.045903510505581835,-0.40413977530054995,3.678158658711993,0.0,1,-0.01234144806966253
643.825,-1.0566477458405643,-0.5022303438822321,-5.222542904035841,0.0,1,-0.019601630877956078
631.20498,-2.571537728527005,-0.6723734421895577,-15.262208360752396,0.0,1,0.004079498865804387
633.77998,-2.9001045758262762,-0.33364676316294295,-12.10529180674861,0.0,1,-0.006193000921234648
629.85498,-3.1497959514904323,-0.19444604627569984,-14.97476586212612,0.0,1,0.006541220012263871
633.975,-2.668823643364931,0.09550875394993374,-9.702097252327,0.0,1,0.0022004337710477273
635.37002,-2.089683852355165,0.2248828483198997,-7.933400515020999,0.0,1,-0.010371971910163369
628.77998,-2.175143635820632,0.04647435495147745,-13.594444807564791,0.0,1,0.0056140941383024945
632.31001,-1.7424423912350449,0.15972519984568812,-8.87855020787169,0.0,1,0.016004760070143398
642.42998,-0.5375574030059624,0.45487006269159025,2.37182841960756,0.0,1,0.04324986514483631
670.21499,2.42509904135909,1.1391755023522143,19.910937023582036,0.0,1,-0.0006564908373654088
669.775,3.667669843428257,0.7939154348071273,19.460873735339675,0.0,1,0.0025829271023851685
671.50498,4.127481090843958,0.4179088940742761,20.296275037071325,0.0,1,7.445961160246206e-05
671.55498,4.01759662364816,0.10267480895949266,20.32234584692364,0.0,1,0.0029707470861133345
673.55,3.794106338079473,-0.040271825536398076,21.43389673262935,0.0,1,-0.0013435973572858417
672.64502,3.2907706671218193,-0.18120249883135076,20.110374369429735,0.0,1,-0.0025719806860385885
670.91499,2.620702776049484,-0.2837567966345622,17.455661877032753,0.0,1,-0.0006483831878612012
670.47998,2.031026099175847,-0.2911444911693999,16.749528875238695,0.0,1,0.032148655654118174
692.03501,3.363188085807792,0.34700583182084843,28.90646883269224,0.0,1,-0.009219230108025944
685.65498,3.2173342386397508,0.06705066155093586,20.436952566956307,0.0,1,-0.005126470458947208
682.13999,2.5833802951691496,-0.1889677606398883,16.09417066876037,0.0,1,-0.031020040329258647
660.97998,0.2877874655030155,-0.8281868634353409,-3.2042930826643925,0.0,1,-0.019758480430829284
647.92002,-1.9723212381219355,-1.0294318556867643,-11.01125866687022,0.0,1,0.012100243483755824
655.76001,-2.2846829867575025,-0.44726453477411043,-4.901910669717054,0.0,1,-0.004292713732269138
652.94502,-2.4850561121788814,-0.21587922006516314,-6.634317561211198,0.0,1,0.0007044390965720293
653.40498,-2.3398246655413004,-0.023549257809194035,-6.242075826253654,0.0,1,0.00945819237557699
659.58501,-1.5572210534274973,0.2530181181015363,-0.9718136007249782,0.0,1,-0.0017207941096174517
658.45,-1.130734992918292,0.2265013928702473,-1.8917484080838065,0.0,1,-0.008725066443921459
652.70498,-1.3020157132538088,0.018406890844910206,-6.483845678022369,0.0,1,-0.0043817039667752855
649.84502,-1.5174847639838163,-0.06568738662836582,-8.666187974730732,0.0,1,0.02309775336894937
664.85498,-0.24793222568348483,0.40128838389065524,4.608491511686921,0.0,1,-0.004692707573612509
661.73501,0.14750756227363127,0.2655760572825905,1.8964151859425016,0.0,1,-0.002501046453625033
660.07998,0.1950159927293953,0.10436149591278483,0.4204986214884272,0.0,1,0.0067113533726625985
664.51001,0.5716880418964365,0.16034451502660874,4.287035208154933,0.0,1,-0.005906607787593665
660.58501,0.3853000629886765,-0.008681154627050436,0.416399649070911,0.0,1,0.006471536494598862
664.86001,0.616247734952367,0.07408883911221331,4.354928225648322,0.0,1,0.00986675375467394
671.42002,1.2270350930215272,0.22829206572712457,9.79938453988909,0.0,1,-0.0055107084831936826
667.72002,1.121842514304376,0.04103316233665777,5.640237170151764,0.0,1,-0.0011083088387854323
666.97998,0.9140893487536914,-0.0555733344046756,4.793309949251736,0.0,1,-0.002691190221331574
665.18501,0.5844578202488719,-0.12840162096983165,2.6341528287830087,0.0,1,0.0023527138712882145
666.75,0.5013530709757106,-0.07050212341433104,4.375814127746523,0.0,1,-0.0011023772028496692
666.01499,0.3567704404244978,-0.07169491798851463,3.3520759802700084,0.0,1,0.004496925812435437
669.01001,0.5043332551135791,0.025289298900188883,7.016057935126099,0.0,1,-0.0008594789187084118
668.43501,0.4881702245319275,0.003042089439512452,6.076491599305925,0.0,1,0.0004488095260000158
668.73501,0.46440785719676114,-0.006906759298551279,6.492123666062852,0.0,1,0.010826395944187217
675.975,1.0171585187628125,0.18194796742249997,15.29748492127436,0.0,1,-0.0031657827582380893
673.83501,1.0304381396489362,0.06507586276954125,11.227813804578716,0.0,1,-0.005847113820933614
669.89502,0.6228756051211803,-0.11416222391940489,4.30413904069389,0.0,1,0.009031265824307688
675.94502,0.8713547040972571,0.0447722916855573,11.694516213478408,0.0,1,0.0029735554527792196
677.95498,1.090478028243865,0.08796520527738849,13.852543883540761,0.0,1,-0.0206355737662699
663.96499,-0.05666597870322221,-0.3530596005565663,-5.525023767878842,0.0,1,-0.005979185739898751
659.99502,-0.9563466506181157,-0.4175800908238201,-9.409012701400506,0.0,1,0.0073712525891482805
664.86001,-0.9210755990239932,-0.1274363464098992,-3.095485278253797,0.0,1,0.01505581603561934
674.87002,0.007483726691589254,0.26704099310189444,7.282933809443016,0.0,1,-0.0017633617803913815
673.67998,0.3719697456584754,0.21050900402292688,5.841110008303559,0.0,1,0.0002375163352783538
673.83999,0.5365494430036506,0.1250295671227007,6.0065414671014565,0.0,1,0.016072109344534624
684.67002,1.476629338092721,0.3550364874039238,15.67662041168228,-2.603948649413951,1,0.009004322987590463
690.83501,2.3373660074627196,0.4052577189246409,19.866077858409994,-4.5545340479441165,1,0.0013968458257491712
691.8,2.6533696748592774,0.24042046210706625,20.49247314091815,-1.911879245673731,1,-0.006931222896790823
687.00498,2.190672368985929,-0.07409228125542722,13.235149861593598,0.0,1,-0.009395827087017805
680.55,1.238852685300344,-0.3419706549803374,4.796911795347313,0.0,1,-0.003974696936301481
677.84502,0.43429011968260056,-0.38217774019936035,1.5914013650082381,0.0,1,0.006439510317564956
682.21001,0.359567160233496,-0.15230023321615493,6.186795970695094,0.0,1,-0.005320986128596994
678.57998,-0.010260749510507594,-0.17404271432005286,1.6557024788702392,0.0,1,0.0037063280293061496
681.09502,0.015267024743366164,-0.049504980022059705,4.481547975954179,0.0,1,0.009873805860451057
687.82002,0.5871753264749486,0.17413444056984095,11.21677133339287,0.0,1,-0.0037364716426835365
685.25,0.6100298668011419,0.06566299363201145,7.597902113624357,0.0,1,0.012491805910251674
693.81001,1.2839554813975838,0.24652953607615102,15.209249230229702,0.0,1,-0.009901875010422612
686.93999,0.9414203319126955,-0.03200187113624575,6.211380456691472,0.0,1,-0.009076498807414013
680.70498,0.17211689617749926,-0.2671017689571474,-0.6547555696978549,0.0,1,0.004230951858175125
683.58501,0.01312460362839829,-0.14203135383541612,2.333506646611994,0.0,1,-0.0023845315156926228
681.95498,-0.20330109294854992,-0.11948568347078814,0.4614695524039405,0.0,1,-0.004970987967563456
678.56499,-0.5770713501580076,-0.1644186468934153,-3.391208891471493,0.0,1,0.0020631774710333506
679.96499,-0.5992005329162566,-0.06218260988388813,-1.5840135113875533,0.0,1,-0.0027868640707515713
678.07002,-0.7182459132188797,-0.06040933006217042,-3.9292797361024085,0.0,1,-0.0019983629419275672
676.71499,-0.8308339439353176,-0.05766578692620283,-5.636665318036698,0.0,1,-0.009479603813711823
670.3,-1.3524742972989543,-0.1931020467632798,-12.87414887825554,0.8585035831192727,1,0.0012830225272266738
671.16001,-1.428920782539194,-0.08984951066783986,-11.382478602166564,0.0,1,0.0029351718973840146
673.12998,-1.183903126614382,0.0517227150856574,-7.887085667007327,0.0,1,-0.0043156300956912474
670.225,-1.2048173714341601,0.010269490088626432,-11.480999173808655,0.0,1,0.005647372151143193
674.01001,-0.7994555462245216,0.13854377176608834,-4.720430834727388,0.0,1,-0.008686859116528445
668.15498,-1.0180725047675878,-0.02669106225899265,-11.917941123648284,0.0,1,0.007243888236827756
672.99502,-0.6392049419752084,0.1173921668444623,-4.02954619744483,0.0,1,-0.012979308524452393
664.26001,-1.1244215820811405,-0.12260815775382339,-13.383940798521678,0.0,1,-0.014798467244776625
654.42998,-2.0924972702939613,-0.3635612819888814,-20.810838497856505,3.9788096807587863,1,0.016525893266686742
665.24502,-1.5009070085425265,0.07600965992085107,-6.7416622048227595,0.0,1,0.00418636730268207
668.02998,-0.8479562936215643,0.24298679161393766,-3.6895066085103068,0.0,1,-0.004116581713892509
665.27998,-0.679984578359381,0.13698616895870697,-6.270294940629114,0.0,1,9.02026241642595e-05
665.33999,-0.5343325058649953,0.0942127471510309,-6.194364806226652,0.0,1,-0.005132699148295616
661.925,-0.7015612607956427,-0.02433866925987216,-9.638100951898046,0.0,1,-0.0022509952033838987
660.43501,-0.8508780331947037,-0.05788514721964433,-11.119865018864374,0.0,1,0.00025736067504955606
660.60498,-0.8404657499613677,-0.015824287995436115,-10.83677791661858,0.0,1,-0.0005222031477872813
660.26001,-0.7939682958478897,0.010224388706013943,-11.241605430030965,0.0,1,0.06754914628253794
704.86001,3.0121111225294044,1.2721012690277693,25.354682760947583,-14.863512864460859,1,-0.013108971808458825
695.62002,3.894142404840636,0.7180441837796674,16.242520332385737,-1.8883475487654096,1,0.011105200796262427
703.34502,4.654396178926163,0.4927659859550646,19.651560010723813,-4.086897074021067,1,0.012483176464376022
712.125,5.378321717725157,0.4055638415846863,23.084155174518855,-5.376854314278262,1,-0.014878034053010358
701.52998,4.409172677314132,-0.18786173294211306,13.460203767262094,0.0,1,-0.02145311024341412
686.47998,2.303000433999159,-0.7646779920856952,2.540380412569256,0.0,1,0.02373706513626228
702.775,2.415915942841707,-0.217254161081049,10.679991307333381,0.0,1,-0.0077123119063712275
697.35498,1.8193790353595887,-0.2712636895210556,7.063078251135991,0.0,1,0.022800439454809807
713.25498,2.6944956620051244,0.2012843123748267,14.048104976697346,0.0,1,0.009652943467706177
720.13999,3.481263503494233,0.3293507179546453,16.657836797927047,0.0,1,0.013025286930670399
729.52002,4.366211298947633,0.4047661711360151,19.95885362427005,0.0,1,0.012823472616968035
738.875,5.224415921761988,0.4209902646501238,22.92885540824608,0.0,1,-0.0202267230587041
723.92998,3.972731906355648,-0.2768979169187391,12.041260594507932,0.0,1,-0.0007182600726107768
723.41001,2.9724980731228925,-0.4257105833838315,11.685257957268888,0.0,1,0.01588997918345081
734.90498,3.1825871504128145,-0.07187383536463665,16.418509787043547,0.0,1,-0.008239133173379765
728.85,2.51783442652345,-0.24554218641800052,11.940060198603739,0.0,1,-0.0046237497427454866
725.47998,1.6948035290351982,-0.3561910279687508,9.460665960622052,0.0,1,-0.007091815269664514
720.33501,0.7133069528714486,-0.4458958680441669,5.679896120288994,0.0,1,-0.007933794582606901
714.62002,-0.31313274794979407,-0.4907785229551366,1.6282803821925924,0.0,1,0.003267414758405529
716.95498,-0.6056782026978453,-0.2611079925677293,3.175060285569451,0.0,1,-0.0032289196177980317
714.63999,-0.894393579847133,-0.18327445657233898,1.3656504335804698,0.0,1,-0.012831593709162648
705.47002,-1.728382636767833,-0.33908783783101315,-5.325019657553803,0.0,1,0.006711780608338325
710.20498,-1.6067652788309488,-0.07249015996470964,-1.4780002118877178,0.0,1,0.005005639357809066
713.76001,-1.1158069932931767,0.1394893751910209,1.344409134364433,0.0,1,0.011054121678797824
721.65,-0.11984476774989616,0.3784838669114338,7.139335331513287,0.0,1,0.012894034504260965
730.95498,1.163538409000921,0.5539556812207503,12.925455673777876,0.0,1,0.0028798353627743634
733.06001,1.8836876299595815,0.42470163405980377,14.142235788647426,0.0,1,-0.009514909973059371
726.08501,1.5055382712755545,0.015517425125258999,7.227373879816831,0.0,1,0.012663765087231438
735.27998,1.9572495693273595,0.155742907725688,13.060414847977583,0.0,1,-0.007840537151575955
729.51499,1.5395852542426383,-0.08730713578634441,7.589290662422378,0.0,1,-0.0009458201811589628
728.825,1.144955158846642,-0.1606457437274469,6.932418120433084,0.0,1,7.543649024110977e-05
728.87998,0.8568088479114522,-0.14959735155421217,6.975866235863371,0.0,1,0.012635838893530815
738.08999,1.4088357884512561,0.13414319632853067,13.77748008866584,0.0,1,-0.0048097116179558475
734.53999,1.2716129430169758,-0.0010265497019166236,9.73319882386474,0.0,1,-0.008515506419194296
728.28501,0.5757854417149701,-0.23228468366797417,3.136562872334693,0.0,1,0.01250885281848646
737.39502,0.9390570709210806,0.0436623151793788,10.241873579368068,0.0,1,-0.017385552725864617
724.575,-0.025896870385963666,-0.30709720870922186,-1.3027700926610208,0.0,1,-0.004078225166477045
721.62002,-0.7524641018405873,-0.3445548133879485,-3.581018139936589,0.0,1,0.0
721.62002,-1.0530423757479639,-0.21504436243177505,-3.581018139936589,0.0,1,0.0030971424545567228
723.85498,-0.9293313147226172,-0.03044443380214279,-1.3383310381474658,0.0,1,-0.011763392164546582
715.33999,-1.4996140079830411,-0.20024237568752223,-8.662721414402178,0.0,1,-0.0011882461652953369
714.48999,-1.7306208539480394,-0.1437497405508401,-9.341499964870799,0.0,1,0.0036039693152312147
717.06499,-1.4873225391014557,0.033182858098581125,-6.233390567262084,0.0,1,0.006833411292329172
721.96499,-0.833396503419749,0.2290362979267626,-0.626849401502561,0.0,1,0.002680199215754353
723.9,-0.27573294362730394,0.2622332859064026,1.495081085495677,0.0,1,0.010871694985495228
731.77002,0.6819115815711712,0.4066259370349592,9.21930697609298,0.0,1,-0.004079164106777666
728.78501,0.8551570457061644,0.19329046705665087,5.494959712581569,0.0,1,0.01723417719582332
741.34502,1.917184190631474,0.4184392039939868,15.607356304266531,0.0,1,0.024415082737049953
759.44502,3.7967657472081555,0.7660069201902231,24.78219221031449,-10.166603352490029,1,0.013305742659290853
769.55,5.262241046562508,0.7438274065148587,28.362739350073184,-11.31342605711086,1,0.017315314144630056
782.875,6.666875275692746,0.7161538785483659,32.08884317529113,-13.408241013381144,1,-0.003761801053808078
779.92998,6.568201117283479,0.20582657337969934,28.758208307412232,-2.4293228741123585,1,-0.001801418122175602
778.525,5.854432278305239,-0.1693140885328468,27.10000910353952,0.0,1,-0.008400488102501491
771.98501,4.464679335624055,-0.5196890104046767,19.52872452898822,0.0,1,-0.010259292469940617
764.06499,2.7377445863147614,-0.7488745865713238,11.413745363984177,0.0,1,0.010529235215972932
772.11001,2.3165501628005813,-0.3900230033618346,15.905041149758532,0.0,1,-0.010095737523206028
764.31499,1.2633221041434126,-0.4810836873396678,8.566107095957278,0.0,1,0.006175490552658314
769.03501,1.0247662328029037,-0.2398798528933923,11.453979454379251,0.0,1,0.004473125352251417
772.475,1.1067569443989669,-0.0526297137657763,13.513316696578471,0.0,1,0.002537311887116145
774.43501,1.2188567214972181,0.019823354444158392,14.707015897526205,0.0,1,-0.01781301183684869
760.63999,0.023750216588155126,-0.39176105015496826,1.5245595499013262,0.0,1,-0.00021690944752983388
760.475,-0.5895313872485985,-0.33501421799724074,1.3854433018768617,0.0,1,-0.013478418093954447
750.225,-1.701211240229668,-0.4822313569927701,-6.687008831960611,0.0,1,-0.0010663467626379486
749.425,-2.181950230034431,-0.32099011559917767,-7.269152912052803,0.0,1,0.00047366981352370274
749.77998,-2.210908872433947,-0.11664958599956465,-6.892157469061672,0.0,1,0.0016872149613811338
751.04502,-1.9357257875974483,0.05284449961231141,-5.446882965379757,0.0,1,0.020378245767477488
766.35,-0.3614087628793641,0.5423871747767987,8.667832254541054,0.0,1,0.00429962810726181
769.64502,0.7304521463862557,0.544749361347473,11.04026421309625,0.0,1,0.001156364267776322
770.53501,1.2896774221534315,0.3679915457048829,11.700028189683124,0.0,1,-0.00184936437865435
769.11001,1.3430669415242846,0.14046035502524545,9.895538931164204,0.0,1,0.002281832217994495
770.86499,1.4040877894159394,0.06716040097230014,11.43878249388105,0.0,1,0.014055651950155346
781.7,2.2205083975771913,0.2945270030445173,19.492010764885535,0.0,1,0.01331070743251872
792.10498,3.3107580018597673,0.46159220244236465,25.051481590106135,-3.7689034149348117,1,-0.006110288563013433
787.26499,3.1766538038459657,0.10916266814285436,18.591233597622477,0.0,1,0.007634036920656007
793.275,3.3457147211853453,0.09274119516074464,21.925430515821418,0.0,1,0.00038445684031396254
793.57998,3.1768506197562374,-0.02537430208945457,22.092468578590086,0.0,1,-0.0074283249937832085
787.68501,2.336433517395335,-0.2885971348167855,13.924110584566066,0.0,1,-0.0035737508829831732
784.87002,1.4869396730986182,-0.3793636597045009,10.299106572498431,0.0,1,0.010230967925109358
792.9,1.6074461115252916,-0.0862857404259425,16.34769119131117,0.0,1,-0.004004288056501437
789.725,1.2691621547782006,-0.14152323239101117,12.185434049801877,0.0,1,0.006078065149260681
794.525,1.3942566635065532,-0.005476241220886191,15.790436946059089,0.0,1,-0.005764425285547992
789.94502,0.9589508625784902,-0.14692734738298308,9.751314984013938,0.0,1,-0.0020444967169993555
788.32998,0.5267987235662304,-0.193026495465081,7.676925400260828,0.0,1,-0.006951378406286124
782.85,-0.1898422395703392,-0.3032224862005502,1.0014994719295132,0.0,1,-0.01123461710417073
774.05498,-1.265260867841107,-0.45954703815710607,-7.723930405555507,0.0,1,-0.000975357073473071
773.3,-1.7604467763231924,-0.3182443155463972,-8.40270423908592,0.0,1,0.017832652269494265
787.08999,-0.7121699992038657,0.2433441538576432,5.950714404466936,0.0,1,-0.0009782490055552095
786.32002,-0.19284827737726573,0.25422195856141444,5.11043526903461,0.0,1,4.446026949689319e-05
786.35498,0.08579660665088795,0.17762228086318937,5.144420445266775,0.0,1,-0.00043869500260551586
786.01001,0.1892218314440015,0.09368250188543431,4.690454723055737,0.0,1,0.0011640945895841082
786.925,0.3014151245535004,0.06862526499831106,5.763685048910162,0.0,1,-0.0015884614162722244
785.675,0.22822717739552445,-0.0015208940532216164,3.828310020559158,0.0,1,0.010742342571674168
794.11499,0.8759467723670014,0.21539956697275175,13.366770486373824,0.0,1,-0.020387463029756026
777.925,-0.22235482784458327,-0.29430067774627766,-6.004958476431824,0.0,1,0.008664061445512239
784.66499,-0.19131022562999078,-0.0877520251772284,0.9334868301995911,0.0,1,0.0035237840801334297
787.42998,0.07057042761312005,0.05804287602196083,3.556225392520588,0.0,1,-0.010800934960591757
778.925,-0.5131184480663933,-0.17521533321918414,-4.716474316906236,0.0,1,-0.00401833295888554
775.79502,-1.02303468190064,-0.22837718901781034,-7.406791072691597,0.0,1,0.002146172580483885
777.46001,-1.0539907419926067,-0.08644441636992573,-5.459344839822592,0.0,1,-0.001633550258102745
776.18999,-1.0874712102058766,-0.039974961527731834,-6.704159797132583,0.0,1,-0.00331100636842796
773.62002,-1.2277530101287084,-0.06008558715018797,-9.263937376472839,0.0,1,-0.007180566500851415
768.06499,-1.6585003259126552,-0.1636109676447115,-14.329024199832268,0.03661070728503546,1,-0.0017771803399083685
766.7,-1.8494147899785958,-0.11817514390355077,-15.500207520943562,0.0,1,-0.008777853136820224
759.97002,-2.3515857895134786,-0.20678204781281107,-20.759593963336442,2.193608138574632,1,-0.0008948116137528217
759.28999,-2.4633749734881576,-0.10619041059583001,-21.25163746665903,0.03836929685917312,1,-0.013453344749085883
749.075,-3.165237484351451,-0.26935097381970774,-27.555394247071792,5.01552097531669,1,0.005353282381604041
753.08501,-2.918231449420432,-0.007448312962896164,-20.78530429384724,0.0,1,-0.009952422237165637
745.58999,-3.1761274778365305,-0.08844811379299822,-25.268762348114254,0.054099612564982635,1,0.001777116133224954
746.91499,-2.929981535558227,0.0525659428284353,-23.066196912952673,0.0,1,-0.021193817518644242
731.08501,-3.8819084364558876,-0.2997869860230753,-30.60154307430871,3.8442697919780358,1,-0.023991724300297168
713.54502,-5.49604535053345,-0.6379746333668797,-35.571334464634276,10.766014531502151,1,-0.00010510899508486826
713.47002,-5.851360028361114,-0.3310964370648479,-35.58887562235549,2.367198717983115,1,-0.0165950070333718
701.62998,-6.528074031578171,-0.33593681342730175,-38.1218475608234,4.946197694796297,1,-0.001325456474935649
700.7,-6.399923197221938,-0.06926199302368907,-38.30129946286463,0.0,1,-0.0029970029970030065
698.6,-5.977520846941957,0.11771345241876396,-38.728549544367034,0.0,1,-0.002340409390209075
696.96499,-5.4044437678900294,0.23026351049023042,-39.07375224388525,0.0,1,0.0247142973422525
714.18999,-3.232118247706694,0.8008630102245222,-15.567662653795736,0.0,1,0.017229350974241386
726.49502,-0.8511931336394127,1.0605960414306013,-4.21211838836912,0.0,1,0.04380621907084792
758.32002,3.062285517864211,1.6580248976447418,13.802915126610607,0.0,1,0.0012725366264232374
759.28501,4.844250217127296,1.146663198969276,14.203679379582198,0.0,1,-0.011346187382258566
750.67002,4.613629215331571,0.30534739905785013,7.850225361372495,0.0,1,0.008785444768395045
757.26499,4.6634304464894285,0.11838287673856929,11.12259795576449,0.0,1,0.0032881356366416536
759.75498,4.507211024860908,-0.012612181629983787,12.348872588077107,0.0,1,-0.0071404599414406356
754.32998,3.601417061974985,-0.3061353815053023,7.925817861805896,0.0,1,0.005236435120873795
758.27998,3.1775686587008067,-0.24332792825982663,10.20946167423805,0.0,1,0.005598222440212686
762.525,3.0545987355052375,-0.12209928381846513,12.631382021773582,0.0,1,0.017665020818989463
775.99502,3.8610655459486907,0.22812250887499586,19.233760895513342,0.0,1,0.0002190349108168732
776.16499,3.956707655674677,0.10792153953366057,19.309785619584986,0.0,1,0.011305585942493979
784.93999,4.4060530725647595,0.185755652141248,23.119943410890727,0.0,1,-0.017249713573645242
771.4,3.1352221916293956,-0.36169174293137196,10.28775176446868,0.0,1,-0.0032602929738138053
768.88501,2.0289557351926533,-0.48931939978937145,8.180493336350636,0.0,1,0.0020289249754004146
770.44502,1.4367436957081736,-0.36051047975795036,9.164228258217534,0.0,1,0.0007268007261569398
771.00498,1.0675723679902376,-0.2432272691586288,9.543780528379365,0.0,1,-0.006835195798605698
765.73501,0.3548581734653453,-0.31864715456117376,4.269145242632135,0.0,1,-0.00500827303168494
761.9,-0.35065460491921385,-0.34138664431524435,0.6418614171401629,0.0,1,0.010664129150807167
770.025,0.0028935562985452634,0.004053838967504922,7.3521348022521735,0.0,1,-0.006817960455829386
764.775,-0.2580734927840922,-0.08563773670504421,2.2520414208932706,0.0,1,0.009427622503350719
771.98501,0.23378327373984575,0.13540634327296458,7.957043910043794,0.0,1,-0.003173636752350828
769.53501,0.2560630508568238,0.05256204012998089,5.4553609300147485,0.0,1,-0.004164891731176845
766.32998,-0.021221481489305916,-0.07490749740538294,2.1814582569835395,0.0,1,0.023247217862989
784.14502,1.3264913757949444,0.4242684532929558,14.958215344645666,0.0,1,0.0015047981813363087
785.325,1.9881385231209379,0.3619718668729832,15.633985204716595,0.0,1,-0.001591697704771855
784.075,2.0491172198571803,0.14098352120307522,14.177230496390848,0.0,1,-0.0059879730893090954
779.37998,1.517595133237137,-0.13017952180565606,8.736575328558636,0.0,1,0.004522825951982945
782.90498,1.4191178288241417,-0.07621894207288382,11.46202569471592,0.0,1,0.03623050143326467
811.27002,3.615372690882168,0.7066786399950473,25.770622246024573,-13.236630632191236,1,0.011198441672970905
820.35498,5.169299064337679,0.7535350044835196,28.598435856232285,-12.479158063172235,1,0.01284814532362577
830.89502,6.393823995703997,0.6593533119499462,31.397184680551135,-12.090678339704596,1,0.004212325162329167
834.39502,6.764934461745156,0.34348792599703515,32.25346366908573,-6.178556141399326,1,0.0008508679737804226
835.10498,6.445908489620251,0.008153984624043709,32.435681654010494,0.0,1,0.0039755720292795615
838.425,6.025904796089435,-0.1372832363022578,33.32529269880362,0.0,1,-0.004448793869457512
834.69502,5.002912549649977,-0.3867584942472382,28.37029302074913,0.0,1,0.00422906560530345
838.225,4.368672047292762,-0.34033299886815094,29.643207881175897,0.0,1,0.013940123475200572
849.90996,4.661242458839752,-0.01592086244038704,33.26543463273826,0.0,-1,-0.002676754135226278
847.63496,4.229507459709907,-0.14921862052341073,30.179126562842,0.0,-1,0.018946906106845907
863.69502,4.999519338502523,0.20693108608973532,34.64373497204629,0.0,-1,0.005852737231250904
868.75,5.389146999690297,0.1988529157591694,35.76509465346881,0.0,-1,0.007125225899280441
874.94004,5.650701913643275,0.15346927657071596,37.05158748150312,0.0,-1,0.03019626350623983
901.35996,7.512247544482875,0.6716716358034391,40.936268420268874,-0.9041347356516098,-1,-0.004254637625571989
897.525,7.497419731195691,0.2189479408387518,36.73924589061667,0.0,-1,0.018974379543745368
914.55498,8.284385846952546,0.33530468553186843,39.19894110328201,0.0,-1,0.001798710887780608
916.2,8.124588417584846,0.05850241872138895,39.409771363675375,0.0,-1,-0.028012486356690736
890.53496,5.228887334768956,-0.9457328880315004,16.804855556702307,0.0,-1,-0.009353905656887429
882.20498,2.651131182130257,-1.1744963468900664,11.222841854863077,0.0,-1,-0.009918329864789466
873.45498,0.412158840633424,-1.1378228961289667,5.782771211206708,0.0,-1,0.03530810483214597
904.29502,1.8283294331655497,0.09278256546771968,17.197437052662394,0.0,-1,0.0020734383785503407
906.17002,2.5403039433343793,0.2682523585455163,17.759668343205675,0.0,-1,0.03695218254958377
939.65498,5.47501253647431,1.067653650561816,25.94193925596325,0.0,-1,-0.02078420315507723
920.125,4.858617455004719,0.1504195230307417,15.215943084357491,0.0,-1,-0.01115061540551554
909.86504,3.2905384596862177,-0.4725531574292532,10.248810091468386,0.0,-1,0.0014013067256655187
911.14004,2.3385374237197993,-0.47485139779855734,10.662505510665596,0.0,-1,-0.0020523958095398642
909.27002,1.5118237870933626,-0.43385501147499816,9.650831398315688,0.0,-1,0.002749458296227525
911.77002,1.180814986522364,-0.2549546040153323,10.62622213747887,0.0,-1,0.00033449224399806354
912.075,0.9423243373599917,-0.1644817510592349,10.754815707151657,0.0,-1,-0.015261924732067
898.15498,-0.41544968200128096,-0.5074185901401692,2.1218847641598657,0.0,-1,0.06028471834560212
952.3,3.452369115151555,1.1201334023375558,20.33795775835827,-6.244349371513977,-1,0.005082474010290827
957.14004,5.501917754132023,1.0565606804393415,21.418041956976126,-4.039267496625257,-1,-0.000647783996164164
956.52002,6.016530594111259,0.5237245068061922,21.049799669496963,0.0,-1,0.006565445436259587
962.8,6.295791131258284,0.2676616813177386,22.637579516998485,0.0,-1,0.008085749896136418
970.58496,6.5595188055602875,0.17712978520658051,24.559436450792546,0.0,-1,-0.0023026938311511147
968.35,5.958509408914551,-0.14129320381305188,22.92556749982913,0.0,-1,-0.020359415500593836
948.63496,3.5185422598488003,-0.8604201176262674,10.031762557058563,0.0,-1,0.015590865426254208
963.425,3.2378501636618466,-0.38037073793774034,15.165565758260186,0.0,-1,0.0007317435192153443
964.12998,2.8864316019298712,-0.24392976655657206,15.40093705226785,0.0,-1,0.0024944561935518195
966.53496,2.670601354236396,-0.15325333808334918,16.26494612884312,0.0,-1,0.007185482457872094
973.47998,2.918887784203207,0.03167769729448722,18.76748294837111,0.0,-1,-0.007781361872485459
965.90498,2.1685403505031218,-0.23955657880186587,13.095150510435097,0.0,-1,-0.015193005837903506
951.22998,0.3897382711111277,-0.6727862193979535,3.581515169857383,0.0,-1,0.0018660051063572602
953.00498,-0.3842242911774747,-0.4822495938955187,4.503463526300969,0.0,-1,0.013006248928520758
965.4,0.2937314519430174,0.06523538307499116,10.57857581052324,0.0,-1,0.02533144810441268
989.85498,2.6461467025080765,0.8058835445466834,19.505074099479145,0.0,-1,-0.008238560359619451
981.7,2.92226043591495,0.36066575931785216,14.124988391192645,0.0,-1,-0.028659427523683445
953.56504,0.4722155996254287,-0.6964596923238897,-0.5484914706380337,0.0,-1,0.02356411891946042
976.03496,1.0803352148451495,-0.029446692368056304,7.983303972710942,0.0,-1,0.002776601362721731
978.74502,1.5202054212179519,0.13680783800158203,8.912645376019114,0.0,-1,0.010360144667709292
988.88496,2.458451739302859,0.35835138536216293,12.372608490942781,0.0,-1,0.002821399973562011
991.675,2.955207253403387,0.2850356331542301,13.317018222677781,0.0,-1,-0.008319257821362891
983.425,2.2698177393367587,-0.13345129363746588,8.493489372763463,0.0,-1,0.00028469888400239896
983.70498,1.761303170692031,-0.2139886207607311,8.61237940268171,0.0,-1,-0.008162996186112603
975.675,0.6911056221453009,-0.4280620564358204,3.709768391549673,0.0,-1,-0.001460527327234895
974.25,-0.02033528730692069,-0.3798343219626807,2.838313478765805,0.0,-1,-0.012722627662304364
961.85498,-1.4072794680907919,-0.588926167582184,-4.324231527642922,0.0,-1,-2.0813948480968847e-05
961.83496,-1.9851466028084133,-0.38893110076660187,-4.3353404766311385,0.0,-1,0.011093400056907843
972.50498,-1.2194829532666063,0.12557751625840163,2.5052193673964354,0.0,-1,0.01288945584628265
985.04004,0.30956078427652756,0.5515404179338452,9.208635245599531,0.0,-1,0.0020963005727157036
987.10498,1.220364254358401,0.48744796267190627,10.235894368891586,0.0,-1,0.0024162171687149847
989.49004,1.7728239682028288,0.34663589217211155,11.480805445205867,0.0,-1,0.019161344969172323
1008.45,3.4813151611082276,0.6850423616925037,19.825083801780607,-2.544630118557734,-1,-0.008443690812633298
999.93496,3.3358644941350803,0.17986389823978532,13.013445496166696,0.0,-1,-0.022686435525766657
977.25,1.094737119470551,-0.6870878254749146,-1.1056684354024355,0.0,-1,0.0038474904067535842
981.00996,0.19627533884920467,-0.5285165353654204,0.9196108052396355,0.0,-1,-0.004581931053992516
976.51504,-0.6438884963655482,-0.4562267901933912,-1.6267354991690652,0.0,-1,0.0019968970472794556
978.46504,-0.8478130392758203,-0.2200504443678878,-0.4115773223580135,0.0,-1,0.007976759190088112
986.27002,-0.22870922412471373,0.13301779026107297,4.36533917903413,0.0,-1,0.009566305178778434
995.70498,0.8861484521279408,0.4159584888379092,9.51772139511636,0.0,-1,-0.0014060389654775296
994.30498,1.2530649192435703,0.2609583186511796,8.430056738328531,0.0,-1,-0.004384932277016307
989.94502,0.9687710761977542,-0.0077785081315455695,4.9549549013344105,0.0,-1,0.01068744201571925
1000.525,1.6275582316583268,0.21700288244300903,11.18005051458941,0.0,-1,0.01853027160740628
1019.065,3.3663219567504257,0.6519222025117029,19.410950971551145,-4.154689816843529,-1,-0.013698831772261832
1005.105,2.7918436562339366,0.025814633998404446,8.95330940822744,0.0,-1,0.01432188676804902
1019.5,3.4715342012896144,0.23516839301802728,14.995724928275038,0.0,-1,0.0005590975968612355
1020.07,3.5695849570432756,0.11107304959056297,15.22097787620018,0.0,-1,0.030493005381983407
1051.175,5.913228255166359,0.8182387825712159,24.98231570889341,-15.484354989639996,-1,-0.011244559659428721
1039.355,5.607280882964005,0.17076380345628728,17.03797886060974,0.0,-1,-0.009149905470219544
1029.845,4.194533789949219,-0.4139944298528331,11.237830176376143,0.0,-1,0.004830824056047289
1034.82,3.5531990942795346,-0.35177637517417226,13.093867924942892,0.0,-1,0.004367909394870528
1039.34,3.3130984885879116,-0.1972923269552651,14.795552633737913,0.0,-1,-0.00989570304231513
1029.055,2.0598733116930816,-0.4835058346166985,8.030652770799072,0.0,-1,-0.00553420371117197
1023.36,0.7870212806046766,-0.5854526219017013,4.528109283228474,0.0,-1,0.008823874296435275
1032.39,0.8375101583433207,-0.17832124805435234,8.898636437720697,0.0,-1,-0.0038502891349200263
1028.415,0.46171208401733566,-0.18470644079344578,6.254086570075721,0.0,-1,-0.015728086424254717
1012.24,-1.1125796268137265,-0.5863327172081694,-3.2387731682185574,0.0,-1,0.04030664664506434
1053.04,1.5929894866719678,0.7064121320925084,13.855711985205389,0.0,-1,0.029101458634049893
1083.685,5.366774919525369,1.493399188315303,21.494349418411332,-13.195290463561605,-1,-0.007137682998288208
1075.95,6.16185305932504,0.7628257760383246,17.493985692721154,0.0,-1,-0.040420093870533025
1032.46,2.4217377076145112,-0.9924298585574016,0.01206549393646128,0.0,-1,0.020344613834918368
1053.465,2.1002852227911717,-0.4379607811269137,6.112437112562382,0.0,-1,0.0002990132562543657
1053.78,1.790785211813727,-0.2491535973681196,6.201499779877672,0.0,-1,0.021688587750763988
1076.635,3.391386438673635,0.45048254316392944,12.359476589531823,0.0,-1,0.01078359889841951
1088.245,4.876571515547539,0.645222540012611,15.126913219076911,0.0,-1,-0.018047406604211225
1068.605,3.5761164276889303,-0.2184108492819994,7.2195254441562255,0.0,-1,0.01545940735819129
1085.125,4.004545848118823,0.07000619038263123,11.579298494915378,0.0,-1,0.0005252851054025065
1085.695,3.932548404323825,-0.0006637511374556482,11.728823011380598,0.0,-1,2.7632069780070267e-05
1085.725,3.5713373153994326,-0.12062494668728263,11.737531123166534,0.0,-1,0.001450643579175237
1087.3,3.224370327987117,-0.1558639780331994,12.238736234398473,0.0,-1,-0.002938471443023949
1084.105,2.515939306948667,-0.2880983330238833,10.453835146665512,0.0,-1,0.00418317413903635
1088.64,2.3299788541837643,-0.15801959526292864,12.165072358800742,0.0,-1,0.06041023662551437
1154.405,7.523250389952636,1.6784173135019813,27.707938345074837,-21.734363757744177,-1,-0.015709391418089802
1136.27,7.981698625341096,0.7122885162968133,19.020414957882807,0.0,-1,-0.00258301284025797
1133.335,7.301197857590296,0.010595916182004395,17.660186592295062,0.0,-1,-0.000639704941610475
1132.61,6.292097652248913,-0.33283476305312654,17.296177652087835,0.0,-1,-0.002366216084971784
1129.93,5.039872745224329,-0.528353223359237,15.841283410802134,0.0,-1,-0.001141663642880486
1128.64,3.886270896276528,-0.5606516907690127,15.088692478066122,0.0,-1,0.02621296427558817
1158.225,5.451030730446291,0.3347027144669168,22.96364842500728,0.0,-1,-0.02627727773101074
1127.79,3.242908086660691,-0.6244733097728945,8.007346030408925,0.0,-1,-0.038721747843126875
1084.12,-1.7705622424539342,-1.87931454629584,-6.280338747700924,0.0,-1,-0.04198335977567047
1038.605,-7.922667220140056,-2.677139841327321,-15.983223384758269,0.0,-1,-0.004862291246431449
1033.555,-10.759330773971442,-1.8379344650529017,-16.889141293560947,0.0,-1,0.010739631659659965
1044.655,-10.356051653056284,-0.47821844804591507,-12.804309095931252,0.0,-1,-0.01112807577621322
1033.03,-10.260157788177139,-0.12744152772225625,-15.272186141019496,0.0,-1,-0.02735641752901652
1004.77,-11.712197706722918,-0.526493815422679,-20.549987682443376,0.0,-1,0.03048458851279401
1035.4,-8.909701190435726,0.7586675669548377,-9.635299242066509,0.0,-1,-0.0017915781340545056
1033.545,-6.920561166422431,0.9159358636560446,-10.051183731890191,0.0,-1,-0.015519401670948119
1017.505,-6.68594439054732,0.38351754651038483,-13.64949987866386,0.0,-1,0.006732153650350625
1024.355,-5.440640636730677,0.5429404334423422,-11.040597223855606,0.0,-1,-0.009620688140342004
1014.5,-5.185852040094801,0.2659096766927398,-13.436318780760061,0.0,-1,-0.03897490389354363
974.95996,-7.921306738435646,-0.8231816738827016,-21.30309897972959,0.0,-1,-0.008933659183296139
966.25,-9.354755192736434,-0.75221004272783,-22.738688860377852,0.0,-1,0.0036066856403622616
969.73496,-9.001503153825524,-0.13298600127230742,-21.156176467306626,0.0,-1,0.0032998707193150345
972.93496,-7.8080852048846054,0.35347731588953657,-19.611030943050533,0.0,-1,-0.015489134032145357
957.86504,-7.816529130007098,0.11501113025568177,-22.711676339923127,0.0,-1,0.012632259759683961
969.96504,-6.161040331734398,0.5901666428427941,-16.64519467537066,0.0,-1,-0.009278684930747572
960.96504,-5.569875904953506,0.3937770232078952,-18.79672531872702,0.0,-1,-0.027664960631658353
934.37998,-7.025559032816886,-0.35396870155182825,-24.248566144133783,0.0,-1,0.000444187599139223
934.79502,-7.133350677347153,-0.15392011536069816,-24.02421586765381,0.0,-1,0.007589920622384172
941.89004,-6.0015489431667675,0.32596053960656235,-20.006335136170406,0.0,-1,-0.004050409111449937
938.075,-5.253438997479293,0.35802349509801257,-20.948432434934077,0.0,-1,0.011854084161714074
949.19502,-3.5149291081789897,0.6988444614661056,-14.397553742799431,0.0,-1,0.0019279283618660603
951.025,-2.200265071180638,0.6711694994881525,-13.32836762307334,0.0,-1,-0.013233048552877213
938.44004,-2.408324296749697,0.15437009130636437,-17.456985665339545,0.0,-1,0.03361420938518367
969.98496,0.3170831151949187,0.9599258344169935,-1.3546374868915052,0.0,-1,-0.004530915613371933
965.59004,1.287119894901025,0.6433208713743668,-3.088138050840172,0.0,-1,0.00845074996838191
973.75,2.344874960179027,0.5670253122174562,0.5473806985187508,0.0,-1,-0.0012477946084724634
972.53496,2.5770929128030957,0.26641442161384177,-0.018903844869747388,0.0,-1,-0.011958418440813579
960.90498,1.5092791463814592,-0.2671331149359315,-5.339995037056887,0.0,-1,0.003325011386661858
964.1,1.1158506676388242,-0.22018719789285557,-3.5981992805526275,0.0,-1,-0.029929447152785005
935.24502,-1.5784327940356206,-0.9714902198557669,-14.735901169190456,0.0,-1,0.01943341008113575
953.42002,-1.27945512536985,-0.2241708503966655,-5.425259320564777,0.0,-1,0.0004247655718410126
953.825,-0.989596697256161,0.021895859239007942,-5.228599742812364,0.0,-1,0.0032710612533746186
956.94502,-0.5021994250946591,0.16976437713350334,-3.6005855191677156,0.0,-1,0.011881581242776162
968.31504,0.7308508297439857,0.46760487732404943,2.1149326115429403,0.0,-1,0.0036454871133675404
971.84502,1.5806367213513113,0.4391302563104582,3.813827663163792,0.0,-1,0.04418912389961105
1014.79,5.452558273709087,1.4370172695560788,18.784339005191725,-18.83278176510794,-1,-0.017579991919510318
996.95,5.447472527078844,0.4773105076419455,9.8326885273569,0.0,-1,0.026094588494909532
1022.965,7.1588902765071225,0.7295760856900744,16.827529372256635,-10.485840683316042,-1,0.010068770681303851
1033.265,8.27635829484575,0.6156813680095672,19.18798610113099,-8.603001867899138,-1,-0.02058039321955174
1012.0,6.373312446111299,-0.42912149357496077,9.479121901752322,0.0,-1,0.009920948616600755
1022.04,5.727346817901434,-0.3583623739282755,12.257517103391471,0.0,-1,0.0005479237603225329
1022.6,4.973751768971397,-0.37065247428610437,12.417221129822472,0.0,-1,-0.00992079014277325
1012.455,3.337058263758763,-0.669115326499579,7.518169982965553,0.0,-1,0.0019309500175315186
1014.41,2.4035399891724865,-0.5342112003619519,8.22031196001867,0.0,-1,0.024669512327362586
1039.435,3.821902519448372,0.29471710997131106,16.172348747023122,0.0,-1,0.006681514476614803
1046.38,4.791341907965716,0.4213854994962185,18.047652459583006,0.0,-1,0.02135457481985492
1068.725,6.738866443227153,0.7896366782525517,23.332654465853764,0.0,-1,-0.03224402910009572
1034.265,4.2793898405889195,-0.5566133081285605,7.138344631703866,0.0,-1,-0.008508457697012028
1025.465,1.95970238588734,-0.95876692094338,3.769171908509982,0.0,-1,-0.0015943986386662834
1023.83,0.5003001263794431,-0.806056393483759,3.122525439629122,0.0,-1,0.006343826611839853
1030.325,0.27015731942719867,-0.3453997334786678,5.485473675242062,0.0,-1,0.01455851309052969
1045.325,1.3825728059987341,0.25567191769762254,10.583869837939197,0.0,-1,0.006232511419893116
1051.84,2.3664828154512634,0.41319397571671734,12.648402034482501,0.0,-1,0.017141390325524863
1069.87,4.163730918889996,0.7368140263851504,17.829730995395366,0.0,-1,-0.008622542925775911
1060.645,3.9466273940349765,0.17323683384337674,12.871635612866726,0.0,-1,0.014934308840375277
1076.485,4.829190015438144,0.351933151748848,17.415745864615545,0.0,-1,-0.0017835826788109577
1074.565,4.708038824853247,0.07692732038798411,16.32252568216343,0.0,-1,-0.014577992024679687
1058.9,2.9497099941563647,-0.560467170102966,7.822336443510046,0.0,-1,-0.009495703088110319
1048.845,0.9868197459616113,-0.8411191394325732,2.9796557317221186,0.0,-1,-0.017075926376156736
1030.935,-1.5693603569659444,-1.13243308078671,-4.553272315891483,0.0,-1,0.00923918578765881
1040.46,-1.9229203786826474,-0.49533103416780433,-0.3249783523276477,0.0,-1,-0.0005478346116140065
1039.89,-1.986957024650792,-0.18645589337864954,-0.5796715558661489,0.0,-1,0.022661050688053352
1063.455,0.11035440441946776,0.6369518452305368,9.062065738794523,0.0,-1,0.019765763478473364
1084.475,2.9014805852530117,1.1426926753546935,15.567428325710608,0.0,-1,0.013997556421309953
1099.655,5.320253626898648,1.18715523900011,19.461387827990237,-4.087214387493532,-1,-0.0009684855704744644
1098.59,5.997535678813165,0.6214790969715427,18.854387512917086,0.0,-1,0.016812459607314922
1117.06,7.375548731536128,0.6664973832315022,23.34317158846774,-4.884087241332509,-1,-0.006857286090272585
1109.4,6.811592863602755,0.034180505099376646,18.77559774213485,0.0,-1,0.007238146745988772
1117.43,6.631148857669132,-0.048754500278081814,20.887390483319322,0.0,-1,0.0052128544964784584
1123.255,6.47374778323001,-0.06871852490573449,22.392348874129794,0.0,-1,-0.019777343523955104
1101.04,4.004318264074527,-0.8460493480204061,9.384036670695615,0.0,-1,-0.007906161447358784
1092.335,1.7104936491573426,-1.0466246543125304,5.0751605933146,0.0,-1,-0.01403415618834869
1077.005,-0.8564597957308706,-1.2045260330669145,-1.772191859108922,0.0,-1,0.016044493758153422
1094.285,-0.6285648685309297,-0.32554370195565796,5.203260678822531,0.0,-1,0.02885445747679971
1125.86,2.1690130007798416,0.8240113891183711,14.825234284334215,0.0,-1,-0.015432647043149283
1108.485,1.939134185370449,0.19804419123632622,7.300133267247844,0.0,-1,-0.006296882682219285
1101.505,1.0809335955514143,-0.22005213286090286,4.4773822669304835,0.0,-1,0.0018474723219594757
1103.54,0.7313388343459337,-0.18988229802212786,5.19242963899449,0.0,-1,0.015563550029903617
1120.715,1.9268465508810095,0.3352084728376492,10.94513984470106,0.0,-1,-0.03176097402104905
1085.12,-0.6022201367579783,-0.7312860716004463,-2.9615519083240116,0.0,-1,-0.0059993364789148185
1078.61,-2.3590684691812385,-0.8293781346745688,-5.046052700529877,0.0,-1,0.020331723236387544
1100.54,-1.2134035962942562,0.10542891273747124,2.7853721393440125,0.0,-1,0.022429898050048136
1125.225,1.5176291398404373,0.9454872162907217,9.917531703237067,0.0,-1,0.014605967695350053
1141.66,4.126259746254391,1.1847059409015586,13.94643431881503,-2.0422596637486095,-1,-0.012578175638981892
1127.3,3.8900534039403283,0.3161665328624985,8.261133318557334,0.0,-1,-0.003934179011798045
1122.865,3.078195782454941,-0.16523036287429615,6.536245833172394,0.0,-1,0.00480912665369404
1128.265,2.865750656507771,-0.12589182960715517,8.210074738693237,0.0,-1,-0.020097228931146627
1105.59,0.6311322054916673,-0.7868367602077531,-0.6559622457430621,0.0,-1,0.009931348872547652
1116.57,0.37622862952594005,-0.3472467787244935,3.180824637895711,0.0,-1,0.0074066113185917715
1124.84,0.9065911224161027,0.061038571388556395,5.971634991539396,0.0,-1,0.0006089754987377294
1125.525,1.1533064419932089,0.10258463032188758,6.211853067759812,0.0,-1,-0.0016614468803448634
1123.655,1.0247218982822233,-0.008666637796366006,5.296726685644195,0.0,-1,0.007061776078956639
1131.59,1.5362861349030936,0.16763253294150138,8.483401531503674,0.0,-1,0.010383619508832709
1143.34,2.6432110753050893,0.42485249111449885,12.841571755916526,0.0,-1,-0.005929994577291042
1136.56,2.4114059558974077,0.06434912390227243,8.878871518327045,0.0,-1,-0.0004399239811360145
1136.06,2.0528862332021163,-0.09805686626433952,8.576205808670586,0.0,-1,0.0033889055155538195
1139.91,2.0233858524209154,-0.042519082348513315,10.321263514572529,0.0,-1,-0.00021492924880039954
1139.665,1.8196035076618955,-0.082100475702511,10.142119833235895,0.0,-1,0.008879802398073178
1149.785,2.4094120429772374,0.16923601987094372,14.923170199982977,0.0,-1,0.00510530229564643
1155.655,2.9926986403866067,0.250840872426771,17.44029453673386,0.0,-1,-0.0019729071392413644
1153.375,2.8449503857259515,0.03436420592203859,15.414422177630755,0.0,-1,0.00638994255987857
1160.745,3.148163726251596,0.11252584881589422,18.78249128324927,0.0,-1,0.0008572080861861675
1161.74,3.1203400859935755,0.028234069519291083,19.231959390845347,0.0,-1,0.008461445762390829
1171.57,3.6655665920316096,0.19115352518577522,23.431114396651964,0.0,-1,-0.04037317445820565
1124.27,-0.30895070428528015,-1.2611212570437051,-7.546199411641048,0.0,-1,-0.03550748485684052
1084.35,-5.59713012708653,-2.1831002266149855,-19.58013734992844,10.078619579543783,-1,-0.005505602434638046
1078.38,-8.272292327896594,-1.6194208091416833,-20.948499489617838,6.277911930757227,-1,-0.019056362321259845
1057.83,-10.63301573431022,-1.3267147385184366,-25.212954611182578,14.949993270582809,-1,0.004773923976442607
1062.88,-10.50645945965789,-0.40005282128870157,-22.314558353031426,0.0,-1,-0.00878274123137135
1053.545,-10.345559700693684,-0.07971768744149799,-24.345117201702806,0.0,-1,-0.017654680151298785
1034.945,-10.952979846153767,-0.22904594430052683,-27.928917996609247,1.5178825927096113,-1,0.01603466850895452
1051.54,-8.961024931704287,0.5876363233829842,-18.449802229923645,0.0,-1,0.0006086311505031361
1052.18,-7.164962063504163,0.7945663971943695,-18.094871344559298,0.0,-1,0.00951833336501351
1062.195,-4.835267124112306,1.0414204455287424,-12.463354724643857,0.0,-1,0.005978186679470365
1068.545,-2.738314060740322,1.0461245029669088,-9.02442729944407,0.0,-1,0.013682156577401905
1083.165,-0.24331135732586517,1.1803757354604554,-1.7376493363001089,0.0,-1,-0.0025157755281973726
1080.44,0.797382607491727,0.7403565667593492,-2.9408132468943506,0.0,-1,-0.008394728073747859
1071.37,0.49544770594297916,0.14614055507020052,-6.91326124126487,0.0,-1,-0.006902377329960685
1063.975,-0.3130570536598043,-0.22078806817752766,-9.9741185832344,0.0,-1,-0.017664888742686458
1045.18,-2.257471345656313,-0.7217341200580121,-16.66215501836961,0.0,-1,0.005180925773550893
1050.595,-2.5903058795165634,-0.35152288463942094,-13.277453761755439,0.0,-1,-0.017628105978040987
1032.075,-4.084197656487049,-0.6151382205366356,-19.21698486883006,0.0,-1,-0.01137514231039416
1020.335,-5.469127073598429,-0.6666892125493389,-22.365173344066903,0.0,-1,-0.010604360332635898
1009.515,-6.6074978593542255,-0.6016866661017115,-24.984968186960625,0.0,-1,0.019578708587787208
1029.28,-4.978975097285911,0.3422786986555346,-12.884990107294605,0.0,-1,0.01322283538007163
1042.89,-2.6156324581447734,0.9018737792655576,-5.974350682891391,0.0,-1,0.028229247571651683
1072.33,1.237341566271425,1.5849492678939192,5.720850095167641,0.0,-1,0.0014920779983775834
1073.93,3.194050114623451,1.1805526054153153,6.272561953092563,0.0,-1,-0.04184630283165569
1028.99,0.16123354591422867,-0.6174213210979691,-9.482660520873225,0.0,-1,0.016200351801280988
1045.66,0.02055579940019925,-0.25269968920399954,-3.328774120569136,0.0,-1,0.023946598320677914
1070.7,2.0351706095264035,0.5873050403074016,4.52360616293808,0.0,-1,-0.016517231717567915
1053.015,1.3991304637957,-0.01624503514110054,-1.12399074616566,0.0,-1,0.006695061323912732
1060.065,1.552016185614093,0.04554689555909741,1.1186704719851974,0.0,-1,-0.006825053180701257
1052.83,0.8962076977220477,-0.20342053077764932,-1.3164907018033531,0.0,-1,0.015539070885138173
1069.19,1.8569528122991414,0.2524415279331482,4.168935310616774,0.0,-1,0.0187151020866263
1089.2,3.8500793018961303,0.7485226725100458,9.982291210170366,0.0,-1,0.016626882115313935
1107.31,6.034969271536738,0.9778042140502183,14.50929117235414,-5.045293935419522,-1,-0.010128148395661452
1096.095,5.68991681706234,0.21091725319193966,9.850588292831638,0.0,-1,-0.004178469931894524
1091.515,4.66156418840319,-0.27247845848907026,7.951559449813004,0.0,-1,-0.011758885585630985
1078.68,2.689340858373498,-0.7482339295062541,2.740835910938266,0.0,-1,0.020112544962361367
1100.375,3.287034121827446,-0.050180222017435216,9.568525342570545,0.0,-1,-0.0038077927979098813
1096.185,2.962794576735405,-0.124806589036492,7.777273598845234,0.0,-1,0.0017241615238303698
1098.075,2.711275256128147,-0.1254419698812499,8.404168673051558,0.0,-1,-0.0118525601621019
1085.06,1.2749926578137547,-0.5205748560652141,2.4461475868895235,0.0,-1,-0.005580336571249345
1079.005,-0.053981362827926205,-0.6165162922356318,-0.1809781052371946,0.0,-1,0.0020296476846723976
1081.195,-0.5314699262464728,-0.3646682852180595,0.8092565096090567,0.0,-1,-0.004425658646220021
1076.41,-1.1246750474351757,-0.31929113546892085,-1.5135584348745041,0.0,-1,0.01948142436432221
1097.38,0.41994531259001633,0.40844307485209036,7.865930189039382,0.0,-1,-0.00033716670615480115
1097.01,1.126426716553624,0.37164149293856596,7.660107219463342,0.0,-1,0.016927831104547764
1115.58,2.9332985254891355,0.7261711006246925,14.668260486558452,0.0,-1,-0.018048907294860084
1095.445,1.9143762194994451,-0.09758373512166596,3.916640995812493,0.0,-1,-0.00680545349150341
1087.99,0.6241337148796902,-0.4626087465804738,0.4649935254574018,0.0,-1,0.002784952067574231
1091.02,0.17950131966313165,-0.3024137139323441,1.8568379311219871,0.0,-1,-0.007039284339425578
1083.34,-0.6977733212504518,-0.3932294516153092,-1.945807479404479,0.0,-1,0.0012046079716432345
1084.645,-0.9695128649364051,-0.22165633176708754,-1.236449258727795,0.0,-1,0.011506068805922753
1097.125,0.015410101965244394,0.2544222117115207,5.256038002367056,0.0,-1,-0.006011165546314201
1090.53,-0.04299592308097999,0.0653387288884321,1.429532330886751,0.0,-1,-0.028940056669692682
1058.97,-2.69861594201393,-0.8634270966815061,-12.411239514458074,6.829125652596986,-1,-0.009820863669414703
1048.57,-4.668207956312699,-0.9443397036600918,-15.78290659153199,8.901766136933702,-1,-0.011606282842347104
1036.4,-6.278153300436088,-0.8514283492611607,-19.35675526743691,11.366073879407168,-1,0.01091277499035126
1047.71,-5.617446530794723,-0.06357385987326492,-12.604791051907,0.0,-1,-0.01706101879336841
1029.835,-6.308555935074537,-0.2515610880510266,-18.064355381008223,3.4421253245632215,-1,0.006200022333674893
1036.22,-5.596314309291529,0.15356017924399357,-14.336396631045837,0.0,-1,-0.012646928258477907
1023.115,-5.865917303959122,-0.03868093847453302,-18.2963837982189,0.0,-1,0.006734335827350835
1030.005,-4.937725692629783,0.2965035576182684,-14.136209435427041,0.0,-1,-0.009844612404794284
1019.865,-4.907152745912526,0.10902550144517509,-17.38490282551748,0.0,-1,0.006853848303451926
1026.855,-3.900436877061111,0.37191379009886383,-13.012916193701443,0.0,-1,0.0011686167959450433
1028.055,-2.972042536213621,0.4334360436487845,-12.24260617107943,0.0,-1,0.01800487328012612
1046.565,-0.7176751544388935,0.8959344751411709,-1.4607251588247934,0.0,-1,0.028904081447401753
1076.815,2.9901481326517114,1.5345859207439252,10.852832768546648,0.0,-1,-0.014761124241397083
1060.92,3.27029743180924,0.6049117399671515,3.393670169860549,0.0,-1,0.008610451306413358
1070.055,3.89909729540409,0.41123720118733376,6.7768941812082915,0.0,-1,0.009018228035007514
1079.705,4.6927391192512005,0.40162634167814826,10.17054004253719,0.0,-1,-0.012688651066726342
1066.005,3.556831771237057,-0.24476033544533182,3.5395821257906945,0.0,-1,0.03529064122588532
1103.625,5.827475449626945,0.6752944476481852,15.23045794793886,0.0,-1,0.006247593158908105
1110.52,7.051757668019491,0.6331922220135766,16.925313321163003,-1.5565277446751224,-1,0.009076828872960352
1120.6,7.916252304881027,0.49922895295837133,19.352030335867852,-4.569319118161729,-1,0.010217740496162753
1132.05,8.642978597905085,0.40865174866081055,21.94958739035701,-3.3819006096259727,-1,0.015688352987942134
1149.81,9.766093527924795,0.510588892893507,25.524675934859758,-5.470304937189212,-1,0.01638096729024796
1168.645,11.08339319894094,0.6092961879698837,28.72054004206818,-6.430521073091086,-1,-0.011474827685054145
1155.235,9.700926934537392,-0.2577233588112211,21.35038201317751,0.0,-1,0.004410358065674913
1160.33,8.625866557790914,-0.44426124518589916,22.439678048139527,0.0,-1,-0.00857083760654287
1150.385,6.540764156268324,-0.8431212155694965,16.921322344566065,0.0,-1,0.01691172955141096
1169.84,6.574399275817996,-0.2698286986732752,21.620499936947084,0.0,-1,-0.006449599945291484
1162.295,5.414600229274583,-0.4765425817388955,17.489139299227347,0.0,-1,0.006241960947952041
1169.55,4.988067353563338,-0.3010251524833807,19.376464549935946,0.0,-1,-0.006989867897909452
1161.375,3.677878636244259,-0.5370712899341532,14.675712540637804,0.0,-1,-0.010741577871057895
1148.9,1.676711057897819,-0.8460796227601977,8.01107723048493,0.0,-1,-0.0007093741840021872
1148.085,0.4684846805662346,-0.6847686666972608,7.580368029899034,0.0,-1,-0.0020251113811260435
1145.76,-0.3684188981465013,-0.5072240818033322,6.256428304694815,0.0,-1,0.013449588046362315
1161.17,0.5279975540092892,0.12973079011748606,12.590872673016648,0.0,-1,0.009158865626910817
1171.805,1.8184559839196481,0.4733964066759484,16.329686126022736,0.0,-1,-0.009997397177858192
1160.09,1.3358972002147311,-0.003054125676322794,9.100199544111888,0.0,-1,0.009576843175960637
1171.2,1.909126375011283,0.19005834970674296,13.313609828425108,0.0,-1,-0.00052510245901638
1170.585,1.985397097825171,0.08877635750687696,12.914965972207035,0.0,-1,0.008256555482942352
1180.25,2.663499367746681,0.2556262091427959,16.58837913243545,0.0,-1,2.9654734166495444e-05
1180.285,2.7835088887286474,0.1252119100415876,16.601690395264015,0.0,-1,0.009298601608933366
1191.26,3.5261379084920463,0.28928030993499565,20.67258183196789,-2.9714385032236805,-1,-0.0036809764451085636
1186.875,3.238190925999561,0.00044444248083674864,17.044708615611043,0.0,-1,0.008096893101632308
1196.485,3.625201524253498,0.12915168024492463,20.70642573117331,-0.3635257803632612,-1,-0.012177336113699644
1181.915,2.3024400296926615,-0.39786993810530413,9.558435709514534,0.0,-1,0.0055249319959556065
1188.445,1.9933559466044244,-0.23565134039784708,12.502524084275699,0.0,-1,0.006096201338724239
1195.69,2.2764509095097765,0.015814540835835,15.590565595185339,0.0,-1,-0.013000861427293064
1180.145,0.9328774818368402,-0.4425862956123672,4.826394158888036,0.0,-1,-0.009693724076278776
1168.705,-0.7699823554860359,-0.7151487109784146,-1.6604652422340962,0.0,-1,-0.011688150559807542
1155.045,-2.695580411190349,-0.880248922227576,-8.21898658500411,0.0,-1,-0.0037790735425892175
1150.68,-3.797497738109996,-0.6607220830490745,-10.139162122257872,0.0,-1,0.014369763965655036
1167.215,-2.654081590060514,0.16089802166680256,-0.39157102105168917,0.0,-1,-0.016081013352295837
1148.445,-3.4253667168641186,-0.20346236837893406,-8.811903100404905,0.0,-1,0.01952204937981361
1170.865,-1.6572287205272005,0.5215585426526612,2.0008465887963354,0.0,-1,-0.0011316419911775455
1169.54,-0.7454739956481262,0.4777710891772453,1.380538663463291,0.0,-1,-0.008434940232912136
1159.675,-1.0495571335711702,0.05789598375140037,-3.234363199977061,0.0,-1,-0.004285683488908565
1154.705,-1.528302274735097,-0.14028305247084205,-5.473100141685137,0.0,-1,-0.020988044565494968
1130.47,-3.6598996557559076,-0.7572934778305509,-14.643522356114083,5.853103802627857,-1,0.0146885808557502
1147.075,-3.0369567082866524,-0.04478351012043191,-5.881780490386696,0.0,-1,0.0007976810583441019
1147.99,-2.3961555088615114,0.19867256310156955,-5.421856340418522,0.0,-1,0.0013153424681400239
1149.5,-1.7502419500769975,0.28152870729536117,-4.597898015398442,0.0,-1,0.011157024793388537
1162.325,-0.21268167484504374,0.6063629941757717,2.1197670894033322,0.0,-1,-0.00025810337039977593
1162.025,0.5488219356745958,0.4559555348984704,1.9536250056471403,0.0,-1,-0.007202943138056472
1153.655,0.1863385796282273,0.031157392950700635,-2.718653444970343,0.0,-1,0.012079001087846875
1167.59,1.1508186866360575,0.33187916665284367,4.8007456802889195,0.0,-1,-0.011039834188370845
1154.7,0.4629905162535124,-0.1186496679099005,-2.205708575339486,0.0,-1,-0.011734649692560772
1141.15,-1.048672778625587,-0.5434376542630001,-8.415626424827778,0.0,-1,0.02640318976471101
1171.28,0.7937183054871184,0.4329844766165686,5.7797855014446355,0.0,-1,0.01065074106959929
1183.755,2.6883539887528514,0.7758733866274339,10.226246177488349,-1.776188710988663,-1,-0.005077064088430672
1177.745,2.9108089979897613,0.3327761319547813,7.150133305871108,0.0,-1,0.005332223868494523
1184.025,3.3028024194425143,0.24158985113584475,9.548907612978994,0.0,-1,0.012926247334304364
1199.33,4.4989822618817925,0.4792565645250413,14.873708740100312,-4.383238443079563,-1,-0.008325481727297634
1189.345,3.8900736612779383,-0.04321734535960431,9.222609865191714,0.0,-1,0.01203183264738139
1203.655,4.4539465558696065,0.1735518497440216,14.189892374375702,0.0,-1,-0.002671031150952685
1200.44,4.096804123509628,-0.06119686087198595,12.295563465719603,0.0,-1,0.005181433474392705
1206.66,4.095165897037305,-0.020945029114769476,14.544802180894564,0.0,-1,-0.0080221437687501
1196.98,2.9464162923814,-0.38989821125689117,8.509337168997696,0.0,-1,0.05215625992080075
1259.41,7.329006799021499,1.3308974317944031,25.15644223568465,-24.462726419050114,-1,-0.009853820439729821
1247.0,7.8753848190897315,0.6257584839542121,19.038367237168302,-1.226841881440123,-1,-0.002514033680834027
1243.865,7.231041760866447,-0.006194858089690669,17.496131648633934,0.0,-1,-0.0038026634723221653
1239.135,5.912116751682561,-0.4417066224245252,15.059704763150208,0.0,-1,0.006536818022249369
1247.235,5.4349778511170825,-0.3062818409966681,17.3053084526816,0.0,-1,0.00361198972126342
1251.74,5.118910246574615,-0.20744981517971173,18.55423244775625,0.0,-1,0.01593382012238953
1271.685,6.196383923755548,0.2900079540004068,23.52854735296164,0.0,-1,0.012451982998934463
1287.52,7.538338768699532,0.5439875996481307,26.770144893309677,0.0,-1,-0.014310457313284397
1269.095,6.0457046271133095,-0.31621551397936365,16.2773042972658,0.0,-1,-0.016562983858576352
1248.075,3.0439121707272534,-1.1060026567884735,6.490155503584397,0.0,-1,0.010528213448711021
1261.215,2.384356594973724,-0.5885194108473342,10.537719112085753,0.0,-1,0.00014271952046240877
1261.395,1.8708824241825823,-0.3673311938794921,10.5935158065639,0.0,-1,0.017631273312483486
1283.635,3.3115718034384827,0.35778606179213623,16.999261764853316,0.0,-1,-0.006029751448036302
1275.895,3.1109521761131873,0.05238881148894681,13.036844945275902,0.0,-1,-0.0158359426128325
1255.69,1.067646347774371,-0.6636390056166233,3.806820421018365,0.0,-1,0.010544003695179605
1268.93,1.060356237957194,-0.22364303847793332,8.257010454594138,0.0,-1,0.011951013846311476
1284.095,2.2320981632187795,0.31603296226121746,12.816001217831598,0.0,-1,-0.005973078315856695
1276.425,1.9927942789147437,0.02557635931906055,9.183575025842252,0.0,-1,0.008206514287952826
1286.9,2.5799928135199934,0.20425829797477002,12.476250288881232,0.0,-1,-0.013528634703551257
1269.49,1.2077593463625362,-0.3893250563942292,4.375594378486355,0.0,-1,0.06337190525329062
1349.94,7.125162667253562,1.8426927548322656,22.609758472739998,-32.26165644325101,-1,0.015837740936634148
1371.32,11.271767438761344,1.9964325087800159,25.500950974704878,-30.45314597242009,-1,-0.02060058921331276
1343.07,10.051589204618267,0.2587514248789802,15.37045119566912,0.0,-1,0.002069884667217581
1345.85,8.835534320495299,-0.3191011530813288,15.871158390245668,0.0,-1,0.03537541330757521
1393.46,11.458712351725808,0.7680256260497274,23.23514206879412,-15.034933181788801,-1,-0.013900650180127205
1374.09,10.201242004697406,-0.16314824032622433,16.72666172934227,0.0,-1,0.010825346229140775
1388.965,9.961986664124879,-0.13413452696624972,19.071956125817778,0.0,-1,-0.014982378965632592
1368.155,7.2780267718283085,-0.9393648064209401,12.251358628710015,0.0,-1,0.0020684790831446698
1370.985,5.565377928027601,-0.8840045500738825,12.806318624335859,0.0,-1,-0.019609988438969106
1344.1,2.0048553454582816,-1.481509044214401,4.3691960300729775,0.0,-1,0.012078714381370537
1360.335,1.4104394420521658,-0.6919749825401724,8.14203982466443,0.0,-1,0.018741707005994757
1385.83,3.1202782035113614,0.3392879263063411,13.419453172491949,0.0,-1,-0.0027745105821060934
1381.985,3.3947577339483814,0.20458915224778718,12.10730004789081,0.0,-1,0.01538005115829777
1403.24,5.020351021337774,0.6100608132123932,16.379821889051144,0.0,-1,0.009734614178615209
1416.9,6.553118413254424,0.714276068376348,18.885037466677815,0.0,-1,-0.005801397416896115
1408.68,6.088408908108249,0.08318885441005808,15.615902800134535,0.0,-1,0.018790640883664222
1435.15,7.554520079859458,0.5164333420537552,20.606954939637973,0.0,-1,0.011521443751524085
1451.685,9.035948992413523,0.6659540848692735,23.29724046108936,0.0,-1,0.02194690997013815
1483.545,11.67866769932266,1.1028909305928032,27.67240847216391,-10.050358376724716,-1,0.01243979791647698
1502.0,13.564721411167056,0.9963148808124007,29.80233899643953,-18.18140808603175,-1,-0.002463382157123828
1498.3,13.069021482825292,0.16687165082354483,28.1417885578515,0.0,-1,-0.021157311619835806
1466.6,9.090419728418965,-1.2705767011942601,15.222243691072563,0.0,-1,0.01005045683894723
1481.34,7.571917207180832,-0.9296930741441312,17.959171349142352,0.0,-1,-0.007672107686284013
1469.975,5.234589512630009,-1.0890069228983181,13.666735738701242,0.0,-1,0.018235003996666554
1496.78,5.863459872635303,-0.1533788542976744,18.826655777963282,0.0,-1,-0.0013896497815309994
1494.7,5.515940063251946,-0.16696622122701044,17.994097237906132,0.0,-1,0.00085635913561255
1495.98,4.9891851532891,-0.23124037706328604,18.256649042619728,0.0,-1,-0.00978956937926978
1481.335,3.0896256022003854,-0.7102666427173334,11.810718583825455,0.0,-1,-0.011013713980969952
1465.02,0.5227936931391923,-1.0923661839261756,5.341567405507462,0.0,-1,-3.7542149595282126e-05
1464.965,-0.8087717358196187,-0.8079772042949954,5.31988048723003,0.0,-1,0.004204878614847418
1471.125,-0.893823472314125,-0.2976763135965006,7.3974588130498375,0.0,-1,-0.016310646613985846
1447.13,-2.8614473845352677,-0.7551000752725479,-2.218643722400863,0.0,-1,-0.02507376669684136
1410.845,-6.630555391934422,-1.508069360890568,-12.714356302880127,0.0,-1,0.00884576264579029
1423.325,-6.922563112972966,-0.6000256939763711,-7.857470964338141,0.0,-1,-0.00013349024291720024
1423.135,-6.507520047410935,-0.061660876138113,-7.9126074914991165,0.0,-1,0.004511167246958436
1429.555,-5.222705177345688,0.40771799797571173,-5.201131812034433,0.0,-1,-0.014689886013479758
1408.555,-5.89507231086759,-0.08821637851539688,-11.7158208569291,0.0,-1,0.0022398841365796063
1411.71,-5.4770831850562445,0.10992424909864962,-10.25315869162565,0.0,-1,0.007901764526708766
1422.865,-3.882081690062705,0.5683085813640627,-5.121083991270623,0.0,-1,-0.0034578122309566472
1417.945,-3.1710741350605076,0.4264387121220867,-6.919328062703499,0.0,-1,-0.0005606705478702345
1417.15,-2.6175641796378386,0.32664955584825206,-7.227033497295736,0.0,-1,0.022248879793952625
1448.68,0.504821146376571,1.1496782939542207,6.4730992682712625,0.0,-1,0.0025954662175220466
1452.44,2.3372787138523563,0.9940452871433354,7.811359097057583,0.0,-1,0.0026369419735066124
1456.27,3.3779009381025844,0.6782225037978544,9.23006108445751,0.0,-1,0.0066505524387647785
1465.955,4.423803638719164,0.5747084014714781,12.749593727837194,0.0,-1,-0.01402498712443423
1445.395,2.8647713524674145,-0.3281079615934237,2.1339457547979066,0.0,-1,0.007174509390166728
1455.765,2.71069092996936,-0.16072946136382615,6.279074930256122,0.0,-1,-0.014023554625918422
1435.35,0.7065098078894607,-0.7216368611479085,-2.6838187649195717,0.0,-1,-0.003291880029261063
1430.625,-0.7482065704746219,-0.7254510798373303,-4.545429080777005,0.0,-1,-0.0011603320227173697
1428.965,-1.5515475454503758,-0.5095973516043615,-5.232974035640915,0.0,-1,-0.008632121850430052
1416.63,-2.8518390708172774,-0.6032962923237544,-10.203038363794654,0.0,-1,0.004673062126313798
1423.25,-2.712664910932517,-0.15470737747966457,-6.464873492725644,0.0,-1,-0.009892850869488767
1409.17,-3.5903557550791447,-0.3441327405420975,-12.035677192243597,0.0,-1,-0.0018237686013753418
1406.6,-3.944171530895801,-0.23264950545291807,-12.995994466052956,0.0,-1,0.006323759419877728
1415.495,-3.051148457896261,0.22012452251554082,-7.411213678340232,0.0,-1,0.010360333310962089
1430.16,-1.1282912165718244,0.7143272546133259,0.6097734357349722,0.0,-1,-0.010484840856967104
1415.165,-1.322421661195449,0.1733989366632338,-6.3229831530562635,0.0,-1,-0.00017665784555154218
1414.915,-1.3301184117408411,0.05523406203928061,-6.433537261927988,0.0,-1,0.0029648424110282345
1419.11,-0.8735402527017868,0.1706040736927783,-3.890327455157035,0.0,-1,0.006645009900571486
1428.54,0.21337718120935278,0.4191738358679727,1.5618466157715574,0.0,-1,0.040100382208408725
1485.825,5.512804466397483,1.9062003736853677,21.21714054806263,-9.277958851440417,-1,-0.02192384702101524
1453.25,4.988534403458516,0.4606434369154666,6.684160394801928,0.0,-1,0.003681403750214862
1458.6,4.756521505034016,0.0762101794969885,8.239284065610931,0.0,-1,0.0009084053201700026
1459.925,4.354554930402173,-0.10858546504495159,8.647825522602027,0.0,-1,0.004445433840779556
1466.415,4.331525398886015,-0.043871665520369696,10.738202829853748,0.0,-1,0.012803333299236552
1485.19,5.523633516554128,0.3827454840492477,16.22603823631846,0.0,-1,-0.004480908166631825
1478.535,5.104801449008619,-0.012028861165420679,12.770527209143857,0.0,-1,-0.0004260974545750029
1477.905,4.417485294485232,-0.23311500522960227,12.42790755960361,0.0,-1,-0.0033628683846390617
1472.935,3.291536776016301,-0.45302117456617763,9.577467840819985,0.0,-1,-0.009216292640204737
1459.36,1.3230177854472913,-0.8071800550450625,2.3265039562361025,0.0,-1,-0.012125178160289352
1441.665,-1.2460765252913006,-1.1254247885945516,-5.514940893323782,0.0,-1,-0.008732958072783847
1429.075,-3.475950636886182,-1.1184329667298112,-10.226851069750545,0.0,-1,0.007032521036334671
1439.125,-3.4637251396100055,-0.3687358231512117,-5.054658062780618,0.0,-1,0.017524537479371105
1464.345,-1.0673019626710811,0.6758957845959044,5.581503609130301,0.0,-1,0.0028954925239612628
1468.585,0.5731847893544,0.7721275122071286,7.128666766434378,0.0,-1,-0.0018793600642795782
1465.825,1.1156627662542178,0.4382018297023156,5.724813863663549,0.0,-1,0.014350280558729667
1486.86,3.046846524182911,0.7897951958770029,13.351191406157291,0.0,-1,-0.0005649489528266605
1486.02,3.6885345261321163,0.4771610659420693,12.870683708931395,0.0,-1,0.03329026527233814
1535.49,7.82450064992895,1.537709063246301,25.18631999183509,-19.90031924448226,-1,0.005506385583754936
1543.945,9.9450253243333,1.2194112458835509,26.656705595142498,-15.050140996800792,-1,-0.0014378750538394103
1541.725,9.991535551174366,0.4219738242415385,25.35400899345258,-2.2785381743790367,-1,-0.008853719048468323
1528.075,8.04466270199714,-0.5082996749785629,17.51549476116753,0.0,-1,0.017535134073916492
1554.87,8.63375438557523,0.02693066953317569,23.522781346945806,0.0,-1,9.647108761612344e-06
1554.885,8.210070695233298,-0.13225100693625258,23.52582657268728,0.0,-1,0.01329037195676852
1575.55,9.036139625459555,0.2312726410966679,27.48900374065542,0.0,-1,-0.005677382501348749
1566.605,7.950745788450831,-0.2847070653040191,22.28461894384587,0.0,-1,-0.015919775565633953
1541.665,4.667153387575581,-1.1894331553930897,9.834948897413256,0.0,-1,0.02919570723860243
1586.675,6.387261071506828,0.1768915095127186,20.145675105027934,0.0,-1,-0.021803456914617048
1552.08,3.832126490846804,-0.7927476903824351,7.532700935396456,0.0,-1,-0.010395727024380186
1535.945,0.8906319929462825,-1.244747396094319,2.6286810924282946,0.0,-1,0.010762104111800896
1552.475,0.7231654112504202,-0.4707379925967272,6.818511453031476,0.0,-1,0.05000080516594463
1630.1,7.0479183361317155,1.951338310761523,20.453896963168162,-3.6818184132030183,-1,0.009484080731243516
1645.56,10.911301603894799,1.9382405261748694,22.38364885386349,-5.856287674253281,-1,-0.004299448212158774
1638.485,11.344134770784876,0.790357897688315,20.057018639324497,0.0,-1,-0.0060970957927597436
1628.495,9.782706789997746,-0.2570233610329389,16.69369835032363,0.0,-1,0.0026312638356273954
1632.78,8.543850567104528,-0.49862652797538587,17.438706549799605,0.0,-1,-0.00952975906123299
1617.22,5.915768241732394,-1.0422362844491735,11.856142302005743,0.0,-1,-0.010824130297671375
1599.715,2.64999639223538,-1.4360027113153961,6.055782546863718,0.0,-1,0.018787721562903537
1629.77,3.3008607681340436,-0.26171277847224417,12.724048920215623,0.0,-1,0.007025469851574151
1641.2199,4.305379558738878,0.24760200404419663,14.973859439546985,0.0,-1,-0.0033968025856864204
1635.645,3.9842823241463066,-0.024498410182791197,12.919413333352182,0.0,-1,0.014183945782856311
1658.8449,5.425035179837778,0.47208481516956,17.6492577927375,0.0,-1,-0.011128165146723545
1640.385,4.155000342696894,-0.26598334065710816,10.793462186010572,0.0,-1,0.023238508033175176
1678.5051,6.350407895568651,0.6431414040715495,18.190168447771484,0.0,-1,-0.014629148282004012
1653.95,4.872652680707233,-0.278204603596623,10.077941542728375,0.0,-1,-0.01222830194383151
1633.725,2.0423040165508155,-1.036184422584347,4.179250703601554,0.0,-1,0.0026473243660958268
1638.05,0.8173543497600804,-0.7537113631250274,5.223832800846395,0.0,-1,-0.00856811452641848
1624.015,-1.0328166794488425,-0.8679607974446502,1.0292981861967618,0.0,-1,0.0014531885481352536
1626.375,-1.6751674707657003,-0.503437196253836,1.7145195125367607,0.0,-1,-0.02981477211590189
1577.885,-5.897578910527045,-1.575282878671727,-10.80576956858691,0.0,-1,0.020983785256846854
1610.995,-4.758153054530339,-0.14528567422500682,-1.3700258993554897,0.0,-1,0.015484219379948483
1635.94,-1.7131773719877401,0.9665633361058643,4.535824992212497,0.0,-1,0.01113121508123771
1654.15,1.4695752502825599,1.383105319458722,8.413806969433324,0.0,-1,0.002103859988513701
1657.6301,3.228495290560886,1.0473417865790164,9.15363227581242,0.0,-1,-0.008868082209655848
1642.9301,2.613914036486676,0.14425351083493565,4.595179910800049,0.0,-1,-0.024222028679126373
1603.135,-1.227461093591046,-1.232373873080929,-5.67838821602944,0.0,-1,0.0010728977908909254
1604.855,-2.9025269008304804,-0.9691465601067879,-5.179730076322606,0.0,-1,-0.030096176913179007
1556.555,-7.52318256271451,-1.863267407330273,-14.968905983037814,16.50276140665528,-1,-0.03686024586346126
1499.18,-13.987828513430259,-2.775971119348675,-22.807719808324816,42.63828823199856,-1,-0.039661681719339925
1439.72,-21.00949911266889,-3.265880572862436,-28.378766652469466,58.412122716045815,-1,0.009988053232572902
1454.1,-21.57120948623242,-1.2758636488086559,-24.28892289652821,15.366079195516022,-1,-0.06905989959425063
1353.68,-28.42279721582827,-2.7091504594681695,-31.698747478914946,62.70654034174049,-1,-0.03076798061580288
1312.03,-32.95085797930733,-2.412403740982409,-33.84441585721771,50.141615432898334,-1,0.07813845719991153
1414.55,-23.92565019610447,2.2042680140734845,-13.487176515312896,0.0,-1,-0.08489272206708853
1294.465,-27.42632545482752,-0.43213574821652045,-22.254621488129665,6.060946586631644,-1,0.04122938820284827
1347.835,-22.443635962953522,1.5168512478858247,-14.59523404824509,0.0,-1,0.07165194552745713
1444.41,-10.034071553437116,4.6421385524674115,-3.2465633307027986,0.0,-1,0.03292347740599966
1491.965,0.9697999474408334,5.215336684448454,1.4228813022977391,0.0,-1,0.012664506204904225
1510.86,7.965502368926309,4.0703463686446435,3.2334587241214834,0.0,-1,0.036406417537032
1565.865,15.383311715592072,3.829385238436803,8.264974051753846,0.0,-1,0.04099650991624437
1630.06,23.159857079292124,3.868643534045617,13.374737743602985,0.0,-1,-0.039633510422929175
1565.455,19.734391671201138,0.14772604198487826,5.743163119009665,0.0,-1,-0.035127167500822454
1510.465,11.794626327888864,-2.597346433775799,0.04383520770259963,0.0,-1,0.12804004064973373
1703.865,22.958524795575386,2.855517344636908,14.305344081202875,0.0,-1,-0.00982472202903395
1687.125,25.232263629787212,1.709752059616246,12.586973563487383,0.0,-1,-0.0018701044676594503
1683.9699,24.003519411077605,0.16033594696887832,12.238680130335908,0.0,-1,-0.01423719034407922
1659.9949,19.39093735079973,-1.4840820377696637,9.445596117416422,0.0,-1,0.043732122309532384
1732.59,21.518326541427314,0.21443571761930613,14.765437576748155,0.0,-1,0.03286120778718571
1789.525,25.533410591622214,1.4098399226047356,18.379972451896094,0.0,-1,-0.03190505860493709
1732.4301,20.655260067417885,-1.1561035338665313,11.365669838953629,0.0,-1,-0.020081676022599693
1697.64,13.595738133030864,-2.738541822751184,7.380595056512838,0.0,-1,0.0022943615843169507
1701.535,9.257582321418113,-2.358899211454645,7.722128616627309,0.0,-1,0.0368315080206989
1764.2051,11.539547555493755,-0.025644659126333735,13.020020441872845,0.0,-1,-0.011676646893266529
1743.6051,10.00223454290699,-0.5209858905710334,10.261997833145657,0.0,-1,-0.0017205730815996745
1740.6051,8.150058491371283,-0.7910539807022463,9.838247867927585,0.0,-1,0.03129658760622944
1795.0801,11.084382257989319,0.7144232619719304,14.828178268003825,0.0,-1,-0.02123309149268604
1756.965,8.451587286465838,-0.6394572365171829,9.117889473054177,0.0,-1,-0.004550517511731855
1748.9699,5.764632526831747,-1.1088039987170912,7.928642824308781,0.0,-1,0.024868981450166583
1792.465,7.565360769778863,0.23064141474334132,12.489811993269015,0.0,-1,-0.026120510023905585
1745.6449,3.933603160437542,-1.1337053981993268,5.3168783126946835,0.0,-1,-0.002002068118206579
1742.15,1.4986824257302942,-1.1895420443021916,4.795215184249216,0.0,-1,-0.00644026059753755
1730.9301,-0.778659810434192,-1.1556280934888927,3.0119418568155467,0.0,-1,-0.009639441823791839
1714.2449,-3.2428759443134823,-1.2066147424560612,0.30672997325989115,0.0,-1,0.03853008400375013
1780.2949,1.299422317439621,1.1118945064323476,9.415961329889619,0.0,-1,-0.013528601356999959
1756.21,1.4552112551962182,0.4225611480629816,5.308217654137337,0.0,-1,-0.005702677925760624
1746.1949,0.57724645280814,-0.15180121810836555,3.5962232987690967,0.0,-1,-0.0543810430324817
1651.235,-7.823164819453268,-2.8507374967899244,-9.5836721711307,22.330793662961696,-1,-0.01634231348051607
1624.25,-13.620190053962915,-2.882587577099857,-12.495718575059314,25.899006154873177,-1,0.012393473911035846
1644.3801,-13.706178500053966,-0.9895253410636364,-8.973782845398034,0.0,-1,-0.01237250438630344
1624.035,-14.302416181428498,-0.5285876741460562,-11.415606124976371,0.0,-1,-0.00554483123824312
1615.03,-14.159083673663417,-0.12841838879365852,-12.512882875694757,0.0,-1,0.009479700067490882
1630.34,-11.63166044697573,0.7996682792980092,-9.325774191965067,0.0,-1,-0.00048762834746118866
1629.545,-9.464893796383876,0.9888116432966214,-9.4450686984041,0.0,-1,-0.004927755907323861
1621.515,-8.261935988055939,0.7305898172081857,-10.73743528707341,0.0,-1,0.027135117467306902
1665.515,-3.305295751554013,1.8957433512367041,-0.8682087409076971,0.0,-1,0.003683545329822957
1671.65,-0.040284320673436014,1.720251594039094,0.3808850893594311,0.0,-1,0.016310232405108538
1698.915,3.867661754822848,1.8760658898451263,5.7467773317085005,0.0,-1,0.03247078282315474
1754.0801,10.096421313002338,2.7016084826748727,14.401305624785692,0.0,-1,-0.02037261582296035
1718.3449,9.391499316008776,0.6655621618937708,6.454599902074911,0.0,-1,-0.009835045339268045
1701.4449,6.848080041177809,-0.6259523709790651,3.0169980832767536,0.0,-1,0.02310401000937512
1740.7551,8.281547066997518,0.2691715516135478,9.405505631729248,0.0,-1,-0.0121183617385352
1719.66,6.550226657657731,-0.4873829525754134,4.950349439786393,0.0,-1,-0.005800565228010313
1709.685,4.307464231516178,-0.9100484595723222,2.867241867608392,0.0,-1,-0.015245556930077786
1683.6199,0.6550359991524601,-1.52082556397868,-2.3745993662387974,0.0,-1,-0.016847508157868507
1655.2551,-3.589497783625575,-1.9217864489189052,-7.473060987618112,0.0,-1,-0.001078504455295115
1653.4699,-5.56140652637896,-1.2978983972240972,-7.789063216580914,0.0,-1,0.004448281761887607
1660.825,-5.47098535389091,-0.40249240824534915,-5.887969412620336,0.0,-1,-0.006740565682717858
1649.6301,-5.902767654822583,-0.2780915697256736,-8.212794827912532,0.0,-1,-0.0058194864412332015
1640.0301,-6.426761500719749,-0.26736180520761366,-10.210845554915522,0.0,-1,-0.003548776330385639
1634.21,-6.638203298608232,-0.15960120103203224,-11.452431749112357,0.0,-1,-0.008808537458466104
1619.815,-7.3903239226685855,-0.3039072750307952,-14.49693682870754,0.0,-1,-0.001185320545864843
1617.895,-7.310523907809738,-0.07470242005731631,-14.907687942403662,0.0,-1,-0.0051981123620507
1609.485,-7.362246908062843,-0.042141806770140455,-16.778313475975708,0.0,-1,0.0028549504965873496
1614.08,-6.391671165850994,0.3094779784805697,-14.685041090500711,0.0,-1,0.025255811360031855
1654.8449,-1.9766690309240857,1.5748267044691593,0.5841202856883712,0.0,-1,0.009638365504827773
1670.7949,1.7247211224496368,1.7587389526142942,5.1833251456117395,0.0,-1,0.0047313407528355444
1678.7,4.090447772265861,1.3748218674768395,7.368331598486378,0.0,-1,-0.006522904628581627
1667.75,4.019940449485148,0.4347715148987086,3.3640370891838245,0.0,-1,0.002839154549542755
1672.485,4.044275083971115,0.15303538312822518,4.877292708523498,0.0,-1,0.026882094607724394
1717.4449,7.466077810883007,1.1916127033467054,16.38497038592716,0.0,-1,-0.021869639020151377
1679.885,5.42481435676541,-0.2832169169236307,3.677918855734717,0.0,-1,-0.0005655149013177319
1678.935,3.8729480999761563,-0.611694391237628,3.3907102872689308,0.0,-1,-0.00558389693466399
1669.56,1.993019296583725,-0.8305410648766864,0.43193156619507533,0.0,-1,0.00637293658209348
1680.2,1.7736366201720557,-0.34997458042945206,3.669657897736556,0.0,-1,0.006570646351624854
1691.24,2.4361422302852134,0.10417700989456868,6.914226572662116,0.0,-1,-0.006524739244577971
1680.2051,1.6448081828179966,-0.2290523458575493,2.807077941486149,0.0,-1,-0.0025562950618348568
1675.91,0.7541488105161989,-0.37323723938644915,1.2088919193700178,0.0,-1,0.004415511572817055
1683.31,0.8626400568223289,-0.08824866436010637,3.880866143774739,0.0,-1,0.007351587051701802
1695.685,1.8762490085734953,0.30845342913035334,8.14036048301692,0.0,-1,-0.00360025594376312
1689.5801,1.7179577337346927,0.050054051430517,5.338815503826012,0.0,-1,0.0007664034395291619
1690.875,1.6035572851708366,-0.0214487990444463,5.840304167016953,0.0,-1,0.0347098395800991
1749.565,6.303560620458029,1.5595181787475818,21.79157033318809,-12.068209303157573,-1,-0.015186689262759678
1722.9949,5.914090569729979,0.39001604267317713,10.752772911299772,0.0,-1,0.0009896140725664804
1724.7,5.368606330221837,-0.051822732278321126,11.178406433595903,0.0,-1,0.001658259407433027
1727.56,4.886813682949196,-0.17787179318365443,11.947507867364216,0.0,-1,-0.007163282317256714
1715.185,3.2074328857338514,-0.6190841967996663,6.5603577778413396,0.0,-1,0.006095552374816737
1725.64,2.971706413314905,-0.2849368897395377,9.838874696464039,0.0,-1,-0.0002636702904430521
1725.185,2.5682843093293286,-0.22945299790837126,9.621285476610254,0.0,-1,0.005703736121053682
1735.025,2.9725495648924607,0.05827075255158709,12.865933971518217,0.0,-1,-0.014688549156352315
1709.54,0.8032197289328451,-0.7036863611360096,1.0590581508583625,0.0,-1,-0.02910432046047473
1659.785,-4.49463016645791,-2.000512085508922,-13.721202433071525,0.0,-1,-0.0044493714547365615
1652.4,-7.384419266948498,-1.6301003953331703,-15.374229618182355,0.0,-1,-0.00010899297990807355
1652.2199,-8.228953878281345,-0.8248783355553391,-15.416927996833039,0.0,-1,0.0001574850902110736
1652.4801,-7.943791694091033,-0.1799053837883422,-15.287688784007614,0.0,-1,0.0033403730550218835
1658.0,-6.679236294155089,0.3615500053825338,-12.382666288458502,0.0,-1,-0.00462303980699641
1650.335,-6.129105569674039,0.30389357662119476,-14.799284979343682,0.0,-1,0.010531195181584296
1667.715,-3.894948076627543,0.8460170232225632,-5.772459956468893,0.0,-1,0.006682796520988354
1678.86,-1.524540323718611,1.072141592043832,-0.736596645010259,0.0,-1,-0.007317465422965519
1666.575,-1.23604142028762,0.45354683182494115,-5.642040117834071,0.0,-1,-0.002577081739495779
1662.2801,-1.346696850214812,0.11429713396591645,-7.2939218135197095,0.0,-1,-0.004930035557785928
1654.085,-1.9727248276606133,-0.17057694782662836,-10.418946269428218,0.0,-1,-0.004029478533448927
1647.4199,-2.676770080744973,-0.29154073363699595,-12.873951173528766,0.0,-1,-0.007253706234822133
1635.47,-3.80155353389182,-0.472108062261281,-16.95679082262032,0.0,-1,0.004170055091196945
1642.29,-3.4788157993077675,-0.049790109225742896,-12.591844229660673,0.0,-1,0.008019290137551982
1655.46,-1.9300456154066978,0.49966002489177574,-4.9110994492350954,0.0,-1,-0.01261582883307355
1634.575,-2.7352400555055283,-0.10184480506901838,-12.926957391125448,0.0,-1,-0.008185613997522379
1621.195,-4.024900604262712,-0.4638351179420672,-17.091502282176613,0.0,-1,0.021588951359953645
1656.1949,-1.4176641616193137,0.714467108233777,-0.578001162110624,0.0,-1,-0.005020423622847714
1647.8801,-0.6888072601627755,0.48110800323010516,-3.5930683387409204,0.0,-1,-0.011566436174573758
1628.82,-1.8553198710876586,-0.22846820256492606,-9.834207732336573,0.0,-1,-0.006025834653307194
1619.005,-3.101882853959296,-0.49167706181218795,-12.704094754191765,0.0,-1,-0.004715859432182223
1611.37,-4.102924107565286,-0.4975727718060594,-14.873400655403671,0.7486158629260444,-1,-0.0007726344663235851
1610.125,-4.365284392071089,-0.2533110187706207,-15.239720716225747,0.0,-1,-0.00942162875553143
1594.955,-5.396857501651539,-0.4282947094503564,-19.540273781049343,2.800160584662308,-1,0.015508274528121646
1619.69,-3.401655931304049,0.522302286965711,-6.807319604011973,0.0,-1,-0.012616611820780443
1599.255,-3.823500485188333,0.03348591102714238,-13.022460856408607,0.0,-1,0.025086680985833887
1639.375,-0.37246438836496054,1.1615073359501717,2.0338739839894515,0.0,-1,-0.009829965688143316
1623.26,0.04117569241066121,0.5250491389085978,-2.9795826531488316,0.0,-1,0.010528196345625407
1640.35,1.6687310917641298,0.7175348460873555,2.4220614507683393,0.0,-1,-0.016886640046331447
1612.65,0.035114533794057934,-0.30536057062757216,-5.7102793733708594,0.0,-1,0.01153381080829674
1631.25,0.7653800436594338,0.14163497974593453,0.06886543205898477,0.0,-1,0.00663288888888891
1642.0699,1.9683894616202906,0.44821479923559715,3.206359190522157,0.0,-1,-0.005806634662750887
1632.535,1.6112867154658943,0.030370684360400357,0.12249995374511258,0.0,-1,-0.0148266346510183
1608.33,-0.7186218839003686,-0.7665126383352876,-6.920366301806702,0.0,-1,-0.0026331660791005795
1604.095,-2.1766076932583474,-0.7414994825644221,-8.065853765707061,0.0,-1,0.009778099177417676
1619.78,-1.4171332901657934,0.005991640176044033,-2.338806673733963,0.0,-1,-0.004719776759806837
1612.135,-1.5563849811055661,-0.04442001692124298,-4.7555245417420835,0.0,-1,-0.002127613382253979
1608.705,-1.7821454114834978,-0.09006014909972482,-5.870998066927001,0.0,-1,-0.04079678996459879
1543.075,-7.215680175715306,-1.8411983044438447,-21.04690099011503,28.588663408898583,-1,-0.015002511219480597
1519.925,-11.260307543188446,-1.961941890638995,-24.485793369709878,29.4927721568954,-1,0.010974225701926077
1536.605,-10.954262264992622,-0.5519655374810561,-18.018084428137044,0.6585216405762822,-1,-0.006976418793378958
1525.885,-10.781717770478508,-0.12647368098898149,-19.885370159732492,0.0,-1,0.03132280610924165
1573.68,-5.81405237568174,1.6137305712692624,-4.206833774616506,0.0,-1,-0.0010802704488841464
1571.98,-2.987381980309692,1.480133655547104,-4.609282211484349,0.0,-1,-0.006294609346174873
1562.085,-2.1496816175979347,0.7726113394196208,-7.050423019921389,0.0,-1,0.019064263468377085
1591.865,0.9299753652244362,1.2840894407473307,1.6457270098752872,0.0,-1,0.005141767675022724
1600.05,3.074389242867028,1.1428344394633074,3.7964997028984513,0.0,-1,0.0020405612324616573
1603.315,4.162480411449451,0.7436418693485769,4.689759958829399,0.0,-1,-0.009748552218372675
1587.685,3.0571526281196384,-0.12056197132707869,-0.40979545790638383,0.0,-1,0.014962035920223604
1611.44,4.229309350778067,0.3505315837771166,6.448046679572137,0.0,-1,0.01180310777937743
1630.46,6.047945266209126,0.7230558330693917,11.149982874611354,0.0,-1,-0.01659041006832429
1603.41,4.19910111840727,-0.37526277157748833,2.238078207527991,0.0,-1,-0.008226217873157915
1590.22,1.8255872846391412,-0.9162588684485393,-1.5848038925725447,0.0,-1,-0.0144131000742036
1567.3,-1.4233019059647631,-1.388382686350815,-7.578769941508348,0.0,-1,3.190199706626373e-06
1567.305,-2.928721342436347,-0.9646007076074665,-7.577042136154496,0.0,-1,-0.004485406477998888
1560.275,-4.023204282135794,-0.6863612157689709,-9.476719465758329,0.0,-1,-0.01105574337857107
1543.025,-5.672678728474239,-0.7786118873691388,-13.885801145395348,0.0,-1,0.04296106673579492
1609.315,-0.5005260576037927,1.464513594500436,6.379421493979507,0.0,-1,0.009904835287063207
1625.255,3.4555941159649137,1.8068779226897145,9.787473278571092,0.0,-1,-0.013640936345373555
1603.085,3.298188026418984,0.5498239443812616,3.3464462135534916,0.0,-1,-0.007572898505069925
1590.945,1.9329693127776864,-0.2717982564200119,0.06482740796482034,0.0,-1,-0.0027656518610007508
1586.545,0.7226125132256129,-0.49405168532402843,-1.1454342539713593,0.0,-1,0.024827534044101984
1625.935,3.339716404014098,0.7076840684881525,8.768876304488394,0.0,-1,0.05968873294442889
1722.985,12.457458649073942,3.275142104516,23.06330938836294,-49.06263042898013,-1,-0.006424896328174667
1711.915,15.055708217514166,1.9577972243187407,19.988094245080816,-17.277280183971016,-1,-0.014518828329677547
1687.06,13.028940650274762,-0.022990114306887577,13.33749629640323,0.0,-1,0.01724894194634463
1716.16,13.354811812465641,0.10096034929466313,17.37095488614038,0.0,-1,-0.0027183362856610938
1711.4949,12.01608807585535,-0.4125877957718753,16.07608759047872,0.0,-1,-0.012997351029208404
1689.25,8.491643867895618,-1.3123440012438685,9.96935468444665,0.0,-1,0.006192097084505077
1699.71,6.893451441591196,-0.9701788091827632,11.813249026081486,0.0,-1,0.01319054426931654
1722.1301,7.388242608306427,-0.15846254748917765,15.58822245028766,0.0,-1,-0.012464273169605522
1700.665,5.231192974305031,-0.7718373938301912,9.347218988169601,0.0,-1,0.019130751794151246
1733.2,6.427985409445682,0.1416516804368202,14.962116264128056,0.0,-1,-0.041959958458342994
1660.475,0.4302995095622464,-1.9520114064822054,-1.6304628136784913,0.0,-1,0.005591773438323511
1669.76,-1.8306517328428527,-1.4043208829624352,0.17487226632285768,0.0,-1,0.001257665772326444
1671.86,-2.6335730429752857,-0.7357473976982893,0.6088781042463154,0.0,-1,0.006403048102114006
1682.565,-1.9234859444602534,-0.008553433061085691,2.9311119821538014,0.0,-1,0.0007429133495586715
1683.815,-1.3039852331644397,0.20364909274490928,3.2164966504795274,0.0,-1,0.008593580648705412
1698.285,0.32026389191400995,0.6092994059411196,6.600981800294605,0.0,-1,-0.006491843241858697
1687.26,0.18694979679366952,0.1586617702735931,3.3345324939433993,0.0,-1,0.0036479262235813437
1693.415,0.6176302661674526,0.19644741321579212,4.947328560903927,0.0,-1,0.031076257149015518
1746.04,5.166917978673837,1.5819117085740588,16.083123534721267,0.0,-1,0.01867082082884708
1778.64,9.727652003370622,2.047548577756948,21.014464079274703,-18.991325203415954,-1,-0.006117033238879244
1767.76,10.290714682104863,0.8702037521637305,17.381519828142743,0.0,-1,-0.008903980178304738
1752.0199,8.403011464629799,-0.3391664884371117,12.261544242846071,0.0,-1,0.012656819708497524
1774.1949,8.606825567173246,-0.045117461964554906,16.273135591476503,0.0,-1,0.008285448233449566
1788.8949,9.216497154513718,0.188184708458639,18.722094096842483,0.0,-1,-0.026317868087163743
1741.815,4.829966518641186,-1.399448642471298,4.610984799205809,0.0,-1,-0.008709363508753842
1726.6449,0.970028990818264,-1.7531287234314066,0.8711956392472899,0.0,-1,0.013071651270043949
1749.215,0.840066144338607,-0.6276971899703545,5.867285913855781,0.0,-1,0.0192400019437291
1782.8699,3.5096542090705043,0.6806302915871809,12.230889912041178,0.0,-1,-0.014928066259910389
1756.2551,2.3340770573472582,-0.16498228671202186,5.232908054609851,0.0,-1,-0.0024541992789088862
1751.9449,1.1925987267068194,-0.4354868724508203,4.137448641317164,0.0,-1,0.0028369042884852647
1756.915,0.9366513341610698,-0.23047808833218997,5.2739861439004585,0.0,-1,0.044598002749137056
1835.2699,7.260198360041386,2.0310229791827092,18.812362037036237,-7.3702158502940165,-1,0.0026372687744729006
1840.11,10.22029700964481,1.663707209595378,19.44711432299232,0.0,-1,0.0103635652216445
1859.1801,12.437829916975943,1.293746705642171,21.946667470431024,-3.2252025340612818,-1,-0.021617109606541063
1818.99,9.160935544226959,-0.6610492223689377,10.379584125444019,0.0,-1,0.007341931511443134
1832.3449,7.8719853958334625,-0.6499997902541441,12.599659804506082,0.0,-1,-0.0009877507231307314
1830.535,6.420686538650671,-0.700432882478979,12.07588679868843,0.0,-1,0.0031356953021930423
1836.275,5.6383132318383105,-0.49426872976378,13.162016744955821,0.0,-1,-0.009266041306449257
1819.26,3.3593504757789105,-0.924410495274393,7.717590739341539,0.0,-1,0.01984053956004095
1855.3551,4.94784822476754,0.22136241790474553,14.857634712809471,0.0,-1,0.009655725742204302
1873.2699,6.822676413864656,0.6987302023339534,17.851442143909665,0.0,-1,-0.008880140549954896
1856.635,5.80529247392451,-0.10621791253539747,12.36954166548675,0.0,-1,0.0016696873645061228
1859.735,5.071159464460834,-0.28011697399969115,12.98870514659555,0.0,-1,-0.017997187771375933
1826.265,1.492329671023981,-1.2863155891455147,2.6051595063197297,0.0,-1,0.006384615595217413
1837.925,0.5502206350533925,-0.7428082083720344,5.447987915260718,0.0,-1,0.0005985010269733415
1839.025,0.12498106414705035,-0.3893492597594589,5.726354110355622,0.0,-1,0.003287013499000846
1845.0699,0.4056878566816522,-0.036214155741619014,7.3533556399784175,0.0,-1,-0.003942940047962362
1837.7949,-0.09401606844107846,-0.17863936028811656,4.666965947407789,0.0,-1,0.009810724798507087
1855.825,1.1664749747008045,0.36061722761792225,9.846135798298647,0.0,-1,-0.0023170288146781015
1851.525,1.341180915046607,0.17844105598790816,8.087578786141435,0.0,-1,-0.020952944194650436
1812.7301,-1.9161395243675088,-1.026293127808736,-5.1297219430348235,0.0,-1,0.009871795034462005
1830.625,-1.893879783710645,-0.3346777957172906,0.6280196995018059,0.0,-1,0.0046540935472858536
1839.1449,-1.0149349314062874,0.18142235219568903,3.2129833316469814,0.0,-1,-0.021333229371976015
1799.91,-3.7604595943034838,-0.8547007702338361,-8.030547953562674,2.453651085932961,-1,0.0011223338944725825
1801.9301,-4.651508626226814,-0.5819166007190555,-7.337470984789448,0.0,-1,0.006287646784966849
1813.26,-3.7652490900029534,0.10144764516826843,-3.365585036046113,0.0,-1,-0.016467577732922956
1783.4,-5.496681897724102,-0.5433283875176267,-11.230132984892435,4.267420221244265,-1,-0.011399629920376908
1763.0699,-7.598516476774421,-0.8817209888559816,-15.616675113330729,11.184818188294685,-1,0.007033186829404903
1775.4699,-6.982890726568257,-0.0886984128832724,-10.943669983320845,0.0,-1,-0.004134004186722606
1768.1301,-6.704820290917951,0.06312400758901138,-12.691156586460323,0.0,-1,0.0019794923461797787
1771.6301,-5.715383382182836,0.35085363877470854,-11.239397211576545,0.0,-1,-0.0071516621895282295
1758.96,-5.800224645966637,0.08867079166363556,-14.542109486218237,0.0,-1,-0.009912107154227412
1741.525,-6.81220989069493,-0.30777148435488577,-18.629124698623688,0.0,-1,0.0070541623002826626
1753.81,-5.726768355501235,0.2592233502796031,-12.948579815583749,0.0,-1,-0.00857846631048964
1738.765,-5.960566891612416,0.008474938056140857,-16.699259285368406,0.0,-1,-0.018843834560737127
1706.0,-8.311168918700332,-0.7807090296772587,-23.25138065136586,0.8583772764482092,-1,0.0016236225087924439
1708.7699,-8.56304752235269,-0.3441958777765386,-21.922144703991865,0.0,-1,0.006004436290690807
1719.0301,-7.120382863982741,0.3661562601978039,-16.92390838747079,0.0,-1,-0.0013903770504075652
1716.64,-6.00486029613262,0.49389294268264194,-17.50835334217993,0.0,-1,-0.005382607885171087
1707.4,-5.716693987529652,0.26068641709520346,-19.800500827526218,0.0,-1,0.002445238374136016
1711.575,-4.748303000934129,0.4096924678969085,-17.412931192253495,0.0,-1,0.005985656485985036
1721.8199,-3.014673924225235,0.7144405148686008,-11.662173470171304,0.0,-1,0.0058513669170625615
1731.8949,-1.0570532255185299,0.8906870711917687,-6.404535159676222,0.0,-1,-0.008175958021471197
1717.735,-1.1701467740388125,0.25919784089049536,-11.527224485035433,0.0,-1,0.013674984791018474
1741.225,0.8283186828709859,0.752554432600098,-0.5735368214841756,0.0,-1,-0.006773909173139581
1729.4301,0.7756165210864765,0.23328409027186292,-5.039291969780301,0.0,-1,0.010728910061181374
1747.985,2.230872396770337,0.5628466553185747,2.467402889691215,0.0,-1,-0.015023012211203168
1721.725,0.5842609682149487,-0.36125492441227136,-6.798159196784567,0.0,-1,-0.02764965369033967
1674.1199,-4.254824826747381,-1.7334469064582003,-18.133466075709986,7.533107225554204,-1,-0.02248936889167852
1636.47,-9.457290655332827,-2.3119709116812155,-24.10420536289497,26.348000630841398,-1,0.0007149535280206454
1637.64,-11.172916015014607,-1.3425320904543323,-23.627867583769557,11.866435732194986,-1,-0.017103881194890147
1609.63,-13.433819026937499,-1.2011450341257408,-27.478667797519613,20.258730223499242,-1,0.004575585693606499
1616.995,-12.831035613987524,-0.1994538737252558,-24.308646196458533,0.0,-1,0.010896756019653786
1634.615,-9.992057606346862,0.8798413779718022,-17.01957200895461,0.0,-1,-0.014208238637232529
1611.39,-9.675313801997618,0.3988617274403481,-21.162421203797216,0.0,-1,-0.0007633161432055724
1610.16,-8.813165749656491,0.4203365932604921,-21.37401849472639,0.0,-1,0.011852859343170818
1629.245,-6.057244577681331,1.0587525884118838,-13.359005936288291,0.0,-1,0.01741297349385773
1657.615,-1.810346943553668,1.7685500741798492,-3.446027701732369,0.0,-1,0.007426332411325953
1669.925,1.4897974521395554,1.6895648232910245,0.3027072608525856,0.0,-1,-0.002242555803404267
1666.1801,2.703644862307783,0.9678040778197508,-0.8622873160152409,0.0,-1,0.007268061837973017
1678.29,4.094423162199519,0.7861941259038288,3.0449739542191665,0.0,-1,0.0041440394687448645
1685.2449,5.028185381962203,0.5733187818888377,5.2392041584218845,0.0,-1,0.003462523458756639
1691.0801,5.562317710013303,0.3691503699799794,7.107739781091446,0.0,-1,0.0012209947949834987
1693.1449,5.537924064871277,0.11491890827931783,7.800355134572889,0.0,-1,-0.012343893307654952
1672.2449,3.3225669035607552,-0.7001460843437348,-1.0833766533268303,0.0,-1,0.006613983394417877
1683.3051,2.8596910809421843,-0.3876739689874351,3.150552526948367,0.0,-1,-0.005412090773086908
1674.1949,1.6307622462211384,-0.5388676012361602,-0.5969358973477128,0.0,-1,-0.017094724156667684
1645.575,-1.5045906916579952,-1.224740179705098,-10.35418797561531,0.0,-1,-0.015465718669765871
1620.125,-5.067717936292638,-1.5959558081132474,-16.827530756422263,0.0,-1,0.01540621865596803
1645.085,-4.346971730585437,-0.2917365341353486,-6.733094994975204,0.0,-1,0.008340055377077826
1658.8051,-2.4810093168496223,0.5247419598668221,-1.9411847799737671,0.0,-1,0.005624470288884353
1668.135,-0.5637856669109169,0.8139885366018427,1.174787196274096,0.0,-1,-0.01398268125781188
1644.81,-1.5019417030323439,-0.04138916650652802,-6.134960258285638,0.0,-1,-0.016901648214687426
1617.01,-4.162524579173805,-0.9006573475493296,-13.112552221057179,0.0,-1,0.024839054798671656
1657.175,-1.7988556356467598,0.4876705319925718,-0.27459112913395245,0.0,-1,0.03579887459079467
1716.5,4.4766334724206445,2.254386546686659,12.308149361426977,-2.312848577970499,-1,1.1593358578476654e-05
1716.5199,7.242983570419483,1.6735788815618324,12.311665018157449,0.0,-1,-0.0047799620616107985
1708.315,7.3388349885503885,0.589810099897579,9.75817573237385,0.0,-1,-0.011859580932088054
1688.0551,5.086866115236717,-0.5540529244720309,3.718544572807268,0.0,-1,0.011915961747931192
1708.1699,5.213209502310065,-0.142569845799561,8.3610148698641,0.0,-1,0.01921067687704814
1740.985,7.576538737321016,0.7402531297371304,14.76726619186644,0.0,-1,0.016085721588640967
1768.99,10.460575126716321,1.208096506377478,19.2529316913499,-10.4095008105744,-1,-0.005511619624757658
1759.24,10.218378727520985,0.3219667023940467,16.002311584949,0.0,-1,-0.005155692230735975
1750.1699,8.489907300629966,-0.46883490816565754,12.948257545604577,0.0,-1,-0.019018096471662638
1716.885,4.144437645465359,-1.604768187776755,2.9567394200014974,0.0,-1,-0.01707743966544062
1687.565,-0.8170003192390141,-2.1887353841603763,-4.164050877258866,0.0,-1,0.022307288904427347
1725.21,-0.09255260832128442,-0.48809589108088225,4.5537313545942055,0.0,-1,-0.009398913755426896
1708.9949,-1.0738743688357317,-0.4898058838651098,0.6519671855341045,0.0,-1,0.00033358788841342246
1709.565,-1.42753738502347,-0.28115630001761605,0.7894611315989266,0.0,-1,-0.01785255313486178
1679.0449,-4.028749111031857,-0.9607893420086677,-6.43126800290981,0.0,-1,-0.009812125929449578
1662.5699,-6.366542548116968,-1.0995275930312598,-9.854535943796854,0.0,-1,0.01473026788227072
1687.06,-4.9640523876496445,0.10098752247868781,-2.9791990118877223,0.0,-1,-0.005429563856649944
1677.9,-4.612469608445281,0.15085676722768415,-5.121580831908538,0.0,-1,-0.008653614637344265
1663.3801,-5.262297418139269,-0.16632368082210114,-8.45543578800715,0.0,-1,-0.00789055971031516
1650.2551,-6.242436538141419,-0.3821542669414173,-11.339900903119393,0.0,-1,-0.011713401158402803
1630.925,-7.823144719963921,-0.6542874829213066,-15.284205708977112,0.0,-1,0.012109692352499257
1650.675,-6.315736750878159,0.2843734953881514,-8.507627103112078,0.0,-1,0.002414163902646038
1654.66,-4.703638037095516,0.6321574030569312,-7.177041703527365,0.0,-1,0.00016015374759770218
1654.925,-3.4835355104460177,0.6174199765688098,-7.081124209087136,0.0,-1,0.010172666435034783
1671.76,-1.1802729545840975,0.9735608441435768,-1.037589310523643,0.0,-1,0.002617002440541638
1676.135,0.43429773622870016,0.862710511652125,0.47643498360854153,0.0,-1,0.0015482643104522964
1678.7301,1.4216499369495068,0.6166875707909772,1.4261187806674371,0.0,-1,0.004932240149860823
1687.01,2.486846875897527,0.5606281699129991,4.518082428751335,0.0,-1,-0.009021878945590145
1671.79,1.5438747723799224,-0.12744797786820183,-1.7543601561448767,0.0,-1,0.030281913398213955
1722.415,5.162482489589365,1.1637199131137468,13.686515388748631,0.0,-1,-0.01081046089357085
1703.7949,4.989904474061632,0.3303806325286711,6.765299788973834,0.0,-1,0.008372545310471269
1718.06,5.6765484267925785,0.33900819508653957,10.426239014243933,0.0,-1,0.015642643446678317
1744.935,7.786408034258557,0.8162892675175062,16.384631261912162,-8.654743347231715,-1,-0.0093986308945605
1728.535,6.825803835136867,-0.04810497720139484,10.235328034934653,0.0,-1,0.01225025816659775
1749.71,7.541268082647775,0.22245309010317094,14.899823958259745,0.0,-1,-0.007818381331763602
1736.0301,6.130569532849222,-0.3960818198984608,9.85951132527969,0.0,-1,0.00897444116896362
1751.61,6.212664463545934,-0.10466229640058256,13.451408042279702,0.0,-1,0.0014387335080299213
1754.1301,5.945998223598735,-0.1237761787825935,14.029894891970812,0.0,-1,0.011709393733110307
1774.6699,7.028815251658671,0.3196802830924472,18.539371711027897,0.0,-1,-0.013371444458487813
1750.94,5.006997494717098,-0.5673791579497083,9.038245585087154,0.0,-1,0.010631489371423442
1769.5551,5.130097158353237,-0.14809316477118983,13.453971501404602,0.0,-1,0.0035573348351796152
1775.85,5.288713893641898,0.0035078568391568865,14.87663008802474,0.0,-1,-0.0059126615423600315
1765.35,4.052296103482604,-0.4109699777733793,10.510945138702397,0.0,-1,0.008264650069391477
1779.94,4.312229199779495,-0.05034562715882984,14.22747159782412,0.0,-1,-0.02093323370450695
1742.6801,0.9778516479464088,-1.128241059663972,0.6902680010532976,0.0,-1,0.0060682393745128405
1753.2551,0.11042523470086962,-0.6652224909698371,3.7634596679087053,0.0,-1,-0.0028490434734798065
1748.26,-0.7487484081468665,-0.5081320446058577,2.0605672864257656,0.0,-1,0.0042642398727876785
1755.715,-0.4946895288919677,-0.08469105511698632,4.452900510774839,0.0,-1,-5.9804694953369264e-05
1755.61,-0.3351859618567232,0.02493750397275274,4.4104082432108385,0.0,-1,-0.0011221170988999773
1753.64,-0.39166868151778544,-0.010515071896103179,3.539450239472707,0.0,-1,0.002343696539768736
1757.75,-0.04477098455527084,0.11212754168880382,5.201750085074906,0.0,-1,0.006104451713838666
1768.4801,1.0265837793056107,0.3944941018498951,9.414057811149902,0.0,-1,0.015855309878805013
1796.5199,3.813362512960566,1.0604242785016171,18.118271339459753,-6.442466684784449,-1,0.0052241002173145645
1805.9051,5.671071670374886,0.9727111453053121,20.473293619831352,-8.601188747396463,-1,-0.02150727632365612
1767.065,2.8906619432175376,-0.6025661939506786,2.605264069491078,0.0,-1,-0.0012167067991274427
1764.915,1.080401917703739,-0.8042754064881592,1.7975147023307727,0.0,-1,-0.012045849233532469
1743.6551,-1.6864199215283406,-1.190365748573413,-5.679560193093025,0.0,-1,-0.0012473797140271081
1741.4801,-3.1105458476836247,-0.8714972249095658,-6.395067318893865,0.0,-1,0.011768667353706741
1761.975,-1.8554883234542103,0.12785343310661612,1.7589348580762447,0.0,-1,-0.006416152329062452
1750.6699,-2.015427201051807,-0.010695148163660129,-2.454401379668731,0.0,-1,-3.135942418386328e-05
1750.615,-1.9320193730961819,0.024237559930655017,-2.47527586706169,0.0,-1,0.005318131056800013
1759.925,-0.9534805113603397,0.3342588072221657,1.5340986080854861,0.0,-1,0.0019176953563362353
1763.3,-0.10350437121223877,0.3947449824567556,2.9811226052189994,0.0,-1,0.0007485396699369318
1764.6199,0.44010072979608594,0.3127833611550268,3.583319155219108,0.0,-1,-0.0025047320388940086
1760.2,0.3069032194839565,0.0598619502809658,1.146031149272055,0.0,-1,0.002235541415748221
1764.135,0.5426458627041484,0.0985348645003859,3.249579711728778,0.0,-1,-0.009707306980474839
1747.01,-0.8117866375778249,-0.4186325452605291,-5.926786597837854,0.0,-1,0.014129798913572245
1771.6949,0.6357209987461374,0.3429583636878111,6.170311973665008,0.0,-1,-0.005534192145611461
1761.89,0.48942306701269445,0.06555347731812272,1.2754533920840174,0.0,-1,0.0009705486721645062
1763.6,0.5179888455616037,0.03137308528901067,2.0845846931376286,0.0,-1,0.00030619188024516575
1764.14,0.5341059977058649,0.015830079144423914,2.3621584548014454,0.0,-1,0.00286258460212907
1769.19,0.9184890739691127,0.1334043851358906,5.066893382167294,0.0,-1,-0.008602863457288334
1753.9699,-0.23420181072992818,-0.3397621665210501,-3.7304497264045082,0.0,-1,0.004683717776456708
1762.185,-0.1064387688518309,-0.0706663748809843,0.9673960049262718,0.0,-1,0.0018357323436530848
1765.4199,0.2358876494913602,0.09055334782073562,2.7740078859160207,0.0,-1,0.005565248244907561
1775.2449,1.2061435545385848,0.3536030842893201,7.996679480231862,0.0,-1,0.005838687383357577
1785.61,2.4545178775174463,0.533992469089394,12.816789398070128,-3.8409591293066114,-1,0.007767709634242781
1799.4801,4.0300035492136885,0.7031593802618787,18.236384421716295,-10.809046384957355,-1,0.008288393964456686
1814.3949,5.724812755960556,0.7993228623362487,22.94749009639615,-14.457550047674431,-1,-0.002347835082649352
1810.135,5.740157963004094,0.2715560231265952,19.668292824247033,-3.0520662047736096,-1,0.006891751167730442
1822.61,6.309067402942219,0.28015515435490634,23.538780479037968,-6.376034433953691,-1,-0.011167995347331483
1802.2551,4.371524839332778,-0.5524624697515117,9.722459195594894,0.0,-1,-0.0059814506836464165
1791.475,2.140118154250331,-0.927956384944653,3.7770187940427533,0.0,-1,-0.01183940607599876
1770.265,-0.9214283678115862,-1.3298343023355235,-5.834733545865745,0.0,-1,0.0006778646134899535
1771.465,-2.2754159315250035,-0.8946072886829803,-5.214356200600093,0.0,-1,0.032145709906772124
1828.41,1.9826249475786426,1.121144530140222,15.183023434802394,0.0,-1,-0.01240148544363695
1805.735,2.0568433081655257,0.3984542969090352,6.025875918218219,0.0,-1,0.008384397489111128
1820.875,3.1842155461117727,0.5086088449517607,10.176394449988337,0.0,-1,-0.010330198393629364
1802.065,1.915050369575738,-0.253518777194758,3.239578395386431,0.0,-1,0.010080158040914222
1820.2301,2.6346385838430706,0.1553564790241917,8.386786824830153,0.0,-1,0.0039006057530857063
1827.3301,3.366546142323159,0.2957546791680934,10.285337773001423,0.0,-1,-0.005773450565937699
1816.7801,2.572787743036315,-0.1660012400395834,6.062403525979853,0.0,-1,-0.0018687457001538288
1813.385,1.6785845648064424,-0.35340147275648537,4.692506110581782,0.0,-1,0.0074832978104484305
1826.9551,2.2224425952911133,0.06348551924272838,9.127891336694205,0.0,-1,0.0014066574487792138
1829.525,2.5233263942591293,0.1214564394035813,9.952833991470634,0.0,-1,0.023902433691805225
1873.2551,6.107666094221713,1.2352653797887214,21.014107470576903,-15.830021751893355,-1,0.009526145157698895
1891.1,8.877938769684306,1.3351793517504387,24.24013496107139,-17.914791416462094,-1,0.03491354238274025
1957.125,15.025330209942013,2.4941902640027145,32.32653052818041,-48.78264099537614,-1,0.022982742543271373
2002.1051,20.595256745908955,2.68803893332322,35.71978002631927,-53.008814056783876,-1,-0.012047369541189457
1977.985,19.65394028506671,0.5822408241603263,26.920406962293285,-4.484534714338679,-1,0.006572345088562415
1990.985,18.628787030889953,-0.14763747667214489,28.257036802342455,0.0,-1,0.00717479036758184
2005.2699,17.754219817893954,-0.3407348965560466,29.692928382932436,0.0,-1,-0.004754921020856173
1995.735,15.04284289323823,-1.017370607070589,25.971986970011145,0.0,-1,-0.010777984050988731
1974.225,10.641084189807316,-1.806376436833835,18.012196993825953,0.0,-1,-0.01390419025187084
1946.775,5.265947822274711,-2.3938376014554805,9.215088725301847,0.0,-1,0.018445891281735127
1982.685,5.132050653318629,-0.8425782568038542,15.669589737992965,0.0,-1,0.020868166148430012
2024.06,8.085347847730645,0.703572979202721,21.453218342152,0.0,-1,0.0012870171832850552
2026.665,9.105300790959063,0.5745086408103806,21.785737988559802,0.0,-1,-0.0021439655789190493
2022.3199,8.494410529993502,-0.012127206718393069,20.26878493851582,0.0,-1,0.007182345384624922
2036.8449,8.691514522011175,0.06165892843309351,22.4325237482269,0.0,-1,-0.025964127165499895
1983.96,3.658698641185765,-1.6570523174641059,5.957574218963188,0.0,-1,0.03112960946793275
2045.7199,5.98405748067421,0.22276884067477987,15.9939881460662,0.0,-1,-0.00024191972713383247
2045.225,6.6068237770289215,0.28184504567649693,15.8603594317199,0.0,-1,-0.010844821474409794
2023.0449,4.519296610453694,-0.6018940402995767,9.827795253049501,0.0,-1,-0.005499136474924504
2011.9199,2.171841642961681,-0.9831163359305299,6.922082718525012,0.0,-1,-0.004540389505566345
2002.785,0.05588568896882862,-1.0330240966411275,4.506833929934771,0.0,-1,0.007382170327818516
2017.5699,0.2253255712250848,-0.28786140479495714,7.732088262346338,0.0,-1,0.007281086023339212
2032.26,1.5154433814177537,0.3340854684659038,10.800162886252572,0.0,-1,-0.006546849320461012
2018.9551,0.9254736713958209,-0.08529474718534291,6.661255813671595,0.0,-1,-0.01309350564556877
1992.5199,-1.6495673228978376,-0.8867785804930004,-0.7414580327927283,0.0,-1,-0.004326129942290646
1983.9,-3.5179488764699727,-0.9183867113550455,-2.9677280734812754,0.0,-1,0.001272745602096892
1986.425,-3.948560580216963,-0.44966613836734526,-2.1998675585893324,0.0,-1,-0.011178423549844552
1964.2199,-5.685244717072237,-0.7287834250742069,-8.130698535599642,0.0,-1,-0.004961206227469872
1954.475,-6.891891392410571,-0.6451433668041799,-10.519350520874603,0.0,-1,-0.0019442561301628025
1950.675,-7.237557114045558,-0.3302696961463889,-11.47170933699612,0.0,-1,-0.0031373242595511552
1944.5551,-7.317251882025857,-0.13665482137556317,-13.065976703627456,0.0,-1,0.005368734472990688
1954.9949,-5.877344942513901,0.4344173727121312,-8.479390151009824,0.0,-1,-0.002915608628953348
1949.2949,-5.1426127275483395,0.3897165292258977,-10.233868368237061,0.0,-1,-0.004996575941382697
1939.5551,-5.158345559436611,0.12466123244587557,-13.18722244380261,0.0,-1,-0.012291530155549624
1915.715,-6.723024845427744,-0.4800060178484191,-19.373330097901732,0.0,-1,-0.005820281200491606
1904.565,-7.874279084637692,-0.5437534190194553,-21.833036143996814,0.0,-1,-0.0031083738281445505
1898.6449,-8.287057947189396,-0.31884409385705315,-23.107216351994992,0.0,-1,0.0051721625249669945
1908.465,-6.984517549532939,0.3278987679331351,-17.480996918925513,0.0,-1,0.01734634902919363
1941.5699,-2.992462554910162,1.4399845875186372,-2.381345301307327,0.0,-1,-0.004895471442980193
1932.065,-1.539138178022995,0.9644363214686016,-5.554055054024914,0.0,-1,0.0002458509418679089
1932.54,-0.644631141410855,0.6196477860269138,-5.349283900681122,0.0,-1,0.005849762488745469
1943.8449,0.798416638679555,0.6875651887057747,-0.4333974485648824,0.0,-1,-0.003601110356078352
1936.8449,0.8700724755012743,0.25307367517583135,-3.287761243263688,0.0,-1,-0.004687985083369317
1927.765,0.07673602095383103,-0.18008759312387068,-6.867606443740755,0.0,-1,-0.002308372649155954
1923.315,-0.6971602080661796,-0.3179946073812938,-8.595502141592974,0.0,-1,-0.011773994379495778
1900.6699,-2.9131033052372004,-0.8446459015174383,-16.241997475591205,0.0,-1,-0.016333662147225092
1869.625,-6.365391245052933,-1.4323112804443907,-23.65356775982443,12.51307575681858,-1,0.027885271110516863
1921.76,-3.2165026112063515,0.5721924511340637,-2.248943573132898,0.0,-1,-0.011083590042461067
1900.46,-3.1490164100159745,0.21322621744148007,-7.814229931788148,0.0,-1,-0.000694568683371366
1899.14,-2.9628552752528776,0.13312911740152567,-8.150084250933773,0.0,-1,0.0004607348589360516
1900.015,-2.5499534349335136,0.18201031924029643,-7.811093574444463,0.0,-1,-0.0031868169461820584
1893.96,-2.6355897285293395,0.03212467521482365,-9.621001706273056,0.0,-1,-0.00874627764049929
1877.3949,-3.839200397949753,-0.3904953314018633,-14.279189305571322,0.0,-1,-0.001960109724384651
1873.715,-4.427730699497488,-0.3263418776498659,-15.268171621370719,0.0,-1,0.008117563236671455
1888.925,-3.0855182919799518,0.3386235099558901,-7.9054655327031895,0.0,-1,0.008470426300673628
1904.925,-0.8239522305561877,0.8667298571265514,-1.1599604117208102,0.0,-1,-0.005695762300352958
1894.075,-0.5286731806311309,0.38733630235053607,-5.100900192794278,0.0,-1,0.0006414740704565602
1895.29,-0.23572755728264383,0.22676064189967438,-4.553193558960302,0.0,-1,-0.005218198798073059
1885.4,-0.8937774491682831,-0.14376308332865495,-8.30191303135745,0.0,-1,0.015299087726742266
1914.2449,1.2554207256528116,0.6684783638308133,3.995418741745091,0.0,-1,0.01745602143174052
1947.66,5.009993085925771,1.4743502413679246,13.818466806147377,0.0,-1,-0.0007444831233377469
1946.21,6.34894650890169,0.9377678881146148,13.1681483770774,0.0,-1,0.0007682110358080418
1947.7051,6.613936011314536,0.40091913017582037,13.593180897865842,0.0,-1,-0.0036736054138790664
1940.55,5.599011094911475,-0.2046685954090801,9.916563309383363,0.0,-1,-0.0211357604802761
1899.535,1.207047712133999,-1.5322106593955187,-6.208793171657824,0.0,-1,0.009802451652641153
1918.1551,0.46215371140078787,-0.7590348867095766,0.5098010558904917,0.0,-1,-0.004934481054217121
1908.69,-0.7375644315825411,-0.652917676564302,-2.6845167328100246,0.0,-1,0.004775579062079149
1917.8051,-0.5163681337758135,-0.14390712625252478,0.6546810541788943,0.0,-1,0.002304665891231572
1922.225,0.005585692942304377,0.12601556682186438,2.2840927361098338,0.0,-1,-0.011541312801571113
1900.04,-1.5826528681106993,-0.4874076647437131,-5.847010249943246,0.0,-1,0.008007778783604591
1915.2551,-0.9769594096278524,0.03942859791304465,0.07014615398944812,0.0,-1,0.012805082727622041
1939.7801,1.4510506037493087,0.8224795370967355,8.033678054396887,0.0,-1,0.005433502488245923
1950.3199,3.422451393458914,0.9312934422687804,11.003636568612038,0.0,-1,-0.009324060119573208
1932.135,2.6075391721919914,0.03879374033395244,3.7159634818579335,0.0,-1,-0.015777883015420713
1901.65,-0.5576285361241844,-1.0421246559940744,-6.061222929842998,0.0,-1,0.01723503273473037
1934.425,0.6375066543946559,0.05100351150825522,3.951269087919904,0.0,-1,0.0069710637527948816
1947.91,2.3056986951212366,0.5730651840782788,7.427247618092494,0.0,-1,-0.00997736035032426
1928.475,1.3280698242244853,-0.1348545622728241,1.234123102268704,0.0,-1,-0.0007518894463240944
1927.025,0.6077495700906184,-0.2850582721355637,0.7801535066507128,0.0,-1,-0.014958290629337956
1898.2,-2.205139687817109,-1.0326491766810972,-7.531592124359065,0.0,-1,0.013528658729322629
1923.8801,-1.2878143427863051,-0.03844127721676438,0.49024590573458937,0.0,-1,-0.0018556769728009792
1920.31,-1.019342141705465,0.07667697462135847,-0.574293021916894,0.0,-1,0.0028146497180143726
1925.715,-0.3497441960228116,0.24875830676800403,1.1579959646749387,0.0,-1,-0.009217355631544688
1907.965,-1.4649665401796028,-0.2888213457962625,-4.525535481312154,0.0,-1,-0.010398513599568115
1888.125,-3.553830500576396,-0.7925617687310189,-10.03919309632252,0.0,-1,0.017967560410460104
1922.05,-1.4750266057267254,0.4287473753728839,1.2019472789798513,0.0,-1,-0.0015556307067974284
1919.06,-0.5618724411579024,0.4473005133139023,0.280055180858362,0.0,-1,0.000935405875793327
1920.8551,0.09111901122287236,0.3667639885648924,0.8701395277484139,0.0,-1,0.0008146371894475202
1922.4199,0.5404214864781807,0.2720221546067336,1.4284720210980026,0.0,-1,0.00406524089768312
1930.235,1.3712959335657615,0.36763220056477164,4.309868200593712,0.0,-1,0.0027276471517716505
1935.5,2.111208495979099,0.3691815876593698,6.252522626622081,0.0,-1,0.0023068974425213273
1939.965,2.6773140691875597,0.3117623869559436,7.937704165838525,0.0,-1,0.0003557280672590313
1940.6551,2.7947656833596284,0.14307133370933744,8.214125290838993,0.0,-1,0.01541479472576035
1970.5699,5.113494350165411,0.8206000001717069,18.260509346339987,-8.8528510300373,-1,-0.0014082220579944016
1967.7949,5.615484154388014,0.4408632681314364,16.609866120715395,0.0,-1,0.010727845671314462
1988.9051,7.15770537696676,0.6610281635700606,22.27642897641708,-9.91814346177739,-1,0.002347975275441838
1993.575,7.721498873509063,0.4082738867041211,23.386562572213762,-5.123139053675914,-1,-0.014456391156590476
1964.7551,4.9582790489878334,-0.7849819792723691,7.577067582648979,0.0,-1,0.012993934969299792
1990.285,5.290970882644842,-0.15076338187178706,14.998704519771337,0.0,-1,-0.0097900551931005
1970.8,3.392652559253065,-0.683027235087855,6.6014828818324105,0.0,-1,0.0027374162776536703
1976.1949,2.6103473509526793,-0.48844414779608014,8.26038159062368,0.0,-1,-0.00277548535319061
1970.71,1.5445908008896367,-0.5180668992863744,5.848801754438547,0.0,-1,0.00037042487225424914
1971.44,0.9438299591174655,-0.37294258035284855,6.117417910362946,0.0,-1,-0.0159401249847827
1940.015,-2.0539529583618332,-1.1235751659440492,-6.5319699783688066,0.0,-1,-0.003451055790805846
1933.3199,-3.939606670571493,-1.0030762927179029,-8.733904891082958,0.0,-1,0.0024000684004752415
1937.96,-4.1674579707951125,-0.410309197647174,-6.52878633870143,0.0,-1,-0.02283844867799123
1893.7,-7.622428790007461,-1.2884266722865076,-18.902704674659283,5.160438489754824,-1,-0.010714474309552746
1873.41,-10.405545133779697,-1.3571810053529152,-22.84051773468303,13.787227909859666,-1,0.012818870402100835
1897.425,-8.928724544517536,0.0398798613030813,-12.442084573854586,0.0,-1,-0.013518320882248247
1871.775,-9.583753871176668,-0.2050498217853498,-17.88321583350497,0.0,-1,0.003900041404549137
1879.075,-8.504289045241421,0.29147166804996516,-14.909568726922792,0.0,-1,-0.021569176323457007
1838.5449,-10.633374211837236,-0.6125378328486164,-22.37482016149814,6.689740637762725,-1,-5.705599031058384e-05
1838.44,-10.820543944148767,-0.2665691883867165,-22.39171097357511,0.0,-1,0.007460183633950512
1852.1551,-8.869491814958565,0.5614943136011625,-16.486194656681057,0.0,-1,0.008106664501261296
1867.1699,-5.9036080991170365,1.1757926764808966,-10.48428256800841,0.0,-1,-0.009160869613418665
1850.065,-5.354107232936485,0.575097847553816,-14.5365459409458,0.0,-1,-0.010488820663057785
1830.66,-6.250264530434833,-0.10701981664817772,-18.59596464692042,0.0,-1,0.0013683589525088635
1833.165,-5.968737801647649,0.05816897071300264,-17.487912035249046,0.0,-1,-0.014123114940553516
1807.275,-7.48807962044998,-0.4870576160297766,-22.57520763087953,0.0,-1,0.0007967796821179984
1808.715,-7.5037438948138515,-0.167573963464549,-21.88012114606232,0.0,-1,0.002648344266509728
1813.5051,-6.487089040761248,0.28302696352935186,-19.422634173631355,0.0,-1,0.0002646256688221271
1813.985,-5.398179193671467,0.4573122702063772,-19.159427151507685,0.0,-1,-0.017897116018048553
1781.5199,-7.109301003987184,-0.41793651336977966,-25.99924789543412,0.0,-1,-0.008136254891118466
1767.025,-8.580328492146009,-0.6296546671762018,-28.378123019631087,0.0,-1,0.029249727649580448
1818.71,-4.293731528546914,1.2189807654742975,-6.2780896926823,0.0,-1,0.0020179687800694346
1822.3801,-1.4867804193681877,1.3419772915510082,-5.053325460600419,0.0,-1,-0.005366663079782397
1812.6,-0.7744148298315849,0.684780960362537,-7.774231814786795,0.0,-1,-0.006438210305638292
1800.9301,-1.3261891325773831,0.04433555253891286,-10.911464685217673,0.0,-1,0.005374944868765219
1810.61,-0.684902189568902,0.22854083184913132,-7.007865617789221,0.0,-1,0.0002706270262509136
1811.1,-0.26635020226717643,0.215697606383619,-6.803116975678485,0.0,-1,-0.010178896803047843
1792.665,-1.5711283584273588,-0.36302684992552114,-12.442001959283921,0.0,-1,-0.010146904190130313
1774.475,-3.6084234066383942,-0.8001072993788525,-17.144190563368767,0.0,-1,-0.0016709167500246203
1771.51,-4.573452313524058,-0.5883787354215055,-17.872677275923344,0.0,-1,-0.004287302922365677
1763.915,-5.307762407506743,-0.44089627646806395,-19.779753440390042,0.0,-1,0.011647386637111179
1784.46,-3.5205205872057377,0.44878184794431375,-9.214964330315958,0.0,-1,-0.022869663651748917
1743.65,-5.7343562947880855,-0.5883512865460112,-19.430086257692675,5.526681568115464,-1,-0.00256072032804755
1739.185,-6.735494457346931,-0.5298298163682853,-20.333368160693222,1.2917808897793748,-1,-0.0028633526623101924
1734.2051,-7.089764000514151,-0.2946997865118348,-21.38130607926171,0.0,-1,-0.004540985377104456
1726.3301,-7.332335105388211,-0.17909029712863145,-23.053755492172133,0.0,-1,-0.006817989213071085
1714.56,-7.823434399042981,-0.22339653026113382,-25.437515628081606,0.0,-1,0.029366134751773076
1764.91,-3.2211978459499733,1.4596133409439584,-3.107212231231486,0.0,-1,-0.018224782000215378
1732.7449,-3.332071415574319,0.4495799237732041,-11.249206122248985,0.0,-1,0.002294048015954342
1736.7199,-2.7785855824220107,0.33435525230850427,-9.822934792246592,0.0,-1,0.005435591542424234
1746.16,-1.4836188673107245,0.5431073224732637,-6.359809851946636,0.0,-1,0.020719750767398182
1782.34,2.3024993958540563,1.443075195212682,4.786230672345596,0.0,-1,0.025853596956809666
1828.4199,7.843675244448832,2.3280836812691525,14.673069569931641,0.0,-1,-0.022300676119309415
1787.6449,6.562706898375382,0.34903844506523374,3.22911942296151,0.0,-1,-0.025016097995748554
1742.925,1.6486721504741126,-1.5216654342786784,-6.212866395994261,0.0,-1,-0.004879785418190563
1734.4199,-1.6544929026827049,-1.6082768291451655,-7.794897832824404,0.0,-1,0.0036842866021082887
1740.81,-2.63569268737092,-0.8631588712777936,-6.102749389677506,0.0,-1,-0.014183110161361645
1716.1199,-4.9641598557673206,-1.0638753465580648,-11.00434885356831,0.0,-1,-0.01754819112580641
1686.0051,-8.224280118651677,-1.4413318698141406,-16.12980807007309,0.0,-1,0.0036683756176063564
1692.19,-8.653575240206237,-0.6235423304562335,-14.204103843563914,0.0,-1,0.022225636601090892
1729.8,-5.012924864299521,1.0057026818168273,-3.6486022716069186,0.0,-1,0.0047722858133889545
1738.0551,-2.0869309376546425,1.3105655361539021,-1.5804719890915635,0.0,-1,0.010163544297301152
1755.7199,1.022043603805514,1.4731800258713532,2.750273465587128,0.0,-1,0.014976819480146064
1782.015,4.682618907552069,1.711251776539303,8.511659816628494,0.0,-1,0.011394348532419718
1802.3199,7.814763317129291,1.614465395372175,12.441045950847986,0.0,-1,0.010738992561753369
1821.675,10.34253024549048,1.3807441079111218,15.865162528758376,0.0,-1,-0.0015562600354069867
1818.84,10.50828618921355,0.5155000172113979,14.902199524583324,0.0,-1,0.01453679268104957
1845.2801,11.91881531197373,0.6420097133238603,19.520010654398874,0.0,-1,-0.0014334409177230167
1842.635,11.410420264022832,0.044538221790986654,18.51794293032289,0.0,-1,-0.00046395515118302644
1841.7801,10.134112718045344,-0.41058977472883385,18.16510112176421,0.0,-1,-0.0019221078564156668
1838.24,8.356441218552845,-0.7294204247404448,16.58739733734673,0.0,-1,0.009743015057881443
1856.15,8.263735367260551,-0.27404209201091234,20.434126772586637,0.0,-1,-0.0330199606712821
1794.86,2.4212378276758955,-2.0388465438651897,-1.011096752577913,0.0,-1,0.01986778913118581
1830.5199,2.269877572244013,-0.730068933099024,7.378226837293326,0.0,-1,-0.005585844764648518
1820.2949,1.1529576468410596,-0.6156629528339925,4.521487172470863,0.0,-1,-0.0008349745966985678
1818.775,0.371759546902922,-0.4656203509240434,4.076811056437165,0.0,-1,-0.0007175708924963553
1817.4699,-0.1585777986413177,-0.3319858988227611,3.6592624157949203,0.0,-1,0.013262998193257491
1841.575,1.598226678473111,0.4749395260972227,9.997969410549125,0.0,-1,-0.010466584309626326
1822.3,0.7371933604911192,-0.1286979306282564,3.4965731377925593,0.0,-1,0.01123300224990409
1842.7699,1.951068921459182,0.3617258767799356,8.768593300542818,0.0,-1,-0.005285413007885653
1833.0301,1.5837676251549055,-0.001858473174780384,5.445444535781618,0.0,-1,0.0060146311836342115
1844.0551,2.1868863415731994,0.20042008108117115,8.403760821657912,0.0,-1,-0.01913180359957789
1808.775,-0.6338031620155107,-0.8734231408358466,-2.750865933373454,0.0,-1,-0.026758441486641527
1760.375,-6.024664316975304,-2.0880947652652133,-13.404826489634011,20.619706323837136,-1,-0.034555194205780015
1699.5449,-13.287214534707118,-3.1168816609990095,-22.168474129934797,49.397030636485624,-1,-0.028895912076227104
1650.435,-19.90371343234756,-3.24446018621315,-27.08994798319963,57.11475379553826,-1,0.0009845889114081796
1652.06,-21.417903428472073,-1.586216727445887,-26.592000679691118,25.202993029635536,-1,-0.0004963500115007236
1651.24,-20.458506474161595,-0.20893992437846975,-26.676469785185873,1.0326752912144457,-1,-0.017707904362781912
1622.0,-20.71059912415967,-0.1536775247921831,-29.59398310408428,2.015025410716362,-1,0.011279223181257736
1640.2949,-17.58618718881189,0.9902448035185323,-23.22610612004713,0.0,-1,-0.011223530598065135
1621.885,-16.092623955403724,0.8279360123088999,-25.424454292879055,0.0,-1,0.006446203029191189
1632.34,-13.133540342416154,1.2623398750988226,-21.709188856424444,0.0,-1,0.001237487288187511
1634.36,-10.391203507387672,1.334892236709102,-20.95883012536471,0.0,-1,-0.01525673658190363
1609.425,-10.232018130924416,0.4980258710574521,-24.603685647477942,0.0,-1,0.047703372322413395
1686.2,-2.9018405984490983,2.6094011345109234,-2.193315144311228,0.0,-1,0.007846103665045678
1699.4301,2.1075765509926896,2.539606094650904,0.6453713654890976,0.0,-1,0.011344920864941654
1718.71,6.043312079797488,2.158447207818568,4.639985857532068,0.0,-1,0.0056234035992110964
1728.375,8.312987170883389,1.4760407663014892,6.596686736523992,0.0,-1,0.021335069067766055
1765.25,11.827992452186209,1.663682015868103,13.306730212169626,0.0,-1,-0.0006485766888543187
1764.1051,12.504420721822044,0.780036761834646,12.97088799740024,0.0,-1,0.003732714110967761
1770.69,12.349341463154587,0.20831916772239722,14.185083080175062,0.0,-1,-0.0008697174547774855
1769.15,11.11435671189156,-0.34222186118021014,13.642803189340036,0.0,-1,-0.025433061074527363
1724.1551,5.8210929436022525,-1.878495209823173,-0.05575614859942846,0.0,-1,0.00883041206675661
1739.3801,3.958119980824222,-1.2471560575337346,3.6916950073031103,0.0,-1,-0.012809218640595144
1717.1,0.8401151676996506,-1.455053623552769,-2.134940879734536,0.0,-1,-0.010139188166093938
1699.69,-2.239730169504355,-1.5116329869189251,-6.256516355525321,0.0,-1,-0.014708564502938781
1674.69,-5.6763419906474155,-1.649414936020662,-11.540345479717686,0.0,-1,-0.0013823453892959359
1672.375,-7.114536068665075,-1.0292030046794407,-12.012457517328471,0.0,-1,0.0026549069437178385
1676.815,-6.870755101951772,-0.26180734598871247,-10.431598138743432,0.0,-1,0.00040254887987045684
1677.49,-6.120051693432515,0.16296535417684854,-10.172484344729668,0.0,-1,0.004742144513529167
1685.4449,-4.571787348053476,0.5704098998519624,-6.973669602034896,0.0,-1,0.0010086357613945385
1687.1449,-3.2750062296929627,0.6223970060708255,-6.2634555908440674,0.0,-1,-0.0040985217096646265
1680.2301,-2.929931818038085,0.3224904725752342,-8.596079392673303,0.0,-1,0.004267213163244854
1687.4,-1.9157419607076918,0.4455601099685427,-5.204031343137203,0.0,-1,-0.013725257793054446
1664.24,-3.1790018686501753,-0.2725665993246471,-12.910087839551068,0.0,-1,0.01951040715281449
1696.71,-0.83988166690051,0.6888512008083394,0.3853927069319312,0.0,-1,0.00027706561522000683
1697.1801,0.43884357288266074,0.6558588135305035,0.5534993062101847,0.0,-1,-0.011586925866029163
1677.515,-0.5971224382992659,-0.1267023992171411,-6.3246964945650745,0.0,-1,0.011991010512573563
1697.6301,0.6109130926347461,0.36044437723895695,1.218598812960579,0.0,-1,0.015041498144972687
1723.165,3.2919297670489414,1.0138203505510508,8.969294568677434,0.0,-1,0.007346945881560929
1735.825,5.413110623668672,1.0450004023902606,12.271562262717474,0.0,-1,0.0026298734031369175
1740.39,6.403025166672705,0.6783049817980977,13.450127757875649,0.0,-1,0.005467222863840826
1749.9051,7.157322007618632,0.4775339409146744,15.915973262480193,0.0,-1,-0.0016601471702665238
1747.0,6.6959352607900655,0.00538239802870244,14.441121705615132,0.0,-1,0.018606239267315416
1779.5051,8.616005615643417,0.6418175842940181,22.179786165193832,-12.868237477689263,-1,0.011210982199489017
1799.4551,10.520540325099773,0.8487840979167913,25.77504258344962,-14.598596059445754,-1,-0.0005307717875260298
1798.5,10.516504319403111,0.2815826974067104,25.257693426680532,0.0,-1,0.02244370308590482
1838.865,13.001860956604332,0.9223131115359777,31.264424583657174,-16.917483498378488,-1,-0.009989912255657707
1820.4949,11.630209195488078,-0.14977954986009223,22.379064533990203,0.0,-1,0.011766086243910845
1841.915,11.7602075486393,-0.006593732236289895,25.80630261389902,0.0,-1,0.003813965356707527
1848.94,11.430606096161682,-0.11206506157130214,26.852911894111088,0.0,-1,-0.019700477030082042
1812.515,7.2778381952427935,-1.4216109874967309,11.520431093218555,0.0,-1,0.00686890867110046
1824.965,5.63246772851312,-1.0223271514088017,14.230569144066322,0.0,-1,0.006227571487672279
1836.3301,5.2875018511053895,-0.4557643429388438,16.615457460549223,0.0,-1,0.022229064371378726
1877.15,8.076052091476186,0.7775952991439841,23.631568818454724,0.0,-1,-0.007783075406866846
1862.54,7.579822870705129,0.09378869279097568,17.952317509529678,0.0,-1,-0.01329909693214637
1837.7699,4.635881354427511,-0.950050941162214,9.33151830424972,0.0,-1,0.01302671243010356
1861.71,4.772595483419764,-0.27111227072332067,14.207785719611053,0.0,-1,0.011970124240617386
1883.9949,6.30031125763071,0.4188678344958756,18.156798186413567,0.0,-1,0.007908726292199741
1898.8949,7.780809873267117,0.6331221500440938,20.569125191904348,0.0,-1,-0.01218592982686928
1875.7551,5.944341691646514,-0.4011153438588364,12.410650316008166,0.0,-1,-0.013224061072791504
1850.95,2.4636541265322194,-1.293934302991044,4.856873173082967,0.0,-1,0.0017504524703531033
1854.19,0.788005833430816,-0.9898608653641492,5.636157837694753,0.0,-1,0.030768152131119164
1911.24,4.638681200760857,0.9536048339886309,16.83653258973868,0.0,-1,0.012907850400786902
1935.91,8.233295451029107,1.5160730280856267,20.424190561922245,-10.09686888447095,-1,-0.0053670366907553335
1925.5199,8.478652955244343,0.5871435107669543,17.03080204749253,0.0,-1,0.010573871503483323
1945.8801,9.59146062774812,0.5666503944235775,20.16128694208649,-0.8095947739261646,-1,-0.004774240715036959
1936.59,8.574401078354413,-0.15013638499004323,16.9389003371289,0.0,-1,0.024997547235088513
1985.0,11.385504547127994,0.8869890279278465,23.883753155556732,-11.733144332528127,-1,0.003602015113350232
1992.15,12.438097569254069,0.6465273500179745,24.754047113773524,-0.7760377579447777,-1,-0.013480460808674044
1965.2949,9.68996094954582,-0.7005364232300906,15.62726409023162,0.0,-1,0.0059304585790151965
1976.95,8.479654227229503,-0.6369477151821368,17.538433604106274,0.0,-1,-0.004547408887427662
1967.96,6.418696347135665,-0.8993018650919913,14.466442249225537,0.0,-1,-0.00692849448159516
1954.325,3.7170760448273086,-1.2003073891334495,9.87678337369374,0.0,-1,0.007148196947795338
1968.2949,3.2206678899376584,-0.5655718480076999,12.884889206262052,0.0,-1,0.0026597640424714797
1973.5301,3.140341488331387,-0.21529941653799023,14.008447024698626,0.0,-1,-0.009001686875715675
1955.765,1.3580581635005728,-0.6658609137896017,7.451008999144982,0.0,-1,-0.005969531104197179
1944.09,-0.6191716792066018,-0.8810302521655922,3.452383738889928,0.0,-1,0.0005811973725498021
1945.2199,-1.462030627292961,-0.5746297334173173,3.79817402945811,0.0,-1,0.008916781079609581
1962.565,-0.31619921572837484,0.19040055938242306,8.994026017207126,0.0,-1,0.002313350131078362
1967.1051,0.6614080913645921,0.3893359554917968,10.292740392284927,0.0,-1,-0.007340787230941559
1952.665,-0.10824726270243445,-0.12677313285840994,4.223726276095931,0.0,-1,7.425748912393004e-05
1952.81,-0.4719710011775078,-0.16349895711116108,4.275078751372838,0.0,-1,0.006055376611139973
1964.635,0.3709147130164183,0.22646225236092174,8.494185584581174,0.0,-1,0.014226561167850482
1992.585,3.090614677362055,0.9820540722355195,16.590324737045677,0.0,-1,-0.009680942092809008
1973.2949,2.5854051030880782,0.15894816598718098,7.925687609702138,0.0,-1,-0.008673209463015419
1956.1801,0.6911165573603739,-0.5784467932468411,1.3401501971141556,0.0,-1,-0.015443465558207081
1925.9699,-2.8311374286167847,-1.3669002597413333,-8.020333129280992,5.036367630051927,-1,-0.01130853602644566
1904.19,-6.171327969220556,-1.5690302667817013,-13.370119204636225,14.820296671279493,-1,0.00721571901963558
1917.9301,-6.182137575420711,-0.5266132909939518,-8.173574357026098,0.0,-1,-0.002896403784475754
1912.375,-6.1352892472357325,-0.15992165426965776,-9.659611651062185,0.0,-1,-0.0037910974573501788
1905.125,-6.204757645873542,-0.07646335096915546,-11.636147884283432,0.0,-1,-0.004359346499573591
1896.8199,-6.414520374702988,-0.09540869326620083,-13.888198805892145,0.0,-1,0.005032159352609034
1906.365,-5.189433374559258,0.37655943562584326,-9.432907723115747,0.0,-1,0.0023657589181504957
1910.875,-3.7686037599407882,0.5991296834147706,-7.333869986972154,0.0,-1,-0.005220121672008804
1900.9,-3.575388639303128,0.2641149346841436,-10.741271779699325,0.0,-1,-0.03181656057656901
1840.4199,-8.22084035904254,-1.460445595018423,-24.474475380490702,19.837641013761413,-1,0.019617860032919765
1876.525,-6.849737855658759,-0.029781030544880238,-10.448457256890684,0.0,-1,-0.007918892633991037
1861.665,-6.8317084493285165,-0.003917208071546163,-13.584759265960777,0.0,-1,0.0017860356186532034
1864.99,-5.976301375386129,0.28382995529028054,-12.355455436730047,0.0,-1,-0.000621933629671001
1863.8301,-5.147231057132558,0.37096675784795075,-12.635451759775549,0.0,-1,-0.007640235019275576
1849.59,-5.490434976578172,0.009254279467445947,-16.077292491889416,0.0,-1,-0.00230315907849854
1845.3301,-5.559492354919257,-0.01993436629121348,-17.085077124591827,0.0,-1,0.011886707966233256
1867.265,-3.302821681179921,0.7455787691493745,-7.339168028564174,0.0,-1,0.009013128827456196
1884.0949,-0.4967595375453584,1.1838803042613126,-1.0202543911656008,0.0,-1,0.007335140071766055
1897.915,2.0993431624006007,1.2599943347357576,3.6410919363075607,0.0,-1,0.008728051572383322
1914.4801,4.602874248840408,1.2545084737251884,8.670008544536067,0.0,-1,-0.00794999122738338
1899.26,4.202725271323516,0.2847864987360986,2.820435747589009,0.0,-1,0.013650053178606347
1925.185,5.812840343288144,0.6316338569002422,10.309873730672528,0.0,-1,0.0025088497988505765
1930.015,6.535994517329755,0.4515960103139509,11.572636441972328,0.0,-1,0.0010803024846957054
1932.1,6.526655394573027,0.14741896251907427,12.15022553488663,0.0,-1,-0.010452305781274207
1911.9051,4.29518955031358,-0.6946822939134574,3.4966065955319507,0.0,-1,-0.03499661149499522
1844.9949,-2.7543258343421257,-2.5813992261897214,-14.63225519611629,0.0,-1,0.014929634764843991
1872.54,-3.75413137380815,-1.1937349218852487,-5.958279992456177,0.0,-1,0.002042679996155039
1876.365,-3.6224398623905927,-0.35401447015589715,-4.823068490486669,0.0,-1,0.0087589568127735
1892.8,-1.8851407848160306,0.4610948691395551,0.01780273057165971,0.0,-1,-0.0004147295012678631
1892.015,-0.9248128472941062,0.47380760222049334,-0.2154956993095638,0.0,-1,0.024719677169578347
1938.785,3.529918858741439,1.6428464360853468,11.63168759870323,0.0,-1,0.01811701658512943
1973.91,8.390208140197501,2.1677119058471366,17.942842239562466,-10.487631658039618,-1,0.016312800482291445
2006.11,12.804502102575498,2.194001956075045,22.543122580354748,-20.895636372857098,-1,0.011656838358813815
2029.4949,15.893348908550024,1.7609495873498577,25.392581941403265,-20.255775027358595,-1,0.02858356529991779
2087.5051,20.947509902491447,2.2717035270970953,30.865851121619244,-42.48710830482037,-1,-0.028390397704896597
2028.24,16.79020624092118,-0.6285333781577229,14.564407111234672,0.0,-1,-0.007353666232792988
2013.325,12.069453890059322,-1.7830952430065263,11.119162695478977,0.0,-1,0.007410577030533938
2028.2449,9.946614890456885,-1.3019780808696542,13.29606832807655,0.0,-1,0.003991184693722172
2036.34,8.730902483117461,-0.8392301627363601,14.494500388001256,0.0,-1,0.01112530324012706
2058.9949,9.283379405854475,-0.09558441333311585,17.767132556893017,0.0,-1,-0.009839703828309787
2038.735,7.097677916735165,-0.7604286341508084,12.081288701871507,0.0,-1,0.0017706568043420745
2042.3449,5.71417901244763,-0.7146425128127811,12.700858191968415,0.0,-1,9.068008052892651e-05
2042.5301,4.5616813092665325,-0.6223800719979593,12.735566566758017,0.0,-1,0.002690241872078225
2048.025,4.063200681903936,-0.3736202331201852,13.844699784775827,0.0,-1,-0.007829494268868809
2031.99,2.1391103113971894,-0.7659035345423106,8.225563663104687,0.0,-1,-0.007116127539997796
2017.5301,-0.20618573313913657,-1.0370665263595455,3.507006964310243,0.0,-1,0.007296000193503849
2032.25,-0.1349932776456626,-0.32195802362202397,7.410843101239237,0.0,-1,-0.012660893098782156
2006.5199,-2.2323226100952525,-0.8064291186905381,-0.6389157519387325,0.0,-1,-0.0004808325100588151
2005.5551,-3.1753603921454214,-0.5831556335802359,-0.9255956844867654,0.0,-1,0.0021115849671744513
2009.79,-3.0293575838250035,-0.1457176084199392,0.4771583144763767,0.0,-1,-0.005318963672821586
1999.1,-3.5947430476792306,-0.23703435742472223,-3.1428789057328075,0.0,-1,-0.0032964834175378543
1992.51,-4.12704052563322,-0.25644394512623725,-5.336858602069029,0.0,-1,-0.008200761853140004
1976.1699,-5.410944220807551,-0.5134492134335229,-10.440025699041811,0.07329937213989979,-1,-0.0074993045891449395
1961.35,-6.836975716660618,-0.646493569762197,-14.524760898947711,3.7307484640100483,-1,-0.0024676880719911587
1956.51,-7.383576821532188,-0.3976982248779226,-15.805957941971627,3.192830546888217,-1,0.008706778907340063
1973.5449,-5.6220043055068345,0.4546247637158105,-7.662057618540608,0.0,-1,-0.010443086448147287
1952.935,-5.990209355368734,0.028806571284636817,-13.700937953261885,0.0,-1,0.014649693922224927
1981.5449,-3.2909694340189617,0.9093488308781366,-2.2138414814557947,0.0,-1,0.015429879989093287
2012.1199,0.8808146461576598,1.6937109703515862,6.994755720427484,0.0,-1,0.0031136812473253617
2018.385,3.4153971323994483,1.4094311521977918,8.654918654485655,0.0,-1,-0.006656311853288632
2004.95,3.2784886144870597,0.4241742114284679,3.714247545882401,0.0,-1,-0.014878226389685612
1975.1199,0.45098530432346706,-0.8011096995783751,-5.527385124170969,0.0,-1,5.062983771275675e-05
1975.2199,-0.992015126118531,-0.7480367100067912,-5.4918227311138565,0.0,-1,0.008044724539277848
1991.11,-0.3066724141631312,-0.02089799935046377,0.145492336445173,0.0,-1,-1.2555810577907778e-05
1991.085,0.05947164299504948,0.11508201926923897,0.13658866824098936,0.0,-1,-0.005298618592375459
1980.535,-0.6415789653422053,-0.19532286302267193,-3.7166982044562147,0.0,-1,0.022034450287422347
2024.175,2.6980273109343216,1.0480944710846185,10.305036403366465,0.0,-1,0.012133338273617733
2048.735,6.189661506494758,1.5132428888816856,15.87515267590939,-8.667158225440971,-1,-0.004834641864370104
2038.8301,6.5942651454004135,0.6392821759291136,11.978015080903035,0.0,-1,-0.015930753621893223
2006.35,3.540369869403321,-0.804871033355993,0.9876138880995029,0.0,-1,-0.016230966680788383
1973.785,-0.995358591045715,-1.7801998312683431,-7.4232338409690755,0.0,-1,4.301380342841554e-05
1973.8699,-3.1732012720162857,-1.319347504079638,-7.395807406589874,0.0,-1,0.017374549356064417
2008.165,-1.1397641731668955,0.23802986492325062,2.736136884785779,0.0,-1,0.002684092193619536
2013.5551,0.4211097240215622,0.5996345873705695,4.149579515817294,0.0,-1,0.008872267761632191
2031.4199,2.6551875289474083,0.9445707974321387,8.698172387537241,0.0,-1,-0.0003740733267405538
2030.66,3.487635803998046,0.592339690827592,8.424240496577582,0.0,-1,-0.008561255946342605
2013.275,2.16447362452368,-0.2436074962155912,2.22839681396583,0.0,-1,-0.011684941202766641
1989.75,-0.637896933923912,-1.015326018221061,-4.9540947349132765,0.0,-1,-0.00610629476064839
1977.6,-2.998424135320647,-1.1252844065392655,-8.248975491490746,0.0,-1,0.0034182847896440105
1984.36,-3.3654857247424843,-0.4974486653203676,-5.729015408125967,0.0,-1,-0.0017940293091979198
1980.8,-3.5652260423914868,-0.23239632765645668,-6.822035948288814,0.0,-1,-0.010197899838449098
1960.6,-5.0513273643500725,-0.5728325498716806,-12.637726613223961,0.0,-1,-0.0022671121085381385
1956.1551,-5.743842411633523,-0.42178253238504393,-13.82888403732467,0.0,-1,0.008473254498071237
1972.7301,-4.230196400972545,0.3639544927586442,-6.381230718334145,0.0,-1,-0.010513399678952484
1951.99,-4.849198695560972,-0.08501593394326079,-12.469590442052755,0.0,-1,0.013119944262009575
1977.6,-2.62043328489176,0.7145831589086504,-2.4290884502458567,0.0,-1,0.005524372977346426
1988.525,-0.37726447248269324,0.9859173237725725,1.2823515406420043,0.0,-1,0.010080285638852882
2008.5699,2.446166973095387,1.2697829231168845,7.426348296955865,0.0,-1,-0.0030743266639612354
2002.3949,3.13945211479313,0.6543560216048756,5.049987161661342,0.0,-1,-0.013266514012795438
1975.8301,1.0107403427425652,-0.4914519168152298,-4.040787592390629,0.0,-1,0.005817757306157079
1987.325,0.8200644281553195,-0.22737594380082515,-0.06575594524469608,0.0,-1,-0.004473349854704267
1978.435,-0.08444556481799737,-0.3772953122580474,-3.0343660652191318,0.0,-1,-0.0024640688220740614
1973.56,-0.9359134309029287,-0.40958772611432637,-4.676134770963337,0.0,-1,0.010648270131133675
1994.575,0.46759542196309667,0.3313070422505664,3.165551449520734,0.0,-1,-0.006136645651329209
1982.335,0.11038356323251719,-0.008634938826671032,-1.3499354807863853,0.0,-1,-0.0071758809686557345
1968.11,-1.2628376630686944,-0.4606187217092942,-6.1582263337809025,0.0,-1,-0.024442180569175465
1920.0051,-5.852953470963712,-1.6835781765347706,-18.030575478938943,17.79684403512806,-1,0.008700445639441279
1936.71,-6.268190252330896,-0.6996049859673183,-11.59474950450955,0.0,-1,-0.003944885914773044
1929.0699,-6.590134455320367,-0.3405163963189297,-13.3563658811509,0.0,-1,-0.002861430785893293
1923.55,-6.661920352205016,-0.13743409773452608,-14.65774735971754,0.0,-1,-0.0009955550934469537
1921.635,-6.302236604630252,0.07408321661341244,-15.135046045127602,0.0,-1,-0.0026253685013023498
1916.59,-6.0176250137903935,0.11956493581775707,-16.460904728234468,0.0,-1,-0.007729874412367721
1901.775,-6.6084338005546215,-0.15708128364882334,-20.163103745640736,0.0,-1,0.003791195067765596
1908.985,-5.752302043890495,0.23301682433843407,-16.21098859538135,0.0,-1,-0.007084916853720591
1895.46,-5.9719609952342125,0.004452624331571897,-19.761131488425075,0.0,-1,0.002622107562280318
1900.4301,-5.1699520546364965,0.26882052164309567,-16.891496846649424,0.0,-1,0.0009050056616131119
1902.15,-4.194793246451354,0.41465977660941267,-15.849984724483036,0.0,-1,-0.0022868858922798774
1897.8,-3.720147738487867,0.29643509485763353,-17.28160852592646,0.0,-1,0.0008905047950258371
1899.49,-3.0319793396320165,0.32820116457116155,-16.085693296229948,0.0,-1,0.000284339480597362
1900.0301,-2.3902218619014093,0.32331954743392277,-15.671193896612387,0.0,-1,0.001239401417903796
1902.385,-1.6739163012109657,0.3465417027081221,-13.73456129273356,0.0,-1,0.0001551210717074536
1902.6801,-1.1516788290982731,0.2895930582736048,-13.473932756399194,0.0,-1,0.0029484199682332513
1908.29,-0.3270951906170012,0.37139223225162565,-8.427252076218139,0.0,-1,0.009330290469477864
1926.0949,1.596196227841574,0.7648945502367337,4.3673784203700805,0.0,-1,0.01910087607832822
1962.885,5.4906672514175625,1.5531218579375743,19.634136937094382,-5.362580023144119,-1,-0.030951838747557803
1902.1301,1.9174388255873964,-0.6733688559641973,-6.852804893748932,0.0,-1,-0.010422525777810887
1882.3051,-1.6810452894599166,-1.4239509903371703,-12.082101295572848,0.0,-1,0.001362584630939967
1884.8699,-3.1264669061954464,-0.9564575356909004,-11.019050696308156,0.0,-1,-0.00926053304793073
1867.415,-5.043213805713549,-0.9577348117363345,-15.487759298343242,0.0,-1,-0.0014003314742572215
1864.8,-5.799236104996453,-0.5712523703397459,-16.134016120320815,0.0,-1,0.001764264264264348
1868.09,-5.419810912554794,-0.06394239263269608,-14.447010778969798,0.0,-1,-0.0031128050575720545
1862.275,-5.263030740287832,0.030945926544755586,-16.143105091681456,0.0,-1,0.00253721926138728
1867.0,-4.352304759130448,0.3138906359007132,-13.411900520171052,0.0,-1,0.005830208891269395
1877.885,-2.6271663719574008,0.679676341024587,-7.3502729196582095,0.0,-1,-0.015820990103227905
1848.175,-4.021499980707858,-0.2382190892419569,-16.935666738577382,0.0,-1,-0.001723321655146215
1844.99,-4.648958453357409,-0.2885591872971691,-17.797740303349457,0.0,-1,0.0035203442837088428
1851.485,-4.034024485235705,0.1087915936081787,-14.01592929390793,0.0,-1,0.00018363637836671387
1851.825,-3.3620554607384747,0.2602535393684695,-13.808904128211196,0.0,-1,0.0009422596627650659
1853.5699,-2.600491326761585,0.34060589111511996,-12.653511429264519,0.0,-1,-0.002694745960214351
1848.575,-2.419243315876429,0.1739513006667588,-14.6872433280654,0.0,-1,-0.009104364172403123
1831.7449,-3.5295240341106364,-0.31210980585581627,-20.66739214356624,0.0,-1,-0.002882442855443479
1826.465,-4.230529057051854,-0.33770494293234465,-22.302397000125694,0.0,-1,-0.014853829665501306
1799.335,-6.489320813768245,-0.8654988998829118,-28.988896541165182,0.0,-1,0.025414944965779007
1845.065,-3.2671066243124187,0.7855717631909718,-4.395110340288234,0.0,-1,0.02208594277166398
1885.815,2.012092689108158,2.0215903588705166,8.422377192726636,0.0,-1,0.004226289429238861
1893.785,5.148184621726159,1.719227430496173,10.447738730815374,0.0,-1,-0.0005518049831422234
1892.74,6.200131869557936,0.9237248927759829,10.021780283064366,0.0,-1,-0.005690216300178519
1881.9699,5.311919504344132,0.011837509187393458,5.5399672826235715,0.0,-1,0.011942273890777955
1904.4449,6.2980700297084695,0.33266267818390993,12.101487598808824,0.0,-1,-0.0047966207896065205
1895.31,5.505064456581522,-0.15344763164767894,8.221086713889981,0.0,-1,-0.003276508856071003
1889.1,4.132306298636195,-0.5087352631976687,5.5970400418324715,0.0,-1,0.002911439309724262
1894.6,3.5599016947771815,-0.36037995568556047,7.4827919921269554,0.0,-1,0.005644938245540132
1905.2949,3.868282584949611,-0.017333021837710127,11.056199193236317,0.0,-1,0.03419685844957643
1970.45,9.129707814623316,1.7480307359453322,25.17786815465874,-24.21286208335846,-1,4.8161587454575994e-05
1970.5449,11.007519778241658,1.208614233187891,25.192426340809675,-6.898496799407212,-1,0.0059172465443440014
1982.2051,12.00081577853075,0.7339700778256617,27.03149599151442,-1.240521110960799,-1,-0.00574113142984034
1970.825,10.549054130464356,-0.23926385674691097,21.299596954337616,0.0,-1,-0.009034338411578968
1953.0199,7.460327128892459,-1.1093302861062693,13.132977791427045,0.0,-1,0.007393729065433563
1967.46,6.49761136736538,-0.6906820158777824,16.582165333325733,0.0,-1,-0.011908704624236321
1944.0301,3.5222942059879188,-1.2219997257517479,6.972623314989498,0.0,-1,0.0012885088559071445
1946.535,1.9498527748003198,-0.9314803856464491,7.697867876720686,0.0,-1,0.040022398775259704
2024.44,7.493227661306491,1.5372981669532404,23.268253667672,0.0,-1,0.020590879453083355
2066.125,13.114229466117422,2.3860999905880576,28.067719207987594,-22.643137216134164,-1,-0.002059459132433883
2061.8699,14.477286246346239,1.2497189236056254,26.509711624245043,-1.9055161859241707,-1,-0.007061502765038807
2047.31,12.739049115931948,-0.1628394022695545,21.11387800130872,0.0,-1,0.001160058808876041
2049.685,11.006259791063712,-0.6318762423792634,21.478445450913725,0.0,-1,0.009389296404081593
2068.9301,10.826435146040922,-0.2705669624673508,24.388720123191206,0.0,-1,-0.0011649499420015585
2066.5199,9.63346989469278,-0.48784407127183016,23.34727788351934,0.0,-1,0.017471450432197777
2102.625,11.242956444461015,0.37388082616546825,28.384267159619625,0.0,-1,0.00575713691219315
2114.7301,12.119545015640142,0.416823132448199,29.805972877184445,0.0,-1,0.029039119460208873
2176.14,16.66536888325936,1.65421566668914,35.267771571706234,-12.848617653104156,-1,-0.0007145679965442353
2174.585,17.419916743464455,0.8029211756314112,34.62381754808405,0.0,-1,0.0059712082995146964
2187.5699,17.427605944944844,0.2702034590372655,35.63068373896206,0.0,-1,-0.008317402794763229
2169.375,14.462908383606646,-0.8981647007669782,27.708245003257943,0.0,-1,0.015031979256698413
2201.985,14.4928172376367,-0.28941861557897397,31.176347949568083,0.0,-1,-0.0016621366630564793
2198.325,12.995036894848454,-0.5957329861224068,29.631379078350022,0.0,-1,-0.0005413212332114892
2197.135,11.064060315550705,-0.8422365218067185,29.087600629939928,0.0,-1,0.0035796616957992633
2205.0,9.831983666272208,-0.6914377236950724,30.086221597191,0.0,-1,-0.001369569160997619
2201.9801,8.144955036110332,-0.7928221179523156,28.487226527123354,0.0,-1,-0.010247640294297033
2179.415,4.742269468020368,-1.3985025620140936,17.3268288392389,0.0,-1,-0.00034642323742839487
2178.66,2.582820894973338,-1.185983711687041,16.972793770282507,0.0,-1,-0.00028457859418173914
2178.04,1.2361948672023573,-0.8442032464860074,16.65299263154651,0.0,-1,-0.0021992249912765605
2173.25,0.06069894771644613,-0.6732330553239729,14.028436872117283,0.0,-1,-0.002434142413436091
2167.96,-0.972940591002498,-0.568957531347639,11.077272272196211,0.0,-1,0.00048663259469727826
2169.015,-1.3207653111116997,-0.30559408381894704,11.470790550598139,0.0,-1,-0.009006346198619952
2149.4801,-3.0125222285741984,-0.6657836670938151,0.886122879581464,0.0,-1,-0.004238327212240822
2140.3699,-4.366540501590407,-0.6732673133700082,-3.2822323295663978,0.0,-1,-0.0010792059821063127
2138.06,-4.87216292963285,-0.39296324713748376,-4.336040787312172,0.0,-1,0.004410540396434071
2147.49,-3.933127232851348,0.18202414988133953,0.7075095817140706,0.0,-1,0.004975576137723703
2158.175,-2.2454321150562464,0.623239755892147,5.865142458848084,0.0,-1,0.0068436989586107
2172.9449,0.01635978676222294,0.9616772192368722,11.975828174569415,0.0,-1,-0.007133176731724755
2157.4449,-0.1457742445581971,0.26651439597215076,3.3610479501286576,0.0,-1,0.004572584912829081
2167.31,0.6073982601615171,0.339895633563955,7.535287214722111,0.0,-1,0.009283443531382218
2187.4301,2.610042990841066,0.7808467880811683,14.695758043351063,0.0,-1,0.00786987433335562
2204.6449,4.828428440277548,0.9997440791725505,19.57326674658836,0.0,-1,-0.009629623346598781
2183.415,3.766093794972676,-0.020863522044107352,8.498826722216094,0.0,-1,-0.005896726000325203
2170.54,1.8481686560721755,-0.6462628869815359,2.832079214499352,0.0,-1,0.03051544776875814
2236.775,6.254775365282512,1.2534479407429338,19.641800449699858,-16.96569004720459,-1,-0.009784175878217671
2214.89,6.113097439447756,0.37059000496939287,11.584300809229532,0.0,-1,-0.0034065348617763336
2207.3449,4.9040753565764135,-0.27947735930064965,8.97068114907951,0.0,-1,0.009781026970456574
2228.935,5.69006636875929,0.1688378842940752,13.848699627929172,0.0,-1,0.009118704672859579
2249.26,7.3026396774539535,0.5938037309962461,17.84723425577569,-3.2351569490342627,-1,0.010499008562816048
2272.875,9.468289692013514,0.9198179151852681,21.864628702127874,-10.188037275060196,-1,0.010447076939998912
2296.6199,11.740832224958922,1.0641201493768921,25.31105194118966,-13.585867374645659,-1,0.00010241137421140856
2296.8551,11.918300806018578,0.41386291014551624,25.344291703187054,0.0,-1,-0.007562558038598066
2279.485,9.566335029380298,-0.6460342888309221,17.848491414638673,0.0,-1,0.007049881881214359
2295.5551,8.932332555279118,-0.42667892097736804,20.831506208618592,0.0,-1,-0.0027858621211053203
2289.16,7.338045271955252,-0.673655401433745,18.04020985949623,0.0,-1,-0.015669503223889936
2253.29,2.940231190963914,-1.6904898274750284,4.624628579580417,0.0,-1,0.0001752992291270683
2253.685,0.5292215512213261,-1.3671664890725388,4.73383314121557,0.0,-1,0.004168772477076477
2263.0801,0.06253993541486125,-0.6112827016263346,7.440758426666207,0.0,-1,0.0002849656094805475
2263.725,-0.12227086710618096,-0.26536450138245893,7.633985785178666,0.0,-1,0.004720096301449983
2274.41,0.6859296372253993,0.18094533431637383,10.90189571309039,0.0,-1,0.00660395443213857
2289.4301,2.2845440862893156,0.5931865944600967,15.105875027784663,0.0,-1,-0.011432976267762074
2263.2551,0.7122226369633609,-0.3263782849552861,3.8867664626248057,0.0,-1,-0.0003755652643839813
2262.4051,-0.20412330744647988,-0.41424140978837565,3.553786516017624,0.0,-1,0.012192732415604812
2289.99,1.6534556626361336,0.4811125200980795,12.016998430113865,0.0,-1,0.008713968183267307
2309.9449,4.10736550912452,0.9783407888621554,16.869332759135276,0.0,-1,-0.00836600041845148
2290.6199,3.3816233066081622,0.08419952878193238,8.788088860906285,0.0,-1,-0.014229728817076959
2258.025,0.02070859646619283,-1.092238393786679,-2.067817115904745,0.0,-1,0.01204818370035765
2285.2301,0.6056171916898165,-0.16910993285435183,5.545151358785375,0.0,-1,0.009090988255405774
2306.0051,2.5788533899940376,0.601375421816623,10.451544901705525,0.0,-1,-0.01037729708403512
2282.075,1.3563920399801646,-0.2070286427324166,2.969352376321723,0.0,-1,0.013904056615142046
2313.8051,3.2763036949745583,0.5709610040873256,10.22273816020234,0.0,-1,-0.0029086719533983896
2307.075,3.4023925478904857,0.2323499523344177,8.110598023278058,0.0,-1,-0.004057085270309679
2297.715,2.4019042620243454,-0.25604611117724074,5.123099605320789,0.0,-1,-0.0015755217683656175
2294.0949,1.3998264305896555,-0.41937464753731035,3.9315893962654442,0.0,-1,0.0029205417788078503
2300.7949,1.340468645656074,-0.15957747749029738,5.892199623574022,0.0,-1,-0.0011038793592597074
2298.2551,0.9874340327182836,-0.1708706968093625,4.9079495243667495,0.0,-1,-0.007068449451063774
2282.01,-0.6251277764772567,-0.5944775020016343,-1.1994876493292637,0.0,-1,-0.0020683520229973773
2277.29,-1.7726480330352388,-0.5806659195198722,-2.8911112752630004,0.0,-1,0.0011856197497901455
2279.99,-1.9736874918944523,-0.2605684594596953,-1.7509226255554324,0.0,-1,-0.0208158369115653
2232.5301,-5.864724930332613,-1.3838686326326188,-16.046440124727987,13.309767063139134,-1,0.006969626075814306
2248.09,-6.02485823869074,-0.5146673136635815,-9.612384173163875,0.0,-1,0.003220556116525497
2255.3301,-4.999511706312205,0.17022640623831808,-6.7539589566973675,0.0,-1,0.001791223377899387
2259.3699,-3.733562464597071,0.47872521598448436,-5.1154951696721795,0.0,-1,0.012773561336725026
2288.2301,-0.38444097168985536,1.2759489029639002,5.1600094700620005,0.0,-1,-0.017764821815778098
2247.5801,-2.065343477595434,-0.13498453431389268,-7.2990595180395275,0.0,-1,-0.0009477304056929592
2245.45,-2.9111911074151067,-0.3269440547111886,-7.853329631877308,0.0,-1,0.00021381014941335152
2245.9301,-3.0515073300402946,-0.15575342577879203,-7.665876748408607,0.0,-1,-0.010243016913126457
2222.925,-4.784464830516299,-0.6295703087515987,-13.894438563601774,0.0,-1,-0.0004880956397539382
2221.84,-5.34265484487787,-0.3959201077043897,-14.170686346587829,0.0,-1,-0.010291020055449684
2198.975,-7.081945281652224,-0.7117368481595809,-19.61435961137994,1.7524808663984004,-1,-0.006700849259314023
2184.24,-8.589345059901461,-0.7397122088029393,-22.595682269699697,4.542456293524538,-1,0.002614181591766407
2189.95,-8.15143286070088,-0.10060000320078544,-19.65312677136416,0.0,-1,0.0022100961209161607
2194.79,-6.849857356042321,0.4003251671525909,-17.091884811542037,0.0,-1,-0.012778033433722524
2166.7449,-7.965339824042985,-0.23838576694935742,-23.391329752844285,0.0,-1,0.007502082963250389
2183.0,-6.504711072705959,0.4074143281292226,-15.336682953942415,0.0,-1,0.009360971140632168
2203.435,-3.529420774312257,1.1275682088409749,-6.651904470733108,0.0,-1,-0.0003812683378451309
2202.5949,-1.8176655605893757,0.9464411408546187,-6.913515804107234,0.0,-1,0.007137081812002677
2218.315,0.49969250965432366,1.087933070366106,-0.5682961144990131,0.0,-1,0.0027836443426654256
2224.49,2.1313138356385934,0.9065181321167919,1.7781689556596447,0.0,-1,-0.002535412611429977
2218.85,2.299515012327447,0.358239769601882,-0.5504465238611118,0.0,-1,-0.006942830745656492
2203.4449,0.9082310163112197,-0.3443480754714485,-6.489149115746493,0.0,-1,0.0012957437692224794
2206.3,0.37482810027722735,-0.292583663835147,-5.125826592832922,0.0,-1,0.00614150387526613
2219.85,1.2060576339035833,0.17954862326373644,1.0977225542295201,0.0,-1,-0.009554699641867725
2198.64,-0.2463324021086919,-0.42428047091617965,-7.288827873734341,0.0,-1,-0.0032224011206927194
2191.5551,-1.5424080532720836,-0.5734520406931906,-9.741236300310199,0.0,-1,-0.008092518413066574
2173.8199,-3.5398452077479305,-0.856963065056346,-15.285260051550246,0.0,-1,0.009947926228847104
2195.4449,-2.4414933510065566,0.08046293056167597,-5.020143531843416,0.0,-1,0.0022615461677037985
2200.41,-1.275101310051923,0.41561832383876984,-2.8982695638826854,0.0,-1,-0.004899041542258065
2189.6301,-1.483971847070734,0.06891592893998633,-6.907354398212398,0.0,-1,-0.0005960367461153027
2188.325,-1.5735011283240965,-0.006871117437792007,-7.395167870266874,0.0,-1,0.011140986827825161
2212.7051,0.5445343250762562,0.7037214453208538,3.52479435626735,0.0,-1,0.00861836491451129
2231.775,3.1473325246870445,1.1021732149772143,10.119257751606426,0.0,-1,-0.006181133850858611
2217.9801,3.036878914101635,0.3305732014639351,3.9647166754808723,0.0,-1,0.013431049268656459
2247.7699,5.211062199300613,0.8349188288876377,13.042690614047558,-5.753685293013859,-1,0.006433131789868929
2262.2301,7.0689153252915276,0.8975906516261842,16.595465854888303,-10.119124310771895,-1,0.008712597361338226
2281.94,9.051257277846162,0.9599775347269404,20.840789125536446,-15.246423679446707,-1,-0.0060978816270366165
2268.025,8.128573480969862,0.012431245950214276,14.418736911106677,0.0,-1,-0.006470387231181429
2253.35,5.7669337924508,-0.783069480856283,8.232735387841018,0.0,-1,-4.437836998238964e-05
2253.25,4.097202798820035,-0.8176001581623495,8.190426779479921,0.0,-1,0.0047154110728946375
2263.875,3.8063204021032107,-0.3694941849597244,11.49324660331171,0.0,-1,0.016202352161669653
2300.5551,6.400360836902564,0.7415154166132094,20.44802308308435,-0.4497505947074387,-1,-0.0057616963836248924
2287.3,6.059425984560676,0.13352685475710668,14.431747206615768,0.0,-1,-0.014626459143968873
2253.8449,2.5960813930096265,-1.1099392455979809,1.9822729398809997,0.0,-1,-0.0013997857616555587
2250.69,0.3851606478165195,-1.106953330263696,0.9507417344844811,0.0,-1,-0.00851516646006334
2231.525,-2.3494797787648167,-1.2805312522816774,-5.067485046206869,0.0,-1,0.03006683770067564
2298.6199,2.0702316561751104,1.0463933942194166,12.26882170665344,0.0,-1,-0.0029365446631693937
2291.8699,3.545068068963701,0.840409935669336,10.152005248308917,0.0,-1,-0.0002813859547613484
2291.225,3.933322269610926,0.4095547121055203,9.93571132694504,0.0,-1,-0.001326801165315472
2288.185,3.54633918080026,0.007523874431618172,8.827773692009345,0.0,-1,0.0037672216188813223
2296.8051,3.7756610379947233,0.07894857720869375,11.093700056464485,0.0,-1,0.010188065151893078
2320.2051,5.52568354675941,0.6096570286577938,16.632614578749028,0.0,-1,-0.005469387167539752
2307.515,4.88271283891163,-0.011104559729995245,11.368147394722762,0.0,-1,0.020766928925705752
2355.435,8.147668081744996,1.08461689436779,20.986105003647722,-16.13932574618366,-1,-0.01892639788404249
2310.8551,5.3861816963494675,-0.5589564970092464,6.45710566164702,0.0,-1,0.00937964479036335
2332.5301,5.362840028955816,-0.1940993881342994,10.792323903192894,0.0,-1,-0.002673148783803536
2326.2949,4.384665859513007,-0.39075785252570316,8.91739007498171,0.0,-1,0.037372776770477456
2413.235,10.77519828649838,1.9999248581532232,22.200534252673236,-33.10268651530623,-1,0.006105870335876951
2427.9699,14.300439642782749,1.8417220714791966,23.796026021795925,-23.10906794336779,-1,-0.003375206587198587
2419.775,14.188448684026753,0.5765770375744008,21.268420989936857,0.0,-1,0.0026840925292639373
2426.2699,13.491324147646537,-0.040182499601938204,22.109654249752197,0.0,-1,-0.0295556153913461
2354.56,6.042659867152452,-2.4962822600320074,3.053504520907225,0.0,-1,0.021717390935036773
2405.6949,6.076014404642592,-0.8209759075139553,11.181388954312425,0.0,-1,0.004769931548676443
2417.1699,6.54260713966778,-0.11812772416292283,12.787785038277676,0.0,-1,0.002610573629930002
2423.4801,6.756536245541156,0.03193379390348472,13.705486750098004,0.0,-1,-0.014941405955840259
2387.2699,3.282939444683052,-1.1472210023182061,5.049532614452787,0.0,-1,0.010015708739091522
2411.1801,3.265079423863426,-0.38836034104594397,9.124387588170691,0.0,-1,-0.004676133483351164
2399.9051,2.044476128131919,-0.5363212122591503,6.443475784952646,0.0,-1,0.012104645304516382
2428.9551,3.6846348029216642,0.36794582084353156,11.447868088175298,0.0,-1,0.00329149764851544
2436.95,4.863902906739895,0.5157379748872541,12.756370475035737,0.0,-1,-0.0036089784361599264
2428.1551,4.315303383087212,-0.010953849588476672,10.256567012257712,0.0,-1,-0.0022568986635160826
2422.675,3.224720006003281,-0.3671790755574693,8.639408118712602,0.0,-1,-0.0036963686833768605
2413.7199,1.6644433169612967,-0.6424852548664846,5.914737277410708,0.0,-1,0.006055010774033809
2428.335,1.963526362693301,-0.11446740304482672,9.340631408337849,0.0,-1,-0.008133144726736652
2408.585,0.3036073553348615,-0.5914621368010888,3.140141429624123,0.0,-1,0.0036619425928501315
2417.4051,0.18335557204454744,-0.23723797336380098,5.4500003310813625,0.0,-1,-0.0037706133738196757
2408.29,-0.6516416172707977,-0.35741172089304873,2.4795648581108622,0.0,-1,0.012048009168331042
2437.3051,1.4030882561773979,0.5657727175183823,10.049042150086372,0.0,-1,-0.002892538976757675
2430.2551,1.7260291715529092,0.29623787763129794,7.57317029863912,0.0,-1,0.0029173069115255856
2437.3449,2.3344805316114616,0.30156307922994996,9.441717164837094,0.0,-1,-0.0009271974598260568
2435.085,2.2558411673394403,0.07430790498597606,8.52877021512736,0.0,-1,0.001743306701819547
2439.3301,2.3822930545920826,0.06691993074620628,9.816883344122942,0.0,-1,-0.010427125053718789
2413.8949,0.127394577002633,-0.7293261822810811,-0.4327169480700661,0.0,-1,0.0032996879855873296
2421.86,-0.3469125432088731,-0.4012111008308624,2.4049319956848194,0.0,-1,-0.006239006383523482
2406.75,-1.8143233913806398,-0.6228739830008765,-3.151233621318454,0.0,-1,0.007007375090890111
2423.615,-0.9914185328511849,0.06667695850952615,3.0253200859069693,0.0,-1,0.004227156540952404
2433.86,0.35640210748397294,0.4714991996148947,6.4418513101051715,0.0,-1,0.0026378263334785323
2440.2801,1.5356205853613574,0.5502392258307598,8.541388805046047,0.0,-1,0.008445710801805006
2460.89,3.714753108853529,0.909790583107644,14.623575428792648,-6.476312679262719,-1,0.014612599506682589
2496.85,7.4914232781952705,1.5621535841497955,22.457082254590972,-25.373317059171313,-1,0.0002703406291928445
2497.525,8.8117230896828,0.9608177985457749,22.58369945923934,-12.805172322715407,-1,-0.007433359025435182
2478.96,7.190479404619964,-0.22014196217235416,13.642808761651658,0.0,-1,0.010240141026882199
2504.3449,7.896059278370103,0.16181263719259498,19.37427855668257,-2.074928063720563,-1,-0.003845277062276775
2494.715,6.788352608714376,-0.3152980108210439,15.051744329740686,0.0,-1,0.0038982408812229252
2504.44,6.479219889827164,-0.20814357656941862,17.335459011910032,0.0,-1,-0.010026153551292882
2479.3301,3.6922268728976633,-0.9983788644996396,6.705030074957882,0.0,-1,-0.01721840105115502
2436.64,-1.5664635416419515,-2.0856897596797515,-6.321167584590484,0.0,-1,-0.0004986374679886163
2435.425,-4.166520120441419,-1.5619154461597402,-6.636181827232193,0.0,-1,0.04662221172895897
2548.9699,4.342736600195622,2.315780424825767,17.615606911905928,-12.577526544882858,-1,-0.015376760627891284
2509.775,4.969228577164358,0.9807574672648349,8.077217871762322,0.0,-1,0.0007211801854747346
2511.585,5.019205517551654,0.3435781358840435,8.378485497674461,0.0,-1,0.010057354220541992
2536.8449,6.730918527949143,0.685097048760511,12.55147790534231,0.0,-1,0.007631605700451072
2556.2051,8.639215155818874,0.8644645588767474,15.497374902950483,0.0,-1,0.006196607619631145
2572.0449,10.193412206769153,0.8062205366090094,17.80006362152139,0.0,-1,0.020584827271094674
2624.99,14.53315138168,1.7153199038399514,24.19599483049373,-22.734014260868662,-1,0.012586752711438942
2658.0301,18.24526668732915,1.8091450698297002,27.319703791341823,-27.64704804839812,-1,0.029800226867257695
2737.24,25.181710449542607,2.915196277347718,32.84994970655828,-59.65001578333522,-1,-0.005452572664435662
2722.315,25.307706459854217,1.0137307625531093,28.82595564271851,-12.353279618076158,-1,-0.021597463923168414
2663.5199,18.362137260022337,-1.9772794790929247,15.00610075048236,0.0,-1,0.018066356478132706
2711.64,17.36918288843799,-0.9900779502257571,19.81808224128214,0.0,-1,-0.016683667448481376
2666.3999,11.655265461942236,-2.2346651255738372,11.048813768365186,0.0,-1,-0.017664229585367064
2619.3,3.9020429601991964,-3.329295875772292,3.30402816292262,0.0,-1,-0.010193524987592184
2592.6001,-2.5247302040220347,-3.2520230133311747,-0.640121554335586,0.0,-1,-0.005592840947587718
2578.1001,-6.736055935797594,-2.487782915035578,-2.749784216508175,0.0,-1,-0.008106783751336999
2557.2,-10.022055807035485,-1.9245942620911567,-5.776880024138656,0.0,-1,-0.0029719615204127914
2549.6001,-11.463209425401601,-1.1219159601524247,-6.892690144073633,0.0,-1,-0.0008040868840567539
2547.55,-11.399360449134292,-0.35268899462837133,-7.216242450244522,0.0,-1,-0.002158937017919138
2542.05,-10.875822590239295,0.05694962142220916,-8.152527197858142,0.0,-1,0.0004130917959914715
2543.1001,-9.620226778271899,0.4375151444632017,-7.883800065036809,0.0,-1,-0.016161416532522677
2502.0,-11.615751640765666,-0.5193365726768544,-14.931262467880266,0.0,-1,0.004856075139888061
2514.1499,-10.633043101948715,0.15445732204669937,-11.548375410290376,0.0,-1,-0.013602967746672578
2479.95,-12.105593574044633,-0.43936438334973893,-16.93601430081459,0.0,-1,-0.0068751789350591785
2462.8999,-13.25391101225523,-0.5292272738534454,-19.317429449836098,0.0,-1,0.020727638991743014
2513.95,-8.469402147005894,1.4184271971319635,-5.918687224976658,0.0,-1,-0.012649456035322859
2482.1499,-8.021372535464252,0.6221522695578692,-11.120256143068389,0.0,-1,0.006607215784993681
2498.55,-5.762235018404681,0.9604299288724798,-7.249239318206762,0.0,-1,-0.00260150887514754
2492.05,-4.694146675007687,0.6761727574231582,-8.409247422138861,0.0,-1,0.005597801007202863
2506.0,-2.606423613725383,0.9212986062351542,-4.859577453698272,0.0,-1,-0.015243415802075
2467.8,-4.5286934486071,-0.33365707621552154,-11.903821923355707,0.0,-1,0.005510940919037033
2481.3999,-3.9791122453307253,0.07197470902028424,-8.304655911594907,0.0,-1,-0.007536028352382873
2462.7,-4.9310539565817635,-0.293322334076918,-11.706184433155379,0.0,-1,-0.0024566938725788523
2456.6499,-5.500278649158645,-0.28751567555126645,-12.797229273664172,0.0,-1,0.017483240082357687
2499.6001,-1.747351108017483,1.1551372885299651,-1.2740632009969204,0.0,-1,-0.03062493876520489
2423.05,-6.104449745111651,-1.067320449521401,-14.261111215577586,3.8491216670586255,-1,0.011163657373970848
2450.1001,-5.520119918232922,-0.1609968742142236,-8.173384054855894,0.0,-1,0.003652871162284299
2459.05,-4.022120011607512,0.4456676774703956,-6.215574687735646,0.0,-1,-0.0006912832191293683
2457.3501,-3.079601723994074,0.4627286550279446,-6.524358662085781,0.0,-1,0.012065802101214551
2487.0,0.11911589681221812,1.2204820919447457,0.2722361398414179,0.0,-1,-0.013449939686369095
2453.55,-1.0789516175191238,0.007471525871134643,-6.3125649781347235,0.0,-1,0.013898188339344975
2487.6499,1.253585593441585,0.7800029122772811,0.9627972574247323,0.0,-1,0.010290877345723093
2513.25,4.448730399468786,1.3250492394348279,5.733382861699397,0.0,-1,0.010404814483238711
2539.3999,7.854733602526267,1.5770174808307695,10.135103782504359,-4.398038052348966,-1,0.001654012824053419
2543.6001,9.253190737177647,0.991824871827383,10.830215768758464,0.0,-1,0.007685877980583511
2563.1499,10.810470076405181,0.849701403684973,14.070240249201916,-6.956237765436072,-1,0.006183836536443055
2579.0,12.009078906318337,0.6827700778660422,16.5618847619524,-6.656222476402945,-1,0.0018999224505622525
2583.8999,12.01595174574868,0.22988097243212913,17.339854289515102,0.0,-1,0.0057278147655797085
2598.7,12.2514005199846,0.15510991555601628,19.70534744512365,0.0,-1,-0.010697695001346763
2570.8999,9.031499863770478,-1.0215969135527025,10.552158896870075,0.0,-1,0.009840951022636046
2596.2,8.777266213682651,-0.4252768545468424,15.176145076340546,0.0,-1,0.002022186272244042
2601.45,8.356210537498555,-0.28211084357698013,16.09254087674347,0.0,-1,-0.0025178650368063993
2594.8999,6.903490154615156,-0.5782770754867927,13.766357372199437,0.0,-1,-0.0022350765823374585
2589.1001,5.118522450288765,-0.7877482599377279,11.632222177660104,0.0,-1,-0.019485612008589448
2538.6499,-0.4046882727316188,-2.1036529943193707,-3.43143805090682,0.0,-1,-0.002205857530807931
2533.05,-3.5992279448478257,-1.766064222145193,-4.79411384555798,0.0,-1,0.011014389767276533
2560.95,-2.571562118835118,-0.24613279871082838,2.8444838817030558,0.0,-1,0.019738768816259578
2611.5,2.3690676374076247,1.564832319177305,13.178249550596156,0.0,-1,-0.008175416427340654
2590.1499,2.8627852124118363,0.6861832980605054,7.286864563231077,0.0,-1,-0.0027797232893741475
2582.95,2.2710868988792754,0.03149499484264817,5.3527893153780255,0.0,-1,0.011537195841963666
2612.75,4.269313833873184,0.6765739766121857,11.353178089554248,0.0,-1,-0.00348295856855807
2603.6499,4.154309481880773,0.18718987487325833,8.677439961614162,0.0,-1,-0.00894889900520024
2580.3501,1.8089648490608852,-0.7193849193155435,2.2008336222844918,0.0,-1,-0.03267002411804509
2496.05,-6.539462871437536,-3.0226042132713213,-13.842845695641245,20.836742380582564,-1,0.02171430860759993
2550.25,-5.652054825733558,-0.7117320558557809,-2.3490379990512764,0.0,-1,0.0013331634153515015
2553.6499,-4.454021234070751,0.16210051193567487,-1.7003003487399937,0.0,-1,0.0077340280670423756
2573.3999,-1.8380026687332247,0.9260396924244008,2.128770704397077,0.0,-1,0.004935183218123251
2586.1001,0.6815235029966971,1.1485219547181076,4.534692164364152,0.0,-1,-0.007598352438097922
2566.45,0.24698463027834805,0.23799436066658627,0.1975736765492897,0.0,-1,0.021781098404410892
2622.3501,4.667474808062707,1.5528281794836487,10.202051340598416,0.0,-1,-0.014014147081276462
2585.6001,3.426263662949623,0.10387234479018836,2.498467825785653,0.0,-1,0.014580715710832415
2623.3,5.661794451813876,0.7798010445514807,8.544907682504707,0.0,-1,-0.02643616818511052
2553.95,0.5285769752613305,-1.4511388106670216,-3.54202609470822,0.0,-1,-0.0017032048395621002
2549.6001,-2.4445715109532102,-1.4747624322938542,-4.201007619079419,0.0,-1,-0.004687087986857352
2537.6499,-4.723281461481292,-1.2511574609406453,-6.101709364948952,0.0,-1,-0.01560495007605256
2498.05,-8.769021314954898,-1.7656324381380841,-11.920418208645636,2.0647073095856285,-1,0.001901483156862449
2502.8,-9.665306132112164,-0.8873057517651173,-10.84552657650434,0.0,-1,0.009908941984976716
2527.6001,-7.241331363014979,0.512223005777356,-5.27872045847991,0.0,-1,0.0034023973966450516
2536.2,-4.709241364881564,1.0147710013035907,-3.396427979073678,0.0,-1,0.0068803327813264925
2553.6499,-1.5966012520748336,1.3758037047034404,0.41050997792433463,0.0,-1,-0.002956474182306601
2546.1001,-0.5363810913322595,0.8120079551486716,-1.2600001472110947,0.0,-1,-0.032814931353248755
2462.55,-6.924080920015967,-1.8585639578450124,-15.370519883754582,6.553249983870046,-1,-0.010091165661611057
2437.7,-11.61175742435671,-2.182080154061918,-18.39436102465101,11.35469713485736,-1,0.008614677770029111
2458.7,-11.237949224497243,-0.6027573180674839,-13.211611126106469,0.0,-1,0.017305893358278812
2501.25,-6.568716022526132,1.355491961301209,-3.9993498556824534,0.0,-1,-0.0004398200899550231
2500.1499,-3.7783814196632193,1.3819421880547074,-4.191132381452469,0.0,-1,0.02499850108987456
2562.6499,3.1399843334065736,2.7667693137081666,7.099386683376437,0.0,-1,-0.031178624906976093
2482.75,-0.3208231511757731,-0.2313460569580601,-5.939923998878967,0.0,-1,0.010895176719363686
2509.8,0.2296750357977544,0.10638404333848915,-1.5147222381484227,0.0,-1,-0.0009562913379553839
2507.3999,0.28577620963460504,0.054161739058446595,-1.8899256600620333,0.0,-1,0.001954255481943834
2512.3,0.6983537790838454,0.15557976950256236,-0.9947354127271311,0.0,-1,-0.0223699000915496
2456.1001,-3.836878584448641,-1.4598841980099748,-9.826709548931184,0.0,-1,0.0005292129583804872
2457.3999,-5.676438217510622,-1.0998146103573188,-9.55090470186127,0.0,-1,0.02085537644890434
2508.6499,-1.8523481825823183,0.9080918081903286,0.4554806547289587,0.0,-1,0.012098180778433942
2539.0,2.743234183430559,1.8345580580677354,5.387954018469685,0.0,-1,-0.010063016935801583
2513.45,2.6832558511509887,0.5915265752627219,0.6694573668788095,0.0,-1,0.007857725437148133
2533.2,4.075495364081689,0.6612553627311408,4.032792439187119,0.0,-1,-0.006691141639033615
2516.25,3.019490506873808,-0.1315831648255803,0.7342963187505802,0.0,-1,-0.01148530551415794
2487.3501,-0.16846113063638768,-1.106511600778592,-4.524867143657097,0.0,-1,-0.008985506302470303
2465.0,-3.6109068551718337,-1.5163191084380125,-8.244258283151211,0.0,-1,0.001359066937119735
2468.3501,-4.7520458128419705,-0.8858193553693834,-7.461530311098343,0.0,-1,-0.009257236240515554
2445.5,-6.830786473940407,-0.9881866721559396,-11.39346573377123,0.0,-1,0.024085013289715684
2504.3999,-2.392599598327706,1.1500000678189206,1.4573790620401752,0.0,-1,-0.017409320292657626
2460.8,-3.6074478606606135,-0.02161606483799572,-6.100464217407378,0.0,-1,0.0033931648244471813
2469.1499,-3.218426336772154,0.12246848635015439,-4.400247176294002,0.0,-1,0.0020249884383285455
2474.1499,-2.3390467134299797,0.33394936989744295,-3.3249837789463683,0.0,-1,-0.0025867066502316405
2467.75,-2.237761342306385,0.14507824700701244,-4.601185071293287,0.0,-1,-0.003181075878837092
2459.8999,-2.6548135448861103,-0.09065798519090418,-6.232167324878176,0.0,-1,-0.0033334283236484685
2451.7,-3.3254301841020606,-0.253758208135618,-7.984068380581149,0.0,-1,0.009993066035811848
2476.2,-1.3419526550346745,0.5765731069772562,-1.1827491320803318,0.0,-1,-0.028834504482674883
2404.8,-6.188384502581357,-1.4232862468564758,-14.620482077023397,7.767502046638128,-1,-0.020750207917498487
2354.8999,-12.254243384473284,-2.496381709582801,-20.85115238993672,32.818382085702524,-1,6.373943962545425e-05
2355.05,-14.253477543379631,-1.4985386228297166,-20.809473994012883,12.63789538267747,-1,0.030869832912252315
2427.75,-8.00697149421785,1.5826558087773552,-3.7831313002374216,0.0,-1,0.033817361754711284
2509.8501,2.6252041548809757,4.071610485958727,8.682864412764054,0.0,-1,-0.015319719691626266
2471.3999,4.51834163319063,1.9882493214227943,2.366763883768627,0.0,-1,0.012563770031713606
2502.45,7.675890236246232,1.7152659748261323,6.561762443787913,0.0,-1,0.018282083558113005
2548.2,12.427507018086544,2.1556275855554823,12.035511321358094,0.0,-1,-0.0024527117180754843
2541.95,13.246856490833125,0.9916590194340209,10.871195197589309,0.0,-1,-0.0018293042742775212
2537.3,12.165126519636942,-0.03002365058738654,9.941187982923736,0.0,-1,0.005695030150159486
2551.75,11.814667657402424,-0.12682750427396883,11.94851655254763,0.0,-1,-0.003624963260507541
2542.5,9.88404925483519,-0.6858153022804014,9.816584364287053,0.0,-1,0.003087551622418916
2550.3501,8.749244282314976,-0.6068734249335392,11.079605607217083,0.0,-1,-0.00952814282243053
2526.05,5.427729772528892,-1.3094626449065414,5.1206704551083035,0.0,-1,0.0054234872627223485
2539.75,4.456328369924904,-0.760288015836843,7.705468691318487,0.0,-1,-0.016281169406437646
2498.3999,0.15342530446241653,-1.6877303604331104,-1.6360148875989466,0.0,-1,0.012668148121523837
2530.05,0.6266966630259958,-0.40481966728984387,4.612681454944145,0.0,-1,-0.005770636943934093
2515.45,-0.4055590462780856,-0.4790251255313085,1.4231240681382786,0.0,-1,0.007473811842811484
2534.25,0.6787763529264339,0.2017700912244037,5.169194558855807,0.0,-1,-0.0001972970306797217
2533.75,1.1227126897847484,0.21523547602757276,5.043758012870988,0.0,-1,0.00706458806117416
2551.6499,2.7427798007320234,0.6117675289916158,8.772422850893626,0.0,-1,0.0064468875608680865
2568.1001,4.695098372811572,0.8546953670237216,11.991436863958391,0.0,-1,-0.009209181526841692
2544.45,3.3091577944501296,-0.17708173711257347,5.116960775060029,0.0,-1,0.0027707363084361614
2551.5,2.9279243557321024,-0.1861050586102002,6.707110795301176,0.0,-1,-0.002488771310993565
2545.1499,1.96413894006173,-0.3832968247601909,4.765285578218602,0.0,-1,0.01139422082762187
2574.1499,3.7352346538882557,0.46259962968877844,11.461670705550567,0.0,-1,0.011362974627079803
2603.3999,6.747012956310755,1.1581259773704256,16.945506480235196,-15.633479395424729,-1,0.011408235822702562
2633.1001,10.165667694496278,1.5255935718519833,21.517999406475866,-25.649861034619335,-1,-0.006323382844427461
2616.45,9.640347755714629,0.3334245443567774,15.844427973148683,0.0,-1,-0.008886086109040847
2593.2,6.636825473347471,-0.8900325793367934,8.628183912919262,0.0,-1,0.006092858244639787
2609.0,5.898662209384838,-0.5427319477664758,11.79016297343356,0.0,-1,-0.002299731697968599
2603.0,4.5380253932880805,-0.6344562546210781,9.859789920083564,0.0,-1,0.0016519400691510366
2607.3,3.8378715357989677,-0.44487003737006336,10.834116453899213,0.0,-1,0.007574885897288386
2627.05,4.813805312404838,0.17702124641193606,15.151008941670227,0.0,-1,-0.011115091071734473
2597.8501,2.467296758007251,-0.7231624359952171,5.162921844814619,0.0,-1,-0.0040610888210985685
2587.3,0.20925941764153322,-0.9937332587869783,1.964743588028952,0.0,-1,-0.0022223940014687305
2581.55,-1.4163642040116429,-0.8731189601467182,0.20217236869826394,0.0,-1,-0.015552710580852724
2541.3999,-5.456987331170694,-1.6379140291019234,-10.256570825169092,0.0,-1,-0.02390414826096432
2480.6499,-12.085049950485882,-2.7553255494723707,-20.56580303734069,21.152706848728485,-1,-0.0015117006232923114
2476.8999,-14.704493764269955,-1.791589787752148,-21.08031679604142,11.596578623879395,-1,-0.002664580833484531
2470.3,-15.33883285747288,-0.8086429603183571,-22.036199438093146,2.640875446144946,-1,-0.005120876006962871
2457.6499,-15.431941332617953,-0.30058381182114324,-23.87518516679593,0.0,-1,-0.0005288792354027905
2456.3501,-14.300817125806134,0.27684679833022585,-24.069867687269547,0.0,-1,0.01125649800490569
2484.0,-10.239361928582639,1.4461006651845736,-12.977295394718062,0.0,-1,0.004468639291465459
2495.1001,-6.430345835922708,1.7517055859481676,-9.033792190634777,0.0,-1,0.006332331115693535
2510.8999,-2.6733256365987472,1.8362419284240428,-3.7142985965658966,0.0,-1,-0.0009557927817034351
2508.5,-0.7720300672203848,1.2458458326008017,-4.407661375891195,0.0,-1,0.005700617899143001
2522.8,1.4346202230703966,1.150832040963861,0.5014875262722072,0.0,-1,-0.013358133819565632
2489.1001,-0.38993131704000916,-0.22457316638218155,-9.149892478739083,0.0,-1,0.006267285112398602
2504.7,0.03027885599158253,0.06521233554980338,-3.856056428111863,0.0,-1,-0.012616241466043676
2473.1001,-2.3954642954922747,-0.7868436053113512,-11.592686661686322,0.0,-1,0.00469042882655657
2484.7,-2.4420555132765003,-0.27781160769852553,-7.650253137698485,0.0,-1,-0.0040648368012233815
2474.6001,-3.1035048293956606,-0.3130869746058953,-10.119776469864675,0.0,-1,0.020548734318728723
2525.45,1.0618875816612672,1.2841018121503442,4.667867462443667,0.0,-1,-0.008830149082341698
2503.1499,1.1977514887180405,0.4733219064023726,-1.1830800254517868,0.0,-1,0.00613231353024446
2518.5,2.4450458181863723,0.573538745290235,2.689607921169582,0.0,-1,0.01320230295811009
2551.75,5.635772498071674,1.2547551417251785,9.97787334295979,-2.220455537831185,-1,-0.00029391594004113397
2551.0,6.698988129841837,0.7726569244984471,9.747192124142778,0.0,-1,-0.008545668365346981
2529.2,4.855680268240121,-0.35688364570108977,3.1457011147319136,0.0,-1,-0.0038154357108965975
2519.55,2.72521964841917,-0.8291147551740137,0.40640745611134577,0.0,-1,0.0007541029152029477
2521.45,1.5912210344736195,-0.6543711230398546,0.959388326729723,0.0,-1,-0.011481488825873964
2492.5,-1.5208800253717527,-1.255490727628409,-7.1327393696101,0.0,-1,0.004834503510531718
2504.55,-1.946023886513558,-0.5602115295900716,-3.2239556650935057,0.0,-1,-0.0015172386257013004
2500.75,-2.313093826541717,-0.3090938232060769,-4.319035782222883,0.0,-1,0.0036588623412976418
2509.8999,-1.5413793110105871,0.15420689744168437,-1.117334274350398,0.0,-1,0.008307144041880044
2530.75,0.7104345560055663,0.802006921485946,5.520653808449403,0.0,-1,0.0015805591227897597
2534.75,2.110471943180073,0.7340147695534842,6.718711661305555,0.0,-1,-0.011776348752342458
2504.8999,0.14710964150253858,-0.40978251070801686,-3.636108599507324,0.0,-1,-0.0006786299125166595
2503.2,-0.9884889794616356,-0.5151270438907304,-4.165580620522235,0.0,-1,0.005413071268776104
2516.75,-0.3447475416551242,0.04287146463859365,0.8096837440977538,0.0,-1,0.007450084434290183
2535.5,1.5683521390528767,0.6519903817821983,6.8969245875640794,0.0,-1,-0.003411555906132957
2526.85,1.6733726344855313,0.2523369590716176,3.5030797873411643,0.0,-1,0.0003957496487720924
2527.85,1.6697684959949584,0.08291094019368161,3.856632242239364,0.0,-1,0.0014043554799534341
2531.4,1.8246523854168117,0.0792649432051784,5.200296163113627,0.0,-1,0.007189697400647788
2549.6,3.266706631342913,0.5071063963770932,11.574191241944895,0.0,-1,-0.001078600564794474
2546.85,3.48634153502735,0.24224710002050998,10.137724566221593,0.0,-1,0.019749887115456444
2597.15,7.49729719228435,1.417734252425837,22.958622281328672,-23.42575168111034,-1,0.014265637333230607
2634.2,11.965500254888866,1.9619791050101174,28.593451077213984,-36.65348076925284,-1,0.02480829094222159
2699.55,18.648310098283673,2.881596316134976,34.8006107593566,-59.51582850968725,-1,0.009483061991813369
2725.15,22.569022511790536,2.2674362432139468,36.50396271534892,-45.61190208210883,-1,-0.010549877988367595
2696.4,20.252793509228013,-0.01626425311619073,25.89127296326491,0.0,-1,0.00035232161400378104
2697.35,17.486112882178077,-0.9276482933887102,25.999380299841874,0.0,-1,0.02155819600719222
2755.5,19.49142982847161,0.35922288430160876,31.608370703783635,-2.7265035536966025,-1,-0.0035565233170024024
2745.7,18.053135815912356,-0.35969037608588295,28.186769740235334,0.0,-1,-0.02030447608988606
2689.95,11.18372749163973,-2.40969956678617,11.806975829417766,0.0,-1,0.006356995483187466
2707.05,8.242046038533772,-1.7837936732973763,14.352148502282589,0.0,-1,-0.011894867106259643
2674.85,3.4010348087695093,-2.2082683010205466,6.477583662299267,0.0,-1,-0.02867450511243619
2598.15,-5.694557040176733,-3.767953383322264,-7.338780245666975,0.0,-1,-0.009352808729288231
2573.85,-11.792806544635368,-3.288734295926968,-10.721320223428052,0.0,-1,0.003069331934650421
2581.75,-13.200864084811656,-1.5655972787010857,-9.030624872518594,0.0,-1,-0.025467221845647314
2516.0,-18.283987514498676,-2.2162402361293694,-17.41956642869959,0.0,-1,-0.0014109697933227805
2512.45,-19.59771693646735,-1.1766565526993489,-17.81492615290366,0.0,-1,-0.00025871161615143023
2511.8,-18.675605236079264,-0.084848284103753,-17.894187550185578,0.0,-1,-0.0038816784775858038
2502.05,-17.470748949545396,0.37333600081003837,-19.160002716791464,0.0,-1,-0.0071141663835655455
2484.25,-16.895758393816322,0.31610885217970264,-21.443811543670193,0.0,-1,-0.008855791486364062
2462.25,-17.033616583133607,0.05941688762080588,-24.07980236515107,0.0,-1,-0.033932378921717965
2378.7,-22.64557762919776,-1.8508480528144489,-31.345875793816308,8.859962699446896,-1,-0.011960314457476695
2350.25,-25.935260016463417,-1.7135101466933698,-33.13462994876349,0.0,-1,0.0018721412615678723
2354.65,-25.052162875390877,-0.27680433520694336,-31.786947149620044,0.0,-1,-0.0018686428980952963
2350.25,-22.88960073190583,0.6285859360927013,-32.109197231194514,0.0,-1,-0.009828741623231552
2327.15,-21.82585293250395,0.5641112451648596,-33.782976652676254,0.0,-1,-0.02943514599402708
2258.65,-25.18349128842783,-0.9311757035863408,-37.60404273516991,0.0,-1,0.0009076218094878907
2260.7,-24.592852859020695,-0.11351242472640166,-36.92300851266653,0.0,-1,0.005020568850356177
2272.05,-21.302295906065865,1.0590148427428083,-32.955747627066714,0.0,-1,-0.002046609889747142
2267.4,-18.269326104082666,1.363994881575337,-33.3026585084714,0.0,-1,0.003925200670371387
2276.3,-14.488730694417427,1.7148634304135264,-29.84652484867672,0.0,-1,-0.005864780564952099
2262.95,-12.503538765050052,1.2333517865936336,-31.149969164934888,0.0,-1,0.008550785479131351
2282.3,-8.85648123661258,1.626803105010369,-23.49477521123729,0.0,-1,-0.015817377207203442
2246.2,-9.303245702675667,0.39334621298242745,-27.830047044227737,0.0,-1,0.007234440388211194
2262.45,-7.397190793817572,0.7664670406135077,-21.944509276596662,0.0,-1,0.005812283144378982
2275.6,-4.731897439903605,1.1439201315091578,-17.364169498424417,0.0,-1,-0.005602917911759486
2262.85,-4.0674259762881775,0.6027971983748621,-19.458893149326624,0.0,-1,0.014494995249353826
2295.65,-0.6629047464566611,1.3357728094021264,-8.691125937421418,0.0,-1,-0.00723106745366231
2279.05,-0.2887354026693174,0.5699807177298234,-12.003456176012293,0.0,-1,-0.010026107369298765
2256.2,-1.981756113886604,-0.3743466644958211,-16.154240284840135,0.0,-1,-0.009285524332949158
2235.25,-4.4089534600047955,-0.9338480035380043,-19.543615930209924,0.0,-1,-0.023464936807963244
2182.8,-9.62597267806359,-2.050289073865599,-26.1793383871825,11.825639307706751,-1,0.013927066153563983
2213.2,-8.898984563920749,-0.44110031990758536,-16.805685278953213,0.0,-1,0.00042924272546551734
2214.15,-7.714741793189205,0.2477141502746525,-16.52147416412786,0.0,-1,-0.0013323397240476709
2211.2,-6.725558591724621,0.41229911724641255,-17.005781868026546,0.0,-1,0.016325976845152024
2247.3,-2.662170441682065,1.4918957557629895,-5.99227046357889,0.0,-1,0.004294041738975407
2256.95,0.395537836812764,1.5165346780859397,-3.386005558731533,0.0,-1,0.003677529409158442
2265.25,2.583097156325948,1.2346979991997082,-1.1123503847855645,0.0,-1,0.0038406356914246764
2273.95,4.1866187197219915,0.9460731875319173,1.3030947920391611,0.0,-1,-0.016579080454715234
2236.25,1.49782794144312,-0.5809058635823181,-8.206458107240792,0.0,-1,-0.0007154835103408974
2234.65,-0.1047197761499774,-0.7278178603918052,-8.568602892482183,0.0,-1,0.007696954780390675
2251.85,0.536066346399366,-0.029010579280820625,-3.0753237926801518,0.0,-1,0.004374181228767426
2261.7,1.6326205454743103,0.3558478732647079,-0.08615936212301989,0.0,-1,-0.0017243666268734748
2257.8,1.719845932888802,0.14769108689306654,-1.2929579042467196,0.0,-1,0.003410399503941841
2265.5,2.261804798855337,0.22988331761986736,1.290554681129727,0.0,-1,0.0010152284263960087
2267.8,2.535967165267266,0.16801522801059887,2.091422267639196,0.0,-1,-0.0171752359114562
2228.85,-0.7841155819655796,-1.0506891730740824,-10.216562608112042,0.0,-1,-0.006460730870179732
2214.45,-3.578813990418439,-1.2817958605089808,-13.736263880146893,0.0,-1,0.012012012012012185
2241.05,-2.461262028776673,-0.05474796628907175,-3.9413247057604153,0.0,-1,-0.007585729903393457
2224.05,-3.1140475455572414,-0.23584449435654653,-8.473109982977796,0.0,-1,0.013241608776781044
2253.5,-0.7267696751509902,0.717144458683235,0.8376365262122789,0.0,-1,-0.006545373862880011
2238.75,-0.7017332670188807,0.24739362227178152,-3.3004994517418,0.0,-1,-0.015991066443327817
2202.95,-3.6140706240348663,-0.8883145782480679,-11.706556358372453,0.0,-1,-0.00676365782246513
2188.05,-6.010733417206666,-1.0949924571399556,-14.649214994071542,5.762368699414765,-1,-0.01263682274171074
2160.4,-9.012337029025275,-1.365532022986189,-19.484310013546573,19.920862053726978,-1,0.0014349194593592518
2163.5,-9.503777415849072,-0.6189908032699947,-18.320239259112657,3.8791959136324294,-1,-0.005500346660503808
2151.6,-9.94918282460685,-0.35479873734259115,-20.43296517671436,1.9665048544038655,-1,0.00701803309165272
2166.7,-8.084453626935101,0.5033101534430529,-14.379598172031564,0.0,-1,-0.007753726865740385
2149.9,-7.878384559187907,0.23645974039674833,-17.8006379592619,0.0,-1,0.0073026652402437
2165.6,-5.8104846453820755,0.768119884734193,-11.652316433620037,0.0,-1,-0.002632065016623497
2159.9,-4.767327634697267,0.6037589651396669,-13.00560800929852,0.0,-1,0.004699291633871949
2170.05,-3.0026384931302346,0.7894827022355666,-8.893466616373495,0.0,-1,-0.000368655100112969
2169.25,-1.9367407145855395,0.6184601602600872,-9.127084392849078,0.0,-1,0.014267604010602675
2200.2,1.3367699009017997,1.297323591915809,2.4816428506268764,0.0,-1,0.014771384419598244
2232.7,5.5704610502375544,1.8436715804171877,11.338125033598345,0.0,-1,-0.02136426747883724
2185.0,3.248101537385537,-0.15956264414494337,-2.959509357176138,0.0,-1,0.012654462242563058
2212.65,4.12041331951059,0.23758304599336988,3.9534642705208327,0.0,-1,0.003276614014869006
2219.9,4.817368100614203,0.31151260903232814,5.640438892226584,0.0,-1,0.0162845173206001
2256.05,7.776898149448243,1.0903475526221227,13.125072537750448,0.0,-1,-0.00361250858801887
2247.9,7.929421661411197,0.4142903548616923,10.565228734178568,0.0,-1,-0.004181680679745559
